chargeback_id,transaction_id,customer_id,merchant_id,chargeback_date,chargeback_amount,chargeback_reason,chargeback_status
CB000001,TXN006493,CUST08462,MER08967,2024-09-23,851.3,Service Not Received,Open
CB000002,,CUST04955,MER06427,2024-09-13,22939.34,Unauthorized Transaction,Won
CB000003,,CUST01569,MER06791,2024-11-09,969.87,Fraud Suspected,Under Review
CB000004,TXN009371,CUST09406,MER09553,2024-09-29,65364.86,Service Not Received,Open
CB000005,UNKNOWN,CUST02304,MER09371,2024-06-16,315.71,Service Not Received,Won
CB000006,TXN002178,CUST03817,MER08954,2024-12-26,1694.74,Fraud Suspected,Won
CB000007,,CUST09797,MER01674,2024-02-03,,Unauthorized Transaction,Open
CB000008,TXN004837,CUST09873,MER06154,2024-12-19,422.02,Fraud Suspected,Open
CB000009,TXN002647,CUST05813,MER01336,2024-10-09,242.7,Duplicate Charge,Under Review
CB000010,TXN008660,CUST08627,MER04222,2024-05-11,6624.88,Product Not Received,Open
CB000011,TXN002543,CUST05646,MER01793,2024-05-03,14531.94,Fraud Suspected,Lost
CB000012,TXN004266,CUST09576,MER09939,2024-10-21,5314.9,Fraud Suspected,Open
CB000013,TXN000540,CUST05513,MER03270,2024-08-24,2166.44,Duplicate Charge,Won
CB000014,TXN006203,CUST08644,MER03774,2024-09-11,587.52,Duplicate Charge,Lost
CB000015,TXN006028,CUST03878,,2024-03-04,1437.84,Service Not Received,
CB000016,TXN005687,CUST00895,MER02982,2024-07-29,1839.87,Unauthorized Transaction,Under Review
CB000017,TXN000526,CUST04899,MER00935,2024-11-04,4665.66,Service Not Received,Under Review
CB000018,TXN000481,CUST05872,MER06014,2024-11-16,11198.11,Service Not Received,Lost
CB000019,TXN004668,CUST06274,MER07526,2024-07-02,596.98,Product Not Received,Under Review
CB000020,TXN000734,CUST02277,MER09879,2024-10-10,1826.87,Unauthorized Transaction,Lost
CB000021,TXN003409,CUST01969,MER00753,2024-11-17,15012.05,Unauthorized Transaction,Lost
CB000022,TXN002809,CUST02090,MER01578,2024-09-12,6620.75,Fraud Suspected,Won
CB000023,TXN005044,CUST09840,MER07267,2025-02-10,7493.3,Duplicate Charge,Under Review
CB006160,,CUST07388,MER08478,2024-11-17,30226.42,Service Not Received,Lost
CB000025,TXN000458,CUST05621,MER03157,2024-02-21,810.18,Product Not Received,Won
CB000026,TXN004855,CUST09054,MER06428,2024-09-08,52566.4,Duplicate Charge,Won
CB000027,TXN009680,,MER08513,2024-11-11,1840.33,Fraud Suspected,Open
CB000028,TXN000178,CUST01165,MER01124,2025-01-11,752.2,Service Not Received,Won
CB000029,TXN001521,CUST02212,MER07772,2024-03-31,171.23,Unauthorized Transaction,Under Review
,TXN002334,CUST04624,MER02019,2024-01-24,9456.55,Duplicate Charge,Open
CB000031,TXN004498,CUST01360,MER04260,2024-12-11,5249.49,Product Not Received,Open
CB003005,TXN004169,CUST06353,MER03085,2024-06-12,5437.6,Unauthorized Transaction,Lost
CB000033,TXN003611,CUST03487,MER05123,2024-05-30,60935.08,Service Not Received,Under Review
CB000034,TXN002585,CUST05488,MER03059,2024-02-26,9240.56,Unauthorized Transaction,Won
CB000035,TXN001608,CUST07352,MER08297,2024-02-27,16033.89,Duplicate Charge,Under Review
CB000036,TXN000770,CUST07503,MER03547,2024-11-17,464.3,Fraud Suspected,Won
CB000037,TXN000823,CUST01782,MER07713,2024-07-03,2154.88,Duplicate Charge,Under Review
CB000038,TXN003845,CUST05545,MER02146,2024-10-04,40103.69,Unauthorized Transaction,Open
CB000039,TXN005373,CUST04853,MER08744,2024-11-28,944.24,Fraud Suspected,Open
CB000040,TXN000524,CUST04453,MER08799,2024-04-19,8355.44,Service Not Received,Won
CB000041,TXN009455,CUST00268,MER03567,2024-02-28,7278.98,Fraud Suspected,Lost
CB000042,TXN009326,CUST05040,MER02510,2024-10-28,8347.62,Product Not Received,Lost
CB000043,TXN007075,CUST05515,MER01527,2024-04-09,17372.07,Fraud Suspected,Lost
CB000044,TXN004419,CUST05761,MER08663,2024-05-06,5122.09,Product Not Received,Lost
CB000045,TXN002395,CUST00646,MER08308,2024-11-16,717.45,Unauthorized Transaction,Under Review
CB000046,TXN005751,CUST07097,MER03888,2025-02-07,43108.34,Duplicate Charge,Under Review
CB000047,TXN008532,CUST04449,MER04055,2024-06-07,5912.87,Fraud Suspected,Won
CB000048,TXN003242,CUST03052,MER06096,2024-04-08,34797.13,Service Not Received,Under Review
CB000049,TXN005185,CUST02754,,2024-03-28,16870.19,Fraud Suspected,Open
CB000050,TXN000019,CUST02792,MER03034,2024-06-30,9974.29,Product Not Received,Open
CB000051,TXN006212,CUST02310,MER09723,2025-01-11,47101.38,Product Not Received,Open
CB000052,TXN008747,CUST07654,MER03826,2024-03-01,82470.08,Fraud Suspected,Under Review
CB000053,TXN003323,CUST03207,MER09925,2024-02-10,69765.01,Service Not Received,Open
CB000054,TXN009359,CUST03120,MER06642,2024-03-26,4699.39,Product Not Received,Won
CB000055,TXN006339,CUST09947,MER00711,2024-07-07,9127.47,Product Not Received,Under Review
CB000056,TXN002260,CUST07085,MER07812,2024-01-18,37149.74,Duplicate Charge,Open
CB000057,TXN006398,CUST06510,MER06559,2024-03-22,17541.92,Service Not Received,Open
CB000058,TXN007108,CUST09949,MER03580,2024-05-21,10233.02,Duplicate Charge,Lost
CB000059,UNKNOWN,CUST04613,MER07460,2024-04-10,3599.05,Unauthorized Transaction,Open
CB000060,TXN002198,CUST03496,MER01350,2024-11-15,63872.89,Unauthorized Transaction,Open
CB000061,,CUST04080,MER00284,2024-06-23,1676.03,Fraud Suspected,Open
CB000062,TXN005073,CUST00413,MER08915,2024-10-24,17169.46,Service Not Received,Under Review
CB003608,TXN004743,CUST00364,MER03076,2024-04-20,60932.56,Unauthorized Transaction,Under Review
CB000064,TXN006482,CUST07641,MER04443,2024-12-09,1884.56,Fraud Suspected,Won
CB000065,TXN006705,CUST08100,MER02752,2024-11-09,49246.9,Unauthorized Transaction,Open
CB000066,TXN002218,CUST02232,MER06602,2024-07-16,28969.0,Service Not Received,Won
CB000067,TXN003414,CUST06747,MER01652,2024-04-22,38785.36,Service Not Received,Open
CB000068,TXN001896,CUST05688,MER07251,2024-08-26,533.25,Product Not Received,Under Review
CB000069,,CUST01369,MER07294,2024-05-12,42810.62,Service Not Received,Open
CB000070,TXN004937,CUST01319,MER03762,2024-07-29,648.9,,Lost
CB000071,TXN004632,CUST02628,MER08910,2024-07-30,356.64,Duplicate Charge,Under Review
CB000072,TXN002397,CUST00999,MER04653,2024-05-14,2246.5,Fraud Suspected,Lost
,TXN003609,CUST04310,MER08882,2024-12-04,8873.25,Service Not Received,Open
CB000074,TXN001506,CUST00533,MER06743,2024-02-06,59691.17,Unauthorized Transaction,Won
CB000075,TXN009330,CUST01305,MER05141,2024-09-17,88736.13,Product Not Received,Lost
CB005383,TXN009454,CUST02360,MER03007,2024-11-03,663.64,Service Not Received,Lost
CB000077,TXN003638,CUST08955,MER00711,2024-05-28,14723.58,Unauthorized Transaction,Under Review
CB000078,UNKNOWN,CUST03236,MER03907,2024-11-24,44404.76,Product Not Received,Open
CB000079,TXN004548,CUST08734,MER02675,2024-11-23,1790.34,Service Not Received,Under Review
CB000080,,CUST07337,MER01368,2024-12-16,428.12,Product Not Received,Under Review
CB000081,TXN003614,CUST04880,MER06852,2024-05-19,1216.79,Fraud Suspected,Under Review
CB000082,TXN004300,CUST04515,MER07947,2024-10-16,577.78,Duplicate Charge,Won
CB000083,,CUST05610,MER02412,2024-07-30,259.28,Product Not Received,Open
CB000084,TXN007859,CUST01353,MER02191,2024-08-25,16967.58,Duplicate Charge,Lost
CB000085,TXN002905,CUST04863,MER04825,2024-12-28,870.59,Unauthorized Transaction,Open
CB000086,TXN008756,CUST00859,MER04172,2024-07-14,24134.95,Fraud Suspected,Won
CB000087,TXN002601,CUST06425,MER04470,2024-04-25,98339.08,Service Not Received,Won
CB000088,TXN004861,CUST03636,MER08527,2024-10-04,5236.68,Fraud Suspected,Under Review
CB000089,TXN008659,CUST03268,MER00609,2024-11-03,10421.58,Service Not Received,Open
CB000090,TXN004876,CUST01507,MER07378,2024-11-25,1019.43,Service Not Received,Won
CB000091,TXN006357,CUST07794,MER05442,2024-03-26,74250.19,Fraud Suspected,Lost
CB000092,TXN003457,CUST07197,MER07402,2024-07-25,4180.02,Product Not Received,Under Review
CB000093,TXN004524,CUST05565,MER05284,2024-04-26,4382.64,Unauthorized Transaction,Under Review
CB000094,TXN004777,CUST09652,MER07590,2024-10-30,5686.14,Unauthorized Transaction,Under Review
CB000095,TXN008334,CUST00616,MER09157,2024-01-17,8010.7,Duplicate Charge,Won
CB000096,TXN002699,CUST02341,MER09838,2024-05-18,1132.28,Duplicate Charge,Won
CB000097,TXN009940,CUST05560,MER03602,2024-08-31,3871.58,Service Not Received,Under Review
CB000098,TXN001507,CUST04681,MER07298,2024-05-23,1858.69,Product Not Received,Lost
CB000099,TXN006453,CUST01174,MER00295,2024-07-15,941.51,Service Not Received,Lost
CB000100,TXN005182,CUST07155,MER05011,2024-02-26,41581.44,Duplicate Charge,Lost
CB000101,TXN006642,CUST04489,MER00922,2024-09-16,5470.83,Duplicate Charge,Open
CB000102,TXN002890,CUST05700,MER04153,2024-08-15,128.34,Duplicate Charge,Won
CB000103,TXN002160,CUST08433,MER08984,2024-10-15,52461.93,Duplicate Charge,Under Review
CB000104,TXN007257,CUST01022,MER09872,2025-01-06,8014.72,Service Not Received,Lost
CB000105,TXN003184,CUST03604,MER07912,2024-10-11,7940.82,Product Not Received,Under Review
CB000106,TXN001015,CUST06926,,2024-10-22,46500.05,Service Not Received,Lost
CB000107,TXN005674,,MER04464,2024-08-13,99709.56,Duplicate Charge,Won
CB000108,TXN002022,CUST03152,MER00417,2024-12-23,1115.83,Product Not Received,Open
CB000109,TXN007771,CUST07365,,,68685.36,Product Not Received,Lost
CB000110,TXN008348,CUST07414,MER09479,2024-04-18,663.95,,Won
CB000111,TXN001534,CUST07595,MER07484,2025-01-25,11439.2,Unauthorized Transaction,Under Review
CB000112,TXN006675,CUST01468,MER02674,2024-12-18,22015.07,Product Not Received,Open
CB000113,TXN001584,CUST03551,MER05317,2024-05-06,101896.13,,Under Review
CB000114,TXN009589,CUST05636,MER05482,2024-08-22,44127.15,Unauthorized Transaction,Open
CB000115,TXN001244,,MER04393,2024-10-12,45801.25,Service Not Received,Won
CB000116,TXN005026,CUST05925,MER08891,2024-03-29,12610.03,Fraud Suspected,Under Review
CB000117,TXN006986,CUST07006,MER00616,2024-11-30,59482.08,Fraud Suspected,Lost
CB000118,TXN001401,CUST08880,MER04670,2024-06-09,1554.58,Fraud Suspected,Lost
CB000119,TXN006422,CUST02636,MER04019,2024-10-06,558.08,Unauthorized Transaction,Won
CB000120,TXN001464,CUST08992,MER06926,2024-03-14,16072.13,Fraud Suspected,Won
CB000121,TXN005122,CUST00241,MER06185,2024-12-01,16332.42,Duplicate Charge,Open
CB000122,TXN002068,,MER02351,2024-06-12,42702.83,Unauthorized Transaction,Under Review
CB000123,TXN001202,CUST05904,MER05933,2024-10-19,337.71,Unauthorized Transaction,Won
CB000124,TXN006819,CUST08407,MER06214,2024-07-29,2810.88,Unauthorized Transaction,Won
CB000125,TXN005540,CUST06065,MER04538,2024-10-18,1890.92,Unauthorized Transaction,Under Review
CB000126,TXN002620,CUST09818,MER07734,2024-10-16,14966.44,Fraud Suspected,Open
CB000127,TXN008990,CUST02596,MER03816,2024-09-17,21912.35,Duplicate Charge,Won
CB000128,TXN000503,CUST03419,MER04540,2024-07-22,34342.26,Unauthorized Transaction,Won
CB000129,TXN007728,CUST09628,MER02186,2024-02-08,102.28,Service Not Received,Under Review
CB000130,TXN008219,CUST01659,MER01209,2024-03-27,12468.14,Product Not Received,Lost
CB000131,TXN009004,CUST03976,MER04253,2024-08-11,36872.02,Product Not Received,Lost
CB000132,,CUST06848,MER06872,2024-10-02,19477.0,Duplicate Charge,Won
CB000133,TXN003273,CUST06111,MER00513,2024-06-22,2032.06,Unauthorized Transaction,Open
CB000134,,CUST03443,MER02166,2024-12-08,20838.82,Fraud Suspected,Lost
CB000135,TXN001223,CUST01355,UNKNOWN,2024-05-22,7772.97,Product Not Received,Won
CB000136,TXN004417,CUST09013,MER04293,2024-08-03,73203.56,Product Not Received,Lost
CB000137,TXN007380,CUST04534,,2024-01-27,26619.58,Fraud Suspected,Under Review
CB000138,TXN003015,CUST05732,MER02443,2024-04-13,1830.71,Service Not Received,Under Review
CB000139,TXN004426,CUST09484,MER02123,2024-09-06,1922.68,Fraud Suspected,Open
CB000140,TXN002171,CUST09081,MER07854,2024-08-09,73152.33,Unauthorized Transaction,Open
CB000141,TXN009405,CUST01494,MER05147,2024-07-04,1183.4,Fraud Suspected,Won
CB000142,TXN001995,CUST07207,MER03014,2024-04-15,10779.44,Unauthorized Transaction,Open
CB000143,TXN001145,CUST02690,MER01147,2024-09-05,28675.34,Service Not Received,Won
CB000144,TXN009559,CUST03473,MER00759,2024-05-19,263.97,Service Not Received,Lost
CB000145,TXN006817,CUST08144,MER05265,2024-11-16,10647.22,Fraud Suspected,Under Review
CB000146,TXN009505,CUST02741,MER02612,2024-02-10,745.35,Product Not Received,Under Review
,TXN003691,CUST07106,MER05893,2024-12-23,14390.13,Duplicate Charge,Under Review
CB000148,TXN007595,CUST03739,MER05789,2025-02-15,402.26,Fraud Suspected,Won
CB000149,TXN007821,CUST09302,MER04772,2025-01-07,12098.56,Product Not Received,Under Review
CB000150,TXN004627,CUST03432,MER08837,2024-02-27,,Fraud Suspected,Won
CB000151,TXN005405,CUST00560,MER08518,2024-06-16,53267.36,Duplicate Charge,Open
CB000152,TXN001033,CUST06301,MER04742,2024-09-10,907.4,Duplicate Charge,Won
CB000153,TXN003355,CUST07059,MER07476,2024-06-19,4159.28,Service Not Received,Open
CB000154,,CUST09471,,2024-11-17,28500.92,Service Not Received,Won
CB000155,TXN003652,CUST03307,MER02095,2024-04-08,508.17,Duplicate Charge,Under Review
CB000156,TXN007976,CUST08868,MER04550,,6649.26,Service Not Received,Under Review
CB000157,TXN000063,CUST02303,MER08959,2024-05-07,698.81,Service Not Received,Won
CB000158,TXN001285,CUST02692,MER03136,2024-12-23,40693.24,Product Not Received,Open
CB000159,TXN003910,CUST02233,MER01196,2024-09-08,4184.44,Product Not Received,Under Review
CB000160,TXN000889,CUST05179,MER08758,2024-10-19,4801.58,Unauthorized Transaction,Won
CB000161,TXN008370,CUST08470,MER00701,2024-09-17,126.19,Fraud Suspected,Open
CB000162,TXN006534,CUST06568,MER00873,2024-06-15,3331.48,Unauthorized Transaction,Open
CB000163,,CUST04525,MER09013,,1400.84,Service Not Received,Under Review
CB000164,TXN004258,CUST09517,MER08248,2024-02-02,880.57,Product Not Received,Under Review
CB000165,TXN002729,CUST07171,MER08345,2024-09-06,19209.57,Unauthorized Transaction,Lost
CB000166,TXN001224,CUST06912,MER07128,2024-03-28,35492.2,Unauthorized Transaction,Won
CB000167,TXN000894,CUST07303,MER00911,2024-06-04,82189.89,Unauthorized Transaction,Lost
CB000168,TXN005630,CUST03943,MER03235,2024-03-09,31392.26,Unauthorized Transaction,Lost
CB000169,TXN002352,CUST05773,MER02924,2024-06-15,8948.3,Service Not Received,Open
CB000170,TXN001233,CUST02343,MER07487,2024-07-08,35135.55,Unauthorized Transaction,
CB000171,TXN009014,CUST01131,MER09837,2024-11-30,117.91,Service Not Received,Won
CB000172,TXN009717,CUST01485,MER07541,2024-09-27,89160.72,Unauthorized Transaction,Won
CB000173,TXN005963,CUST04903,MER03034,2024-03-05,2792.83,,Won
CB000174,TXN009978,CUST00776,MER08191,2024-03-11,44649.51,Service Not Received,Open
CB000175,TXN007909,CUST04450,MER04181,2024-08-16,1980.88,Duplicate Charge,Won
CB000176,TXN008570,CUST03385,MER00391,2024-09-16,104074.61,Unauthorized Transaction,Open
CB000177,TXN005791,CUST05854,MER09299,2025-01-09,38613.81,Duplicate Charge,Under Review
CB000178,TXN007719,CUST05237,MER05543,2024-09-21,109892.56,Unauthorized Transaction,Under Review
CB008322,TXN007166,CUST00450,MER00705,2024-05-15,7284.87,Unauthorized Transaction,Open
CB000180,TXN003262,CUST08106,MER07523,2024-06-05,448.93,Service Not Received,Lost
CB000181,TXN000437,CUST00968,MER00050,2025-01-14,12255.88,Unauthorized Transaction,Under Review
CB000182,TXN009390,CUST00283,MER01449,2024-04-16,1105.74,Duplicate Charge,Won
CB000183,TXN005521,CUST09131,MER07780,2024-10-31,2658.25,Fraud Suspected,Open
CB000184,TXN002735,CUST05208,MER06124,2024-05-16,34804.21,Unauthorized Transaction,Open
CB000185,TXN003429,CUST08766,MER05030,2024-06-29,18834.71,Service Not Received,Open
CB000186,TXN001021,CUST00710,MER01651,2024-03-06,23350.85,Duplicate Charge,Lost
CB000187,TXN001730,CUST06481,MER08511,2024-06-11,26891.0,Duplicate Charge,
CB000188,TXN000483,CUST04942,MER07525,2024-05-09,66486.26,Service Not Received,Open
CB000189,TXN006126,CUST03652,MER06198,2024-07-02,,Product Not Received,Under Review
CB000190,TXN006717,CUST07483,MER03836,2024-01-10,1261.56,Product Not Received,Won
CB000191,TXN001022,CUST09659,MER01336,2024-06-13,90566.83,Unauthorized Transaction,Won
CB000192,TXN007571,CUST05371,MER05489,2024-12-09,13187.69,Unauthorized Transaction,Under Review
CB000193,TXN001240,CUST02942,MER00797,2024-08-02,5523.24,Product Not Received,Open
CB000194,,CUST00164,MER09804,2024-09-09,1341.14,Service Not Received,Won
CB000195,TXN007735,,MER01780,2025-01-22,N/A,Product Not Received,Open
CB000196,TXN007694,CUST02226,MER04356,2024-09-18,82687.66,Duplicate Charge,Won
CB000197,TXN003875,CUST06278,MER08956,2024-10-25,72067.65,Product Not Received,Open
CB000198,TXN009185,CUST04937,MER09406,2024-08-18,71045.04,Duplicate Charge,Lost
CB000199,TXN002966,CUST01932,MER08381,2024-04-09,14897.56,Service Not Received,Lost
CB000200,TXN000982,CUST09554,MER02787,2024-06-14,14694.39,Duplicate Charge,Won
CB000201,TXN002962,CUST08272,MER01731,2024-04-08,8223.27,Fraud Suspected,Won
CB000202,TXN009277,CUST00812,MER09026,2024-02-11,1699.74,Product Not Received,Under Review
CB000203,TXN006714,CUST03481,MER00982,2024-02-15,979.58,Duplicate Charge,Under Review
CB000204,TXN006746,CUST09413,MER00878,2025-01-14,42771.22,Duplicate Charge,Under Review
CB008291,TXN005723,CUST03846,MER05501,2024-10-14,4748.52,Product Not Received,Under Review
CB000206,TXN009194,CUST05145,MER07194,2024-02-22,7136.72,Duplicate Charge,
CB000207,TXN003489,CUST00034,MER02078,2024-02-02,260.56,Service Not Received,Won
CB000208,TXN001595,CUST04125,MER06253,2024-12-25,705.89,Service Not Received,Open
CB000209,TXN007084,CUST09436,MER07218,2024-01-27,23101.9,Duplicate Charge,Open
CB000210,TXN008003,CUST02061,MER06573,2024-02-29,223.32,Fraud Suspected,Lost
CB000211,TXN000265,CUST08190,MER07221,2024-10-23,3759.69,Duplicate Charge,
CB000212,TXN000858,CUST04269,UNKNOWN,2024-03-30,41805.82,Product Not Received,Lost
CB000213,TXN009194,CUST05145,MER07194,2024-02-11,16414.44,Product Not Received,Won
CB000214,TXN006658,CUST07345,MER00470,2024-11-21,43754.27,Unauthorized Transaction,Open
CB000215,TXN007065,CUST06515,MER04665,2024-08-27,16079.13,Fraud Suspected,Under Review
CB000216,TXN001835,CUST03959,MER05543,2024-12-21,5532.3,Product Not Received,Open
CB000217,TXN006490,CUST06173,MER00281,2024-04-01,8997.25,Product Not Received,Open
CB000218,TXN007816,CUST05110,MER08581,2024-04-21,19385.1,Unauthorized Transaction,Lost
CB000219,TXN005808,CUST00542,MER00038,2024-03-02,85491.18,Product Not Received,Open
CB000220,TXN001748,CUST05729,MER04706,2024-10-02,64696.19,Duplicate Charge,Under Review
CB000221,TXN007986,CUST01808,MER09362,2024-11-12,1597.68,Unauthorized Transaction,Won
CB000222,TXN006367,,MER06504,2024-05-17,7193.92,Service Not Received,Lost
CB000223,TXN002411,CUST05725,MER01075,2024-03-20,35175.27,Fraud Suspected,Won
CB000224,TXN004020,CUST03052,MER05337,2024-09-28,36270.52,Unauthorized Transaction,Won
CB000225,TXN009789,CUST07329,MER04688,2024-07-01,642.73,Duplicate Charge,Under Review
CB000226,TXN004148,CUST05084,MER07742,2024-04-18,31293.58,Service Not Received,Open
CB000227,TXN003361,UNKNOWN,MER09284,2024-01-13,1732.45,Product Not Received,Under Review
CB000228,TXN005940,CUST09762,MER09599,2024-02-24,5955.33,Unauthorized Transaction,Lost
CB000229,TXN004116,CUST01524,MER00086,2024-07-29,7037.73,Unauthorized Transaction,Open
CB000230,TXN003548,CUST04570,MER03980,2024-01-28,1271.95,Product Not Received,Open
CB000231,TXN007354,CUST01543,MER09397,2024-04-12,66680.63,Duplicate Charge,Lost
CB000232,TXN002847,CUST02838,MER03195,2024-04-06,540.64,Product Not Received,Under Review
CB000233,TXN000170,CUST04331,MER03214,2024-02-27,52174.21,Duplicate Charge,Open
CB000234,UNKNOWN,CUST03833,MER02389,2024-09-16,8826.15,Duplicate Charge,Under Review
CB000235,TXN003932,CUST03132,MER07141,2024-09-29,15954.55,Fraud Suspected,Open
CB000236,TXN006810,CUST08067,MER03245,2024-11-19,18293.15,Fraud Suspected,Under Review
CB000237,TXN000561,CUST04081,MER00400,2024-10-29,61258.04,Service Not Received,Lost
CB000238,TXN003688,CUST00291,MER04167,2024-12-23,1152.88,Unauthorized Transaction,Open
CB000239,TXN009496,CUST05938,MER04635,2024-09-27,41470.61,Service Not Received,Under Review
CB000240,TXN009434,CUST00166,MER04913,2024-08-12,41393.84,Unauthorized Transaction,Won
CB000241,TXN002037,CUST08088,MER02949,2024-11-12,747.6,Unauthorized Transaction,Lost
CB000242,TXN008551,CUST09001,MER00951,2024-12-02,37254.09,Service Not Received,Lost
CB000243,TXN005783,CUST03914,MER06530,2024-10-17,1350.04,Duplicate Charge,Open
CB000244,TXN008280,CUST07627,MER07216,2024-09-28,67169.86,Unauthorized Transaction,Lost
CB000245,TXN006041,CUST01956,MER02194,2024-12-06,8449.37,Unauthorized Transaction,Won
CB000246,TXN000568,CUST02772,MER00954,2024-08-13,72547.22,Fraud Suspected,Won
CB000247,TXN006673,CUST05655,MER03680,2024-07-02,19281.22,Unauthorized Transaction,Won
CB000248,TXN005799,CUST08997,MER08752,2024-11-02,24403.45,Service Not Received,Under Review
CB000249,TXN004342,CUST05205,MER02123,2024-10-25,76974.3,Fraud Suspected,Lost
CB000250,TXN001073,CUST06859,MER05961,2024-09-04,311.14,Service Not Received,Lost
CB000251,TXN008576,CUST04288,MER00802,2024-08-05,8713.88,Unauthorized Transaction,
CB000252,TXN007360,CUST05953,MER02738,,1457.49,Duplicate Charge,Open
CB000253,TXN001792,CUST05828,MER01506,2024-11-14,15550.92,Product Not Received,Open
CB000254,TXN005053,CUST01110,MER06699,2024-12-16,4558.54,Duplicate Charge,Lost
CB000255,TXN008268,CUST07827,MER09621,2024-06-07,46763.2,Fraud Suspected,Open
CB000256,TXN006600,CUST05011,,2024-03-11,16873.56,Fraud Suspected,Won
CB000257,TXN002516,CUST06936,MER00575,2024-07-07,1741.09,Unauthorized Transaction,Won
CB000258,TXN009780,CUST04170,MER05310,2024-09-22,2138.69,Product Not Received,Lost
CB000259,TXN000422,CUST01775,MER02952,2024-08-23,55206.88,Product Not Received,Open
CB000260,,CUST09954,MER01612,2024-04-26,170.5,Unauthorized Transaction,Under Review
CB000261,TXN005573,CUST09495,MER08274,2024-04-07,94261.61,Duplicate Charge,Lost
CB000262,TXN007191,CUST03765,MER07273,,603.51,Service Not Received,Open
CB000263,TXN003333,CUST00228,MER03198,2024-09-20,81774.18,Service Not Received,Under Review
CB000264,TXN004186,CUST01265,MER07152,2024-10-25,4377.31,Unauthorized Transaction,Open
CB000265,TXN008031,CUST05377,MER09918,2024-05-22,13906.96,Duplicate Charge,Won
CB000266,TXN001190,CUST04644,MER09695,2024-11-01,84743.4,Unauthorized Transaction,Under Review
CB000267,TXN008597,CUST02135,MER00311,2024-06-05,1880.86,Service Not Received,Open
CB000268,TXN007664,CUST09627,MER09730,2024-06-04,14906.3,Service Not Received,Under Review
CB000269,TXN002137,CUST00571,MER03995,2024-11-18,1066.13,Service Not Received,Open
CB000270,TXN007259,,MER04015,2024-06-10,90656.85,Unauthorized Transaction,Open
CB000271,TXN009936,CUST08238,MER03612,2024-10-29,54741.64,Product Not Received,Open
CB000272,TXN004291,CUST07922,MER03842,2024-12-05,320.15,Fraud Suspected,Lost
CB000273,TXN001890,CUST02429,MER07173,2024-03-25,431.53,Service Not Received,Open
CB000274,TXN007750,CUST04121,MER07140,2024-11-14,14595.26,Product Not Received,Lost
CB000275,TXN007165,CUST01798,MER05518,2024-06-23,1975.73,Duplicate Charge,Won
CB000276,TXN002785,CUST02681,MER01622,2024-06-03,13640.67,Service Not Received,Under Review
CB000277,TXN000074,CUST01294,MER06666,2024-03-08,1766.61,Duplicate Charge,Open
CB000278,TXN003315,CUST02770,MER02852,2024-09-17,373.87,Service Not Received,Open
CB000279,TXN007350,CUST09513,MER02849,2024-07-21,15239.39,Fraud Suspected,Won
CB000280,TXN009540,CUST05364,MER05310,2024-05-23,9023.74,Duplicate Charge,Under Review
CB000281,TXN004155,,MER02075,2024-11-09,807.57,Unauthorized Transaction,Open
CB000282,TXN002342,CUST05328,MER05794,2024-12-03,10870.16,Service Not Received,Open
CB006259,TXN001059,CUST02004,MER01767,2024-01-29,81538.96,Duplicate Charge,Lost
CB000284,TXN002496,CUST01534,MER02574,2024-12-04,7918.43,Service Not Received,Lost
CB000285,TXN005756,CUST04139,MER04872,2024-02-29,9263.65,Fraud Suspected,Under Review
CB000286,TXN003159,CUST04924,MER05197,2024-09-15,2184.97,Fraud Suspected,Open
CB000287,TXN001402,CUST08777,MER03851,2024-06-14,723.15,Fraud Suspected,Open
CB000288,TXN000123,,MER01203,2024-02-20,93183.45,Fraud Suspected,Won
CB000289,TXN009692,CUST00553,MER01925,2024-05-14,27057.45,Service Not Received,Open
CB000290,TXN006307,CUST07208,MER00400,2024-03-16,2989.04,Service Not Received,Open
CB000291,TXN003779,CUST01462,MER07726,2024-08-11,1386.49,Service Not Received,Open
CB000292,TXN007597,CUST06372,MER00276,2024-05-18,29226.3,Fraud Suspected,Won
CB000293,TXN004655,CUST07773,MER04949,2024-05-31,699.82,Duplicate Charge,Under Review
CB000294,TXN002473,CUST09439,MER02154,2024-11-12,52039.36,Duplicate Charge,Lost
CB000295,TXN001002,CUST01811,MER09668,2024-09-26,75639.39,Service Not Received,Under Review
CB000296,TXN007591,CUST09958,MER08296,2024-08-02,68636.62,Product Not Received,Lost
CB000297,TXN000780,CUST08087,MER03343,2024-09-13,95166.0,Product Not Received,Open
CB000298,TXN009545,CUST01729,MER07803,2024-05-21,60095.31,Fraud Suspected,Open
CB000299,TXN002582,CUST07088,,2025-02-13,364.59,Duplicate Charge,Under Review
CB000300,TXN003692,CUST09223,MER04805,2024-03-27,9340.09,Service Not Received,Under Review
CB000301,TXN003708,CUST03428,MER05657,2024-05-09,47.43,Product Not Received,Open
CB000302,TXN009781,CUST06157,MER04797,2024-04-13,148.8,Service Not Received,Lost
CB000303,TXN000830,CUST06496,MER02963,2024-02-19,N/A,Duplicate Charge,Won
CB000304,TXN000296,CUST03915,MER03366,2024-06-11,6196.66,Unauthorized Transaction,Under Review
CB000305,TXN000549,CUST09530,MER09150,2024-06-13,39191.4,Unauthorized Transaction,Open
CB000306,TXN000701,CUST01090,MER05310,2024-09-16,29333.38,Unauthorized Transaction,Under Review
CB000307,TXN005231,CUST09378,MER09124,2024-04-18,1644.28,Product Not Received,Lost
CB000308,TXN007414,CUST06486,MER05765,2024-10-23,7812.74,Fraud Suspected,Lost
CB000309,TXN004322,CUST02009,MER01151,2024-04-19,8518.44,Duplicate Charge,Open
CB000310,TXN004409,CUST00572,MER05690,2024-05-21,95.42,Unauthorized Transaction,Won
CB000311,TXN009190,CUST01119,MER09109,2024-05-13,75.12,Unauthorized Transaction,Lost
CB000312,TXN007962,CUST05696,MER00257,2024-03-14,82777.78,Service Not Received,Under Review
CB000313,TXN005298,CUST00886,MER01248,2024-04-08,10416.2,Duplicate Charge,Lost
CB000314,TXN008040,CUST07736,MER03326,2024-05-29,6496.36,Product Not Received,Won
CB000315,TXN004542,CUST07537,MER04956,2024-09-11,10575.26,Fraud Suspected,Under Review
CB000316,TXN002446,CUST03474,MER07919,2024-06-20,1137.11,Duplicate Charge,Under Review
CB000317,TXN008281,CUST05106,MER02598,2024-04-30,4690.12,Duplicate Charge,Under Review
CB000318,TXN000734,CUST02277,MER09879,2024-10-02,1826.87,Product Not Received,Lost
CB000319,TXN009093,CUST05111,MER08630,2024-10-06,1358.52,Service Not Received,Lost
CB000320,TXN003800,CUST04155,MER03970,2024-07-30,29123.73,Product Not Received,Open
CB000321,TXN008542,CUST05618,MER07060,2024-08-12,433.1,Unauthorized Transaction,Under Review
CB000322,TXN006914,CUST02901,MER01029,2024-12-06,42579.26,Service Not Received,Open
CB000323,TXN004809,CUST05202,MER05361,2025-01-21,91.56,Product Not Received,Under Review
CB000324,,CUST01046,MER08976,2024-07-30,174.25,Product Not Received,Won
CB000325,TXN001619,CUST05469,MER03067,2024-04-20,806.78,Duplicate Charge,Lost
CB000326,TXN007186,CUST03606,MER09109,2024-01-20,12471.31,Unauthorized Transaction,Under Review
CB000327,TXN006389,CUST07697,MER03501,2024-03-14,1304.0,Duplicate Charge,Lost
CB000328,TXN007572,CUST03986,MER02700,2024-09-27,8556.58,Unauthorized Transaction,Won
CB000329,TXN002410,CUST06209,MER02997,2024-10-05,255.07,Service Not Received,Won
CB000330,TXN001700,CUST07120,MER08656,2024-08-01,36901.11,Service Not Received,Won
CB000331,TXN007986,CUST01808,MER09362,2024-11-25,,Service Not Received,Won
CB000332,TXN003101,CUST02229,MER02570,2024-07-28,1190.75,Service Not Received,Lost
CB000333,TXN002096,CUST02205,MER01801,2024-06-13,31294.6,Duplicate Charge,Under Review
CB000334,TXN009310,CUST01753,MER06961,2024-06-21,608.05,Product Not Received,Open
CB000335,TXN005032,CUST01904,MER08885,2025-01-02,91494.94,Service Not Received,Under Review
CB000336,TXN001911,CUST04135,MER01626,2024-02-15,31816.7,Fraud Suspected,Open
CB000337,TXN002976,CUST03542,MER09786,2024-04-13,92102.09,Service Not Received,Open
,TXN001264,,MER06963,2024-03-28,105456.7,Duplicate Charge,Under Review
CB000339,TXN009986,CUST02190,MER02396,2024-03-27,171.84,Fraud Suspected,Under Review
CB000340,TXN009347,CUST03112,MER03251,2024-08-11,64833.77,Fraud Suspected,Open
CB000341,TXN001990,CUST07765,MER08697,2024-05-18,50475.47,Service Not Received,Lost
CB000342,TXN009180,CUST09190,MER07269,2024-08-14,98333.54,Service Not Received,Won
CB000343,TXN008251,CUST06318,MER08577,2024-04-06,84113.4,Duplicate Charge,Open
CB000344,TXN000863,CUST01274,MER00414,2024-02-14,86727.22,Fraud Suspected,Under Review
CB009346,TXN000991,CUST00462,MER08313,2025-01-31,58761.88,Service Not Received,Won
CB000346,TXN006666,CUST06184,MER04939,2024-07-13,27660.75,Fraud Suspected,Open
CB000347,TXN007909,CUST04450,MER04181,2024-08-03,1980.88,Unauthorized Transaction,Under Review
CB000348,TXN008801,CUST08540,MER02554,2024-09-13,99350.43,Duplicate Charge,Open
CB000349,TXN004485,CUST00257,MER02083,2024-03-27,138.26,Product Not Received,Under Review
CB000350,TXN004549,CUST03486,MER02111,2024-09-20,35587.7,Product Not Received,Open
CB000351,TXN002738,CUST04961,MER09611,2024-09-14,11091.58,Unauthorized Transaction,Under Review
CB000352,TXN001936,CUST09408,MER08650,2024-07-07,71475.45,Duplicate Charge,Open
CB000353,TXN000430,CUST04763,MER04843,2024-08-30,891.72,Product Not Received,Open
CB000354,TXN007505,CUST02590,MER08739,2024-06-13,270.88,Fraud Suspected,Won
CB000355,TXN002379,CUST01458,MER04140,2024-12-29,35788.66,Unauthorized Transaction,Won
CB000356,TXN002510,CUST02775,MER01355,2024-03-31,1102.45,Unauthorized Transaction,Lost
CB000357,TXN004731,CUST07664,MER00118,2024-05-04,4311.24,Duplicate Charge,Open
CB000358,TXN006386,CUST02855,MER07703,2024-10-02,,Fraud Suspected,Under Review
CB000359,TXN001498,CUST03891,MER01384,2024-03-03,1675.35,Service Not Received,Lost
CB000360,TXN004807,CUST03988,MER07681,2024-09-10,14292.64,Service Not Received,Under Review
CB000361,TXN000311,CUST06601,MER07214,2024-11-30,7975.03,Unauthorized Transaction,Won
CB000362,TXN005175,CUST02908,MER01591,2024-11-11,88563.21,Fraud Suspected,Under Review
,TXN006788,CUST03756,MER04226,2024-02-02,8171.8,Product Not Received,Lost
CB000364,TXN005116,UNKNOWN,MER00257,2024-10-14,26177.46,,Open
CB000365,TXN002912,CUST02395,MER03278,2024-04-01,18809.29,Product Not Received,Won
CB000366,TXN002634,CUST03022,MER03852,2024-04-13,97872.1,Product Not Received,Lost
CB000367,TXN008143,CUST02610,MER07143,2024-06-15,849.04,Unauthorized Transaction,Won
CB000368,TXN006207,CUST06315,MER07632,2024-02-02,45685.56,Fraud Suspected,Won
CB000369,TXN007086,CUST05259,MER01546,2024-06-21,44924.46,Fraud Suspected,Under Review
CB000370,TXN004325,CUST00315,MER02057,2025-01-15,93.06,Service Not Received,Lost
CB000371,TXN000024,CUST08602,MER09100,2024-07-15,29385.35,Duplicate Charge,Open
CB000372,TXN008628,CUST07904,MER09274,2024-08-09,57324.52,Duplicate Charge,Lost
CB000373,TXN006415,CUST02858,MER06989,2024-06-26,5939.37,Service Not Received,Under Review
CB000374,TXN007952,CUST08541,MER02288,2024-05-28,1994.03,Duplicate Charge,Won
CB000375,TXN006768,CUST09032,MER05455,2024-10-23,N/A,Unauthorized Transaction,Won
CB000376,TXN009078,CUST03838,MER06499,2024-04-16,15047.27,Product Not Received,Lost
CB000377,TXN009238,CUST05746,MER00075,2024-06-06,137.64,Service Not Received,Lost
CB000378,TXN009810,CUST02471,MER01809,2024-11-12,106.78,Fraud Suspected,Lost
CB000379,TXN008134,,MER02390,2024-11-27,635.19,Fraud Suspected,Lost
CB000380,TXN002529,CUST05640,MER03538,2024-09-15,1608.6,Service Not Received,Open
CB000381,TXN002294,CUST01277,MER03345,2024-03-11,243.23,Unauthorized Transaction,Won
CB000382,TXN001482,CUST02961,MER01934,2024-08-29,4588.67,Product Not Received,Won
CB000383,TXN000991,CUST00462,,2025-01-19,67576.16,Product Not Received,Under Review
CB000384,TXN006694,CUST02848,MER01913,2024-04-02,114948.42,Duplicate Charge,Won
CB000385,TXN009310,CUST01753,MER06961,2024-06-23,608.05,Fraud Suspected,Won
CB005613,,CUST04137,MER02706,2024-09-27,1923.26,Service Not Received,Lost
CB000387,TXN006534,CUST06568,MER00873,2024-06-24,2896.94,Fraud Suspected,Open
CB000388,TXN009661,CUST02935,MER07096,2025-01-11,7212.5,Unauthorized Transaction,Lost
CB000389,TXN004373,CUST02400,MER06457,2024-11-14,13875.93,Fraud Suspected,Open
CB000390,TXN009457,CUST09350,MER02758,2024-12-08,536.37,Service Not Received,Open
CB000391,TXN007399,CUST07808,MER01328,2024-11-12,39989.28,Service Not Received,Under Review
CB000392,TXN006867,CUST03488,MER09428,2024-06-23,68523.82,Duplicate Charge,Under Review
CB000393,TXN005505,,MER06519,2024-04-03,45581.23,Service Not Received,Open
CB000394,TXN006741,CUST03470,MER00831,2024-12-03,1307.36,Duplicate Charge,Under Review
CB000395,TXN000560,CUST03809,MER00412,2025-01-08,2007.99,Unauthorized Transaction,Lost
CB000396,TXN001254,CUST06893,MER02075,2024-06-13,56359.42,Fraud Suspected,Won
CB000397,TXN003778,CUST09439,MER01706,2024-09-22,31821.08,Service Not Received,Open
CB000398,TXN009279,,MER03434,2024-04-13,6168.96,Duplicate Charge,Won
CB000399,TXN008622,CUST09608,MER09202,2024-09-29,,Unauthorized Transaction,Under Review
CB000400,TXN005206,CUST01125,MER07624,2025-01-26,1108.63,Product Not Received,Won
CB000401,TXN009243,CUST05384,MER00350,2024-02-23,2481.82,Fraud Suspected,Open
CB000402,TXN001547,CUST09162,MER05408,2024-09-18,20355.2,Unauthorized Transaction,Lost
CB000403,TXN009182,CUST04703,MER09896,2024-09-03,34691.05,Duplicate Charge,Under Review
CB000404,TXN000979,CUST07452,MER04738,2024-12-21,50326.66,Duplicate Charge,Lost
CB000405,TXN002457,CUST06148,MER04272,2024-07-15,19268.25,Product Not Received,Won
CB000406,TXN004175,CUST08513,MER05825,2024-07-26,4051.46,Fraud Suspected,Lost
CB000407,TXN007625,CUST08201,MER02181,2024-06-04,75104.82,Service Not Received,Open
CB000408,TXN000650,CUST06705,MER09178,2024-11-03,201.49,Product Not Received,Open
CB000409,TXN001554,CUST06734,MER06012,2025-01-02,1829.66,Service Not Received,Open
CB000410,TXN002963,CUST03997,MER04155,2024-11-02,4098.67,Fraud Suspected,Open
CB000411,TXN001584,CUST03551,MER05317,2024-04-02,88605.33,Product Not Received,Lost
CB000412,TXN008873,CUST02764,MER02357,2024-07-26,859.71,Duplicate Charge,Lost
CB000413,TXN003523,CUST00568,MER06538,2024-09-22,1114.35,Duplicate Charge,Under Review
CB000414,TXN003564,CUST08015,MER06827,2024-02-19,2067.03,Service Not Received,Won
CB000415,TXN009528,CUST08372,MER09620,2024-05-20,N/A,Fraud Suspected,Open
CB000416,TXN003884,CUST09586,MER05449,2024-08-27,18818.65,Product Not Received,Won
CB000417,TXN005617,CUST03833,MER04718,2024-04-01,9423.86,Product Not Received,Won
CB000418,TXN002004,CUST00968,MER03556,2024-08-29,25491.32,Service Not Received,Under Review
CB000419,TXN007565,CUST07670,MER01630,2024-02-17,5951.55,Service Not Received,Under Review
CB000420,TXN008842,CUST07411,MER09589,2024-01-21,5511.02,Product Not Received,Open
CB000421,TXN005045,CUST05135,MER06258,2024-06-18,799.43,Service Not Received,Under Review
CB000422,TXN002578,CUST09891,MER05042,2024-12-09,66558.21,Unauthorized Transaction,Lost
CB000423,TXN007580,CUST09226,MER07441,2024-04-04,949.49,Duplicate Charge,Under Review
CB000424,TXN001955,CUST02303,MER00454,2024-01-17,1399.38,Duplicate Charge,Under Review
CB000425,TXN000207,CUST01719,MER05319,2024-12-09,20150.59,Unauthorized Transaction,Open
CB000426,TXN005580,CUST06047,MER01105,2024-07-21,15065.69,Unauthorized Transaction,Open
CB000427,TXN002885,CUST05081,MER06756,2024-06-08,1387.26,Duplicate Charge,Open
CB000428,TXN004835,CUST04488,MER06370,2025-01-01,10737.85,Duplicate Charge,Won
CB000429,TXN008120,CUST01662,MER06413,2024-03-07,865.84,Product Not Received,Open
CB000430,TXN006949,CUST03544,MER01817,2024-11-22,2148.72,Service Not Received,Open
CB000431,TXN000344,CUST00633,MER06637,2024-02-22,774.59,Service Not Received,Won
CB000432,TXN001349,CUST00186,MER04010,2024-12-20,72338.2,Product Not Received,Open
CB000433,TXN007342,CUST03641,MER02092,2024-03-18,82041.36,Service Not Received,Open
CB000434,TXN005134,CUST08702,MER06776,2024-07-31,1863.39,Unauthorized Transaction,Open
CB000435,TXN006762,CUST04565,MER07101,2025-01-03,696.93,Unauthorized Transaction,Lost
CB000436,TXN001558,CUST06112,MER02855,2024-11-27,31276.38,Service Not Received,Under Review
CB000437,TXN006525,CUST01180,MER04633,2024-07-01,58065.13,Service Not Received,Won
CB000438,TXN002173,CUST06651,MER07673,2024-04-01,5916.22,Duplicate Charge,Lost
CB000439,TXN001055,CUST06809,MER09005,2024-10-22,660.72,Service Not Received,Open
CB000440,TXN008939,CUST03350,MER06722,2024-03-26,29606.42,Duplicate Charge,Won
CB000441,TXN004141,CUST02592,MER08132,2024-11-05,5007.13,Product Not Received,Under Review
CB000442,TXN000482,CUST01816,MER06470,2024-12-02,407.46,Service Not Received,Under Review
CB000443,TXN003830,CUST02674,MER07411,2024-10-12,1476.78,Fraud Suspected,Open
CB000444,TXN009669,CUST03937,MER00872,2024-04-24,1441.75,Fraud Suspected,Under Review
CB000445,TXN008327,CUST08272,MER08658,2024-07-27,2011.27,Service Not Received,Lost
CB000446,TXN000579,CUST06982,MER09929,2024-09-29,24089.09,Duplicate Charge,Won
CB000447,TXN003094,CUST02207,MER00021,2024-02-27,1432.22,Service Not Received,Open
CB000448,TXN004476,CUST09287,MER05454,2024-08-24,3699.29,Service Not Received,Under Review
CB000449,TXN006212,CUST02310,MER09723,2025-01-08,23550.69,Duplicate Charge,Won
CB000450,TXN007648,CUST07925,MER04269,2024-07-02,1443.64,Fraud Suspected,Won
CB000451,TXN004138,,MER07038,2024-04-03,15771.52,Duplicate Charge,Lost
CB000452,TXN005222,CUST09869,MER00731,2024-12-04,2714.68,Product Not Received,Open
CB000453,TXN005344,CUST04298,MER06552,2025-02-10,62.35,Fraud Suspected,Won
CB000454,TXN003901,CUST05980,MER04177,2024-03-21,1370.65,Unauthorized Transaction,Open
CB000455,TXN009895,CUST07921,MER06701,2024-05-23,39457.04,Product Not Received,Open
CB000456,TXN003371,CUST07605,MER06173,2024-03-01,27125.32,Fraud Suspected,Lost
CB000457,TXN007783,CUST02398,MER03302,2024-09-05,532.09,Fraud Suspected,Won
CB000458,TXN004697,CUST09441,MER03867,2024-04-02,2981.76,Fraud Suspected,Open
CB000459,TXN005771,CUST03728,MER07785,2024-11-18,15932.25,,Open
CB000460,TXN002326,CUST06981,MER06301,2024-02-23,2327.3,,Won
CB000461,TXN004421,CUST03354,MER05654,2025-01-25,38856.66,Service Not Received,Open
CB000462,TXN003961,CUST00662,MER00367,2024-07-04,175.65,Fraud Suspected,Under Review
CB000463,TXN002453,,MER02265,2024-07-26,72809.65,Fraud Suspected,Lost
CB000464,TXN002777,CUST04515,MER09680,2024-11-19,89161.75,Duplicate Charge,Under Review
CB000465,TXN001165,CUST07415,MER08578,2024-02-18,22721.27,Unauthorized Transaction,Open
CB000466,TXN005025,CUST05630,MER00521,2024-10-19,21776.54,Duplicate Charge,Under Review
CB000467,TXN000885,CUST06554,MER08022,2024-04-19,46951.61,Fraud Suspected,Lost
CB000468,TXN003279,CUST06607,MER04717,2024-09-09,251.26,Fraud Suspected,Won
CB000469,TXN008848,CUST09646,MER06415,2024-04-09,98552.34,Unauthorized Transaction,Won
CB000470,TXN008507,CUST08968,MER00523,2024-11-17,36833.36,Fraud Suspected,Open
CB000471,TXN001656,CUST04180,MER02211,2024-12-05,55743.28,Fraud Suspected,Won
CB000472,TXN009338,CUST05313,MER04959,2024-11-22,167.7,Service Not Received,Lost
CB000473,TXN002601,CUST06425,MER04470,2024-04-25,98339.08,Unauthorized Transaction,Open
CB000474,TXN007099,CUST03249,MER09385,2024-11-29,57068.1,Unauthorized Transaction,Open
CB000475,TXN003472,CUST00615,MER00114,2024-08-23,39924.08,Product Not Received,Lost
CB000476,TXN009278,CUST01735,MER04301,2024-12-15,7148.12,Service Not Received,Under Review
CB000477,TXN000051,CUST03628,MER05518,2024-11-04,959.11,Duplicate Charge,Open
CB000478,TXN008354,CUST06911,MER04735,2024-08-21,9960.02,Duplicate Charge,Open
CB000479,TXN000186,CUST05631,MER09402,2024-04-10,536.54,Duplicate Charge,Under Review
CB000480,TXN006904,CUST09101,MER08668,2024-06-30,30.7,Unauthorized Transaction,Open
,TXN008784,CUST00870,MER06550,2024-08-26,57187.48,Unauthorized Transaction,Won
CB000482,TXN004879,CUST02367,MER07823,2025-01-23,213.75,Unauthorized Transaction,Won
CB000483,TXN007464,CUST08645,MER01444,2024-04-02,690.8,Duplicate Charge,Open
CB000484,TXN005640,CUST03740,MER05530,2024-07-12,511.86,Duplicate Charge,Under Review
CB000485,TXN006618,CUST05538,MER07194,2024-12-21,10697.12,Service Not Received,Won
CB000486,TXN003325,CUST04223,MER07662,2025-01-20,77555.2,Duplicate Charge,Lost
CB000487,TXN000740,CUST02190,MER06921,2025-01-11,18003.94,Service Not Received,Under Review
CB000488,TXN006752,CUST00367,MER09351,2024-11-08,15430.1,Service Not Received,Lost
CB000489,TXN004035,CUST05859,MER06828,2024-07-28,15510.1,Duplicate Charge,Lost
CB000490,TXN003911,CUST04673,MER09281,2024-11-17,9494.48,Duplicate Charge,Under Review
CB000491,TXN006390,CUST09975,MER07332,2024-05-12,9317.24,Fraud Suspected,Open
CB000492,TXN007247,CUST01117,MER00335,2025-01-02,1452.25,Unauthorized Transaction,Open
CB000493,TXN007846,CUST08723,MER02343,2024-01-26,N/A,Product Not Received,Lost
CB000494,TXN004136,CUST06574,MER04129,2024-02-29,20058.41,Service Not Received,Lost
CB000495,TXN003274,CUST05966,MER09528,2025-01-11,39786.0,Unauthorized Transaction,Open
CB000496,TXN004723,CUST09211,MER03875,2024-05-17,1622.8,Unauthorized Transaction,Open
CB000497,TXN006483,CUST09433,MER05709,2024-09-06,89015.12,Unauthorized Transaction,Open
CB000498,TXN008219,CUST01659,MER01209,2024-04-11,5420.93,Duplicate Charge,Won
,TXN007606,CUST06932,MER06938,2024-04-17,3048.99,Fraud Suspected,Under Review
CB000500,TXN003155,CUST01655,MER01358,2024-05-08,23345.5,Duplicate Charge,Won
CB000501,TXN005376,CUST03534,MER04111,2025-01-05,14739.61,Duplicate Charge,Won
CB000502,TXN009149,CUST08186,MER02862,2024-06-29,308.12,Service Not Received,Won
CB000503,TXN002098,CUST00078,MER08709,2024-06-23,4221.86,Fraud Suspected,Open
CB000504,TXN000026,CUST04199,MER07681,2024-08-23,18206.12,Duplicate Charge,Lost
CB000505,TXN007328,CUST02771,MER05476,2025-02-04,3122.25,Duplicate Charge,Under Review
CB000506,TXN004132,CUST02770,MER06045,2025-01-06,57814.38,Unauthorized Transaction,
CB000507,TXN003203,CUST03422,MER06780,2024-09-08,830.64,Product Not Received,Lost
CB000508,TXN003488,CUST08192,MER08740,2024-06-16,5708.62,Product Not Received,Open
CB000509,TXN002994,CUST05506,MER07831,2024-09-24,4058.61,Fraud Suspected,Under Review
CB000510,TXN002950,CUST07931,MER03682,2024-02-06,34657.1,Duplicate Charge,Open
CB000511,TXN005932,CUST00193,MER03270,2024-05-16,13946.75,Service Not Received,Won
CB000512,TXN009122,CUST07110,MER00963,2024-06-19,84406.84,Product Not Received,Won
CB000513,TXN007823,CUST09755,MER07033,2024-12-02,1170.57,Unauthorized Transaction,Open
CB000514,TXN006113,CUST02167,MER08721,2024-07-01,1803.68,Product Not Received,Lost
CB000515,TXN006944,CUST03923,MER08827,2024-08-23,39659.18,Fraud Suspected,Won
CB000516,,CUST01355,MER03177,2024-10-02,22344.78,Service Not Received,Won
CB000517,TXN007430,CUST06102,MER09194,2024-11-01,472.83,Unauthorized Transaction,Won
CB000518,TXN003177,CUST08376,MER07414,2024-06-06,42479.16,Service Not Received,Lost
CB000519,TXN007179,CUST03158,MER03426,2024-11-23,8737.84,Product Not Received,Won
CB000520,TXN007043,CUST03691,MER00444,2024-04-22,2336.36,Service Not Received,Won
CB000521,TXN006911,CUST08450,MER07586,2025-01-22,7102.88,Unauthorized Transaction,Open
CB000522,TXN007890,CUST09852,MER07443,2025-01-23,85835.94,Fraud Suspected,Under Review
CB000523,TXN009678,CUST03309,MER01450,2024-08-07,713.01,Fraud Suspected,Lost
CB000524,TXN003120,CUST00346,MER05269,2024-09-23,556.93,Product Not Received,Won
CB000525,TXN009558,CUST06780,MER01657,2024-03-05,704.56,Product Not Received,Open
CB000526,TXN001119,CUST00231,MER05440,2024-08-21,1432.1,Unauthorized Transaction,Under Review
CB000527,TXN002842,CUST02108,MER07854,2024-01-12,71987.37,Service Not Received,Lost
CB000528,TXN009500,CUST06192,MER01867,2024-03-24,87741.36,Product Not Received,Open
CB000529,TXN005422,CUST01228,MER06074,2025-01-10,19117.22,Duplicate Charge,Lost
CB000530,TXN003880,CUST00874,MER04309,2024-05-19,9221.1,Duplicate Charge,
CB000531,TXN008251,,MER08577,2024-02-18,36571.04,Unauthorized Transaction,Lost
CB000532,TXN004455,CUST07698,MER07768,2024-11-20,5943.68,Product Not Received,Won
CB000533,TXN007039,CUST03346,MER00848,2024-08-15,5671.67,Duplicate Charge,Under Review
CB000534,TXN006153,CUST04523,MER09540,2024-09-12,15274.3,Unauthorized Transaction,Won
CB000535,TXN007068,CUST08711,MER05030,2024-12-26,1411.89,Product Not Received,Won
CB000536,,CUST05981,MER07051,2024-10-22,269.49,Fraud Suspected,Won
CB000537,TXN003254,CUST08450,MER09568,2025-01-08,9721.93,Duplicate Charge,Lost
CB000538,TXN003735,CUST05537,MER04535,2025-01-22,14410.56,Fraud Suspected,Under Review
CB000539,TXN000263,CUST07676,MER04886,2024-12-13,46816.77,Product Not Received,Won
CB000540,TXN001257,CUST09026,,2024-09-01,57669.27,Unauthorized Transaction,Open
CB000541,TXN009272,CUST00885,MER09452,2024-11-16,1364.91,Service Not Received,Lost
CB000542,TXN007641,CUST08706,MER00049,2024-08-08,97839.78,Duplicate Charge,Open
CB000543,TXN000682,CUST05387,MER07252,2024-05-18,19026.7,Unauthorized Transaction,Won
CB000544,TXN008700,CUST00189,MER09527,2024-12-13,640.08,Unauthorized Transaction,Lost
CB000545,TXN007245,CUST08513,MER07464,2024-07-30,697.46,Unauthorized Transaction,Under Review
CB000546,TXN006178,CUST03372,MER00759,2024-09-10,51640.79,Unauthorized Transaction,Lost
CB000547,TXN007701,CUST02676,MER07076,2024-08-10,16009.02,Duplicate Charge,Under Review
CB000548,TXN000098,CUST00260,MER06788,2024-09-25,5754.11,Duplicate Charge,Lost
CB000549,TXN003026,CUST05491,MER04839,2024-09-11,2359.13,Product Not Received,Lost
CB000550,TXN000813,CUST00037,MER00095,2024-12-17,13430.84,Service Not Received,Won
CB000551,TXN009965,CUST06883,MER06728,2024-09-26,9751.25,Product Not Received,Lost
CB000552,TXN009911,,MER00918,2024-10-28,15287.9,Unauthorized Transaction,Open
CB000553,TXN007783,CUST02398,MER03302,2024-09-11,462.69,Duplicate Charge,Under Review
CB000554,TXN004206,CUST05088,MER05812,2024-12-10,514.97,Unauthorized Transaction,Won
CB000555,TXN004670,CUST00509,MER00999,2024-09-09,16223.36,Service Not Received,Under Review
CB000556,TXN008910,CUST08816,MER00902,2024-05-11,573.52,Fraud Suspected,Under Review
CB000557,TXN004644,CUST05568,MER05426,2024-05-21,994.41,Service Not Received,Lost
CB000558,TXN009040,CUST04605,MER08802,2024-11-07,8276.84,Fraud Suspected,Lost
CB000559,TXN000763,CUST01517,MER00081,2024-01-18,52535.12,Product Not Received,Under Review
CB000560,TXN006501,CUST06247,MER09647,2024-08-22,13783.66,Service Not Received,Open
,TXN000896,CUST04444,MER04361,2024-06-30,3408.46,Unauthorized Transaction,Open
CB000562,TXN008980,CUST02451,MER08715,2024-09-17,14033.66,Duplicate Charge,Under Review
CB000563,TXN002290,CUST07857,MER03338,2024-03-02,5303.3,Service Not Received,Under Review
CB000564,TXN003914,CUST08592,MER02282,2024-08-11,734.41,Unauthorized Transaction,Won
CB000565,TXN009829,CUST09853,MER06590,2024-08-23,108215.38,Fraud Suspected,Under Review
CB000566,TXN004838,CUST00936,MER06262,2024-12-04,12143.72,Duplicate Charge,Won
CB000567,TXN003670,CUST08344,MER05605,2024-09-15,55897.37,Service Not Received,Under Review
CB000568,TXN008578,CUST04477,MER05112,2024-04-25,107884.01,Service Not Received,Won
CB000569,TXN005006,,MER02294,2024-07-03,74594.09,Service Not Received,Lost
CB000570,TXN009364,,MER00176,2024-10-26,N/A,Product Not Received,Won
CB000571,TXN000416,CUST01806,MER04801,2024-11-01,1253.22,Product Not Received,Open
CB000572,TXN004393,CUST03532,MER07871,2024-09-08,91919.29,Duplicate Charge,Open
,TXN006314,CUST01920,MER02039,2024-06-13,1216.04,Unauthorized Transaction,Under Review
CB000574,TXN005876,CUST03868,MER08222,2024-06-23,469.51,Product Not Received,Open
CB000575,TXN008911,CUST02525,MER06609,2024-05-18,459.9,Product Not Received,Lost
CB000576,TXN000579,CUST06982,MER09929,2024-09-04,48178.18,Product Not Received,Open
CB000577,TXN005162,CUST07964,MER04169,2024-08-29,26459.34,Product Not Received,Under Review
CB000578,TXN003136,CUST01490,MER07608,2024-03-10,13616.69,Fraud Suspected,Open
CB000579,TXN007651,CUST00753,MER04245,2024-07-05,77380.3,Product Not Received,Won
CB000580,TXN003368,CUST02339,MER05120,2024-03-09,97288.3,Product Not Received,Lost
CB000581,TXN002738,CUST04961,MER09611,2024-09-02,11091.58,Service Not Received,Open
CB000582,TXN008566,CUST08710,MER07861,2024-08-30,61169.7,Unauthorized Transaction,Open
CB000583,TXN002226,CUST09006,MER08715,2024-07-02,8168.5,Fraud Suspected,Lost
CB000584,TXN008059,CUST00976,MER01363,2024-11-12,58.78,Unauthorized Transaction,Lost
,TXN005788,CUST05385,MER09181,2024-02-19,3078.58,Product Not Received,Won
CB000586,TXN009778,CUST04413,MER01612,2024-05-20,25007.08,Product Not Received,Lost
CB000587,TXN007822,CUST01808,MER03645,2024-08-11,258.79,Fraud Suspected,Lost
CB000588,UNKNOWN,CUST04840,MER05500,2024-06-05,63929.84,Duplicate Charge,Under Review
CB000589,TXN001703,CUST07383,UNKNOWN,2024-07-03,86738.44,Fraud Suspected,Open
CB000590,TXN001016,CUST04349,MER08601,2024-10-12,10581.94,Product Not Received,Lost
CB000591,TXN006334,CUST07116,MER04690,2024-09-29,9587.46,Product Not Received,Open
CB000592,TXN000876,CUST02835,MER08903,2024-08-28,1721.45,Product Not Received,Won
CB000593,TXN008247,CUST03491,MER01216,2024-10-03,22084.22,Service Not Received,Lost
CB000594,TXN004875,CUST00867,MER07473,2024-07-05,32576.69,Product Not Received,Under Review
CB000595,TXN001299,CUST09393,MER00276,2024-08-03,32680.86,Service Not Received,Open
CB000596,TXN003728,CUST02772,MER09967,2024-08-04,48497.22,Product Not Received,Won
CB000597,TXN006161,CUST07149,MER09667,2024-03-18,10796.24,Product Not Received,Lost
CB000598,TXN007268,CUST05127,MER08278,2024-08-18,209.12,Duplicate Charge,Won
CB000599,TXN000192,CUST06666,MER08326,2025-01-03,1469.71,Fraud Suspected,Won
CB000600,TXN009751,CUST05021,MER06084,2024-09-21,134.67,Duplicate Charge,Lost
CB000601,TXN007525,CUST01175,MER02231,2024-04-21,824.09,Service Not Received,Under Review
CB008238,TXN009525,CUST05593,MER00884,2024-08-02,1517.76,Product Not Received,Won
CB005785,TXN009248,CUST09485,MER06560,2024-07-18,34634.63,Product Not Received,Open
CB000604,TXN006299,CUST08525,MER04562,2024-09-25,20876.43,Fraud Suspected,Open
CB000605,TXN007879,CUST05929,MER07588,2025-02-06,8362.01,Unauthorized Transaction,Won
,TXN008221,CUST04207,MER05010,2024-03-12,8125.65,Product Not Received,Open
CB000607,TXN005216,CUST02019,MER05273,2024-08-12,21241.54,Duplicate Charge,Won
CB000608,TXN003951,CUST03009,MER05501,2025-01-01,1972.61,Unauthorized Transaction,Lost
CB000609,TXN000229,CUST00832,MER04418,2024-05-16,58371.89,Unauthorized Transaction,Lost
CB000610,TXN005990,CUST09002,MER08993,2024-04-29,7064.56,Unauthorized Transaction,Won
CB000611,TXN000962,CUST03857,MER00212,2024-07-13,956.28,Service Not Received,Under Review
CB000612,TXN008113,CUST09110,MER09873,2024-04-27,22158.88,Unauthorized Transaction,Open
CB000613,TXN004065,CUST05952,MER02334,2024-10-12,24221.25,Duplicate Charge,Open
CB000614,TXN000534,CUST01087,MER08174,2024-06-10,1634.22,Product Not Received,Under Review
CB000615,TXN008622,CUST09608,MER09202,2024-10-06,7446.06,Product Not Received,Open
CB000616,TXN009301,CUST07404,MER05021,2024-12-06,3470.2,Unauthorized Transaction,Lost
CB000617,TXN004688,CUST01169,MER06552,2024-08-15,28707.51,Unauthorized Transaction,Lost
CB000618,TXN001541,CUST09711,MER08333,2024-02-16,11380.72,Unauthorized Transaction,Under Review
CB000619,TXN008840,CUST09593,MER00389,2024-09-09,748.46,Service Not Received,Lost
CB000620,TXN007229,CUST06348,MER09408,,9325.46,Product Not Received,Under Review
CB000621,TXN000529,UNKNOWN,MER01085,2024-10-18,17551.97,Duplicate Charge,Lost
CB000622,TXN005757,CUST05846,MER05727,2024-11-01,10408.3,Product Not Received,Won
CB000623,TXN006801,CUST03055,MER05057,2024-09-18,16730.04,Service Not Received,Under Review
CB000624,TXN009736,CUST00555,MER04333,2024-08-05,7174.94,Fraud Suspected,Won
CB000625,TXN005705,CUST05944,MER07118,2024-12-10,607.05,Unauthorized Transaction,Under Review
CB000626,TXN002291,CUST06108,MER02450,2024-10-03,33971.96,Fraud Suspected,Open
CB000627,TXN004588,CUST04961,MER06053,2024-01-11,8132.55,Product Not Received,Open
CB000628,TXN006389,CUST07697,MER03501,2024-02-28,1133.91,Fraud Suspected,Won
CB000629,TXN001267,CUST08785,MER05843,2024-09-09,1920.82,Service Not Received,Open
CB000630,TXN008380,CUST09666,MER01633,2024-03-02,576.0,Product Not Received,Open
CB000631,TXN009840,CUST08049,MER05485,2024-02-07,92120.46,Fraud Suspected,Under Review
CB000632,TXN008015,CUST06875,MER09446,2024-03-11,15907.25,Service Not Received,Under Review
CB000633,TXN007410,CUST07608,,2024-10-08,9657.75,Fraud Suspected,Won
CB000634,TXN000653,CUST05070,MER05722,2024-12-07,36524.25,Product Not Received,Won
CB000635,TXN006693,CUST09627,MER04104,2024-08-12,252.26,Product Not Received,Under Review
CB000636,TXN003659,CUST03257,MER05122,2024-08-14,22272.34,Unauthorized Transaction,Lost
CB000637,TXN000795,CUST06117,MER00375,2024-11-05,30780.06,Duplicate Charge,Lost
CB000638,TXN006391,CUST00285,MER05954,2024-11-16,8129.16,,Open
CB000639,TXN006961,CUST01368,MER08598,2025-02-05,78821.9,Duplicate Charge,Lost
CB000640,TXN008998,CUST02521,MER06381,2024-02-03,6025.49,Product Not Received,Under Review
CB000641,TXN003160,CUST07227,MER05526,2024-05-03,14415.04,Service Not Received,Won
CB000642,TXN004265,CUST07497,MER09044,2024-08-25,73748.93,Product Not Received,Open
CB000643,TXN007931,CUST00300,MER03134,2024-11-16,29976.12,Unauthorized Transaction,Won
CB000644,TXN006394,CUST01923,MER01327,2024-04-17,1120.11,Duplicate Charge,Under Review
CB000645,TXN003980,CUST03953,MER05027,2025-01-27,42858.12,Unauthorized Transaction,Open
CB000646,TXN001788,CUST09772,MER02524,2024-03-21,94395.78,Service Not Received,Won
CB000647,TXN002550,CUST06374,MER06453,2024-05-05,17866.95,Service Not Received,Won
CB000648,TXN004623,CUST07004,MER05562,2024-09-04,33006.71,Service Not Received,Won
CB000649,TXN009174,CUST00228,MER01659,2025-01-20,19453.41,Fraud Suspected,Under Review
CB000650,TXN002333,CUST03006,MER00815,2024-05-07,72752.82,Service Not Received,Under Review
CB000651,TXN005307,CUST05729,MER05329,2025-01-03,9374.61,Duplicate Charge,Open
CB000652,,CUST07214,MER07545,2024-07-03,18737.13,Fraud Suspected,Open
CB000653,TXN002353,CUST05946,MER05150,2024-02-28,35960.81,Duplicate Charge,Won
CB000654,TXN006303,CUST00134,MER02495,2025-02-12,6211.98,Service Not Received,Lost
CB000655,TXN007721,CUST00037,MER08822,2024-03-27,1403.84,Fraud Suspected,Won
CB000656,TXN004810,CUST05372,MER02529,2024-04-24,8145.31,Fraud Suspected,Under Review
CB000657,TXN002554,CUST04328,MER00403,2024-06-14,N/A,Service Not Received,Under Review
CB000658,TXN004030,CUST03565,MER07744,2024-06-16,628.62,Fraud Suspected,Under Review
CB000659,TXN008479,CUST03741,MER02681,2024-02-28,698.63,Duplicate Charge,Won
CB000660,TXN009659,CUST08989,MER04827,2024-07-20,3958.29,Service Not Received,Under Review
CB000661,TXN001368,CUST08546,MER08117,2024-07-20,107029.05,Unauthorized Transaction,Open
CB000662,TXN009234,CUST04485,MER07912,2024-11-15,10308.02,Service Not Received,Open
CB000663,TXN006444,CUST04551,MER05586,2024-06-28,32008.74,Duplicate Charge,Won
CB000664,TXN009067,CUST06427,MER01917,2024-10-27,1945.79,Service Not Received,Open
CB000665,,CUST05472,MER04455,2024-02-16,57705.51,Fraud Suspected,Won
CB000666,TXN000344,CUST00633,MER06637,2024-04-06,774.59,Service Not Received,Lost
CB000667,TXN001200,CUST05992,MER01012,2024-06-06,26723.91,Duplicate Charge,Lost
CB000668,TXN003084,CUST05895,MER05795,2024-03-15,170.33,Service Not Received,Open
CB000669,TXN006037,CUST04703,MER04444,2024-06-07,242.85,Unauthorized Transaction,Won
CB000670,TXN001261,CUST09148,MER07149,2024-06-14,79666.66,Fraud Suspected,Under Review
CB000671,TXN004673,CUST06570,MER08522,2025-01-22,610.4,Product Not Received,Lost
CB000672,TXN000766,CUST01176,MER07788,2024-03-27,18759.35,Product Not Received,
CB000673,TXN006174,CUST04167,MER02471,2024-11-24,1398.2,Service Not Received,Lost
CB000674,TXN005215,CUST00011,MER08616,2024-05-09,1540.26,Fraud Suspected,Won
CB000675,TXN005958,CUST08856,MER08195,2024-11-02,10420.91,Service Not Received,Open
CB000676,TXN009405,CUST01494,MER05147,2024-07-08,591.7,Duplicate Charge,Open
CB000677,TXN002526,CUST06937,MER03703,2024-10-05,16622.74,Duplicate Charge,Under Review
CB000678,TXN003137,CUST08266,MER01311,2024-04-02,97579.67,Service Not Received,Won
CB000679,TXN000895,CUST01498,MER02849,2024-11-25,,Duplicate Charge,Won
CB000680,TXN001120,CUST03744,MER00233,2024-09-15,85550.5,Duplicate Charge,Open
CB000681,TXN003590,,MER07711,2024-07-17,25461.4,Service Not Received,Won
CB000682,TXN003341,CUST01371,MER04908,2024-09-21,19414.25,Unauthorized Transaction,Lost
CB000683,TXN002014,CUST02491,MER04996,2024-10-03,18441.84,Fraud Suspected,Open
CB000684,TXN007988,CUST03158,MER06025,2024-09-04,1328.78,Product Not Received,Open
CB000685,TXN006368,CUST06551,MER00659,2025-02-12,56.71,Product Not Received,Open
CB000686,TXN007964,CUST09430,MER00027,2024-09-19,27202.36,Fraud Suspected,Under Review
CB000687,TXN001695,CUST03771,MER02280,2025-01-04,29945.26,Fraud Suspected,Open
CB000688,TXN009723,CUST01387,MER03836,2024-12-14,505.28,Service Not Received,Under Review
CB000689,TXN007422,,MER08221,2024-06-11,54663.4,Fraud Suspected,Open
CB000690,TXN006492,CUST09091,MER02223,2024-03-24,1814.08,Duplicate Charge,Lost
CB000691,TXN007932,CUST05112,MER00348,2024-08-22,12826.16,Unauthorized Transaction,Won
CB000692,TXN006139,CUST08880,MER09726,2024-09-22,16714.34,Duplicate Charge,Open
CB000693,TXN007552,CUST05104,MER07937,,9198.04,Duplicate Charge,Open
CB000694,TXN002198,CUST03496,,2024-11-22,63872.89,Unauthorized Transaction,Lost
CB000695,TXN005286,CUST07027,MER04841,2024-02-08,6076.75,Fraud Suspected,Under Review
CB000696,TXN003061,CUST04164,MER00424,2024-08-06,1938.46,Service Not Received,Under Review
CB000697,TXN007597,CUST06372,MER00276,2024-05-10,29226.3,Service Not Received,Under Review
CB000698,TXN000972,CUST02327,MER01585,2024-08-24,20825.97,Duplicate Charge,Lost
CB000699,TXN007886,CUST04219,MER02011,2024-02-18,854.81,Fraud Suspected,Open
CB000700,TXN000819,UNKNOWN,MER00443,2024-03-09,1465.52,Service Not Received,Lost
CB000701,TXN007041,CUST02336,MER03563,2024-09-18,1436.76,Product Not Received,Won
CB000702,TXN008903,CUST06386,MER00983,2024-05-25,61763.7,Fraud Suspected,Lost
CB000703,TXN002408,CUST05491,MER08055,2024-03-16,16425.69,Product Not Received,Won
CB000704,TXN009784,CUST05964,MER02167,2024-05-18,29780.51,Fraud Suspected,Open
CB000705,TXN004073,CUST03059,MER06618,,1971.36,Product Not Received,Under Review
CB000706,TXN008448,CUST00475,MER08528,2024-03-23,,Product Not Received,Open
CB000707,TXN003510,CUST07394,MER02881,2025-01-23,113210.21,Unauthorized Transaction,Lost
CB000708,TXN007946,CUST08521,MER07744,2025-01-13,4756.83,Service Not Received,Won
CB000709,TXN000736,CUST05310,MER03066,2024-03-17,20151.24,Service Not Received,Open
CB000710,TXN000744,CUST04941,MER08010,2024-10-30,85957.21,Service Not Received,Open
CB000711,TXN006510,CUST04434,MER00608,2024-01-07,1616.78,Unauthorized Transaction,Open
CB000712,TXN005558,CUST08734,MER04095,2024-05-26,18447.62,Duplicate Charge,Won
CB000713,TXN005045,CUST05135,MER06258,2024-06-29,799.43,Fraud Suspected,Open
CB000714,TXN007568,CUST02709,MER05761,2024-10-15,14163.38,Product Not Received,Under Review
CB000715,TXN003914,CUST08592,MER02282,2024-08-05,1468.82,Service Not Received,Won
CB000716,TXN002310,CUST07265,MER03354,2024-08-07,96004.23,Duplicate Charge,Open
CB000717,TXN003967,,MER00424,2024-09-11,1856.59,Service Not Received,Lost
CB000718,TXN006693,CUST09627,MER04104,2024-07-06,252.26,Duplicate Charge,Under Review
CB000719,TXN000163,CUST04193,MER02506,,34589.02,Service Not Received,Lost
CB000720,TXN006356,CUST00955,MER00600,2024-12-21,18566.04,Service Not Received,Won
CB000721,TXN005593,CUST09630,MER01283,2024-11-12,17111.61,Duplicate Charge,Lost
CB000722,TXN004428,CUST09009,MER07093,2024-06-03,2497.44,Unauthorized Transaction,
CB000723,TXN002577,CUST00378,MER00173,2024-09-07,5793.03,Unauthorized Transaction,Lost
CB000724,TXN007737,CUST00789,MER01953,2024-09-17,,Service Not Received,Open
CB000725,TXN007929,CUST04601,MER03944,2024-04-23,14757.58,Fraud Suspected,Under Review
CB000726,TXN008264,CUST09033,MER03959,2024-09-19,15951.91,Duplicate Charge,Won
CB000727,TXN008529,CUST05077,MER04501,2024-04-13,33516.57,Service Not Received,Lost
CB000728,TXN000171,CUST09353,MER08960,2024-07-28,708.54,Product Not Received,Open
CB000729,TXN000791,CUST08723,MER08679,2024-06-29,89670.66,Fraud Suspected,Under Review
CB000730,TXN002658,CUST01715,MER08313,2024-03-26,88091.62,Unauthorized Transaction,Lost
CB001936,TXN006125,CUST07793,MER00616,2024-08-16,17314.45,Unauthorized Transaction,Open
CB006556,TXN000973,CUST08412,MER02595,2024-10-30,1937.19,Unauthorized Transaction,Lost
CB000733,TXN007737,CUST00789,MER01953,2024-08-11,14082.72,Fraud Suspected,Open
CB000734,TXN003570,CUST09096,MER03840,2024-08-01,563.64,Product Not Received,Lost
CB000735,TXN001869,CUST06063,MER01242,2024-08-25,11763.43,Duplicate Charge,Open
CB000736,TXN003309,CUST01893,MER01395,2024-04-08,72201.17,Service Not Received,Under Review
CB000737,TXN004413,CUST07061,MER08948,2024-01-21,1880.56,Unauthorized Transaction,Under Review
CB000738,TXN008257,CUST07437,MER08746,2024-07-22,16592.67,,Lost
CB000739,TXN008602,CUST05969,MER05114,2024-07-16,315.38,Duplicate Charge,Under Review
CB000740,TXN009707,CUST07000,MER01947,2024-07-14,385.16,Product Not Received,
CB006004,TXN006278,CUST01767,MER07349,,159.04,Unauthorized Transaction,Won
CB000742,TXN004470,CUST06000,MER00453,2024-07-05,806.52,Service Not Received,Open
CB000743,TXN004651,CUST04427,MER03392,2024-07-31,1338.54,Unauthorized Transaction,Open
CB000744,TXN006003,CUST04638,MER08300,2024-03-16,91282.38,Fraud Suspected,Open
CB000745,TXN001968,CUST08880,MER00266,2024-08-17,71204.45,Service Not Received,
CB000746,TXN000664,CUST00941,MER04252,2024-04-09,32271.07,Product Not Received,Won
CB000747,TXN006122,CUST07052,MER09835,2024-07-22,35543.33,Fraud Suspected,Under Review
CB000748,TXN002361,CUST03096,MER06563,2024-11-18,38611.24,Unauthorized Transaction,Won
CB000749,TXN004002,CUST06572,MER04791,2024-06-25,70996.89,Duplicate Charge,Under Review
CB000750,TXN005052,CUST05433,MER02667,2024-05-14,912.82,Service Not Received,Lost
CB000751,TXN005741,CUST01653,MER08621,2025-02-19,276.29,Duplicate Charge,Under Review
CB000752,TXN000455,CUST04762,MER02611,2024-08-28,2115.9,Duplicate Charge,Open
CB000753,TXN007848,CUST06801,MER03914,2024-02-16,53390.34,Product Not Received,Under Review
CB000754,TXN007142,CUST09991,MER06310,2024-04-18,92413.56,Service Not Received,Won
CB000755,TXN008835,CUST02106,MER07183,2024-05-30,68048.49,Product Not Received,Open
CB000756,TXN008620,CUST06597,MER02667,2025-01-06,59349.37,Duplicate Charge,Lost
CB000757,TXN001824,CUST09310,MER08962,2024-10-11,306.1,Product Not Received,Open
CB000758,TXN003422,CUST07681,MER00453,2024-07-26,373.62,Fraud Suspected,Open
CB001028,TXN008527,CUST05227,MER09518,2024-04-12,1541.55,Service Not Received,Won
CB000760,TXN008206,CUST04982,MER05327,2024-08-18,,Duplicate Charge,Open
CB000761,TXN008022,CUST08440,MER04214,2024-05-20,274.74,Fraud Suspected,Under Review
CB000762,TXN008398,CUST05501,MER08590,2024-07-04,8363.61,Service Not Received,Won
CB000763,TXN008327,CUST08272,MER08658,2024-07-25,2011.27,Product Not Received,Open
CB000764,TXN000134,CUST00702,MER08939,2024-07-06,734.14,Unauthorized Transaction,Lost
CB000765,TXN002889,CUST01679,MER03271,2024-03-20,1039.17,Unauthorized Transaction,Open
CB000766,,CUST09209,MER05859,2024-01-26,13270.22,Service Not Received,Under Review
CB000767,TXN007418,CUST05231,MER03425,2024-12-21,1795.16,Service Not Received,Open
CB000768,TXN001791,CUST05209,MER01283,2024-01-05,40794.01,Service Not Received,Open
CB000769,TXN007712,CUST07767,MER04790,2024-11-01,5879.49,Unauthorized Transaction,Open
,TXN002638,CUST01634,MER01857,2025-02-19,12670.54,Unauthorized Transaction,Under Review
CB000771,TXN007547,CUST08182,MER03805,2024-06-28,1962.08,Product Not Received,Won
CB000772,TXN007629,CUST07557,MER05083,2024-03-10,11766.47,Product Not Received,Under Review
CB000773,TXN003226,CUST00589,MER09305,2024-07-30,22611.78,Unauthorized Transaction,Open
CB000774,TXN009269,CUST08566,MER09646,2024-12-13,96652.63,Fraud Suspected,
CB000775,TXN005642,CUST03866,MER08455,2024-03-06,3131.48,Product Not Received,Open
CB000776,TXN006800,CUST07069,MER01270,2024-12-27,6057.26,Fraud Suspected,Won
CB000777,TXN001141,CUST07915,MER00748,2024-07-30,43038.44,Product Not Received,Lost
CB000778,TXN007001,CUST07957,MER06467,2024-05-05,574.66,Product Not Received,Lost
CB000779,TXN008034,CUST02272,MER09780,2024-02-26,34697.31,Duplicate Charge,Under Review
CB000780,TXN004306,CUST04337,MER02294,2024-09-26,163.07,Duplicate Charge,
CB000781,TXN006227,CUST00476,MER08936,2024-04-29,70023.84,Fraud Suspected,Won
CB000782,TXN009957,CUST00325,MER09416,2024-10-28,22047.3,Service Not Received,Lost
CB000783,TXN006080,CUST08290,MER08949,2024-01-25,1475.41,Duplicate Charge,Lost
CB000784,TXN007257,CUST01022,MER09872,2025-01-05,6969.32,Service Not Received,Open
CB000785,TXN003835,CUST05582,MER09678,2024-01-28,522.98,Duplicate Charge,Won
CB000786,TXN009127,CUST07202,MER02056,2024-12-26,20333.94,Fraud Suspected,Won
CB000787,TXN004845,CUST01088,MER01736,2024-05-18,85746.68,Service Not Received,Won
CB000788,TXN008681,CUST00396,MER07293,2024-02-07,3951.84,Product Not Received,Open
CB000789,TXN000648,CUST08546,MER00975,2024-04-01,37878.92,Service Not Received,Open
CB000790,TXN004884,CUST02326,MER00054,2024-11-15,,Duplicate Charge,Open
CB000791,TXN002343,CUST03230,MER09068,2024-02-12,14360.83,Fraud Suspected,Open
CB000792,TXN009563,CUST00599,MER06230,2024-12-26,45.26,Unauthorized Transaction,Under Review
CB000793,TXN002669,CUST04452,UNKNOWN,2024-11-13,18939.48,Unauthorized Transaction,Open
CB000794,TXN005725,CUST03490,MER05896,2024-02-02,10251.86,Fraud Suspected,Won
CB000795,TXN007837,CUST01070,MER07862,2024-11-10,63796.82,Duplicate Charge,Won
CB000796,TXN003392,CUST01512,MER03120,2024-06-23,66847.5,Fraud Suspected,Lost
CB000797,TXN002806,CUST09151,MER02419,2024-10-18,1441.41,Product Not Received,Open
CB000798,TXN007189,CUST06636,MER07726,2024-05-24,9706.14,Fraud Suspected,Open
CB000799,TXN001485,CUST05501,MER04712,2024-05-23,16000.83,Unauthorized Transaction,Won
CB000800,TXN006670,CUST02309,MER07423,2024-05-27,635.64,Product Not Received,Won
CB000801,TXN005668,CUST01544,MER07862,2024-09-27,1187.14,Fraud Suspected,Won
CB000802,TXN001547,CUST09162,MER05408,2024-07-31,40710.39,Unauthorized Transaction,Under Review
CB000803,TXN004260,CUST00364,MER04402,2024-04-23,11035.88,Duplicate Charge,Under Review
CB000804,TXN009193,CUST08510,MER03827,2024-04-21,20257.85,Product Not Received,Under Review
CB000805,TXN000188,CUST02993,,2024-12-17,74663.6,Service Not Received,Open
CB000806,TXN003867,CUST08338,MER07714,2024-03-25,14481.13,Fraud Suspected,Under Review
CB000807,TXN003638,CUST08955,MER00711,2024-05-22,29447.17,Unauthorized Transaction,Lost
CB000808,TXN005137,CUST04741,MER01701,2024-11-01,951.8,Product Not Received,Under Review
CB000809,TXN003295,CUST02698,MER00537,2024-06-07,7049.74,Unauthorized Transaction,Under Review
CB000810,TXN005840,CUST05510,MER04967,2024-04-24,43218.64,Service Not Received,Open
CB000811,TXN001714,CUST03806,MER04453,2024-10-01,41304.64,Duplicate Charge,Lost
CB000812,TXN002993,CUST02751,MER06190,2024-06-17,7813.1,Duplicate Charge,Open
CB000813,TXN007570,CUST06713,MER03072,2024-07-04,1675.42,Unauthorized Transaction,Open
CB000814,TXN001404,CUST08464,MER04287,2024-01-16,10280.68,Unauthorized Transaction,Under Review
CB000815,TXN000915,CUST02035,MER09366,2024-05-22,75901.1,Unauthorized Transaction,Won
CB000816,TXN003787,CUST04417,MER04128,2024-11-22,1224.74,Fraud Suspected,
CB000817,TXN007549,CUST09798,MER02160,2024-03-16,,Unauthorized Transaction,Won
CB000818,TXN006700,CUST04146,MER05046,2024-03-05,994.95,Duplicate Charge,Won
CB000819,TXN002896,CUST02222,MER01818,2024-11-28,2641.72,Fraud Suspected,Under Review
CB000820,TXN003888,CUST01468,MER04661,2024-09-14,60317.1,Duplicate Charge,Open
CB000821,TXN005034,CUST05688,MER06934,2024-04-25,95.4,Fraud Suspected,Won
CB000822,TXN000084,CUST06466,MER03062,2025-01-14,344.56,Product Not Received,Open
CB000823,TXN001099,CUST02783,MER09564,2024-07-16,481.37,Product Not Received,Under Review
CB000824,TXN001674,CUST03393,MER07503,2024-12-31,662.15,Product Not Received,Under Review
CB000825,TXN007928,CUST00112,MER04380,2024-04-30,958.23,Product Not Received,Under Review
CB000826,TXN003458,CUST01648,MER00117,2024-03-18,29535.05,Duplicate Charge,Won
CB000827,TXN004969,CUST01007,MER03251,2024-06-22,25651.28,Unauthorized Transaction,Under Review
CB000828,TXN003717,CUST08929,MER03555,2024-08-12,423.31,Duplicate Charge,Open
CB000829,TXN000051,CUST03628,MER05518,2024-10-29,959.11,Fraud Suspected,Open
CB000830,TXN006064,CUST06950,MER08730,2024-06-14,13204.0,Duplicate Charge,Won
CB000831,TXN000371,CUST04395,MER04910,2024-08-04,291.38,Fraud Suspected,Open
CB000832,TXN000967,UNKNOWN,MER02024,2024-07-30,628.39,Duplicate Charge,Open
CB000833,TXN009394,CUST05988,MER05424,2024-07-15,24596.01,Service Not Received,Won
CB000834,,CUST01921,MER06143,2024-04-13,667.54,Duplicate Charge,Open
CB000835,TXN009516,CUST09496,MER07889,2024-08-16,6756.27,Duplicate Charge,Lost
CB000836,TXN008315,CUST04877,MER02597,2024-12-13,1017.14,Unauthorized Transaction,Under Review
CB000837,TXN001416,CUST01593,MER01614,2024-06-30,1658.86,Fraud Suspected,Lost
CB000838,TXN006325,CUST06259,MER04331,2024-08-14,8536.17,Product Not Received,Under Review
CB000839,TXN007960,CUST06535,MER09664,2024-05-18,965.6,Fraud Suspected,Won
CB000840,TXN001592,CUST08673,MER01144,2025-01-16,1941.06,Service Not Received,Won
CB000841,TXN005831,,MER02462,2024-08-16,,Fraud Suspected,Under Review
CB000842,TXN005827,CUST04109,MER09086,2024-08-07,53024.0,Service Not Received,Open
CB000843,TXN009249,CUST02230,MER01177,2024-09-18,795.94,Service Not Received,Open
CB000844,TXN008285,CUST06386,MER03083,2024-12-24,53352.51,Fraud Suspected,Lost
CB000845,TXN000228,CUST03433,MER01481,2024-11-09,86539.48,Unauthorized Transaction,Under Review
CB006696,TXN006887,CUST03577,MER00203,2024-03-21,24626.35,Service Not Received,Open
CB000847,TXN009400,CUST06216,MER02242,2024-01-26,742.71,Unauthorized Transaction,Open
CB000848,TXN002848,CUST04917,MER02228,2024-09-17,13858.95,Service Not Received,Won
CB000849,TXN000765,CUST07292,MER05020,2025-01-21,213.9,Unauthorized Transaction,Lost
CB000850,TXN001692,CUST06536,MER08399,2024-09-06,89554.51,Unauthorized Transaction,Lost
CB000851,TXN009584,CUST04469,MER09624,2024-02-21,35167.52,Duplicate Charge,Won
CB000852,TXN000449,CUST04058,MER09524,2024-08-07,181.13,Product Not Received,Lost
CB000853,TXN008129,CUST07832,MER00054,2024-05-15,8479.8,Service Not Received,Won
CB000854,TXN002247,CUST02664,MER04327,2024-11-01,436.09,Unauthorized Transaction,Open
CB000855,TXN006207,CUST06315,MER07632,2024-03-02,45685.56,Product Not Received,Under Review
CB000856,TXN001965,CUST09724,MER02087,2024-05-25,29769.72,Fraud Suspected,Open
CB000857,TXN007462,CUST05719,MER08785,2024-04-17,468.3,Fraud Suspected,Won
CB000858,TXN001699,CUST00011,MER00768,2024-06-19,1931.38,Unauthorized Transaction,Lost
CB000859,TXN007197,CUST09030,MER09045,2025-01-15,57267.26,Unauthorized Transaction,Lost
CB000860,TXN007975,CUST03233,MER04841,2024-03-17,429.8,Fraud Suspected,Won
CB000861,TXN007490,CUST09668,MER00737,2024-02-22,14279.05,Fraud Suspected,Open
CB000862,TXN009173,CUST08441,MER05096,2024-07-20,14466.4,Service Not Received,Under Review
CB000863,TXN005886,CUST00398,MER02503,2025-01-06,1068.64,Product Not Received,Open
CB000864,TXN008585,CUST06217,MER08421,2024-07-23,278.31,Unauthorized Transaction,Won
CB000865,TXN001177,CUST09917,MER02604,2024-12-24,22789.23,Fraud Suspected,Won
CB000866,TXN008683,CUST09313,MER09113,2024-04-16,1295.91,Product Not Received,Lost
CB000867,TXN006156,CUST09933,MER05832,2024-03-21,599.56,Service Not Received,Open
CB000868,TXN004997,CUST00239,MER02184,2024-04-11,93203.66,Unauthorized Transaction,Won
CB000869,TXN009269,CUST08566,MER09646,2024-12-23,111150.52,Unauthorized Transaction,Won
CB000870,TXN007719,CUST05237,MER05543,2024-10-16,47779.38,Unauthorized Transaction,Open
CB000871,TXN004059,CUST03430,MER06924,2024-03-21,789.3,Duplicate Charge,Lost
CB000872,TXN008314,CUST09834,MER01977,2024-10-20,59332.22,Unauthorized Transaction,Lost
CB000873,TXN002113,CUST09042,MER03643,2024-02-19,107051.91,Product Not Received,Under Review
CB000874,TXN003233,CUST05981,MER07051,2024-10-13,269.49,Unauthorized Transaction,Lost
CB000875,TXN004340,CUST02881,MER04026,2024-10-06,43788.63,Unauthorized Transaction,Won
CB000876,TXN007835,CUST08230,MER05425,2024-06-16,935.72,Product Not Received,Under Review
CB000877,TXN008061,CUST04019,MER07323,2024-09-09,14538.4,Fraud Suspected,Under Review
CB000878,TXN005904,CUST00769,MER02425,2024-09-07,72.99,Unauthorized Transaction,Lost
CB000879,TXN007690,CUST09053,MER02751,2024-09-04,1371.64,Product Not Received,Open
CB000880,TXN002940,CUST09697,MER07661,2024-11-30,2023.8,Duplicate Charge,Under Review
CB000881,TXN007997,CUST07903,MER02296,2024-11-12,85769.71,Unauthorized Transaction,Under Review
CB000882,TXN009742,CUST01322,MER05301,2024-06-15,331.32,Service Not Received,Open
CB000883,TXN005265,CUST07107,MER09918,2024-04-01,1140.29,Duplicate Charge,Won
CB000884,TXN009755,CUST05488,MER05924,2024-08-20,114884.09,Duplicate Charge,Won
CB000885,TXN002120,CUST01467,MER05457,2024-12-05,24603.27,Duplicate Charge,Won
CB000886,TXN000291,CUST06368,MER00327,2024-04-27,17579.31,Service Not Received,Lost
CB000887,TXN009192,CUST00666,MER03089,2024-10-11,4398.07,Service Not Received,Under Review
CB000888,TXN002116,CUST03419,MER01771,2024-11-19,74.14,Duplicate Charge,Open
CB000889,TXN008458,CUST06282,MER09113,2024-02-01,9573.11,Fraud Suspected,Under Review
CB000890,TXN000868,CUST02965,UNKNOWN,2024-09-04,58228.35,Duplicate Charge,Won
CB000891,TXN003768,CUST09457,MER04642,2024-02-23,13875.78,Product Not Received,Under Review
CB000892,TXN008519,CUST08698,MER05359,2024-08-13,34222.03,Product Not Received,Won
CB000893,TXN006899,CUST06437,MER07016,2024-11-13,1662.41,Unauthorized Transaction,Lost
CB000894,TXN006073,CUST05383,MER08030,2024-02-28,1712.57,Service Not Received,Won
CB000895,TXN009191,CUST04460,MER01395,2024-07-11,5874.24,Duplicate Charge,Won
CB000896,TXN009606,CUST02399,MER08344,2025-02-13,386.57,Duplicate Charge,Won
CB000897,TXN002842,CUST02108,MER07854,2024-01-22,71987.37,Unauthorized Transaction,Under Review
CB000898,TXN002109,CUST06214,MER09470,2024-07-30,571.51,Service Not Received,Under Review
CB000899,TXN002117,CUST00644,MER09801,2024-09-13,4276.72,Fraud Suspected,Won
CB000900,TXN001558,CUST06112,MER02855,2025-01-02,27196.85,Product Not Received,Open
CB000901,TXN004089,CUST05450,MER06528,2025-01-14,1038.28,Fraud Suspected,Won
CB009121,TXN009450,CUST00609,MER06468,2024-12-09,83294.05,Unauthorized Transaction,Won
CB000903,TXN009695,CUST07009,MER03928,2024-08-13,18523.11,Service Not Received,Open
CB000904,TXN003946,CUST07611,UNKNOWN,2024-11-16,N/A,Unauthorized Transaction,Under Review
CB000905,TXN001584,CUST03551,MER05317,2024-04-13,101896.13,Product Not Received,Won
CB000906,TXN003048,CUST06784,MER08701,2024-10-21,6114.23,Service Not Received,Won
CB000907,TXN005525,CUST02290,MER05050,2024-03-23,244.77,Product Not Received,Open
CB000908,TXN006163,CUST03212,MER06635,2024-09-01,924.78,Product Not Received,Lost
CB000909,TXN005187,CUST00103,MER04715,2024-07-18,2482.13,Product Not Received,Lost
CB000910,TXN007379,CUST00351,MER03887,2024-12-18,7337.03,Unauthorized Transaction,Under Review
CB000911,TXN005419,CUST00099,MER09097,2024-09-29,81616.76,Fraud Suspected,Lost
CB000912,TXN006437,CUST04691,MER05109,2024-07-30,18752.07,Unauthorized Transaction,Open
CB000913,TXN004455,CUST07698,MER07768,2024-12-06,5943.68,Service Not Received,Won
CB000914,TXN004699,CUST08956,MER01081,2025-01-09,39473.75,Unauthorized Transaction,Won
CB000915,TXN009311,CUST01854,MER06355,2025-01-25,74751.75,Duplicate Charge,Won
CB000916,TXN003025,CUST09752,MER01964,2024-06-25,296.43,Unauthorized Transaction,Lost
CB000917,TXN009715,CUST04167,MER05742,2024-11-13,706.44,Service Not Received,Open
CB000918,TXN009987,CUST08809,MER09641,2024-02-13,8518.8,Product Not Received,Won
CB000919,TXN004192,CUST07732,MER02814,2024-02-27,5086.89,Unauthorized Transaction,Won
CB000920,TXN008452,CUST03739,MER04969,2024-04-05,7756.62,Unauthorized Transaction,Lost
CB000921,TXN005531,CUST04052,MER00848,2024-08-30,1754.82,Unauthorized Transaction,Won
CB000922,TXN008669,CUST09136,MER04660,2024-10-11,334.05,Duplicate Charge,Lost
CB000923,TXN002532,CUST03814,MER06405,2024-05-04,83026.71,Product Not Received,Under Review
CB000924,TXN000195,CUST08739,MER06341,2024-04-16,1014.38,Duplicate Charge,Won
CB000925,TXN000898,CUST07393,MER04934,2024-09-05,22613.21,Fraud Suspected,Open
CB000926,TXN001316,CUST03253,MER07266,2024-11-28,15057.7,Duplicate Charge,Open
CB000927,TXN004041,CUST08372,MER02738,2024-02-15,983.53,Duplicate Charge,Lost
CB000928,TXN009141,CUST01944,MER08868,2024-08-22,26114.36,Unauthorized Transaction,Won
CB000929,TXN000356,CUST06046,MER08758,2024-10-09,670.43,Duplicate Charge,Open
CB000930,TXN007501,CUST09000,MER04824,2024-10-14,13780.96,Duplicate Charge,Under Review
CB000931,TXN008324,CUST07609,MER06297,2024-05-13,3381.81,Unauthorized Transaction,Open
CB000932,TXN006866,CUST02716,MER09604,2024-03-04,6373.05,Duplicate Charge,Under Review
CB000933,TXN003140,CUST06460,MER02207,2024-09-24,96725.47,Duplicate Charge,Open
CB000934,TXN005190,CUST04458,MER00188,2024-10-24,1048.0,Product Not Received,Under Review
CB000935,TXN003045,CUST04418,MER00441,2024-12-31,57021.68,Duplicate Charge,Open
CB000936,TXN006737,CUST09007,MER00157,2024-10-29,1396.97,Duplicate Charge,Won
CB000937,TXN009702,CUST08023,MER04422,2024-06-03,9935.09,Service Not Received,Won
CB000938,TXN007665,CUST02195,MER09889,2024-04-27,577.68,Unauthorized Transaction,Won
CB000939,TXN007855,CUST02011,MER06112,2024-07-20,619.95,Service Not Received,Open
CB000940,TXN005996,CUST06650,MER08499,2024-01-17,2008.73,Product Not Received,Open
CB000941,TXN006063,CUST04080,MER00284,2024-08-07,1457.42,Service Not Received,Open
,TXN003017,CUST09978,MER09635,2024-09-08,9951.0,Unauthorized Transaction,Won
CB000943,TXN002992,CUST02609,MER04885,,219.6,Service Not Received,Open
CB000944,TXN000964,CUST08049,,2024-11-03,17862.51,Fraud Suspected,Under Review
CB000945,TXN007127,CUST08604,MER01246,2024-08-05,13988.43,Duplicate Charge,Won
CB000946,TXN007363,CUST09030,MER02593,2024-05-21,8442.32,Fraud Suspected,Open
CB000947,TXN004993,CUST09383,MER06074,2024-09-01,41299.37,Service Not Received,Open
CB000948,TXN005533,CUST04801,MER04606,2024-10-06,2407.05,Fraud Suspected,Open
CB000949,TXN009415,CUST00753,MER05062,2024-04-11,40434.64,Product Not Received,Open
CB000950,TXN009683,CUST05304,MER07658,2024-12-30,499.96,Duplicate Charge,Lost
CB000951,TXN006743,CUST01163,MER08969,2024-03-21,50822.11,Product Not Received,Won
CB000952,TXN002533,CUST06748,MER09049,2024-11-19,14554.18,Duplicate Charge,Won
CB000953,TXN006730,CUST01177,MER06210,2024-02-04,,Service Not Received,Open
CB000954,TXN005253,CUST00229,MER09152,2024-07-12,62377.62,Unauthorized Transaction,Lost
CB000955,UNKNOWN,CUST08015,MER06827,2024-03-18,2067.03,Duplicate Charge,Won
CB000956,TXN004499,CUST08409,MER08012,2024-10-20,64296.81,Unauthorized Transaction,Under Review
CB000957,TXN003673,CUST07723,MER05267,2024-07-19,1578.12,Unauthorized Transaction,Open
CB000958,,CUST06359,MER03196,2024-06-25,8001.62,Unauthorized Transaction,Won
CB000959,TXN007816,CUST05110,MER08581,2024-06-04,38770.19,Duplicate Charge,Under Review
CB000960,TXN006188,CUST07149,MER07718,2024-07-05,213.32,Product Not Received,Open
CB000961,,CUST01297,MER01771,2024-10-06,10820.19,Fraud Suspected,Won
,TXN004932,CUST09903,MER09510,2024-07-12,1221.68,Product Not Received,Under Review
CB000963,TXN006435,CUST09887,MER03722,,3226.48,Fraud Suspected,Won
CB000964,TXN002883,CUST01386,MER05497,2024-03-05,76.64,Duplicate Charge,Open
CB000965,TXN005680,CUST04585,MER01081,2024-04-17,88.21,Unauthorized Transaction,Won
CB000966,TXN006153,CUST04523,MER09540,2024-09-06,15274.3,Duplicate Charge,Won
CB000967,TXN007985,CUST00398,MER00514,2024-11-30,1882.38,Fraud Suspected,Open
CB000968,TXN009880,CUST09511,MER05408,2024-08-22,2836.08,Service Not Received,Lost
CB000969,TXN002023,CUST05758,MER04160,2024-05-20,8754.11,Duplicate Charge,Lost
CB000970,TXN007737,CUST00789,MER01953,2024-09-16,14082.72,Product Not Received,Under Review
CB000971,TXN001260,CUST02200,MER06978,2024-02-16,49928.75,Duplicate Charge,Open
CB000972,TXN002980,CUST01668,MER07016,,12507.37,Fraud Suspected,Under Review
CB000973,TXN002041,CUST08590,MER04411,2024-10-02,34490.47,Service Not Received,Under Review
CB000974,TXN003243,CUST05594,MER02023,2024-12-25,58722.38,Product Not Received,Open
CB000975,TXN000491,CUST05014,MER01351,2024-02-24,N/A,Product Not Received,Won
CB000976,TXN006779,CUST05135,MER04430,2024-12-25,514.46,Unauthorized Transaction,Open
CB000977,TXN000576,CUST05604,MER07066,2024-06-07,9570.2,Service Not Received,Under Review
CB000978,TXN001282,CUST06358,MER07079,2024-03-02,1296.5,Duplicate Charge,Open
CB000979,TXN002348,CUST00076,MER02386,2024-02-24,,Service Not Received,Under Review
CB000980,TXN000115,CUST04795,MER02332,2024-05-05,116.87,Duplicate Charge,Lost
CB000981,TXN003654,CUST08704,MER03541,2024-10-10,369.59,Duplicate Charge,Lost
CB000982,TXN004840,CUST06639,MER07171,2024-08-19,58523.1,Service Not Received,Under Review
CB000983,TXN003171,CUST00163,MER03953,2024-08-21,2041.58,Fraud Suspected,Under Review
CB000984,TXN006749,CUST02406,MER02865,2024-08-25,166.77,Product Not Received,Lost
CB000985,TXN003933,CUST08239,MER02822,2024-09-22,15855.88,Fraud Suspected,Open
CB000986,TXN009730,CUST04327,MER04429,2024-08-11,70595.43,Service Not Received,Open
CB000987,TXN000335,CUST09776,MER08208,2024-09-22,48945.56,Service Not Received,Won
CB000988,TXN005280,CUST03700,MER00512,2024-02-15,626.39,Duplicate Charge,Open
CB000989,TXN006585,CUST02842,MER00962,2024-05-06,25153.16,Service Not Received,Won
CB000990,TXN007920,CUST06342,MER09008,2024-03-06,247.7,Fraud Suspected,Under Review
CB000991,TXN001616,CUST09424,MER00801,2024-09-09,53554.22,Service Not Received,Under Review
CB000992,TXN008900,CUST05066,MER03609,2024-11-04,1665.39,Service Not Received,Open
CB000993,TXN004016,CUST06634,MER01673,2024-07-23,20226.32,Fraud Suspected,Won
CB000994,TXN004309,CUST01684,MER06252,2024-02-27,4251.96,Duplicate Charge,Lost
CB000995,TXN002982,CUST05297,MER07992,2024-08-05,993.5,Product Not Received,Open
CB000996,TXN000744,CUST04941,MER08010,2024-11-05,85957.21,Service Not Received,Won
CB000997,TXN004630,CUST04748,MER08250,2024-06-16,199.57,Unauthorized Transaction,Under Review
CB000998,TXN005060,CUST05606,MER04352,2024-10-07,38288.88,Duplicate Charge,Open
CB000999,TXN005323,CUST00208,MER01002,2024-10-07,6744.58,Duplicate Charge,Lost
CB001000,TXN009509,CUST02010,MER03136,2024-06-06,64824.12,Duplicate Charge,Won
CB001001,TXN002842,CUST02108,MER07854,2024-01-26,71987.37,Product Not Received,Open
CB001002,TXN003441,CUST07421,MER04363,2024-04-03,69897.1,Unauthorized Transaction,Under Review
CB001003,TXN005004,CUST06077,MER03511,2024-03-21,7844.37,Duplicate Charge,Open
CB001004,TXN000085,CUST01958,MER00468,2024-02-18,,Duplicate Charge,Under Review
CB001005,TXN004994,CUST04797,MER01854,2024-05-17,25890.5,Fraud Suspected,Open
CB001006,TXN003954,CUST07187,MER01786,2024-06-09,7318.25,Unauthorized Transaction,Under Review
CB001007,TXN006833,CUST01577,MER06818,2024-04-03,1416.1,Fraud Suspected,Won
CB001008,TXN006940,UNKNOWN,MER03318,2024-11-02,47453.13,Unauthorized Transaction,Under Review
CB001009,TXN009406,CUST02169,MER00160,2024-07-14,4284.35,Unauthorized Transaction,Open
CB001010,TXN009237,CUST05448,MER06572,2024-06-29,17185.14,Service Not Received,Won
CB001011,TXN003857,CUST08104,MER06266,2025-01-22,96209.69,Service Not Received,Open
CB001012,TXN006449,CUST07301,MER08940,2024-02-14,7133.53,Product Not Received,Lost
CB001013,TXN003710,CUST02937,MER09741,2024-11-24,991.14,Service Not Received,
CB001014,TXN001773,CUST06937,MER04751,2024-12-25,5392.84,Unauthorized Transaction,Under Review
CB001015,TXN003661,CUST08747,MER03688,2024-06-24,43136.3,Service Not Received,Open
CB001016,,CUST00631,MER01343,2024-07-29,14985.2,Fraud Suspected,Open
CB001017,TXN008969,CUST01610,UNKNOWN,2024-06-02,21243.34,Product Not Received,Lost
CB001018,TXN009342,CUST07941,MER04595,2024-07-08,1318.63,Fraud Suspected,Won
CB001019,TXN004007,CUST00139,MER09689,2024-03-24,899.51,Service Not Received,Won
CB001020,TXN009096,CUST01665,MER08714,2024-11-04,103510.68,Product Not Received,Open
CB001021,TXN009669,CUST03937,MER00872,2024-05-17,720.88,Product Not Received,Under Review
CB001022,TXN006968,CUST05520,MER07584,2024-08-24,2815.68,Product Not Received,Won
CB001023,TXN003642,CUST01117,MER01417,2024-08-12,940.87,Service Not Received,Lost
CB001024,TXN006624,CUST09009,MER07680,2024-02-08,18682.6,Duplicate Charge,Open
CB001025,TXN000696,CUST02143,MER01016,2024-05-12,183.89,Unauthorized Transaction,Under Review
CB001026,TXN000708,CUST04735,MER05533,2024-07-04,62010.48,Duplicate Charge,Lost
,TXN006603,CUST03577,MER03783,2024-08-25,11050.76,Unauthorized Transaction,Lost
CB001028,TXN008527,CUST05227,MER09518,2024-04-12,1541.55,Service Not Received,Won
CB001029,TXN009505,CUST02741,MER02612,2024-03-10,745.35,Duplicate Charge,Open
CB001030,TXN001194,CUST08507,MER05469,2024-09-17,34798.63,Service Not Received,Open
CB001031,TXN004289,CUST08213,MER03718,2024-02-11,974.56,Fraud Suspected,Won
CB001032,TXN001267,CUST08785,MER05843,2024-07-27,1920.82,Unauthorized Transaction,Under Review
CB001033,TXN005558,CUST08734,MER04095,2024-04-16,36895.23,,Open
CB001034,TXN007572,CUST03986,MER02700,2024-11-02,8556.58,Service Not Received,Open
CB001035,TXN003318,CUST05660,MER00793,2025-01-12,465.36,Duplicate Charge,Lost
CB001036,TXN001268,CUST09550,MER08305,2024-12-27,44279.61,Service Not Received,Open
CB001037,TXN003449,CUST06913,MER02117,2024-09-21,46122.56,Product Not Received,Open
CB001038,TXN009012,CUST04299,MER09698,2024-02-16,62213.63,Duplicate Charge,Won
CB001039,TXN008935,CUST01790,,2024-04-30,,Fraud Suspected,Under Review
CB001040,TXN005020,CUST06108,MER01272,2024-07-05,2222.72,Unauthorized Transaction,Lost
CB001041,TXN005659,CUST02802,MER05017,2024-10-17,35717.25,Duplicate Charge,Lost
CB001042,TXN005336,CUST04518,MER03974,2024-05-16,13263.32,Fraud Suspected,Lost
CB001043,TXN006886,CUST08282,MER02097,2024-09-28,8161.26,Fraud Suspected,Won
CB001044,TXN003293,CUST05200,MER04025,2024-01-24,62088.03,Duplicate Charge,Open
CB001045,TXN003036,CUST07925,MER07499,2024-12-31,106423.4,Unauthorized Transaction,Under Review
CB001046,TXN001448,CUST01716,MER05629,2024-03-13,2334.55,Fraud Suspected,Won
CB001047,TXN009912,CUST04119,MER09808,2024-03-12,N/A,Product Not Received,Under Review
CB001048,TXN003284,CUST09741,MER05448,2024-02-18,1519.77,Unauthorized Transaction,Under Review
CB001049,TXN003839,CUST04481,MER08363,2024-02-27,20646.94,Unauthorized Transaction,Won
CB001050,TXN006811,CUST02491,MER07523,2024-02-23,1166.78,Product Not Received,Open
CB001051,TXN005861,CUST00088,MER00913,2025-01-16,912.1,Service Not Received,Under Review
CB001052,TXN008199,CUST03473,MER06215,2024-10-05,888.65,Product Not Received,Lost
CB001053,TXN004153,CUST00291,MER04757,2024-08-08,707.19,Unauthorized Transaction,Under Review
CB001054,TXN009754,CUST08832,,2024-03-08,1415.76,Duplicate Charge,Lost
CB001055,TXN004362,CUST01826,MER04003,2024-04-01,70502.2,Unauthorized Transaction,Won
CB001056,TXN004763,CUST09013,MER03787,2024-11-28,1406.89,Duplicate Charge,Under Review
CB001057,TXN006618,CUST05538,MER07194,2024-11-21,10697.12,Unauthorized Transaction,Open
CB001058,TXN003983,CUST07007,MER03611,2024-05-15,448.18,Fraud Suspected,Lost
CB001059,TXN000941,CUST00158,MER00403,2024-05-09,302.92,Fraud Suspected,Won
CB001060,TXN008264,CUST09033,MER03959,2024-10-04,18344.7,Fraud Suspected,Open
CB001061,TXN003512,CUST08902,MER07475,2024-09-10,67045.38,Service Not Received,Open
CB001062,TXN008599,CUST09628,MER01026,2024-05-22,1036.05,Unauthorized Transaction,Open
CB001063,TXN001172,CUST07689,MER05962,2024-06-28,33270.93,Service Not Received,Under Review
CB001064,TXN006333,CUST01550,MER02752,2024-10-24,N/A,Service Not Received,Open
CB001065,TXN005180,CUST08555,MER08895,2024-02-11,24871.08,Service Not Received,Lost
CB001066,TXN004968,CUST03272,MER09532,2024-12-30,32865.03,Duplicate Charge,Open
,TXN002971,CUST00986,MER05937,2024-09-04,45030.78,Unauthorized Transaction,Open
CB001068,TXN006832,CUST08103,MER09892,2024-09-10,7862.46,Unauthorized Transaction,Open
CB001069,TXN001795,CUST08606,MER02499,2024-09-20,1869.35,Duplicate Charge,Won
CB001070,TXN002285,CUST08300,MER02926,2024-12-14,45242.65,Product Not Received,Under Review
CB001071,TXN008331,CUST04596,MER06609,2024-08-20,8564.95,Service Not Received,Open
CB001072,TXN006558,CUST01987,MER04279,2024-05-03,20482.96,Duplicate Charge,Lost
CB001073,TXN000261,CUST05433,MER08263,2024-11-27,17885.4,Product Not Received,Open
CB001074,TXN004248,CUST00664,MER07336,2024-05-26,1779.23,Unauthorized Transaction,Open
CB001075,TXN009867,CUST05400,MER02898,2024-05-02,76.38,Duplicate Charge,Open
CB001076,TXN001893,CUST02853,MER01835,2024-05-17,8921.91,Service Not Received,Lost
CB001077,TXN004399,CUST01399,MER00227,2024-07-07,18986.3,Service Not Received,Open
CB001078,TXN006318,CUST06910,MER02346,2024-07-26,45592.81,Unauthorized Transaction,Won
CB001079,TXN004144,CUST03778,MER07799,2024-01-21,484.2,Product Not Received,Lost
CB001080,TXN003527,CUST00048,MER08969,2025-01-24,772.22,Service Not Received,Lost
CB001081,TXN008437,CUST02856,MER05363,2024-08-30,495.76,Duplicate Charge,Open
CB001082,TXN007036,CUST06808,MER03096,2024-03-09,1336.19,Unauthorized Transaction,Under Review
CB001083,TXN006271,CUST05788,MER03514,2024-12-12,14978.7,Unauthorized Transaction,Under Review
CB001084,TXN009994,CUST05998,MER09921,2024-02-25,1213.8,Fraud Suspected,Open
CB001085,TXN006425,CUST04087,MER05244,2024-10-28,1996.29,Service Not Received,Under Review
CB001086,TXN004007,CUST00139,MER09689,2024-02-28,1034.44,,Under Review
CB001087,TXN004916,,MER03727,2024-07-01,9422.35,Duplicate Charge,Open
CB001088,TXN008822,CUST00476,MER01788,2024-12-20,36723.82,Product Not Received,Won
CB001089,TXN001231,CUST08957,MER09169,2024-12-09,16712.64,Unauthorized Transaction,Won
CB001090,TXN000147,CUST08257,MER09303,2024-04-05,23435.44,Fraud Suspected,Open
CB001091,TXN004296,CUST02056,MER02300,2024-02-09,21163.24,Unauthorized Transaction,Under Review
CB001092,TXN005473,CUST06835,MER00302,2024-09-02,1286.03,Service Not Received,Lost
CB001093,TXN009306,CUST05429,MER04527,2024-06-09,6968.49,Duplicate Charge,Open
CB001094,TXN007881,CUST05192,MER00173,2024-12-04,7998.28,Product Not Received,Lost
CB001095,,CUST09852,MER06278,2024-03-27,75041.05,Duplicate Charge,Lost
CB001096,TXN004405,CUST03962,MER01352,2024-12-24,380.48,Fraud Suspected,Under Review
CB001097,TXN003870,CUST01915,MER06102,2024-02-06,1333.2,Product Not Received,Lost
CB001098,TXN001610,CUST00343,MER08999,2024-05-10,1976.08,Service Not Received,Won
CB001099,TXN005773,CUST00917,MER00028,2024-05-12,2282.0,Unauthorized Transaction,Open
CB001100,TXN003964,CUST09331,MER03335,2024-04-06,67506.87,Unauthorized Transaction,Lost
CB001101,TXN003058,CUST02834,MER07520,2024-08-07,30182.36,Unauthorized Transaction,Under Review
CB001102,TXN004865,CUST02564,MER06825,2024-06-08,16472.26,Service Not Received,Under Review
CB001103,TXN007035,CUST03389,MER04980,2024-05-30,36489.61,Unauthorized Transaction,Won
CB000822,TXN000084,CUST06466,MER03062,2025-01-14,344.56,Product Not Received,Open
CB001105,TXN004670,CUST00509,MER00999,2024-07-18,18656.86,Product Not Received,Won
CB001106,TXN007159,UNKNOWN,MER06800,2024-01-27,88967.22,Product Not Received,Open
CB001107,TXN001542,CUST01661,MER09804,2024-10-24,82232.77,Product Not Received,Lost
CB001108,TXN008769,CUST05644,MER07687,2024-05-24,6617.82,Service Not Received,Lost
CB001109,TXN004806,CUST01244,MER00997,2024-05-30,42595.87,Product Not Received,Won
CB001110,TXN004065,CUST05952,MER02334,2024-10-07,24221.25,Fraud Suspected,Won
CB001111,TXN002946,CUST03191,MER06901,2024-08-02,14639.38,Fraud Suspected,Open
CB001112,TXN002160,CUST08433,MER08984,2024-09-22,52461.93,Product Not Received,Won
CB001113,TXN005129,CUST04396,MER04344,2024-06-24,2688.15,Product Not Received,Lost
CB001114,TXN000636,CUST01974,MER08097,2024-09-15,1328.15,Duplicate Charge,
CB001115,TXN001234,CUST07038,MER05432,2024-05-13,24427.89,Duplicate Charge,Open
CB001116,TXN005158,CUST01391,MER04798,2024-03-26,41762.8,Service Not Received,Under Review
CB001117,TXN008339,CUST01447,MER07197,2024-03-30,10863.58,Duplicate Charge,Won
CB001118,TXN006006,CUST06177,MER04845,2024-04-12,22702.98,Product Not Received,Won
CB001119,TXN004839,CUST03154,MER07401,2024-12-06,1126.87,Product Not Received,Under Review
CB001120,TXN006220,CUST03244,MER06657,2024-05-10,3474.4,Fraud Suspected,
CB001121,TXN004094,CUST06076,MER05286,2025-01-31,,Duplicate Charge,Won
CB001122,TXN007870,CUST01104,MER00985,2024-09-24,21596.09,Unauthorized Transaction,Open
CB001123,TXN002376,CUST00825,MER07178,2024-08-20,11195.23,Fraud Suspected,Under Review
CB001124,,CUST01956,MER02194,2024-11-27,4224.69,Service Not Received,Won
CB001125,UNKNOWN,CUST07887,MER04209,2024-01-29,4961.48,Product Not Received,Under Review
CB001126,TXN003718,CUST05623,MER07703,2024-10-05,49474.77,Product Not Received,Lost
CB001127,TXN006565,CUST01099,MER04990,2024-06-29,12187.06,Product Not Received,Open
CB001128,TXN007869,CUST00968,MER02162,2024-12-12,5988.18,Fraud Suspected,Open
CB001129,TXN001458,CUST00078,,2024-04-21,1331.1,Unauthorized Transaction,Won
CB001130,TXN000967,CUST08204,MER02024,2024-07-17,628.39,Product Not Received,Lost
CB001131,TXN006650,CUST02452,MER01267,2024-02-08,404.6,Unauthorized Transaction,Under Review
CB001132,TXN008301,CUST00532,MER03760,2024-03-17,1893.39,Unauthorized Transaction,Open
CB001133,TXN004391,CUST05555,MER09115,2024-10-31,1294.61,Service Not Received,Open
CB001134,TXN006722,CUST00400,MER08045,2025-02-24,27268.94,Duplicate Charge,Open
CB001135,TXN000462,CUST04453,MER00556,2024-05-11,56509.44,Fraud Suspected,Open
CB001136,TXN001687,,MER02373,2024-03-09,20803.61,Duplicate Charge,Under Review
CB001137,TXN009747,CUST07227,MER02128,2024-02-21,908.62,Service Not Received,Won
CB001138,TXN001246,CUST05249,MER06574,2024-11-06,N/A,Duplicate Charge,Under Review
CB001139,TXN008345,,MER00863,2024-08-14,306.52,Product Not Received,Open
CB001140,TXN009109,CUST07210,MER00290,2024-11-16,6801.88,Duplicate Charge,Under Review
CB001141,TXN003784,CUST04614,MER04617,2025-01-11,514.16,Fraud Suspected,Won
CB001142,TXN008716,CUST04524,MER06452,2024-11-15,18791.25,Service Not Received,Under Review
CB001143,TXN006252,,MER03438,,97349.77,Unauthorized Transaction,Open
CB001144,TXN005141,CUST05656,MER02013,2024-11-19,735.37,Service Not Received,Open
CB001145,TXN008904,CUST01910,MER08572,2024-09-07,479.14,Service Not Received,Under Review
CB001146,TXN009850,CUST03096,MER06471,2024-12-05,16929.74,Product Not Received,Won
CB001147,TXN001276,CUST05837,MER02183,2024-12-04,1218.7,Fraud Suspected,Open
CB001148,TXN001229,CUST03703,MER02887,2024-05-19,4236.52,Product Not Received,Under Review
CB001149,TXN000855,CUST04143,MER01881,2024-02-10,410.45,Product Not Received,Open
CB001150,TXN007394,CUST09555,MER07375,2024-10-05,114137.5,Unauthorized Transaction,Won
CB001151,TXN003331,CUST04526,MER00861,2024-03-12,971.57,Service Not Received,Open
CB001152,TXN006322,CUST06575,MER01833,2024-02-09,87998.92,Fraud Suspected,Open
CB001153,TXN003218,CUST00981,MER03117,2025-01-30,1639.71,Product Not Received,Lost
CB001154,TXN003056,CUST06203,MER01590,2024-07-31,591.11,Service Not Received,Won
CB001155,TXN001127,CUST04237,MER09587,2025-01-29,N/A,Fraud Suspected,Lost
CB001156,TXN009307,CUST03479,MER06471,2024-10-09,104124.52,Service Not Received,Open
CB001157,TXN006019,CUST04153,MER07550,2024-01-19,49314.76,Duplicate Charge,Open
CB001158,TXN008600,CUST08061,MER05793,2024-02-24,422.76,Unauthorized Transaction,Won
CB001159,TXN003293,CUST05200,MER04025,2024-01-29,53989.59,Product Not Received,Lost
CB001160,,CUST04858,MER06754,2024-12-24,1600.76,Product Not Received,Won
CB001161,TXN006585,CUST02842,MER00962,2024-05-05,50306.31,Duplicate Charge,Open
CB001162,TXN001851,CUST04550,MER02942,2024-08-13,15014.48,Service Not Received,Under Review
CB001163,TXN009263,CUST02334,MER06605,2024-04-07,437.89,Duplicate Charge,Won
CB001164,TXN006838,CUST08885,MER08512,2024-01-22,32794.71,Duplicate Charge,Won
CB001165,TXN002912,CUST02395,MER03278,2024-03-21,18809.29,Service Not Received,Under Review
CB001166,TXN001116,CUST08444,MER02391,2024-06-25,407.99,Product Not Received,Under Review
CB001167,TXN004111,CUST01197,MER06965,2024-04-03,15779.99,Fraud Suspected,Under Review
CB001168,TXN009974,CUST06694,MER08194,2024-11-15,1568.58,Product Not Received,Won
CB001169,TXN008859,CUST02491,MER04679,2024-11-29,85600.07,Service Not Received,Won
CB001170,TXN006070,CUST08348,MER05649,2024-03-27,32240.17,Product Not Received,
CB001171,TXN000512,CUST00327,,2024-08-11,74667.8,Unauthorized Transaction,Won
CB001172,TXN004954,CUST04689,MER07224,2024-04-07,2233.38,Service Not Received,Open
CB001173,TXN004768,CUST01462,MER01021,2025-01-04,2565.47,Duplicate Charge,Open
CB001174,TXN008059,CUST00976,MER01363,2024-11-16,117.56,Service Not Received,Open
CB001175,TXN005407,CUST00948,MER08237,,6787.82,Unauthorized Transaction,Open
CB001176,TXN009451,CUST09611,MER08133,2024-11-18,85496.93,Service Not Received,Under Review
CB001177,TXN003271,CUST07628,MER01952,2024-11-26,900.45,Unauthorized Transaction,Won
CB001178,TXN002414,UNKNOWN,MER04853,2024-09-19,44618.41,Unauthorized Transaction,Under Review
CB001179,TXN002084,CUST04410,MER08920,2024-06-14,524.68,Fraud Suspected,Open
CB001180,TXN000682,CUST05387,MER07252,2024-05-31,8272.48,Service Not Received,Under Review
CB001181,TXN005932,CUST00193,MER03270,2024-04-30,32077.52,Product Not Received,Won
CB001182,TXN002733,CUST07339,MER01184,2024-04-16,78715.31,Duplicate Charge,Under Review
CB001183,TXN002436,CUST08475,MER07547,2024-11-24,54778.96,Unauthorized Transaction,Lost
CB001184,TXN005421,CUST09750,MER04179,2025-01-14,17603.17,Duplicate Charge,Open
CB001185,TXN008178,CUST06459,MER07368,2024-04-22,12769.79,Fraud Suspected,Open
CB001186,TXN005352,CUST07856,MER09698,2024-08-10,883.69,Unauthorized Transaction,Open
CB001187,TXN005982,CUST01026,MER05110,2024-04-25,91023.63,Fraud Suspected,Under Review
CB001188,TXN004430,CUST04631,MER09097,2024-02-23,9784.68,Duplicate Charge,Won
CB001189,TXN004463,CUST09287,MER02996,2024-09-21,170.04,Duplicate Charge,Lost
CB001190,TXN004709,CUST07637,MER00930,2025-01-23,6931.88,Product Not Received,Under Review
CB001191,TXN007396,CUST06368,MER03501,2024-02-06,957.26,Duplicate Charge,Won
CB001192,TXN002086,CUST02801,MER04572,2024-07-11,10712.46,Fraud Suspected,Under Review
CB001193,TXN000814,CUST06950,MER06791,2024-10-07,1997.05,Product Not Received,Under Review
CB001194,TXN008796,CUST05584,MER08195,2024-10-03,7944.64,Duplicate Charge,Open
CB001195,TXN003842,CUST04270,MER00339,2024-11-05,12494.36,Fraud Suspected,Won
CB001196,TXN009190,CUST01119,MER09109,2024-04-05,86.39,Duplicate Charge,Open
CB001197,TXN003001,CUST09817,MER01228,2025-01-03,4880.11,Duplicate Charge,Under Review
CB001198,TXN002876,CUST09648,MER00267,2024-08-30,111260.94,Unauthorized Transaction,Lost
CB001199,TXN002891,CUST05121,MER04186,2024-12-14,66464.75,Unauthorized Transaction,Open
CB001200,TXN004496,CUST03945,MER06987,2024-08-16,77227.37,Product Not Received,Won
CB001201,TXN008049,CUST06223,MER08857,2024-09-14,21322.62,Product Not Received,Won
CB001202,TXN007567,CUST08202,MER07813,,60869.29,Fraud Suspected,Open
CB001203,TXN005023,CUST09695,MER08386,2024-03-16,42867.96,Duplicate Charge,Open
CB001204,TXN003723,CUST09110,MER01777,2024-12-09,12260.48,Unauthorized Transaction,Lost
CB001205,TXN006132,CUST04130,MER05477,2024-07-19,93544.88,Fraud Suspected,Lost
CB001206,TXN000232,CUST08797,MER03196,2024-05-31,945.18,Duplicate Charge,Won
CB001207,TXN008506,CUST04197,MER08377,2024-05-11,57651.23,Service Not Received,Open
CB001208,TXN007823,CUST09755,MER07033,2024-11-18,1346.16,Duplicate Charge,Open
CB001209,TXN009362,CUST08709,MER08845,2024-12-29,49272.94,Service Not Received,Won
CB001210,TXN003755,CUST02534,MER08792,2024-08-22,45322.04,Unauthorized Transaction,Lost
CB001211,TXN006108,CUST06773,MER00804,2024-09-15,12529.71,Fraud Suspected,Under Review
CB001212,TXN008297,CUST05605,MER09759,2024-03-31,61380.38,Unauthorized Transaction,Won
CB001213,TXN007074,CUST05155,MER03179,2024-07-05,11924.05,Service Not Received,Lost
CB001214,TXN002155,CUST05274,MER04443,2024-10-26,57606.13,Fraud Suspected,Under Review
CB001215,TXN002399,CUST02918,MER08953,2024-02-24,450.36,Service Not Received,Under Review
CB001216,TXN001279,CUST08636,MER05479,2024-03-01,27117.64,Fraud Suspected,Under Review
CB001217,TXN002794,CUST07048,MER07958,2024-03-15,1990.14,Duplicate Charge,Won
CB001218,TXN003214,CUST06794,MER06753,2024-03-10,49182.18,Service Not Received,Under Review
CB001219,TXN009504,CUST00476,MER05332,2024-08-12,,Duplicate Charge,Lost
CB001220,TXN003569,CUST09846,MER04496,2024-03-02,87089.36,Service Not Received,Open
CB001221,TXN000775,CUST05160,MER07759,2024-11-05,7969.62,Fraud Suspected,Won
CB001222,TXN007529,CUST02668,MER05872,2024-09-11,19942.31,Unauthorized Transaction,Won
CB001223,TXN009801,CUST07773,MER02584,2024-12-19,9575.9,Duplicate Charge,Open
CB001224,TXN000821,CUST04057,MER02634,2024-09-03,93464.06,Service Not Received,Under Review
CB001225,TXN005485,CUST07225,MER00022,2024-03-02,1358.32,Product Not Received,Lost
,TXN006091,CUST03800,,2025-01-04,33636.92,Fraud Suspected,Lost
CB001227,TXN004757,CUST08645,MER03816,2024-05-05,21765.06,Fraud Suspected,Lost
CB001228,TXN008278,CUST07432,MER04384,2024-02-29,814.76,Fraud Suspected,Lost
CB001229,TXN004634,CUST00593,MER07524,2024-11-04,14692.88,Duplicate Charge,Open
CB001230,TXN008964,CUST07530,MER04374,2024-02-22,175.44,Unauthorized Transaction,Open
CB001231,TXN002893,CUST06951,MER00294,2024-11-28,3075.34,Duplicate Charge,Open
CB001232,TXN006796,CUST00614,MER06783,2024-12-17,668.91,Service Not Received,Under Review
CB001233,TXN001841,CUST06763,MER05515,2024-02-18,1467.66,Unauthorized Transaction,
CB001234,TXN005258,CUST03222,MER05215,2024-03-13,38128.94,Duplicate Charge,Open
CB001235,TXN009999,CUST06966,MER03142,2024-07-16,51253.27,Fraud Suspected,Open
CB001236,TXN005599,CUST06267,MER07672,2024-05-02,2446.96,Service Not Received,Won
CB001237,TXN009277,CUST00812,MER09026,2024-02-08,1954.7,Duplicate Charge,Under Review
CB001238,TXN008664,CUST02338,MER03202,2024-12-28,596.49,Product Not Received,Under Review
CB001239,TXN008516,CUST01551,MER01211,2024-04-04,1295.6,Unauthorized Transaction,Lost
CB001240,TXN002652,CUST01257,MER07769,2024-11-05,5609.82,Duplicate Charge,Under Review
CB001241,TXN004029,CUST06283,MER05600,2024-05-21,2216.41,Service Not Received,Under Review
CB001242,TXN005893,CUST09928,MER01817,2024-08-28,5042.48,Product Not Received,Lost
CB001243,TXN009123,CUST07401,MER08878,2024-03-19,77984.73,Service Not Received,Open
CB001244,TXN009949,CUST03877,MER09933,2024-09-18,256.73,Unauthorized Transaction,Won
CB001245,TXN001801,CUST09281,MER01495,2024-02-10,3957.18,Fraud Suspected,Open
CB001246,TXN006221,CUST01128,MER02566,2024-11-07,65040.99,Duplicate Charge,Lost
CB001247,TXN005156,CUST06489,MER03912,2024-07-08,1517.88,Unauthorized Transaction,Under Review
CB001248,TXN000704,CUST00396,MER07053,2024-05-25,9909.13,Service Not Received,Under Review
CB001249,TXN007579,CUST08363,MER04725,2025-01-19,5439.4,Service Not Received,Lost
CB001250,TXN001204,CUST07123,MER09846,2024-09-25,44855.16,Product Not Received,Under Review
CB001251,TXN006005,CUST08235,MER08548,2024-03-04,18511.1,Unauthorized Transaction,Under Review
CB001252,TXN002658,CUST01715,MER08313,2024-02-21,38300.7,Service Not Received,Won
CB001253,TXN001203,CUST07947,MER00685,2024-12-27,87470.15,Product Not Received,Won
CB001254,TXN007495,CUST09251,MER00803,2024-03-17,14738.2,Fraud Suspected,Open
CB001255,TXN000924,CUST01577,MER08055,2024-07-26,64124.13,Fraud Suspected,Under Review
CB001256,TXN009781,CUST06157,MER04797,2024-05-11,129.39,Fraud Suspected,Open
CB001257,TXN004827,CUST02756,MER05425,2024-12-15,45008.42,Duplicate Charge,Lost
CB001258,TXN002825,CUST03456,MER03750,2024-09-03,33576.79,Product Not Received,Won
CB001259,TXN006692,CUST00889,MER03532,2024-07-09,636.62,Service Not Received,Won
CB001260,TXN005706,CUST00666,MER09283,2024-03-04,621.7,Service Not Received,Won
CB001261,TXN007317,CUST00329,MER02662,,44.81,Unauthorized Transaction,Under Review
CB001262,TXN009235,CUST06903,MER07252,2024-10-19,6787.86,Product Not Received,Open
CB001263,TXN000501,CUST06480,MER09064,2024-11-20,31451.52,Product Not Received,Open
CB001264,TXN005324,CUST02055,MER02872,2024-07-27,22142.58,Unauthorized Transaction,Open
CB001265,TXN009761,CUST08058,MER03855,2024-11-25,226.73,Unauthorized Transaction,Lost
CB001266,TXN009056,CUST03423,MER08137,2024-10-29,,Unauthorized Transaction,Lost
CB001267,TXN002174,CUST04951,MER07538,2024-05-17,30012.67,Product Not Received,Under Review
CB001268,TXN001159,CUST03651,MER03658,2024-12-03,60341.23,Fraud Suspected,Under Review
CB001269,TXN007663,CUST08599,MER02338,2024-02-11,91027.24,Service Not Received,Won
CB001270,TXN001271,CUST04986,MER01609,2024-07-24,1522.86,Service Not Received,Open
CB001271,TXN005833,CUST09374,MER06565,2024-05-19,422.1,Fraud Suspected,Under Review
CB001272,TXN008355,CUST03142,MER00638,2024-11-27,85766.79,Unauthorized Transaction,Won
CB001273,TXN002326,CUST06981,MER06301,2024-03-24,1011.87,Unauthorized Transaction,Under Review
CB001274,TXN001166,CUST05304,MER00662,2024-11-05,7910.58,Service Not Received,Under Review
CB001275,TXN001325,CUST04399,MER02755,2024-04-22,45166.96,Service Not Received,Under Review
CB001276,TXN001620,CUST02748,MER00828,2024-03-31,6964.54,Service Not Received,Under Review
CB001277,TXN001868,CUST07819,MER05372,2024-07-05,28938.94,Fraud Suspected,Won
CB003990,TXN006170,CUST07321,MER04939,2024-10-16,4548.52,Unauthorized Transaction,Under Review
CB001279,TXN005456,CUST09945,MER03453,2024-05-01,22424.32,Fraud Suspected,Under Review
CB001280,TXN006857,CUST09545,MER08950,2024-08-25,1298.17,Product Not Received,Under Review
CB001281,TXN006934,CUST02003,MER09697,2024-10-02,113236.28,Service Not Received,Open
CB001282,TXN009025,CUST07815,MER02576,2024-08-06,11292.72,Fraud Suspected,Open
CB001283,TXN000255,CUST06333,MER09712,2024-04-09,48887.18,Fraud Suspected,Won
CB001284,TXN008957,CUST00592,MER06689,2025-01-31,769.71,,Won
CB001285,TXN009630,CUST02455,MER05534,2024-05-09,1201.98,Unauthorized Transaction,Lost
CB001286,TXN006901,CUST07635,MER08751,2024-01-24,63711.28,Fraud Suspected,Lost
CB001287,TXN004442,CUST06493,,2024-12-29,32468.96,Unauthorized Transaction,Under Review
CB001288,TXN004375,CUST06091,MER02417,2024-05-20,42156.95,Service Not Received,Open
CB001289,TXN001472,CUST09052,MER01994,2024-07-26,31067.71,Fraud Suspected,Lost
CB001290,TXN005046,CUST09815,MER03766,2024-10-20,18302.59,Duplicate Charge,Under Review
CB001291,TXN007404,CUST09158,MER00879,2025-01-14,123.66,Product Not Received,Won
CB002609,TXN003772,CUST03164,MER02060,,1865.55,Unauthorized Transaction,Won
CB001293,TXN005150,CUST02386,MER04785,2024-05-12,71361.12,Service Not Received,Open
,TXN001798,CUST04431,MER01399,2024-11-14,74748.38,Product Not Received,Lost
CB001295,TXN002687,CUST07453,MER09856,2024-11-17,1806.59,Duplicate Charge,Won
CB001296,TXN002968,CUST04448,,2025-02-02,34214.96,Fraud Suspected,Under Review
CB001297,TXN004739,CUST06988,MER03722,2024-03-10,27988.1,Unauthorized Transaction,Under Review
CB001298,TXN006787,CUST08727,MER08057,2024-02-15,17070.28,Service Not Received,Lost
CB001299,TXN004664,CUST05603,MER07753,2024-09-23,N/A,Service Not Received,Lost
CB001300,TXN003057,CUST08508,MER01646,2024-04-12,7523.42,Unauthorized Transaction,Lost
CB001301,TXN008545,CUST03071,MER07106,2024-09-28,71548.86,Product Not Received,Won
CB001302,TXN001404,CUST08464,MER04287,2024-03-03,10280.68,Product Not Received,Under Review
CB001303,TXN006645,CUST04292,MER01729,2024-04-09,3230.5,Service Not Received,Lost
CB001304,TXN009207,CUST03406,MER00259,2024-08-23,1761.26,Product Not Received,Open
CB001305,TXN006271,CUST05788,MER03514,2024-11-27,6512.48,Unauthorized Transaction,Under Review
CB001306,TXN005826,CUST03435,MER01779,2024-06-11,19016.74,Fraud Suspected,Won
,TXN005407,CUST00948,MER08237,2024-02-04,15611.99,Service Not Received,Under Review
CB001308,TXN007588,CUST09890,MER02797,2024-11-04,57842.96,Service Not Received,Under Review
CB001309,TXN004452,CUST05451,MER09822,2024-07-09,,Unauthorized Transaction,Open
CB001310,TXN007847,CUST05742,MER04291,2024-07-30,107.18,Product Not Received,Under Review
CB001311,TXN007889,CUST02624,MER03918,2024-02-10,1157.76,Product Not Received,Open
CB001312,TXN006065,CUST05269,MER00344,2024-04-26,52423.88,Unauthorized Transaction,Open
CB001313,TXN005803,CUST00532,,2024-04-27,5160.44,Service Not Received,Lost
CB001314,TXN000650,CUST06705,MER09178,2024-12-02,231.71,Unauthorized Transaction,Open
CB001315,TXN008373,CUST09358,MER03813,2025-01-12,1351.39,Service Not Received,Won
CB001316,TXN001812,CUST02015,MER09346,2024-08-13,34744.16,Fraud Suspected,Lost
CB001317,TXN002339,CUST09573,MER01135,2024-08-14,95057.69,Duplicate Charge,Under Review
CB001318,TXN000868,CUST02965,MER08600,2024-08-30,29114.18,Duplicate Charge,
CB001319,TXN000695,CUST00547,MER01508,2024-10-19,563.88,Product Not Received,Won
CB001320,TXN007583,CUST05521,MER05988,2024-07-06,48374.25,Product Not Received,Lost
CB001321,TXN001221,CUST02305,MER00853,2024-01-31,1899.51,Duplicate Charge,Open
CB001322,TXN006013,CUST08619,MER02786,2024-09-20,57025.66,Fraud Suspected,Lost
CB001323,TXN001849,CUST00306,,2024-10-06,10259.16,Fraud Suspected,Under Review
CB001324,TXN002158,CUST01510,MER02646,2024-12-17,91744.21,Product Not Received,Lost
CB001325,TXN004787,CUST05956,MER00632,2024-11-09,94928.48,Unauthorized Transaction,Open
CB001326,TXN003471,CUST03425,MER06086,2024-07-04,38180.28,Unauthorized Transaction,Open
CB001327,TXN008303,CUST07641,MER02892,2024-10-25,2290.84,Service Not Received,Under Review
CB001328,TXN000271,CUST06802,MER04508,2024-08-20,18151.83,Unauthorized Transaction,Open
CB001329,TXN002893,CUST06951,MER00294,2024-11-16,7073.28,Fraud Suspected,Under Review
CB001330,TXN000298,CUST06648,MER02149,2024-08-30,87604.54,Fraud Suspected,Open
CB001331,TXN009963,,MER02737,2024-03-22,10596.1,Service Not Received,Won
CB001332,TXN003081,CUST07740,MER05852,2024-09-16,66337.57,Duplicate Charge,Open
CB001333,TXN008224,CUST04949,MER09834,2025-01-10,98169.78,Duplicate Charge,Lost
CB001334,TXN005088,CUST09375,MER03144,2024-07-22,26999.32,Product Not Received,Won
CB001335,TXN006101,CUST01926,MER06128,2024-05-01,1408.16,Unauthorized Transaction,Won
,TXN008249,CUST07308,MER06911,2024-09-02,53556.58,Product Not Received,Open
CB001337,TXN000654,CUST09646,MER06184,2024-05-26,92.46,Product Not Received,Open
CB001338,TXN005567,CUST00515,MER02665,2024-09-10,17030.98,Service Not Received,Open
CB001339,TXN003090,CUST04241,MER00807,2024-03-24,42690.28,Service Not Received,Lost
CB001340,TXN001365,CUST06039,MER02324,2024-12-08,543.72,Product Not Received,Under Review
CB001341,TXN005357,CUST00588,MER06528,2024-10-31,8998.11,Unauthorized Transaction,Won
CB001342,TXN001894,CUST00448,MER07505,2024-06-01,15829.14,Product Not Received,Lost
CB001343,TXN003913,CUST03802,MER02565,2024-01-14,18669.66,Product Not Received,Under Review
CB001344,TXN000785,CUST06343,MER01869,,60130.62,Fraud Suspected,Lost
CB001345,TXN009804,CUST00523,MER03994,2024-02-05,99166.91,Fraud Suspected,Won
CB001346,TXN004936,CUST07578,MER05785,2024-06-29,11400.89,Unauthorized Transaction,Won
CB001347,TXN008806,CUST06164,MER05766,2024-08-09,1860.77,Duplicate Charge,Open
CB001731,TXN000075,CUST01966,MER07785,2024-10-20,6781.68,Service Not Received,Under Review
CB001349,TXN009484,CUST01249,MER06113,2024-08-17,53803.42,Duplicate Charge,Lost
CB001350,TXN003388,CUST06382,MER04554,2024-01-31,2526.36,Service Not Received,
CB001351,TXN008563,CUST07698,MER05281,2024-12-18,69001.82,Unauthorized Transaction,Won
CB001352,TXN002790,CUST08562,MER01465,2024-11-12,6139.13,Fraud Suspected,Open
CB001353,TXN001999,CUST06831,MER02621,2024-07-05,29002.98,Unauthorized Transaction,Open
CB001354,TXN009238,CUST05746,MER00075,2024-06-07,137.64,Product Not Received,Lost
CB001355,TXN005167,CUST00159,MER05719,2024-07-10,389.12,Product Not Received,Under Review
CB001356,TXN008459,CUST06179,MER06960,2024-02-26,1091.1,Product Not Received,Open
CB001357,TXN006103,CUST04911,MER01464,2024-10-09,11422.31,Unauthorized Transaction,Won
CB001358,TXN003924,CUST02256,MER06230,2024-03-28,3744.04,Fraud Suspected,Lost
CB001359,TXN000283,CUST02667,MER07095,2024-04-23,16775.04,Duplicate Charge,Under Review
CB001360,TXN004692,CUST06407,MER04002,2024-11-22,13429.9,Unauthorized Transaction,Won
CB001361,TXN001826,CUST04301,MER05953,2024-12-26,80174.09,Unauthorized Transaction,Lost
CB001362,TXN008152,CUST02906,MER02786,2024-02-24,1818.24,,Under Review
CB001363,TXN007201,CUST05510,MER03323,2024-04-21,6714.67,Service Not Received,Under Review
CB001364,TXN007603,CUST07066,MER03071,2024-07-29,1252.29,Fraud Suspected,Under Review
CB001365,TXN006073,CUST05383,MER08030,2024-01-27,1969.46,Duplicate Charge,Won
CB001366,TXN008451,CUST05664,MER08590,2024-11-29,32075.65,Duplicate Charge,Under Review
CB001367,TXN008230,CUST00153,MER09870,2024-03-17,26944.64,Unauthorized Transaction,Open
CB001368,TXN000492,CUST07845,MER03946,2024-09-24,1015.97,Duplicate Charge,Under Review
CB001369,TXN000635,CUST04951,MER08545,2024-10-26,285.57,Fraud Suspected,Open
CB001370,TXN007262,CUST01636,MER04434,2024-12-26,1259.89,Fraud Suspected,Under Review
CB001371,TXN002713,CUST05755,MER00396,2024-10-21,6457.58,Service Not Received,Won
CB001372,TXN000478,CUST01219,MER06603,2024-05-26,937.5,Fraud Suspected,Under Review
CB001373,TXN004066,CUST05180,MER08682,2024-03-12,101345.87,Unauthorized Transaction,Lost
CB001374,TXN000363,CUST00536,MER03162,2024-03-15,185.18,Fraud Suspected,Lost
CB001375,TXN007678,CUST08723,MER00931,2024-01-28,9638.28,Duplicate Charge,Under Review
CB001376,TXN001480,CUST08279,MER00387,2024-04-15,2245.78,Duplicate Charge,Under Review
CB001377,TXN005354,CUST05901,MER09820,2024-03-05,27704.56,Service Not Received,Open
CB001378,TXN006025,CUST02943,MER02622,2024-11-08,3156.76,Service Not Received,Open
CB001379,TXN008593,CUST08104,MER01402,2024-09-08,599.86,Service Not Received,Open
CB001380,TXN008297,UNKNOWN,MER09759,2024-02-05,61380.38,Unauthorized Transaction,Lost
CB001381,TXN002542,CUST07139,MER05032,2024-12-23,1352.32,Duplicate Charge,Open
CB001382,TXN009563,CUST00599,MER06230,2025-01-16,90.51,Product Not Received,Under Review
CB001383,,CUST09047,MER04228,2024-02-27,80085.41,Product Not Received,Open
CB001384,TXN006004,CUST02965,MER03452,2024-07-11,15684.92,Fraud Suspected,Under Review
CB001385,TXN000406,CUST02317,MER03756,2024-11-10,7124.52,Duplicate Charge,Lost
CB001386,TXN007851,CUST01541,MER02322,2024-02-13,13638.78,Duplicate Charge,Open
CB001387,TXN006744,CUST06265,MER05241,2024-06-06,10098.8,Service Not Received,Under Review
CB001388,TXN008453,CUST07431,,2024-07-21,924.62,Unauthorized Transaction,Open
CB001389,TXN003088,CUST04859,MER06762,2024-08-12,9453.17,Unauthorized Transaction,Open
CB001390,TXN005891,CUST03054,MER01830,2024-11-12,65969.56,Service Not Received,Won
CB001391,TXN007963,CUST07638,MER08168,2024-09-19,38667.45,Product Not Received,Under Review
CB001392,TXN002104,CUST04507,MER06605,2024-01-10,4741.44,Service Not Received,Won
CB001393,TXN000190,CUST04219,MER06787,2024-08-26,35914.1,Product Not Received,Under Review
CB001394,TXN005245,CUST06896,MER04260,2024-02-10,12917.93,Service Not Received,Won
CB001395,TXN005698,CUST08789,MER08592,2024-07-09,9611.68,Service Not Received,Won
CB001396,TXN006233,CUST03500,MER06840,2024-06-03,88337.62,Product Not Received,Open
CB001397,TXN004753,CUST00009,MER00308,2024-12-08,12256.77,Product Not Received,Open
CB001398,TXN007336,CUST09412,MER07554,2025-01-03,688.57,Unauthorized Transaction,Lost
CB001399,TXN008716,CUST04524,MER06452,2024-12-07,18791.25,Fraud Suspected,Lost
CB001400,TXN000511,CUST09525,MER05878,2024-06-11,7147.77,Fraud Suspected,Won
CB001401,TXN003713,CUST05618,MER05237,2024-09-08,52541.68,Product Not Received,Won
CB001402,TXN004849,,MER08057,2024-08-19,58701.66,Fraud Suspected,Won
CB001403,TXN006602,CUST01846,MER03388,2024-11-01,90978.87,Duplicate Charge,Lost
CB001404,TXN005544,CUST09895,MER01921,2024-09-27,13483.21,Product Not Received,Open
CB001405,TXN000864,CUST01956,MER06801,2024-03-23,,Fraud Suspected,Open
CB001406,TXN003230,CUST00168,MER03415,2024-08-01,1792.02,Unauthorized Transaction,Open
CB001407,TXN000208,CUST03309,MER07080,2024-11-05,34947.36,Fraud Suspected,Under Review
CB001408,TXN009014,CUST01131,MER09837,2024-11-22,117.91,Unauthorized Transaction,Open
CB001409,TXN007813,CUST01463,MER07541,2024-07-22,1786.75,Product Not Received,Under Review
CB001410,TXN005297,CUST07545,MER02209,2024-08-04,19418.64,Unauthorized Transaction,Under Review
CB001411,TXN007259,CUST02616,MER04015,2024-06-09,78832.04,Service Not Received,Won
CB001412,TXN007329,CUST03041,MER03138,2024-09-19,407.54,Fraud Suspected,Open
,TXN007557,,MER06787,2025-02-04,96882.43,Unauthorized Transaction,
CB001414,TXN006906,CUST08279,MER08583,2024-11-21,333.89,Fraud Suspected,Lost
CB001415,TXN000864,CUST01956,MER06801,2024-02-09,11955.02,Duplicate Charge,Under Review
CB001416,TXN004625,CUST09305,MER02883,2024-09-17,6808.98,Duplicate Charge,Open
CB001417,TXN005492,CUST05258,MER03427,2024-04-13,18371.57,Product Not Received,Won
CB001418,TXN003186,CUST04296,MER07654,2024-03-07,465.14,Fraud Suspected,Won
CB001419,TXN002475,CUST02185,MER03054,2024-07-10,448.0,Product Not Received,Open
CB001420,TXN002755,CUST01840,MER09402,2025-01-24,10970.69,Product Not Received,Under Review
CB001421,TXN009459,CUST05156,MER06149,2024-11-30,731.01,Duplicate Charge,Under Review
CB001422,TXN007587,CUST00833,MER00080,2024-04-04,4458.14,Unauthorized Transaction,Lost
CB001423,TXN002741,CUST07493,MER03137,2024-04-10,1676.68,Product Not Received,Open
CB001424,TXN007573,CUST06708,MER04440,2024-11-20,12419.22,Service Not Received,Open
CB001425,TXN008169,CUST04293,MER08565,2024-02-22,7630.34,Service Not Received,Under Review
CB001426,TXN007106,CUST06020,MER07787,2024-03-13,1697.89,Fraud Suspected,Open
CB001427,TXN002996,CUST04240,MER00900,2024-07-19,670.0,Unauthorized Transaction,Won
CB001428,TXN005970,CUST05686,MER09501,2025-01-16,37518.09,Service Not Received,Won
CB001429,TXN003919,CUST03277,MER00371,2024-02-09,30093.82,Service Not Received,Under Review
CB001430,TXN007585,CUST00998,MER06877,2024-06-21,1844.85,Unauthorized Transaction,Open
CB001431,TXN000099,CUST03258,MER00477,2024-10-24,419.34,Product Not Received,Under Review
CB001432,TXN003931,CUST01339,MER07931,2024-05-29,104805.78,Service Not Received,Under Review
CB001433,TXN004079,CUST02710,MER07778,2025-01-04,7206.81,Duplicate Charge,Open
CB001434,TXN003478,CUST08115,MER06198,2024-09-06,453.66,Product Not Received,Lost
CB001435,TXN005533,CUST04801,MER04606,2024-09-11,1203.53,Product Not Received,Won
CB001436,TXN006672,CUST07788,MER05775,2024-07-07,32033.42,Fraud Suspected,Open
CB001437,TXN008605,CUST02715,MER04316,2024-11-26,4482.25,Unauthorized Transaction,Won
CB001438,TXN009284,CUST03005,MER05983,2024-08-11,6825.36,Duplicate Charge,Open
CB001439,TXN004837,CUST09873,MER06154,2024-12-15,844.04,Duplicate Charge,Won
CB001440,TXN007965,CUST08461,MER02675,2025-01-31,3483.81,Duplicate Charge,Open
CB001441,TXN006919,CUST06031,MER03476,2024-08-08,2524.66,Product Not Received,Lost
CB001442,TXN006697,CUST00435,MER09493,2024-12-14,220.54,Service Not Received,Open
CB001443,TXN000187,CUST07180,MER07695,2024-06-25,144.46,Service Not Received,Lost
CB001444,TXN000229,CUST00832,MER04418,2024-05-07,29185.94,Fraud Suspected,Under Review
CB001445,TXN009330,CUST01305,MER05141,2024-09-28,102046.55,Unauthorized Transaction,Under Review
CB001446,TXN007599,CUST00011,MER05743,2024-06-17,164.36,Duplicate Charge,Open
CB001447,TXN007237,CUST04552,MER00946,2024-11-03,35854.22,Fraud Suspected,Lost
CB001448,,CUST05104,MER07937,2025-01-18,3999.15,Service Not Received,Open
CB001449,TXN000869,CUST06465,MER03919,2024-08-22,3580.2,Unauthorized Transaction,Under Review
CB001450,TXN005497,CUST05604,MER06869,2024-12-15,3948.86,Unauthorized Transaction,Under Review
CB001451,TXN007900,CUST09031,MER05606,2024-06-03,4802.08,Duplicate Charge,Under Review
CB001452,TXN007212,CUST07781,MER03497,2024-04-03,417.42,Duplicate Charge,Open
CB001453,TXN007570,CUST06713,MER03072,2024-05-23,1456.89,Product Not Received,Lost
CB001454,TXN000265,CUST08190,MER07221,2024-11-09,3759.69,Unauthorized Transaction,Lost
CB001455,TXN001363,CUST01765,MER07031,2024-08-11,75875.64,Unauthorized Transaction,Under Review
CB001456,TXN008146,CUST03551,MER06395,2024-07-31,47543.12,Fraud Suspected,Open
,TXN000861,CUST02541,MER08933,2025-01-21,29144.18,Product Not Received,Under Review
CB001458,TXN006066,CUST01889,MER05092,2024-05-10,1538.15,Product Not Received,Under Review
CB001459,TXN005718,CUST01551,MER01735,2024-06-24,80635.31,Product Not Received,Won
CB001460,TXN007970,CUST00397,MER09607,2024-10-19,26150.1,Product Not Received,Lost
,TXN006694,CUST02848,MER01913,2024-02-16,114948.42,Fraud Suspected,Open
CB001462,,CUST01411,MER09123,2024-05-15,18515.83,Service Not Received,Won
CB001463,TXN006322,CUST06575,MER01833,2024-02-09,101198.76,Product Not Received,Won
CB001464,TXN005236,CUST09557,MER00508,2024-07-19,14519.46,Fraud Suspected,Won
CB001465,TXN006647,CUST01526,MER07930,2024-06-05,499.59,Fraud Suspected,Won
CB001466,TXN003590,CUST08743,MER07711,2024-08-10,25461.4,Duplicate Charge,Under Review
CB001467,TXN003036,CUST07925,MER07499,2024-12-30,92542.09,Service Not Received,
CB001468,TXN009314,CUST07686,MER08802,2024-08-14,75145.59,Fraud Suspected,Under Review
CB001469,TXN002246,CUST08711,MER01971,2024-08-03,8249.0,Duplicate Charge,Open
CB001470,TXN006610,CUST06851,MER08511,2024-06-01,652.51,Duplicate Charge,Under Review
CB001471,TXN009278,CUST01735,MER04301,2024-12-27,7148.12,Unauthorized Transaction,Lost
CB001472,TXN003470,CUST09843,MER02553,2024-09-12,24372.88,Fraud Suspected,Won
CB001473,TXN005116,CUST02154,MER00257,2024-10-28,30104.08,Unauthorized Transaction,Won
,TXN000723,CUST04189,MER02439,2024-09-07,2689.16,Fraud Suspected,Won
CB001475,TXN001943,CUST08364,MER02938,2024-05-08,25843.99,Product Not Received,Under Review
CB001476,TXN007297,CUST06017,MER00010,2024-08-25,1236.32,Product Not Received,Lost
CB001477,TXN001192,CUST03559,,2024-12-05,63.25,Unauthorized Transaction,Open
CB001478,TXN002612,CUST03278,MER01345,2024-02-14,1183.48,Service Not Received,Open
CB001479,TXN000897,CUST07015,MER00205,2024-06-18,76.66,Fraud Suspected,Open
CB001480,TXN006160,CUST08788,MER03146,2024-03-09,107.94,Unauthorized Transaction,Lost
CB001481,TXN004018,,MER01519,2024-10-23,,Service Not Received,Lost
CB001482,TXN000356,CUST06046,MER08758,2024-09-07,770.99,Product Not Received,Open
CB001483,TXN009072,CUST03397,MER06242,2024-07-19,94657.75,Duplicate Charge,Lost
CB001484,TXN009517,CUST09061,MER01862,2025-01-17,6675.36,Product Not Received,Under Review
CB001485,TXN008460,CUST02280,MER05870,2024-08-23,145.56,Unauthorized Transaction,Under Review
CB001486,TXN008270,CUST03985,MER09892,2024-07-28,6315.67,Fraud Suspected,Under Review
CB001487,TXN002437,CUST06497,MER04756,2024-01-29,160.27,Service Not Received,Won
CB001488,TXN008708,CUST05412,MER06750,2025-01-09,38492.32,Fraud Suspected,Open
CB001489,TXN009976,CUST09118,MER08852,2024-12-12,191.92,Unauthorized Transaction,Open
CB001490,TXN000263,CUST07676,MER04886,2024-11-24,46816.77,Unauthorized Transaction,Open
CB001491,TXN006547,CUST01143,MER04702,2024-05-06,82976.18,Unauthorized Transaction,Won
CB001492,TXN004735,CUST05835,MER03772,2024-06-23,838.53,Duplicate Charge,Won
CB001493,TXN001116,CUST08444,MER02391,2024-07-20,204.0,Duplicate Charge,Won
CB001494,TXN001092,CUST09086,MER02150,2024-02-05,1831.34,Unauthorized Transaction,Won
CB001495,TXN001021,CUST00710,MER01651,2024-03-16,23350.85,Duplicate Charge,
CB001496,TXN009420,,MER06659,2024-08-30,1351.88,Service Not Received,Open
CB001497,TXN000910,CUST01381,MER02627,2024-04-24,18769.14,Service Not Received,Open
CB001498,TXN002395,CUST00646,MER08308,2025-01-05,1434.9,Unauthorized Transaction,
CB001499,TXN007758,CUST01155,MER08045,2024-05-28,9820.22,Fraud Suspected,Open
CB001500,TXN009949,CUST03877,MER09933,2024-10-05,256.73,Fraud Suspected,Lost
CB001501,TXN001008,CUST08062,MER01936,2024-03-28,11007.84,Fraud Suspected,Open
CB001502,TXN003844,CUST09727,MER00495,2025-01-19,9176.3,Product Not Received,Open
CB001503,TXN000293,CUST08070,MER08311,2024-02-04,4263.14,Unauthorized Transaction,
CB001504,TXN002776,CUST09235,MER06461,2024-08-13,1306.83,Product Not Received,Won
CB001505,TXN007158,CUST02758,MER04457,2024-06-30,7769.82,Service Not Received,Open
CB008293,TXN005523,CUST06117,MER04296,2024-02-26,1295.39,Fraud Suspected,Won
CB001507,TXN000541,CUST08716,MER08254,2024-10-07,6425.96,Unauthorized Transaction,Lost
CB001508,TXN009470,CUST04774,MER08408,2024-10-28,1465.89,Unauthorized Transaction,Open
CB001509,TXN004161,CUST00497,MER08418,2024-11-23,707.45,Service Not Received,Won
CB001510,TXN008982,CUST04895,MER09161,,36703.16,Unauthorized Transaction,Lost
CB001511,TXN006976,CUST00357,MER04035,2024-04-08,62972.45,Service Not Received,Under Review
CB001512,TXN007721,CUST00037,MER08822,2024-02-18,1614.42,Unauthorized Transaction,Under Review
CB001513,TXN004814,CUST06895,MER02142,2024-11-18,1170.12,Product Not Received,Open
CB001514,TXN006953,CUST07774,MER01990,2024-07-10,10055.84,Duplicate Charge,Under Review
CB001515,TXN003068,CUST06823,MER03595,2024-09-08,6477.87,Product Not Received,Open
CB001516,TXN006703,CUST00171,MER05514,2024-09-17,6184.56,Fraud Suspected,Won
CB001517,TXN002225,CUST00812,,2024-02-08,485.86,Service Not Received,Open
CB001518,TXN001909,CUST05323,MER05412,2024-09-15,61066.77,Service Not Received,Won
CB001519,TXN009852,CUST09156,MER02223,2024-12-03,54349.69,Unauthorized Transaction,Lost
,TXN001810,CUST06569,MER02178,2024-09-18,91.11,Product Not Received,Won
CB001521,TXN003433,CUST09380,MER02179,2024-06-09,58399.75,Duplicate Charge,Open
CB001522,TXN001216,CUST05686,MER08950,2024-05-14,25677.29,Product Not Received,Won
CB001523,TXN009067,CUST06427,MER01917,2024-11-06,1945.79,Duplicate Charge,Open
CB003227,TXN001032,CUST09206,MER03960,2024-05-20,36363.39,Fraud Suspected,Under Review
CB001525,TXN006960,CUST05196,MER01493,2025-02-04,86.46,Product Not Received,Under Review
CB001526,TXN006771,CUST09817,,2024-10-01,1094.49,Service Not Received,Open
CB001527,TXN009219,CUST04128,MER06165,2024-11-09,2238.56,Unauthorized Transaction,Lost
CB001528,TXN001958,CUST07529,MER08238,2024-12-28,1138.52,Fraud Suspected,Won
CB001529,,CUST05229,MER00704,2024-10-14,23837.31,Product Not Received,Under Review
CB001530,TXN002184,CUST03349,MER02169,,114925.05,Duplicate Charge,Lost
CB001531,TXN007550,CUST00938,MER05866,2024-09-04,858.32,Fraud Suspected,Won
CB001532,TXN009701,CUST02097,MER02640,2024-12-03,1655.94,Unauthorized Transaction,Lost
CB001533,TXN004543,CUST03270,MER03973,2024-04-08,7431.89,Product Not Received,Lost
CB001534,TXN002988,CUST08875,,2024-06-16,9808.77,Service Not Received,Won
CB001535,TXN003864,CUST08791,MER03005,2024-02-09,81594.15,Duplicate Charge,Won
CB001536,TXN009720,CUST01929,MER05787,2025-01-14,22825.8,Duplicate Charge,Open
CB001537,TXN001753,CUST09427,MER09583,2024-03-17,5215.8,Service Not Received,Won
CB001538,TXN003443,CUST08230,MER00081,2024-07-11,92958.92,Unauthorized Transaction,Under Review
CB001539,TXN002388,CUST09682,MER02723,2024-03-25,5507.47,Fraud Suspected,Open
CB001540,TXN005453,CUST05330,MER04282,2024-04-25,29946.48,Product Not Received,Under Review
CB001541,TXN004766,CUST00804,MER01266,2024-08-01,72755.87,Duplicate Charge,Open
CB001542,TXN005067,CUST05604,MER02122,2024-05-18,282.4,Fraud Suspected,Under Review
CB001543,TXN002121,CUST06962,MER00727,2024-02-13,33078.95,Fraud Suspected,Open
CB001544,TXN009017,CUST08455,UNKNOWN,2024-02-14,12232.7,Fraud Suspected,Won
CB002651,TXN005506,CUST07041,MER06152,2024-12-01,54037.32,Unauthorized Transaction,Lost
CB001546,TXN006104,CUST06135,MER03782,2025-01-18,49148.15,Product Not Received,Open
CB001547,TXN002908,CUST03848,MER02922,2024-11-22,87380.56,Service Not Received,Lost
CB001548,TXN001706,CUST02774,MER04237,2024-08-15,584.62,Fraud Suspected,Under Review
CB001549,TXN008160,CUST02398,,2024-07-28,19644.19,Duplicate Charge,Open
CB001550,TXN001436,CUST03966,MER08054,2024-10-18,3468.07,Duplicate Charge,Open
CB001551,TXN004566,CUST08054,MER09544,2024-08-18,7486.46,Service Not Received,Lost
CB001552,TXN000867,CUST00726,MER03961,2024-10-16,983.49,Duplicate Charge,Open
CB001553,TXN009717,CUST01485,MER07541,2024-09-24,89160.72,Fraud Suspected,Under Review
CB001554,TXN001779,CUST08546,MER08316,2024-12-23,99525.18,Service Not Received,Open
CB001555,TXN002854,CUST02639,MER05721,2024-08-17,1277.21,Unauthorized Transaction,Open
CB001556,TXN009618,CUST01544,MER07248,2024-05-24,12382.83,Unauthorized Transaction,Open
CB001557,TXN003683,CUST01636,MER07824,2025-01-06,9991.24,Unauthorized Transaction,Open
CB001558,TXN006277,CUST00376,MER03689,2024-12-12,19965.27,Service Not Received,Won
CB001559,TXN003528,CUST07603,MER01384,2024-09-20,15028.61,Service Not Received,Under Review
CB001560,TXN002745,CUST01859,MER06953,2024-10-03,18337.41,Service Not Received,Under Review
CB001561,TXN007693,CUST07492,MER06494,2024-09-30,262.14,Service Not Received,Under Review
CB001562,TXN003044,CUST07380,MER09496,2025-01-25,8379.56,Fraud Suspected,Open
CB001563,TXN009873,CUST06779,MER06922,2024-04-03,23477.24,Service Not Received,Open
CB001564,TXN005369,CUST05915,MER09250,2024-11-04,17529.9,Duplicate Charge,Open
CB001565,TXN007860,CUST08486,MER05956,2025-02-08,1028.69,Fraud Suspected,Open
CB001566,TXN000652,CUST06916,MER06332,2024-08-28,2054.34,Fraud Suspected,Open
CB001567,TXN008445,CUST05569,MER04086,2024-11-04,56439.5,Service Not Received,Open
,TXN003610,CUST03630,MER04857,2025-02-26,9569.9,Duplicate Charge,Open
CB001569,TXN008860,CUST02039,MER03715,2024-05-12,54516.84,Duplicate Charge,Won
CB001570,TXN005508,CUST06266,MER05398,2025-01-29,19366.21,Duplicate Charge,Won
CB001571,TXN004203,CUST02033,MER01400,2025-01-21,108017.51,Fraud Suspected,Won
CB001572,TXN003006,CUST09412,MER09947,2024-04-16,930.39,Product Not Received,Open
CB001573,TXN009595,CUST05660,MER08031,2024-10-12,7357.4,Service Not Received,Open
CB001574,TXN000427,CUST00129,MER01984,,1849.12,Unauthorized Transaction,Open
CB001575,TXN004129,CUST00811,MER00070,2024-11-10,2790.1,Product Not Received,Under Review
CB001576,TXN000791,CUST08723,MER08679,2024-06-29,38987.25,Product Not Received,Won
CB001577,TXN006939,,MER07057,2024-02-14,34751.44,Service Not Received,Open
CB001578,TXN009943,CUST05029,MER06563,2024-09-08,283.21,Unauthorized Transaction,Open
CB001579,TXN002049,CUST01085,MER00533,2024-07-09,83122.35,Product Not Received,Under Review
CB001580,TXN004699,CUST08956,MER01081,2024-12-15,45394.81,Duplicate Charge,Lost
CB001581,TXN008081,CUST04453,MER06153,2024-02-13,1335.14,,Open
CB001582,TXN003391,CUST05137,MER01563,2024-08-12,4842.46,Unauthorized Transaction,Won
CB001583,TXN007666,CUST03038,MER06011,2024-06-29,5264.73,Unauthorized Transaction,Open
CB001584,TXN000349,CUST08223,,2024-06-30,313.91,Duplicate Charge,Won
CB001585,TXN006029,CUST00044,MER09686,2024-07-16,722.4,Service Not Received,Lost
CB001586,TXN005173,CUST02422,MER02015,2024-09-11,N/A,Product Not Received,Won
CB001587,TXN001403,CUST04566,MER07766,2024-06-09,584.31,Product Not Received,Lost
,TXN007297,CUST06017,MER00010,2024-08-06,1421.77,Product Not Received,Lost
CB001589,TXN008309,CUST07182,MER03736,2024-09-28,4433.54,Service Not Received,Under Review
CB001590,TXN003816,CUST08573,MER04875,2024-02-05,48891.61,Product Not Received,Lost
CB001591,TXN007791,CUST03467,MER08888,2024-09-29,90764.69,Fraud Suspected,Open
CB001592,TXN005310,CUST08002,MER03569,2024-10-23,987.56,Unauthorized Transaction,Under Review
CB001593,TXN003298,CUST06974,MER00812,2024-11-10,49916.71,Duplicate Charge,Lost
CB001594,TXN001972,CUST01844,MER02265,2024-11-08,54467.09,Product Not Received,Open
CB001595,TXN006038,CUST02502,MER07520,2024-06-19,16204.71,Duplicate Charge,Open
CB001596,TXN003510,CUST07394,MER02881,2025-01-19,113210.21,Product Not Received,Won
CB001597,TXN002448,CUST02462,MER09380,2024-08-20,10414.51,Product Not Received,Under Review
CB001598,TXN002481,CUST05199,UNKNOWN,2024-01-28,14566.02,Unauthorized Transaction,Won
CB001599,TXN006737,CUST09007,MER00157,2024-11-20,1396.97,Product Not Received,Under Review
CB001600,TXN009374,CUST09460,MER06627,2024-09-25,90747.36,Fraud Suspected,Under Review
CB001601,TXN004665,CUST09605,MER07685,2024-06-14,1697.93,Fraud Suspected,Open
CB001602,,CUST08204,MER02024,2024-07-05,546.43,,Under Review
CB001603,TXN000116,CUST06064,MER05901,2024-08-19,8632.85,Unauthorized Transaction,Under Review
CB001604,TXN003484,CUST09846,MER01134,2024-07-19,1121.41,Duplicate Charge,Won
CB001605,TXN000117,CUST07331,MER02622,2024-09-03,87997.05,Service Not Received,Under Review
CB001606,TXN008337,CUST09731,MER09011,2024-10-05,39769.38,Fraud Suspected,Under Review
CB001607,TXN006583,CUST05392,MER06764,2024-12-30,9386.31,Unauthorized Transaction,Under Review
CB001608,TXN008125,CUST08400,MER09169,2024-12-18,9883.66,Product Not Received,Lost
CB001188,TXN004430,CUST04631,MER09097,2024-02-23,9784.68,Duplicate Charge,Won
CB001610,TXN004585,CUST00232,MER01554,2024-06-05,13404.45,Duplicate Charge,Under Review
CB001611,TXN005438,CUST05325,MER07659,2024-05-23,587.98,Fraud Suspected,Under Review
CB001612,TXN009210,CUST09760,MER02071,2024-11-15,573.0,Service Not Received,Won
CB001613,TXN001963,CUST09405,MER02347,2024-04-15,9773.36,Product Not Received,Won
CB001614,TXN005097,,MER06685,2024-09-15,25625.85,Service Not Received,Lost
CB001615,TXN000445,CUST09254,MER03069,2024-09-04,802.52,Product Not Received,Open
CB001616,TXN004601,CUST03682,MER06693,2024-03-17,960.31,Unauthorized Transaction,Won
CB001617,TXN003102,CUST01823,MER00736,2024-09-21,11272.39,Fraud Suspected,Lost
CB001618,TXN003384,CUST03456,MER03097,2024-10-13,958.16,Duplicate Charge,Under Review
CB001619,TXN005392,CUST06980,MER08068,2024-06-10,96266.37,Unauthorized Transaction,Open
CB001620,TXN004964,CUST01256,MER06493,2024-05-11,6027.62,Product Not Received,Open
CB001621,TXN007885,CUST05756,MER00594,2024-08-08,158.54,Unauthorized Transaction,Open
CB001622,TXN008614,CUST05307,MER07276,2024-09-11,1525.22,Duplicate Charge,Under Review
CB001623,TXN007028,CUST07500,MER06744,2024-07-19,,Unauthorized Transaction,Under Review
CB001624,TXN003125,CUST02091,MER05110,2024-10-21,137.19,Service Not Received,Under Review
CB001625,TXN007789,,MER05915,2024-07-26,49395.36,Service Not Received,Open
CB001626,TXN008764,CUST05883,MER08851,2024-05-06,1046.97,Duplicate Charge,Under Review
CB001627,TXN007444,CUST08576,MER07280,2024-07-03,107.6,Service Not Received,Open
CB001628,TXN006496,CUST05415,MER06369,2024-04-16,4107.95,Service Not Received,Lost
CB001629,TXN002319,CUST06540,MER02011,2024-07-16,291.5,Unauthorized Transaction,Open
CB001630,TXN004766,CUST00804,MER01266,2024-09-01,63265.97,Unauthorized Transaction,Under Review
CB001631,TXN002638,CUST01634,MER01857,2025-01-03,12670.54,Service Not Received,Won
CB001632,TXN005064,CUST05724,MER03159,2024-08-05,14507.06,Duplicate Charge,Open
CB001633,TXN006185,CUST05461,MER09323,2024-12-21,649.6,Fraud Suspected,Under Review
CB001634,TXN006716,CUST01692,MER02239,2024-09-21,206.68,Unauthorized Transaction,Under Review
CB001635,TXN001058,CUST02464,MER09591,2024-03-29,1192.27,Fraud Suspected,Won
CB001636,TXN002326,CUST06981,MER06301,2024-03-10,2023.74,Fraud Suspected,Won
CB001637,TXN000484,CUST02188,MER07334,2024-10-23,91009.19,Service Not Received,Open
CB001638,TXN009589,CUST05636,MER05482,2024-09-30,22063.58,Service Not Received,Won
CB001639,TXN001005,CUST06585,MER07761,2024-09-16,16688.37,Product Not Received,Open
CB001640,TXN008966,CUST06552,MER09348,2024-10-02,8807.21,Unauthorized Transaction,Open
CB001641,TXN005366,CUST08848,UNKNOWN,2024-08-04,95933.3,Fraud Suspected,Open
CB001642,TXN000760,CUST06639,MER05654,2024-03-21,52074.85,Service Not Received,Under Review
CB001643,TXN002899,CUST05783,MER01390,2024-04-16,2821.56,Service Not Received,Won
CB001644,TXN006510,CUST04434,MER00608,2024-01-27,808.39,Duplicate Charge,Under Review
CB001645,TXN001525,,MER08436,2024-04-06,491.28,Product Not Received,Won
CB001646,TXN002531,CUST00810,MER06241,2024-04-29,542.65,Fraud Suspected,Under Review
CB001647,TXN009576,CUST07922,MER01365,2024-09-09,6618.87,Service Not Received,Won
CB001648,TXN004694,CUST02399,MER07966,2024-03-01,688.42,Product Not Received,Won
CB001649,TXN006779,CUST05135,MER04430,2025-02-01,1028.92,Product Not Received,Under Review
CB001650,TXN002810,CUST01091,MER00333,2024-03-29,15256.92,Service Not Received,Open
CB001651,TXN003989,CUST08556,MER02327,2025-02-05,2177.48,Unauthorized Transaction,Under Review
CB001652,TXN002494,CUST01516,MER07035,2024-08-25,43606.73,Duplicate Charge,Won
CB001653,TXN003449,CUST06913,MER02117,2024-11-06,23061.28,Unauthorized Transaction,Under Review
CB001654,TXN001544,CUST07074,,2024-03-10,8844.96,Product Not Received,Won
CB001655,TXN004699,CUST08956,MER01081,2024-11-21,19736.88,Service Not Received,Won
CB001656,TXN007618,CUST08127,MER03978,2024-10-02,12172.57,Duplicate Charge,Under Review
CB001657,TXN007620,CUST00057,MER02107,2024-03-04,59028.38,Duplicate Charge,Lost
CB001658,TXN003014,CUST04256,MER08127,2024-08-29,6407.26,Duplicate Charge,Lost
CB001659,TXN005495,CUST07340,MER04521,2024-11-22,46722.78,Duplicate Charge,Open
CB001660,TXN002505,CUST03386,MER02654,2024-12-29,56631.54,Unauthorized Transaction,Won
CB001661,TXN004561,CUST00355,MER07803,2024-03-24,,Product Not Received,Open
CB001662,TXN006230,CUST07221,MER09845,2024-05-30,3883.58,Fraud Suspected,Won
CB001663,TXN001881,CUST07355,,2024-08-14,8232.94,Duplicate Charge,Open
CB001664,TXN007628,CUST03874,MER03667,2024-06-11,476.62,Product Not Received,Lost
CB001665,TXN003324,CUST06510,MER04398,2024-06-01,12131.35,Product Not Received,Won
CB001666,TXN003313,CUST05992,MER03465,2024-09-18,1919.1,Duplicate Charge,Won
CB001667,TXN000925,CUST01160,MER09670,2024-02-22,463.79,Fraud Suspected,Open
CB001668,TXN002395,CUST00646,MER08308,2025-01-01,1650.14,Duplicate Charge,Open
CB001669,TXN001133,CUST00742,MER02542,2024-07-17,2053.04,Duplicate Charge,Won
CB001670,TXN009007,,MER04908,2024-02-25,95162.11,Unauthorized Transaction,Under Review
CB001671,TXN006353,CUST00026,,2024-10-04,59828.99,Service Not Received,Under Review
CB001672,UNKNOWN,CUST04620,MER01826,2024-08-11,2262.13,Duplicate Charge,Under Review
CB001673,TXN006622,CUST07900,MER00188,2025-01-16,98576.76,Unauthorized Transaction,Won
CB001674,TXN004998,CUST04692,MER08304,2024-09-21,48192.85,Unauthorized Transaction,Won
CB001675,TXN001624,CUST05331,MER07072,2024-10-27,39862.07,Product Not Received,Open
CB001676,TXN001722,CUST01019,MER07840,2024-10-27,7543.64,Product Not Received,Under Review
CB001677,TXN000917,CUST09238,MER08066,2024-10-05,442.87,Product Not Received,Open
CB001678,TXN004556,CUST08611,MER02991,2024-07-15,12598.91,Unauthorized Transaction,Open
CB001679,TXN009449,CUST08883,MER02108,2024-09-29,1452.09,Duplicate Charge,Won
CB001680,TXN002900,CUST01554,MER01671,2024-10-03,1557.12,Unauthorized Transaction,Won
CB001681,TXN003262,CUST08106,MER07523,2024-07-13,448.93,Product Not Received,Open
CB001682,TXN007599,CUST00011,MER05743,2024-07-13,82.18,Service Not Received,Lost
CB001683,TXN006132,CUST04130,MER05477,2024-08-21,93544.88,Service Not Received,Won
CB001684,TXN005387,CUST02291,MER03289,2024-07-28,14344.62,Service Not Received,Under Review
CB001685,TXN005678,CUST06361,MER09458,2024-05-25,10671.45,Unauthorized Transaction,Won
CB001686,TXN004049,CUST00226,MER08984,2024-12-29,1336.71,Unauthorized Transaction,Under Review
CB001687,TXN001048,CUST06088,MER02147,2024-10-26,61798.0,Unauthorized Transaction,Won
CB001688,TXN000051,CUST03628,MER05518,2024-09-18,479.56,Fraud Suspected,Open
CB001689,TXN007853,CUST07753,MER07199,2024-01-13,8389.7,Duplicate Charge,Won
CB001690,TXN002417,CUST06683,MER00305,2024-03-06,49426.4,Unauthorized Transaction,Under Review
CB001691,TXN000731,CUST08726,MER07878,2024-04-04,365.08,Product Not Received,Under Review
CB001692,TXN005825,CUST00156,MER04303,2024-03-02,1114.59,Product Not Received,Open
CB001693,TXN004664,CUST05603,MER07753,2024-09-04,30905.76,Fraud Suspected,Lost
CB001694,TXN004115,CUST09304,MER02762,2024-08-15,38002.61,Fraud Suspected,Lost
CB001695,TXN004330,CUST03193,MER09595,2024-06-24,33522.53,Service Not Received,Open
CB001696,TXN009453,CUST07833,MER01711,2025-01-18,714.29,Fraud Suspected,Under Review
CB001697,,CUST07669,MER02856,2024-09-15,73275.6,Service Not Received,Lost
CB001698,TXN004758,CUST05072,MER05285,2024-02-01,20054.73,Duplicate Charge,Won
CB001699,TXN000588,CUST09100,MER04314,2024-12-13,465.15,Fraud Suspected,Won
CB001700,TXN007033,CUST01039,MER05864,2024-02-14,529.24,Fraud Suspected,Lost
CB001701,TXN002890,CUST05700,MER04153,2024-07-25,256.67,Duplicate Charge,Under Review
CB001702,TXN008009,CUST02983,MER08751,2024-08-14,31553.04,Duplicate Charge,Lost
CB001703,TXN005102,CUST03097,MER04312,2024-05-20,62612.31,Unauthorized Transaction,Won
CB001704,TXN007442,CUST00472,MER08855,2024-10-09,179.98,Unauthorized Transaction,Won
CB001705,TXN001479,CUST00015,MER09511,2024-05-14,10161.61,Product Not Received,Open
CB001706,TXN008235,CUST04590,MER07704,2025-01-15,N/A,Service Not Received,Open
CB001707,TXN003601,CUST09163,MER02640,2024-07-16,1718.33,Product Not Received,Lost
CB001708,TXN006251,CUST06868,MER01318,,1713.94,Service Not Received,Won
CB001709,TXN004410,CUST00644,MER00268,2024-12-28,8920.03,Duplicate Charge,Under Review
CB001710,TXN002756,,MER07555,2024-07-09,98056.56,Unauthorized Transaction,Under Review
CB001711,TXN007494,CUST06028,MER02658,2024-09-27,1905.94,Product Not Received,Open
CB001712,TXN009356,CUST07647,MER06583,2024-09-29,19272.03,Product Not Received,Won
CB001713,TXN009456,CUST01663,MER08241,2024-10-19,16006.88,Fraud Suspected,
CB001714,TXN001083,CUST00804,MER09605,2024-12-07,855.42,Fraud Suspected,Lost
CB001715,TXN000942,CUST05742,MER03681,2025-01-14,273.02,Product Not Received,Under Review
CB001716,TXN006342,CUST08570,MER01111,2024-04-06,1496.1,Duplicate Charge,Under Review
CB001717,TXN005593,CUST09630,MER01283,2024-11-10,17111.61,Duplicate Charge,Open
CB001718,TXN006376,,MER03555,2024-04-21,18502.13,Duplicate Charge,Open
CB001719,TXN001761,CUST09778,MER02372,2024-02-28,12507.4,Service Not Received,Under Review
CB001720,TXN002337,CUST05353,MER06144,2025-01-08,21401.16,Product Not Received,Under Review
CB001721,TXN004991,CUST05907,MER04176,2024-12-25,81060.51,Product Not Received,Won
CB001722,TXN006158,CUST02062,MER03444,2024-04-16,326.45,Product Not Received,Won
CB001723,TXN002619,CUST04432,MER03361,2024-10-18,34610.65,Unauthorized Transaction,Lost
CB001724,TXN009256,CUST04913,MER00849,2024-05-25,42063.14,Product Not Received,Under Review
CB001725,TXN009783,CUST07252,MER01174,2024-08-16,3405.04,Duplicate Charge,Lost
CB001726,TXN007003,CUST03733,MER02914,2024-12-02,21327.34,Product Not Received,Under Review
CB001727,TXN007256,CUST09296,MER05294,2024-06-23,2619.12,Fraud Suspected,Open
CB001728,TXN001131,CUST09320,MER07609,2024-06-29,14600.68,Service Not Received,Won
CB001729,TXN003789,CUST07253,,2024-03-23,7740.0,Unauthorized Transaction,Lost
CB001730,TXN002398,CUST01487,MER04901,2024-05-13,1801.43,Duplicate Charge,Open
CB001731,TXN000075,CUST01966,MER07785,2024-10-20,6781.68,Service Not Received,Under Review
,TXN006661,CUST06524,MER02746,2024-03-17,813.16,Duplicate Charge,Won
CB001733,TXN009134,CUST09719,MER05559,2024-08-10,3881.26,Duplicate Charge,Open
CB001734,TXN008969,CUST01610,MER08999,2024-06-02,9236.24,Duplicate Charge,Lost
CB001735,TXN001625,CUST02249,MER04265,2025-01-25,117.8,Service Not Received,Open
CB001736,TXN001193,CUST07340,MER02247,2025-01-02,30219.33,Fraud Suspected,Open
CB001737,TXN008067,CUST05751,MER08287,2024-02-19,1834.81,Service Not Received,Under Review
CB001738,TXN000820,CUST02446,MER01931,2024-07-19,663.51,Product Not Received,Under Review
CB001739,TXN002488,CUST04352,MER08465,2024-09-20,18138.25,Unauthorized Transaction,Under Review
CB001740,TXN009292,CUST07760,MER03179,2024-01-30,4531.41,Product Not Received,Won
CB001741,TXN001277,CUST07058,MER09213,2024-06-11,1306.01,Duplicate Charge,Won
CB001742,TXN003487,CUST05171,MER05175,2024-03-29,7758.8,Duplicate Charge,Won
CB001743,TXN008804,CUST01790,MER00333,2024-09-26,113324.22,Duplicate Charge,Open
CB001744,TXN000774,CUST06542,MER07815,2024-08-20,975.76,Unauthorized Transaction,
CB001745,TXN008085,CUST01913,MER07609,2024-03-30,21077.27,Duplicate Charge,Won
CB001746,TXN007453,CUST04772,MER03351,2024-08-01,104418.53,Product Not Received,Won
CB001747,TXN006052,CUST04067,MER00915,2024-05-27,7685.66,Service Not Received,Won
CB001748,TXN001798,CUST04431,MER01399,2024-12-30,64998.59,Product Not Received,Won
CB001749,TXN006710,CUST07071,MER02637,2024-08-12,85874.35,Duplicate Charge,Under Review
CB001750,TXN003359,CUST01075,MER03176,2024-03-11,877.92,Service Not Received,Open
CB001751,TXN004115,CUST09304,MER02762,2024-08-15,38002.61,Product Not Received,Open
CB001752,TXN004251,CUST03287,MER02847,2024-06-16,34997.84,Unauthorized Transaction,Open
CB001753,TXN002802,CUST06616,MER07789,2024-03-27,75777.01,Unauthorized Transaction,Under Review
CB001754,TXN002915,CUST06012,MER09769,2025-01-01,390.71,Fraud Suspected,Won
CB001755,TXN004079,CUST02710,MER07778,2025-01-05,7206.81,Unauthorized Transaction,Open
CB001756,TXN008855,CUST00759,MER01961,2024-12-30,61704.99,Duplicate Charge,Open
CB001757,TXN005171,CUST06695,MER08175,2024-10-13,38689.52,Service Not Received,Open
CB001758,TXN000581,CUST03584,MER03014,2024-12-11,7542.98,Product Not Received,Lost
CB001759,TXN002205,CUST09538,MER08128,2024-11-04,200.73,Product Not Received,Lost
CB001760,TXN001166,CUST05304,MER00662,2024-11-20,7910.58,Unauthorized Transaction,Lost
CB001761,TXN005404,CUST09049,MER01055,2025-01-06,548.99,Service Not Received,Won
CB001762,TXN002187,CUST09608,MER06553,2025-01-02,65063.81,Fraud Suspected,Open
CB001763,TXN004455,CUST07698,MER07768,2024-12-29,5943.68,Fraud Suspected,Won
CB001764,TXN005065,CUST03112,MER05124,2024-04-20,15675.36,Product Not Received,Open
CB001765,TXN009878,CUST09427,,2024-10-11,92942.52,Service Not Received,Won
CB001766,TXN008389,CUST01941,MER02710,2024-11-07,30542.09,Fraud Suspected,Under Review
CB001767,TXN006761,CUST05719,MER08013,2024-03-17,585.46,Unauthorized Transaction,Under Review
CB001768,TXN004200,CUST03237,MER07982,2024-08-21,1304.24,Duplicate Charge,Lost
CB001769,TXN008829,CUST04662,MER05887,2024-05-20,210.3,Product Not Received,Won
CB001770,TXN001975,CUST02693,MER08082,2024-11-09,35753.39,Service Not Received,Lost
CB001771,TXN006983,CUST09839,MER02948,2024-04-02,4357.53,Fraud Suspected,Lost
CB001772,TXN008077,CUST09401,MER06110,2024-04-14,1794.4,Duplicate Charge,Under Review
CB001773,TXN007649,CUST02963,MER04359,2024-05-08,12475.67,Fraud Suspected,Won
CB001774,TXN008276,CUST03457,,2024-12-18,7020.62,Fraud Suspected,Won
CB001775,TXN008631,CUST08719,MER02785,2024-07-23,96609.42,Unauthorized Transaction,Under Review
CB001776,TXN004513,CUST04641,MER07527,2024-08-14,851.39,Unauthorized Transaction,Under Review
CB001777,TXN007054,CUST02759,MER01379,2024-04-22,1279.67,Unauthorized Transaction,Lost
CB001778,TXN001623,CUST03478,MER06083,2024-12-14,5324.01,Service Not Received,
CB001779,TXN009402,CUST07178,MER02509,2024-04-16,915.65,Duplicate Charge,Won
CB001780,TXN004420,CUST02876,MER07180,2024-03-08,605.72,Duplicate Charge,Lost
CB001781,TXN007949,CUST08776,MER04906,2024-12-07,24842.77,,Open
CB001782,TXN008766,CUST04131,MER02696,2024-09-09,62394.87,Unauthorized Transaction,Won
CB001783,TXN005652,CUST03259,MER02638,2024-11-03,484.15,Product Not Received,Open
CB001784,TXN001289,CUST09454,MER09579,2024-10-25,5532.38,Duplicate Charge,Under Review
CB001785,TXN004208,CUST08576,MER00312,2024-07-24,8351.54,,Won
CB001786,TXN003407,CUST00138,MER05701,2024-12-03,33610.74,Service Not Received,Won
CB001787,TXN002123,CUST04456,MER08242,2024-03-31,32407.75,Duplicate Charge,Open
CB001788,TXN005472,CUST03726,MER03289,2024-05-23,13109.46,Unauthorized Transaction,Under Review
CB001789,TXN009148,CUST02654,MER02189,2024-09-19,607.81,Duplicate Charge,Under Review
CB001790,TXN008488,CUST08081,MER01388,2025-01-02,17239.77,Unauthorized Transaction,Under Review
CB001791,TXN004843,CUST04939,MER01762,2024-01-08,11300.55,Service Not Received,Open
CB001792,TXN000788,CUST02546,MER03085,2024-11-12,17986.07,Duplicate Charge,Open
CB001793,TXN002241,CUST05629,MER01610,2024-09-14,82299.53,Service Not Received,Open
CB001794,TXN003596,CUST00831,MER00766,2024-03-28,205.27,,Won
CB001795,TXN002620,CUST09818,MER07734,2024-10-15,17211.41,Product Not Received,
CB001796,TXN001931,CUST08646,MER07540,2024-12-30,1224.54,Product Not Received,Won
CB001797,TXN008676,CUST02811,MER07218,2024-06-19,1835.59,Duplicate Charge,Under Review
CB001798,TXN002631,CUST09146,MER00389,2024-09-09,21519.65,Duplicate Charge,Open
CB001799,TXN000137,CUST04352,MER05236,2024-01-07,100974.72,Fraud Suspected,Open
CB001800,TXN005694,CUST09628,MER08714,2024-09-01,814.31,Product Not Received,Open
CB001801,TXN007472,CUST08894,MER00269,2024-09-01,48842.94,Service Not Received,Lost
CB001802,TXN006591,CUST08866,MER03042,2024-07-27,81144.76,Unauthorized Transaction,Won
CB001803,TXN007272,CUST07643,MER08534,2024-05-20,1973.67,Service Not Received,Open
CB001804,TXN002904,CUST07424,MER06578,2025-02-17,3050.68,Unauthorized Transaction,Under Review
CB001805,TXN005293,CUST05262,MER08872,2024-05-01,2128.45,Service Not Received,Open
CB001806,TXN007162,CUST07642,MER06031,2024-03-15,80215.32,Service Not Received,Lost
CB001807,TXN006363,CUST09349,MER05008,2024-03-26,1334.51,Fraud Suspected,Open
CB001808,TXN009384,CUST08102,MER09434,2024-07-17,98540.2,Duplicate Charge,Under Review
CB001809,TXN006007,CUST09693,MER01109,2024-10-30,26444.3,Service Not Received,Lost
CB001810,TXN006139,CUST08880,MER09726,2024-10-21,16714.34,Service Not Received,Open
CB001811,TXN005196,CUST08709,MER05816,2024-10-16,325.58,Product Not Received,Lost
CB001812,TXN002176,CUST05275,MER02217,2024-10-05,4509.19,Fraud Suspected,Under Review
CB001813,TXN004805,CUST00601,MER02481,2024-08-20,844.56,Fraud Suspected,Lost
CB001814,TXN004112,CUST08815,MER01124,2024-04-07,61439.49,Product Not Received,Open
CB001815,TXN004965,CUST03001,MER04031,2025-01-27,13648.1,Duplicate Charge,Under Review
CB001816,TXN007142,CUST09991,MER06310,2024-03-20,92413.56,Fraud Suspected,Won
CB001817,TXN008464,CUST02464,MER00003,2024-08-18,2194.56,Fraud Suspected,Under Review
CB001818,TXN008180,CUST07474,MER00670,2025-01-04,13493.58,Duplicate Charge,Open
CB001819,TXN008580,CUST09298,MER01788,2024-05-28,16080.43,Product Not Received,Under Review
CB001820,TXN003507,,MER08678,2024-07-30,18398.7,Fraud Suspected,Under Review
CB001821,TXN004904,CUST02675,MER07115,2024-09-30,32042.33,Unauthorized Transaction,Under Review
CB001822,TXN009860,CUST04674,MER06324,2024-10-28,1629.06,Duplicate Charge,Lost
,TXN008407,CUST06170,MER02975,2024-08-17,40433.29,Service Not Received,Under Review
CB001824,TXN005451,CUST00999,MER09941,2024-06-26,23690.49,Unauthorized Transaction,Under Review
CB001825,TXN008446,CUST01959,MER00881,2024-03-26,2161.07,Service Not Received,Won
CB001826,TXN000113,CUST05948,MER00162,2024-05-05,1978.53,Unauthorized Transaction,Under Review
CB001827,TXN002685,CUST02213,MER06033,2024-04-13,1660.14,,
CB001828,TXN004410,CUST00644,MER00268,2024-12-20,10258.03,Fraud Suspected,Won
CB001829,TXN000974,CUST03254,MER05789,2025-01-10,7454.61,Duplicate Charge,Open
CB001830,TXN008964,CUST07530,MER04374,2024-03-10,201.76,Unauthorized Transaction,Won
CB001831,TXN001169,CUST09004,MER05452,2024-10-29,11905.25,Fraud Suspected,Open
CB001832,TXN000383,CUST08814,MER03112,2024-10-03,13360.09,Product Not Received,Lost
CB001833,TXN002960,CUST04127,MER01692,2025-01-11,1098.25,Fraud Suspected,Won
CB001834,TXN007273,CUST01167,MER01485,2024-10-28,96089.34,Product Not Received,Open
CB001835,TXN003538,CUST02608,MER09120,2024-11-10,6567.56,Unauthorized Transaction,Under Review
CB008491,TXN007616,CUST08591,MER05649,2024-09-13,30457.66,,Under Review
CB001837,TXN003287,CUST04206,MER00680,2024-11-26,1885.76,Unauthorized Transaction,Lost
CB001838,TXN001468,CUST04056,MER03366,2024-07-10,1611.08,Fraud Suspected,Under Review
CB001839,TXN008513,CUST07502,MER03918,2024-11-02,4805.94,Duplicate Charge,Under Review
CB001840,TXN005535,CUST00769,MER00769,2024-04-15,352.99,Service Not Received,Won
CB001841,TXN003790,CUST01914,MER05399,2024-06-24,7153.27,Service Not Received,Under Review
CB001842,TXN002123,CUST04456,MER08242,2024-04-22,28180.65,Product Not Received,Under Review
CB001843,TXN003506,CUST03992,MER08334,2024-04-08,61523.41,Duplicate Charge,Won
CB001844,TXN008939,CUST03350,MER06722,2024-03-18,29606.42,Fraud Suspected,Open
CB001845,TXN006842,CUST00903,MER07434,2024-08-13,2057.89,Duplicate Charge,Open
CB001846,TXN006176,CUST05607,MER06687,2024-05-09,22813.13,Product Not Received,Open
CB001847,TXN001349,CUST00186,MER04010,2024-12-18,83188.93,Unauthorized Transaction,Under Review
CB001848,TXN003993,CUST04227,MER03578,2024-07-23,4718.09,Fraud Suspected,Under Review
CB001849,TXN008237,CUST04185,MER01256,,5704.8,Product Not Received,Won
CB001850,TXN008925,CUST05954,MER05367,2025-02-09,423.94,Unauthorized Transaction,Lost
CB001851,TXN002054,CUST09577,MER08320,2024-12-15,60867.3,Product Not Received,Under Review
CB001852,TXN007067,CUST05115,MER03298,2025-01-13,87207.62,Fraud Suspected,Open
CB001853,TXN006377,CUST07327,MER00155,2024-03-25,95005.78,Duplicate Charge,Won
CB001854,TXN002804,CUST05476,MER03775,2024-12-11,77226.11,Product Not Received,Under Review
CB001855,TXN009072,CUST03397,MER06242,2024-08-07,94657.75,Product Not Received,Open
CB001856,TXN001487,CUST08538,MER07220,2024-05-12,11890.61,Product Not Received,Lost
CB001857,TXN002296,CUST07624,MER00482,2024-06-11,20730.13,Fraud Suspected,Won
CB001858,TXN006208,CUST08191,MER08561,2024-08-31,3602.17,Duplicate Charge,Open
CB001859,TXN004314,CUST07713,MER02748,2025-01-25,698.85,Service Not Received,Under Review
CB001860,TXN007596,CUST02653,MER07308,2024-08-06,11117.54,Duplicate Charge,Under Review
CB001861,TXN005876,CUST03868,MER08222,2024-05-16,234.76,Duplicate Charge,Won
CB001862,TXN008361,CUST05620,MER08302,2024-09-30,28210.91,Product Not Received,Open
CB001863,TXN009797,CUST01415,UNKNOWN,2024-10-04,143.36,Service Not Received,Open
CB001864,TXN007130,CUST02136,MER04573,2024-06-09,10883.83,Product Not Received,Lost
,TXN008820,CUST05297,MER03615,2024-08-17,69880.66,Product Not Received,Lost
CB001866,TXN005726,CUST05921,MER05506,2024-05-27,5747.06,Product Not Received,Open
CB001867,TXN006174,CUST04167,MER02471,2024-10-30,3215.85,Service Not Received,Lost
CB001868,TXN002461,CUST08351,MER05638,2024-10-10,9673.52,Product Not Received,Open
CB001869,TXN000523,CUST05987,MER08350,2024-11-30,770.13,Fraud Suspected,Open
CB001870,TXN000737,CUST07713,MER04654,2024-02-23,1720.08,Unauthorized Transaction,Under Review
CB001871,TXN006630,CUST01107,MER04862,2024-08-10,5801.18,Service Not Received,Open
CB001872,TXN007430,CUST06102,MER09194,2024-11-28,472.83,Duplicate Charge,Open
CB001873,TXN003475,CUST03059,MER09506,2025-01-10,36721.02,Unauthorized Transaction,Open
CB001874,TXN000024,CUST08602,MER09100,2024-07-23,29385.35,Fraud Suspected,Won
CB001875,TXN006998,CUST07236,MER02532,2024-06-17,30453.02,Unauthorized Transaction,Open
CB001876,TXN000954,CUST01282,MER05224,2024-09-23,4369.67,Service Not Received,Open
CB001877,TXN004045,CUST09546,MER01378,2024-06-10,1294.65,Service Not Received,Lost
CB001878,TXN006705,CUST08100,MER02752,2024-11-07,98493.8,Duplicate Charge,Under Review
CB001879,TXN007979,CUST07494,MER01187,2024-01-30,17205.09,Product Not Received,Won
CB001880,TXN000241,CUST02029,MER06609,2024-03-25,35817.09,Duplicate Charge,Won
CB001881,TXN002324,CUST09502,MER07302,2024-03-08,10927.83,Fraud Suspected,Open
CB001882,TXN002787,,MER08607,2024-03-31,13775.53,Fraud Suspected,Lost
,TXN004218,CUST09645,MER04435,2024-09-08,16966.86,Service Not Received,Lost
CB001884,TXN001267,CUST08785,MER05843,2024-07-17,1920.82,Service Not Received,Under Review
CB001885,TXN001560,CUST02540,MER03597,2024-04-03,3513.72,Product Not Received,Open
CB001886,TXN005133,CUST01311,MER02992,2024-04-17,61211.41,Duplicate Charge,Lost
CB001887,TXN004946,CUST07913,MER07556,2025-01-26,2049.1,Service Not Received,Won
CB001888,TXN006038,,MER07520,2024-07-07,N/A,Duplicate Charge,
CB001889,TXN001989,CUST04803,MER00216,2024-11-14,45846.87,Product Not Received,Open
CB001890,TXN002033,CUST05736,MER04293,2024-07-18,89643.35,Service Not Received,Lost
CB001891,TXN007170,CUST03311,MER00041,2024-11-01,21043.09,Unauthorized Transaction,Won
CB001892,TXN000290,CUST00768,MER06771,2025-02-09,81283.86,Fraud Suspected,Lost
CB001893,TXN007268,CUST05127,,2024-08-15,418.25,Product Not Received,Lost
CB001894,TXN006860,CUST07608,MER09613,2024-04-08,33887.16,Fraud Suspected,Lost
CB001895,TXN002481,CUST05199,MER05387,2024-02-06,12666.1,Product Not Received,Open
CB001896,TXN001619,CUST05469,MER03067,2024-03-15,701.55,Duplicate Charge,Won
CB001897,TXN005917,CUST06069,MER03739,2024-07-20,764.04,Unauthorized Transaction,Lost
CB001898,TXN007419,CUST08431,MER06655,2024-04-20,396.47,Duplicate Charge,Lost
CB001899,TXN001969,CUST09724,MER03271,2024-01-31,24084.27,Unauthorized Transaction,Won
CB001900,,CUST03866,MER08455,2024-02-22,7202.42,Service Not Received,Lost
CB001901,TXN002534,CUST03537,MER04565,2024-05-24,90505.19,Unauthorized Transaction,Won
CB001902,TXN009093,CUST05111,MER08630,2024-09-06,679.26,Product Not Received,Under Review
CB001903,TXN007320,CUST07337,MER04212,2024-08-24,2245.55,Fraud Suspected,Open
CB001904,TXN006579,CUST00388,MER01104,2024-06-27,20839.73,Fraud Suspected,Lost
CB001905,,CUST07793,MER06012,2024-02-20,339.93,Service Not Received,Under Review
CB001906,TXN008842,CUST07411,MER09589,2024-02-09,5511.02,Service Not Received,Lost
CB001907,TXN008354,,MER04735,2024-10-07,22908.06,Product Not Received,Open
CB001908,TXN002630,CUST09172,MER02999,2024-08-12,83128.28,Service Not Received,Lost
CB001909,TXN001842,CUST06601,MER05967,2024-04-02,19136.04,Unauthorized Transaction,Won
CB001910,TXN002183,CUST09961,MER08729,2025-02-08,2091.52,Fraud Suspected,Under Review
CB001911,TXN007131,CUST09172,MER02008,2024-05-19,6576.13,Duplicate Charge,Open
CB001912,TXN005540,CUST06065,MER04538,2024-09-30,1644.28,Fraud Suspected,Open
CB001913,TXN002554,CUST04328,MER00403,2024-05-21,70443.68,Unauthorized Transaction,Lost
CB001914,TXN000009,CUST02038,MER04390,2024-07-04,39605.91,Service Not Received,Under Review
CB001915,TXN000821,CUST04057,MER02634,2024-08-11,81273.1,Fraud Suspected,Open
CB001916,TXN009601,CUST00278,MER01978,2024-08-01,7505.82,Duplicate Charge,Open
CB001917,TXN008143,CUST02610,MER07143,2024-05-23,849.04,Fraud Suspected,Won
CB001918,TXN005866,CUST06192,MER01802,2024-03-03,630.12,Unauthorized Transaction,Lost
CB001919,TXN007236,CUST09523,,2024-03-20,19104.26,Service Not Received,Open
CB001920,TXN006227,CUST00476,MER08936,2024-04-14,N/A,Unauthorized Transaction,Open
CB001921,TXN007806,CUST01240,MER05568,2024-03-29,35088.32,Duplicate Charge,Open
CB001922,TXN004077,CUST06824,MER00759,2024-04-12,68560.56,Duplicate Charge,Won
,TXN004184,CUST06057,MER07368,2024-06-12,84402.04,Fraud Suspected,Lost
CB001924,TXN002109,CUST06214,MER09470,2024-07-21,1143.02,Fraud Suspected,Open
CB001925,TXN005527,CUST02699,MER05450,2024-02-14,9307.58,Service Not Received,Under Review
CB001926,TXN008162,CUST06362,MER09383,2024-06-23,,Unauthorized Transaction,Lost
CB001927,TXN009300,CUST08701,MER06027,2024-12-19,84262.6,,Won
CB001928,TXN000737,CUST07713,MER04654,2024-03-18,,Product Not Received,Open
CB009487,TXN006041,CUST01956,MER02194,2024-12-01,9716.78,Duplicate Charge,Under Review
CB001930,TXN002329,CUST08498,MER01772,2024-07-19,659.08,Duplicate Charge,Lost
CB001931,TXN001950,CUST03149,MER01485,2024-05-04,947.26,Service Not Received,Lost
,TXN004931,CUST04944,MER04744,2024-05-22,19291.15,Duplicate Charge,Lost
CB001933,TXN009085,CUST07823,MER07428,2024-04-04,6224.93,Product Not Received,Under Review
CB001934,TXN004383,CUST08308,MER06103,2024-08-13,212.61,Unauthorized Transaction,Lost
CB001935,TXN007939,CUST07295,MER04839,2024-01-30,12475.26,Fraud Suspected,Open
CB001936,TXN006125,CUST07793,MER00616,2024-08-16,17314.45,Unauthorized Transaction,Open
CB001937,TXN000148,CUST08791,MER08065,2024-03-26,41062.94,Unauthorized Transaction,Open
CB001938,TXN001477,CUST04623,MER09593,2024-01-20,10801.14,Duplicate Charge,Under Review
CB001939,TXN005679,CUST03821,MER01771,2024-07-02,1529.64,Fraud Suspected,Open
CB001940,TXN001257,CUST09026,MER02458,2024-08-30,57669.27,Fraud Suspected,Open
CB001941,TXN008462,CUST02984,MER01568,2024-01-30,738.64,Unauthorized Transaction,Under Review
CB001942,TXN006111,CUST03910,MER01289,2024-08-12,2112.39,Product Not Received,Open
CB001943,TXN003099,CUST01268,,2024-05-12,1476.66,Fraud Suspected,Won
CB001944,TXN000255,CUST06333,MER09712,2024-04-21,97774.35,Product Not Received,Under Review
CB001945,TXN003119,CUST07782,MER08571,2024-04-08,1174.06,Fraud Suspected,Open
CB001946,TXN002314,CUST05471,MER09661,2024-12-24,457.62,Service Not Received,Lost
CB001947,TXN004899,CUST06687,MER01735,2024-06-08,97006.81,Duplicate Charge,Open
CB001948,TXN004645,CUST02952,MER01509,2024-05-27,71332.57,Duplicate Charge,Lost
CB001949,TXN002776,CUST09235,MER06461,2024-09-15,568.18,Service Not Received,Won
CB001950,TXN002457,CUST06148,MER04272,2024-08-20,9634.12,Service Not Received,Open
CB001951,TXN009829,CUST09853,MER06590,2024-09-23,108215.38,Fraud Suspected,Open
CB001952,TXN005013,CUST01212,MER07070,2024-05-18,95113.81,Service Not Received,Open
CB001953,TXN005389,CUST07872,MER00145,2024-12-08,90865.67,Product Not Received,Open
CB001954,TXN008244,CUST09840,MER09825,2024-07-24,108746.06,Unauthorized Transaction,Under Review
CB001955,TXN007182,CUST01352,MER05067,2024-10-09,812.5,Duplicate Charge,Won
CB001956,TXN009345,CUST01106,MER07996,2024-09-22,2344.81,Fraud Suspected,Won
CB001957,TXN006018,CUST02191,MER06677,2024-05-03,6397.13,Fraud Suspected,Lost
CB001958,TXN008857,CUST07843,MER09695,2024-09-26,1032.06,Fraud Suspected,Under Review
CB001959,TXN001533,CUST06001,MER06187,2024-11-08,554.27,Product Not Received,Lost
CB001960,TXN008388,CUST01693,MER04648,2024-09-05,58800.98,Unauthorized Transaction,Open
CB001961,TXN007225,CUST02062,MER02421,2024-07-06,14198.26,Unauthorized Transaction,Under Review
CB001962,TXN007882,CUST05097,MER02235,2024-09-14,81010.82,Unauthorized Transaction,Won
CB001963,TXN009838,CUST08867,MER01820,2024-09-13,2436.53,Fraud Suspected,Open
CB001964,TXN000370,CUST01772,MER09281,2025-01-11,56265.01,Unauthorized Transaction,Won
CB001965,TXN002054,CUST09577,MER08320,2024-11-12,60867.3,Unauthorized Transaction,Open
CB001966,TXN002917,CUST09892,MER06540,2024-01-22,19144.04,Service Not Received,Open
CB001967,TXN004874,CUST01681,MER04757,2024-04-06,582.99,Unauthorized Transaction,Open
CB001968,TXN002338,CUST02154,MER06769,2024-08-14,57057.6,Service Not Received,Under Review
CB001969,TXN008453,CUST07431,MER03401,2024-08-25,2126.63,Unauthorized Transaction,Won
CB001970,TXN008687,CUST08978,MER06484,2024-10-19,99903.8,Unauthorized Transaction,Won
CB001971,TXN004403,CUST03971,MER00186,2024-12-03,17257.41,Product Not Received,Open
CB001972,TXN005803,CUST00532,MER01477,2024-05-23,5160.44,Service Not Received,Open
CB001973,TXN000446,CUST09385,MER09357,2024-05-17,64.04,Unauthorized Transaction,Won
CB001974,,CUST08106,MER07523,2024-06-22,448.93,Fraud Suspected,Under Review
CB001975,TXN009431,CUST03895,MER01160,2024-02-10,71472.01,Duplicate Charge,Under Review
CB001976,TXN002149,CUST00176,MER00116,2024-07-13,27551.56,Service Not Received,Under Review
CB001977,TXN006398,CUST06510,MER06559,2024-03-14,15253.84,Duplicate Charge,Under Review
CB001978,TXN009633,CUST02281,MER01763,2024-03-17,7125.17,Unauthorized Transaction,Under Review
CB001979,TXN005041,CUST03829,MER02541,2024-07-23,93316.84,Duplicate Charge,Under Review
CB001980,TXN005212,CUST08136,MER01479,2024-12-26,87495.57,Unauthorized Transaction,Lost
CB001981,TXN001356,CUST07945,MER05316,2024-02-08,19607.54,Unauthorized Transaction,Open
CB001982,TXN002687,CUST07453,MER09856,2024-11-03,903.3,Product Not Received,Under Review
CB001983,TXN002564,CUST02223,MER05528,2024-06-09,6478.74,Unauthorized Transaction,Under Review
CB001984,TXN009418,CUST01130,MER09794,2024-11-08,2458.46,Fraud Suspected,Under Review
CB001985,TXN008024,CUST08366,MER04829,2024-11-21,370.21,Fraud Suspected,Won
CB001986,TXN006968,CUST05520,MER07584,2024-08-08,5631.37,Product Not Received,Won
CB001987,TXN002570,CUST09881,MER02300,2024-09-15,39968.96,Service Not Received,Open
CB001988,TXN001086,CUST06728,MER05364,2024-12-30,3603.88,Duplicate Charge,Won
CB001989,TXN006530,CUST00565,MER09155,2024-09-01,,Unauthorized Transaction,Lost
CB001990,TXN007623,CUST05580,MER07075,2024-09-23,6185.06,Fraud Suspected,Open
CB001991,TXN009778,CUST04413,MER01612,2024-05-02,25007.08,Duplicate Charge,Open
CB001992,TXN000562,CUST09471,MER01035,2024-12-26,57001.83,Duplicate Charge,Open
CB001993,TXN002847,CUST02838,MER03195,2024-03-07,1243.46,Service Not Received,Under Review
CB001994,TXN003582,CUST09745,MER09988,2024-11-23,755.92,Service Not Received,Lost
CB001995,TXN002282,CUST07587,MER06648,2024-04-29,91283.7,Fraud Suspected,Lost
CB001996,TXN002831,CUST04396,MER01856,2024-09-30,1959.03,Product Not Received,Open
CB001997,TXN005106,CUST08572,MER03331,2024-06-18,63524.57,Service Not Received,Won
CB001998,TXN008138,CUST09191,MER01764,2024-11-29,38857.34,Service Not Received,Won
CB001999,TXN002222,CUST04460,MER02340,2024-07-22,675.75,Unauthorized Transaction,Under Review
CB002000,TXN001577,CUST08748,MER09819,2024-06-18,765.52,Fraud Suspected,Open
CB002001,TXN006593,CUST09001,MER02362,2024-03-24,785.61,Product Not Received,Open
CB002002,TXN007663,CUST08599,MER02338,2024-02-27,104681.33,Unauthorized Transaction,Won
CB002003,TXN002446,CUST03474,MER07919,2024-07-13,988.79,Duplicate Charge,Lost
CB002004,TXN003426,CUST06101,MER07351,2024-07-17,843.54,Service Not Received,Under Review
CB002005,TXN003190,CUST09100,MER09383,2024-12-01,8484.7,Unauthorized Transaction,
CB002006,TXN009874,CUST05374,MER02760,2024-06-17,45285.3,Service Not Received,Won
CB002007,UNKNOWN,CUST06525,MER07321,2024-06-11,33781.04,Product Not Received,Lost
CB002008,TXN004721,CUST07144,MER09086,2024-08-05,1089.35,Duplicate Charge,Open
CB005728,TXN007635,,MER04090,2025-01-02,525.74,Service Not Received,Open
CB002010,TXN009854,CUST08036,MER04391,2024-06-16,2056.12,Unauthorized Transaction,Open
CB002011,TXN008457,CUST01302,MER00266,2024-03-12,765.01,Fraud Suspected,Open
CB002012,TXN008242,CUST07675,MER09277,2024-12-19,98694.43,Product Not Received,Under Review
CB002013,TXN006000,CUST02410,MER05351,2024-05-18,16208.13,Duplicate Charge,Lost
CB002014,TXN004178,CUST08349,MER00681,2024-07-30,9879.4,Service Not Received,Under Review
CB002015,TXN006425,CUST04087,MER05244,2024-11-07,998.14,Service Not Received,Open
CB002016,TXN007777,CUST07328,MER08515,2024-06-20,1346.18,Product Not Received,Open
CB001103,TXN007035,CUST03389,MER04980,2024-05-30,36489.61,Unauthorized Transaction,Won
CB002018,TXN000362,CUST00675,MER05001,2024-11-15,8672.39,Service Not Received,Won
CB002019,TXN007832,CUST05682,MER06122,2024-06-09,13309.07,Service Not Received,Won
CB002020,TXN010000,CUST00350,MER00324,2024-06-10,N/A,Fraud Suspected,Under Review
CB002021,TXN009753,CUST06109,MER02758,2024-05-04,46076.22,Service Not Received,Lost
CB002022,TXN008524,CUST09722,MER07835,2024-10-30,,Product Not Received,Open
CB002023,TXN002752,CUST09215,MER05656,2024-08-09,84461.74,Fraud Suspected,Open
CB002024,TXN001776,CUST07525,MER09525,2024-07-07,12377.92,Product Not Received,Won
CB002025,TXN001796,CUST08412,MER01523,2024-10-10,345.38,Duplicate Charge,Lost
CB002026,TXN004675,CUST00344,MER00535,2024-05-14,42251.62,Fraud Suspected,Lost
CB002027,TXN000509,CUST06141,MER07880,2024-12-13,107.5,Service Not Received,Won
CB002028,TXN006925,CUST01693,MER07180,2024-01-19,489.01,Product Not Received,Lost
CB002029,TXN005336,CUST04518,MER03974,2024-05-24,11533.32,Duplicate Charge,Lost
CB002030,TXN006816,CUST07029,MER07260,2024-08-26,5068.21,Unauthorized Transaction,Lost
CB002031,TXN000492,CUST07845,MER03946,2024-10-13,1168.37,Fraud Suspected,Lost
CB002032,TXN005675,CUST07463,MER08298,2024-06-23,350.27,Service Not Received,Won
CB002033,TXN006237,CUST08759,MER09737,2024-02-24,96941.68,Duplicate Charge,Lost
CB002034,TXN004669,CUST03239,MER01162,2024-01-20,1905.55,Unauthorized Transaction,Open
CB002035,TXN002449,CUST09805,MER07025,2024-05-27,17391.53,Product Not Received,Open
CB002036,TXN001373,CUST06141,MER06892,2024-12-17,24021.18,Fraud Suspected,Open
CB002037,TXN000993,CUST00728,MER01504,2025-01-08,578.77,Fraud Suspected,Under Review
CB002038,TXN007826,CUST05451,MER02213,2024-02-27,7317.19,Product Not Received,Open
CB002039,TXN005076,CUST08462,MER03984,2024-04-03,688.13,Product Not Received,Open
CB002040,TXN004955,CUST08508,MER03017,2024-10-16,1299.11,Duplicate Charge,Won
CB002041,TXN000765,CUST07292,MER05020,2025-01-01,93.0,Duplicate Charge,Under Review
CB002042,TXN009069,CUST03533,MER09682,2024-03-06,831.63,Unauthorized Transaction,Won
CB002043,TXN009656,CUST01146,MER03636,2024-09-29,4035.47,Fraud Suspected,Lost
CB002044,TXN004079,CUST02710,MER07778,2024-12-14,7206.81,Duplicate Charge,Won
CB002045,TXN004705,CUST07930,MER04856,2024-02-06,4107.89,Product Not Received,Lost
CB002046,TXN007155,CUST06820,MER07942,2024-09-16,6411.23,Unauthorized Transaction,Open
CB002047,TXN006382,CUST03031,MER04866,2024-09-21,291.61,Fraud Suspected,Under Review
CB002048,TXN001834,CUST03615,MER04183,2024-05-10,10644.04,Service Not Received,Won
CB002049,TXN006388,CUST02969,MER01357,2024-07-04,12050.09,Fraud Suspected,Lost
CB002050,TXN009107,CUST00516,MER04210,2024-07-14,49966.93,Product Not Received,Open
CB002051,TXN000600,CUST06992,MER08872,2024-01-07,77.6,Service Not Received,Lost
CB002052,TXN008726,CUST01812,MER01510,2024-06-24,1701.59,Duplicate Charge,Under Review
CB002053,TXN004082,CUST08035,MER01266,2024-05-28,1187.36,Fraud Suspected,Lost
CB002054,TXN007265,CUST09940,MER06509,2024-05-05,61558.19,Duplicate Charge,Lost
CB002055,TXN000345,CUST08099,MER01753,2025-01-14,22995.46,Duplicate Charge,Open
CB002056,TXN005585,CUST06374,MER03589,2024-02-10,30473.9,Service Not Received,Open
CB002057,TXN009577,CUST05827,,2024-01-22,1921.99,Service Not Received,Open
CB002058,TXN002044,CUST06708,MER03684,2024-07-21,43541.23,,Lost
CB002059,TXN008067,CUST05751,MER08287,2024-03-18,1595.49,Fraud Suspected,Open
CB002060,TXN002270,CUST04220,MER04047,2024-08-06,1357.49,Duplicate Charge,Open
CB002061,TXN002717,CUST06652,MER05725,2024-05-07,989.64,Product Not Received,Won
CB002062,,CUST01479,MER08772,2024-03-11,5705.68,Fraud Suspected,Won
CB002063,TXN007973,CUST05307,MER01793,2024-11-13,12161.43,Fraud Suspected,Won
CB002064,TXN002501,CUST04860,MER05014,2025-01-11,7741.14,Duplicate Charge,Won
CB002065,TXN002481,CUST05199,MER05387,2024-02-10,6333.05,Fraud Suspected,Under Review
CB002066,TXN009762,CUST04257,MER07038,2024-11-14,56868.49,Service Not Received,Under Review
CB002067,TXN005609,CUST04102,MER03943,2024-04-28,415.04,Service Not Received,Under Review
CB002068,TXN007208,CUST07856,MER00710,2024-08-08,1838.21,Fraud Suspected,Under Review
CB002069,TXN005370,CUST07156,MER03782,2024-08-17,123.12,Duplicate Charge,Lost
CB002070,TXN009050,CUST07212,MER08701,2024-09-11,4359.23,Duplicate Charge,Won
CB002071,TXN005339,CUST00055,MER01164,2024-11-19,387.62,Fraud Suspected,Open
CB002072,TXN005022,CUST07613,MER08950,2024-11-27,4696.63,Duplicate Charge,Won
CB002073,TXN000252,CUST07583,MER05457,2024-03-15,6987.6,Duplicate Charge,Lost
CB002074,TXN007397,CUST04032,,2024-05-20,24576.79,Fraud Suspected,Open
CB002075,TXN005175,CUST02908,MER01591,2024-10-08,88563.21,Service Not Received,Won
CB002076,TXN008040,CUST07736,MER03326,2024-04-22,3248.18,Duplicate Charge,Lost
,TXN002276,CUST05534,MER07547,2024-03-28,32999.41,Product Not Received,Won
CB002078,TXN006858,CUST07669,MER02856,2024-10-08,73275.6,Fraud Suspected,Open
CB002079,TXN009330,CUST01305,MER05141,2024-09-27,88736.13,Unauthorized Transaction,Under Review
CB002080,TXN005923,UNKNOWN,MER02515,2024-03-31,6055.28,Product Not Received,Open
CB002081,TXN000852,CUST02455,,2024-03-04,1926.4,Unauthorized Transaction,Lost
CB002082,TXN006143,CUST09663,MER09308,2024-10-19,N/A,Service Not Received,Under Review
CB002083,TXN006647,CUST01526,MER07930,2024-06-21,574.53,Fraud Suspected,Won
CB006156,TXN000688,CUST04378,MER06731,2025-01-21,10879.39,Fraud Suspected,Open
CB002085,TXN008143,CUST02610,MER07143,2024-07-17,1952.79,Fraud Suspected,Under Review
CB002086,TXN000330,CUST00209,MER00889,2024-07-20,1822.05,Duplicate Charge,Open
CB002087,TXN007833,CUST05951,MER06004,2025-01-20,7665.51,Fraud Suspected,Lost
CB002088,TXN007891,CUST00373,MER02005,2024-02-20,6123.45,Product Not Received,Lost
CB002089,TXN008297,CUST05605,MER09759,2024-03-07,61380.38,Product Not Received,Open
CB002090,TXN008643,CUST02171,MER04621,2025-01-10,37177.42,Fraud Suspected,Under Review
CB002091,TXN009749,CUST08228,MER05146,2024-08-25,1259.28,Fraud Suspected,Lost
CB002092,TXN007309,CUST07012,MER03224,2024-12-18,6926.91,Product Not Received,Won
CB002093,TXN006331,CUST06415,MER03237,2024-04-22,757.94,Service Not Received,Open
CB002094,TXN002715,CUST06539,MER00711,2024-05-31,12418.28,Unauthorized Transaction,Lost
CB002095,TXN007381,CUST08905,MER04855,2024-08-10,566.36,Fraud Suspected,Open
CB002096,TXN002661,CUST06392,MER03991,2024-12-23,9673.02,Service Not Received,Lost
CB002097,TXN009513,CUST07078,MER04870,2024-12-07,18484.23,Unauthorized Transaction,Open
CB002098,TXN005487,CUST03437,MER09506,2024-08-04,108826.95,Duplicate Charge,Open
CB002099,TXN007406,CUST09520,MER02948,2024-07-03,5440.12,Duplicate Charge,Lost
CB002100,TXN003122,CUST04405,UNKNOWN,2024-12-07,1793.75,Fraud Suspected,Under Review
CB002101,TXN003088,CUST04859,MER06762,2024-07-24,4110.08,Unauthorized Transaction,Open
CB002102,TXN006368,CUST06551,MER00659,2025-01-31,65.22,Unauthorized Transaction,Under Review
CB002103,TXN002229,CUST07618,MER07538,2024-11-30,67724.48,Unauthorized Transaction,Under Review
CB002104,TXN004323,CUST08298,MER00487,2024-10-10,12396.98,Service Not Received,Lost
CB002105,TXN003798,CUST09320,MER00851,2024-09-19,381.35,Duplicate Charge,Under Review
CB002106,TXN000547,CUST05446,MER04402,2024-07-23,84048.35,Unauthorized Transaction,Under Review
CB002107,TXN009997,CUST03346,MER01209,2024-02-16,13330.94,Fraud Suspected,Lost
CB002108,TXN000403,CUST01782,MER04516,2024-01-26,15720.81,Duplicate Charge,Under Review
CB002109,TXN004516,CUST08948,MER03272,2024-08-19,404.23,Duplicate Charge,Lost
CB002110,TXN002673,CUST00708,MER04430,2025-02-10,110333.78,Unauthorized Transaction,Won
CB002111,TXN007300,CUST03489,MER07380,2024-04-24,10522.53,Fraud Suspected,Won
CB002112,TXN000352,CUST04535,MER07701,2024-12-21,66723.93,Unauthorized Transaction,Lost
CB002113,TXN000774,CUST06542,MER07815,2024-08-04,848.49,Unauthorized Transaction,Under Review
CB002114,TXN003402,CUST04037,MER06257,2024-04-27,1972.26,Product Not Received,Open
CB002115,TXN009029,CUST01327,MER00065,2024-02-17,11287.42,Fraud Suspected,Under Review
CB002116,TXN000734,CUST02277,MER09879,2024-10-10,794.29,Unauthorized Transaction,Open
CB002117,TXN008667,CUST02978,,2024-02-15,16552.74,Duplicate Charge,Won
CB002118,TXN001035,CUST08926,MER08051,2024-08-05,723.32,Fraud Suspected,Under Review
CB002119,TXN009030,UNKNOWN,MER07113,2024-03-11,1716.48,Duplicate Charge,Open
CB002120,TXN002403,CUST08066,MER06827,2024-12-04,16041.9,Fraud Suspected,Lost
CB002121,TXN000252,CUST07583,MER05457,2024-03-09,6987.6,Product Not Received,Lost
CB002122,TXN004305,CUST07385,MER04131,2024-03-08,1851.75,Service Not Received,Lost
CB002123,TXN007506,CUST09631,MER05667,2024-07-03,526.98,Product Not Received,Lost
CB002124,TXN006284,CUST01837,MER03698,2024-09-25,14938.77,Service Not Received,Open
CB002125,TXN006361,CUST03352,MER05216,2025-02-05,993.22,Unauthorized Transaction,Lost
CB002126,TXN001317,CUST06524,MER02242,2024-08-26,14255.89,Service Not Received,Under Review
CB002127,TXN000475,CUST01323,MER07810,2024-11-01,28255.47,Fraud Suspected,Open
CB002128,TXN007257,CUST01022,,2025-01-06,6969.32,Unauthorized Transaction,
CB002129,TXN005192,CUST07323,MER03770,2024-02-20,8392.8,Unauthorized Transaction,Won
CB002130,TXN000577,CUST07135,MER04915,2024-05-10,44164.11,,Under Review
CB002131,TXN004485,CUST00257,MER02083,2024-03-15,N/A,Duplicate Charge,Under Review
CB002132,TXN004044,CUST05098,MER02847,2024-03-22,1440.6,Duplicate Charge,Open
CB002133,TXN003650,CUST04636,MER01597,2024-09-04,34368.87,Fraud Suspected,Won
CB002134,TXN008981,CUST04450,MER03343,2024-10-08,653.46,Fraud Suspected,Lost
CB002135,TXN001536,CUST04486,MER00777,2024-04-27,10972.03,Unauthorized Transaction,Under Review
CB002136,TXN000884,CUST02660,MER07227,2024-10-23,63052.58,Duplicate Charge,Under Review
CB002137,TXN003904,CUST03724,MER03443,2024-10-06,6374.38,Unauthorized Transaction,Won
CB002138,TXN009580,CUST04689,MER06809,2024-07-14,9853.04,Fraud Suspected,Won
CB002139,TXN005114,CUST02570,MER05216,2024-08-04,8933.1,Fraud Suspected,Lost
CB002140,TXN004324,,MER05625,2024-11-03,66771.36,Service Not Received,Open
CB002141,TXN004376,CUST09109,MER04793,2024-12-25,2231.57,Unauthorized Transaction,Open
CB002142,TXN001922,CUST04405,MER08398,2024-10-10,11873.75,Fraud Suspected,Won
CB002143,TXN002485,CUST04526,MER02647,2024-03-30,1678.36,Service Not Received,Under Review
CB002144,,CUST03262,MER04662,2024-03-20,1723.12,Unauthorized Transaction,Lost
CB002145,TXN001999,CUST06831,MER02621,2024-06-24,66706.87,Duplicate Charge,Won
CB002146,TXN004553,CUST02632,MER01796,2024-04-04,89831.41,Fraud Suspected,Open
CB002147,TXN009623,CUST04894,MER02976,2024-12-10,17873.75,Fraud Suspected,Open
CB002148,TXN001528,CUST02797,MER02372,2024-12-23,1069.44,Product Not Received,Won
CB002149,TXN001110,CUST04101,MER09230,2024-07-10,534.6,Service Not Received,Under Review
CB002150,TXN006770,CUST04408,MER04873,2024-10-31,74096.0,Unauthorized Transaction,Open
CB002151,TXN009079,CUST05281,MER07423,2024-09-07,7090.18,Service Not Received,Open
CB002152,TXN003222,CUST08086,MER08702,2024-03-27,15874.17,Fraud Suspected,Lost
CB002153,TXN009897,CUST09195,MER05890,2024-09-22,17452.09,Fraud Suspected,Open
,TXN007101,CUST07245,MER04848,2025-01-01,49125.63,Product Not Received,Under Review
CB002155,TXN003516,CUST05617,MER01720,2024-06-08,1993.55,Unauthorized Transaction,Open
CB002156,TXN005873,CUST02903,MER01551,2024-10-21,1352.99,Duplicate Charge,Open
CB002157,TXN001724,CUST03057,MER05119,2024-04-05,17189.23,Duplicate Charge,Lost
CB002158,TXN003020,CUST02795,MER06749,,34020.03,Duplicate Charge,Open
CB002159,TXN009445,CUST06315,MER01701,2024-09-12,290.48,Fraud Suspected,
CB002160,TXN009419,CUST02383,MER06758,2024-12-04,9834.22,Product Not Received,Won
CB002161,TXN001174,UNKNOWN,MER05701,2024-07-14,51293.58,Unauthorized Transaction,
CB002162,TXN005161,CUST02165,MER07706,2024-12-27,57081.09,Unauthorized Transaction,Under Review
CB002163,TXN005339,CUST00055,MER01164,2024-11-04,775.25,Fraud Suspected,Won
CB002164,TXN007095,CUST04367,MER06740,2024-04-21,23017.51,Unauthorized Transaction,Won
CB002165,TXN000406,CUST02317,MER03756,2024-10-10,7124.52,Fraud Suspected,Under Review
CB002166,TXN003932,CUST03132,MER07141,2024-10-27,18347.73,Product Not Received,Under Review
CB002167,TXN002402,CUST01374,MER08491,2024-02-22,4038.19,Duplicate Charge,Open
CB002168,TXN005001,CUST00363,MER07809,2024-06-28,3283.05,Duplicate Charge,Won
CB002169,TXN007152,CUST05208,MER07677,2024-09-17,60343.0,Unauthorized Transaction,Lost
CB002170,TXN007670,CUST08928,MER06866,2024-07-18,353.03,Product Not Received,Lost
CB002171,TXN003016,CUST08047,MER02617,2024-08-04,397.77,Product Not Received,Under Review
CB002172,TXN001768,CUST09495,MER03373,2024-08-22,46328.85,Service Not Received,Won
CB002173,TXN009956,CUST06473,MER00022,2024-08-14,5905.72,Duplicate Charge,Open
CB002174,TXN006499,CUST07376,MER02364,2024-09-01,3333.98,Service Not Received,Won
CB002175,TXN004991,CUST05907,MER04176,2024-12-24,70487.4,Product Not Received,Open
CB002176,TXN000727,CUST06082,MER02929,2024-12-09,66028.35,Fraud Suspected,Open
CB002177,TXN002145,CUST06123,MER03405,2024-04-28,9806.86,,Open
CB002178,TXN000959,CUST02590,MER03460,2024-12-24,501.5,Service Not Received,Under Review
CB002179,TXN001086,CUST06728,MER05364,2024-12-11,1801.94,Fraud Suspected,Under Review
CB002180,TXN007481,CUST05946,MER00730,2024-01-24,32544.58,Unauthorized Transaction,Under Review
CB002181,TXN005475,CUST08142,MER08696,2024-06-12,4876.25,Product Not Received,Under Review
CB002182,TXN005172,CUST04613,MER07460,2024-04-05,3599.05,Duplicate Charge,Open
CB002183,TXN009959,CUST09756,MER04809,2024-09-02,53206.07,Service Not Received,Won
CB002184,TXN001313,CUST05523,MER04404,2025-01-26,5174.62,Product Not Received,Lost
CB002185,TXN008507,CUST08968,MER00523,2024-11-05,73666.71,Unauthorized Transaction,Won
,TXN005733,CUST03706,MER06967,2024-12-10,18797.26,Fraud Suspected,Lost
CB002187,TXN006597,CUST08448,MER06125,2024-03-08,10934.74,Product Not Received,
CB002188,TXN005528,CUST00013,MER04644,2024-12-22,3163.0,Duplicate Charge,Under Review
CB002189,,CUST01821,MER05136,2024-03-21,12114.68,Unauthorized Transaction,Open
CB006327,TXN007371,CUST03051,MER07347,2025-01-08,29537.16,Product Not Received,Won
CB002191,TXN002473,CUST09439,,2024-11-17,52039.36,Unauthorized Transaction,Under Review
CB002192,TXN003250,CUST01210,MER01551,2024-12-09,13676.49,Unauthorized Transaction,Open
CB002193,TXN009777,CUST03480,MER05615,2024-05-05,42140.44,Duplicate Charge,Won
CB002194,TXN000759,CUST06434,MER06796,2024-04-28,15486.91,Service Not Received,Under Review
CB002195,TXN006758,CUST07107,MER06405,2024-12-08,57182.46,Product Not Received,Under Review
CB002196,TXN007366,CUST04858,MER06754,2024-12-27,1840.87,Fraud Suspected,Lost
CB002197,TXN003235,,MER05443,2025-01-14,1618.42,Duplicate Charge,Won
CB002198,TXN007196,CUST07799,MER03097,2024-03-11,738.07,Fraud Suspected,Lost
CB002199,TXN008148,CUST08038,MER05159,2024-01-27,322.58,Service Not Received,Open
CB002200,TXN001487,CUST08538,MER07220,2024-04-18,11890.61,Product Not Received,Won
CB002201,TXN003863,CUST09589,MER09571,2024-12-12,45713.5,Fraud Suspected,Lost
CB002202,TXN000021,CUST03346,MER08277,2024-06-27,18669.7,Unauthorized Transaction,Lost
CB002203,TXN008775,CUST01867,MER00645,2024-11-23,15693.31,Duplicate Charge,Lost
CB002204,TXN005309,CUST01823,MER01461,2024-06-01,13768.98,Fraud Suspected,Under Review
CB002205,TXN002461,CUST08351,MER05638,2024-11-13,9673.52,Fraud Suspected,Under Review
CB002206,TXN002283,CUST07677,MER09074,2024-07-20,4775.27,Duplicate Charge,Under Review
CB002207,TXN000153,CUST06329,MER04136,2024-06-29,53344.04,Unauthorized Transaction,Won
CB002208,TXN002753,CUST04373,MER02489,2024-06-10,6121.02,Product Not Received,Under Review
CB002209,TXN006443,CUST02177,MER02387,2024-12-11,2558.89,Fraud Suspected,Open
CB002210,TXN003681,CUST02702,MER06690,2024-10-27,513.77,,Lost
CB002211,TXN002231,CUST04555,MER02661,2024-02-19,7378.1,Unauthorized Transaction,Won
CB002212,TXN006536,CUST06555,MER05860,2024-06-05,8741.0,Unauthorized Transaction,Open
CB002213,TXN008451,CUST05664,MER08590,2024-12-01,36887.0,Duplicate Charge,Open
CB002214,TXN002099,CUST02315,MER06360,2024-03-23,287.98,Service Not Received,Won
CB002215,TXN007639,CUST02169,MER08865,2024-06-24,29069.26,Service Not Received,Lost
CB002216,TXN001629,CUST06939,MER04016,2024-08-25,737.73,Product Not Received,Under Review
CB002217,,CUST06025,MER05163,2024-08-12,18462.28,Duplicate Charge,Lost
CB002218,TXN007181,CUST04952,MER04470,2024-06-28,1374.05,Duplicate Charge,Lost
CB002219,TXN009814,CUST07354,MER02488,2025-01-14,15697.71,Unauthorized Transaction,Lost
CB002220,TXN006302,CUST02449,MER07243,2024-11-03,3598.94,Fraud Suspected,Under Review
CB002221,TXN000860,CUST00177,MER09672,2024-10-20,48764.54,Duplicate Charge,Under Review
CB002222,TXN009363,CUST07293,MER01955,2025-01-11,1753.24,Unauthorized Transaction,Open
CB002223,TXN005759,CUST04579,MER03683,2024-02-29,90768.21,Unauthorized Transaction,Open
CB002224,TXN008346,CUST00753,MER08498,2024-04-05,48164.61,Unauthorized Transaction,Won
CB002225,TXN000897,CUST07015,MER00205,2024-06-07,66.66,Product Not Received,Won
CB002226,TXN009153,CUST01891,MER03802,2024-04-19,1325.27,Unauthorized Transaction,Under Review
CB002227,TXN009384,CUST08102,MER09434,2024-07-12,113321.23,Unauthorized Transaction,Open
CB002228,TXN002108,CUST05647,MER09778,2025-01-16,11538.19,Product Not Received,Under Review
CB002229,TXN002582,CUST07088,MER08556,2025-02-09,729.18,Fraud Suspected,Under Review
CB002230,TXN003123,CUST05844,MER07280,2024-04-01,1508.94,Duplicate Charge,Won
CB002231,TXN001926,CUST09536,MER05146,2024-05-21,287.71,Fraud Suspected,Under Review
CB002232,TXN008352,CUST01980,MER03432,2024-06-09,18828.74,Fraud Suspected,Open
CB002233,TXN005778,CUST06429,MER03465,2024-06-07,13528.69,Unauthorized Transaction,Open
CB002234,,CUST05719,MER08785,2024-04-07,468.3,Service Not Received,Open
CB002235,TXN009995,CUST04723,MER07865,2024-10-08,6735.64,Product Not Received,Lost
CB002236,TXN007917,CUST06743,MER00789,2024-02-09,6559.95,Duplicate Charge,Open
CB002237,TXN003658,CUST01304,MER05298,2024-05-07,599.18,Service Not Received,Under Review
CB002238,TXN006530,CUST00565,MER09155,2024-09-10,9702.59,Duplicate Charge,Won
CB002239,TXN002698,CUST04966,MER05494,2024-11-22,65.31,Fraud Suspected,Open
CB002240,TXN009644,CUST00818,MER01037,2024-10-27,73228.54,Product Not Received,Open
CB002241,TXN007518,CUST00798,MER04507,2024-04-03,5941.0,Fraud Suspected,Under Review
CB002242,TXN008434,CUST02665,MER08159,2024-12-29,1211.33,Duplicate Charge,Under Review
CB002243,TXN004150,CUST02471,MER05284,2024-07-13,23422.46,Service Not Received,Won
CB002244,TXN007069,CUST09660,MER02436,2024-11-04,60792.77,Fraud Suspected,Under Review
CB002245,TXN006332,CUST07357,MER04941,2024-09-11,17784.74,Service Not Received,Lost
CB002246,TXN005485,CUST07225,MER00022,2024-03-15,1181.15,Fraud Suspected,Under Review
CB002247,TXN000536,CUST05723,MER05378,2024-11-09,25202.42,Unauthorized Transaction,Won
CB002248,TXN007366,CUST04858,MER06754,2024-12-31,1600.76,Duplicate Charge,Won
CB002249,UNKNOWN,CUST02770,MER06045,2024-12-20,50273.37,Unauthorized Transaction,Won
CB002250,TXN006412,CUST00288,MER06557,2024-04-25,10719.38,Fraud Suspected,Under Review
CB002251,TXN004985,CUST02162,MER08044,2025-02-11,20404.58,Service Not Received,Open
CB002252,TXN002977,CUST05994,MER03025,2025-01-08,101.84,Fraud Suspected,Won
CB002253,TXN000765,CUST07292,MER05020,2025-01-08,93.0,Fraud Suspected,Lost
CB002254,TXN002710,CUST02232,MER00605,2024-08-25,1886.4,Service Not Received,Under Review
CB002255,TXN003061,CUST04164,MER00424,2024-06-28,1685.62,Duplicate Charge,Under Review
CB002256,TXN001243,,MER05419,2024-04-10,48370.75,Unauthorized Transaction,Open
CB002257,TXN000740,CUST02190,MER06921,2024-12-18,20704.53,Duplicate Charge,Lost
CB002258,TXN008800,CUST02732,MER02238,2024-08-15,12356.51,Duplicate Charge,Under Review
CB002259,TXN002807,CUST06539,MER01550,2024-10-19,118.63,Service Not Received,Open
CB002260,TXN000691,CUST02464,,2024-08-20,26549.8,Unauthorized Transaction,Lost
CB002261,TXN006228,CUST01354,MER09688,2024-03-18,947.8,Product Not Received,Under Review
CB002262,TXN005703,CUST07614,MER02731,2024-09-02,29259.6,Duplicate Charge,Open
CB002263,TXN001654,CUST06241,MER02174,2024-08-11,10927.1,Fraud Suspected,Lost
CB002264,TXN002642,CUST06688,MER09277,2024-04-25,48066.76,Service Not Received,Won
CB002265,TXN007802,CUST05867,MER00966,2024-06-03,1162.59,Unauthorized Transaction,Won
CB002266,TXN005800,CUST07142,MER04427,2024-08-20,12470.37,Duplicate Charge,Lost
CB002267,TXN005936,CUST03621,MER07048,2024-10-29,1782.75,Fraud Suspected,Open
CB002268,TXN008581,CUST01001,MER00752,2024-10-20,208.55,Fraud Suspected,Won
CB002269,TXN004705,CUST07930,MER04856,2024-02-24,4107.89,Fraud Suspected,Lost
CB002270,TXN005877,CUST01186,MER02538,2024-06-09,51635.62,Unauthorized Transaction,Lost
CB002271,TXN005917,CUST06069,MER03739,2024-07-10,1757.28,Duplicate Charge,Won
CB002272,TXN003664,CUST08112,MER01232,2024-04-03,18991.17,Product Not Received,Open
CB002273,TXN004569,CUST01263,MER09224,2024-09-19,423.53,Fraud Suspected,Open
CB002274,TXN002450,CUST08275,MER00281,2024-02-01,13971.51,,Lost
CB002275,TXN007071,CUST09551,MER01943,2024-03-27,9651.83,Product Not Received,Open
CB002276,TXN007769,CUST00680,MER00731,2025-01-27,13457.95,Product Not Received,Lost
CB002277,TXN001695,CUST03771,MER02280,2025-02-02,N/A,Product Not Received,Open
CB002278,TXN006325,CUST06259,MER04331,2024-08-01,7422.76,Fraud Suspected,Under Review
CB002279,TXN009832,CUST09501,MER00340,2024-08-29,91462.33,Unauthorized Transaction,Open
CB002280,TXN001202,CUST05904,MER05933,2024-10-09,675.42,Fraud Suspected,Open
CB002281,TXN001165,CUST07415,MER08578,2024-03-08,22721.27,Fraud Suspected,Won
CB009065,TXN007746,CUST05981,MER05968,2024-02-21,16760.4,Fraud Suspected,Open
CB002283,TXN006069,CUST00347,MER06580,2024-12-22,9014.66,Duplicate Charge,Under Review
CB002284,TXN008124,CUST09450,MER05855,2024-10-29,1368.14,Product Not Received,Under Review
CB002285,TXN000947,CUST09230,MER06101,2024-09-17,17821.11,Product Not Received,Won
CB002286,TXN003032,CUST04555,MER01291,2024-04-26,257.27,Product Not Received,Under Review
CB002287,UNKNOWN,CUST02050,,2024-02-19,1758.13,Duplicate Charge,Under Review
CB002288,TXN000718,CUST04966,MER07169,2024-10-19,6973.96,Unauthorized Transaction,Lost
CB002289,TXN008693,CUST02808,MER05019,2024-08-17,968.52,Unauthorized Transaction,Won
CB002290,TXN009855,CUST03853,MER00525,2024-09-29,1419.58,Duplicate Charge,Under Review
CB002291,TXN007390,CUST02591,MER06921,2024-03-04,557.49,Product Not Received,Under Review
CB002292,TXN005244,CUST06722,MER06653,2024-11-19,971.94,Fraud Suspected,Won
CB002293,TXN003602,CUST06889,MER05205,2024-12-24,6689.73,Product Not Received,Won
CB002294,TXN003384,CUST03456,MER03097,2024-10-07,958.16,Duplicate Charge,Won
CB002295,TXN005851,CUST05177,MER00369,2024-09-02,7004.55,Duplicate Charge,Won
CB002296,TXN009205,CUST00020,MER00645,2024-09-07,2889.56,Product Not Received,Open
CB002297,TXN008140,CUST01573,MER07827,2024-08-11,30348.91,Unauthorized Transaction,Open
CB002298,TXN001207,CUST02275,MER07169,2024-08-02,69199.72,Product Not Received,Lost
CB002299,TXN003743,CUST03094,MER03652,2024-06-12,77281.6,Fraud Suspected,Won
CB002300,,CUST08829,MER07166,2024-11-05,1049.32,Service Not Received,Lost
CB002301,TXN007180,CUST06085,MER03963,2024-03-27,104926.03,Product Not Received,Won
CB002302,TXN004402,CUST05750,MER07282,2024-03-15,49939.91,Duplicate Charge,Won
CB002303,TXN008732,CUST00882,MER09784,2024-04-06,1029.26,Service Not Received,Under Review
CB002304,TXN009012,,MER09698,2024-01-28,71545.67,Product Not Received,Won
CB002305,TXN007825,CUST06453,MER08241,2025-02-16,1302.59,Service Not Received,Under Review
CB002306,UNKNOWN,CUST05962,MER09010,2024-05-28,18794.04,Service Not Received,Open
CB002307,TXN000911,CUST03961,MER06989,2024-11-18,961.54,Unauthorized Transaction,Lost
CB002308,TXN002338,CUST02154,MER06769,2024-08-06,24807.65,Fraud Suspected,Under Review
CB002309,TXN004300,CUST04515,MER07947,2024-11-25,1155.56,Product Not Received,Lost
CB002310,TXN002473,,MER02154,2024-10-11,N/A,Duplicate Charge,Won
CB002311,TXN009645,CUST02589,MER01621,2024-04-30,13293.86,Unauthorized Transaction,Lost
CB002312,TXN009019,CUST03010,MER07892,2024-09-25,8250.67,Service Not Received,Open
CB002313,TXN005608,CUST04966,MER05647,2024-08-05,15584.92,Product Not Received,Open
CB002314,TXN002747,CUST01382,MER06746,2024-04-15,1188.69,Service Not Received,Under Review
CB002315,TXN001755,CUST09188,MER05342,2024-05-14,8507.17,Duplicate Charge,Open
CB002316,TXN003065,CUST06311,MER07386,2025-01-04,72629.93,Product Not Received,Open
CB002317,TXN008054,CUST08845,MER08255,2024-09-17,288.85,Duplicate Charge,Lost
CB002318,TXN009823,CUST02846,MER08310,2024-12-11,573.86,Fraud Suspected,Won
CB002319,TXN002707,CUST09974,MER04929,2024-12-04,17678.11,Service Not Received,Won
CB002320,TXN008846,CUST08329,MER02773,2024-10-08,5942.48,Fraud Suspected,Open
CB002321,TXN009407,CUST05290,MER09458,2024-09-08,17945.99,Service Not Received,Won
CB002322,TXN003492,CUST01035,MER06154,2024-04-11,77932.98,Duplicate Charge,Under Review
CB002323,TXN000974,CUST03254,MER05789,2024-12-16,8572.8,Duplicate Charge,Open
CB002324,TXN004512,CUST08021,MER01782,2024-05-11,1213.0,Product Not Received,Won
CB002325,TXN007151,CUST07723,MER00932,2024-07-31,1938.78,Unauthorized Transaction,Won
CB002326,TXN002626,CUST02345,MER06561,2024-05-14,76263.4,Unauthorized Transaction,
CB002327,TXN008460,CUST02280,MER05870,2024-07-17,145.56,Service Not Received,Won
CB002328,TXN005778,CUST06429,MER03465,2024-06-27,13528.69,Duplicate Charge,Won
CB002329,TXN005853,CUST02620,MER09779,2024-05-26,91.74,Service Not Received,Lost
CB002330,TXN009790,CUST02313,MER07746,2025-02-15,820.32,Fraud Suspected,Lost
CB002331,TXN007798,CUST06030,MER06470,2024-12-21,108167.71,Unauthorized Transaction,Won
CB002332,TXN005490,CUST01130,MER01349,2024-05-11,683.35,Service Not Received,Under Review
CB002333,TXN001018,CUST02538,MER03761,2024-11-28,3180.64,Duplicate Charge,Won
CB002334,TXN007801,CUST07735,MER05147,2024-04-28,64815.14,Product Not Received,Lost
CB002335,TXN002600,CUST06920,MER00304,2024-10-06,436.24,Product Not Received,Open
CB002336,TXN005937,CUST00252,MER02147,2024-08-29,598.62,Product Not Received,Won
CB002337,TXN006991,CUST09734,MER00305,2024-11-03,241.74,Product Not Received,Lost
CB002338,TXN008932,CUST09512,MER02330,2025-02-04,69955.34,Service Not Received,Open
CB002339,TXN008946,CUST00438,MER07590,2024-09-23,387.06,Unauthorized Transaction,Lost
CB002340,,CUST01053,MER01324,2024-02-08,1452.38,Duplicate Charge,Open
CB002341,TXN003979,CUST06222,MER01889,2024-04-09,504.09,Unauthorized Transaction,Under Review
CB002342,TXN009843,CUST06805,MER06802,2024-06-05,17685.2,Service Not Received,Under Review
CB002343,TXN003599,CUST01285,MER02788,2024-08-08,15609.81,Product Not Received,Won
CB002344,TXN001156,CUST01391,MER00567,2024-11-13,1064.97,Unauthorized Transaction,Won
CB002345,TXN004121,CUST07845,MER07576,2024-10-31,13464.04,Service Not Received,Lost
CB002346,TXN001974,CUST00828,MER01162,2024-05-18,23615.12,Product Not Received,Open
CB002347,TXN002891,CUST05121,MER04186,2024-12-29,66464.75,Fraud Suspected,Won
CB002348,TXN004943,CUST07702,MER05187,2024-07-09,16357.6,Unauthorized Transaction,Won
CB002349,TXN007424,CUST01332,MER03095,2024-07-17,1726.62,Service Not Received,Lost
CB002350,TXN007912,CUST00325,MER06783,2025-01-05,476.38,Product Not Received,Won
CB002351,TXN003672,CUST02252,MER04189,2024-12-21,1146.43,Product Not Received,Under Review
CB002352,TXN007348,CUST00570,MER01522,2024-06-14,61364.64,Duplicate Charge,Won
CB002353,TXN008521,CUST05045,UNKNOWN,2024-09-21,11382.82,Product Not Received,Under Review
CB002354,TXN000021,CUST03346,MER08277,2024-05-13,18669.7,Unauthorized Transaction,Open
CB002355,TXN004411,CUST07566,MER03643,2024-05-22,27010.64,Service Not Received,Open
CB002356,TXN000105,CUST07952,MER01884,2024-03-23,42177.48,Fraud Suspected,Won
CB002357,TXN004188,CUST08119,MER08356,2024-02-16,1812.3,Unauthorized Transaction,Under Review
CB002358,TXN001174,CUST02046,MER05701,2024-07-10,51293.58,Product Not Received,Open
CB002359,TXN005118,CUST04764,MER04337,2024-10-12,10670.81,Duplicate Charge,Won
CB002360,TXN001643,CUST03137,MER02583,2024-06-20,78947.23,Unauthorized Transaction,Under Review
CB002361,TXN001828,CUST07337,MER01368,2024-12-29,984.66,Product Not Received,Open
CB002362,TXN007279,CUST03500,MER06118,2024-04-01,3548.62,Fraud Suspected,Lost
CB002363,TXN003771,CUST07120,MER02303,2024-11-23,54914.74,Fraud Suspected,Under Review
CB002364,TXN008368,CUST05217,MER02803,2024-02-16,16592.47,Product Not Received,Lost
CB002365,TXN009309,CUST02608,MER00227,2024-12-11,980.09,Fraud Suspected,Open
CB002366,TXN005511,CUST06080,MER03777,2025-02-02,16403.93,Product Not Received,Won
CB002367,TXN006020,CUST00208,MER04157,2024-02-16,85881.96,Unauthorized Transaction,Won
CB002368,TXN009265,CUST06784,MER02024,2024-02-14,12450.19,Unauthorized Transaction,Won
CB002369,TXN003170,CUST06034,MER09456,2024-05-10,202.77,Service Not Received,Lost
CB002370,TXN001200,CUST05992,MER01012,2024-06-06,53447.82,Service Not Received,Under Review
CB002371,TXN004383,CUST08308,MER06103,2024-07-29,92.44,Service Not Received,Under Review
CB002372,TXN004343,CUST04487,MER07306,2024-10-08,1341.89,Product Not Received,Lost
CB002373,TXN005140,CUST07924,MER04951,2024-10-09,6680.72,Fraud Suspected,Open
CB002374,TXN006425,CUST04087,MER05244,2024-10-18,1996.29,Unauthorized Transaction,Under Review
CB002375,TXN002376,CUST00825,MER07178,2024-08-20,11195.23,Product Not Received,Open
CB002376,TXN004737,CUST06816,MER04806,2024-03-13,84439.99,Fraud Suspected,Open
,TXN003026,CUST05491,MER04839,2024-08-12,2359.13,Unauthorized Transaction,Won
CB002378,TXN004791,CUST01803,MER00827,2024-05-22,44912.83,Service Not Received,Open
CB002379,TXN006874,CUST04661,MER05093,2024-12-06,2856.13,Fraud Suspected,Open
CB002380,TXN000671,CUST09731,MER09705,2024-02-08,12766.52,Product Not Received,Open
CB002381,TXN009935,CUST01254,MER04364,2024-04-25,87646.34,Service Not Received,Won
CB002382,TXN007220,CUST03959,MER04205,2024-06-08,9821.92,Product Not Received,Lost
CB002383,TXN003062,CUST03563,MER06960,2024-06-22,22330.11,Fraud Suspected,Lost
CB002384,TXN004115,CUST09304,MER02762,2024-09-11,76005.22,Unauthorized Transaction,Open
CB002385,TXN004004,CUST09628,MER02397,2024-04-20,1793.3,Fraud Suspected,Lost
CB002386,TXN003465,CUST06113,MER05122,2024-03-18,366.87,Unauthorized Transaction,Won
CB002387,TXN004045,CUST09546,MER01378,2024-06-29,647.33,Product Not Received,Lost
CB002388,TXN000850,CUST06659,MER00745,2024-12-09,2078.36,Duplicate Charge,Under Review
CB002389,TXN006431,CUST06874,MER00591,2025-01-21,1807.33,Unauthorized Transaction,Won
CB002390,TXN004989,CUST06164,MER09763,2024-03-10,55903.68,Unauthorized Transaction,Won
CB002391,TXN000552,CUST09280,MER04022,2024-09-01,20214.86,Duplicate Charge,Open
,TXN001543,CUST00689,MER00963,2024-09-11,37292.89,Duplicate Charge,Lost
CB002393,TXN002188,CUST04958,MER09599,2024-07-09,76648.09,Unauthorized Transaction,Open
CB002394,TXN008256,CUST07728,MER07088,2024-02-09,13618.15,Unauthorized Transaction,Lost
CB002395,TXN004263,CUST05586,MER03304,2024-01-29,1927.07,Service Not Received,Open
CB002396,TXN001182,CUST01336,MER09571,2024-07-02,14213.1,,Won
CB002397,TXN004127,CUST07954,MER02569,2024-10-11,18477.4,Service Not Received,Open
CB002398,TXN001819,CUST07022,MER01180,2024-10-26,758.77,Service Not Received,Under Review
CB002399,TXN009776,CUST08862,MER00324,2024-06-02,2910.74,Service Not Received,Lost
CB002400,TXN000453,CUST03223,MER05796,2024-08-10,3460.28,Product Not Received,Open
CB002401,TXN009388,CUST08702,MER01916,2024-10-11,107814.08,Service Not Received,Open
CB002402,TXN006992,CUST08635,MER01250,2024-06-26,71408.73,Service Not Received,Won
CB002403,TXN008725,CUST07967,MER05208,2024-05-12,41405.29,Service Not Received,Won
CB002404,TXN007790,CUST07873,MER08788,2024-07-16,1933.3,Unauthorized Transaction,Open
CB002405,TXN006751,CUST09630,MER00158,2024-07-21,8982.64,Duplicate Charge,Lost
CB002406,TXN006073,CUST05383,MER08030,2024-02-15,856.28,Service Not Received,Open
CB002407,TXN008725,CUST07967,MER05208,2024-04-09,41405.29,Product Not Received,Under Review
CB002408,TXN001640,CUST06751,MER04589,2024-10-07,44307.74,Unauthorized Transaction,Open
CB002409,TXN008809,CUST05577,MER01628,2024-12-14,6473.38,Service Not Received,Under Review
CB002410,TXN009207,CUST03406,MER00259,2024-08-16,2025.45,Unauthorized Transaction,Under Review
CB002411,TXN009237,CUST05448,MER06572,2024-07-17,19762.91,Unauthorized Transaction,Open
CB002412,TXN003100,CUST03273,MER05410,2024-12-02,4070.02,,Won
CB002413,TXN000629,CUST05171,MER04451,2024-04-20,12027.51,Fraud Suspected,
CB002414,TXN007156,CUST01486,MER01585,2024-08-31,22746.83,Product Not Received,Open
CB002415,TXN002783,UNKNOWN,MER06989,2024-06-24,N/A,Service Not Received,Won
CB002416,TXN003254,CUST08450,MER09568,2025-02-14,22360.44,Product Not Received,Open
CB002417,TXN009158,CUST04523,MER00062,2024-11-25,5873.4,Product Not Received,Lost
CB002418,TXN009720,CUST01929,MER05787,2025-01-08,19848.52,Unauthorized Transaction,Open
,TXN002653,UNKNOWN,MER01287,2024-05-04,88426.82,Product Not Received,Under Review
CB002420,TXN009781,CUST06157,MER04797,2024-03-23,148.8,Unauthorized Transaction,Under Review
CB002421,TXN008370,CUST08470,MER00701,2024-09-30,252.38,Product Not Received,Lost
CB002422,TXN002058,CUST03221,MER07882,2025-01-04,1853.66,Service Not Received,Under Review
CB002423,TXN001237,CUST06552,MER06962,2024-09-12,1478.18,Unauthorized Transaction,Won
CB002424,TXN003099,CUST01268,MER05829,2024-05-31,1476.66,Duplicate Charge,Lost
CB002425,TXN003739,CUST09675,MER05321,2024-04-08,592.6,Product Not Received,Lost
CB002426,TXN000911,CUST03961,MER06989,2024-11-19,1923.07,Fraud Suspected,Lost
CB002427,TXN002800,CUST06062,MER06303,2024-09-07,1545.79,Fraud Suspected,Lost
CB002428,TXN001300,CUST00533,MER06861,2024-05-02,14425.97,Unauthorized Transaction,Under Review
CB002429,TXN005158,CUST01391,MER04798,2024-03-25,83525.59,Duplicate Charge,Won
CB002430,TXN002708,CUST09293,MER01782,2024-03-20,5088.06,Product Not Received,Lost
CB002431,TXN008203,CUST05761,MER09128,2024-12-20,2566.74,Fraud Suspected,Open
CB002432,TXN004511,CUST05366,MER02978,2024-03-23,6771.08,Duplicate Charge,Won
CB002433,TXN005815,CUST04726,MER04894,2024-03-28,112330.37,Unauthorized Transaction,Under Review
,TXN004440,CUST06183,MER00282,2024-05-05,26598.58,Fraud Suspected,
CB002435,TXN001877,CUST00155,MER04791,2024-09-11,8022.36,Service Not Received,Won
CB002436,TXN009319,CUST00347,MER00506,2024-04-16,67043.64,Unauthorized Transaction,Open
CB002437,TXN004982,CUST07677,MER09135,2024-08-24,66237.75,Product Not Received,Open
CB002438,TXN007310,CUST04840,MER01888,2024-03-19,87514.39,Service Not Received,Under Review
CB002439,TXN007014,CUST05592,MER05700,2024-02-29,4321.88,Duplicate Charge,Under Review
CB002440,TXN008720,CUST03255,MER05925,2024-10-31,1294.35,Duplicate Charge,Won
CB002441,TXN001037,CUST03447,MER09307,2025-01-12,,Duplicate Charge,Lost
CB002442,TXN005470,CUST08257,MER05673,2025-02-22,29744.52,Fraud Suspected,Under Review
CB002443,TXN009493,CUST04890,MER04660,2024-12-13,16632.44,Product Not Received,Open
CB002444,UNKNOWN,CUST06463,MER07830,,12113.16,Product Not Received,Under Review
CB002445,TXN006523,CUST03189,MER00835,2024-12-02,5005.56,,Open
CB002446,TXN009052,CUST09221,MER08273,2025-02-06,394.58,Unauthorized Transaction,Won
CB002447,TXN002565,CUST02218,MER00520,2024-12-28,9447.66,Unauthorized Transaction,Under Review
CB002448,,CUST01428,MER07559,2025-01-05,89464.7,Unauthorized Transaction,Lost
CB002449,TXN008504,CUST06543,MER03559,2024-04-25,15493.89,Unauthorized Transaction,Open
CB002450,TXN002161,CUST07193,MER03137,2024-04-01,461.1,Unauthorized Transaction,Under Review
CB002451,TXN008121,CUST07747,MER01406,2024-04-04,6015.34,Service Not Received,Under Review
CB002452,TXN009955,CUST03805,MER01832,2024-04-04,14356.57,Unauthorized Transaction,Won
CB002453,TXN005969,CUST07283,MER07199,,95008.92,Duplicate Charge,Under Review
CB002454,TXN002907,CUST07613,MER05616,2024-07-17,101949.74,Product Not Received,Won
CB002455,UNKNOWN,CUST02536,MER00827,2024-09-19,49558.3,Fraud Suspected,Open
CB002456,TXN004163,CUST06656,MER06865,2024-03-06,425.33,Service Not Received,Open
CB002457,TXN009563,CUST00599,MER06230,2024-12-25,104.09,Unauthorized Transaction,Under Review
CB002458,TXN008134,CUST07315,MER02390,2024-12-19,276.17,Fraud Suspected,Open
CB002459,TXN002724,CUST09651,MER06645,2024-11-16,629.45,Product Not Received,Under Review
CB002460,TXN009632,CUST07683,MER08410,2024-04-14,90022.44,Product Not Received,Won
CB002461,TXN004252,CUST01632,MER05274,2024-09-23,74190.57,Product Not Received,Open
CB002462,TXN000008,CUST07573,MER02018,2024-08-30,42277.43,Service Not Received,Won
CB002463,TXN002353,CUST05946,MER05150,2024-01-24,35960.81,Duplicate Charge,Open
CB002464,TXN001213,CUST09559,MER00917,2024-07-02,104256.92,Product Not Received,Lost
CB002465,TXN007421,,MER00081,2024-07-14,76436.13,Unauthorized Transaction,Won
CB002466,TXN001074,CUST03325,MER00054,2024-10-05,76122.21,Product Not Received,Open
CB002467,TXN001002,CUST01811,MER09668,2024-10-03,37819.7,Service Not Received,Open
CB002468,TXN002538,CUST03179,MER02214,2024-07-19,939.22,Unauthorized Transaction,Lost
CB002469,TXN002622,CUST05447,MER08802,2024-09-16,335.53,Unauthorized Transaction,Lost
CB002470,TXN008713,CUST06692,MER00164,2024-02-06,1360.6,Fraud Suspected,Under Review
CB002471,TXN005052,CUST05433,MER02667,2024-05-31,1825.64,,Won
CB002472,TXN001222,CUST07018,MER00154,2024-03-31,257.37,Service Not Received,Won
CB002473,TXN008634,CUST07148,MER08427,2024-03-26,5238.45,Service Not Received,Under Review
CB002474,TXN007700,CUST05895,MER04671,2024-06-05,607.93,Fraud Suspected,Won
CB002475,TXN008520,CUST03566,,2024-12-27,89608.08,Product Not Received,Won
CB002476,TXN000253,CUST07153,MER06538,2024-08-17,13860.97,Service Not Received,Lost
CB002477,TXN001728,CUST02596,MER09811,2024-11-27,48819.1,Service Not Received,Open
CB002478,TXN002996,CUST04240,MER00900,2024-07-23,770.5,Fraud Suspected,Lost
CB002479,TXN005653,CUST02038,MER04951,2024-10-23,98955.28,Fraud Suspected,Under Review
CB002480,TXN005000,CUST06134,MER01091,2024-06-08,608.12,Duplicate Charge,Open
CB002481,TXN009613,CUST06907,MER02965,2024-05-15,6916.96,Product Not Received,Under Review
CB002482,TXN003071,CUST03027,MER08020,2024-04-10,43558.09,,Open
CB002483,TXN007767,CUST07931,MER07033,2024-06-01,96413.89,Duplicate Charge,Open
CB002484,TXN007582,CUST07621,MER06338,2024-04-04,1793.26,Product Not Received,Won
CB002485,TXN009711,CUST09218,MER01925,2024-08-06,494.58,Fraud Suspected,Open
CB002486,TXN007273,CUST01167,MER01485,2024-12-04,110502.74,Product Not Received,Lost
CB002487,TXN003241,CUST01373,MER07093,2024-08-25,1863.0,Unauthorized Transaction,Under Review
CB002488,TXN002046,CUST03334,MER09772,,1503.21,Unauthorized Transaction,Open
CB002489,TXN002402,CUST01374,MER08491,2024-02-02,4038.19,Unauthorized Transaction,Open
CB002490,TXN009605,CUST00717,MER09226,2024-08-19,13083.69,Service Not Received,Lost
CB002491,TXN001617,CUST04366,MER04114,2024-08-05,4933.03,Product Not Received,Lost
CB002492,TXN001750,CUST09813,MER03886,2024-12-01,2804.57,Duplicate Charge,Lost
CB002493,TXN002243,CUST06384,MER01433,2024-02-10,76909.3,Duplicate Charge,Under Review
CB002494,TXN003415,CUST00060,MER00437,2024-05-26,225.14,Product Not Received,Under Review
CB002495,TXN004955,CUST08508,MER03017,2024-11-05,1129.66,Duplicate Charge,Lost
CB002496,TXN002504,UNKNOWN,MER01455,2024-10-12,1990.49,Product Not Received,Open
CB002497,TXN002288,CUST02425,UNKNOWN,2024-11-13,240.81,Fraud Suspected,Lost
CB002498,TXN005807,CUST04928,MER04717,2024-06-23,651.35,Fraud Suspected,Open
CB002499,TXN003149,CUST04696,MER05753,2024-09-05,2174.93,Unauthorized Transaction,Open
CB002500,TXN003719,CUST06016,MER04757,2024-03-25,399.68,Fraud Suspected,Under Review
CB002501,TXN007130,CUST02136,MER04573,2024-06-15,9464.2,Duplicate Charge,Open
CB002502,TXN003278,CUST05578,MER01829,2024-07-22,8457.9,Fraud Suspected,Lost
CB002503,TXN004390,CUST06262,MER09747,2024-11-24,1072.58,Duplicate Charge,Open
CB002504,TXN007195,CUST07371,MER07501,2024-09-28,396.55,Fraud Suspected,Open
CB002505,TXN004641,CUST07701,MER06661,2024-05-27,14197.16,Fraud Suspected,Under Review
CB002506,TXN001232,CUST08400,MER03348,2024-02-21,40345.8,Unauthorized Transaction,Won
CB002507,TXN008669,CUST09136,MER04660,2024-09-10,167.02,Duplicate Charge,Under Review
CB002508,TXN004377,CUST07615,MER09453,2025-01-03,N/A,Fraud Suspected,Lost
CB002509,TXN009860,CUST04674,MER06324,2024-09-27,814.53,Unauthorized Transaction,Under Review
CB002510,TXN002913,,MER03748,2024-03-16,7737.28,Duplicate Charge,Open
CB002511,TXN006612,CUST00554,MER06128,2024-12-21,26854.23,Duplicate Charge,Open
CB002512,TXN006543,CUST01781,MER04886,2024-02-08,,Unauthorized Transaction,Won
CB002513,TXN006889,CUST09219,MER03338,2024-03-21,480.22,Unauthorized Transaction,Lost
CB002514,TXN008849,CUST09843,MER05429,2024-09-28,12906.82,Fraud Suspected,Open
CB002515,TXN004775,CUST04356,MER03243,2024-05-22,889.18,Service Not Received,Lost
CB002516,TXN000991,CUST00462,MER08313,2025-02-14,29380.94,Unauthorized Transaction,Open
CB002517,TXN002009,CUST07446,MER09309,2024-06-07,2579.43,Unauthorized Transaction,Won
CB002518,TXN008153,CUST06379,MER02213,2024-03-15,44328.6,Duplicate Charge,Open
CB002519,TXN007952,CUST08541,MER02288,2024-06-20,1994.03,Fraud Suspected,Open
CB002520,TXN003486,CUST00193,MER00353,2024-06-28,19276.88,Service Not Received,Open
CB002521,TXN002722,CUST01099,MER00429,2024-09-27,411.88,Fraud Suspected,Open
,TXN003154,CUST06081,MER02812,2024-02-19,1186.0,Duplicate Charge,Under Review
CB002523,TXN000029,CUST09644,MER08397,,1661.84,Duplicate Charge,Won
CB002524,TXN000109,CUST05611,MER03131,2024-03-12,1235.29,Service Not Received,Under Review
CB002525,TXN003434,CUST06471,MER04172,2025-01-17,911.22,Duplicate Charge,Lost
CB002526,TXN006144,CUST08248,UNKNOWN,2024-10-12,16940.4,Product Not Received,Won
CB002527,TXN009178,CUST09431,MER05843,2024-03-25,8657.23,Duplicate Charge,Under Review
CB002528,TXN007497,CUST00977,MER09835,2025-01-26,668.97,Fraud Suspected,Lost
CB002529,TXN003819,CUST08288,MER05068,2024-11-23,53705.69,Service Not Received,Lost
CB002530,TXN000382,CUST07095,MER04439,2024-09-14,2328.63,Duplicate Charge,Under Review
CB002531,TXN000139,CUST03664,MER03819,2024-08-08,63.7,Duplicate Charge,Lost
CB002532,TXN003490,CUST09980,MER06592,2024-09-28,971.85,Service Not Received,Open
CB002533,TXN000582,CUST04400,MER00744,2024-09-09,3289.74,Duplicate Charge,Lost
CB002534,TXN000622,CUST00773,MER06408,2024-10-15,818.37,Duplicate Charge,Won
CB002535,TXN006784,CUST01561,MER01229,,14561.6,Duplicate Charge,Lost
CB002536,TXN008746,CUST05842,MER08669,2024-07-07,10758.09,Fraud Suspected,Under Review
CB002537,TXN005991,CUST06919,MER00315,2024-06-08,307.39,Fraud Suspected,Won
CB002538,TXN009547,CUST07888,MER04996,2025-01-16,5342.38,Product Not Received,Open
CB002539,TXN000278,CUST07258,MER04526,2024-07-03,1112.41,Unauthorized Transaction,Lost
CB002540,TXN006287,CUST01976,MER05969,2024-02-24,80571.69,Product Not Received,Under Review
CB002541,TXN001972,CUST01844,MER02265,2024-11-25,23681.34,Product Not Received,Lost
CB002542,TXN003052,CUST06125,MER06853,2024-10-26,90770.39,Service Not Received,Under Review
CB002543,TXN009265,CUST06784,MER02024,2024-02-17,12450.19,Service Not Received,Lost
CB000802,TXN001547,CUST09162,MER05408,2024-07-31,40710.39,Unauthorized Transaction,Under Review
CB002545,TXN004435,CUST09148,MER00870,2024-11-27,82547.74,Fraud Suspected,Open
CB002546,TXN002051,CUST00277,MER07038,2024-10-17,228.78,Duplicate Charge,Won
CB002547,TXN002707,CUST09974,MER04929,2024-12-26,17678.11,Service Not Received,Open
CB002548,TXN003426,CUST06101,MER07351,2024-08-02,1687.08,Duplicate Charge,Under Review
,TXN009934,CUST07266,MER08624,2024-08-18,8853.96,Fraud Suspected,Open
CB002550,TXN005780,CUST06899,MER02985,2024-07-30,1466.71,Unauthorized Transaction,Under Review
CB002551,TXN004603,CUST01594,MER03486,2025-01-17,1597.37,Unauthorized Transaction,Under Review
CB002552,TXN001251,CUST05755,MER01581,2024-11-09,1611.74,Fraud Suspected,Open
CB002553,TXN005635,CUST06076,MER00810,2024-05-27,14970.34,Unauthorized Transaction,Lost
CB002554,TXN007147,CUST05893,MER01439,2024-08-29,12583.49,Product Not Received,Open
CB002555,TXN001587,CUST02106,MER06270,2024-09-04,4095.4,,Open
CB002556,TXN007254,CUST03063,MER09323,2024-05-27,1040.9,Service Not Received,Open
CB002557,TXN000219,UNKNOWN,MER06006,2024-05-22,154.58,Duplicate Charge,Lost
CB002558,TXN004387,CUST05201,MER05959,,46307.76,Product Not Received,Under Review
CB002559,TXN006364,CUST07829,MER07333,2024-06-13,952.56,Unauthorized Transaction,Under Review
CB002560,TXN007303,CUST03171,MER01365,2024-12-21,6724.25,Product Not Received,Open
CB002561,TXN007825,CUST06453,MER08241,2025-01-14,566.34,Fraud Suspected,Lost
CB002562,TXN009621,CUST07960,MER06558,2024-05-15,48437.25,Service Not Received,Open
CB002563,TXN008959,CUST03851,MER00695,2024-09-10,62474.74,Service Not Received,Under Review
CB002564,TXN003405,CUST06697,MER06227,2024-10-14,2019.01,Service Not Received,Open
CB002565,TXN006440,CUST03350,MER06817,2024-05-05,4833.44,Duplicate Charge,Under Review
CB002566,TXN000617,CUST01062,MER06960,2024-08-07,52.05,Unauthorized Transaction,Won
CB002567,TXN004929,CUST03096,MER05668,2024-07-27,21834.86,Duplicate Charge,Open
CB002568,TXN001636,CUST01329,MER02709,2024-12-21,13496.17,Fraud Suspected,Won
CB002569,UNKNOWN,CUST00948,MER08237,2024-02-16,13575.64,,Under Review
CB002570,TXN006877,CUST05984,MER00717,2024-06-15,709.22,Duplicate Charge,Open
CB002571,TXN004429,CUST02478,MER01304,2024-09-09,15602.29,Service Not Received,Under Review
CB002572,TXN002079,,MER05569,2024-12-04,13728.68,Fraud Suspected,Won
CB002573,TXN008425,CUST04589,MER08843,2024-09-23,16489.9,Duplicate Charge,Lost
CB002574,TXN007696,CUST04050,MER02348,2024-09-23,21807.7,Service Not Received,Open
CB002575,TXN000532,CUST02669,MER08655,2024-04-03,11860.08,Product Not Received,Lost
CB002576,TXN006748,CUST06910,MER03339,2024-04-14,14258.11,Product Not Received,Lost
CB002577,TXN004320,CUST09489,MER05752,2024-04-04,1424.45,Product Not Received,Won
CB002578,TXN007161,CUST06052,MER01524,2024-12-15,44896.55,Product Not Received,Lost
CB002579,TXN007711,CUST07616,MER07545,2024-10-19,1992.59,Fraud Suspected,Lost
CB002580,TXN009589,CUST05636,MER05482,2024-09-06,50746.22,Fraud Suspected,Lost
CB002581,TXN003528,CUST07603,MER01384,,15028.61,Product Not Received,Open
CB002582,TXN005068,CUST02662,MER00627,2024-09-07,5764.34,Fraud Suspected,Under Review
CB002583,TXN009329,CUST08659,MER09343,2024-07-15,21259.2,Product Not Received,Open
CB002584,TXN005228,,UNKNOWN,2024-11-22,76888.63,Service Not Received,Lost
CB002585,TXN002590,CUST09100,MER09711,2024-09-04,1867.75,Duplicate Charge,Won
CB002586,TXN006753,CUST03496,MER05496,2024-04-01,13958.53,Duplicate Charge,Lost
CB002587,TXN008819,CUST07172,MER09214,2024-12-18,54049.29,Duplicate Charge,Open
CB002588,TXN007974,CUST08643,MER00454,2024-08-12,62467.69,Unauthorized Transaction,Won
CB002589,TXN003351,CUST03998,MER08175,2024-06-07,20210.81,Fraud Suspected,Lost
CB002590,TXN002147,CUST07450,MER07592,2024-04-24,1329.63,Unauthorized Transaction,Open
CB002591,TXN004643,CUST00777,MER09362,2024-08-22,722.99,Fraud Suspected,Won
CB002592,UNKNOWN,CUST04622,MER03471,2024-08-29,82547.05,Product Not Received,Won
CB002593,TXN001373,CUST06141,MER06892,2025-01-31,12010.59,Duplicate Charge,Won
CB002594,TXN005303,CUST01749,MER08829,2024-05-28,78118.74,Service Not Received,Open
CB002595,,CUST02303,MER00454,2024-02-06,1609.29,Unauthorized Transaction,Won
CB002596,TXN001547,CUST09162,MER05408,2024-09-11,40710.39,Duplicate Charge,Open
CB002597,TXN003866,CUST06666,MER08781,2024-11-06,,Fraud Suspected,Lost
CB002598,TXN006777,CUST08901,MER08636,2024-06-26,4541.01,Product Not Received,Under Review
CB002599,TXN003875,CUST06278,MER08956,2024-09-21,82877.8,Duplicate Charge,Open
CB002600,TXN003488,CUST08192,,2024-06-01,11417.25,Product Not Received,Open
CB002601,TXN004754,CUST07723,MER06797,2025-01-17,5626.02,Service Not Received,Under Review
CB002602,TXN008146,CUST03551,MER06395,2024-09-16,109349.19,Duplicate Charge,Open
CB002603,TXN000531,CUST04438,MER05847,2024-10-17,710.83,Service Not Received,Won
CB002604,TXN002099,CUST02315,MER06360,2024-03-06,250.42,Duplicate Charge,Open
CB002605,TXN000685,CUST02395,MER06720,2024-03-26,1007.79,Duplicate Charge,Under Review
CB002606,TXN006054,CUST01416,MER05524,2024-10-24,10622.63,Unauthorized Transaction,Lost
CB002607,TXN007283,CUST01220,MER06024,2024-08-12,1620.32,Fraud Suspected,Won
CB002608,TXN008348,CUST07414,MER09479,2024-04-25,577.35,Duplicate Charge,Lost
CB002609,TXN003772,CUST03164,MER02060,,1865.55,Unauthorized Transaction,Won
CB002610,TXN005363,CUST08823,MER08937,2024-11-27,14074.84,Duplicate Charge,Open
CB002611,TXN006137,CUST09514,MER06093,2024-11-04,75778.9,Duplicate Charge,Won
CB002612,TXN004399,CUST01399,MER00227,2024-05-29,9493.15,Unauthorized Transaction,Open
CB002613,TXN003576,CUST05347,MER09814,2024-05-20,11799.85,Service Not Received,Open
CB002614,TXN005122,CUST00241,MER06185,2024-11-25,N/A,Product Not Received,Lost
CB002615,TXN009635,,MER01965,2024-07-18,4170.05,Fraud Suspected,Under Review
CB002616,TXN005412,CUST09797,MER00828,2025-01-18,3094.55,Service Not Received,Lost
CB002617,TXN001509,CUST04247,MER00853,2024-03-31,1068.77,Duplicate Charge,Open
CB002618,TXN009602,CUST06244,MER07547,2024-08-05,13950.3,Service Not Received,Open
CB002619,TXN007852,CUST07270,MER01408,2024-05-07,1572.74,Service Not Received,Lost
CB002620,TXN002957,CUST00694,MER04906,2024-05-17,785.13,Duplicate Charge,Open
CB002621,TXN007055,CUST02224,MER03542,2024-04-27,2144.39,Service Not Received,Lost
CB002622,TXN001645,CUST07543,MER02641,2024-05-30,1808.88,Duplicate Charge,Lost
CB002623,TXN004807,CUST03988,MER07681,2024-09-24,12428.38,Product Not Received,Open
CB002624,TXN003365,CUST05701,MER04955,2024-07-07,2170.06,Unauthorized Transaction,Under Review
CB002625,,CUST01779,MER05916,2024-10-25,486.21,Duplicate Charge,Open
CB002626,TXN001227,CUST07578,MER03271,2024-12-17,10312.71,Product Not Received,Lost
CB002627,TXN001841,CUST06763,MER05515,2024-03-11,733.83,Product Not Received,Won
CB002628,TXN000269,CUST00967,MER06776,2024-07-07,6838.25,Product Not Received,
CB002629,TXN008174,CUST08137,MER06603,2024-03-04,58213.9,Unauthorized Transaction,Under Review
CB002630,TXN005134,CUST08702,MER06776,2024-08-21,810.17,Service Not Received,Lost
CB002631,TXN002244,CUST09208,MER04210,2024-05-08,584.32,Fraud Suspected,Won
CB002632,TXN007997,CUST07903,MER02296,2024-11-23,85769.71,Unauthorized Transaction,Under Review
CB002633,TXN001232,CUST08400,MER03348,2024-02-17,80691.59,Service Not Received,Under Review
CB002634,TXN004378,CUST04314,MER06223,2025-02-20,1322.83,Duplicate Charge,Won
CB002635,TXN001673,CUST05793,MER03180,2024-03-26,901.31,Unauthorized Transaction,Lost
CB002636,TXN002726,CUST00743,MER06667,2024-03-02,22536.31,Product Not Received,Lost
CB002637,TXN003215,CUST06483,MER08738,2024-12-02,4466.45,Duplicate Charge,Open
CB002638,TXN003797,CUST00134,MER04655,2024-12-10,85498.14,Fraud Suspected,Lost
CB002639,TXN008583,CUST06076,MER05833,2024-08-30,9130.49,Duplicate Charge,Under Review
CB002640,TXN006891,CUST05547,MER05666,2024-07-01,94381.89,Fraud Suspected,Lost
CB002641,TXN005228,CUST00289,MER02303,2024-11-23,38444.32,Service Not Received,Open
CB002642,TXN002294,CUST01277,MER03345,2024-02-19,559.43,Service Not Received,Lost
CB002643,TXN001077,CUST06876,MER02782,2024-09-19,188.34,Duplicate Charge,Open
CB002644,TXN002245,CUST00733,MER02588,2025-02-07,8768.68,Product Not Received,Under Review
CB002645,TXN008972,CUST00747,MER07741,2024-07-14,13155.53,,Won
CB002646,TXN007205,CUST00965,MER02421,2024-08-10,1099.12,Product Not Received,Open
CB002647,TXN009407,CUST05290,MER09458,2024-09-13,17945.99,Fraud Suspected,Won
CB002648,TXN004285,CUST05707,MER03102,2024-03-15,35470.02,Service Not Received,Lost
CB002649,TXN006598,CUST09463,MER04238,2024-03-24,1168.24,Product Not Received,
CB002650,TXN002663,CUST07608,MER04308,2025-01-06,758.64,Service Not Received,Lost
CB002651,TXN005506,CUST07041,MER06152,2024-12-01,54037.32,Unauthorized Transaction,Lost
CB002652,TXN000080,CUST08396,MER06285,2024-08-18,48780.24,Product Not Received,Open
CB002653,TXN006858,CUST07669,MER02856,2024-10-03,36637.8,Product Not Received,Open
CB002654,TXN003469,CUST01435,MER00316,2024-05-30,26950.71,Unauthorized Transaction,Lost
CB002655,TXN001962,CUST07637,MER08300,2025-02-07,30927.96,Duplicate Charge,Open
CB002656,UNKNOWN,,MER08586,2024-08-27,2085.0,Fraud Suspected,
CB002657,TXN006970,CUST06943,MER02765,2024-02-24,49914.12,Duplicate Charge,Open
CB002658,TXN009273,CUST08028,MER00924,2024-07-22,50029.84,Unauthorized Transaction,Won
CB002659,TXN008592,CUST09492,MER00252,2024-08-06,N/A,Product Not Received,Under Review
CB003724,TXN007714,CUST08519,MER00942,2024-05-07,91677.81,Fraud Suspected,Under Review
CB002661,TXN003265,CUST03474,MER07458,2024-12-02,74377.18,Duplicate Charge,Under Review
CB002662,TXN003358,CUST06415,MER04295,2024-10-23,82807.13,Unauthorized Transaction,Lost
CB002663,TXN001942,CUST02420,MER08198,2024-12-09,1402.47,Service Not Received,Open
CB002664,TXN009454,CUST02360,MER03007,2024-10-24,1526.36,Fraud Suspected,Under Review
CB002665,TXN001337,,MER07937,2024-11-03,834.62,Unauthorized Transaction,Under Review
CB002666,TXN004964,CUST01256,,2024-06-29,3013.81,Fraud Suspected,Lost
CB002667,TXN009466,CUST03550,MER02676,2024-11-23,88.5,Fraud Suspected,Lost
CB002668,TXN003575,CUST02853,MER06970,2024-05-15,26.92,Unauthorized Transaction,Under Review
CB002669,TXN002514,CUST08326,MER00293,2024-10-15,8935.67,Duplicate Charge,Open
CB002670,TXN001609,CUST08055,MER06462,2024-07-11,687.42,Unauthorized Transaction,Won
CB002671,TXN005051,CUST01083,MER07474,2024-12-14,71392.37,Fraud Suspected,Won
CB002672,TXN000075,CUST01966,MER07785,2024-10-18,13563.36,Product Not Received,Won
CB002673,TXN009867,CUST05400,MER02898,2024-05-02,66.42,Product Not Received,Lost
CB002674,TXN001884,CUST07792,MER04560,2025-02-01,89299.42,Fraud Suspected,Won
CB002675,TXN008708,CUST05412,MER06750,2024-12-21,38492.32,Service Not Received,Under Review
CB002676,TXN009589,CUST05636,MER05482,2024-08-27,44127.15,Unauthorized Transaction,Won
CB002677,TXN003517,CUST07984,MER01685,2024-05-10,15118.41,Fraud Suspected,Won
CB002678,TXN003252,CUST02849,MER04295,2024-12-13,625.4,Fraud Suspected,
CB002679,TXN003803,CUST01374,MER07628,2024-11-08,5884.56,Fraud Suspected,Won
CB002680,TXN008048,CUST04753,MER07425,2024-07-04,12106.8,Unauthorized Transaction,Won
CB002681,TXN005446,CUST01702,MER06035,2025-01-22,50041.5,Product Not Received,Lost
CB002682,TXN000378,CUST08241,MER03451,2024-03-03,10866.78,Duplicate Charge,Under Review
CB002683,TXN006912,CUST05274,MER03499,2024-06-21,49488.3,Fraud Suspected,Under Review
CB002684,TXN003921,,MER01970,2024-07-27,1178.71,Service Not Received,Open
CB002685,TXN004934,CUST07327,MER00065,2024-10-24,890.66,Unauthorized Transaction,Open
CB002686,TXN001466,CUST04714,MER07536,2024-04-19,5792.14,Fraud Suspected,Open
CB002687,TXN001791,CUST05209,MER01283,2024-01-29,93826.22,Service Not Received,Under Review
CB002688,TXN001245,CUST01923,MER02127,2024-11-13,35771.16,Fraud Suspected,Lost
CB002689,TXN006063,CUST04080,MER00284,2024-07-11,1457.42,Service Not Received,Under Review
CB002690,TXN002196,CUST05869,MER09231,2025-01-04,16480.91,Service Not Received,Lost
CB002691,TXN006403,CUST04629,MER04385,2024-03-15,263.7,Fraud Suspected,Won
CB002692,TXN007903,CUST09918,MER04105,2024-06-15,3351.43,Service Not Received,Under Review
CB002693,TXN005765,CUST05418,MER01613,2024-10-21,651.79,Duplicate Charge,Won
CB002694,TXN000483,CUST04942,MER07525,2024-05-07,28907.07,Unauthorized Transaction,Lost
CB002695,TXN007316,CUST01014,MER01062,2024-12-17,68715.62,Duplicate Charge,Won
CB002696,TXN001745,CUST08335,MER04498,2024-11-12,159.11,Product Not Received,Open
CB002697,TXN001655,CUST09509,MER02928,2024-11-21,15140.16,Duplicate Charge,Open
CB002698,TXN007883,CUST07618,MER04190,2024-04-08,97163.29,Fraud Suspected,Won
CB002699,TXN009300,CUST08701,MER06027,2024-11-17,84262.6,Duplicate Charge,Won
CB002700,TXN003198,CUST00152,MER03756,2024-10-06,34660.42,Unauthorized Transaction,Under Review
CB002701,TXN003625,CUST07720,MER02237,2024-10-17,3269.56,Fraud Suspected,Under Review
CB002702,TXN001576,CUST07478,MER04429,2024-02-22,,Duplicate Charge,Open
CB002703,TXN003908,CUST04535,MER03757,2024-12-13,545.57,Unauthorized Transaction,
,TXN005956,CUST04023,MER06892,2024-05-13,N/A,Fraud Suspected,Won
CB002705,TXN007531,CUST04802,MER04428,2024-07-20,482.05,Product Not Received,Open
CB002706,TXN002071,CUST03113,MER01485,2024-07-19,11217.58,Fraud Suspected,Open
CB002707,TXN001401,CUST08880,MER04670,2024-06-03,777.29,Service Not Received,Open
CB002708,TXN007305,CUST02012,MER08688,2024-05-22,84071.37,Unauthorized Transaction,Open
CB002709,TXN004790,CUST03613,MER07018,2024-03-13,1929.24,Fraud Suspected,Under Review
CB002710,TXN009973,CUST08233,MER08467,2024-03-09,5189.47,Unauthorized Transaction,Under Review
CB002711,TXN002585,CUST05488,MER03059,2024-04-04,18481.13,Service Not Received,Under Review
CB002712,TXN009346,CUST03654,MER03857,2024-11-24,16430.73,Product Not Received,Open
CB002713,TXN003663,CUST06880,MER02769,2024-08-29,257.66,Unauthorized Transaction,Won
CB002714,TXN000569,CUST02292,MER06916,2024-04-08,28476.24,Product Not Received,Open
CB002715,TXN005113,CUST06703,MER06947,2024-07-22,64163.57,Product Not Received,Lost
CB002716,TXN002152,CUST06836,MER03652,2024-12-21,69237.67,Fraud Suspected,Open
CB002717,TXN004510,CUST07660,MER08531,2024-06-07,16419.31,Product Not Received,Under Review
CB002718,TXN001606,CUST00748,MER09694,2024-06-06,7982.84,Service Not Received,Lost
CB002719,TXN000859,CUST04352,MER07910,2024-04-15,1948.52,Service Not Received,Under Review
CB002720,TXN004306,CUST04337,MER02294,2024-09-12,163.07,Service Not Received,Lost
CB002721,TXN005296,CUST04202,MER06937,2024-07-08,16015.36,Product Not Received,Lost
CB002722,TXN001231,CUST08957,MER09169,2024-11-18,16712.64,Duplicate Charge,Won
CB002723,TXN007505,CUST02590,MER08739,2024-07-02,270.88,Unauthorized Transaction,Open
CB002724,TXN001393,CUST03516,MER00190,2024-07-02,5142.03,Service Not Received,Lost
CB002725,TXN007349,CUST05257,MER02603,2024-11-28,944.18,Duplicate Charge,Open
CB002726,TXN006431,CUST06874,MER00591,2024-12-08,903.66,Unauthorized Transaction,Lost
CB002727,TXN005262,CUST05371,MER09871,2024-04-19,N/A,Product Not Received,Under Review
CB002728,TXN000950,,MER08793,2024-05-31,1135.83,Duplicate Charge,Won
CB002729,TXN004185,CUST06030,MER04209,2024-05-23,1243.27,Unauthorized Transaction,Under Review
CB002730,TXN009983,CUST01568,MER09449,2024-07-31,65958.84,Product Not Received,Under Review
CB002731,TXN009007,CUST03815,MER04908,2024-03-03,82749.66,Unauthorized Transaction,Won
CB002732,TXN008785,CUST00450,MER01967,2024-08-27,14288.59,Unauthorized Transaction,Lost
CB002733,TXN008573,CUST09532,MER08437,2024-04-29,15285.64,Service Not Received,Won
CB002734,TXN003209,CUST07238,MER09513,2024-04-08,11139.65,Duplicate Charge,Open
CB002735,TXN000198,CUST06555,MER05279,2024-08-11,1030.81,Fraud Suspected,Lost
CB002736,TXN007605,CUST01384,MER08524,2024-01-20,85408.78,Fraud Suspected,Won
CB002737,TXN004055,CUST00975,MER01026,2024-07-21,5706.39,Service Not Received,Under Review
CB002738,TXN009672,CUST01844,MER02601,2024-05-27,45715.5,Product Not Received,Under Review
CB002739,TXN009408,CUST01447,MER09473,2024-02-21,7799.24,Duplicate Charge,Open
CB002740,TXN001885,CUST01149,MER09394,2024-07-09,152.16,Fraud Suspected,Won
CB002741,TXN003684,CUST08579,MER03315,2025-02-04,3306.67,Service Not Received,Open
CB002742,TXN003654,CUST08704,MER03541,2024-10-08,369.59,Service Not Received,Open
CB002743,TXN003199,CUST06704,MER00104,2024-06-26,16971.23,Product Not Received,Lost
CB002744,TXN005636,CUST04564,MER02569,2025-02-15,5110.66,Service Not Received,Under Review
CB002745,TXN003496,CUST06868,MER07360,2024-05-26,53385.62,Service Not Received,Open
CB002746,TXN006141,CUST03719,MER06002,2024-10-27,1004.56,Duplicate Charge,Open
CB002747,TXN009938,CUST08507,MER04227,2024-04-30,21652.33,Service Not Received,Won
CB002748,TXN004217,CUST04923,MER02199,2025-01-15,52778.13,Service Not Received,Won
CB002749,TXN006652,CUST03532,MER01452,2024-07-22,908.36,Unauthorized Transaction,Won
CB002750,TXN009137,CUST00966,MER01912,2024-12-18,77.84,Product Not Received,Under Review
CB002751,TXN002874,,MER06109,2024-06-11,78523.48,Product Not Received,Won
CB002752,TXN008808,CUST06163,MER01497,2024-06-15,16348.48,Service Not Received,Lost
CB002753,TXN005972,CUST04306,MER02399,2024-05-21,74626.58,Service Not Received,Won
CB002754,TXN004196,CUST00605,MER03276,2024-07-25,1098.71,Fraud Suspected,Lost
CB002755,TXN001510,CUST09509,MER08396,2024-06-10,749.99,Service Not Received,Open
CB002756,TXN000938,CUST07933,MER07202,2024-11-24,17452.77,Fraud Suspected,Open
CB002757,TXN002698,CUST04966,MER05494,2024-12-16,65.31,Unauthorized Transaction,Won
CB002758,TXN005735,CUST03296,MER05755,2024-03-28,11439.04,Fraud Suspected,Under Review
CB002759,TXN002690,CUST06384,MER08795,2025-01-25,7599.39,Duplicate Charge,Under Review
CB007681,TXN002073,CUST01239,MER05346,2024-12-07,19380.57,Product Not Received,Lost
CB002761,TXN007107,CUST03564,MER03630,2024-05-27,1284.83,Fraud Suspected,Under Review
CB002762,TXN006117,CUST07360,MER09661,2024-04-15,7683.92,Unauthorized Transaction,Won
CB002763,TXN003137,CUST08266,,2024-04-10,48789.84,Fraud Suspected,Won
CB002764,TXN005227,CUST07448,MER09362,2024-07-27,15315.92,Duplicate Charge,Open
CB002765,TXN002225,CUST00812,MER02666,2024-02-02,558.74,Unauthorized Transaction,Open
CB002766,TXN003945,CUST06532,MER01245,2024-05-01,255.67,Product Not Received,
CB002767,TXN005209,CUST05290,MER06557,2024-08-31,1509.68,Product Not Received,Open
CB002768,TXN005820,CUST08464,MER08769,2024-04-28,1235.99,Product Not Received,Won
CB002769,TXN007771,CUST07365,MER00067,2024-09-11,68685.36,Duplicate Charge,Open
CB002770,TXN009918,CUST05892,MER06738,2024-11-06,889.42,Duplicate Charge,Open
CB002771,TXN000494,CUST01675,MER06348,2024-07-25,499.38,Duplicate Charge,Lost
CB002772,TXN002236,CUST03633,MER07066,2024-08-19,12678.93,Unauthorized Transaction,Lost
CB002773,TXN000957,CUST02912,MER00225,2024-06-09,63090.84,Product Not Received,Open
CB002774,TXN000860,CUST00177,MER09672,2024-12-02,24382.27,Unauthorized Transaction,Open
CB002775,TXN005066,CUST02865,MER06455,2024-05-20,8229.88,Service Not Received,Won
CB002776,TXN007408,CUST09422,MER05733,2024-08-06,26584.12,Service Not Received,Under Review
CB002777,TXN001181,CUST03858,MER07734,2025-01-18,77916.11,Service Not Received,Won
CB002778,TXN006446,CUST04664,MER09382,2024-05-31,62078.18,Fraud Suspected,Lost
CB002779,TXN004638,CUST09747,MER02782,2024-09-28,45903.7,Duplicate Charge,Under Review
CB002780,TXN005209,CUST05290,MER06557,2024-10-03,1509.68,Unauthorized Transaction,Open
CB002781,TXN007887,CUST06233,MER01471,2024-03-14,102.36,Service Not Received,Open
CB002782,TXN005833,CUST09374,MER06565,2024-04-21,367.04,Service Not Received,Won
CB002783,TXN008132,CUST00618,MER04826,2024-12-11,463.64,Product Not Received,Won
CB002784,TXN007221,CUST03055,MER02417,2024-11-01,17885.62,Product Not Received,Lost
CB002785,TXN002704,CUST03577,MER09365,2024-04-14,15249.93,Service Not Received,Won
,TXN006170,CUST07321,MER04939,2024-12-03,10461.61,Product Not Received,Open
CB002787,TXN003749,CUST00904,MER03379,2024-12-01,12539.42,Duplicate Charge,Under Review
CB002788,TXN004326,CUST07405,MER04472,2024-10-02,25879.71,Duplicate Charge,Open
CB002789,TXN006767,CUST00008,MER04185,2024-03-04,7906.0,Fraud Suspected,Won
CB002790,TXN002966,,MER08381,2024-03-21,29795.11,Service Not Received,Open
CB002791,TXN007420,CUST03717,MER03303,2024-11-18,63.96,Unauthorized Transaction,Open
CB002792,TXN005746,CUST03287,MER05403,2024-12-24,71.6,Fraud Suspected,Open
CB002793,TXN002432,CUST07001,MER00082,2024-04-17,1143.13,Service Not Received,Won
CB002794,TXN002245,CUST00733,MER02588,2025-01-29,10083.98,Unauthorized Transaction,Open
CB002795,TXN008520,CUST03566,MER08118,2025-01-07,N/A,Service Not Received,Won
CB002796,,CUST05167,MER02441,2024-07-02,2999.8,Product Not Received,Won
CB002797,TXN001145,,MER01147,2024-10-11,28675.34,Duplicate Charge,Open
CB002798,TXN003675,CUST01953,MER05491,2024-09-24,9636.03,Duplicate Charge,Under Review
CB002799,TXN006834,CUST03484,MER06389,2024-03-23,19672.45,Product Not Received,Open
CB002800,TXN005529,,MER08225,2024-06-29,1119.59,Duplicate Charge,Lost
CB002801,TXN002149,CUST00176,MER00116,2024-08-01,27551.56,Duplicate Charge,Won
CB002802,,CUST05481,MER05792,2024-11-04,934.84,Duplicate Charge,Under Review
CB002803,TXN007145,CUST08317,MER04211,2024-03-08,757.28,Duplicate Charge,Won
CB002804,TXN009931,CUST03935,MER09058,2024-03-05,286.04,Service Not Received,Under Review
CB002805,TXN006234,CUST07556,MER02609,2024-10-19,660.78,Fraud Suspected,Lost
CB002806,TXN002410,CUST06209,MER02997,2024-10-01,110.9,,Under Review
,TXN009363,CUST07293,MER01955,2025-01-22,1753.24,Duplicate Charge,Open
CB002808,TXN002695,CUST01704,MER06772,2024-06-05,3175.24,,Under Review
CB002809,TXN008590,CUST00451,MER04042,2024-11-16,1920.41,Product Not Received,Won
CB002810,TXN006300,CUST08583,MER01558,2024-02-29,87510.46,Service Not Received,Lost
CB002811,TXN006613,CUST08016,MER09072,2024-06-24,401.7,Duplicate Charge,Won
CB002812,TXN004053,CUST08165,MER03848,2024-10-15,339.46,Unauthorized Transaction,Lost
,TXN008690,CUST01471,MER04752,2024-09-15,3032.26,Duplicate Charge,Won
CB002814,TXN008606,CUST00585,MER03765,2024-04-13,5761.77,Duplicate Charge,Lost
CB002815,TXN002298,CUST08133,MER00915,2024-07-29,7537.97,Service Not Received,Lost
CB002816,TXN008960,CUST06300,MER06541,2024-09-10,7193.88,Duplicate Charge,Under Review
CB002817,TXN008114,CUST08417,MER01093,2024-10-15,7083.85,,Open
CB002818,TXN004553,CUST02632,MER01796,2024-04-07,44915.7,Service Not Received,Open
CB002819,TXN004912,CUST00978,MER02714,2024-09-17,22900.23,Service Not Received,Under Review
CB002820,TXN003183,CUST02562,MER06634,2024-12-31,260.95,Unauthorized Transaction,Under Review
CB002821,TXN007158,CUST02758,MER04457,2024-05-21,7769.82,Unauthorized Transaction,Won
CB002822,TXN000131,CUST01056,MER07190,2024-06-21,559.28,Unauthorized Transaction,Open
CB002823,TXN008858,CUST03186,MER04978,2024-05-13,4334.35,Service Not Received,Lost
CB002824,TXN009070,CUST01080,MER03094,2024-09-30,45672.57,Unauthorized Transaction,Open
CB002825,TXN003931,CUST01339,MER07931,2024-06-04,45567.73,Product Not Received,Won
CB002826,TXN000045,CUST05250,MER08779,2024-04-26,66668.77,Duplicate Charge,Won
CB002827,TXN005034,CUST05688,MER06934,2024-04-20,47.7,Service Not Received,Under Review
CB002828,TXN007002,CUST09905,MER03069,2024-11-18,4983.79,Product Not Received,Open
CB002829,TXN009007,CUST03815,MER04908,2024-01-20,82749.66,Unauthorized Transaction,Open
CB002830,TXN004864,CUST04067,MER07927,2024-04-30,11537.74,Unauthorized Transaction,Open
CB002831,TXN001349,,MER04010,2024-12-15,36169.1,Unauthorized Transaction,Open
CB002832,TXN004317,CUST01209,,2024-02-22,21818.93,,Under Review
CB002833,TXN000825,CUST08893,MER04057,2024-05-04,20620.52,Unauthorized Transaction,Under Review
CB002834,TXN005104,CUST07799,MER06211,2024-10-31,1597.31,Unauthorized Transaction,Lost
CB002835,TXN008156,CUST03796,MER04174,2024-08-01,400.3,Unauthorized Transaction,Open
CB002836,TXN004865,CUST02564,MER06825,2024-04-29,7161.85,Service Not Received,Open
,TXN004204,CUST06007,MER05375,2024-07-13,1294.25,Product Not Received,Open
CB002838,TXN009580,CUST04689,MER06809,2024-07-12,22662.0,Fraud Suspected,Won
CB002839,TXN004431,CUST02530,MER02877,2024-08-10,28567.78,Fraud Suspected,Under Review
CB002840,TXN005651,CUST02548,MER00285,2024-05-17,4135.48,Product Not Received,Under Review
CB002841,TXN009536,CUST05152,MER08047,2025-01-03,88817.34,Unauthorized Transaction,Under Review
CB002842,TXN002867,CUST09966,MER07050,2024-10-20,1497.71,Product Not Received,Open
CB002843,TXN001447,CUST00713,MER04426,2024-07-08,384.92,Service Not Received,Won
CB002844,TXN002089,CUST03958,MER03761,2024-03-07,6929.62,Fraud Suspected,Won
CB002845,TXN005491,CUST05392,MER04529,2024-09-23,28942.54,Duplicate Charge,Under Review
CB002846,TXN007040,CUST07280,MER05063,2024-09-03,39129.46,Product Not Received,Under Review
CB002847,TXN007646,CUST02262,MER02517,2024-08-08,72140.98,Product Not Received,Lost
CB002848,TXN008511,CUST03159,MER04512,2024-08-15,108807.41,Product Not Received,Won
CB002849,TXN004996,CUST00721,MER08912,2024-11-25,20733.34,Product Not Received,Open
CB002850,TXN007707,CUST08336,MER05174,2025-01-06,N/A,Fraud Suspected,Lost
CB002851,TXN007952,CUST08541,MER02288,2024-04-28,1733.94,Duplicate Charge,Open
CB002852,TXN005462,CUST04182,MER07022,2025-01-29,93759.33,Service Not Received,Won
CB002853,,CUST02402,MER06615,2024-06-11,44507.63,Product Not Received,Lost
CB002854,TXN007876,,MER03369,2024-03-05,25020.77,Service Not Received,Under Review
CB002855,TXN000508,CUST05775,MER08748,2024-11-06,41518.66,Duplicate Charge,Lost
CB002856,TXN000348,CUST01037,MER09826,2024-04-09,85631.96,Service Not Received,Won
CB002857,TXN000655,CUST02589,MER02405,2024-12-11,7513.76,Product Not Received,Under Review
CB002858,TXN003733,CUST07821,MER07814,2024-06-14,1514.02,Product Not Received,Under Review
CB002859,TXN006664,CUST06204,MER07532,2024-04-05,57730.68,Unauthorized Transaction,Open
CB002860,TXN001659,CUST04524,MER06020,2024-12-14,57953.96,Service Not Received,Under Review
CB002861,TXN005922,CUST07496,MER05711,2024-09-21,2005.7,,Under Review
CB002862,TXN003535,,MER08884,2024-10-06,42987.01,Fraud Suspected,Won
CB002863,TXN007983,CUST04443,MER03136,2024-07-01,80249.98,Product Not Received,Lost
CB002864,TXN006949,CUST03544,MER01817,2024-12-10,2148.72,Duplicate Charge,Open
CB002865,TXN009144,CUST03876,MER07001,2025-01-28,72143.69,Unauthorized Transaction,Won
CB002866,TXN008323,CUST02727,MER07087,2024-11-18,106.44,Service Not Received,Under Review
CB002867,TXN006113,CUST02167,MER08721,2024-07-06,784.21,Service Not Received,Open
CB002868,TXN006085,CUST03751,MER06718,2024-02-23,56774.19,Product Not Received,Under Review
CB002869,TXN009464,CUST07594,MER06620,2024-05-01,1661.3,Service Not Received,Won
CB002870,TXN005341,CUST07830,MER09981,2024-04-29,12137.34,Unauthorized Transaction,Under Review
CB002871,TXN001022,CUST09659,MER01336,2024-05-26,90566.83,Product Not Received,Open
CB002872,TXN009684,UNKNOWN,MER09904,2024-10-24,1145.27,Product Not Received,Open
CB002873,TXN003076,CUST04147,MER09257,2024-03-10,493.03,Duplicate Charge,Won
CB002874,TXN003598,CUST00447,MER04811,2024-12-20,34017.1,Service Not Received,Won
CB002875,TXN001273,CUST07275,MER05995,2024-06-18,37731.17,Duplicate Charge,Open
CB002876,TXN002210,CUST08634,MER00175,2024-09-07,687.23,Product Not Received,Won
CB002877,TXN004349,CUST09590,MER04129,2024-08-30,65720.09,Unauthorized Transaction,Open
CB002878,TXN005881,CUST07119,MER04539,2024-11-09,5230.07,Product Not Received,
CB002879,TXN004248,CUST00664,MER07336,2024-05-20,1547.16,Duplicate Charge,Won
CB002880,TXN001092,CUST09086,MER02150,2024-03-17,3662.67,Unauthorized Transaction,Won
CB002881,TXN007385,CUST05196,MER02102,2024-11-16,1653.12,Unauthorized Transaction,Won
CB002882,TXN003368,,MER05120,,97288.3,Unauthorized Transaction,Lost
CB002883,,CUST05911,MER05010,2024-09-28,1796.9,Product Not Received,Lost
CB002884,TXN003494,CUST07295,MER01679,2024-09-07,11791.95,Unauthorized Transaction,Won
CB002885,TXN001273,CUST07275,MER05995,2024-07-06,37731.17,Product Not Received,Lost
CB002886,TXN007607,CUST00399,MER08921,2024-10-23,880.88,Duplicate Charge,Under Review
CB002887,TXN001191,CUST01007,MER09120,,9729.22,Unauthorized Transaction,Won
CB002888,TXN005093,CUST09522,MER06342,2024-07-20,246.07,Service Not Received,Won
CB002889,TXN003242,CUST03052,MER06096,2024-05-01,30258.37,Fraud Suspected,Under Review
CB002890,TXN001145,CUST02690,MER01147,2024-09-07,14337.67,Product Not Received,Won
CB002891,TXN001818,CUST02817,MER06170,2024-05-15,60914.66,Product Not Received,Won
CB002892,TXN009904,CUST00321,MER01604,2024-06-22,4667.2,Fraud Suspected,Under Review
CB002893,TXN009805,CUST08953,MER02320,2024-12-27,42672.82,Fraud Suspected,Lost
CB002894,TXN004633,CUST03475,MER04338,2025-01-17,37462.04,Service Not Received,Lost
CB002895,TXN003768,CUST09457,MER04642,2024-03-24,,Duplicate Charge,Open
CB002896,TXN003932,CUST03132,MER07141,2024-10-18,15954.55,Fraud Suspected,Won
CB002897,TXN008266,CUST07252,MER08967,2024-12-26,1429.11,Duplicate Charge,Open
CB002898,TXN006470,CUST04679,,2024-12-12,1854.68,Service Not Received,Under Review
CB002899,TXN001531,CUST08740,UNKNOWN,2024-05-14,29370.31,Fraud Suspected,Under Review
CB002900,TXN004700,CUST09177,MER08555,2024-05-27,18223.5,Duplicate Charge,Under Review
CB002901,TXN005873,CUST02903,MER01551,2024-10-31,1176.51,,
CB002902,TXN009706,CUST09991,MER00075,2024-07-26,1765.71,,Under Review
CB002903,TXN005648,CUST01685,MER03584,2024-08-26,68793.22,Duplicate Charge,Won
CB002904,TXN005590,CUST00839,MER03105,2024-12-21,50217.55,Fraud Suspected,Lost
CB002905,TXN005668,CUST01544,,2024-09-14,593.57,Duplicate Charge,Won
CB002906,TXN003863,CUST09589,MER09571,2024-11-24,22856.75,Unauthorized Transaction,Lost
CB002907,TXN007329,CUST03041,MER03138,2024-07-29,203.77,Fraud Suspected,Lost
CB002908,TXN008941,CUST01698,MER08328,2024-03-11,719.44,Duplicate Charge,Open
CB002909,TXN001196,CUST08552,MER04970,2024-09-09,1185.36,Fraud Suspected,
CB002910,,CUST08235,MER08548,2024-04-12,16096.61,Product Not Received,Under Review
CB002911,TXN007494,CUST06028,MER02658,2024-09-09,1905.94,Product Not Received,Under Review
CB002912,TXN008667,CUST02978,MER03833,2024-03-22,16552.74,Unauthorized Transaction,Lost
CB002913,TXN001235,CUST00582,MER08936,2024-05-01,1231.6,Duplicate Charge,Under Review
CB002914,TXN006392,CUST00104,MER01575,2024-09-15,62769.41,Unauthorized Transaction,Under Review
CB002915,TXN005305,CUST03760,MER02222,2024-09-25,91536.2,Duplicate Charge,Won
CB002916,TXN007365,CUST05107,MER03644,2024-11-01,98312.4,Duplicate Charge,Under Review
CB002917,TXN001699,CUST00011,MER00768,2024-06-17,1931.38,Duplicate Charge,Open
CB002918,TXN009134,CUST09719,MER05559,2024-09-23,7762.53,Fraud Suspected,Open
CB002919,TXN002742,CUST05258,MER05525,2024-06-18,17766.64,Product Not Received,Won
CB002920,TXN006676,UNKNOWN,MER04178,2024-05-21,22451.87,Unauthorized Transaction,Under Review
CB002921,TXN008256,,MER07088,2024-03-12,13618.15,Fraud Suspected,Won
CB002922,TXN000658,CUST08599,MER05281,2024-03-30,412.95,Duplicate Charge,Won
CB002923,TXN009231,CUST09011,MER07381,2024-04-06,18763.44,Duplicate Charge,Lost
CB002924,TXN006240,CUST00295,MER05022,2024-05-20,934.12,Unauthorized Transaction,Open
CB002925,TXN003158,CUST01478,MER01581,2024-03-30,40024.55,Duplicate Charge,Won
CB002926,TXN005289,CUST04265,MER07664,2024-04-28,19297.59,Duplicate Charge,Won
CB002927,TXN007904,CUST03452,MER00903,2024-05-01,45597.57,Product Not Received,Lost
CB002928,TXN006019,CUST04153,MER07550,2024-02-29,98629.52,Duplicate Charge,Lost
CB002929,TXN005097,CUST00214,MER06685,2024-09-09,22283.35,Product Not Received,Won
CB002930,TXN007171,CUST00062,MER00072,2024-07-29,75.5,Duplicate Charge,Won
CB002931,TXN005023,CUST09695,MER08386,2024-02-26,42867.96,Fraud Suspected,Won
CB002932,TXN007725,CUST04859,MER02051,2024-07-31,1783.49,Unauthorized Transaction,Lost
CB002933,TXN008928,CUST04880,,2024-03-28,5031.91,Duplicate Charge,Won
CB002934,TXN003203,CUST03422,MER06780,2024-10-10,1661.29,Duplicate Charge,Won
CB002935,TXN008913,CUST00885,,2024-09-15,88331.92,Product Not Received,Under Review
CB002936,TXN005182,CUST07155,MER05011,2024-03-14,36157.77,Duplicate Charge,Open
CB002937,TXN005777,CUST00525,MER09743,2024-08-04,7356.02,Unauthorized Transaction,Open
CB002938,TXN003969,CUST04927,MER05708,2024-12-10,10429.77,Duplicate Charge,Under Review
CB002939,TXN000103,CUST03478,MER06908,2024-04-13,17910.4,Duplicate Charge,Won
CB001362,TXN008152,CUST02906,MER02786,2024-02-24,1818.24,,Under Review
CB002941,TXN002447,CUST08447,MER08920,2024-06-04,1107.19,Duplicate Charge,Under Review
CB002942,TXN009676,CUST02862,MER02908,2024-06-29,9749.14,Duplicate Charge,
CB002105,TXN003798,CUST09320,MER00851,2024-09-19,381.35,Duplicate Charge,Under Review
CB002944,TXN002355,CUST07672,MER00313,2024-09-28,8806.29,Product Not Received,Lost
CB002945,TXN005030,CUST01670,MER04835,2024-05-26,844.08,Fraud Suspected,Open
CB002946,TXN001333,CUST05892,MER06641,2024-09-08,22189.1,Product Not Received,Lost
CB002947,TXN004044,CUST05098,MER02847,2024-02-28,1440.6,Service Not Received,Open
CB002948,TXN007022,CUST04904,MER02637,2024-10-12,1719.05,Product Not Received,Under Review
CB002949,TXN004668,CUST06274,MER07526,2024-07-28,1193.97,Service Not Received,Under Review
CB002950,TXN002516,,MER00575,2024-07-17,757.0,Duplicate Charge,Won
CB002951,TXN005848,CUST06097,MER08187,2024-11-26,30609.27,Service Not Received,Lost
CB002952,TXN005675,CUST07463,MER08298,2024-06-09,700.54,Unauthorized Transaction,Under Review
CB002953,TXN002960,CUST04127,MER01692,2025-01-30,955.0,Product Not Received,Open
CB002954,TXN001721,CUST03058,MER09722,2024-07-21,36.3,Service Not Received,Won
CB002955,TXN000610,CUST09256,MER09160,2024-08-12,90136.67,Service Not Received,Open
CB002956,TXN004319,CUST04817,MER02258,2024-11-21,41623.41,Fraud Suspected,Under Review
CB002957,TXN005136,CUST01276,MER04371,2024-08-31,16407.17,Unauthorized Transaction,Won
CB002958,TXN006777,CUST08901,MER08636,2024-06-04,4541.01,Fraud Suspected,Open
CB002959,TXN007289,CUST05568,MER08404,2024-09-17,21686.78,Fraud Suspected,Open
CB002960,TXN005121,CUST04363,MER01930,2024-03-12,2177.7,Unauthorized Transaction,Won
CB002961,TXN005080,CUST05637,MER04748,2024-09-05,1513.94,Unauthorized Transaction,Open
CB002962,TXN008180,CUST07474,MER00670,2024-12-23,13493.58,Product Not Received,Open
CB002963,TXN003575,CUST02853,MER06970,2024-06-03,53.84,Fraud Suspected,Won
CB002964,TXN002198,CUST03496,MER01350,2024-11-10,31936.44,Service Not Received,Open
CB002965,TXN003316,CUST09664,MER05694,2024-02-18,1378.71,Product Not Received,Under Review
CB002966,TXN005974,CUST06157,MER06601,2024-07-07,17541.44,Unauthorized Transaction,Lost
CB002967,TXN000626,CUST04037,MER07441,2024-05-31,5022.72,Fraud Suspected,Open
CB002968,TXN008913,CUST00885,MER09141,2024-09-11,88331.92,Duplicate Charge,Open
CB002969,TXN009709,CUST04551,MER02467,2024-10-15,6312.83,Fraud Suspected,Lost
CB002970,TXN008141,CUST09489,MER04109,2024-04-25,7648.13,Service Not Received,Under Review
CB002971,TXN009604,CUST05204,MER07195,2024-06-28,1233.48,Unauthorized Transaction,Under Review
CB002972,TXN002441,CUST08435,MER05207,2024-09-13,7227.85,Duplicate Charge,Under Review
CB002973,TXN003621,CUST07902,MER06529,2024-02-15,45755.14,Unauthorized Transaction,Won
CB002974,TXN006159,CUST03045,MER04861,2024-08-01,2105.44,Product Not Received,Open
CB002975,,CUST07496,MER03753,2024-07-29,16720.46,Fraud Suspected,Under Review
CB002976,TXN002719,CUST09218,MER05973,2024-08-29,1183.11,Product Not Received,Under Review
CB002977,TXN001197,CUST07350,MER08252,2024-08-22,573.24,Product Not Received,Lost
CB002978,TXN003964,CUST09331,MER03335,2024-04-01,77632.9,Unauthorized Transaction,Won
CB002979,UNKNOWN,CUST08968,MER00523,2024-11-10,84716.72,Product Not Received,Open
CB002980,TXN009917,CUST08087,MER03563,2024-03-20,13210.1,Unauthorized Transaction,Under Review
CB002981,TXN008728,CUST02655,MER06760,2024-05-31,16091.75,Unauthorized Transaction,Won
CB002982,TXN009276,CUST07654,MER01341,2025-02-03,65075.48,Duplicate Charge,Won
CB002983,TXN002005,CUST01355,MER03177,2024-10-12,22344.78,Service Not Received,Under Review
CB002984,TXN002843,CUST04048,MER03201,2025-02-01,5664.5,Unauthorized Transaction,Lost
CB002985,TXN005239,CUST04452,MER08117,2024-12-02,344.3,Duplicate Charge,Under Review
CB002986,TXN002196,CUST05869,MER09231,2024-12-25,37906.09,Fraud Suspected,Lost
CB002987,TXN008899,CUST07335,,2025-01-22,8088.09,Fraud Suspected,Won
CB002988,TXN008475,CUST05096,MER06683,2025-01-18,22913.84,Service Not Received,Won
CB002989,TXN005186,CUST09992,MER05366,2025-01-14,657.83,Service Not Received,Open
CB002990,TXN008620,CUST06597,MER02667,2024-12-05,29674.68,Duplicate Charge,Open
CB002991,TXN005403,CUST04846,MER07447,2024-09-21,15384.14,Fraud Suspected,Open
CB002992,TXN001502,CUST08755,MER03220,2024-02-22,669.96,Duplicate Charge,Under Review
CB002993,TXN001624,CUST05331,MER07072,2024-12-17,79724.15,Fraud Suspected,Open
CB002994,TXN007864,CUST08279,MER07268,2024-03-23,1321.33,Unauthorized Transaction,Open
CB002995,TXN007831,CUST08498,MER09488,2024-09-11,2780.37,Fraud Suspected,Won
CB002996,TXN000254,CUST03675,MER00507,2024-04-22,14060.32,Service Not Received,Won
CB002997,TXN008849,CUST09843,MER05429,2024-11-12,12906.82,Duplicate Charge,Won
CB002998,TXN000066,CUST04126,MER00754,,44231.5,Product Not Received,Won
CB002999,TXN003871,CUST01795,MER09635,2024-04-02,122.24,Duplicate Charge,Won
CB003000,TXN006641,CUST01383,MER03446,2024-03-02,3966.34,Service Not Received,Won
CB003001,TXN002573,CUST02492,MER01928,2024-05-17,15060.14,,Won
CB003002,TXN005880,CUST03611,MER03129,2024-06-28,6391.88,Fraud Suspected,Lost
CB003003,TXN006233,CUST03500,MER06840,2024-05-02,101588.26,Service Not Received,Won
CB003004,TXN003501,CUST05331,MER04637,2024-02-15,62.15,Service Not Received,Open
CB003005,TXN004169,CUST06353,MER03085,2024-06-12,5437.6,Unauthorized Transaction,Lost
CB003006,TXN004741,CUST01166,MER00330,2024-09-18,647.85,Fraud Suspected,Lost
CB003007,TXN008263,CUST05294,MER05859,2024-10-09,625.65,Fraud Suspected,Lost
,TXN004410,CUST00644,MER00268,2024-11-14,8920.03,Unauthorized Transaction,Open
CB003009,TXN004644,CUST05568,MER05426,2024-05-26,1988.82,Product Not Received,Won
CB003010,TXN005669,CUST03220,MER00222,2024-06-11,38678.59,Unauthorized Transaction,Lost
CB003011,TXN000969,CUST07317,MER08062,2024-07-17,31683.06,Unauthorized Transaction,Won
CB003012,TXN005841,CUST01316,MER00598,2024-08-15,5687.1,Product Not Received,
CB003013,TXN002986,CUST08955,MER06320,2024-08-01,703.9,Product Not Received,Under Review
CB003014,TXN000597,CUST04561,MER08788,2024-04-07,101924.64,Unauthorized Transaction,Won
,TXN000851,CUST03749,MER09901,2025-01-03,35619.03,Product Not Received,Open
CB003016,TXN009181,CUST04938,MER05517,2024-10-01,17924.48,Unauthorized Transaction,Won
CB003017,TXN006530,CUST00565,MER09155,2024-09-07,9702.59,Product Not Received,Lost
CB003018,TXN005034,CUST05688,MER06934,2024-05-02,109.71,Service Not Received,Under Review
CB003019,TXN009260,CUST03434,MER00835,2024-03-27,25546.22,Duplicate Charge,Won
CB003020,TXN006451,CUST04155,MER00835,2024-09-09,84402.09,Fraud Suspected,Won
CB003021,TXN002633,CUST00850,MER02790,2024-06-18,91134.39,Product Not Received,Won
CB003022,TXN001155,CUST03883,MER01296,2024-12-24,13810.66,Product Not Received,Won
,TXN004629,CUST04491,MER09704,2024-03-02,1054.25,Fraud Suspected,Under Review
CB003024,TXN003679,CUST09162,MER08469,2024-12-07,1391.09,Service Not Received,Lost
CB003025,TXN009914,CUST03593,MER08013,2024-11-04,5349.63,Product Not Received,Won
CB003026,TXN008669,CUST09136,MER04660,2024-10-04,167.02,Duplicate Charge,Open
CB003027,TXN002122,CUST09297,MER03203,2024-06-17,6377.54,Duplicate Charge,Won
CB003028,TXN001818,CUST02817,MER06170,2024-06-05,30457.33,Fraud Suspected,Lost
CB003029,TXN006566,CUST02178,MER05746,2024-11-28,74329.59,Service Not Received,Open
CB003030,TXN007431,CUST07034,MER00135,2024-06-17,1804.15,Product Not Received,Under Review
CB003031,TXN001345,CUST06708,MER00585,2024-11-07,21630.43,Duplicate Charge,
CB003032,TXN007084,CUST09436,MER07218,2024-02-08,23101.9,Product Not Received,Under Review
CB003033,TXN000579,CUST06982,MER09929,2024-09-18,48178.18,Product Not Received,Open
CB003034,TXN006775,CUST07111,MER09521,2025-01-22,503.54,Product Not Received,Open
CB003035,TXN005270,CUST06492,MER06567,2024-03-21,66512.4,Duplicate Charge,Lost
CB003036,TXN003851,CUST07343,MER00902,2024-04-29,19143.24,Service Not Received,Won
CB003037,,CUST09208,MER04210,2024-05-17,584.32,Fraud Suspected,Open
CB003038,TXN008760,CUST03793,MER04310,2024-10-28,1919.05,Duplicate Charge,Under Review
CB003039,TXN008727,CUST03791,MER06725,2024-08-22,11226.09,Unauthorized Transaction,Under Review
CB003040,TXN003826,CUST03902,MER05089,2024-02-14,,Duplicate Charge,Under Review
CB003041,TXN002533,CUST06748,,2024-11-16,14554.18,Product Not Received,Open
CB003042,TXN007056,CUST08165,MER00853,2024-10-06,793.2,Fraud Suspected,Open
CB003043,TXN004590,CUST02749,MER04026,2024-08-18,6828.45,Fraud Suspected,Open
CB003044,TXN006500,CUST05359,MER06960,2024-08-15,6671.54,Unauthorized Transaction,Under Review
,TXN002256,CUST07918,MER08669,2024-03-23,93459.15,Service Not Received,Lost
CB003046,,CUST08797,MER03196,2024-05-24,1086.96,Product Not Received,Open
CB003047,TXN006262,CUST04190,MER03074,2024-02-17,37.01,Service Not Received,Under Review
CB003048,TXN005079,CUST07585,MER07666,2024-02-21,1065.83,Service Not Received,Open
CB003049,,CUST01981,MER05206,2024-03-29,1796.95,Fraud Suspected,Open
CB003050,TXN009522,CUST05004,MER00557,2024-02-26,798.29,Fraud Suspected,
CB003051,TXN001260,CUST02200,MER06978,2024-01-30,49928.75,Duplicate Charge,Won
CB003052,TXN000771,CUST08773,MER00470,2025-02-21,18674.21,Fraud Suspected,Open
CB003053,TXN002603,CUST08190,MER01464,2024-04-08,978.95,Product Not Received,Won
CB003054,TXN009060,CUST04982,MER07021,2024-03-24,2286.4,Duplicate Charge,Open
CB003055,TXN009272,CUST00885,MER09452,2024-10-24,1364.91,Fraud Suspected,Under Review
CB003056,TXN005498,CUST06646,MER02335,2024-07-18,1080.97,Fraud Suspected,Open
CB003057,TXN005074,CUST01840,MER08888,2025-01-29,45003.57,Unauthorized Transaction,Lost
CB003058,TXN002492,CUST04971,MER05692,2024-04-12,22976.45,Unauthorized Transaction,Won
CB003059,TXN001887,,MER08343,2024-02-19,46381.9,Service Not Received,Open
CB003060,TXN008920,CUST07594,MER09761,2024-07-31,306.91,Service Not Received,Under Review
CB003061,TXN007711,CUST07616,MER07545,2024-11-09,1992.59,Unauthorized Transaction,Open
CB003062,TXN009944,CUST01273,MER00045,2025-01-23,10713.95,Unauthorized Transaction,
CB003063,TXN002613,CUST07106,MER03696,2025-01-22,58386.16,Fraud Suspected,Lost
CB003064,TXN001957,CUST00698,MER04735,2025-01-22,16479.07,Service Not Received,Under Review
CB003065,TXN000464,CUST00666,MER08810,2024-06-27,3418.14,Unauthorized Transaction,Under Review
CB003066,TXN002533,CUST06748,MER09049,,16737.31,Fraud Suspected,Open
CB003067,TXN000409,CUST08030,MER09194,2024-10-16,9264.73,Duplicate Charge,Open
CB003068,TXN004216,CUST06015,MER07919,2024-05-11,42181.83,Duplicate Charge,Won
CB003069,TXN001728,CUST02596,MER09811,2024-12-09,48819.1,Service Not Received,Under Review
CB003070,TXN005662,CUST04784,MER02495,2024-02-19,15439.45,Unauthorized Transaction,Won
CB003071,TXN005437,CUST07556,MER08931,2024-09-14,67368.43,Fraud Suspected,Under Review
CB003072,TXN005637,CUST09909,MER08296,2024-04-29,1223.66,Duplicate Charge,Open
CB003073,TXN006865,CUST05568,MER02157,2024-09-17,20303.34,Duplicate Charge,Open
CB003074,TXN008944,CUST04126,UNKNOWN,2024-10-07,106664.8,Product Not Received,Lost
CB003075,TXN008906,CUST01963,MER04049,2024-03-29,647.74,Fraud Suspected,Open
CB003076,TXN006639,CUST00997,MER05184,2024-06-19,19569.37,Duplicate Charge,Under Review
CB003077,TXN001621,CUST06882,MER03849,2024-07-26,12430.31,Duplicate Charge,Under Review
CB003078,TXN006141,CUST03719,MER06002,2024-11-02,2310.49,Duplicate Charge,Lost
,TXN002253,CUST07721,MER03535,2024-11-12,3796.57,Service Not Received,Won
CB003080,,CUST07457,MER00145,2024-09-06,12271.12,Product Not Received,Won
CB003081,TXN004369,,MER04847,2024-03-05,36295.94,Duplicate Charge,Lost
CB003082,TXN000283,CUST02667,MER07095,2024-03-27,38582.58,Fraud Suspected,Lost
CB003083,TXN000819,CUST03173,MER00443,2024-03-12,1465.52,Duplicate Charge,Open
CB003084,TXN002393,CUST08399,MER02221,2024-11-17,56244.39,Fraud Suspected,Open
CB003085,TXN001362,CUST00489,MER06764,2024-02-07,8015.09,Unauthorized Transaction,Won
CB003086,TXN008820,CUST05297,MER03615,2024-08-17,69880.66,Service Not Received,Won
CB003087,TXN001304,CUST02127,MER06141,2024-10-11,1583.62,Fraud Suspected,Won
CB003088,TXN001118,CUST06345,MER05021,2025-01-13,948.31,Product Not Received,Open
CB003089,TXN006957,CUST01205,MER08119,2024-12-01,3442.82,Service Not Received,Open
CB003090,TXN009267,CUST01759,MER05810,2024-10-02,45874.19,Unauthorized Transaction,Under Review
CB003091,TXN008193,CUST01687,MER07826,2024-05-18,17060.42,Fraud Suspected,Lost
CB003092,TXN006388,CUST02969,MER01357,2024-06-20,12050.09,Product Not Received,Won
CB003093,TXN006129,CUST02941,MER09723,2024-07-29,196.91,Duplicate Charge,Open
CB003094,TXN008032,CUST02904,MER07543,2024-04-17,N/A,Fraud Suspected,Won
CB003095,TXN005582,CUST02866,MER09560,2024-05-01,358.75,Fraud Suspected,Won
CB003096,TXN002483,CUST09292,MER08720,2024-03-18,58197.27,Unauthorized Transaction,Won
CB003097,TXN006007,CUST09693,MER01109,2024-10-04,60821.9,Fraud Suspected,Won
CB003098,TXN000939,CUST02744,MER08228,2025-01-21,88108.58,Unauthorized Transaction,Lost
CB003099,TXN005158,CUST01391,MER04798,2024-03-17,83525.59,Service Not Received,Won
CB003100,TXN007705,CUST09830,MER06136,2024-04-24,1644.59,Service Not Received,Won
CB003101,TXN006346,CUST03404,,2025-01-16,1055.87,Product Not Received,Under Review
CB003102,TXN004940,CUST04140,,2025-01-17,11669.33,Unauthorized Transaction,Won
CB003103,TXN007780,CUST06166,MER00481,2024-10-05,4405.43,Fraud Suspected,Won
CB003104,TXN008151,CUST09047,MER04228,2024-02-12,34819.75,,Won
CB003105,TXN009544,CUST02492,MER02621,2024-08-21,3479.05,Fraud Suspected,Won
CB003106,TXN003280,CUST05048,MER03792,,143.68,Unauthorized Transaction,Under Review
CB003107,TXN009619,CUST04854,MER09077,2024-03-06,685.28,Unauthorized Transaction,Lost
CB003108,TXN004276,CUST00532,MER08218,2024-11-14,1640.37,Unauthorized Transaction,Open
CB003109,TXN005297,CUST07545,MER02209,2024-07-30,,Service Not Received,Under Review
CB003110,TXN006406,CUST04494,MER07790,2024-06-22,7494.01,Service Not Received,Open
CB003111,TXN000302,CUST04972,MER01567,2024-12-02,22263.8,Duplicate Charge,Lost
CB003112,TXN001556,CUST03392,MER08952,2024-11-04,77236.61,Duplicate Charge,Under Review
CB003113,TXN006414,CUST08594,MER07038,2024-06-18,2200.28,Duplicate Charge,Won
CB003114,TXN004787,CUST05956,MER00632,,,Product Not Received,Under Review
CB003115,TXN008119,CUST03044,MER00285,2024-05-11,1420.55,Product Not Received,Lost
CB003116,TXN006207,CUST06315,MER07632,2024-01-10,52538.39,Product Not Received,Won
CB003117,TXN001168,CUST04543,MER01944,2024-04-01,510.44,Fraud Suspected,Lost
CB003118,TXN007798,CUST06030,MER06470,2025-01-07,108167.71,Service Not Received,Open
CB003119,TXN000599,CUST01297,MER06634,2024-10-29,1786.26,Product Not Received,Open
CB003120,TXN003344,CUST01894,MER05343,2024-12-11,69789.0,Duplicate Charge,Won
CB003121,TXN002973,CUST06605,MER00804,2024-04-09,6713.72,Product Not Received,Open
CB003122,TXN005939,CUST04677,MER07214,2024-12-16,4441.54,Unauthorized Transaction,Open
CB003123,TXN006424,CUST01411,MER09340,2024-01-19,146.11,Duplicate Charge,Won
CB003124,TXN000511,CUST09525,MER05878,2024-06-20,7147.77,Fraud Suspected,Open
CB003125,TXN000517,CUST05158,MER05169,2024-05-22,578.15,Unauthorized Transaction,Under Review
CB003126,TXN006567,CUST06915,MER03686,2024-05-12,5028.16,Unauthorized Transaction,Won
CB003127,TXN005337,CUST04386,MER08787,2024-09-13,629.9,Fraud Suspected,Won
CB003128,TXN004077,CUST06824,MER00759,2024-04-20,78844.64,Product Not Received,Open
CB003129,TXN005368,CUST02741,MER02459,2024-10-20,257.43,Service Not Received,Open
CB003130,TXN007700,CUST05895,MER04671,2024-06-17,607.93,Unauthorized Transaction,Under Review
CB003131,TXN004052,CUST08968,MER04309,2024-03-25,44493.28,Duplicate Charge,Open
CB003132,TXN003176,CUST00036,MER08198,2024-05-02,296.32,Unauthorized Transaction,Lost
CB003133,TXN009779,CUST06646,MER08364,2024-04-15,431.64,Unauthorized Transaction,Open
CB003134,TXN003525,CUST06796,MER09128,2024-08-19,54603.43,Service Not Received,
CB003135,TXN005540,CUST06065,MER04538,2024-10-11,1644.28,Unauthorized Transaction,Under Review
CB003136,TXN002448,CUST02462,MER09380,2024-07-30,10414.51,Product Not Received,Won
CB003137,TXN002152,CUST06836,MER03652,2025-02-05,79623.32,Duplicate Charge,Open
CB003138,TXN004611,CUST04468,MER06663,2024-02-14,21170.34,Fraud Suspected,Lost
CB003139,TXN000782,CUST07814,MER03138,2024-10-03,3923.2,Fraud Suspected,Open
CB003140,TXN006741,CUST03470,MER00831,2024-12-04,1307.36,Fraud Suspected,Lost
CB003141,TXN008294,CUST03645,MER02662,2024-03-02,89219.43,Fraud Suspected,Lost
CB003142,TXN001503,CUST01402,MER01786,2024-07-26,37029.21,Service Not Received,Open
CB003143,TXN009429,CUST07425,MER02952,2024-04-04,73846.73,Duplicate Charge,Open
CB003144,TXN001609,CUST08055,MER06462,2024-08-07,1581.08,Duplicate Charge,Under Review
CB003145,TXN006621,CUST00209,MER06059,2024-08-06,1248.9,Unauthorized Transaction,Won
CB003146,TXN001678,CUST04944,MER08199,2024-10-29,805.21,Service Not Received,Won
CB003147,TXN002311,CUST00665,MER02730,2024-02-07,15725.71,Unauthorized Transaction,Won
CB003148,TXN009176,CUST07726,MER03787,2024-11-08,57.82,Product Not Received,Under Review
CB003149,TXN006601,CUST08422,MER01589,2024-02-05,3834.09,Product Not Received,Won
CB003150,TXN001277,CUST07058,MER09213,2024-06-03,1135.66,Product Not Received,Lost
CB003151,TXN002186,CUST02973,MER02294,2024-11-24,7679.58,Product Not Received,Open
CB003152,TXN000903,CUST03504,MER00243,2024-05-30,2743.91,Service Not Received,Under Review
CB003153,TXN006662,CUST00185,MER06345,2025-01-06,883.49,Unauthorized Transaction,Open
CB003154,TXN004262,CUST03719,MER00851,2024-07-31,8587.38,Service Not Received,Won
CB003155,TXN008663,CUST04270,MER09509,2024-09-13,32594.47,Service Not Received,Open
CB003156,TXN007671,CUST07024,MER07527,2024-10-30,1902.96,Duplicate Charge,Lost
CB003157,TXN005588,CUST00696,MER00275,2024-10-20,4123.0,Duplicate Charge,Lost
CB003158,TXN009941,CUST03127,MER07792,2024-11-03,56435.46,Product Not Received,Lost
CB003159,TXN006186,CUST00164,MER07837,2024-11-11,1537.57,Fraud Suspected,Lost
CB003160,TXN004677,CUST01024,MER05459,2024-04-09,687.38,Service Not Received,Won
CB003161,TXN003495,CUST08909,MER06628,2024-01-27,7175.73,Fraud Suspected,Won
CB003162,TXN006575,CUST04556,MER04672,2024-05-09,1567.41,Unauthorized Transaction,Lost
CB003163,TXN002651,CUST03208,MER08929,2024-02-03,1511.48,Product Not Received,Won
CB003164,TXN001448,CUST01716,MER05629,2024-03-17,2030.04,Duplicate Charge,Lost
CB003165,TXN001849,CUST00306,MER02048,2024-10-12,11798.03,Unauthorized Transaction,Open
CB003166,TXN008984,CUST07918,MER04414,2024-09-20,4414.03,Product Not Received,Open
CB003167,TXN000514,CUST07682,MER04775,2024-11-22,515.02,Product Not Received,Lost
CB003168,TXN005225,CUST07321,MER09382,2024-08-25,3701.52,Product Not Received,Open
CB003169,TXN008631,CUST08719,MER02785,2024-08-23,96609.42,Duplicate Charge,Won
CB003170,TXN000443,CUST08281,MER01391,2025-01-19,,Service Not Received,Lost
CB003171,TXN005741,CUST01653,MER08621,2025-01-09,120.12,Fraud Suspected,Won
CB003172,TXN006700,CUST04146,MER05046,2024-04-16,865.17,Fraud Suspected,Open
CB003173,TXN007920,,MER09008,2024-02-29,123.85,Unauthorized Transaction,Under Review
CB003174,TXN004969,CUST01007,MER03251,2024-06-23,11152.73,Product Not Received,Open
CB003175,TXN006214,CUST01341,MER07230,2024-06-15,98790.07,Duplicate Charge,Won
CB003176,TXN000939,CUST02744,MER08228,2025-01-10,44054.29,Duplicate Charge,Won
CB003177,TXN004966,CUST05926,MER09673,2024-09-12,34699.75,Duplicate Charge,Open
CB003178,TXN002940,CUST09697,MER07661,2025-01-06,2023.8,Product Not Received,Under Review
CB003179,TXN001387,CUST04721,MER01891,2024-10-21,1361.85,Duplicate Charge,Lost
CB003180,TXN003505,CUST04414,MER02536,2024-03-11,,Fraud Suspected,Open
CB003181,TXN008661,CUST05175,MER05915,2024-06-11,959.16,Unauthorized Transaction,Won
CB003182,TXN003512,CUST08902,MER07475,2024-08-16,58300.33,Unauthorized Transaction,Open
CB003183,TXN008011,CUST06026,MER08337,2024-12-23,2003.22,Fraud Suspected,Under Review
CB003184,TXN009337,CUST08946,MER02873,2024-09-15,520.67,Product Not Received,Open
CB003185,TXN002347,CUST02598,MER01151,2024-07-13,7099.46,Unauthorized Transaction,Won
CB003186,TXN009457,CUST09350,MER02758,2024-11-11,616.83,Product Not Received,Open
CB003187,TXN002039,CUST04245,MER04900,2025-01-09,1040.73,Duplicate Charge,Open
CB003188,TXN005507,CUST09265,MER07520,2024-08-29,919.2,Product Not Received,Lost
CB003189,TXN002188,CUST04958,MER09599,2024-06-18,N/A,Service Not Received,Under Review
CB003190,TXN006828,CUST05367,MER09339,2024-10-05,,Product Not Received,Won
CB003191,TXN004801,CUST09093,MER03583,2024-10-19,1010.13,Duplicate Charge,Won
CB003192,TXN009058,CUST07795,MER05714,2024-07-12,6049.56,Product Not Received,Under Review
CB003193,TXN008333,CUST01558,MER07929,2024-07-18,18626.14,Unauthorized Transaction,Under Review
CB003194,TXN004231,CUST03330,MER00132,2025-01-07,12047.18,Duplicate Charge,Won
CB003195,TXN000516,CUST00223,MER05743,2024-05-21,1519.48,Fraud Suspected,Under Review
CB003196,TXN000285,CUST08963,MER04591,2024-01-17,112229.19,Unauthorized Transaction,Open
CB003197,TXN004915,CUST09780,MER03900,2024-02-09,18770.66,Service Not Received,Won
CB004507,TXN004382,CUST08600,MER04750,2024-03-15,325.23,Unauthorized Transaction,Open
CB003199,TXN003141,CUST02591,MER04160,2024-06-11,44509.49,Service Not Received,Open
CB003200,TXN004407,CUST06564,MER00911,2024-10-28,46237.83,Unauthorized Transaction,Under Review
CB003201,TXN008992,CUST09973,MER03927,2024-02-23,890.54,Service Not Received,Under Review
CB003202,TXN005196,CUST08709,MER05816,2024-10-28,325.58,Fraud Suspected,Lost
CB003203,TXN000891,CUST04631,MER03835,2024-08-21,73701.57,Duplicate Charge,Under Review
CB003204,TXN002001,CUST08602,MER01042,2024-08-15,90953.49,Product Not Received,Won
CB003205,TXN004993,CUST09383,MER06074,2024-07-27,94988.55,Service Not Received,Under Review
CB003206,TXN002495,CUST06350,MER05918,2024-10-10,92833.11,Duplicate Charge,Under Review
CB003207,TXN001362,CUST00489,MER06764,2024-02-01,8015.09,Unauthorized Transaction,Under Review
CB003208,TXN008875,CUST05722,MER09123,2024-05-07,11808.65,Duplicate Charge,Won
CB003209,TXN008538,CUST02759,MER02109,2024-06-28,3848.1,Fraud Suspected,Open
CB003210,TXN005644,CUST03467,MER09459,2024-07-27,5667.88,Duplicate Charge,Under Review
CB003211,TXN005907,CUST08075,MER09760,2024-10-28,1037.6,Unauthorized Transaction,Lost
CB003212,TXN000400,CUST04395,MER06960,2024-02-01,8299.96,Product Not Received,Lost
CB003213,TXN007855,CUST02011,MER06112,2024-07-12,619.95,Product Not Received,Lost
,TXN009857,CUST06688,MER03839,2024-04-29,7228.2,Product Not Received,Won
CB003215,TXN001804,CUST03301,MER01633,2024-08-01,87402.13,Fraud Suspected,Won
CB003216,TXN002992,CUST02609,MER04885,2024-04-08,252.54,Unauthorized Transaction,Under Review
CB003217,TXN001899,CUST06680,MER07159,2024-09-23,628.54,Unauthorized Transaction,Won
CB003218,TXN005758,CUST08216,MER02163,2024-09-20,6458.23,Duplicate Charge,Open
,TXN000070,CUST04820,MER04632,2024-03-12,51354.09,Product Not Received,Open
CB003220,TXN003885,CUST02837,MER03541,2024-06-16,895.47,Product Not Received,Won
CB003221,TXN009400,CUST06216,MER02242,2024-02-27,742.71,Unauthorized Transaction,Won
CB003222,TXN000018,CUST07444,MER00430,2024-11-29,70682.43,Service Not Received,Open
CB003223,TXN002131,CUST07541,MER08069,2025-01-23,73185.74,Product Not Received,Won
CB003224,TXN004786,CUST05126,MER02886,2024-11-11,1485.56,Duplicate Charge,Won
CB003225,TXN009611,CUST02899,MER02323,2024-05-12,40561.49,Duplicate Charge,Lost
CB003226,TXN007882,CUST05097,MER02235,2024-09-14,81010.82,Product Not Received,Open
CB003227,TXN001032,CUST09206,MER03960,2024-05-20,36363.39,Fraud Suspected,Under Review
CB003228,TXN006678,CUST06302,MER04386,2024-02-05,58892.94,Product Not Received,Lost
CB003229,TXN001722,CUST01019,MER07840,2024-11-24,15087.29,Fraud Suspected,Lost
CB003230,TXN004303,CUST09920,MER00660,2024-12-11,72052.32,Product Not Received,Lost
CB003231,TXN002331,CUST00146,MER02589,2024-10-06,N/A,Fraud Suspected,Lost
CB003232,TXN009914,CUST03593,MER08013,2024-10-03,12304.15,Service Not Received,Lost
CB003233,TXN008448,CUST00475,MER08528,2024-04-06,532.78,Duplicate Charge,Lost
CB003234,TXN000901,CUST07284,MER01893,2024-11-04,1686.81,Product Not Received,Lost
CB003235,TXN008017,CUST05429,MER08640,2024-10-03,833.66,Duplicate Charge,Open
CB003236,TXN002284,CUST01764,MER00092,2024-11-05,5300.03,Unauthorized Transaction,Lost
CB003237,TXN001457,CUST05589,MER08667,2024-05-24,135.75,Product Not Received,Lost
CB003238,TXN000559,CUST01676,MER09554,2024-07-22,883.88,Duplicate Charge,Open
CB003239,TXN008408,CUST09674,MER02783,2024-10-17,12287.0,Duplicate Charge,Won
CB003240,TXN004194,CUST06198,MER04737,2024-08-07,99382.25,Fraud Suspected,Under Review
,TXN003136,CUST01490,MER07608,2024-03-13,13616.69,Product Not Received,Won
CB003242,,CUST00365,MER03514,2024-01-31,236.58,Product Not Received,Lost
CB003243,TXN004046,CUST06828,,2024-10-23,1138.38,Service Not Received,Open
CB003244,TXN000144,CUST09937,MER08876,2024-07-11,271.09,Unauthorized Transaction,Open
CB003245,TXN005036,CUST02424,MER00612,2024-12-30,17296.14,Service Not Received,Lost
CB003246,TXN009523,CUST08846,MER04478,2024-06-18,6335.43,Duplicate Charge,Open
CB003247,TXN005952,CUST09946,MER09191,2024-09-25,689.74,Service Not Received,Lost
CB003248,TXN007515,CUST07016,MER06599,2024-11-07,66250.24,Product Not Received,Lost
CB003249,TXN000969,CUST07317,MER08062,,15841.53,Duplicate Charge,Open
CB003250,TXN005819,CUST01376,MER06801,2024-10-11,6919.1,Unauthorized Transaction,Open
CB003251,TXN003369,CUST00084,MER04545,2024-12-20,1202.67,Product Not Received,
CB003252,TXN001941,CUST07025,MER01260,2024-08-22,420.72,Service Not Received,Under Review
CB003253,TXN006211,CUST08754,MER03920,2024-05-14,1768.09,Service Not Received,Won
CB003254,TXN008034,CUST02272,MER09780,2024-02-11,69394.62,Fraud Suspected,Lost
CB003255,TXN004905,CUST02863,MER04310,2024-07-05,8284.28,Service Not Received,Open
CB003256,,CUST01026,MER02026,2024-12-10,18602.96,Unauthorized Transaction,Under Review
CB003257,TXN009886,CUST06896,MER08540,2025-01-27,9334.99,Fraud Suspected,Won
CB003258,TXN005873,CUST02903,MER01551,2024-10-06,1352.99,Fraud Suspected,Under Review
CB003259,TXN001118,CUST06345,MER05021,2025-01-15,474.16,Fraud Suspected,Lost
CB003260,TXN005265,CUST07107,MER09918,2024-04-25,1140.29,Duplicate Charge,Open
CB003261,TXN007464,CUST08645,MER01444,2024-04-14,1381.61,Unauthorized Transaction,Lost
CB003262,TXN005006,CUST00370,MER02294,2024-06-26,64864.43,Duplicate Charge,Lost
CB003263,TXN002376,CUST00825,MER07178,2024-07-30,5597.62,Service Not Received,Open
CB003264,TXN003206,CUST00153,MER01621,2024-11-01,13419.89,Product Not Received,Under Review
CB003265,TXN000645,CUST04696,MER08347,2024-01-26,1061.29,Product Not Received,Lost
CB003266,TXN001389,CUST04967,MER08446,2024-10-19,37990.05,Fraud Suspected,Open
CB003267,TXN004542,CUST07537,MER04956,2024-10-01,10575.26,Service Not Received,Open
CB003268,TXN009262,CUST09989,MER08552,2024-11-18,16915.35,Service Not Received,Lost
CB003269,TXN005028,CUST06310,MER08023,2024-08-14,13107.88,Service Not Received,Open
CB004191,TXN006343,CUST04351,MER03694,2024-05-17,107834.83,Unauthorized Transaction,Lost
CB003271,TXN004347,CUST05274,MER08486,2024-09-06,805.32,Product Not Received,Open
CB003272,TXN008881,CUST05566,MER03627,2024-08-18,805.99,Unauthorized Transaction,Open
CB003273,TXN005836,,MER08287,2024-04-28,21101.64,Product Not Received,Won
CB003274,TXN002138,CUST06754,MER08669,2025-01-27,35106.03,Unauthorized Transaction,Won
CB003275,TXN002578,CUST09891,MER05042,2024-11-07,66558.21,Duplicate Charge,Open
CB003276,TXN003203,CUST03422,MER06780,2024-09-11,1661.29,,Under Review
CB003277,TXN008781,CUST05964,MER02775,2024-05-13,22995.78,Duplicate Charge,Open
CB003278,TXN001034,CUST08481,MER01439,2024-10-16,676.51,Fraud Suspected,Open
CB003279,TXN004670,CUST00509,MER00999,2024-08-21,16223.36,Unauthorized Transaction,Under Review
CB003280,TXN009866,CUST03740,MER06939,2024-12-21,568.28,Duplicate Charge,Open
CB003281,TXN006970,CUST06943,MER02765,2024-02-29,99828.25,Fraud Suspected,Lost
CB003282,TXN001033,CUST06301,MER04742,2024-09-14,1814.8,Service Not Received,Open
CB003283,TXN003498,CUST03897,MER04532,2024-03-24,32636.38,Product Not Received,Open
CB003284,TXN007406,CUST09520,MER02948,2024-06-11,12512.29,Unauthorized Transaction,Under Review
CB003285,TXN007749,CUST01670,MER09789,2024-07-21,69.5,Unauthorized Transaction,Won
CB003286,TXN006811,CUST02491,MER07523,2024-03-06,1341.8,Duplicate Charge,Under Review
CB003287,TXN006089,CUST02659,MER06219,2024-02-12,97121.31,Fraud Suspected,Under Review
CB003288,TXN006153,CUST04523,MER09540,2024-09-12,15274.3,Product Not Received,Open
CB003289,TXN009766,CUST06306,MER05911,2025-01-20,790.33,Service Not Received,Open
CB003290,TXN001430,CUST00590,MER04918,2024-07-15,17739.12,Unauthorized Transaction,Open
CB003291,UNKNOWN,CUST01693,MER07180,2024-01-21,425.23,Product Not Received,Won
CB003292,TXN009259,CUST09270,MER00761,2024-07-14,90973.82,Duplicate Charge,Open
CB003293,TXN005433,CUST03612,UNKNOWN,2024-05-25,668.43,Duplicate Charge,Under Review
CB003294,TXN007337,CUST02379,MER08452,2024-03-07,64151.55,Unauthorized Transaction,Lost
CB003295,TXN002453,CUST00775,MER02265,2024-07-12,36404.82,Duplicate Charge,Won
CB003296,TXN009981,CUST09568,MER00562,2024-05-31,2171.58,Service Not Received,Won
CB003297,,CUST09424,MER00801,2024-09-22,61587.35,Fraud Suspected,Won
CB003298,TXN005820,CUST08464,MER08769,2024-04-29,1235.99,Service Not Received,Under Review
CB003299,TXN009534,CUST06655,MER07731,2024-04-20,4894.96,Unauthorized Transaction,Under Review
CB003300,TXN005926,CUST05989,MER01281,2024-05-26,17173.05,Product Not Received,Open
CB003301,TXN008999,CUST01733,MER01770,2024-08-21,92755.49,Unauthorized Transaction,Under Review
CB003302,TXN003488,CUST08192,MER08740,2024-07-10,13129.84,Fraud Suspected,Under Review
CB003303,TXN001131,CUST09320,MER07609,2024-07-17,12696.24,Fraud Suspected,Lost
CB003304,TXN009337,CUST08946,MER02873,2024-09-10,520.67,Service Not Received,Open
CB003305,TXN004300,CUST04515,MER07947,2024-10-30,1155.56,Service Not Received,Won
CB003306,TXN004650,CUST08244,MER04256,2024-04-09,1945.61,Service Not Received,Under Review
CB003307,TXN000651,CUST05124,MER05671,2024-10-09,501.78,Unauthorized Transaction,Lost
CB003308,TXN002215,CUST03844,MER01850,2025-01-05,10718.63,Fraud Suspected,Under Review
CB003309,,CUST04434,MER00608,2024-02-14,1616.78,Fraud Suspected,Under Review
CB003310,TXN006035,CUST00357,MER01163,2024-12-01,18741.32,Fraud Suspected,Under Review
CB003311,TXN006120,CUST05472,MER04455,2024-02-24,66361.34,Service Not Received,Won
CB003312,TXN004646,CUST07841,MER01936,2024-12-13,38125.52,Duplicate Charge,Open
CB003313,TXN001714,CUST03806,MER04453,2024-10-17,41304.64,Fraud Suspected,Under Review
CB003314,TXN005046,CUST09815,MER03766,2024-10-15,15915.3,Product Not Received,Open
CB003315,TXN006124,CUST01377,MER06495,2024-12-27,71870.32,Product Not Received,Under Review
CB003316,TXN005051,CUST01083,MER07474,2024-12-03,71392.37,Fraud Suspected,Open
CB003317,TXN007779,CUST00307,MER08087,2024-03-19,34103.28,Fraud Suspected,Under Review
CB003318,TXN001399,CUST01941,MER01317,2024-07-09,1842.74,Product Not Received,Under Review
CB003319,TXN004670,CUST00509,MER00999,2024-07-23,16223.36,Product Not Received,Lost
CB003320,TXN000598,CUST09688,MER07075,2024-07-21,17419.74,Product Not Received,Open
CB003321,TXN008718,CUST01159,MER01484,2024-04-08,756.57,Unauthorized Transaction,Under Review
CB003322,TXN005927,CUST06250,MER00595,2024-04-29,3896.24,Service Not Received,Won
,TXN003360,CUST01638,MER04903,2024-12-04,1936.81,Service Not Received,Won
CB003324,TXN004634,CUST00593,MER07524,2024-12-01,14692.88,Duplicate Charge,Under Review
CB003325,TXN007943,CUST02827,MER05082,2024-02-22,3123.95,Product Not Received,Under Review
CB003326,TXN007047,CUST07682,MER06029,2024-06-01,1537.76,Service Not Received,Open
CB003327,TXN004942,CUST08565,MER09715,2024-11-10,64061.12,,Open
CB003328,TXN003036,CUST07925,MER07499,2025-01-04,92542.09,Fraud Suspected,Open
CB003329,TXN001252,CUST09564,MER09266,2024-02-10,7363.58,Duplicate Charge,Won
CB003330,TXN002009,CUST07446,MER09309,2024-06-27,,Duplicate Charge,Open
CB003331,TXN003423,CUST00341,MER08733,2024-04-12,608.55,Unauthorized Transaction,Won
CB003332,TXN005423,CUST07213,MER00591,2024-05-14,1154.77,Duplicate Charge,Won
CB003333,TXN001588,CUST01811,MER09455,2024-07-28,65309.25,Unauthorized Transaction,Under Review
CB003334,TXN004829,CUST05249,MER09572,2024-07-04,4432.22,Unauthorized Transaction,Open
CB003335,TXN000124,CUST09859,MER09031,2024-10-15,17530.86,Fraud Suspected,Under Review
CB003336,TXN004533,CUST09827,MER03757,2024-11-20,594.37,Duplicate Charge,Under Review
CB003337,TXN009628,CUST04396,MER01184,2024-09-13,1105.98,Product Not Received,Won
CB003338,TXN009246,CUST04521,MER05499,2024-09-08,1388.62,Duplicate Charge,Lost
CB003339,TXN001856,CUST02960,MER06807,2024-07-03,78786.05,Fraud Suspected,Lost
CB003340,TXN008345,CUST03611,MER00863,2024-07-30,352.5,,Open
CB003341,TXN002878,CUST09415,MER07731,2024-05-29,87188.0,Duplicate Charge,Won
CB003342,TXN005700,CUST04918,MER09741,2024-07-06,10866.0,Unauthorized Transaction,Open
CB003343,TXN007118,CUST01532,MER08169,2024-03-25,28015.75,Fraud Suspected,Open
CB003344,TXN002441,CUST08435,MER05207,2024-09-02,16624.06,Service Not Received,Lost
CB003345,TXN008076,CUST01827,MER00954,2025-01-08,1813.87,Product Not Received,Open
CB003346,TXN006573,CUST02077,MER04786,2024-07-19,N/A,Duplicate Charge,Under Review
CB003347,TXN006929,CUST06603,MER00577,2024-03-09,286.14,Unauthorized Transaction,Under Review
CB003348,TXN007259,CUST02616,MER04015,2024-06-08,78832.04,Service Not Received,Won
CB003349,TXN001471,CUST08972,MER02443,2025-01-24,803.11,Unauthorized Transaction,Won
CB003350,TXN003691,CUST07106,MER05893,2024-11-09,16548.65,Product Not Received,Won
CB003351,TXN001299,,MER00276,2024-08-31,32680.86,Duplicate Charge,Won
CB003352,TXN009271,CUST04996,MER08537,2024-06-16,,Unauthorized Transaction,Open
CB003353,TXN004570,CUST09093,MER03677,2024-03-03,6595.16,Product Not Received,Open
CB003354,TXN005671,CUST00257,MER01291,2024-12-01,1583.61,Service Not Received,Lost
CB003355,TXN007687,CUST04958,MER05749,2024-06-09,43804.55,Unauthorized Transaction,Won
CB003356,TXN007675,CUST05801,MER06133,2024-07-25,97509.96,Fraud Suspected,Won
CB003357,TXN003903,CUST05660,MER03030,2024-11-17,10088.01,Duplicate Charge,Under Review
CB003358,TXN004163,CUST06656,MER06865,2024-03-06,978.26,Fraud Suspected,Open
CB003359,TXN004717,CUST00314,MER06086,2024-05-16,95643.61,Fraud Suspected,Lost
CB003360,TXN003392,CUST01512,MER03120,2024-07-13,76874.62,Product Not Received,Open
CB003361,TXN000417,CUST09112,MER08669,2024-06-28,16535.53,Service Not Received,Won
CB003362,TXN001318,CUST07314,MER09305,2024-10-10,45517.87,Fraud Suspected,Open
CB003363,TXN005854,CUST08778,MER03262,2024-10-30,415.22,Product Not Received,Open
CB003364,TXN009811,CUST00734,MER03939,2024-05-17,81807.84,Unauthorized Transaction,Lost
CB003365,TXN003889,CUST01841,MER07958,2024-04-17,10067.17,Unauthorized Transaction,Won
CB003366,TXN007796,CUST04168,MER06903,2024-03-28,1378.17,Duplicate Charge,Lost
CB003367,TXN004678,CUST00488,,2024-06-20,64053.48,Duplicate Charge,Open
CB003368,TXN008296,CUST07924,MER00856,2024-11-28,22576.72,Fraud Suspected,Lost
CB003369,TXN008430,CUST05547,MER09244,,193.56,Duplicate Charge,Open
CB003370,TXN006645,CUST04292,MER01729,2024-03-13,3230.5,Product Not Received,Lost
CB003371,TXN001083,CUST00804,MER09605,2024-12-01,855.42,Service Not Received,Open
CB003372,TXN007075,CUST05515,MER01527,2024-03-25,7553.08,Fraud Suspected,Won
CB003373,TXN003527,CUST00048,MER08969,2024-12-24,1544.44,Fraud Suspected,Lost
CB003374,TXN008230,CUST00153,MER09870,2024-04-26,26944.64,Product Not Received,Lost
CB003375,TXN004374,CUST08303,MER08523,2024-09-02,3820.14,Unauthorized Transaction,Under Review
CB003376,TXN006390,CUST09975,MER07332,2024-05-14,10714.83,Unauthorized Transaction,Open
CB003377,TXN004662,CUST09290,MER03865,2024-02-15,98597.63,Service Not Received,Under Review
CB003378,TXN002067,CUST05197,MER04074,2025-01-07,1316.96,Product Not Received,Won
CB003379,TXN006209,CUST00351,MER07259,2024-10-15,46977.47,Unauthorized Transaction,Won
CB003380,TXN002968,CUST04448,MER09289,2025-01-15,68429.91,Fraud Suspected,Lost
CB003381,TXN006907,CUST08530,MER09618,2024-11-24,186.2,Product Not Received,Open
CB003382,TXN007616,CUST08591,MER05649,2024-08-30,30457.66,Duplicate Charge,Won
CB003383,TXN009781,CUST06157,MER04797,2024-04-01,129.39,Duplicate Charge,Lost
CB003384,TXN004292,CUST09944,MER03219,2024-08-30,5059.26,Fraud Suspected,Won
CB003385,TXN004958,CUST02334,MER04314,2025-01-16,77628.56,Duplicate Charge,Won
CB003386,TXN002624,CUST03280,MER07068,2024-08-30,40612.8,Product Not Received,Lost
CB003387,TXN009500,CUST06192,MER01867,2024-02-10,43870.68,Unauthorized Transaction,Under Review
CB003388,TXN009146,CUST05505,MER04260,2025-01-05,875.43,Service Not Received,Under Review
CB003389,TXN007615,CUST00256,MER02933,2025-02-11,17964.39,Fraud Suspected,Under Review
CB003390,TXN004015,CUST08360,MER03472,2024-10-11,637.3,Unauthorized Transaction,Won
CB003391,TXN009607,CUST06152,MER09830,2024-08-29,277.14,Duplicate Charge,Under Review
CB003392,TXN009196,CUST01638,MER09370,2024-09-04,1839.98,Fraud Suspected,Won
CB003393,TXN002931,CUST01512,MER08355,2024-08-17,618.06,Fraud Suspected,Open
CB003394,TXN007003,CUST03733,MER02914,2024-12-31,21327.34,Unauthorized Transaction,Lost
CB003395,TXN000550,CUST05991,MER07829,2024-08-12,18896.45,Fraud Suspected,Lost
CB003396,TXN002945,CUST07571,MER00146,2024-06-25,36224.28,Duplicate Charge,Won
CB003726,TXN008062,CUST05480,MER05999,2024-01-30,16595.39,Duplicate Charge,Lost
CB003398,TXN006920,CUST00031,MER08472,2024-10-24,9066.11,Product Not Received,Open
CB003399,TXN008598,CUST04798,MER02674,2024-11-14,,Unauthorized Transaction,Under Review
CB003400,TXN006562,CUST02823,,2024-02-24,13954.01,Unauthorized Transaction,Lost
CB003401,TXN001721,CUST03058,MER09722,2024-07-13,72.6,Service Not Received,Open
CB003402,TXN005238,CUST08538,MER05525,2024-01-17,42752.86,Unauthorized Transaction,Under Review
CB003403,TXN009360,CUST08292,MER05375,2024-03-26,33686.47,Service Not Received,Lost
CB003404,TXN005818,CUST09864,MER01968,2024-03-19,1702.13,Unauthorized Transaction,Won
CB003405,TXN002306,CUST07022,MER01878,2024-08-14,93689.35,Unauthorized Transaction,Won
CB003406,TXN005980,CUST08950,MER05986,2024-09-28,14484.27,Fraud Suspected,Open
CB003407,TXN003404,CUST06104,MER07226,2024-12-21,7331.95,Duplicate Charge,Open
CB003408,TXN004358,CUST08095,MER08758,2024-06-18,43894.48,Fraud Suspected,Lost
CB003409,TXN007584,CUST06839,MER08335,2024-05-09,466.98,Unauthorized Transaction,Under Review
CB003410,TXN000557,CUST09232,MER08109,2024-03-13,14529.1,Fraud Suspected,Under Review
CB003411,TXN009793,CUST05596,,2024-05-10,1191.83,Unauthorized Transaction,Lost
CB003412,TXN000790,CUST02285,MER02806,2024-02-21,933.81,Service Not Received,Under Review
CB003413,TXN003636,CUST08922,MER06557,2024-10-30,631.84,Product Not Received,Won
CB003414,TXN004007,CUST00139,MER09689,2024-02-22,899.51,Service Not Received,Lost
CB003415,TXN004196,,MER03276,2024-08-18,955.4,Duplicate Charge,Lost
CB003416,TXN004005,CUST03178,MER04114,2024-08-26,62476.88,Service Not Received,Open
CB003417,TXN000181,CUST02409,MER05194,2024-12-04,22159.31,Duplicate Charge,Lost
CB003418,TXN008528,CUST02980,MER07914,2024-05-16,817.46,Fraud Suspected,Under Review
CB003419,TXN001650,CUST02406,MER02608,2025-01-31,103701.41,Service Not Received,Under Review
CB003420,TXN004756,CUST05546,MER03454,2025-01-28,21869.11,Unauthorized Transaction,Open
CB003421,TXN009356,CUST07647,MER06583,2024-09-09,9636.02,Fraud Suspected,Open
CB003422,TXN008666,CUST01451,MER08484,2024-01-28,37466.09,Service Not Received,Under Review
CB003423,TXN004094,CUST06076,MER05286,2025-01-21,28.83,Service Not Received,Won
CB003424,TXN008540,CUST08755,MER06381,2024-11-07,15260.25,Unauthorized Transaction,Under Review
CB003425,TXN008088,CUST01758,MER07894,2024-03-09,12542.07,Fraud Suspected,Won
CB003426,TXN002948,CUST08449,MER07613,2024-04-07,9414.7,,Under Review
CB003427,TXN000827,CUST03364,MER02818,2024-12-01,98370.18,Product Not Received,Lost
CB005029,TXN002436,CUST08475,MER07547,2024-11-28,62995.8,Duplicate Charge,Under Review
CB003429,TXN008108,CUST06359,MER03196,2024-07-01,9201.86,Product Not Received,Lost
CB003430,TXN006733,CUST04387,MER05492,2024-04-27,114647.85,Product Not Received,Won
CB003431,TXN009766,CUST06306,MER05911,2025-01-24,687.24,Product Not Received,Won
CB003432,TXN005060,CUST05606,MER04352,2024-10-20,38288.88,Unauthorized Transaction,
CB003433,TXN009490,CUST04031,MER08860,2024-09-15,1601.55,Product Not Received,Lost
,TXN009906,CUST03525,MER09571,2024-11-14,18285.07,Service Not Received,Open
CB003435,TXN005018,CUST07483,MER04197,2024-12-08,111973.83,Fraud Suspected,Open
CB003436,TXN004317,CUST01209,MER07896,2024-01-24,21818.93,Product Not Received,Under Review
CB003437,TXN005265,CUST07107,MER09918,2024-03-25,2622.67,Fraud Suspected,Open
CB003438,TXN008989,CUST00670,MER02103,2024-10-25,15186.43,Product Not Received,Lost
CB003439,TXN004064,CUST01845,MER06981,2024-11-14,1541.85,Fraud Suspected,Lost
CB003440,TXN004624,CUST09551,MER01004,2024-08-18,3577.37,Fraud Suspected,Under Review
CB003441,TXN003745,CUST05618,MER04614,2024-10-06,2184.47,Product Not Received,Open
CB003442,TXN002699,CUST02341,MER09838,2024-04-16,566.14,Service Not Received,Under Review
CB003443,TXN002236,CUST03633,MER07066,2024-09-07,11025.16,Service Not Received,Open
CB003444,TXN009441,CUST05720,MER05659,2024-05-08,32815.92,Duplicate Charge,Won
CB003445,TXN005901,CUST02966,MER02639,2024-07-18,5024.81,Service Not Received,Under Review
CB003446,TXN000069,CUST05651,MER03195,2024-03-06,641.21,Service Not Received,Open
CB003447,TXN003008,CUST01470,MER05860,2024-08-16,4810.52,Product Not Received,Lost
CB003448,TXN000231,CUST05008,MER02537,2024-03-08,1994.93,Unauthorized Transaction,Won
CB003449,TXN003305,CUST08118,MER00087,2024-05-03,180.02,Product Not Received,Under Review
CB003450,TXN004275,CUST00830,MER08934,2024-11-30,21536.96,Duplicate Charge,Open
CB003451,TXN004495,CUST00201,MER08273,2024-11-04,489.33,Fraud Suspected,Under Review
CB003452,TXN000137,CUST04352,MER05236,2024-01-08,87804.1,Duplicate Charge,Under Review
CB003453,TXN000826,CUST07593,MER05301,2024-02-21,7357.76,Product Not Received,Won
CB003454,TXN003824,CUST04475,MER01883,2024-05-25,747.03,Unauthorized Transaction,Under Review
CB003455,TXN004388,CUST07791,MER06483,2024-04-10,12216.78,Duplicate Charge,Open
CB003456,TXN002126,CUST08652,MER06947,2024-04-14,20534.11,Service Not Received,Won
CB003457,TXN009363,CUST07293,,2025-02-20,1753.24,Product Not Received,Lost
CB003458,TXN006518,CUST06802,MER09561,2024-02-09,760.16,Service Not Received,Open
CB003459,TXN008062,CUST05480,MER05999,2024-02-03,14430.77,Product Not Received,Lost
CB003460,TXN009172,CUST03612,MER06391,2024-04-24,34102.42,Unauthorized Transaction,Under Review
CB003461,TXN001137,UNKNOWN,MER05886,2024-04-21,818.16,Product Not Received,Won
CB003462,TXN002854,CUST02639,MER05721,2024-08-23,1110.62,Unauthorized Transaction,Lost
CB003463,TXN003323,CUST03207,MER09925,2024-02-18,69765.01,Fraud Suspected,Won
CB003464,TXN003228,CUST00085,MER02511,2024-10-18,74170.49,Duplicate Charge,Under Review
CB003465,TXN007766,CUST01026,MER02479,2024-08-08,2899.77,Unauthorized Transaction,Won
CB003466,TXN005985,CUST05788,MER06553,2024-06-27,94856.62,Unauthorized Transaction,Lost
CB003467,TXN007218,CUST04388,MER09825,2024-08-12,51987.46,Unauthorized Transaction,Open
CB003468,TXN001379,CUST05213,MER03526,2024-10-24,44168.36,Unauthorized Transaction,Open
CB003469,TXN001233,CUST02343,MER07487,2024-07-24,17567.78,Duplicate Charge,Open
CB003470,TXN008632,CUST04456,MER08407,2024-01-31,47680.01,Duplicate Charge,Won
CB003471,TXN007457,CUST01427,MER05281,2024-05-21,2073.67,Fraud Suspected,Open
CB003472,TXN001166,CUST05304,MER00662,2024-11-19,9097.17,Service Not Received,Won
CB003473,TXN000486,CUST06424,MER05751,2024-08-06,4049.06,Duplicate Charge,Open
CB003474,TXN007228,CUST03440,MER09500,2024-02-21,92725.45,Unauthorized Transaction,Won
CB003475,TXN001687,CUST02372,MER02373,2024-04-06,18090.1,Product Not Received,Open
CB003476,TXN002127,CUST02199,MER05366,2024-02-20,96397.94,Fraud Suspected,Won
CB003477,TXN003086,CUST01958,MER02964,2024-08-20,N/A,Unauthorized Transaction,Lost
CB003478,TXN001165,,MER08578,2024-03-02,22721.27,Fraud Suspected,Open
CB003479,TXN008300,CUST01220,MER02066,2024-10-29,69449.82,Duplicate Charge,Under Review
CB003480,TXN009604,CUST05204,MER07195,2024-06-22,1233.48,Product Not Received,Lost
CB003481,TXN009498,CUST07160,MER03903,2024-07-07,316.64,Product Not Received,Under Review
CB003482,TXN001078,CUST07482,MER02248,2024-08-26,746.19,Product Not Received,Lost
CB003483,TXN000576,CUST05604,MER07066,2024-06-13,19140.4,Duplicate Charge,Lost
CB003484,TXN001197,CUST07350,,,1318.45,Service Not Received,Open
CB003485,TXN000861,CUST02541,MER08933,2024-12-25,29144.18,Product Not Received,Open
CB003486,TXN008623,CUST07834,MER08797,2024-04-28,749.37,Fraud Suspected,Lost
CB003487,TXN001865,CUST01441,MER06108,2024-06-27,42577.97,Product Not Received,Lost
CB003488,TXN004993,CUST09383,MER06074,2024-08-18,94988.55,Unauthorized Transaction,Lost
CB003489,TXN001658,CUST00951,MER05502,2024-05-11,43986.73,Duplicate Charge,Won
CB003490,TXN001961,CUST01415,MER04042,2024-08-05,22322.24,,Won
CB003491,TXN005674,CUST04660,MER04464,2024-08-22,99709.56,,Under Review
CB003492,,CUST06088,MER00605,2024-10-21,86608.57,Fraud Suspected,Open
CB003493,,CUST02039,MER03715,2024-06-01,47405.95,Fraud Suspected,Under Review
CB003494,TXN003415,CUST00060,MER00437,2024-07-01,225.14,Unauthorized Transaction,Won
CB003495,TXN006872,CUST02996,MER05319,2024-12-25,53376.71,Duplicate Charge,Lost
CB003496,TXN008122,CUST06932,MER09767,2024-04-15,163.71,Fraud Suspected,Open
CB003497,TXN000701,CUST01090,MER05310,2024-10-04,25507.29,Unauthorized Transaction,Won
CB003498,TXN007426,CUST08444,MER00724,2024-06-07,8397.69,Fraud Suspected,Open
CB003499,TXN002711,CUST09733,MER08748,2024-12-26,13939.18,Service Not Received,Lost
CB003500,TXN009410,CUST02918,MER00019,2025-01-06,1474.59,Service Not Received,Open
CB003501,TXN006672,CUST07788,MER05775,2024-06-19,64066.85,Service Not Received,Won
CB003502,TXN000687,CUST03365,MER05643,2024-02-06,9059.47,,Open
CB003503,TXN003372,CUST04832,MER03918,2024-10-11,33.28,Fraud Suspected,Lost
CB003504,TXN002815,CUST02939,MER03259,2024-05-18,2453.52,Product Not Received,Won
CB003505,TXN005976,CUST08839,MER02742,2024-11-29,1637.45,Product Not Received,Under Review
CB003506,TXN009659,CUST08989,MER04827,2024-08-01,,Duplicate Charge,Under Review
CB003507,TXN000582,CUST04400,MER00744,2024-07-28,1644.87,Product Not Received,Under Review
CB003508,TXN005183,CUST08221,MER00688,2024-06-02,78937.22,Service Not Received,Open
CB003509,TXN007307,CUST03260,MER03077,2024-03-25,85025.89,Fraud Suspected,Won
CB003510,TXN008375,CUST08032,MER08539,2024-05-22,364.77,Unauthorized Transaction,Won
CB003511,TXN002429,CUST03744,MER03630,2024-07-20,,Product Not Received,
CB003512,TXN005528,CUST00013,MER04644,2025-01-21,6325.99,Product Not Received,Under Review
CB003513,TXN002739,CUST02988,MER05737,2024-04-09,697.79,Unauthorized Transaction,Won
CB003514,TXN002734,CUST06088,MER01194,2024-09-10,10963.64,Unauthorized Transaction,Won
CB003515,TXN009757,CUST00306,MER09652,2024-07-25,935.26,Fraud Suspected,Won
CB003516,TXN005604,CUST07637,MER09851,2024-08-28,90918.29,Product Not Received,Won
CB003517,TXN008248,CUST07164,MER08582,2024-02-25,48756.85,Fraud Suspected,Under Review
CB003518,TXN008715,CUST00655,MER09755,2025-01-15,4534.66,Duplicate Charge,Open
CB003519,TXN001163,CUST02627,MER09810,2024-11-26,592.26,Unauthorized Transaction,Under Review
CB003520,TXN005857,CUST07489,MER03769,2024-11-08,61248.07,Fraud Suspected,Won
CB003521,TXN000606,CUST09834,MER00333,2024-04-18,70.26,Service Not Received,Lost
CB003522,TXN005069,CUST09417,MER02068,2024-06-21,8224.61,Service Not Received,Lost
CB003523,TXN003722,CUST01972,MER06235,2024-10-29,38163.01,Unauthorized Transaction,Open
CB003524,TXN001547,CUST09162,MER05408,2024-08-07,46816.95,Product Not Received,Open
CB003525,TXN002499,CUST05546,MER01671,2024-06-14,81477.91,Product Not Received,Open
CB003526,TXN001894,CUST00448,MER07505,2024-06-12,15829.14,Unauthorized Transaction,Open
CB003527,TXN006757,CUST09215,MER07283,2024-08-23,36846.76,Duplicate Charge,Won
CB003528,TXN009619,CUST04854,MER09077,2024-03-06,,Product Not Received,Open
CB003529,TXN004439,CUST05161,MER06941,2024-12-22,64851.26,Unauthorized Transaction,Won
CB003530,TXN003358,CUST06415,MER04295,2024-11-12,95228.2,Unauthorized Transaction,Open
CB003531,TXN000078,CUST05768,MER00055,2024-11-03,1599.03,Service Not Received,Open
CB003532,TXN009067,CUST06427,MER01917,2024-11-28,1945.79,Duplicate Charge,Under Review
CB003533,TXN007297,CUST06017,MER00010,2024-09-01,1236.32,Duplicate Charge,Won
CB003534,TXN005733,CUST03706,MER06967,2024-11-08,9398.63,Service Not Received,Open
CB003535,TXN003109,CUST03792,MER07331,2024-11-07,409.62,Service Not Received,Open
CB003536,TXN001171,CUST07807,MER05402,2025-02-01,1086.36,Fraud Suspected,Under Review
CB003537,TXN002239,CUST04596,MER07777,2024-05-03,12142.45,Fraud Suspected,Won
CB003538,TXN007240,CUST08214,MER02131,2024-08-28,43005.4,Product Not Received,Won
CB003539,TXN004030,CUST03565,MER07744,2024-07-20,546.63,Product Not Received,Won
CB003540,TXN005886,CUST00398,MER02503,2024-12-06,929.25,Fraud Suspected,Under Review
CB003541,TXN006087,CUST08865,MER02503,2024-09-14,9423.88,Fraud Suspected,Under Review
CB003542,TXN003158,CUST01478,MER01581,2024-04-09,40024.55,Unauthorized Transaction,Lost
CB003543,TXN004608,CUST07663,MER07450,2024-07-07,6918.92,Service Not Received,Won
CB005737,,CUST09756,MER00825,2024-06-19,583.58,Duplicate Charge,Under Review
CB003545,TXN004034,CUST07205,,2024-08-07,25655.57,Fraud Suspected,Under Review
CB003546,TXN000280,CUST09645,MER09897,2025-01-13,41604.01,Duplicate Charge,Lost
CB003547,TXN001183,CUST09641,MER03811,2024-12-15,1863.79,Duplicate Charge,Under Review
CB003548,TXN006590,CUST09510,MER07144,2024-09-27,69748.14,Unauthorized Transaction,Won
CB003549,TXN001157,CUST07324,MER01492,2024-09-07,28433.53,Service Not Received,Open
CB003550,TXN000574,CUST00351,MER01955,2024-10-12,470.22,Service Not Received,Won
CB003551,TXN000079,CUST08606,MER07867,2024-07-11,1888.73,Duplicate Charge,Open
CB002558,TXN004387,CUST05201,MER05959,,46307.76,Product Not Received,Under Review
CB003553,TXN001333,CUST05892,MER06641,2024-09-10,44378.2,Product Not Received,Lost
CB003554,TXN002740,CUST08283,MER02272,2024-04-24,1295.54,Fraud Suspected,Won
CB003555,TXN006236,CUST03012,MER02844,2024-04-14,61202.66,Unauthorized Transaction,Won
CB003556,TXN004116,CUST01524,MER00086,2024-07-27,16186.78,Duplicate Charge,Won
CB003557,TXN002223,CUST06871,MER09675,2024-11-01,20525.48,Product Not Received,Open
CB003558,TXN003702,CUST02583,MER04634,2024-04-09,9896.49,Fraud Suspected,Lost
CB003559,TXN008276,CUST03457,MER03737,2025-02-05,14041.25,Service Not Received,Under Review
CB003560,TXN006363,CUST09349,MER05008,2024-05-01,1160.44,Duplicate Charge,Lost
CB003561,TXN000005,CUST04408,MER00136,2024-09-06,21972.34,Product Not Received,Open
CB003562,TXN007038,CUST08673,MER05318,2024-07-15,7568.7,Duplicate Charge,Open
CB003563,TXN007962,CUST05696,,2024-05-01,82777.78,Product Not Received,Open
CB003564,TXN006913,CUST02965,MER03504,2025-02-03,13849.7,Unauthorized Transaction,Under Review
CB003565,TXN006329,CUST09788,MER04434,2024-02-10,,Service Not Received,Lost
CB003566,TXN000596,CUST06729,MER04200,2024-04-27,1281.3,Fraud Suspected,Open
CB003567,TXN004222,CUST08520,MER08930,2024-12-27,10140.34,Fraud Suspected,Open
CB003568,TXN003071,CUST03027,MER08020,2024-03-17,21779.04,Fraud Suspected,Won
CB003569,TXN003835,CUST05582,MER09678,2024-01-31,261.49,Fraud Suspected,Open
CB003570,TXN008232,CUST01821,MER05274,2024-03-26,5772.76,Service Not Received,Open
CB003571,TXN004442,CUST06493,MER05533,2024-12-10,37339.3,Service Not Received,Under Review
CB003572,TXN001983,CUST00862,MER09095,2024-07-14,1383.36,Duplicate Charge,Under Review
CB003573,TXN003764,CUST05747,MER01318,2024-02-14,49905.91,Service Not Received,Won
CB003574,TXN001951,CUST02040,MER00402,2024-04-09,249.26,Unauthorized Transaction,Won
CB003575,TXN002658,CUST01715,MER08313,2024-03-19,76601.41,Fraud Suspected,Won
CB003576,TXN004736,CUST01623,MER08865,2024-06-12,8746.37,Service Not Received,Open
CB003577,TXN006003,CUST04638,MER08300,2024-03-01,45641.19,Unauthorized Transaction,Won
CB003578,TXN000443,CUST08281,MER01391,2025-01-01,46117.73,Product Not Received,Won
CB003579,TXN009924,CUST07672,MER01962,2024-10-30,19650.29,Duplicate Charge,Won
CB003580,TXN006335,CUST00337,MER07507,2024-05-15,588.73,Unauthorized Transaction,
CB003581,TXN005240,CUST08093,MER03877,2024-12-10,23950.26,Fraud Suspected,Won
CB003582,TXN008358,CUST02811,MER07988,2025-01-21,1202.21,Unauthorized Transaction,Lost
CB003583,TXN005803,CUST00532,MER01477,,5160.44,Duplicate Charge,Lost
CB003584,TXN005578,CUST08025,MER07180,2024-02-15,79564.62,Service Not Received,Lost
CB003585,TXN006508,CUST03902,MER08276,2024-03-23,166.15,Product Not Received,Lost
CB003586,TXN006742,CUST06098,MER09567,2024-02-05,1407.25,Duplicate Charge,Won
CB003587,TXN009731,CUST04994,MER04934,2025-02-15,5559.82,Product Not Received,
CB003588,TXN008878,CUST01016,MER05907,2024-02-03,59226.97,Fraud Suspected,Under Review
CB003589,TXN007706,CUST04601,MER04606,2024-02-29,95311.27,Duplicate Charge,Won
CB003590,TXN005127,CUST05937,MER03922,2024-05-13,N/A,Product Not Received,Under Review
CB003591,TXN004209,CUST06766,MER01973,2024-10-03,37860.35,Fraud Suspected,Won
CB003592,TXN000467,CUST00291,MER02106,2024-06-18,93597.83,Product Not Received,Lost
CB003593,TXN002819,CUST05980,MER07607,2025-01-23,68589.73,Unauthorized Transaction,Open
CB003594,TXN005954,CUST06365,MER09565,2024-11-17,72429.38,Product Not Received,Under Review
CB003595,TXN007419,CUST08431,MER06655,2024-05-22,911.88,Product Not Received,Under Review
CB003596,TXN005331,CUST00743,MER09185,2024-08-18,15224.78,Fraud Suspected,Open
CB003597,TXN005793,CUST01367,MER06847,2024-10-06,19326.66,Product Not Received,Under Review
CB003598,TXN002027,CUST00136,MER06918,2024-01-22,1689.42,Unauthorized Transaction,Open
CB003599,TXN001745,CUST08335,MER04498,2024-11-12,138.36,Fraud Suspected,Under Review
CB003600,TXN007707,CUST08336,MER05174,2025-02-06,34174.87,Product Not Received,Lost
CB003601,TXN004543,CUST03270,MER03973,2024-04-29,7431.89,Service Not Received,Open
CB003602,TXN007613,CUST05573,MER01770,2024-04-17,13561.92,Fraud Suspected,Lost
CB003603,TXN004017,CUST03902,MER03180,2024-09-16,948.27,Unauthorized Transaction,Lost
CB003604,TXN003766,CUST06632,MER03538,2025-01-12,5286.87,Fraud Suspected,Lost
CB003605,TXN003429,CUST08766,MER05030,2024-08-18,16378.01,Service Not Received,Under Review
CB003606,,CUST03971,MER03437,2024-07-16,15843.71,Duplicate Charge,Open
CB003607,,CUST01123,MER08903,2024-08-11,38057.92,Service Not Received,Under Review
CB003608,TXN004743,CUST00364,MER03076,2024-04-20,60932.56,Unauthorized Transaction,Under Review
CB003609,TXN004798,CUST07043,MER00221,2024-04-27,85996.73,Unauthorized Transaction,Open
CB003610,TXN002303,CUST06099,MER00749,2025-01-06,4167.25,Duplicate Charge,Open
CB003611,TXN002467,CUST05575,MER00692,2024-09-19,15841.83,Product Not Received,Under Review
CB003612,TXN002022,CUST03152,MER00417,2025-01-09,,Unauthorized Transaction,Under Review
CB003613,TXN006674,CUST01457,MER07122,2024-01-25,18368.96,Unauthorized Transaction,Lost
CB003614,TXN005554,CUST05779,MER02493,2025-01-04,76.07,Product Not Received,Lost
CB003615,TXN003221,CUST02115,MER02253,2024-01-31,823.47,Unauthorized Transaction,Under Review
CB003616,TXN001017,CUST03447,MER06977,2025-01-16,1755.29,Fraud Suspected,Under Review
CB003617,TXN007643,CUST02855,MER07432,2024-07-13,410.16,Product Not Received,Under Review
CB003618,TXN001382,CUST06707,MER04957,2024-02-23,8361.38,Fraud Suspected,Open
CB003619,TXN002615,CUST00560,MER02607,2024-12-10,82247.9,Fraud Suspected,Won
CB003620,TXN006812,CUST01290,MER08613,2024-02-19,112.32,Fraud Suspected,Under Review
CB003621,TXN009052,CUST09221,MER08273,2025-02-09,789.17,Service Not Received,Under Review
CB003622,TXN000086,CUST06647,MER04372,2024-10-30,69.02,Fraud Suspected,Open
CB003623,TXN002465,CUST02163,MER09787,2024-04-26,41834.1,Unauthorized Transaction,Open
CB003624,TXN008355,CUST03142,MER00638,2024-10-30,85766.79,Duplicate Charge,Open
CB003625,TXN001492,CUST02597,MER02946,2024-09-03,5113.11,Fraud Suspected,Won
CB003626,TXN007946,CUST08521,MER07744,2025-01-02,4756.83,Service Not Received,Won
CB003627,TXN004084,CUST04094,MER08598,2024-04-24,22692.08,Service Not Received,Lost
CB003628,TXN000332,CUST08345,MER06158,2024-01-29,49989.5,Fraud Suspected,Won
CB003629,TXN002573,CUST02492,MER01928,2024-05-24,34638.32,Service Not Received,Open
CB003630,TXN004797,CUST09962,MER05125,2024-08-25,18575.27,Unauthorized Transaction,Open
CB003631,TXN002536,CUST04467,MER00353,2024-04-05,57920.36,Product Not Received,Lost
CB003632,TXN001527,CUST00102,MER08251,2024-09-27,75882.58,Duplicate Charge,Open
CB003633,,CUST03352,MER05216,2024-12-29,993.22,Product Not Received,Won
CB003634,TXN005763,CUST07973,MER03984,2024-08-30,49236.02,Service Not Received,Open
CB003635,TXN002760,CUST06207,MER00273,2025-02-21,82689.66,Service Not Received,Open
CB003636,TXN001192,CUST03559,MER05110,2024-11-21,126.5,Duplicate Charge,Open
CB003637,TXN002559,CUST06819,MER06910,2024-03-12,5505.84,Fraud Suspected,Lost
CB003638,TXN000351,CUST03877,MER02969,2024-02-02,80702.4,Unauthorized Transaction,Lost
CB003639,TXN000260,,MER02101,2024-06-07,1073.3,Unauthorized Transaction,Open
CB003640,TXN002569,CUST02177,MER05781,2024-01-29,34684.73,Duplicate Charge,Under Review
CB003641,TXN003408,CUST03463,MER06793,2024-08-02,208.13,Fraud Suspected,Under Review
CB003642,TXN005280,CUST03700,MER00512,2024-02-18,1252.78,Fraud Suspected,Open
CB003643,TXN003415,CUST00060,MER00437,2024-06-28,225.14,Fraud Suspected,Open
CB003644,TXN004552,CUST05583,MER04329,2024-05-24,23473.13,Product Not Received,Won
CB003645,TXN009037,CUST04483,MER05770,2024-03-22,1557.18,Duplicate Charge,Under Review
CB003646,TXN002882,CUST06207,MER05256,2024-08-07,457.55,Service Not Received,Won
CB003647,TXN007793,CUST03090,MER06728,2024-06-06,520.8,Duplicate Charge,Under Review
CB003648,TXN003306,CUST09375,MER04964,2024-07-30,11750.19,Product Not Received,Won
CB003649,TXN005062,CUST03523,MER00855,2024-05-19,2179.93,Unauthorized Transaction,Under Review
CB003650,TXN009536,CUST05152,MER08047,2025-01-04,88817.34,Duplicate Charge,Open
CB003651,TXN009568,CUST06983,MER01646,2024-02-16,24610.1,Duplicate Charge,Won
CB003652,TXN009633,CUST02281,MER01763,2024-03-28,16387.89,Fraud Suspected,Under Review
CB003653,TXN006864,CUST06577,MER08466,2024-07-11,91341.44,Duplicate Charge,Open
CB003654,TXN003224,CUST05874,MER00783,2024-05-04,95348.02,Fraud Suspected,Under Review
CB003655,TXN009261,CUST09807,MER08209,2024-10-10,N/A,Product Not Received,Under Review
CB003656,TXN008887,CUST07369,MER09724,2024-05-12,3310.14,Product Not Received,Under Review
CB003657,TXN003373,CUST03512,MER05335,2024-06-15,59266.59,Product Not Received,Won
CB003658,TXN000803,CUST01743,MER06573,2024-07-29,14439.99,Service Not Received,Open
CB003659,TXN006794,CUST01404,MER00883,2024-11-08,1902.16,Duplicate Charge,Lost
CB003660,TXN004342,CUST05205,MER02123,2024-10-15,76974.3,Service Not Received,Open
CB003661,TXN007199,CUST03979,MER09284,2024-06-14,2066.3,Unauthorized Transaction,Lost
CB003662,TXN002575,CUST04253,MER00946,2024-04-01,20412.39,Fraud Suspected,Under Review
CB003663,TXN007128,CUST00951,MER04631,2024-12-30,204.93,Product Not Received,Open
CB003664,TXN006586,CUST07398,MER07252,2024-08-01,438.96,Fraud Suspected,Under Review
CB003665,TXN002603,CUST08190,MER01464,2024-03-03,,Fraud Suspected,Under Review
CB003666,TXN008793,CUST05505,MER07425,2024-10-18,16432.45,Duplicate Charge,Under Review
CB003667,TXN003220,CUST02744,MER00406,2024-04-30,35530.98,Unauthorized Transaction,Open
CB003668,TXN009890,CUST09270,MER02793,2024-06-02,19117.06,Service Not Received,Won
CB003669,TXN002030,CUST09103,MER04153,2024-04-02,2528.74,Duplicate Charge,Under Review
CB003670,TXN008827,CUST03954,MER06778,2024-11-15,12943.38,Unauthorized Transaction,Under Review
CB003671,TXN001592,CUST08673,MER01144,2024-12-26,2232.22,Fraud Suspected,Won
CB003672,TXN006095,CUST09071,MER02361,2024-07-20,97131.28,Duplicate Charge,Open
CB003673,TXN007403,CUST06132,MER00381,2024-04-07,3067.84,Service Not Received,Won
CB003674,TXN001113,CUST07951,MER02636,2024-05-28,15940.55,Duplicate Charge,
CB003675,TXN008894,CUST09240,MER06160,2025-01-09,50559.61,Duplicate Charge,Open
CB003676,TXN005758,CUST08216,MER02163,2024-10-12,7426.96,Service Not Received,Lost
CB003677,TXN006111,CUST03910,MER01289,2024-08-21,4858.49,Service Not Received,Open
CB003678,TXN009956,CUST06473,MER00022,2024-07-09,5135.41,Unauthorized Transaction,Open
CB003679,TXN008972,CUST00747,MER07741,2024-07-21,11439.59,Duplicate Charge,Won
CB003680,TXN003653,CUST09799,MER03501,2024-10-20,78622.73,Product Not Received,Open
,TXN008950,CUST04961,MER01434,2024-12-21,9250.4,Unauthorized Transaction,Under Review
CB004860,TXN003354,CUST04478,MER08990,2024-04-17,425.35,Duplicate Charge,Open
CB003683,TXN004922,CUST02016,MER08917,2024-06-05,8719.67,Duplicate Charge,Under Review
CB003684,TXN009370,CUST02698,MER03749,2024-06-12,12585.74,Service Not Received,Under Review
CB003685,TXN003695,CUST02714,MER08713,2024-10-16,12968.22,Product Not Received,Open
CB003686,TXN005479,CUST06081,MER00052,2024-07-12,518.32,Unauthorized Transaction,Lost
CB003687,TXN009201,CUST03565,MER00194,2024-06-02,5153.9,Service Not Received,Lost
,TXN001228,CUST04197,MER02597,2024-07-26,605.12,Unauthorized Transaction,Under Review
CB003689,TXN000056,CUST05559,MER05096,2024-07-24,71561.49,Duplicate Charge,Open
CB003690,TXN009001,CUST02788,MER07860,2024-10-18,7997.56,Product Not Received,Won
CB003691,TXN000317,CUST03021,MER02996,,65064.92,Product Not Received,Open
CB003692,TXN000393,CUST05827,MER01960,2024-04-20,1433.75,Fraud Suspected,Open
CB003693,TXN007602,CUST05167,MER02441,2024-07-20,2999.8,Unauthorized Transaction,Under Review
CB003694,TXN004498,CUST01360,MER04260,2024-11-29,5249.49,Service Not Received,Won
CB003695,TXN001769,CUST08194,MER03582,2024-10-07,60447.89,Duplicate Charge,Open
CB003696,TXN001758,CUST06904,MER04213,2024-10-07,1239.2,Unauthorized Transaction,Open
CB003697,TXN005911,CUST05473,MER01201,2024-10-11,14904.54,Service Not Received,Open
CB003698,TXN009212,CUST03431,,2024-11-28,49881.12,Service Not Received,Open
CB003699,TXN006522,CUST03322,MER05762,2024-07-21,8771.62,Product Not Received,Lost
CB003700,TXN000557,CUST09232,MER08109,2024-04-10,14529.1,Service Not Received,Won
CB003701,TXN001300,CUST00533,,2024-04-04,12544.32,Product Not Received,Under Review
CB003702,TXN008960,CUST06300,MER06541,,6255.55,Service Not Received,Lost
CB003703,TXN004658,CUST07111,MER09759,2024-09-08,,Duplicate Charge,Won
CB003704,TXN008241,CUST03267,MER02263,2025-01-03,16447.17,Product Not Received,Open
CB003705,TXN006919,CUST06031,MER03476,2024-08-24,1262.33,Service Not Received,Won
CB003706,TXN005286,CUST07027,MER04841,2024-01-12,6076.75,Fraud Suspected,Lost
CB003707,TXN007187,CUST02636,MER01025,2025-01-09,18512.07,Fraud Suspected,Won
CB003708,TXN001153,CUST07214,MER03389,2024-11-03,892.64,Service Not Received,Won
CB003709,TXN002716,CUST02714,MER07156,2024-12-13,77073.62,Product Not Received,Under Review
CB003710,TXN002948,CUST08449,MER07613,2024-04-04,10826.9,Product Not Received,Open
CB003711,TXN003732,CUST08080,MER08969,2024-05-16,1192.84,Product Not Received,Won
CB003712,TXN004766,CUST00804,MER01266,2024-08-24,31632.98,Duplicate Charge,Won
CB003713,TXN000644,CUST02904,MER06677,2024-06-27,421.69,Unauthorized Transaction,Under Review
CB003714,TXN000562,CUST09471,MER01035,2024-11-24,57001.83,,Open
CB003715,,CUST01986,MER02071,2025-01-07,25469.25,Duplicate Charge,Won
CB003716,TXN002408,CUST05491,MER08055,2024-02-18,7141.6,Product Not Received,Open
CB003717,TXN001325,CUST04399,MER02755,2024-03-22,90333.92,Product Not Received,Under Review
CB003718,TXN001335,CUST03969,MER01867,2024-04-14,20342.33,Duplicate Charge,Won
CB003719,TXN000439,CUST04651,MER00768,2024-07-24,95653.51,Product Not Received,Lost
CB003720,TXN005693,CUST05898,MER05415,2025-01-17,40650.42,Unauthorized Transaction,Open
CB003721,TXN007183,CUST09407,MER08517,2024-08-15,19253.01,Service Not Received,Open
CB003722,TXN005312,CUST03597,MER05094,2024-07-25,49375.73,Service Not Received,Open
CB003723,TXN008558,CUST07691,MER05394,2024-04-16,6373.15,Duplicate Charge,Open
CB003724,TXN007714,CUST08519,MER00942,2024-05-07,91677.81,Fraud Suspected,Under Review
CB003725,TXN009459,CUST05156,MER06149,2024-12-20,365.5,Unauthorized Transaction,Under Review
CB003726,TXN008062,CUST05480,MER05999,2024-01-30,16595.39,Duplicate Charge,Lost
CB003727,TXN007498,CUST01561,MER03341,2024-10-17,N/A,Product Not Received,Won
CB003728,TXN008058,CUST02283,MER00957,2024-11-05,29513.06,Unauthorized Transaction,Lost
CB003729,TXN009286,CUST08037,MER09514,2025-02-08,16918.7,Duplicate Charge,Under Review
CB003730,TXN000968,CUST01829,MER05698,2024-05-03,1142.02,Duplicate Charge,Won
CB003731,TXN002843,CUST04048,MER03201,2025-02-12,11329.01,Unauthorized Transaction,Lost
CB003732,TXN003159,CUST04924,MER05197,2024-08-25,949.98,Product Not Received,Under Review
CB003733,TXN002855,CUST04336,MER03437,2024-03-14,1879.07,Service Not Received,Lost
CB003734,TXN006567,CUST06915,MER03686,2024-05-27,10056.32,Product Not Received,Under Review
CB003735,TXN001238,CUST09301,MER08725,2024-06-25,21631.08,Fraud Suspected,Under Review
CB003736,TXN009747,CUST07227,MER02128,2024-01-15,,Duplicate Charge,Open
CB003737,TXN003242,CUST03052,MER06096,2024-04-12,34797.13,Duplicate Charge,Lost
CB003738,TXN006946,CUST07235,MER06568,2024-09-23,10692.14,Service Not Received,Under Review
CB003739,TXN005594,CUST03770,MER07507,2025-01-17,16139.72,Unauthorized Transaction,Won
CB003740,TXN007638,CUST09672,MER03358,2024-12-05,36417.68,Duplicate Charge,Under Review
CB003741,TXN005773,CUST00917,MER00028,2024-06-11,1984.35,Product Not Received,Open
CB003742,TXN009501,CUST02867,MER05709,2024-03-05,3117.15,Fraud Suspected,Open
CB003743,TXN008654,CUST04609,MER00663,2024-04-11,909.93,Service Not Received,Under Review
CB003744,TXN003516,CUST05617,MER01720,2024-04-24,866.76,Product Not Received,Won
CB003745,TXN005854,CUST08778,MER03262,2024-12-01,830.43,Unauthorized Transaction,Under Review
CB003746,TXN000538,CUST05891,MER06542,2024-05-23,33945.52,Fraud Suspected,Lost
CB003747,TXN007780,CUST06166,MER00481,2024-09-26,,Duplicate Charge,Won
CB003748,TXN000259,CUST09611,MER08425,2024-07-13,16448.02,Fraud Suspected,Won
CB003749,TXN001405,CUST04757,MER06627,2024-12-13,9373.22,Fraud Suspected,Won
CB003750,TXN007226,CUST04828,MER09054,2024-08-18,1461.36,Service Not Received,Under Review
CB003751,TXN003180,CUST09609,MER05651,2024-07-21,3349.72,Duplicate Charge,Under Review
CB003752,TXN001108,CUST02107,MER06910,2024-07-27,1338.58,Unauthorized Transaction,Lost
CB003753,TXN003047,CUST06861,MER03004,2024-02-15,450.82,Product Not Received,Open
CB005244,TXN001908,CUST05811,MER08910,2024-06-13,3728.58,Fraud Suspected,Lost
CB003755,TXN003981,CUST07315,MER09358,2024-05-27,86830.38,Service Not Received,Open
CB003756,TXN007730,CUST09509,MER05249,2024-05-16,92193.17,Fraud Suspected,Won
CB003757,TXN004796,CUST05682,MER08491,2024-12-09,58718.99,Fraud Suspected,Under Review
CB003758,TXN003046,CUST06503,MER05748,2024-04-09,4393.49,Fraud Suspected,Won
CB003759,TXN007608,CUST03482,MER09681,2024-05-24,21413.8,Duplicate Charge,Open
CB003760,TXN005579,CUST03334,MER09153,2024-10-21,62955.55,Unauthorized Transaction,Lost
CB003761,TXN007176,CUST05299,MER00851,2024-08-17,5082.31,Duplicate Charge,Under Review
CB003762,TXN001014,CUST02606,MER03576,2024-11-06,10849.19,Unauthorized Transaction,Open
CB003763,TXN002340,CUST00319,MER02715,2024-05-26,66820.62,Unauthorized Transaction,Open
CB003764,TXN008800,CUST02732,MER02238,2024-07-06,12356.51,Service Not Received,Open
CB003765,TXN008611,CUST03788,MER09339,2024-02-22,3549.7,Unauthorized Transaction,Won
CB003766,TXN001171,CUST07807,MER05402,2025-02-11,543.18,Product Not Received,Lost
CB003767,TXN006390,CUST09975,MER07332,2024-06-03,9317.24,Duplicate Charge,Lost
CB003768,TXN004642,CUST06524,MER04366,2024-04-29,800.06,Product Not Received,Open
CB003769,TXN006175,CUST02468,MER01930,2024-02-20,11699.5,Product Not Received,Lost
CB003770,TXN000515,CUST04215,MER08429,2024-11-24,1281.77,Product Not Received,Won
CB003771,TXN005276,CUST08793,MER07209,2024-09-09,36284.68,Service Not Received,Under Review
CB003772,TXN005777,CUST00525,MER09743,,14712.05,Unauthorized Transaction,Under Review
CB003773,TXN003083,CUST09982,MER07185,2024-07-12,2509.28,Fraud Suspected,Under Review
CB003774,TXN007926,CUST09641,MER03508,2024-09-01,34220.83,Unauthorized Transaction,Under Review
CB003775,TXN009584,CUST04469,MER09624,2024-02-09,35167.52,Duplicate Charge,Under Review
CB003776,,CUST06720,MER06583,2024-12-14,17481.24,Fraud Suspected,Open
CB003777,TXN001354,CUST06400,MER04821,2024-08-16,95604.44,Unauthorized Transaction,Won
CB003778,TXN007015,CUST09274,MER03191,2024-02-11,35290.5,Product Not Received,Won
CB003779,TXN007674,CUST04322,MER05161,2024-09-05,756.95,Fraud Suspected,Open
CB003780,TXN004027,CUST08499,MER05894,2024-10-20,569.57,Unauthorized Transaction,Open
CB003781,TXN007339,CUST05344,MER03303,2024-08-08,76868.14,Product Not Received,Won
CB003782,TXN002085,CUST09944,MER09378,2024-04-06,3564.36,Fraud Suspected,Open
CB003783,TXN005144,CUST08809,MER06768,2024-08-21,5530.64,Product Not Received,Open
CB003784,TXN007089,CUST00776,MER07650,2024-10-08,19852.11,Product Not Received,Lost
CB003785,TXN002820,CUST05576,MER02384,2024-08-04,871.85,Duplicate Charge,Lost
CB003786,TXN009958,CUST00146,MER04486,2024-04-30,3388.23,Product Not Received,
CB003787,TXN004723,CUST09211,MER03875,2024-04-14,1411.13,Unauthorized Transaction,Open
CB003788,TXN003465,CUST06113,MER05122,2024-03-25,843.8,Duplicate Charge,Under Review
CB003789,TXN004897,CUST03899,MER09953,2024-07-18,12609.94,Fraud Suspected,Open
CB003790,TXN001253,CUST02841,MER09538,2024-06-28,208.28,Service Not Received,Lost
CB003791,TXN002861,CUST06066,MER05169,2024-12-23,52280.18,Duplicate Charge,Won
CB003792,TXN005633,CUST08900,MER06642,2024-07-20,20794.34,Service Not Received,Under Review
CB003793,TXN005634,CUST04828,MER07275,2024-10-15,1004.89,Duplicate Charge,Under Review
CB003794,TXN004195,CUST07181,MER03815,2024-03-10,8737.64,Duplicate Charge,Won
CB003795,TXN000679,CUST03799,MER09473,2024-11-15,119.41,Duplicate Charge,Open
CB003796,UNKNOWN,CUST01246,MER09419,2024-04-24,17707.39,Duplicate Charge,Won
CB003797,TXN001063,CUST05635,MER00090,2024-01-16,1805.8,Fraud Suspected,Under Review
CB003798,TXN003615,CUST05211,MER06440,2025-01-15,N/A,Service Not Received,Lost
CB003799,TXN005927,CUST06250,MER00595,2024-05-30,4480.68,,Won
CB003800,TXN003068,CUST06823,MER03595,2024-07-16,2816.46,Unauthorized Transaction,Won
CB003801,TXN008478,CUST07583,MER00126,2024-07-31,3336.57,Unauthorized Transaction,Open
CB003802,TXN009923,CUST05934,MER04357,2025-02-10,76155.04,Product Not Received,Lost
CB007683,TXN000907,CUST09256,MER06254,2024-08-05,83211.21,Service Not Received,Won
CB003804,TXN005308,CUST07845,MER04692,2024-07-09,554.05,Fraud Suspected,Won
CB003805,TXN009892,CUST00493,MER05135,2024-09-10,7107.32,Product Not Received,Won
CB003806,TXN003666,CUST06433,MER01476,2025-01-10,41767.31,Fraud Suspected,Won
CB003807,TXN006622,,MER00188,,98576.76,Unauthorized Transaction,Lost
CB003808,TXN004555,CUST02076,MER08916,2024-12-17,88106.72,Unauthorized Transaction,Under Review
CB003809,TXN008176,CUST07399,MER08920,2025-01-24,1875.88,Product Not Received,Under Review
CB003810,TXN002701,CUST09452,MER07075,2024-07-04,2182.52,,Open
CB003811,TXN002724,CUST09651,MER06645,2024-10-02,1258.9,Unauthorized Transaction,Open
CB003812,TXN006773,CUST02578,MER04734,2024-12-11,1495.17,Duplicate Charge,Lost
CB000494,TXN004136,CUST06574,MER04129,2024-02-29,20058.41,Service Not Received,Lost
CB003814,TXN009118,CUST01880,MER07955,2024-02-04,553.13,Product Not Received,Won
CB003815,TXN008657,CUST04555,MER07023,2024-11-22,3781.0,Service Not Received,Under Review
CB003816,TXN003203,CUST03422,MER06780,2024-09-04,1661.29,Unauthorized Transaction,Under Review
CB003817,TXN004061,CUST04823,MER08435,2024-05-16,3388.58,Fraud Suspected,Lost
CB003818,TXN002867,CUST09966,MER07050,2024-10-29,1497.71,Fraud Suspected,Open
CB003819,TXN000634,CUST00169,MER06008,2024-06-08,3452.17,Unauthorized Transaction,Under Review
CB003820,TXN005631,CUST02231,MER09552,2024-11-09,676.94,Fraud Suspected,Open
CB003821,TXN004364,CUST01342,MER06857,2024-03-21,1108.64,Unauthorized Transaction,Under Review
CB003822,TXN004439,CUST05161,,2024-11-30,64851.26,Product Not Received,Lost
CB003823,TXN004833,CUST03177,MER07964,2024-09-19,269.67,Product Not Received,Open
CB003824,TXN000200,CUST05863,MER06895,2024-12-01,7343.76,Fraud Suspected,Open
CB003825,TXN004217,CUST04923,MER02199,2025-02-10,52778.13,,Open
CB003826,TXN005416,CUST05567,MER01913,2025-01-07,319.74,Fraud Suspected,Lost
CB003827,TXN009046,CUST06776,MER03327,2025-01-06,825.12,Duplicate Charge,Won
CB003828,TXN004520,CUST09133,MER02678,2025-01-07,307.07,Fraud Suspected,Open
CB003829,TXN004597,CUST09209,MER05859,2024-02-10,13270.22,Unauthorized Transaction,Open
CB003830,TXN009826,CUST05624,,2024-09-26,8107.94,Duplicate Charge,Open
CB003831,TXN006059,CUST06886,MER04911,2024-12-14,567.38,Product Not Received,Open
CB003832,TXN001877,CUST00155,MER04791,2024-08-19,9225.71,Service Not Received,Won
CB003833,TXN000454,CUST02174,MER07394,2024-12-07,347.74,Unauthorized Transaction,Under Review
CB003834,TXN001459,CUST00324,MER03641,2024-01-30,97515.06,Duplicate Charge,Open
CB003835,UNKNOWN,CUST05774,MER03609,2024-01-30,1747.74,Duplicate Charge,Won
CB003836,TXN005542,CUST04705,MER02645,2024-07-05,35037.39,Product Not Received,Won
CB003837,TXN005901,CUST02966,MER02639,2024-06-13,,Unauthorized Transaction,Lost
CB003838,TXN004610,CUST02986,MER01217,2024-12-11,31293.4,Service Not Received,Lost
CB003839,TXN004997,CUST00239,MER02184,2024-04-08,46601.83,Product Not Received,Open
CB003840,TXN006421,CUST06321,MER01614,2024-10-29,67957.12,Duplicate Charge,Open
CB003841,TXN006484,CUST01553,MER08520,2024-07-26,7315.28,Fraud Suspected,Under Review
CB003842,TXN000704,CUST00396,MER07053,2024-05-03,9909.13,Fraud Suspected,Won
CB003843,TXN002983,CUST07850,MER07298,2024-11-24,1882.58,,Open
CB003844,TXN001860,CUST02219,MER05666,2024-09-25,999.87,Unauthorized Transaction,
CB003845,TXN000766,CUST01176,,2024-05-05,18759.35,Product Not Received,Open
CB003846,TXN009091,CUST09460,MER02471,2024-12-29,655.1,Service Not Received,Open
CB003847,TXN006079,CUST00468,MER02770,2024-03-28,13973.7,Service Not Received,Open
CB003848,TXN003151,CUST00928,MER03875,2024-08-28,10428.73,Duplicate Charge,Under Review
CB003849,TXN007870,CUST01104,MER00985,2024-08-22,18779.21,Product Not Received,Open
CB003850,TXN000694,CUST09608,MER02506,2024-02-12,17365.54,Unauthorized Transaction,Open
CB003851,TXN008185,CUST01002,MER00951,2024-07-03,79156.11,Product Not Received,Won
CB003852,TXN009978,,MER08191,2024-03-01,38825.66,Unauthorized Transaction,Won
CB003853,TXN007547,CUST08182,MER03805,2024-06-22,1962.08,Service Not Received,Won
CB003854,TXN005185,CUST02754,MER07648,2024-03-22,16870.19,Fraud Suspected,Open
CB003855,TXN003710,CUST02937,MER09741,2024-12-08,991.14,Unauthorized Transaction,Open
CB003856,TXN006200,CUST03915,MER00113,2024-04-02,39307.04,Product Not Received,Lost
,TXN003653,CUST09799,,2024-11-15,78622.73,Service Not Received,Under Review
CB003858,TXN006955,CUST09109,MER09829,2024-10-17,31805.22,Fraud Suspected,Lost
CB003859,TXN006479,CUST04144,MER04979,2024-12-28,49239.22,Duplicate Charge,Open
CB003860,TXN005022,CUST07613,MER08950,2024-10-18,,Product Not Received,Under Review
CB003861,TXN009353,CUST05213,MER04824,2024-07-16,27098.7,Duplicate Charge,Under Review
CB003862,TXN007481,CUST05946,MER00730,2024-03-06,32544.58,Service Not Received,Lost
CB003863,TXN005285,,MER02121,2024-09-09,69365.7,Service Not Received,Won
CB003864,TXN007869,CUST00968,MER02162,2024-11-06,13772.81,Fraud Suspected,Won
CB003865,TXN000480,CUST06732,MER00424,2024-03-12,110807.61,Unauthorized Transaction,Lost
CB003866,TXN007666,CUST03038,MER06011,2024-07-12,5264.73,Product Not Received,Lost
CB003867,TXN007231,CUST09738,MER05294,2024-05-26,895.49,Unauthorized Transaction,Lost
CB003868,TXN008093,CUST04312,MER08943,2024-07-07,483.47,Product Not Received,Under Review
CB003869,TXN007160,CUST01183,MER05643,2024-03-14,24337.97,Service Not Received,Open
CB003870,TXN001637,CUST08966,MER09823,2024-10-16,1909.45,Service Not Received,Lost
CB003871,TXN001647,CUST09780,MER06567,2024-05-25,1383.51,Duplicate Charge,Open
CB003872,TXN005252,CUST07170,MER06618,2024-12-28,186.7,Unauthorized Transaction,Under Review
CB003873,TXN006150,CUST00364,MER08841,2024-10-04,19906.75,Fraud Suspected,Under Review
CB003874,TXN009129,CUST00894,MER01184,2024-05-19,930.05,Unauthorized Transaction,Open
CB003875,TXN002415,CUST00450,MER00647,2024-08-10,93032.96,Product Not Received,Won
CB003876,TXN006821,,MER05697,2024-11-30,860.42,Unauthorized Transaction,Lost
CB003877,TXN001078,CUST07482,MER02248,2024-07-19,324.43,Service Not Received,Won
CB003878,TXN004438,CUST08139,MER02751,2024-08-24,47326.54,Fraud Suspected,Won
CB003879,TXN001892,CUST00158,MER09594,2024-10-16,343.22,Service Not Received,Won
CB003880,TXN005828,CUST09711,MER09702,2024-08-26,11791.28,Duplicate Charge,Open
CB003881,TXN003770,CUST08720,UNKNOWN,2024-07-22,80243.79,Fraud Suspected,Open
CB003882,TXN001291,CUST07710,MER04908,2024-06-07,14547.52,Service Not Received,Under Review
CB003883,TXN009906,CUST03525,MER09571,2024-11-22,9142.54,Fraud Suspected,Open
CB003884,TXN008417,CUST09252,MER05608,2024-04-25,968.01,Unauthorized Transaction,Open
CB003885,TXN007413,CUST00794,MER09492,2024-02-29,20919.92,Unauthorized Transaction,Won
CB003886,TXN000068,CUST05691,MER06012,2024-04-22,9912.37,Service Not Received,Open
CB003887,TXN001753,CUST09427,MER09583,2024-04-10,11996.35,Unauthorized Transaction,Won
CB003888,TXN005196,CUST08709,MER05816,2024-11-09,651.17,Product Not Received,Open
CB003889,TXN001510,CUST09509,,2024-05-30,375.0,Fraud Suspected,Lost
CB003890,TXN007944,,MER06593,2024-04-28,29079.42,Duplicate Charge,Won
CB003891,TXN004319,CUST04817,MER02258,2024-10-08,41623.41,Unauthorized Transaction,Won
CB003892,TXN005353,CUST08771,MER06122,2024-09-18,55746.9,Service Not Received,Won
CB003893,TXN000065,CUST09269,MER09204,2024-12-18,60564.9,Service Not Received,Won
CB003894,TXN000519,CUST00564,MER00960,2024-09-18,97983.32,Service Not Received,Under Review
CB003895,TXN002646,,MER09248,2024-04-13,547.71,Unauthorized Transaction,Under Review
CB003896,TXN003244,CUST01743,MER07855,2025-01-05,116.3,Product Not Received,Open
CB003897,TXN007314,CUST06069,MER02144,2024-06-14,816.58,Fraud Suspected,Under Review
CB003898,TXN002275,CUST00791,MER02150,2024-10-23,13929.26,Service Not Received,Open
CB003899,TXN004583,CUST09211,MER04320,2024-10-16,67162.67,Service Not Received,Open
CB003900,TXN006318,CUST06910,MER02346,2024-06-30,19822.96,Product Not Received,Under Review
CB003901,TXN007526,CUST04880,MER08868,2024-11-28,66515.08,Duplicate Charge,Open
CB003902,TXN009886,CUST06896,MER08540,2025-01-20,4058.69,Product Not Received,Open
CB003903,TXN006893,CUST03872,MER06340,2024-10-02,63381.92,Service Not Received,Won
CB003904,TXN002889,CUST01679,MER03271,2024-03-06,1039.17,Fraud Suspected,Lost
CB003905,TXN002755,CUST01840,MER09402,2025-01-03,10970.69,Unauthorized Transaction,Lost
CB003906,TXN004025,CUST09803,MER06850,2024-10-16,1218.95,Service Not Received,Open
CB003907,TXN001714,CUST03806,MER04453,2024-11-07,95000.68,Unauthorized Transaction,Under Review
CB003908,TXN007439,CUST06560,MER08919,2024-02-20,40790.22,Service Not Received,Under Review
CB003909,TXN007826,CUST05451,MER02213,2024-02-06,3658.6,Unauthorized Transaction,Under Review
CB003910,TXN009221,CUST05326,MER08081,2024-07-09,90549.06,Unauthorized Transaction,Under Review
CB003911,TXN000741,CUST07319,MER09195,2025-01-16,5769.06,Service Not Received,Open
CB003912,TXN008140,CUST01573,MER07827,2024-09-18,26390.36,Service Not Received,Won
CB003913,TXN001023,CUST08131,MER03929,2025-01-23,21488.61,Product Not Received,Won
CB003914,TXN001671,CUST06555,MER08909,2024-06-05,1055.78,Duplicate Charge,Open
CB003915,TXN001591,CUST08765,MER07874,2024-09-09,70109.39,Fraud Suspected,Open
CB003916,TXN001504,CUST04223,MER03384,2024-04-26,3733.65,,Open
CB003917,TXN007242,CUST06808,MER00612,2024-03-20,25303.59,Unauthorized Transaction,Open
CB003918,TXN007827,CUST09773,MER07525,2024-12-10,708.88,Service Not Received,
CB003919,TXN003453,CUST06121,MER09227,2024-07-08,31936.98,Fraud Suspected,Under Review
CB003920,TXN008924,CUST09224,MER08102,2024-09-24,98460.92,Fraud Suspected,Open
CB003921,TXN000592,CUST00993,MER07275,2024-08-15,1656.4,Product Not Received,Lost
CB003922,TXN006886,CUST08282,MER02097,2024-11-06,18770.89,Duplicate Charge,Open
CB003923,TXN001474,CUST04493,MER08473,2024-12-21,97131.52,Duplicate Charge,Under Review
CB003924,TXN002490,CUST06354,MER09272,2024-05-09,1443.25,Duplicate Charge,Won
CB003925,TXN006578,CUST08644,MER05877,2024-05-12,1493.88,Unauthorized Transaction,Won
CB003926,TXN000305,CUST08630,MER03242,2024-12-24,414.68,Service Not Received,Open
CB003927,TXN002866,CUST02356,MER00613,2024-05-10,62975.96,Unauthorized Transaction,Won
CB003928,,CUST06962,MER08740,2024-08-12,51.58,Service Not Received,Open
CB003929,TXN000965,CUST02788,MER03706,2024-04-11,5032.86,,Under Review
CB003930,TXN006001,CUST05669,,2024-09-19,11028.45,Fraud Suspected,Open
CB003931,TXN005971,CUST03346,MER00790,2024-07-16,854.21,Product Not Received,Lost
CB003932,TXN005213,CUST09064,MER08873,2024-05-16,2779.34,Unauthorized Transaction,Open
CB003933,TXN008128,CUST04862,MER00236,2024-11-21,54621.32,Product Not Received,Lost
CB003934,TXN004899,CUST06687,MER01735,2024-06-23,48503.4,,Open
CB003935,TXN009528,CUST08372,MER09620,2024-05-14,2163.68,Unauthorized Transaction,Under Review
CB003936,TXN009345,CUST01106,MER07996,2024-09-21,2696.53,Duplicate Charge,Open
CB003937,TXN002435,CUST05834,MER03843,2024-08-19,14073.59,Duplicate Charge,Under Review
CB003938,TXN002981,CUST04255,MER08088,2024-12-20,647.39,Service Not Received,Won
CB003939,TXN004406,CUST08081,MER07255,2024-07-30,21893.85,Duplicate Charge,Won
CB003940,TXN001197,CUST07350,MER08252,2024-09-02,1318.45,Duplicate Charge,Open
CB003941,TXN002302,CUST09839,MER08283,2024-01-22,238.13,Unauthorized Transaction,Open
CB003942,TXN001010,CUST01013,MER09874,2024-06-15,93716.53,Fraud Suspected,Won
CB003943,TXN008972,UNKNOWN,MER07741,2024-07-27,11439.59,Duplicate Charge,Won
CB003944,TXN008148,CUST08038,MER05159,2024-03-02,322.58,Duplicate Charge,Won
CB003945,TXN008140,CUST01573,MER07827,2024-08-30,26390.36,Fraud Suspected,Lost
CB003946,TXN004236,CUST04735,MER05933,2024-06-30,14355.89,Product Not Received,Lost
CB003947,TXN001973,CUST01126,MER05384,2024-12-16,41124.76,Service Not Received,Won
CB003948,TXN004828,CUST08222,MER04241,2024-04-03,17393.14,Unauthorized Transaction,Lost
CB003949,TXN001501,CUST09419,MER01883,2024-06-25,10709.51,Unauthorized Transaction,Lost
CB003950,TXN007000,CUST08085,MER08910,2025-01-06,6784.11,Fraud Suspected,Won
CB003951,TXN005874,CUST04381,MER01465,2024-02-09,1749.0,Duplicate Charge,Won
CB003952,TXN000335,CUST09776,MER08208,2024-09-06,56287.39,Unauthorized Transaction,Under Review
CB003953,TXN006745,CUST00031,MER00140,2024-04-07,1294.56,Fraud Suspected,Under Review
CB003954,TXN002720,CUST08589,MER06540,2024-02-27,937.56,Service Not Received,Lost
CB003955,TXN006194,CUST03626,MER02830,2024-09-18,2256.27,Service Not Received,Under Review
CB003956,TXN007851,CUST01541,MER02322,2024-02-09,27277.55,Fraud Suspected,Won
CB003957,TXN001878,CUST01999,MER09295,2025-02-02,51999.67,Unauthorized Transaction,Lost
CB003958,TXN007613,CUST05573,,2024-03-09,11792.97,Service Not Received,Open
CB003959,TXN005036,CUST02424,MER00612,2024-12-26,17296.14,Product Not Received,Lost
CB003960,TXN006594,CUST05921,MER02425,2024-04-08,7835.57,Service Not Received,Under Review
CB003961,TXN007831,CUST08498,MER09488,2024-10-07,1208.86,Unauthorized Transaction,Lost
CB003962,TXN005563,CUST00444,MER09185,2024-09-19,764.74,Unauthorized Transaction,Lost
CB003963,TXN008363,CUST03086,MER07878,2024-09-29,78105.58,Service Not Received,Lost
CB003964,,CUST07171,MER08345,2024-08-19,22091.01,Product Not Received,Open
CB003965,TXN005293,CUST05262,MER08872,2024-04-16,2128.45,Duplicate Charge,Won
CB003966,TXN008275,CUST06615,MER07168,2024-09-16,33512.36,Product Not Received,Open
CB003967,TXN005925,CUST01053,MER07405,2024-02-08,19583.93,Product Not Received,Under Review
CB003968,TXN001373,CUST06141,MER06892,2024-12-12,24021.18,Unauthorized Transaction,Open
CB003969,TXN003319,CUST08595,MER08981,2024-11-18,661.86,Product Not Received,Won
CB003970,TXN008327,CUST08272,MER08658,2024-07-23,2011.27,Service Not Received,Lost
CB003971,TXN006293,CUST07279,MER03631,2024-07-02,14416.51,Duplicate Charge,Open
CB003972,TXN003264,CUST08635,MER09088,2024-11-26,17010.35,Product Not Received,Lost
CB003973,TXN006955,CUST09109,MER09829,2024-10-11,31805.22,Duplicate Charge,Lost
CB003974,TXN000613,CUST01433,MER00074,2024-06-08,975.19,Unauthorized Transaction,Lost
CB003975,TXN009631,CUST04757,MER07385,2024-10-25,6920.25,Service Not Received,Open
CB003976,TXN003954,CUST07187,MER01786,2024-05-03,14636.5,Fraud Suspected,Open
CB003977,TXN004962,CUST08584,MER08080,2024-02-28,366.48,Service Not Received,Under Review
CB003978,TXN008450,CUST04404,MER06418,2024-04-08,1183.54,Duplicate Charge,Under Review
CB003979,TXN006251,CUST06868,MER01318,2024-06-06,3427.87,Product Not Received,Open
CB003980,TXN005938,CUST04951,MER08296,2024-05-23,9682.24,Product Not Received,Open
CB003981,TXN005886,CUST00398,MER02503,2024-11-24,464.62,Fraud Suspected,Lost
CB003982,TXN002932,CUST01142,MER05534,2024-04-24,2930.9,Service Not Received,Open
CB003983,TXN009623,CUST04894,MER02976,2024-12-11,35747.5,Unauthorized Transaction,Under Review
CB003984,TXN001134,CUST09242,MER03389,2024-07-27,2183.38,Unauthorized Transaction,Under Review
CB003985,TXN001366,CUST07675,MER00032,2024-11-06,1414.13,Service Not Received,Open
CB003986,TXN008339,CUST01447,MER07197,2024-04-04,5431.79,Product Not Received,Under Review
CB003987,TXN000267,CUST08418,MER05229,2024-09-03,570.15,Duplicate Charge,Won
CB003988,TXN004789,CUST03272,MER01032,2024-06-25,15430.82,Fraud Suspected,Won
CB003989,TXN002004,CUST00968,MER03556,2024-07-06,58630.04,Service Not Received,Open
CB003990,TXN006170,CUST07321,MER04939,2024-10-16,4548.52,Unauthorized Transaction,Under Review
CB003991,TXN007687,CUST04958,MER05749,2024-04-28,21902.28,Service Not Received,Open
CB003992,TXN003483,CUST02299,MER03656,2024-03-18,9423.31,Unauthorized Transaction,Lost
CB003993,TXN000406,CUST02317,MER03756,2024-11-06,8193.2,Product Not Received,Won
CB003994,TXN003601,CUST09163,MER02640,2024-07-19,1718.33,Unauthorized Transaction,Won
CB003995,TXN007774,CUST03901,MER04670,2024-05-29,65052.5,Product Not Received,Won
CB003996,TXN003323,CUST03207,MER09925,2024-02-26,69765.01,Unauthorized Transaction,Won
CB003997,TXN008233,CUST00261,MER01058,2024-02-15,1907.28,Unauthorized Transaction,Open
CB003998,TXN001152,CUST02011,MER00821,2024-02-06,19519.58,Fraud Suspected,Won
CB003999,TXN006596,CUST02981,MER06473,2024-04-13,616.05,Unauthorized Transaction,Under Review
,TXN000468,CUST03910,MER01319,,107311.43,Duplicate Charge,Won
CB004001,TXN003516,CUST05617,MER01720,2024-04-25,1993.55,Service Not Received,Won
CB004002,TXN006866,CUST02716,MER09604,2024-03-20,12746.1,Unauthorized Transaction,Won
CB004003,TXN007194,CUST06086,MER04995,2024-11-04,2435.63,Service Not Received,Open
CB004004,TXN006423,CUST02546,,2024-09-13,N/A,Service Not Received,Open
CB004005,,CUST06299,MER00843,2024-05-30,11884.63,Unauthorized Transaction,Open
CB004006,,CUST04432,MER07753,2025-01-08,1205.56,Service Not Received,Open
CB004007,TXN003133,CUST03972,MER09720,2024-02-18,8700.27,Unauthorized Transaction,Open
CB004008,TXN004966,CUST05926,MER09673,2024-09-08,34699.75,Fraud Suspected,Lost
CB004009,TXN004860,CUST06084,MER01724,2024-07-04,207.84,Unauthorized Transaction,Open
CB004010,TXN003193,CUST03045,MER04110,2024-10-11,29287.04,Unauthorized Transaction,Under Review
CB004011,TXN005215,CUST00011,MER08616,2024-05-04,1540.26,Product Not Received,Open
CB004012,TXN004988,CUST02472,MER03694,2025-02-09,18953.43,Duplicate Charge,Under Review
CB004013,TXN009772,CUST05610,MER04249,2024-10-20,951.1,Fraud Suspected,Open
CB004014,TXN000699,CUST06865,MER08283,2024-07-27,7922.72,Service Not Received,Open
CB004015,TXN002142,CUST01347,MER07161,2024-02-25,16923.43,Product Not Received,Under Review
CB004016,TXN009721,CUST05648,MER03661,2024-05-24,1545.19,Service Not Received,Lost
CB004017,TXN002230,CUST02129,MER07302,2025-01-08,8861.22,Product Not Received,Under Review
CB004018,TXN003444,CUST03503,MER02868,2024-03-06,2124.36,Unauthorized Transaction,Under Review
CB004019,TXN006695,CUST03786,MER08346,2024-10-09,52315.37,Unauthorized Transaction,Under Review
CB006707,TXN009922,CUST09148,MER07210,2024-03-20,16651.79,Duplicate Charge,Open
CB004021,TXN009066,CUST08032,MER07352,2024-05-28,62771.84,,Open
CB004022,TXN004274,CUST06113,MER09284,2024-09-20,25546.27,Unauthorized Transaction,Lost
CB004023,TXN003093,CUST00586,MER08833,2024-09-17,14868.6,Duplicate Charge,Won
CB004024,TXN001314,CUST02905,MER07034,2024-06-29,1883.54,Fraud Suspected,Won
CB004025,TXN003229,CUST06667,MER05641,2024-12-06,29216.62,Duplicate Charge,Won
CB004026,TXN001952,CUST01007,MER03863,2024-03-26,16488.71,Service Not Received,Lost
CB004027,TXN004301,CUST06598,MER05511,2024-10-19,1236.67,Unauthorized Transaction,Lost
CB004028,TXN001245,CUST01923,MER02127,2024-10-28,82273.67,Fraud Suspected,Won
CB004029,TXN005326,CUST09989,MER05472,2025-01-10,5602.24,Duplicate Charge,Under Review
CB004030,TXN009837,CUST05486,MER08717,2024-01-13,27766.24,Service Not Received,Open
CB004031,TXN009593,CUST07208,MER04520,2024-02-29,3771.75,Fraud Suspected,Open
CB004032,TXN005296,CUST04202,MER06937,2024-06-22,32030.73,Fraud Suspected,Lost
CB004033,TXN003508,CUST05938,MER01731,2024-05-18,39801.5,Product Not Received,Lost
CB004034,TXN002334,CUST04624,MER02019,2024-02-07,21750.06,Service Not Received,Under Review
CB004035,TXN008452,CUST03739,MER04969,2024-03-28,15513.23,Fraud Suspected,Won
CB004036,TXN003417,CUST00374,MER08435,2024-03-15,3304.81,Unauthorized Transaction,Under Review
CB004037,TXN003164,CUST08605,MER06217,2025-01-22,60613.36,Service Not Received,Won
CB004038,TXN006684,CUST03064,MER04573,2024-12-04,17067.06,Service Not Received,Open
CB004039,TXN009999,CUST06966,MER03142,2024-07-01,58941.26,Duplicate Charge,Lost
CB004040,TXN008939,CUST03350,MER06722,2024-04-09,29606.42,Product Not Received,Open
CB004041,TXN005645,,MER06260,2024-05-14,21038.03,Product Not Received,Under Review
CB004042,TXN004615,CUST01028,MER09471,2024-07-19,346.06,Service Not Received,Open
CB004043,TXN005043,CUST02477,MER02062,2024-05-25,74846.76,Service Not Received,Lost
CB004044,TXN009259,CUST09270,MER00761,2024-07-18,45486.91,Unauthorized Transaction,Under Review
CB004045,TXN008708,CUST05412,MER06750,2024-11-27,38492.32,Fraud Suspected,Lost
CB004046,TXN005894,CUST07770,MER07213,2024-11-24,883.78,Service Not Received,Won
CB004047,TXN000896,CUST04444,MER04361,2024-07-26,3919.73,Duplicate Charge,Lost
CB004048,TXN003051,CUST09739,MER07015,2024-03-22,536.36,Service Not Received,Lost
CB004049,TXN003706,CUST00938,MER06144,2024-09-07,289.82,Duplicate Charge,Open
CB004050,TXN009654,CUST04203,MER05608,2024-07-10,14721.84,Fraud Suspected,Open
CB004051,TXN003445,CUST04814,MER05283,2024-09-13,1664.84,Unauthorized Transaction,Won
CB004052,TXN005768,CUST04385,MER08055,2024-08-10,28895.85,Duplicate Charge,Won
CB004053,TXN002191,CUST05481,MER05792,2024-12-01,2150.14,Fraud Suspected,Won
CB004054,TXN001020,CUST04235,MER05777,2024-10-04,4228.6,Fraud Suspected,Under Review
CB004055,TXN004235,CUST07972,MER06766,2024-09-29,1531.01,Service Not Received,Lost
CB004056,TXN003125,CUST02091,MER05110,2024-10-04,137.19,Fraud Suspected,Lost
CB004057,TXN003007,CUST06411,MER02797,2024-02-27,40080.82,Product Not Received,Won
CB004058,TXN000149,CUST05901,MER08517,2024-06-20,10096.62,Product Not Received,Won
CB004059,TXN001198,CUST07952,MER01677,2024-11-21,16929.21,Product Not Received,Open
CB004060,TXN000171,,MER08960,2024-07-19,814.82,Fraud Suspected,Won
CB004061,TXN004817,CUST06828,MER08422,2024-05-07,2935.92,Duplicate Charge,Won
CB004062,TXN001504,CUST04223,MER03384,2024-05-20,4293.7,Unauthorized Transaction,Under Review
CB004063,TXN002315,CUST07299,MER03220,2024-01-16,1123.26,Unauthorized Transaction,Lost
CB004064,TXN009405,CUST01494,MER05147,2024-06-19,1360.91,Product Not Received,Lost
CB002870,TXN005341,CUST07830,MER09981,2024-04-29,12137.34,Unauthorized Transaction,Under Review
CB004066,TXN009416,CUST07401,MER02713,2024-04-19,1046.02,Duplicate Charge,Open
CB004067,TXN001648,CUST06698,MER03351,2024-12-03,33693.24,Unauthorized Transaction,Under Review
CB004068,TXN000324,CUST02720,MER01783,2025-01-19,29.26,Product Not Received,Won
CB004069,TXN001889,CUST07328,MER07825,2024-09-24,381.67,Duplicate Charge,Open
CB004070,TXN006796,CUST00614,MER06783,2024-11-08,668.91,Fraud Suspected,Under Review
CB004071,TXN004873,CUST03730,MER00569,2024-10-18,7492.6,Unauthorized Transaction,Under Review
CB004072,TXN002457,CUST06148,MER04272,2024-08-07,19268.25,Unauthorized Transaction,Lost
CB004073,TXN006084,CUST01320,MER01883,2024-09-03,2377.56,Unauthorized Transaction,Lost
CB004074,TXN005545,CUST05288,MER02928,2024-09-13,8924.09,Fraud Suspected,Under Review
CB004075,TXN004080,CUST06874,MER02068,2024-03-15,96695.91,Duplicate Charge,Open
CB004076,TXN009103,CUST09088,MER01081,2024-11-29,15532.04,Service Not Received,Lost
CB004077,TXN002164,CUST01288,MER05190,2024-02-10,8620.2,Fraud Suspected,Under Review
CB004078,TXN007307,CUST03260,MER03077,2024-02-14,36967.78,Unauthorized Transaction,Open
CB004079,TXN009911,CUST02777,MER00918,2024-10-27,17581.08,Duplicate Charge,Under Review
CB004080,TXN000495,CUST00545,MER00672,2024-06-08,94963.5,Service Not Received,Open
CB004081,TXN006322,CUST06575,MER01833,2024-03-29,101198.76,Unauthorized Transaction,Won
CB004082,TXN001608,CUST07352,MER08297,2024-03-25,13942.51,Unauthorized Transaction,Under Review
CB004083,TXN003138,CUST04328,MER03960,,34142.09,Product Not Received,Open
CB004084,TXN001379,CUST05213,MER03526,2024-10-03,88336.71,Product Not Received,Won
CB004085,TXN004479,CUST03336,MER05678,2024-02-13,37506.49,Service Not Received,Open
CB004086,TXN002986,CUST08955,MER06320,2024-08-10,703.9,Unauthorized Transaction,Open
CB004087,TXN005091,CUST09092,MER09538,2024-12-28,267.48,Unauthorized Transaction,Won
CB004088,TXN000679,CUST03799,MER09473,2024-10-21,119.41,Service Not Received,Under Review
CB004089,TXN009419,CUST02383,MER06758,2025-01-17,9834.22,Product Not Received,Open
CB004090,TXN008571,CUST02230,MER03283,2024-04-25,1487.75,Fraud Suspected,Under Review
CB004091,TXN001129,CUST09191,MER07682,2024-09-20,8089.05,Duplicate Charge,Under Review
CB004092,TXN002372,CUST03132,MER07537,2024-09-07,27973.34,,Lost
CB004093,TXN005513,CUST06723,MER04257,2024-09-26,35524.03,Service Not Received,Under Review
CB004094,TXN005431,CUST05349,MER04506,2024-02-16,595.89,Product Not Received,Won
CB004095,TXN000520,CUST08124,MER02913,2024-09-15,41715.3,Unauthorized Transaction,Won
CB004096,TXN003291,CUST05239,MER02964,2024-06-05,42974.32,Unauthorized Transaction,Open
CB004097,TXN009848,CUST00146,MER07202,2025-01-28,2032.54,Duplicate Charge,Under Review
CB004098,TXN005332,CUST00745,MER01825,2024-03-03,14295.71,Duplicate Charge,Won
CB004099,TXN003210,CUST01313,MER08616,2024-11-08,1269.51,Product Not Received,Under Review
CB004100,TXN000794,CUST09509,MER06079,2024-05-17,16410.43,Duplicate Charge,Open
CB004101,TXN001530,CUST06650,MER08480,2024-08-20,98961.55,Fraud Suspected,Under Review
CB004102,TXN003052,CUST06125,MER06853,2024-11-12,45385.2,Service Not Received,Won
CB004103,TXN007419,CUST08431,MER06655,2024-04-22,396.47,Unauthorized Transaction,Lost
CB004104,TXN001282,CUST06358,MER07079,2024-02-19,1296.5,Unauthorized Transaction,Lost
CB004105,TXN007003,CUST03733,MER02914,2024-12-14,42654.67,Duplicate Charge,Under Review
CB004106,TXN003328,,MER07105,2024-12-05,30554.61,Duplicate Charge,Won
CB004107,TXN003906,CUST00315,MER07324,2024-10-30,16146.29,Product Not Received,Lost
CB004108,TXN008976,CUST03787,MER01631,2024-06-26,1087.91,Unauthorized Transaction,Under Review
CB004109,TXN001119,CUST00231,MER05440,2024-08-13,1432.1,Duplicate Charge,Open
CB004110,TXN009771,CUST05839,MER08804,2024-08-22,956.9,Unauthorized Transaction,Lost
CB004111,TXN007227,CUST02759,MER03805,2024-11-08,92095.43,Duplicate Charge,Won
CB004112,TXN005782,CUST02057,MER03285,2024-11-08,40622.3,Fraud Suspected,Won
CB004113,TXN005314,CUST05993,MER02104,2024-04-26,88964.53,Duplicate Charge,Open
CB004114,TXN005579,CUST03334,MER09153,2024-10-16,27371.98,Unauthorized Transaction,Open
CB004115,TXN005332,CUST00745,MER01825,2024-03-07,7147.86,Unauthorized Transaction,Lost
CB004116,TXN004889,CUST06358,MER09415,2024-07-27,31678.9,Duplicate Charge,Open
CB004117,TXN001417,CUST09029,MER08105,2024-08-13,6502.95,Duplicate Charge,Won
CB004118,TXN006142,CUST09865,MER08910,2024-07-11,4795.77,Unauthorized Transaction,Under Review
CB004119,TXN009145,CUST07054,MER03239,2024-09-17,N/A,Service Not Received,Open
CB004120,TXN005420,CUST03257,MER01650,2024-10-16,1030.16,Service Not Received,Won
CB004121,TXN000430,CUST04763,MER04843,2024-09-03,1783.44,Product Not Received,Under Review
CB004122,TXN009307,CUST03479,MER06471,2024-10-28,104124.52,Fraud Suspected,Open
CB004123,TXN007769,CUST00680,MER00731,2024-12-22,15476.64,Service Not Received,Lost
CB004124,TXN003023,CUST08969,MER05164,2024-05-28,261.27,Unauthorized Transaction,Open
CB004125,TXN000769,CUST08840,MER04692,2024-02-12,1143.62,Duplicate Charge,Lost
CB004126,TXN000777,CUST01770,MER03288,2024-05-20,39155.9,Product Not Received,Under Review
CB004127,TXN007942,CUST01486,MER08922,2024-07-07,108157.28,Fraud Suspected,Open
CB004128,TXN004570,CUST09093,MER03677,2024-02-03,13190.33,Product Not Received,Open
CB004129,TXN004790,CUST03613,MER07018,2024-02-26,N/A,Product Not Received,Open
CB004130,TXN000760,CUST06639,MER05654,2024-04-23,59886.08,Fraud Suspected,Won
CB004131,TXN000379,CUST07662,MER03982,,15288.97,Fraud Suspected,Open
CB005775,TXN008896,CUST07253,MER07990,2024-11-04,990.61,Duplicate Charge,Won
CB004133,TXN009969,CUST07804,MER04224,2024-04-13,933.48,Product Not Received,Open
CB004134,TXN002858,CUST03291,MER01748,2025-01-03,25832.87,Duplicate Charge,Won
CB004135,TXN008493,CUST04796,MER00542,2024-06-22,208.11,Service Not Received,Open
CB004136,TXN003857,CUST08104,MER06266,2025-01-27,83660.6,Duplicate Charge,Lost
CB004137,TXN003081,CUST07740,MER05852,2024-10-06,66337.57,Fraud Suspected,Lost
CB004138,TXN001842,CUST06601,MER05967,2024-02-25,19136.04,Fraud Suspected,Open
CB004139,TXN007592,CUST00186,MER00929,2024-08-23,4668.2,Duplicate Charge,Won
CB004140,TXN000806,CUST08784,MER03403,2024-03-22,1668.73,Fraud Suspected,Lost
CB004141,TXN007345,CUST00532,MER09278,2024-06-29,5417.3,Fraud Suspected,Under Review
CB004142,TXN002793,,MER03850,2024-09-25,161.62,Unauthorized Transaction,Won
CB004143,TXN003948,CUST02518,MER03389,2024-04-15,1369.3,Unauthorized Transaction,Under Review
CB004144,TXN004898,CUST02841,MER09498,2024-09-28,67331.24,Service Not Received,Lost
CB004145,TXN005501,CUST04017,MER07280,2024-07-01,56539.6,Unauthorized Transaction,Won
CB004146,TXN002784,CUST08941,MER05939,2024-04-11,49903.17,Service Not Received,Under Review
CB004147,TXN002065,CUST06824,MER07104,2024-07-24,1336.02,Unauthorized Transaction,Open
CB004148,TXN004010,CUST01945,MER02764,2025-01-29,17589.95,Duplicate Charge,Under Review
CB004149,TXN007766,CUST01026,MER02479,2024-09-12,N/A,Duplicate Charge,Open
CB004150,TXN008822,CUST00476,MER01788,2024-12-04,31933.76,Duplicate Charge,Open
CB004151,TXN009586,CUST09007,MER04919,2024-05-27,17848.84,Service Not Received,Won
CB004152,TXN005773,CUST00917,MER00028,2024-06-25,1984.35,Unauthorized Transaction,Open
CB004153,TXN006583,CUST05392,MER06764,2025-01-03,10794.26,Service Not Received,Won
CB004154,TXN006544,CUST01380,MER06939,2024-11-29,13883.32,Unauthorized Transaction,Under Review
CB004155,TXN001408,CUST03525,MER06523,2024-03-18,1692.75,Fraud Suspected,Lost
CB004156,TXN009061,CUST04853,MER04776,2024-02-05,1818.21,Service Not Received,Under Review
CB004157,TXN004860,CUST06084,MER01724,2024-06-20,207.84,Product Not Received,Won
CB004158,,CUST00398,MER02503,2024-12-11,929.25,Fraud Suspected,Lost
CB004159,TXN002311,CUST00665,MER02730,2024-03-10,18084.57,Product Not Received,Open
CB004160,TXN006351,CUST02619,MER08576,2024-10-23,16701.85,Unauthorized Transaction,Won
CB004161,TXN007182,CUST01352,MER05067,2024-09-02,812.5,Duplicate Charge,Won
CB004162,TXN000286,CUST06319,MER05680,2025-01-06,1332.31,Unauthorized Transaction,Open
CB004163,TXN003506,CUST03992,MER08334,2024-03-01,61523.41,Duplicate Charge,Won
CB004164,TXN007738,CUST05475,MER04607,2024-03-28,299.28,Fraud Suspected,Won
CB004165,TXN004292,CUST09944,MER03219,2024-09-02,5059.26,Duplicate Charge,Won
CB004166,TXN006965,CUST09992,MER05854,2024-09-30,4942.7,Duplicate Charge,Under Review
CB004167,TXN006854,CUST09822,MER05124,2024-07-15,43651.66,Unauthorized Transaction,Won
CB004168,TXN002608,CUST01619,MER04178,2024-11-08,20195.27,Duplicate Charge,Open
CB004169,TXN007557,CUST09553,MER06787,2025-01-16,96882.43,,
CB004170,TXN001201,CUST06906,MER02162,2024-10-23,27603.25,Product Not Received,Lost
CB004171,TXN005292,CUST05317,MER02011,2024-10-27,40932.79,Unauthorized Transaction,Won
CB004172,TXN008950,CUST04961,,2025-01-07,9250.4,Fraud Suspected,Open
CB004173,TXN005954,CUST06365,MER09565,2024-11-13,72429.38,Duplicate Charge,Under Review
CB004174,TXN003336,CUST01168,MER02769,2025-01-22,78204.34,Duplicate Charge,Open
CB004175,TXN005909,CUST07125,MER04187,2024-08-22,1948.69,Fraud Suspected,Open
CB004176,TXN006487,CUST08461,MER03675,2024-09-16,1833.24,Duplicate Charge,Lost
CB004177,TXN007189,CUST06636,MER07726,2024-05-09,9706.14,Service Not Received,Under Review
CB004178,TXN000071,CUST09894,MER09049,2024-12-04,106375.41,Service Not Received,Lost
CB004179,TXN003332,CUST05556,MER09687,2024-06-10,141.33,Unauthorized Transaction,Lost
CB004180,TXN009547,CUST07888,MER04996,2025-01-08,10684.75,Service Not Received,Lost
CB004181,TXN004028,CUST09998,MER07753,2024-08-23,46202.36,Fraud Suspected,Under Review
CB004182,TXN004526,CUST06463,MER07830,2024-09-11,13930.13,Product Not Received,Under Review
CB004183,TXN005370,CUST07156,MER03782,2024-08-31,123.12,,Open
CB004184,TXN005218,,MER02482,2024-05-14,1403.97,Fraud Suspected,Under Review
CB004185,TXN006575,CUST04556,MER04672,2024-06-17,783.7,Unauthorized Transaction,Open
CB004186,TXN006285,CUST02273,MER09222,2024-06-11,71.17,Service Not Received,Lost
CB004187,TXN003350,CUST01083,MER02414,2024-04-17,6852.01,Duplicate Charge,Won
CB004188,TXN007716,CUST04926,MER05000,2024-10-29,8105.16,Unauthorized Transaction,Open
CB004189,TXN009529,CUST09309,MER09513,2024-03-10,8980.66,Duplicate Charge,Under Review
CB004190,TXN006098,CUST00547,MER02751,2024-09-21,23427.24,Duplicate Charge,Lost
CB004191,TXN006343,CUST04351,MER03694,2024-05-17,107834.83,Unauthorized Transaction,Lost
CB004192,TXN007948,CUST07461,MER08895,2025-02-01,22746.25,Duplicate Charge,Open
CB004193,TXN003719,CUST06016,MER04757,2024-02-25,399.68,Product Not Received,Open
CB004194,TXN008074,CUST06647,MER06925,2024-08-15,,Product Not Received,Open
CB004195,TXN009845,CUST07349,MER03008,2024-01-23,10174.72,Duplicate Charge,Won
CB004196,TXN003199,CUST06704,MER00104,2024-05-12,16971.23,Unauthorized Transaction,Under Review
CB004197,TXN005765,CUST05418,MER01613,2024-09-19,1303.59,Unauthorized Transaction,Won
CB004198,TXN004065,CUST05952,MER02334,2024-10-06,24221.25,Unauthorized Transaction,Open
CB004199,TXN008117,CUST03975,MER08022,2024-08-01,83098.29,Service Not Received,Open
CB004200,TXN007395,CUST00015,MER04873,2024-11-01,8323.62,Service Not Received,Lost
CB004201,TXN000617,CUST01062,MER06960,2024-07-24,52.05,Product Not Received,Won
CB004202,TXN008370,CUST08470,MER00701,2024-09-25,126.19,Product Not Received,Lost
CB001068,TXN006832,CUST08103,MER09892,2024-09-10,7862.46,Unauthorized Transaction,Open
CB004204,TXN000640,CUST01758,MER02285,2025-01-25,2416.03,Unauthorized Transaction,Open
CB004205,TXN003193,CUST03045,MER04110,2024-10-25,67360.19,Fraud Suspected,Open
CB004206,TXN004275,CUST00830,MER08934,2024-11-29,21536.96,Unauthorized Transaction,Open
CB004207,TXN007839,CUST09068,MER07077,2024-07-12,2152.86,Unauthorized Transaction,Won
CB004208,TXN009042,CUST09100,MER07675,2024-01-24,553.68,Unauthorized Transaction,Under Review
CB004209,TXN009622,CUST08824,MER08793,2024-11-24,25988.5,Product Not Received,Open
CB004210,TXN000897,CUST07015,MER00205,2024-06-07,66.66,Duplicate Charge,Lost
CB004211,TXN004059,CUST03430,MER06924,2024-03-14,789.3,Service Not Received,Under Review
CB004212,TXN003045,CUST04418,MER00441,2024-12-25,57021.68,Product Not Received,Won
,TXN009405,CUST01494,MER05147,2024-07-08,1183.4,Unauthorized Transaction,Won
CB004214,,CUST07898,MER06775,2024-11-01,N/A,Product Not Received,Won
CB004215,TXN002101,CUST09714,MER06173,2024-01-06,15750.39,Service Not Received,Under Review
CB004216,TXN000307,CUST00723,MER00648,2024-11-29,61260.3,Fraud Suspected,Open
CB004217,TXN004246,CUST09252,MER08840,2024-10-23,401.94,Service Not Received,Open
CB004218,TXN000161,CUST06309,MER07968,2024-09-25,27410.68,Duplicate Charge,Open
CB004219,TXN002283,CUST07677,MER09074,2024-07-16,4775.27,Unauthorized Transaction,Lost
CB004220,TXN007048,CUST09653,MER07325,2024-10-24,1669.37,Unauthorized Transaction,Open
CB004221,TXN009481,CUST00754,MER03823,2024-07-30,13898.24,Unauthorized Transaction,Open
CB004222,TXN008874,CUST08518,MER09000,2024-06-14,26019.12,Service Not Received,Lost
CB004223,TXN003348,UNKNOWN,MER04071,2025-02-25,62238.97,Fraud Suspected,Open
CB004224,TXN002728,CUST03444,MER07683,2024-12-06,873.13,Product Not Received,Won
CB004225,TXN006821,CUST01136,MER05697,2024-11-21,1720.85,Product Not Received,Lost
CB004226,TXN006086,CUST08120,MER02908,2024-09-10,19980.98,Unauthorized Transaction,Lost
CB004227,TXN004908,CUST07557,MER04954,2024-08-26,1061.07,Duplicate Charge,Won
CB004228,TXN004469,CUST01751,MER01862,2024-11-24,94752.93,Fraud Suspected,Won
CB004229,TXN007280,CUST06486,MER06186,2024-04-16,24208.25,Service Not Received,Under Review
CB004230,TXN009582,CUST06123,MER08448,2024-09-26,10923.36,,Open
CB004231,TXN008393,CUST07504,MER05350,2025-01-19,33401.0,Duplicate Charge,Won
CB004232,TXN008371,CUST08977,MER08563,2024-12-21,24020.19,Unauthorized Transaction,Lost
CB004233,TXN005908,CUST04277,MER01124,2024-12-30,24395.3,Product Not Received,Open
CB004234,TXN006843,CUST05139,MER05017,2024-04-16,12060.48,Service Not Received,Under Review
CB004235,TXN000175,CUST08193,MER01790,2024-11-02,85818.83,Duplicate Charge,Won
CB004236,TXN004948,CUST06813,MER00884,2024-03-16,22569.96,Fraud Suspected,Under Review
CB004237,TXN006070,CUST08348,MER05649,2024-04-28,32240.17,Duplicate Charge,Lost
CB004238,TXN000876,CUST02835,MER08903,2024-08-18,1721.45,Service Not Received,Under Review
CB004239,TXN008120,CUST01662,MER06413,2024-03-14,432.92,Service Not Received,Under Review
CB004240,TXN008976,CUST03787,MER01631,2024-07-10,543.96,Product Not Received,Lost
CB004241,TXN003808,CUST00441,MER00232,2024-05-31,82619.21,Unauthorized Transaction,Won
CB004242,TXN003666,CUST06433,MER01476,2024-12-10,41767.31,Duplicate Charge,Won
CB004243,,,MER04565,2024-09-05,585.84,Product Not Received,Under Review
CB004244,TXN009942,CUST08499,MER02295,2024-08-21,715.35,Duplicate Charge,Lost
CB004245,TXN004816,CUST05992,MER07160,2024-07-20,N/A,Unauthorized Transaction,Under Review
CB004246,TXN007512,CUST01489,MER04882,2024-08-02,82961.26,Fraud Suspected,Lost
CB004247,TXN009325,CUST00521,MER00389,2024-05-27,663.5,Service Not Received,Under Review
CB004248,TXN000335,CUST09776,MER08208,2024-09-19,48945.56,Service Not Received,Lost
CB004249,TXN005055,CUST01608,MER09056,2024-12-12,10621.21,Fraud Suspected,Won
CB004250,TXN006023,CUST08201,MER07554,2024-08-30,566.2,Service Not Received,Lost
CB004251,TXN005192,CUST07323,MER03770,2024-02-22,19303.44,Unauthorized Transaction,Open
CB004252,TXN008208,CUST01939,MER00964,2024-09-24,31734.15,Fraud Suspected,Won
CB004253,TXN003469,CUST01435,MER00316,2024-07-10,N/A,Service Not Received,Under Review
CB004254,TXN004771,CUST09649,MER08494,,17779.34,Duplicate Charge,Won
CB004255,TXN004913,CUST08723,MER07463,2024-01-15,42059.66,Fraud Suspected,Under Review
CB004256,TXN005509,CUST03298,MER04878,2025-01-23,39120.71,Duplicate Charge,Lost
CB004257,TXN007528,CUST03436,MER08624,2024-12-29,59.06,Service Not Received,Open
CB004258,TXN006485,CUST01797,MER06030,2024-04-27,13958.64,Product Not Received,Won
CB004259,TXN006996,CUST02434,MER09921,2024-11-12,59899.95,Product Not Received,Open
CB004260,TXN009623,CUST04894,MER02976,2024-12-07,41109.62,Fraud Suspected,Won
CB004261,TXN009039,CUST04346,,2024-08-29,97022.11,Service Not Received,Lost
CB004262,TXN003377,CUST00705,MER08962,2024-11-08,3219.14,Fraud Suspected,Won
CB004263,TXN007109,CUST01056,MER02396,2024-07-25,30236.56,Duplicate Charge,Under Review
CB004264,TXN000613,CUST01433,MER00074,2024-04-18,975.19,Unauthorized Transaction,Won
CB004265,TXN007242,CUST06808,MER00612,2024-03-22,25303.59,Unauthorized Transaction,Under Review
CB004266,TXN000628,,MER00773,2024-10-02,1715.63,Duplicate Charge,Lost
CB004267,TXN008100,CUST00267,MER03671,2024-11-27,1592.86,Service Not Received,Under Review
CB004268,TXN004167,CUST02310,MER09026,2024-03-02,261.74,Unauthorized Transaction,Under Review
CB004269,TXN003290,CUST02962,MER02618,2024-12-18,9589.34,Duplicate Charge,Won
CB004270,TXN008096,CUST07645,MER02554,2024-07-23,8115.02,Unauthorized Transaction,Open
CB004271,TXN005316,CUST06862,MER07607,2024-03-11,53868.77,Fraud Suspected,Lost
CB004272,TXN006461,CUST01244,MER09164,2024-02-04,700.98,Product Not Received,Open
CB004273,TXN007133,CUST05383,MER00411,2025-01-11,,Service Not Received,Under Review
CB004274,TXN000683,CUST09467,MER06197,2024-04-13,1924.62,Fraud Suspected,Open
CB004275,TXN001773,CUST06937,MER04751,2024-12-17,5392.84,Fraud Suspected,Under Review
CB004276,TXN001882,CUST02901,MER08033,,1090.77,Fraud Suspected,Open
CB004277,TXN006428,CUST06074,MER08195,2024-09-14,62745.79,Unauthorized Transaction,Open
CB004278,TXN002367,CUST09338,MER03355,2024-12-13,59.69,Service Not Received,Won
CB004279,TXN009798,CUST07323,MER01093,2024-05-09,99591.19,Unauthorized Transaction,Open
CB004280,,CUST09508,MER01574,2024-06-15,89709.37,Unauthorized Transaction,Open
CB004281,TXN002416,CUST07864,MER06405,2024-04-21,,Unauthorized Transaction,Lost
CB004282,TXN004303,CUST09920,MER00660,2024-10-31,72052.32,Service Not Received,Won
CB004283,TXN002269,CUST02293,,,18259.01,Service Not Received,Open
,TXN000401,CUST00521,MER09843,2024-03-29,4026.61,Fraud Suspected,Open
CB004285,TXN008871,CUST08504,MER07094,2024-03-12,67929.09,Fraud Suspected,Open
CB004286,TXN002564,CUST02223,MER05528,2024-06-21,14901.09,Product Not Received,Under Review
CB004287,TXN000062,CUST01062,MER07636,2024-11-15,109193.4,Service Not Received,Won
CB004288,TXN007310,CUST04840,MER01888,2024-03-29,87514.39,Duplicate Charge,Won
CB004289,TXN003902,CUST08980,MER06594,2024-06-04,8555.61,Product Not Received,Open
CB004290,TXN004538,CUST08940,MER00004,2024-08-17,N/A,Unauthorized Transaction,Lost
CB004291,TXN002502,CUST08611,MER08745,2024-07-26,11460.17,Service Not Received,Lost
CB004292,TXN006141,CUST03719,MER06002,2024-11-21,2009.12,Fraud Suspected,Lost
CB004293,TXN003998,CUST03366,MER07941,2024-04-12,11211.77,Duplicate Charge,Lost
CB004294,TXN005478,CUST01677,MER01534,2024-08-16,55289.83,Product Not Received,Open
CB004295,TXN000592,CUST00993,MER07275,2024-07-01,1904.86,Fraud Suspected,Open
CB004296,TXN006662,CUST00185,,2025-01-23,1766.98,Duplicate Charge,Under Review
CB004297,TXN002861,CUST06066,MER05169,2024-11-16,60122.21,Unauthorized Transaction,Under Review
CB004298,TXN000417,CUST09112,MER08669,2024-06-03,7189.36,Duplicate Charge,Open
CB004299,TXN003967,CUST09263,MER00424,2024-10-02,1856.59,Unauthorized Transaction,Won
CB004300,TXN008176,CUST07399,MER08920,2025-01-09,1875.88,Unauthorized Transaction,Under Review
CB004301,TXN004371,CUST06978,MER06868,2024-12-18,869.68,Fraud Suspected,Open
CB004302,TXN007749,CUST01670,MER09789,2024-07-13,69.5,Fraud Suspected,Won
CB004303,TXN003230,CUST00168,MER03415,2024-08-06,1558.28,Duplicate Charge,Open
CB004304,TXN007921,CUST04259,MER00239,2024-04-05,1786.75,Duplicate Charge,Open
CB004305,TXN003924,CUST02256,MER06230,2024-03-24,3744.04,Unauthorized Transaction,Open
CB004306,TXN000237,CUST09633,MER01520,,34592.71,Service Not Received,Open
CB004307,TXN002566,CUST00530,MER05276,2024-09-28,821.79,Product Not Received,Won
CB004308,TXN005766,CUST02345,MER03192,2024-11-20,46137.97,Fraud Suspected,Open
CB004309,TXN000840,CUST05410,MER01592,2024-10-16,1403.02,Duplicate Charge,Under Review
CB004310,TXN001737,CUST07898,MER09807,2024-06-02,98182.39,Service Not Received,Open
CB004311,TXN001622,CUST03972,MER07234,2024-03-14,4906.02,Product Not Received,Lost
CB004312,TXN001914,CUST05966,MER07014,2024-06-05,4391.41,Fraud Suspected,Won
CB004313,TXN007417,CUST05572,MER00853,2024-09-15,264.19,Product Not Received,Lost
CB004314,TXN000482,CUST01816,MER06470,2024-12-08,177.16,Service Not Received,Lost
CB004315,TXN008856,CUST00247,MER04409,2024-05-31,49753.02,Unauthorized Transaction,Open
CB004316,TXN000958,CUST05797,MER02301,2024-05-28,644.87,Duplicate Charge,Won
CB004317,TXN001404,CUST08464,MER04287,2024-01-19,10280.68,Product Not Received,Open
CB004318,TXN000997,CUST04835,MER09934,2024-01-26,463.3,Unauthorized Transaction,Under Review
CB004319,TXN007877,CUST00503,MER02791,2024-04-26,723.11,Service Not Received,Open
CB004320,TXN004936,CUST07578,MER05785,2024-06-02,11400.89,Product Not Received,Won
CB004321,TXN005101,CUST07293,MER07478,2024-07-04,15129.23,Duplicate Charge,Won
CB004322,TXN001460,CUST01869,MER01701,2024-06-18,69726.14,Unauthorized Transaction,Won
CB004323,TXN004750,CUST04066,MER07640,2024-03-20,782.49,Service Not Received,Won
CB004324,TXN008510,CUST02192,MER01836,2024-10-16,70913.48,Duplicate Charge,Under Review
CB004325,TXN004172,CUST07092,MER01422,2025-01-07,8223.66,Duplicate Charge,Under Review
CB004326,TXN007174,CUST04758,MER06513,2025-01-15,1493.19,Service Not Received,Open
CB004327,TXN006416,CUST03916,MER05982,2024-12-01,6630.34,Product Not Received,Lost
CB004328,TXN002005,CUST01355,MER03177,2024-09-03,44689.55,Unauthorized Transaction,Under Review
CB004329,TXN009602,CUST06244,MER07547,2024-06-30,13950.3,Service Not Received,Lost
CB004330,TXN009647,CUST06520,MER03436,2024-06-13,63312.91,Product Not Received,Under Review
CB004331,TXN009343,CUST02784,MER09439,2024-06-09,16669.64,Duplicate Charge,Open
CB004332,TXN009830,CUST08335,MER04360,2024-04-17,2914.02,Fraud Suspected,Open
CB004333,TXN000842,CUST02558,MER06568,2024-09-20,279.46,Service Not Received,Under Review
CB004334,TXN005060,CUST05606,MER04352,2024-09-19,38288.88,Unauthorized Transaction,Open
CB004335,TXN002545,CUST03640,MER00690,2024-12-11,84219.82,Unauthorized Transaction,Lost
CB004336,TXN004835,CUST04488,UNKNOWN,2024-12-26,10737.85,Duplicate Charge,Won
CB004337,TXN004063,CUST09468,MER01555,2024-09-01,18521.67,Service Not Received,Open
CB004338,TXN004031,CUST01673,MER03064,2024-11-06,367.27,Duplicate Charge,Open
CB004339,,CUST06141,MER06892,2025-01-09,24021.18,Unauthorized Transaction,Open
CB004340,TXN001630,CUST09497,MER07711,2024-03-04,95091.5,Fraud Suspected,
,TXN008859,CUST02491,MER04679,2024-12-24,98440.08,Product Not Received,Open
CB004342,TXN006735,CUST05326,MER07848,2024-09-26,41205.18,Product Not Received,Open
CB004343,TXN006449,CUST07301,MER08940,2024-03-23,3566.76,Product Not Received,Won
CB004344,TXN006232,CUST04119,MER08714,2024-07-08,16030.84,Fraud Suspected,Lost
CB004345,TXN008972,CUST00747,MER07741,2024-08-17,11439.59,Unauthorized Transaction,Open
CB004346,TXN007742,CUST01566,MER02144,2024-05-18,28409.92,Unauthorized Transaction,Open
CB004347,TXN004511,CUST05366,MER02978,2024-05-04,6771.08,Unauthorized Transaction,Open
CB004348,TXN007618,CUST08127,MER03978,2024-10-30,10584.84,Fraud Suspected,Open
CB004349,TXN009997,UNKNOWN,MER01209,2024-03-23,13330.94,Unauthorized Transaction,Under Review
CB004350,TXN004350,CUST00579,MER05498,2024-03-27,4470.82,Fraud Suspected,Under Review
CB004351,TXN007128,CUST00951,MER04631,2024-12-15,178.2,Product Not Received,Under Review
CB004352,TXN009515,CUST04172,MER09602,2025-01-02,43476.08,Unauthorized Transaction,Under Review
CB004353,TXN003498,CUST03897,MER04532,2024-03-12,65272.77,Product Not Received,Open
CB000771,TXN007547,CUST08182,MER03805,2024-06-28,1962.08,Product Not Received,Won
CB004355,TXN002446,CUST03474,MER07919,2024-06-13,1137.11,Fraud Suspected,Open
CB004356,TXN005340,CUST08507,MER07525,2024-06-21,1343.45,Service Not Received,Open
CB004357,TXN000461,CUST01658,MER05455,2024-11-05,2976.08,Fraud Suspected,Lost
CB004358,TXN008006,CUST06449,MER00014,2025-02-10,6296.85,Duplicate Charge,Won
CB004359,TXN005449,CUST05962,MER09010,2024-05-19,8171.32,Fraud Suspected,Won
CB004360,TXN007606,CUST06932,MER06938,2024-04-11,3506.34,Fraud Suspected,Won
CB004361,TXN001943,CUST08364,MER02938,2024-05-14,29720.59,Unauthorized Transaction,Open
CB004362,TXN003862,CUST00861,MER06998,2025-01-01,9586.91,Service Not Received,Open
CB004363,TXN002407,CUST04581,MER01730,2024-03-01,26145.83,Unauthorized Transaction,Open
CB004364,TXN009792,UNKNOWN,MER06530,2024-02-12,90639.21,Unauthorized Transaction,Lost
CB004365,TXN000476,CUST03880,MER00349,2024-04-29,2380.22,Unauthorized Transaction,Lost
CB004366,TXN002088,CUST04621,MER03638,2024-06-11,1395.39,Fraud Suspected,Lost
CB004367,TXN004243,CUST07408,MER06579,2024-08-13,12990.04,,Won
CB001147,TXN001276,CUST05837,MER02183,2024-12-04,1218.7,Fraud Suspected,Open
CB004369,TXN008067,CUST05751,MER08287,2024-03-15,1595.49,Product Not Received,Open
CB004370,,CUST04218,MER06493,2024-08-01,20857.23,Duplicate Charge,Open
CB004371,TXN009685,CUST00417,MER09808,2024-12-20,9405.67,Duplicate Charge,Open
CB004372,TXN004295,CUST09293,MER03327,2024-09-28,119.06,Service Not Received,Under Review
CB004373,TXN003655,CUST09107,MER03341,2024-04-09,705.8,Unauthorized Transaction,Open
CB004374,TXN009856,CUST00607,MER03728,2024-06-20,15989.37,Product Not Received,Under Review
CB004375,TXN001246,CUST05249,MER06574,2024-11-05,530.59,Unauthorized Transaction,Open
CB004376,TXN006728,CUST09232,MER06696,2024-08-01,8145.85,Duplicate Charge,Won
CB004377,TXN007979,CUST07494,MER01187,2024-01-30,,Product Not Received,Lost
CB004378,TXN002334,CUST04624,MER02019,2024-02-29,9456.55,Duplicate Charge,Won
CB004379,TXN007443,CUST07673,MER05471,2024-02-12,24397.43,Unauthorized Transaction,Open
CB004380,TXN006814,CUST03909,MER04921,2024-08-03,11791.53,Duplicate Charge,Won
CB004381,TXN001817,CUST03958,MER05270,2024-10-31,13636.12,Duplicate Charge,Open
CB004382,TXN002994,CUST05506,MER07831,2024-10-16,8117.22,Product Not Received,Under Review
CB004383,TXN001722,CUST01019,MER07840,2024-11-04,15087.29,Duplicate Charge,Under Review
CB004384,TXN004211,CUST06843,MER09340,2024-05-26,35434.51,Service Not Received,Open
CB004385,TXN008887,CUST07369,MER09724,2024-06-03,3806.66,Fraud Suspected,Under Review
CB004386,TXN008596,CUST05471,MER02122,2024-12-24,15636.43,Duplicate Charge,Under Review
CB004387,TXN004198,CUST03742,MER06230,2024-06-12,216.22,Service Not Received,Lost
CB004388,TXN005784,CUST08905,MER07960,2024-10-29,6949.1,Duplicate Charge,Open
CB004389,TXN008188,,MER08816,2024-07-12,1964.25,Product Not Received,Won
CB004390,TXN003243,CUST05594,MER02023,2024-12-24,58722.38,Service Not Received,Won
CB004391,TXN008121,CUST07747,MER01406,2024-03-30,6015.34,Product Not Received,Lost
CB004392,TXN004567,CUST05787,MER04939,2024-09-22,4313.3,Unauthorized Transaction,Won
CB004393,TXN008235,CUST04590,MER07704,2025-01-12,3086.93,Unauthorized Transaction,Open
CB004394,TXN004282,CUST06744,MER05076,2024-09-06,560.61,Fraud Suspected,Lost
CB004395,TXN006473,CUST00017,MER05640,2024-09-22,9053.23,Duplicate Charge,Lost
CB004396,TXN003440,CUST07286,MER06465,2024-12-03,19385.07,Duplicate Charge,Open
CB004397,TXN002582,CUST07088,MER08556,2025-01-18,364.59,Service Not Received,Under Review
CB004398,TXN008227,CUST08454,MER01475,2024-11-06,,Service Not Received,Under Review
CB004399,TXN000032,CUST08624,MER05146,2024-12-29,92633.12,Service Not Received,Won
CB004400,TXN006650,CUST02452,MER01267,2024-02-13,404.6,Product Not Received,Open
CB004401,TXN005313,CUST07688,MER05270,2024-05-04,1299.99,Duplicate Charge,Won
CB004402,TXN004204,CUST06007,MER05375,2024-07-10,1294.25,Fraud Suspected,Lost
CB004403,TXN004856,CUST09054,MER00805,2024-08-23,2730.2,Service Not Received,Lost
CB004404,TXN002170,CUST02045,MER05966,2024-12-23,1496.68,Duplicate Charge,Under Review
CB004405,TXN008304,CUST05214,MER06323,2024-05-26,314.31,Service Not Received,Won
CB004406,TXN003791,CUST08546,MER02423,2024-03-04,13090.16,Duplicate Charge,Lost
CB004407,TXN003547,CUST00107,MER09342,2024-11-22,6700.4,Duplicate Charge,Open
CB004408,TXN004977,CUST06796,MER00266,2024-07-10,735.89,Service Not Received,Under Review
CB004409,TXN008653,CUST07460,MER08508,2024-11-05,4460.23,Product Not Received,Open
CB004410,TXN003660,CUST03770,MER04034,2024-12-07,21594.3,Service Not Received,Won
CB004411,TXN009245,CUST00104,MER04316,2025-01-13,1915.66,Fraud Suspected,Under Review
CB004412,TXN009980,CUST08695,MER05562,2025-01-15,35001.75,Product Not Received,Won
CB004413,TXN004541,CUST06115,MER05917,2024-04-04,,Unauthorized Transaction,Lost
CB004414,TXN006275,CUST06003,MER00874,2024-04-01,797.84,Unauthorized Transaction,Won
CB004415,TXN009093,CUST05111,MER08630,2024-09-16,1562.3,Unauthorized Transaction,Under Review
CB004416,TXN005355,CUST09711,MER03626,2024-05-07,46029.71,Service Not Received,Won
CB004417,TXN002026,CUST06063,MER00470,2024-08-30,61751.17,Product Not Received,Under Review
CB004418,TXN002599,CUST06747,MER08199,2024-02-01,1908.84,Service Not Received,Lost
CB004419,TXN002719,CUST09218,,2024-10-09,1360.58,Service Not Received,Open
CB004420,TXN001969,CUST09724,MER03271,2024-03-09,27696.91,Unauthorized Transaction,Open
CB004421,TXN003881,CUST01587,MER06767,2024-03-19,112.72,Product Not Received,Under Review
,TXN003650,CUST04636,MER01597,2024-09-29,34368.87,Product Not Received,Lost
CB004423,TXN001613,CUST01785,MER01508,2024-04-02,947.28,Product Not Received,Open
CB004424,TXN007440,CUST04691,MER00412,2025-01-23,94890.77,Fraud Suspected,Open
CB004425,TXN006492,CUST09091,MER02223,2024-04-03,2086.19,Duplicate Charge,Won
CB004426,TXN003558,CUST08896,MER01786,2024-06-29,19829.99,Duplicate Charge,Open
CB004427,TXN004289,CUST08213,MER03718,2024-01-28,847.44,Product Not Received,Won
CB004428,TXN001308,CUST06654,MER06539,2024-12-27,1984.35,Duplicate Charge,Under Review
CB004429,TXN008153,CUST06379,MER02213,2024-01-26,88657.21,Unauthorized Transaction,Under Review
CB004430,TXN005337,CUST04386,MER08787,2024-09-24,629.9,Fraud Suspected,Lost
CB004431,TXN003869,CUST04676,MER01666,2024-06-15,1542.14,Product Not Received,Won
CB004432,TXN009779,CUST06646,MER08364,2024-04-16,992.78,Duplicate Charge,Lost
CB004433,TXN005921,CUST04991,MER00673,2024-06-24,3506.0,Duplicate Charge,Won
CB004434,TXN007098,CUST01667,MER02558,2024-08-06,1170.36,Duplicate Charge,Won
CB004435,TXN002044,CUST06708,MER03684,2024-08-01,37861.94,Service Not Received,Under Review
CB004436,TXN000139,CUST03664,MER03819,2024-07-02,63.7,Fraud Suspected,Under Review
CB004437,TXN008481,CUST03514,MER05563,2024-06-13,3363.97,Service Not Received,Open
CB004438,TXN006723,CUST02104,MER07884,2024-08-21,1688.88,Service Not Received,Won
CB004439,TXN008062,CUST05480,MER05999,2024-02-26,16595.39,Service Not Received,Lost
CB004440,TXN003246,CUST08024,MER07070,2024-12-03,2720.37,Fraud Suspected,Lost
CB004441,TXN004811,CUST08174,MER09451,2024-03-03,23586.86,Product Not Received,Won
CB004442,TXN009645,CUST02589,MER01621,2024-05-11,15287.94,Fraud Suspected,Won
CB004443,TXN003569,CUST09846,MER04496,2024-02-21,75729.88,Fraud Suspected,Won
CB004444,TXN001438,CUST08427,MER06979,2024-09-07,994.1,Service Not Received,Under Review
CB004445,TXN005182,CUST07155,MER05011,2024-03-10,N/A,Duplicate Charge,Under Review
CB004446,TXN009064,CUST01629,MER00906,2024-08-10,5886.57,Service Not Received,Under Review
CB004447,TXN005915,CUST04230,MER06942,2024-07-25,17704.86,Unauthorized Transaction,Under Review
CB004448,TXN009368,CUST07002,MER00211,2024-11-30,15049.23,Product Not Received,Lost
CB004449,TXN002183,CUST09961,MER08729,2025-01-10,1818.71,Service Not Received,Under Review
CB004450,TXN005679,CUST03821,MER01771,2024-05-21,1759.09,Product Not Received,Under Review
CB004451,TXN005668,CUST01544,MER07862,2024-08-16,1187.14,Fraud Suspected,Open
CB004452,TXN004245,CUST00214,MER00986,,1855.46,Duplicate Charge,Open
CB004453,TXN009053,CUST05487,MER01896,2024-05-23,53.92,Unauthorized Transaction,Won
CB004454,TXN009194,CUST05145,MER07194,2024-03-19,14273.43,Product Not Received,Open
CB004455,TXN007919,CUST03619,MER00402,2024-04-18,36774.1,Fraud Suspected,Lost
CB004456,TXN008602,CUST05969,MER05114,2024-07-06,,Fraud Suspected,Lost
CB004457,TXN000335,CUST09776,MER08208,2024-09-14,56287.39,Fraud Suspected,Won
CB004458,,CUST04646,MER00240,2024-07-16,4222.28,Product Not Received,Lost
CB004459,TXN001780,CUST08094,MER03278,2024-07-27,1242.95,Product Not Received,Lost
CB004460,TXN005340,UNKNOWN,MER07525,2024-07-02,1544.97,Service Not Received,Open
CB004461,TXN009904,CUST00321,MER01604,2024-06-20,9334.4,Service Not Received,Under Review
CB004462,TXN000119,CUST08830,MER00467,2024-11-02,98543.29,Product Not Received,Lost
CB004463,TXN001236,CUST09981,MER06891,2024-07-31,15411.49,Unauthorized Transaction,Won
CB004464,TXN008969,CUST01610,MER08999,2024-05-03,18472.47,Fraud Suspected,Under Review
CB004465,TXN007232,CUST03183,MER09767,2024-05-02,43053.95,Product Not Received,Lost
CB004466,TXN001140,CUST02209,MER02612,2024-04-17,93099.0,Unauthorized Transaction,Won
CB004467,TXN002811,CUST01359,,2024-06-26,1409.82,Product Not Received,Won
CB004468,TXN003726,CUST01932,MER08254,2024-08-23,1363.84,Service Not Received,Lost
CB004469,TXN006480,CUST08596,MER01206,2024-09-18,7906.98,Fraud Suspected,Lost
CB004470,TXN003533,CUST01259,MER05134,2024-08-11,1416.39,Service Not Received,Under Review
CB004471,TXN000666,CUST07252,MER09752,2024-03-20,75478.65,Product Not Received,Open
CB004472,TXN006120,CUST05472,MER04455,2024-03-20,57705.51,Unauthorized Transaction,Won
CB004473,TXN004595,CUST03167,MER05541,2024-02-29,12792.84,Unauthorized Transaction,Won
CB004474,TXN000442,CUST03252,MER01032,2024-10-31,77771.35,Fraud Suspected,Open
CB004475,TXN007440,CUST04691,MER00412,2024-12-09,41256.86,Product Not Received,Under Review
CB004476,TXN004487,CUST09860,MER00226,2025-01-31,503.04,Fraud Suspected,Lost
CB004477,TXN001361,CUST05680,MER05108,2024-06-18,13652.03,Unauthorized Transaction,Lost
CB004478,TXN005732,CUST08674,MER04941,2024-02-16,32343.16,Fraud Suspected,Under Review
CB004479,TXN000755,CUST07350,MER05321,2024-07-14,1027.99,Service Not Received,Open
CB004480,TXN007580,CUST09226,MER07441,2024-05-20,949.49,Fraud Suspected,Open
CB004481,TXN002377,CUST02836,MER02974,2025-01-05,968.52,Duplicate Charge,Won
CB004482,TXN007310,CUST04840,MER01888,2024-04-23,100641.55,Service Not Received,Open
CB004483,TXN000984,CUST05998,MER03278,2024-04-13,15929.75,Product Not Received,Under Review
CB004484,TXN000505,CUST09859,MER05140,2024-07-31,20217.54,Product Not Received,Under Review
CB004485,TXN000441,CUST03044,MER01708,2024-08-19,79442.05,Service Not Received,Won
CB004486,TXN004413,CUST07061,MER08948,2024-02-26,1880.56,Service Not Received,Lost
CB004487,TXN009890,CUST09270,MER02793,2024-06-04,19117.06,Unauthorized Transaction,Under Review
CB004488,TXN008562,CUST01993,MER09838,2024-06-16,,Fraud Suspected,Won
CB004489,TXN002802,CUST06616,MER07789,2024-02-22,75777.01,Service Not Received,Lost
CB004490,TXN004414,,MER00887,2025-01-31,57239.17,Product Not Received,Lost
CB004491,TXN005999,CUST00297,MER07003,2025-01-11,74327.28,Unauthorized Transaction,Open
CB004492,TXN009388,CUST08702,MER01916,2024-09-08,107814.08,Fraud Suspected,Won
CB004493,TXN007836,CUST01101,MER03326,2024-09-21,726.46,Fraud Suspected,Lost
CB004494,TXN002535,CUST00992,MER07363,2024-03-12,56333.28,Product Not Received,Won
CB004495,TXN008904,CUST01910,MER08572,2024-09-03,1102.02,Unauthorized Transaction,Lost
CB004496,TXN006103,CUST04911,MER01464,2024-09-09,26271.31,Service Not Received,Lost
CB004497,TXN005775,CUST03391,MER09854,2024-04-30,451.63,Product Not Received,Open
CB004498,TXN001808,CUST04649,MER08681,2024-06-28,5563.44,Duplicate Charge,Under Review
CB004499,TXN004930,CUST06912,MER07626,2024-09-18,12455.55,Duplicate Charge,Under Review
CB004500,TXN005925,CUST01053,MER07405,2024-03-10,19583.93,,Won
CB004501,TXN007978,CUST01972,MER02528,2024-03-27,1993.53,Product Not Received,Open
CB004502,TXN001971,CUST05514,MER00957,2024-10-31,2189.69,Service Not Received,Lost
CB004503,TXN002441,CUST08435,MER05207,2024-10-09,14455.7,Service Not Received,Open
CB004504,TXN008340,CUST09698,MER07227,2024-07-22,26512.65,Service Not Received,Under Review
CB004505,TXN009505,CUST02741,MER02612,2024-02-12,1490.7,Unauthorized Transaction,Lost
CB004506,TXN001228,CUST04197,MER02597,2024-07-16,1210.25,Service Not Received,Under Review
CB004507,TXN004382,CUST08600,MER04750,2024-03-15,325.23,Unauthorized Transaction,Open
CB004508,TXN008798,CUST08730,MER07437,2024-04-08,15303.41,Unauthorized Transaction,Lost
CB004509,TXN004276,CUST00532,MER08218,2024-11-08,1426.41,Fraud Suspected,Lost
CB004510,TXN002452,CUST02064,MER06819,2024-05-22,26190.35,Unauthorized Transaction,Open
CB004511,TXN007769,CUST00680,MER00731,2025-02-04,13457.95,Fraud Suspected,Won
CB004512,TXN000112,CUST08813,MER08052,2024-10-13,73139.01,Service Not Received,Open
CB004513,TXN004526,CUST06463,MER07830,2024-10-07,12113.16,Duplicate Charge,Lost
CB004514,TXN002542,CUST07139,MER05032,2024-12-22,1352.32,Duplicate Charge,Open
CB004515,TXN000610,CUST09256,MER09160,2024-07-09,103657.17,Fraud Suspected,Lost
,TXN003175,CUST06224,,2024-10-01,17953.19,Fraud Suspected,Won
CB004517,TXN002246,CUST08711,MER01971,2024-07-27,N/A,Unauthorized Transaction,Lost
CB004518,TXN000902,CUST03642,MER04325,2024-03-16,411.42,,Open
CB004519,TXN005491,CUST05392,MER04529,2024-08-28,57885.09,Fraud Suspected,Lost
CB004520,TXN000325,CUST02881,MER03351,2024-04-17,164.57,Duplicate Charge,Won
CB004521,TXN004325,CUST00315,MER02057,2025-01-17,46.53,Unauthorized Transaction,Lost
CB004522,TXN004974,CUST02895,MER03928,2024-04-30,3064.64,Service Not Received,Open
CB004523,TXN005206,CUST01125,MER07624,2025-01-03,1274.92,Fraud Suspected,Under Review
CB004524,TXN003415,CUST00060,MER00437,2024-06-13,225.14,Duplicate Charge,Open
CB004525,TXN009318,CUST07766,MER06269,2024-03-14,5208.29,Fraud Suspected,Open
CB004526,TXN009250,CUST05874,MER09035,2024-12-18,57117.72,Fraud Suspected,Won
CB004527,TXN004578,CUST08103,MER00935,2025-01-29,43938.44,Duplicate Charge,Open
CB004528,TXN005384,CUST00535,MER03357,2024-12-22,4975.68,Product Not Received,Open
CB004529,TXN008182,CUST09391,MER09623,2024-05-19,,Service Not Received,Open
CB004530,TXN004519,CUST01899,MER09428,2025-01-11,12331.46,Duplicate Charge,Won
CB004531,TXN005252,CUST07170,MER06618,2024-12-02,214.7,Service Not Received,Under Review
CB004532,TXN004533,CUST09827,,2025-01-03,594.37,Fraud Suspected,Lost
CB004533,TXN004181,CUST09939,MER08704,2024-12-04,32020.98,Product Not Received,Under Review
CB004534,TXN002846,CUST05211,MER09268,2024-11-02,40828.55,Unauthorized Transaction,
CB004535,TXN004757,CUST08645,MER03816,2024-05-16,43530.12,Unauthorized Transaction,Won
CB004536,TXN000211,CUST06427,MER05914,2024-10-29,27922.87,Fraud Suspected,Won
CB004537,TXN007574,CUST00931,MER00809,2024-12-22,49040.16,Service Not Received,Open
CB004538,TXN001131,CUST09320,MER07609,2024-06-01,12696.24,Service Not Received,Won
CB004539,TXN005886,CUST00398,MER02503,2024-12-02,1068.64,Unauthorized Transaction,Won
CB004540,TXN001565,CUST06597,MER08909,2024-05-08,13938.33,Product Not Received,Won
CB004541,TXN001925,CUST07016,MER03895,2024-05-21,994.24,Product Not Received,Lost
CB004542,TXN001073,CUST06859,MER05961,2024-07-26,270.56,Fraud Suspected,Open
CB004543,TXN000533,CUST02358,MER08344,2024-10-28,6682.48,Unauthorized Transaction,Under Review
CB004544,TXN001605,CUST05117,MER06077,2025-01-30,215.36,Unauthorized Transaction,Under Review
CB004545,TXN001512,CUST00312,MER06679,2024-09-06,1768.08,Fraud Suspected,Open
CB004546,TXN009947,CUST08526,MER05516,2024-04-11,8339.48,Product Not Received,Won
CB004547,TXN004604,CUST02007,MER05172,2024-08-17,2163.79,Unauthorized Transaction,Open
CB004548,TXN004768,CUST01462,MER01021,2025-01-21,2565.47,Service Not Received,Open
CB004549,TXN005926,CUST05989,MER01281,2024-05-14,14933.09,Product Not Received,Lost
CB004550,TXN008382,CUST03101,MER04291,2025-02-04,1676.96,Duplicate Charge,
CB004551,TXN006098,CUST00547,MER02751,2024-09-09,20371.51,Duplicate Charge,Under Review
CB004552,TXN003023,CUST08969,MER05164,2024-07-08,261.27,Fraud Suspected,Won
CB004553,TXN005226,CUST08955,MER06438,2024-04-05,297.43,Service Not Received,Open
CB004554,TXN000250,CUST04034,MER03899,2024-09-14,5533.92,Unauthorized Transaction,Under Review
,TXN007010,CUST05335,MER04790,2024-02-09,1787.76,Fraud Suspected,Under Review
CB004556,TXN003256,CUST07444,MER09986,2024-04-29,69.6,Unauthorized Transaction,Open
CB004557,TXN006882,,MER05514,2024-03-13,1705.24,Service Not Received,Under Review
CB004558,TXN001366,CUST07675,MER00032,2024-11-23,1414.13,Product Not Received,Under Review
CB004559,TXN005195,CUST09407,MER07904,2024-09-21,912.36,Service Not Received,Under Review
CB004560,TXN004040,CUST00713,,2024-05-02,1090.18,Product Not Received,Under Review
CB004561,TXN006859,CUST00162,MER08174,2024-11-17,761.97,Service Not Received,Under Review
CB004562,TXN001972,CUST01844,MER02265,2024-10-17,,Unauthorized Transaction,Won
CB004563,TXN003416,CUST09060,MER09343,2024-06-11,2051.84,Duplicate Charge,Under Review
CB004564,TXN006814,CUST03909,MER04921,2024-07-03,11791.53,Fraud Suspected,Lost
CB004565,TXN001356,CUST07945,MER05316,2024-03-04,19607.54,Product Not Received,Under Review
CB004566,TXN001683,CUST05449,MER09814,2024-03-23,25695.45,Unauthorized Transaction,Open
CB004567,TXN003478,CUST08115,MER06198,2024-09-30,394.49,Fraud Suspected,Under Review
CB004568,TXN007523,CUST03862,MER09123,,71612.63,Product Not Received,Open
CB004569,TXN002914,CUST00202,MER05040,2024-02-28,40077.68,Unauthorized Transaction,Lost
CB004570,TXN005248,CUST02198,MER08463,2024-10-15,943.88,Unauthorized Transaction,Open
CB004571,TXN009023,CUST01402,MER08055,2025-02-03,1382.64,Fraud Suspected,Lost
CB004572,TXN001435,CUST02945,MER09562,2024-11-17,,Duplicate Charge,Lost
CB004573,,CUST08734,MER04095,2024-05-05,18447.62,Service Not Received,Open
CB004574,TXN002090,CUST00334,MER01754,2024-03-10,47943.34,Unauthorized Transaction,Under Review
CB004575,TXN005422,CUST01228,MER06074,2024-12-19,19117.22,Service Not Received,Won
CB004576,TXN009059,CUST09274,MER04513,2024-04-28,7517.79,Product Not Received,Under Review
CB004577,TXN004632,CUST02628,MER08910,,310.12,Unauthorized Transaction,Won
CB004578,TXN008396,CUST06404,MER07025,2024-11-11,N/A,Product Not Received,Lost
CB004579,TXN002673,CUST00708,MER04430,2025-02-15,110333.78,Unauthorized Transaction,Open
CB004580,TXN004987,CUST09067,MER04241,2024-07-07,68237.91,Fraud Suspected,Under Review
CB004581,TXN001234,CUST07038,MER05432,2024-06-17,24427.89,Fraud Suspected,Open
CB004582,TXN000179,CUST05280,MER04385,2024-09-12,1599.09,Duplicate Charge,Lost
CB004583,TXN000122,CUST04243,MER06379,2024-12-03,21096.64,Product Not Received,Lost
CB004584,TXN001007,CUST09442,MER02375,2024-04-14,N/A,Fraud Suspected,Open
CB004585,TXN003012,CUST07066,MER01158,2024-05-02,41830.98,Product Not Received,Won
CB004586,TXN008224,CUST04949,MER09834,2025-02-04,98169.78,Service Not Received,Under Review
CB004587,TXN003405,CUST06697,MER06227,2024-10-26,877.83,Duplicate Charge,Under Review
CB004588,TXN009786,CUST02944,MER02144,2024-03-21,1254.39,Duplicate Charge,Lost
CB004589,TXN005380,CUST06238,MER03455,2024-07-01,87827.52,Fraud Suspected,Won
CB004590,TXN002092,CUST06661,MER07649,2024-10-04,9953.33,Duplicate Charge,Open
CB004591,TXN006083,CUST02243,MER03432,2024-04-28,1666.98,Service Not Received,Under Review
CB004592,TXN005775,CUST03391,MER09854,2024-06-04,225.82,Product Not Received,Lost
CB004593,TXN002356,CUST03367,MER07132,2024-11-13,58543.82,Duplicate Charge,Won
,TXN008455,CUST01751,MER07398,2024-03-09,46283.21,Unauthorized Transaction,Lost
CB004595,TXN003588,CUST00924,MER04034,2024-09-14,82660.19,Fraud Suspected,Under Review
CB004596,TXN004150,CUST02471,MER05284,2024-07-19,23422.46,Unauthorized Transaction,Lost
CB004597,TXN009487,CUST02650,MER09583,2024-07-13,14032.01,Product Not Received,Won
CB004598,TXN001959,CUST03575,MER04061,2024-06-17,1865.71,Fraud Suspected,Won
CB004599,TXN007192,CUST01536,MER03543,2024-10-26,48674.19,Unauthorized Transaction,Won
CB004600,TXN009388,CUST08702,MER01916,2024-09-10,46875.68,Fraud Suspected,Under Review
CB004601,TXN007208,CUST07856,MER00710,2024-08-21,919.1,Product Not Received,Lost
CB004602,TXN008302,CUST04889,MER05009,2024-11-18,11505.07,Service Not Received,Under Review
,TXN008415,CUST05571,MER01141,2024-05-22,71853.08,Duplicate Charge,Open
CB004604,TXN002727,CUST07833,MER00067,2024-01-28,22069.4,Unauthorized Transaction,Won
CB004605,TXN002594,CUST05044,MER08914,2024-12-27,76572.28,Service Not Received,Open
CB004606,TXN003373,CUST03512,MER05335,2024-07-16,68156.58,Unauthorized Transaction,Open
CB004607,TXN002097,CUST03995,MER08783,2024-05-09,,Unauthorized Transaction,Lost
CB004608,TXN000711,CUST00143,MER06904,2024-11-06,12080.43,Duplicate Charge,Open
CB004609,TXN001101,CUST07089,MER02405,2025-01-28,5802.78,Unauthorized Transaction,Open
CB004610,TXN008146,CUST03551,MER06395,2024-08-31,95086.25,Duplicate Charge,Under Review
CB004611,TXN006334,CUST07116,MER04690,2024-11-04,22051.16,Product Not Received,Lost
CB004612,TXN009030,CUST07256,MER07113,2024-03-12,3432.96,Product Not Received,Open
CB004613,TXN007629,CUST07557,MER05083,2024-02-07,10231.71,Service Not Received,Lost
,UNKNOWN,CUST02983,MER02154,2024-02-02,67423.08,Fraud Suspected,Lost
CB004615,TXN005513,CUST06723,MER04257,2024-08-31,40852.63,Product Not Received,Won
CB004616,TXN007600,CUST03302,MER07975,2025-01-11,1500.1,Service Not Received,Open
CB004617,TXN004391,CUST05555,MER09115,2024-10-14,2977.6,Service Not Received,Open
CB004618,TXN009897,CUST09195,MER05890,2024-08-27,17452.09,Unauthorized Transaction,Won
CB004619,TXN009002,CUST06738,MER04113,2024-09-02,908.0,Fraud Suspected,Lost
CB004620,TXN003063,CUST06356,MER01228,2024-03-15,26919.88,Service Not Received,Lost
CB004621,TXN008593,CUST08104,MER01402,2024-08-30,599.86,Product Not Received,Lost
CB004622,TXN009206,CUST09872,MER03161,2024-08-15,17955.09,Duplicate Charge,Lost
CB004623,TXN004837,CUST09873,MER06154,2024-11-21,970.65,Service Not Received,Under Review
CB004624,TXN003058,CUST02834,MER07520,2024-09-16,30182.36,Service Not Received,
CB004625,TXN009386,CUST00740,MER05855,2024-07-25,662.74,Duplicate Charge,Open
CB004626,TXN005498,CUST06646,MER02335,2024-06-12,540.48,Product Not Received,Won
CB004627,TXN002534,CUST03537,MER04565,2024-05-17,45252.6,Product Not Received,Open
CB004628,TXN009832,CUST09501,MER00340,2024-08-27,91462.33,Unauthorized Transaction,Under Review
CB004629,TXN004803,CUST06390,MER06125,2024-05-13,35805.11,Unauthorized Transaction,Under Review
CB004630,TXN003767,CUST09653,MER05028,2024-12-06,22231.13,Unauthorized Transaction,Lost
CB004631,TXN007523,CUST03862,MER09123,2024-04-25,35806.32,Fraud Suspected,Open
CB004632,TXN003101,CUST02229,MER02570,2024-09-02,1190.75,Product Not Received,Under Review
CB004633,TXN005352,CUST07856,MER09698,2024-09-12,768.43,Unauthorized Transaction,Open
CB004634,TXN004759,CUST05472,MER09179,2024-06-28,1420.1,Fraud Suspected,Won
CB004635,TXN002657,CUST08963,MER09698,2024-08-05,13221.25,Duplicate Charge,Under Review
CB004636,TXN005393,CUST03127,MER04139,2024-12-27,88049.58,Unauthorized Transaction,Open
CB004637,TXN006742,CUST06098,MER09567,2024-01-25,1618.34,Product Not Received,Under Review
CB004638,TXN002649,CUST03571,MER08189,2024-08-12,68573.81,Duplicate Charge,Lost
CB004639,TXN000555,CUST00878,MER03470,2024-07-15,170.7,Service Not Received,Under Review
CB004640,TXN003875,CUST06278,MER08956,2024-10-24,36033.82,Product Not Received,Won
CB004641,TXN001303,CUST03514,MER09841,2024-12-21,596.24,Product Not Received,Won
CB004642,TXN006537,CUST02716,MER07286,2024-05-15,9240.18,Product Not Received,Under Review
CB004643,,CUST07363,MER05089,2024-10-15,81758.49,Fraud Suspected,Under Review
CB004644,TXN004144,CUST03778,MER07799,2024-01-17,968.4,Service Not Received,Open
CB004645,TXN007197,CUST09030,MER09045,2025-01-23,49797.62,Unauthorized Transaction,Won
CB004646,TXN005709,CUST06126,MER08670,2024-05-14,80100.9,Duplicate Charge,Open
CB004647,TXN006640,CUST07832,MER07814,2024-04-14,4774.06,Unauthorized Transaction,Open
CB004648,TXN008834,CUST05349,MER03495,2024-01-31,396.84,Fraud Suspected,Lost
CB004649,TXN005228,CUST00289,MER02303,2024-11-02,38444.32,Product Not Received,Open
CB004650,TXN000396,CUST01732,MER09143,2024-09-18,89233.71,Product Not Received,Won
CB004651,TXN001394,,MER00525,2024-10-15,404.46,Product Not Received,Open
CB004652,TXN002643,CUST03076,MER06758,2024-06-11,14795.22,Fraud Suspected,Won
,TXN002930,CUST09378,MER08244,2025-01-04,96.83,Duplicate Charge,Won
CB004654,TXN005127,CUST05937,MER03922,2024-04-30,1823.39,Product Not Received,
CB004655,TXN001850,CUST09856,MER03702,,21215.07,Unauthorized Transaction,Under Review
CB004656,TXN009383,CUST08745,MER09627,2025-01-07,17290.64,Unauthorized Transaction,Won
CB004657,TXN009983,CUST01568,MER09449,2024-06-25,32979.42,Unauthorized Transaction,Under Review
CB004658,TXN003232,CUST04449,MER02272,2024-02-03,30043.92,Unauthorized Transaction,Under Review
CB004659,TXN006650,CUST02452,MER01267,2024-02-12,404.6,Duplicate Charge,Lost
CB004660,TXN002777,CUST04515,MER09680,2024-10-14,89161.75,Product Not Received,Lost
CB004661,TXN001260,CUST02200,MER06978,2024-01-20,49928.75,Service Not Received,Under Review
CB004662,TXN004240,CUST03800,MER05334,2025-01-14,706.9,Fraud Suspected,Under Review
CB004663,TXN008215,CUST06875,MER02741,2025-01-31,184.82,Duplicate Charge,Open
CB004664,TXN007227,CUST02759,MER03805,2024-11-14,80082.98,Service Not Received,Under Review
CB004665,TXN006219,CUST00990,MER07426,2024-09-03,938.71,Product Not Received,Open
CB004666,TXN004621,,MER01317,2024-02-17,9077.26,Unauthorized Transaction,Under Review
CB004667,,CUST00499,MER08302,2024-05-23,6798.02,Fraud Suspected,Under Review
CB004668,TXN002812,CUST02827,MER06350,2024-12-10,12645.76,Duplicate Charge,Lost
CB004669,,CUST02778,MER03924,2024-06-28,35620.71,Unauthorized Transaction,Open
CB004670,TXN008037,CUST09538,MER00900,2024-08-21,46733.39,Service Not Received,Lost
CB004671,TXN002669,CUST04452,MER06453,2024-12-03,,Duplicate Charge,Lost
CB004672,TXN002318,CUST02101,MER04363,2024-08-31,2221.66,Duplicate Charge,Open
CB004673,TXN007712,CUST07767,MER04790,2024-11-21,5879.49,Unauthorized Transaction,Under Review
,TXN006960,CUST05196,MER01493,2025-01-20,99.43,Product Not Received,Under Review
CB007654,TXN004705,CUST07930,MER04856,2024-03-16,4724.07,Duplicate Charge,Open
CB004676,TXN001452,CUST07645,MER08483,2025-01-16,9401.03,Unauthorized Transaction,Lost
CB004677,,CUST07994,MER00440,2024-08-18,101615.6,Unauthorized Transaction,Won
CB004678,TXN005556,CUST08451,MER08853,2024-04-13,456.07,Service Not Received,Open
CB004679,TXN001019,CUST07549,MER03216,2024-05-15,2700.63,Fraud Suspected,Open
CB004680,TXN006979,CUST05159,MER06408,2024-11-01,408.33,Duplicate Charge,Lost
CB004681,TXN005752,CUST05077,MER00596,2024-05-02,41648.46,Duplicate Charge,Under Review
CB004682,TXN002698,CUST04966,MER05494,2024-12-25,65.31,Service Not Received,Won
CB004683,TXN007033,CUST01039,MER05864,2024-01-12,608.63,Duplicate Charge,Lost
CB004684,TXN000162,,MER05585,2024-08-30,38830.79,Fraud Suspected,Open
CB004685,TXN005224,CUST09377,MER08958,2024-02-13,29979.89,Service Not Received,Won
CB004686,TXN005786,CUST00441,MER02771,2024-07-22,221.71,Duplicate Charge,Lost
CB004687,TXN007773,CUST09164,MER08287,2024-12-15,352.84,Fraud Suspected,Under Review
CB004688,TXN007581,CUST08351,MER02996,2024-11-09,340.1,Fraud Suspected,Lost
CB004689,TXN004490,CUST01404,MER00932,2024-09-26,1931.28,Unauthorized Transaction,Under Review
CB004690,TXN009064,CUST01629,MER00906,2024-08-06,6769.56,Fraud Suspected,Won
CB009961,TXN005327,CUST08500,MER07815,2024-01-19,17049.53,Service Not Received,Lost
CB004692,TXN005108,CUST07117,MER09666,2025-01-28,203.58,Product Not Received,Won
CB004693,TXN000675,CUST03536,MER07718,2024-11-26,5216.37,Service Not Received,Won
CB004694,TXN009007,CUST03815,MER04908,2024-02-14,41374.83,Service Not Received,Under Review
CB004695,TXN005837,CUST03560,MER04693,2024-12-29,1142.9,Service Not Received,Lost
CB004696,TXN008814,CUST07148,MER02329,2024-03-22,844.9,Fraud Suspected,Open
CB004697,TXN007574,CUST00931,MER00809,2025-01-04,49040.16,Fraud Suspected,Lost
CB004698,TXN004123,CUST07962,MER02662,2024-04-29,94513.2,Service Not Received,Lost
CB004699,TXN004080,CUST06874,MER02068,2024-02-13,96695.91,Duplicate Charge,Lost
CB004700,TXN004919,CUST08616,MER04530,2024-12-17,1569.88,Product Not Received,Under Review
CB004701,TXN000115,CUST04795,MER02332,2024-04-19,116.87,Service Not Received,Lost
CB004702,TXN002434,CUST07907,MER01290,2024-02-27,1346.95,Product Not Received,Lost
CB004703,TXN008978,CUST09858,MER09884,2024-05-22,19633.85,Fraud Suspected,Under Review
CB004704,TXN003054,CUST05905,MER03035,2024-04-01,818.06,Service Not Received,Open
CB004705,TXN003044,CUST07380,MER09496,2025-01-29,8379.56,Fraud Suspected,Won
CB004706,TXN002904,CUST07424,MER06578,2025-01-01,3050.68,Product Not Received,Open
CB004707,TXN007339,CUST05344,MER03303,2024-08-12,76868.14,Duplicate Charge,Open
CB004708,TXN005743,CUST07155,MER05090,2024-09-26,925.96,Fraud Suspected,Won
CB004709,TXN001156,CUST01391,MER00567,2024-11-02,1064.97,Product Not Received,Open
CB008587,TXN001139,CUST01478,MER05152,2024-09-15,66138.91,Fraud Suspected,Won
CB004711,TXN003316,CUST09664,MER05694,2024-01-28,599.44,Service Not Received,Won
CB004712,TXN005250,CUST03410,MER02853,2024-11-12,4950.81,Unauthorized Transaction,Won
CB004713,TXN004358,CUST08095,MER08758,2024-06-15,43894.48,Unauthorized Transaction,Open
CB004714,TXN006392,CUST00104,MER01575,2024-10-15,62769.41,Duplicate Charge,Open
CB004715,TXN008064,CUST08518,MER09818,2024-06-25,96436.16,Product Not Received,Lost
CB004716,TXN009037,CUST04483,MER05770,2024-04-03,778.59,Duplicate Charge,Open
CB004717,TXN006443,CUST02177,MER02387,2024-11-04,2558.89,Unauthorized Transaction,Won
CB004718,TXN002579,CUST00624,MER09251,2024-08-02,58166.02,Service Not Received,Open
CB004719,TXN008608,CUST03472,MER03395,2024-04-07,2197.34,Duplicate Charge,Under Review
CB004720,TXN008068,CUST08773,MER02382,2024-07-16,9306.4,Product Not Received,Open
CB004721,TXN004295,CUST09293,MER03327,2024-08-27,136.92,Fraud Suspected,Under Review
CB004722,TXN007527,UNKNOWN,MER05409,2024-03-01,14636.72,Service Not Received,Open
CB004723,TXN003533,CUST01259,MER05134,2024-07-05,1416.39,Fraud Suspected,Lost
CB004724,TXN003806,CUST08068,MER04110,2024-09-06,2395.8,Product Not Received,Open
CB004725,TXN000908,CUST02891,MER03462,2024-03-08,1309.86,Product Not Received,Won
CB004726,TXN004959,CUST03863,MER00144,2024-05-04,27736.36,Unauthorized Transaction,Won
CB004727,TXN008211,CUST05042,MER03123,2024-07-18,27025.96,Service Not Received,Under Review
CB004728,TXN005823,CUST02813,,2024-03-11,56307.96,Fraud Suspected,Lost
CB004729,TXN009663,CUST04272,MER08712,2024-02-20,93854.55,Fraud Suspected,Open
CB004730,TXN006470,CUST04679,MER01793,2024-12-06,1854.68,Unauthorized Transaction,Open
CB004731,TXN004218,CUST09645,MER04435,2024-10-06,16966.86,Product Not Received,Under Review
CB004732,TXN005854,CUST08778,MER03262,2024-11-01,830.43,Fraud Suspected,Won
CB004733,TXN009284,CUST03005,MER05983,2024-08-18,15698.33,Fraud Suspected,Won
CB004734,TXN003317,CUST00830,MER00336,2024-04-05,1231.52,Duplicate Charge,Open
CB004735,TXN004289,CUST08213,MER03718,2024-02-16,423.72,Product Not Received,Lost
CB004736,TXN002985,CUST01320,MER01145,2024-05-31,2617.5,Unauthorized Transaction,Under Review
CB004737,TXN006274,CUST06798,MER08501,2024-11-03,1359.76,Duplicate Charge,Lost
CB004738,TXN006130,CUST07763,MER08536,2024-11-20,12237.63,Duplicate Charge,Won
CB004739,TXN009029,CUST01327,MER00065,2024-02-12,9815.15,Product Not Received,Lost
CB004740,,CUST01859,MER06953,2024-10-13,18337.41,Product Not Received,Won
CB004741,TXN001062,CUST06213,MER04292,2024-01-27,4875.4,Unauthorized Transaction,Open
CB004742,TXN009149,CUST08186,MER02862,2024-06-25,267.93,Product Not Received,Lost
CB004743,TXN009903,CUST05426,MER01422,2024-10-18,7718.25,Service Not Received,Under Review
CB004744,TXN009640,CUST03455,MER02097,2024-03-03,53.4,Product Not Received,Lost
CB004745,TXN009402,CUST07178,MER02509,2024-03-23,796.22,Service Not Received,Lost
CB004746,TXN002545,CUST03640,MER00690,2025-01-23,73234.63,Product Not Received,Under Review
CB004747,TXN001617,CUST04366,MER04114,2024-07-31,4933.03,Fraud Suspected,Under Review
CB004748,TXN004799,CUST04630,MER08844,2024-08-27,13123.22,Product Not Received,Open
CB004749,TXN008306,CUST04110,MER05676,2024-05-21,,Unauthorized Transaction,Won
CB004750,TXN005799,CUST08997,MER08752,,28063.97,Product Not Received,Under Review
CB004751,TXN006366,CUST04823,MER03731,2024-04-29,83.44,Unauthorized Transaction,Open
CB004752,TXN003731,CUST06559,MER07819,2024-08-31,16755.17,Product Not Received,Open
CB004753,TXN004946,CUST07913,MER07556,2025-01-11,2049.1,Service Not Received,Under Review
CB004754,TXN005341,CUST07830,MER09981,2024-05-03,6068.67,Product Not Received,Lost
CB004755,TXN008608,CUST03472,MER03395,2024-05-03,2197.34,Unauthorized Transaction,Lost
CB004756,TXN000976,CUST04032,MER09531,2024-12-03,93998.08,Fraud Suspected,Won
CB004757,TXN002455,CUST02136,MER06536,2024-08-22,31243.01,Duplicate Charge,Lost
CB004758,TXN003932,CUST03132,MER07141,2024-09-30,15954.55,Duplicate Charge,Won
CB004759,TXN004979,CUST06848,MER00915,2024-05-02,47809.7,Unauthorized Transaction,Won
CB004760,TXN009321,CUST00135,MER09234,2024-06-21,1082.0,Unauthorized Transaction,Under Review
,TXN003334,CUST04591,MER06707,2025-01-06,6237.6,Service Not Received,Lost
CB004762,TXN005541,CUST06614,MER09715,2024-02-26,17426.14,Fraud Suspected,Open
CB004763,TXN007451,CUST05315,MER06165,2024-11-13,14727.49,Duplicate Charge,Won
CB004764,TXN009107,CUST00516,MER04210,2024-07-13,99933.86,Unauthorized Transaction,Lost
CB004765,TXN004678,CUST00488,MER07105,2024-06-03,55698.68,Service Not Received,Open
CB004766,TXN006542,CUST07571,MER07236,2024-04-20,32680.02,Service Not Received,Open
CB004767,TXN005290,CUST02476,MER06644,2024-03-08,21483.58,Product Not Received,Open
CB004768,TXN002031,CUST03440,MER09442,2024-04-09,7610.3,Unauthorized Transaction,Under Review
CB004769,TXN001485,CUST05501,MER04712,2024-06-16,18400.95,Unauthorized Transaction,Under Review
CB004770,TXN008759,CUST00799,MER03135,2024-01-26,7999.29,Service Not Received,Lost
CB004771,TXN002087,CUST00448,MER06138,2024-05-14,50327.74,Duplicate Charge,Lost
CB004772,TXN005669,CUST03220,MER00222,2024-06-07,38678.59,Service Not Received,Open
CB004773,TXN002097,CUST03995,MER08783,2024-04-10,34165.86,Unauthorized Transaction,Under Review
CB004774,,CUST08685,MER04145,2024-04-17,200.47,Service Not Received,Under Review
CB004775,TXN003191,CUST03670,MER03811,2024-02-19,49555.13,Fraud Suspected,Under Review
CB004776,TXN008649,CUST02251,MER05384,2024-05-10,241.3,Duplicate Charge,Won
CB004777,TXN004442,CUST06493,MER05533,2025-01-03,37339.3,Product Not Received,Under Review
CB004778,TXN007782,CUST03300,MER00785,2024-12-23,103622.52,Unauthorized Transaction,Under Review
CB004779,TXN008472,CUST06182,,2024-07-04,86573.68,Unauthorized Transaction,Open
CB004780,TXN009401,CUST04358,MER05847,2024-03-09,46463.83,Fraud Suspected,Under Review
CB004781,TXN004195,CUST07181,MER03815,2024-02-26,4368.82,Unauthorized Transaction,Under Review
CB004782,TXN005858,CUST09421,MER02945,2024-03-01,7324.76,Fraud Suspected,Won
CB004783,TXN008087,CUST02748,MER06966,2024-06-13,1843.28,Duplicate Charge,Open
CB004784,TXN003546,CUST00211,MER07879,2024-07-09,58676.55,Unauthorized Transaction,Under Review
CB004785,TXN000845,CUST08049,MER09218,2024-06-30,689.4,Unauthorized Transaction,Open
CB004786,TXN000285,CUST08963,MER04591,2024-02-06,112229.19,Unauthorized Transaction,Won
CB004787,TXN001190,CUST04644,MER09695,2024-12-03,73689.91,Service Not Received,Under Review
CB004788,TXN001139,CUST01478,MER05152,2024-09-21,57512.1,Service Not Received,Won
CB004789,TXN001607,CUST02832,MER09772,2024-10-08,1461.21,Product Not Received,Open
CB004790,TXN006872,CUST02996,MER05319,2025-01-19,46414.53,Fraud Suspected,Open
CB004791,TXN008678,CUST00917,MER02831,2024-12-27,62596.86,Fraud Suspected,Under Review
CB004792,TXN000236,CUST06018,MER08664,2024-11-16,92313.75,Service Not Received,Lost
CB004793,TXN009342,CUST07941,MER04595,2024-07-25,1318.63,Unauthorized Transaction,Open
CB004794,TXN001440,CUST01889,,2024-07-24,151.7,Duplicate Charge,Won
CB004795,TXN000168,CUST03023,MER04910,2025-02-08,105937.08,Service Not Received,Under Review
CB004796,TXN007375,CUST05199,MER07031,2024-12-11,44277.18,Service Not Received,Won
CB004797,TXN008692,CUST02810,MER07589,2024-11-04,22667.28,Fraud Suspected,Under Review
CB004798,TXN005266,UNKNOWN,MER07466,2024-10-26,98582.72,Fraud Suspected,Open
CB004799,TXN007964,CUST09430,MER00027,2024-10-18,23654.23,Unauthorized Transaction,Open
CB004800,TXN004282,CUST06744,MER05076,2024-10-21,243.74,Service Not Received,Under Review
CB004801,TXN007059,CUST05434,MER01886,2025-01-26,348.5,Fraud Suspected,Under Review
CB004802,TXN002181,CUST06438,MER04372,2024-10-25,513.18,Service Not Received,Under Review
CB004803,TXN000353,CUST09325,MER07205,2024-08-15,589.24,Unauthorized Transaction,Lost
CB004804,TXN004406,CUST08081,,2024-07-02,19038.13,Unauthorized Transaction,Under Review
CB004805,TXN003009,CUST09992,MER07819,2024-02-29,9638.14,Unauthorized Transaction,Open
CB004806,TXN001158,,,2024-11-18,32323.13,Fraud Suspected,Won
CB004807,TXN003026,CUST05491,MER04839,2024-07-23,4718.26,Product Not Received,Open
CB004808,TXN007034,CUST08801,MER00225,2024-02-29,1573.87,Duplicate Charge,Open
CB004809,TXN005410,CUST02713,MER04133,2024-02-20,284.46,Service Not Received,Lost
CB004810,TXN008859,CUST02491,MER04679,2024-11-28,98440.08,Fraud Suspected,Open
CB004811,TXN002398,CUST01487,MER04901,2024-04-16,1801.43,Product Not Received,Open
CB004812,TXN007151,CUST07723,MER00932,2024-07-10,1938.78,Fraud Suspected,Won
CB004813,TXN001247,CUST06037,MER03123,,68632.11,Duplicate Charge,Open
CB004814,TXN002150,CUST07340,MER07168,2024-09-13,440.23,Fraud Suspected,Lost
CB004815,TXN003131,CUST05199,MER05874,2024-09-02,32092.6,Duplicate Charge,Won
CB004816,TXN004883,CUST02941,MER02993,2024-04-17,73429.4,Duplicate Charge,Under Review
CB004817,TXN004549,CUST03486,MER02111,2024-09-19,30945.83,Duplicate Charge,Won
CB004818,TXN000362,CUST00675,,2024-11-15,8672.39,Product Not Received,Open
CB004819,TXN006859,CUST00162,MER08174,2024-11-07,331.29,Fraud Suspected,Won
CB004820,TXN002708,CUST09293,MER01782,2024-01-30,5088.06,Duplicate Charge,Open
CB004821,TXN009715,CUST04167,MER05742,2024-12-04,307.15,Unauthorized Transaction,Won
CB004822,TXN008830,CUST04781,MER07960,2024-06-09,55626.99,Duplicate Charge,Open
CB004823,TXN008981,CUST04450,MER03343,2024-11-04,1306.92,Fraud Suspected,Won
CB004824,TXN001567,CUST00277,,2025-01-25,342.56,Unauthorized Transaction,Open
CB004825,TXN005769,CUST06303,MER08054,2024-11-17,7074.42,Unauthorized Transaction,Under Review
CB004826,TXN003201,CUST00948,MER04640,2025-01-09,,Unauthorized Transaction,Lost
CB004827,TXN001854,CUST01551,MER00725,2024-12-09,45137.06,Service Not Received,Won
CB004828,TXN005222,CUST09869,MER00731,2024-10-22,6243.78,Product Not Received,Open
CB004829,TXN004620,CUST08696,MER02578,2024-05-07,1502.06,Service Not Received,Open
CB004830,TXN004526,CUST06463,MER07830,2024-10-12,13930.13,Fraud Suspected,Under Review
CB004831,TXN003867,CUST08338,MER07714,2024-03-01,14481.13,Product Not Received,Lost
CB004832,TXN001668,CUST00146,MER06921,2024-04-13,4129.9,Product Not Received,Lost
CB004833,TXN009053,CUST05487,MER01896,2024-07-10,62.01,Fraud Suspected,Open
CB004834,,CUST04116,MER01852,2024-10-12,736.26,Product Not Received,Under Review
CB004835,TXN004179,CUST05612,MER08630,2024-06-16,1324.88,Fraud Suspected,Lost
CB004836,TXN004347,CUST05274,MER08486,2024-08-31,1610.63,Service Not Received,Won
CB004837,TXN009680,CUST04286,MER08513,2024-11-10,920.16,Product Not Received,Won
CB004838,TXN005076,CUST08462,MER03984,2024-04-15,791.35,Duplicate Charge,Open
CB004839,TXN003003,CUST04177,MER04609,2024-07-22,1382.29,Product Not Received,Under Review
CB004840,TXN008930,CUST02013,MER00619,2025-01-07,287.37,Duplicate Charge,Under Review
CB004841,TXN008904,CUST01910,MER08572,2024-09-23,958.28,Duplicate Charge,Won
CB004842,TXN008409,CUST05212,MER05785,2024-06-25,48689.38,Duplicate Charge,Open
CB004843,TXN004138,CUST05055,MER07038,2024-03-24,15771.52,Service Not Received,Won
CB004844,TXN004825,CUST00164,MER09804,2024-08-26,1166.21,Fraud Suspected,Won
CB004845,TXN008818,CUST09889,MER06571,2024-11-23,1930.9,Service Not Received,Under Review
CB004846,TXN006925,CUST01693,MER07180,2024-02-23,489.01,Unauthorized Transaction,Lost
CB004847,TXN008460,CUST02280,MER05870,2024-07-20,145.56,Service Not Received,Open
CB004848,TXN007868,CUST01994,MER07499,2024-04-06,322.91,Duplicate Charge,Open
CB004849,TXN005765,CUST05418,MER01613,2024-11-07,651.79,Duplicate Charge,Open
CB004850,TXN003602,CUST06889,MER05205,2025-01-12,3344.86,Fraud Suspected,Open
CB004851,TXN001502,CUST08755,MER03220,2024-04-03,669.96,Unauthorized Transaction,Under Review
CB004852,TXN007068,CUST08711,MER05030,2024-12-04,1411.89,Unauthorized Transaction,Won
CB004853,TXN005618,CUST07449,MER00546,2024-10-09,392.74,Product Not Received,Open
CB005250,TXN002218,CUST02232,MER06602,2024-06-29,28969.0,Product Not Received,Won
CB004855,TXN002665,CUST01879,MER08858,2024-12-25,6089.52,Product Not Received,Under Review
CB004856,TXN004972,CUST06018,MER07384,2024-07-20,12644.98,Duplicate Charge,Open
CB004857,TXN001391,CUST05626,MER02298,2024-08-04,17529.2,Product Not Received,Under Review
CB004858,TXN002614,CUST08107,MER03698,2024-11-22,5297.13,Duplicate Charge,Under Review
CB004859,TXN003405,CUST06697,MER06227,2024-10-22,1755.66,Service Not Received,Under Review
CB004860,TXN003354,CUST04478,MER08990,2024-04-17,425.35,Duplicate Charge,Open
CB004861,TXN009333,CUST07291,MER05022,2024-07-29,1676.71,Product Not Received,Under Review
CB004862,TXN002938,CUST01274,MER09386,2024-10-14,1932.24,Product Not Received,Under Review
CB004863,TXN000165,CUST05647,MER09522,2025-01-05,62183.66,Service Not Received,Open
CB004864,TXN001095,CUST09537,MER08807,2024-11-13,17890.46,Product Not Received,Lost
CB004865,TXN002946,CUST03191,MER06901,2024-07-12,14639.38,Duplicate Charge,Under Review
CB004866,TXN005828,CUST09711,MER09702,2024-07-26,5895.64,Unauthorized Transaction,Won
CB001345,TXN009804,CUST00523,MER03994,2024-02-05,99166.91,Fraud Suspected,Won
CB004868,TXN009602,CUST06244,MER07547,2024-07-16,13950.3,Service Not Received,Open
CB004869,TXN000728,CUST04737,MER06867,2024-08-05,,Unauthorized Transaction,Lost
CB004870,TXN009236,CUST05825,MER01768,2024-11-06,14167.49,Unauthorized Transaction,Under Review
CB004871,TXN008223,CUST04511,MER05176,2024-09-19,83092.77,Service Not Received,Open
CB004872,TXN005475,CUST08142,MER08696,2024-06-22,4876.25,Service Not Received,Won
CB004873,TXN007193,CUST07465,MER00422,2024-06-29,9287.47,Service Not Received,Under Review
CB004874,TXN004837,CUST09873,MER06154,2024-11-16,970.65,Unauthorized Transaction,Won
CB004875,TXN008472,CUST06182,MER00627,2024-07-23,43286.84,Unauthorized Transaction,Open
CB004876,TXN004013,CUST09052,MER00636,2024-01-12,45750.4,,Lost
CB004877,TXN008695,CUST07551,MER01310,2024-09-25,11388.25,Service Not Received,Under Review
CB004878,TXN006134,CUST01458,MER03850,2024-06-24,1596.82,Unauthorized Transaction,Lost
CB004879,TXN002698,CUST04966,MER05494,2024-11-20,75.11,Unauthorized Transaction,Under Review
CB004880,TXN001302,CUST00097,MER00320,2024-05-17,13847.52,Product Not Received,Lost
CB004881,TXN003422,CUST07681,MER00453,2024-08-05,747.24,Fraud Suspected,Open
CB004882,TXN001660,CUST04240,MER08110,2025-01-13,18238.39,Unauthorized Transaction,Open
CB004883,TXN006966,CUST02222,MER08748,2024-06-20,98775.68,Service Not Received,Won
CB004884,TXN007119,CUST05153,MER07220,2024-06-06,1001.45,Duplicate Charge,Under Review
CB004885,TXN002518,CUST01658,MER05473,2025-01-15,14695.68,Product Not Received,Open
CB004886,TXN000466,CUST08732,MER09771,2024-08-04,682.5,Unauthorized Transaction,Open
CB004887,TXN003980,CUST03953,MER05027,2025-01-01,21429.06,Service Not Received,Open
CB004888,TXN002570,CUST09881,MER02300,2024-08-16,39968.96,Duplicate Charge,Open
CB004889,TXN002499,CUST05546,MER01671,2024-06-24,40738.96,Service Not Received,Won
CB004890,TXN000826,CUST07593,MER05301,2024-02-21,N/A,Fraud Suspected,Open
CB004891,TXN004539,CUST00214,MER00303,2024-10-08,69.12,Fraud Suspected,Won
CB004892,,CUST04941,MER08010,2024-11-16,85957.21,Service Not Received,Lost
CB004893,TXN002780,CUST04513,MER04788,2024-12-22,23330.16,Fraud Suspected,Open
CB004894,TXN002413,CUST09768,MER07844,2024-08-18,21916.88,,Open
CB004895,TXN005982,CUST01026,MER05110,2024-04-26,91023.63,Unauthorized Transaction,Lost
CB004896,TXN003977,CUST05884,MER02094,2025-01-31,5902.24,Fraud Suspected,Lost
CB004897,TXN004640,CUST09628,MER05634,2024-06-10,,Unauthorized Transaction,Under Review
CB004898,TXN008811,CUST05257,MER04121,2024-09-21,7201.04,Service Not Received,Under Review
CB004899,TXN001807,CUST00230,MER06894,2024-12-20,495.76,Service Not Received,Won
CB004900,TXN005120,CUST04652,MER00910,2024-09-05,9467.69,Unauthorized Transaction,Lost
CB004901,TXN002169,CUST05314,MER05346,2025-01-10,17671.1,Duplicate Charge,Under Review
CB004902,TXN006824,CUST03175,MER01147,2024-08-15,22685.72,Product Not Received,Open
CB004903,TXN001406,CUST01623,MER00839,2024-06-08,1478.12,Unauthorized Transaction,Open
CB004904,TXN001669,CUST01091,MER05263,2024-11-29,7241.46,Unauthorized Transaction,Won
CB004905,TXN005481,CUST01833,MER04358,2024-06-18,5850.32,Service Not Received,Won
CB004906,TXN002003,CUST09073,MER02802,2024-08-31,31026.01,Service Not Received,Under Review
CB004907,TXN007699,CUST01733,MER06395,2024-10-07,6471.62,Service Not Received,Under Review
CB004908,TXN006379,CUST00414,MER04522,2025-01-21,1701.98,Unauthorized Transaction,Lost
,TXN008531,CUST06408,MER04414,2024-07-19,1733.82,Fraud Suspected,Under Review
CB004910,TXN002690,,MER08795,2024-12-26,8739.3,Service Not Received,Under Review
CB004911,TXN009912,CUST04119,MER09808,2024-02-06,1769.32,Product Not Received,Won
CB004912,TXN003861,CUST03692,MER06547,2024-03-15,33512.99,Service Not Received,Lost
CB004913,TXN002550,CUST06374,MER06453,2024-06-08,20546.99,Duplicate Charge,Under Review
CB004914,TXN008554,CUST00580,MER02463,2024-09-09,4050.98,Unauthorized Transaction,Lost
CB004915,TXN000218,CUST03821,MER05566,2024-04-03,398.03,Product Not Received,Won
CB004916,TXN004259,CUST02118,MER02841,2024-04-09,1979.24,Fraud Suspected,Won
CB004917,TXN005502,CUST01742,MER05920,2024-06-26,41474.62,Unauthorized Transaction,Under Review
CB004918,TXN009426,CUST04737,MER07046,2024-11-24,802.24,Service Not Received,Open
CB004919,TXN008041,CUST03302,MER09157,2024-02-21,2663.78,Fraud Suspected,Open
CB004920,TXN001174,CUST02046,MER05701,2024-05-27,51293.58,Service Not Received,Open
CB004921,TXN009474,CUST08256,MER06394,2024-06-25,454.8,Product Not Received,Under Review
CB004922,TXN000863,CUST01274,MER00414,2024-03-26,86727.22,Fraud Suspected,Lost
CB004923,TXN001405,CUST04757,MER06627,2025-01-13,8150.63,Product Not Received,Won
CB004924,TXN000571,CUST01861,MER02816,2024-04-07,76234.54,Duplicate Charge,Under Review
CB004925,TXN009468,CUST08823,MER00249,2024-09-23,1076.07,Duplicate Charge,Open
CB004926,TXN006655,CUST00508,MER03658,2024-11-19,10319.74,Fraud Suspected,Open
CB004927,TXN006763,CUST02495,MER02761,2025-01-07,2653.99,Service Not Received,Won
CB004928,TXN008529,CUST05077,MER04501,2024-05-17,33516.57,Service Not Received,Open
CB004929,TXN006568,CUST09386,MER08639,2025-01-25,32231.9,Product Not Received,Lost
CB004930,TXN005757,CUST05846,MER05727,,11969.54,Product Not Received,Under Review
CB004931,TXN000330,CUST00209,MER00889,2024-07-20,2095.36,Unauthorized Transaction,Open
CB004932,TXN005121,CUST04363,MER01930,2024-04-18,2177.7,Fraud Suspected,Open
CB004933,TXN008075,CUST03712,MER07753,2024-07-20,1272.91,Duplicate Charge,Lost
CB004934,TXN002901,CUST04383,MER06807,2024-07-28,5532.57,Product Not Received,Under Review
CB004935,TXN004864,CUST04067,MER07927,2024-04-19,5768.87,Fraud Suspected,Lost
CB004936,TXN000077,CUST08579,MER03682,2024-12-03,43925.98,Duplicate Charge,Under Review
CB004937,TXN006143,CUST09663,,2024-10-08,32534.4,Service Not Received,Lost
CB004938,TXN006739,CUST04068,MER04445,2024-10-08,12587.46,Service Not Received,Won
CB004939,TXN006662,CUST00185,MER06345,2024-12-14,2032.03,Service Not Received,Under Review
CB004940,TXN002439,CUST08618,MER00616,,774.53,Service Not Received,Won
CB004941,TXN004089,CUST05450,MER06528,2025-02-08,1038.28,Duplicate Charge,Won
CB004942,TXN001431,CUST06670,MER07083,2024-03-27,3266.02,Duplicate Charge,Open
CB004943,TXN007818,CUST06207,MER07381,2024-07-05,23855.95,Fraud Suspected,Under Review
CB004944,TXN005042,CUST07793,MER06012,2024-02-06,679.86,Fraud Suspected,Under Review
CB004945,TXN008869,CUST00548,MER05265,2024-12-10,27501.89,Product Not Received,Open
CB004946,TXN006670,CUST02309,MER07423,2024-06-16,1461.96,Product Not Received,Under Review
CB004947,TXN006447,CUST03398,MER04231,2024-05-31,480.92,,Open
CB004948,TXN000062,CUST01062,MER07636,2024-10-15,109193.4,Product Not Received,Open
CB004949,TXN007669,CUST02787,MER00846,2024-11-28,8317.67,Unauthorized Transaction,
CB004950,TXN003725,CUST05464,MER06425,2024-05-12,1771.78,Duplicate Charge,Under Review
CB004951,TXN002840,CUST06011,MER04699,2024-08-01,53384.35,Duplicate Charge,Open
CB004952,TXN008194,CUST09082,MER00749,2024-04-12,2255.16,Unauthorized Transaction,Won
CB004953,TXN006854,CUST09822,MER05124,2024-08-05,43651.66,Fraud Suspected,Lost
CB004954,TXN001955,CUST02303,MER00454,2024-02-03,699.69,Product Not Received,Open
CB004955,TXN009656,CUST01146,MER03636,2024-10-03,4640.79,Duplicate Charge,Open
CB004956,TXN008402,CUST08847,MER04154,2024-05-11,1215.73,Unauthorized Transaction,Won
CB004957,TXN003177,CUST08376,MER07414,2024-05-30,84958.32,Duplicate Charge,Lost
CB004958,TXN000152,CUST05225,MER02042,2024-06-09,273.82,Product Not Received,Lost
CB004959,TXN007974,CUST08643,MER00454,2024-07-28,54319.73,,Lost
CB004960,TXN002241,CUST05629,MER01610,2024-10-07,82299.53,Duplicate Charge,Won
CB004961,TXN005497,CUST05604,MER06869,2024-12-17,3948.86,Product Not Received,Won
CB004962,TXN001571,CUST01212,MER05570,2024-07-31,17631.23,Unauthorized Transaction,Under Review
CB004963,TXN000149,CUST05901,MER08517,2024-07-07,23222.23,Duplicate Charge,Lost
CB004964,TXN008199,CUST03473,MER06215,2024-10-03,444.32,Duplicate Charge,Under Review
CB004965,TXN001784,CUST02605,MER07677,2024-03-20,6271.5,Fraud Suspected,Open
CB009200,TXN006227,CUST00476,MER08936,2024-05-15,80527.42,Fraud Suspected,Lost
CB004967,TXN003070,CUST07045,MER02108,2024-02-29,1213.11,Service Not Received,Under Review
CB004968,TXN000003,CUST00727,MER03163,2024-05-01,38769.56,Fraud Suspected,Lost
CB004969,TXN006216,CUST03520,MER05825,2024-12-13,9609.96,Unauthorized Transaction,Open
CB004970,TXN006070,CUST08348,MER05649,2024-04-16,64480.34,Unauthorized Transaction,Under Review
,TXN004595,CUST03167,MER05541,2024-02-28,5562.1,Duplicate Charge,Won
CB004972,TXN002220,CUST02170,MER06976,2024-06-08,58875.62,Fraud Suspected,Lost
CB004973,TXN003636,CUST08922,MER06557,2024-11-25,1453.22,Fraud Suspected,Won
CB004974,TXN009291,CUST05939,MER03520,2024-06-03,728.57,Service Not Received,Won
CB004975,TXN004632,CUST02628,MER08910,2024-08-27,310.12,Duplicate Charge,Under Review
CB004976,TXN006596,CUST02981,,2024-04-10,N/A,Fraud Suspected,Open
CB004977,TXN006701,CUST00138,MER01664,2024-09-29,42109.32,Unauthorized Transaction,Won
CB004978,TXN001034,CUST08481,MER01439,2024-09-28,1353.02,Unauthorized Transaction,Open
CB004979,TXN008444,CUST00318,MER04312,,841.72,Unauthorized Transaction,Open
CB004980,TXN003855,CUST02536,MER01454,2024-09-05,3192.83,Unauthorized Transaction,Lost
CB004981,TXN002263,CUST06596,MER03638,2024-11-24,1223.76,Product Not Received,Lost
CB004982,TXN004406,CUST08081,MER07255,2024-06-16,9519.06,Unauthorized Transaction,Open
CB004983,TXN006825,CUST01467,MER02091,2024-02-25,10140.13,Unauthorized Transaction,Lost
CB004984,TXN000321,CUST01042,MER09558,2024-10-16,486.68,Duplicate Charge,Won
CB004985,TXN003820,UNKNOWN,MER00863,2024-10-16,58789.45,Service Not Received,Won
CB004986,TXN000648,CUST08546,MER00975,2024-03-19,43560.76,Unauthorized Transaction,Under Review
CB004987,TXN003475,CUST03059,MER09506,2025-01-13,73442.03,Product Not Received,Open
CB004988,TXN002668,CUST05313,MER07120,2024-11-15,12132.14,Product Not Received,Open
CB004989,TXN002042,CUST01703,MER01288,2024-07-02,38794.61,Service Not Received,Won
CB004990,TXN007405,CUST03671,MER00526,2024-03-13,6978.25,Unauthorized Transaction,Lost
CB004991,TXN007732,CUST00442,MER07172,2024-05-26,34847.1,Duplicate Charge,Under Review
CB004992,TXN004465,CUST00894,MER08317,2024-08-29,13102.84,Unauthorized Transaction,Won
CB004993,TXN008006,CUST06449,MER00014,2025-02-07,7241.38,Fraud Suspected,Won
CB004994,TXN007085,CUST07781,MER09159,2024-11-05,57926.61,Service Not Received,Lost
CB004995,TXN008399,CUST06914,MER02219,2024-04-28,10558.68,Product Not Received,Won
CB004996,TXN001790,CUST02293,MER01105,2024-11-20,72480.08,Unauthorized Transaction,Open
CB004997,TXN009606,CUST02399,MER08344,2025-01-29,193.28,Unauthorized Transaction,Won
CB004998,TXN003536,UNKNOWN,MER04795,2024-12-10,,Fraud Suspected,Open
CB004999,TXN004343,CUST04487,,2024-10-16,1166.86,Product Not Received,Open
CB005000,TXN004486,CUST05144,MER08674,2024-07-23,107.87,Duplicate Charge,Won
CB005001,TXN005322,CUST05687,MER08045,2024-06-25,17392.94,Product Not Received,Won
CB005002,TXN009348,CUST03621,MER08335,2024-03-20,16561.47,Fraud Suspected,Under Review
CB005003,TXN008225,,MER04422,2024-09-12,2358.0,Fraud Suspected,Under Review
CB005004,TXN009818,CUST05703,MER09681,2024-07-07,41905.4,Duplicate Charge,Lost
CB005005,TXN006853,CUST08861,MER07065,2024-08-08,162.94,Duplicate Charge,Open
CB005006,TXN001553,CUST07600,MER08591,2024-04-16,4607.83,Duplicate Charge,Won
CB005007,TXN000602,CUST01032,MER08944,2024-11-28,1137.14,Product Not Received,Lost
CB005008,TXN005889,CUST07960,MER08083,2024-03-28,1438.57,Duplicate Charge,Lost
,TXN000609,CUST05371,MER06024,2024-10-29,183.17,Product Not Received,Under Review
CB005010,TXN004312,CUST07808,MER04915,2024-04-24,675.5,Fraud Suspected,
CB005011,TXN009200,CUST06906,MER05109,2024-06-13,75169.72,Duplicate Charge,Won
CB005012,TXN003476,CUST09831,MER01183,2024-02-25,140.18,Unauthorized Transaction,Under Review
CB005013,TXN005827,CUST04109,MER09086,2024-08-01,60977.6,Unauthorized Transaction,Open
CB005014,TXN002569,CUST02177,MER05781,2024-01-09,17342.37,Unauthorized Transaction,Under Review
CB005015,TXN002524,CUST05392,MER09842,2024-04-17,11582.82,Unauthorized Transaction,Won
CB005016,TXN006788,CUST03756,MER04226,2024-03-05,8171.8,Product Not Received,Open
CB005017,TXN000056,CUST05559,MER05096,2024-08-21,35780.75,Unauthorized Transaction,Won
CB005018,TXN004488,CUST08494,MER06558,2024-12-22,700.59,Product Not Received,Won
CB005019,TXN003361,CUST05069,MER09284,2024-02-01,1506.48,Duplicate Charge,Under Review
CB005020,TXN006957,CUST01205,MER08119,2024-11-06,3959.24,Unauthorized Transaction,Open
CB005021,TXN001870,CUST09450,MER05825,2024-11-05,80186.45,Fraud Suspected,Under Review
CB005022,TXN008268,CUST07827,MER09621,2024-07-04,93526.39,Fraud Suspected,Open
CB005023,TXN009971,CUST05146,MER04272,2024-06-20,13894.33,Unauthorized Transaction,Lost
CB005024,TXN006951,CUST03396,MER08353,2024-06-25,1427.85,Product Not Received,Under Review
CB005025,TXN003603,CUST02594,MER08007,2024-05-01,47750.77,Product Not Received,Open
CB005026,TXN004744,CUST06719,MER08485,2024-10-08,39002.94,Unauthorized Transaction,Open
CB005027,TXN003828,CUST01440,MER04960,2024-11-05,303.24,Duplicate Charge,Won
CB005028,TXN003743,CUST03094,MER03652,2024-06-01,38640.8,Product Not Received,Under Review
CB005029,TXN002436,CUST08475,MER07547,2024-11-28,62995.8,Duplicate Charge,Under Review
CB005030,TXN007096,CUST06264,MER01514,,46304.49,Product Not Received,Open
CB005031,TXN003654,CUST08704,MER03541,2024-10-18,321.38,Fraud Suspected,Lost
CB005032,TXN004181,CUST09939,MER08704,2024-12-21,36824.13,Service Not Received,Open
CB005033,TXN002175,CUST04198,MER09279,2024-10-22,26538.58,Fraud Suspected,Under Review
CB005034,TXN000373,CUST08907,MER08913,2024-03-03,2415.64,Fraud Suspected,Open
CB005035,TXN007726,CUST09245,MER00471,2024-01-31,21251.34,Unauthorized Transaction,Lost
CB005036,TXN006315,CUST00454,MER05754,2024-05-03,9740.57,Service Not Received,Lost
CB005037,TXN008750,CUST04015,MER05713,2024-05-16,54519.76,Service Not Received,Won
CB005038,TXN005667,CUST07836,MER02056,2024-02-21,16212.49,Unauthorized Transaction,Under Review
CB005039,TXN005702,CUST03972,MER02430,2024-03-16,22480.76,Duplicate Charge,Won
CB005040,TXN008017,CUST05429,MER08640,2024-09-20,958.71,Product Not Received,Lost
CB005041,TXN007257,CUST01022,MER09872,2025-02-04,6969.32,Duplicate Charge,Open
CB005042,TXN000708,CUST04735,MER05533,2024-07-23,62010.48,Duplicate Charge,Under Review
CB005043,TXN005139,CUST09739,MER03768,2024-11-21,9166.86,Fraud Suspected,Won
CB005044,TXN008500,CUST01361,MER05535,2024-11-04,872.67,Duplicate Charge,Open
CB005045,TXN003154,CUST06081,MER02812,2024-02-16,1186.0,Duplicate Charge,Won
CB005046,TXN000235,CUST05061,MER06698,,432.47,Duplicate Charge,Won
CB005047,TXN008185,CUST01002,MER00951,2024-08-10,79156.11,Service Not Received,Lost
CB005048,TXN006633,CUST07464,MER01413,2024-12-18,212.28,Duplicate Charge,Won
CB005049,TXN004418,CUST02001,MER08995,2024-04-30,79789.95,Fraud Suspected,Won
CB005050,TXN008189,CUST04195,MER06908,2024-08-22,509.95,Unauthorized Transaction,Lost
CB005051,TXN001296,CUST04029,MER00749,2024-10-06,28381.76,Service Not Received,Open
CB005052,TXN004149,CUST06783,MER02120,2024-02-05,537.77,Product Not Received,Open
CB005053,TXN004573,CUST07050,MER08292,2024-07-12,147.48,Unauthorized Transaction,Lost
CB005054,TXN008469,CUST00929,MER08262,2024-05-01,18350.46,Product Not Received,Open
CB005055,TXN002344,CUST03081,MER09509,2024-04-19,21500.56,Fraud Suspected,Won
CB005056,TXN001117,CUST05857,MER04714,2024-06-28,73657.61,Product Not Received,Open
CB005057,TXN006520,CUST04798,MER00138,2024-04-23,834.4,Fraud Suspected,Under Review
CB005058,,CUST03089,MER02884,2024-09-21,697.35,Service Not Received,Under Review
CB001745,TXN008085,CUST01913,MER07609,2024-03-30,21077.27,Duplicate Charge,Won
CB005060,TXN001492,CUST02597,MER02946,2024-09-04,5113.11,Unauthorized Transaction,Under Review
CB005061,TXN003595,CUST00187,MER08050,2024-12-03,2144.89,Duplicate Charge,Won
CB005062,TXN008953,CUST08085,MER06673,2024-03-26,59975.92,Fraud Suspected,Won
CB005063,TXN002329,CUST08498,MER01772,2024-08-01,1515.88,Fraud Suspected,Under Review
CB005064,TXN008919,CUST09109,MER00736,2024-08-05,44759.32,Fraud Suspected,Won
CB005065,TXN004021,CUST00038,MER06777,2024-02-21,11072.44,,Lost
CB005066,TXN002247,CUST02664,MER04327,2024-11-16,872.18,Fraud Suspected,Open
CB005067,,CUST03178,MER04114,2024-09-26,62476.88,Product Not Received,Won
CB005068,TXN005395,CUST00727,MER06540,2024-01-19,841.38,Fraud Suspected,Won
CB005069,TXN005889,CUST07960,MER08083,2024-04-29,1654.36,Unauthorized Transaction,Lost
CB005070,TXN003458,CUST01648,MER00117,2024-02-19,33965.31,Unauthorized Transaction,Won
CB005071,TXN007654,CUST00824,MER00842,2024-02-23,18555.01,Unauthorized Transaction,Lost
CB005072,TXN003870,CUST01915,MER06102,2024-03-01,1333.2,,Lost
CB005073,TXN003584,CUST06431,MER08591,2024-06-20,14816.32,Service Not Received,Open
CB005074,TXN006543,CUST01781,MER04886,2024-02-06,968.34,Product Not Received,Won
CB005075,TXN007154,CUST03111,MER09853,2024-11-21,18613.68,Service Not Received,Under Review
CB005076,TXN003921,CUST04868,MER01970,2024-08-01,1355.52,Service Not Received,Lost
CB005077,TXN000497,CUST02812,MER09339,2024-09-17,1340.61,Fraud Suspected,Open
CB005078,TXN005345,CUST02143,MER06524,2024-10-29,4492.17,Unauthorized Transaction,Won
CB005079,TXN008202,CUST08084,MER05689,2024-05-16,45101.99,Fraud Suspected,Lost
CB005080,TXN006257,CUST03419,MER00434,2024-07-10,90114.89,Service Not Received,Open
CB005081,TXN008328,CUST04669,MER09450,2024-01-31,14357.75,Service Not Received,Open
CB005082,TXN000092,CUST00670,MER07917,2024-06-16,66123.49,Product Not Received,Open
CB005083,TXN008204,CUST02279,MER09066,2024-05-02,1686.26,Duplicate Charge,Under Review
CB005084,TXN007911,CUST07353,MER03183,2024-11-07,46931.18,Product Not Received,Open
CB005085,TXN008095,CUST00910,MER09954,2024-05-17,89395.88,Product Not Received,Won
CB005086,TXN006716,CUST01692,MER02239,2024-08-10,103.34,Service Not Received,Won
CB005087,TXN005760,CUST04194,MER04072,2024-06-06,466.3,Duplicate Charge,Open
CB005088,TXN003604,CUST06773,MER01912,2024-07-01,803.03,Product Not Received,Open
CB005089,TXN002492,CUST04971,MER05692,2024-05-31,22976.45,Product Not Received,Lost
CB005090,TXN000603,CUST04956,MER06687,2024-06-11,921.4,Product Not Received,Lost
CB005091,TXN007821,CUST09302,MER04772,2024-12-08,12098.56,Unauthorized Transaction,Lost
CB005092,TXN003394,CUST02133,MER04904,2024-03-05,17876.81,Duplicate Charge,Won
CB005093,TXN006599,CUST02826,MER09640,2024-09-01,1784.9,Service Not Received,Open
CB005094,TXN008683,CUST09313,MER09113,2024-03-17,1295.91,Product Not Received,Lost
CB000331,TXN007986,CUST01808,MER09362,2024-11-25,,Service Not Received,Won
CB005096,TXN007391,CUST08348,MER01738,2024-04-07,34782.39,Service Not Received,Under Review
CB005097,TXN009646,CUST00116,MER01966,,32352.54,Fraud Suspected,Open
CB005098,TXN002346,CUST01232,,2024-10-10,1556.88,Fraud Suspected,Won
CB005099,TXN003159,CUST04924,MER05197,2024-08-18,1899.97,Unauthorized Transaction,Won
CB005100,TXN007861,CUST08706,MER01161,2025-01-01,89699.7,Unauthorized Transaction,Won
CB005101,TXN007804,CUST01939,MER00268,2024-05-24,14035.62,Service Not Received,Won
CB005102,TXN007238,CUST06394,MER05044,2024-08-28,29190.4,Service Not Received,Under Review
CB005103,TXN009540,CUST05364,MER05310,2024-05-28,18047.47,Fraud Suspected,Won
CB005104,TXN006775,,MER09521,2025-01-10,503.54,Product Not Received,Won
CB005105,TXN008736,CUST09001,MER04037,2024-11-05,26802.28,Product Not Received,Under Review
CB005106,TXN008277,CUST06432,MER05509,2024-05-24,74394.08,Unauthorized Transaction,Open
CB005107,TXN002072,CUST08124,MER06888,2024-04-22,3841.6,Fraud Suspected,Lost
CB005108,TXN000798,CUST00283,MER04582,2025-01-15,4926.51,Fraud Suspected,Lost
CB005109,TXN002382,CUST02771,UNKNOWN,2024-10-20,1224.9,Product Not Received,Open
CB005110,TXN009699,CUST08536,MER06445,2024-12-10,74.16,Service Not Received,Won
CB005111,TXN007545,CUST03921,MER03372,2024-09-26,1174.88,Unauthorized Transaction,Under Review
CB005112,TXN008689,CUST08669,MER03801,,4849.44,Service Not Received,Open
CB005113,TXN004949,CUST01744,,2024-05-23,5802.18,Unauthorized Transaction,Open
CB005114,TXN003718,CUST05623,MER07703,2024-09-01,49474.77,Product Not Received,Under Review
CB005115,TXN008686,CUST08890,MER02670,2024-07-27,1295.39,Duplicate Charge,Under Review
CB005116,TXN009975,CUST01809,MER09549,2024-12-13,47938.38,Service Not Received,Won
CB005117,TXN002681,CUST07175,MER09479,2024-02-04,79034.72,Service Not Received,Won
CB005118,TXN003992,CUST03741,MER04309,2024-09-27,9649.34,Duplicate Charge,Under Review
CB005119,TXN001376,CUST00055,MER04037,2025-01-10,43023.21,Product Not Received,Open
CB005120,TXN005850,CUST05338,MER06199,2024-11-24,4214.0,Unauthorized Transaction,Open
CB005121,TXN001657,CUST03518,MER07418,2025-01-28,47252.08,Unauthorized Transaction,Won
CB005122,TXN001066,CUST01174,MER08038,2024-03-24,633.07,Fraud Suspected,Won
CB005123,TXN000662,CUST01076,MER00628,2024-12-27,12228.64,Fraud Suspected,Won
CB005124,TXN000981,CUST09816,MER02866,2024-09-28,8458.57,Product Not Received,Under Review
CB005125,TXN004097,CUST02884,MER01447,2024-06-07,6105.27,Fraud Suspected,Lost
,TXN006468,CUST09183,MER01774,2024-10-11,185.98,Service Not Received,Won
CB005127,TXN001857,CUST08987,MER01468,2024-03-10,1764.57,Service Not Received,Under Review
CB005128,TXN004600,CUST09617,MER06827,2024-06-10,1849.72,Service Not Received,Open
CB005129,TXN000774,CUST06542,MER07815,2024-07-30,975.76,Unauthorized Transaction,Open
CB005130,TXN001586,CUST06372,MER01561,2024-12-22,1495.67,Fraud Suspected,Open
CB005131,TXN006099,CUST05493,MER01521,2024-04-03,9082.91,Product Not Received,Under Review
CB005132,TXN006431,CUST06874,MER00591,2025-01-19,2078.43,Fraud Suspected,Open
CB005133,TXN000521,CUST03645,MER08982,2024-11-17,30545.08,Product Not Received,Open
CB005134,TXN003435,CUST02360,MER04870,2024-07-28,104347.1,Unauthorized Transaction,
CB005135,TXN003879,CUST03690,MER02747,2024-05-17,948.31,Fraud Suspected,Under Review
CB005136,TXN003140,CUST06460,MER02207,,N/A,Product Not Received,Open
CB005137,TXN004838,CUST00936,MER06262,2025-01-26,12143.72,Product Not Received,Lost
CB005138,TXN008315,CUST04877,MER02597,2025-01-23,,Product Not Received,Under Review
CB005139,TXN000089,CUST02145,MER04354,2024-07-24,3215.17,Product Not Received,Under Review
CB005140,TXN004254,CUST05737,MER05677,2024-02-23,1415.63,Duplicate Charge,Open
CB005141,TXN005323,CUST00208,MER01002,2024-09-17,15512.53,Product Not Received,Open
CB005142,TXN001766,CUST08765,MER00206,2024-08-28,95110.11,Service Not Received,Lost
CB005143,TXN001320,CUST06493,MER04040,2024-12-04,5750.49,Product Not Received,Won
CB005144,TXN005994,,MER03397,2024-05-16,9631.73,Product Not Received,Open
CB005145,TXN006779,CUST05135,MER04430,2025-01-23,1028.92,Unauthorized Transaction,Won
CB005146,TXN008164,CUST01893,MER09433,2024-09-07,7241.55,Service Not Received,Lost
CB005147,TXN005921,CUST04991,MER00673,2024-06-05,4031.9,Service Not Received,Under Review
CB005148,,CUST07909,MER07816,2024-06-02,50298.32,Fraud Suspected,Open
CB005149,,CUST07150,MER00989,2024-09-23,6520.43,Fraud Suspected,Open
CB005150,TXN008084,CUST07998,MER08287,2025-02-05,1468.92,Duplicate Charge,Under Review
CB005151,TXN009126,CUST01142,MER05353,2024-02-28,778.13,Duplicate Charge,Won
CB005152,TXN000858,CUST04269,MER03772,2024-03-17,96153.37,Fraud Suspected,Under Review
CB005153,TXN007433,CUST07572,MER04837,2024-08-31,1237.63,Fraud Suspected,Open
CB005154,TXN001462,CUST02447,MER05016,2024-06-29,18171.16,Unauthorized Transaction,Open
CB005155,TXN006599,CUST02826,MER09640,2024-09-16,892.45,Fraud Suspected,Under Review
CB005156,TXN005614,CUST06031,MER02226,2024-10-15,680.8,Product Not Received,Under Review
CB005157,TXN009118,CUST01880,MER07955,2024-02-14,1106.26,Unauthorized Transaction,Lost
CB005158,TXN006119,CUST03981,MER05209,2024-10-21,N/A,Service Not Received,Under Review
CB005159,TXN003997,CUST06483,MER02897,2025-02-14,51967.05,Fraud Suspected,Lost
CB005160,TXN004629,CUST04491,MER09704,2024-01-25,458.37,Product Not Received,Won
CB005161,TXN009712,CUST02620,MER03366,2024-10-26,91485.8,Service Not Received,Won
CB005162,TXN009721,CUST05648,MER03661,2024-04-24,1545.19,Service Not Received,Open
CB005163,TXN008372,CUST04186,MER02025,2024-06-08,7861.52,Duplicate Charge,Lost
CB005164,TXN002670,CUST05423,MER07709,2024-10-18,1833.59,Duplicate Charge,Under Review
CB005165,TXN002141,CUST09804,MER09686,2024-02-14,91.88,Service Not Received,Open
CB005166,TXN005376,CUST03534,MER04111,2024-11-24,7369.8,Unauthorized Transaction,Lost
CB005167,TXN004122,CUST01501,MER05223,2024-03-24,10498.94,Duplicate Charge,Under Review
CB005168,TXN004001,CUST04979,MER08210,2024-11-18,1383.22,Unauthorized Transaction,Won
CB005169,TXN005070,CUST01070,MER03755,2024-10-20,484.24,Service Not Received,Under Review
CB005170,TXN004717,CUST00314,MER06086,2024-04-05,95643.61,Fraud Suspected,Open
CB005171,TXN004218,CUST09645,MER04435,2024-08-15,16966.86,Duplicate Charge,Lost
CB005172,TXN000230,CUST09954,MER07850,2024-03-29,63907.61,Unauthorized Transaction,Under Review
CB005173,TXN008446,CUST01959,MER00881,2024-03-29,4970.46,Duplicate Charge,Won
CB005174,TXN005223,CUST04641,,2024-02-03,37641.6,Product Not Received,Lost
CB005175,TXN008723,CUST02985,MER01290,2024-03-06,19304.95,Product Not Received,Lost
CB005176,TXN004519,CUST01899,MER09428,2025-01-05,5361.5,Product Not Received,Open
,TXN002632,CUST09517,MER02014,2024-09-29,25414.21,Product Not Received,Lost
CB005178,TXN001983,CUST00862,MER09095,2024-08-11,601.46,Product Not Received,Open
CB005179,TXN007628,CUST03874,MER03667,2024-06-19,953.24,Fraud Suspected,Open
CB005180,TXN004632,CUST02628,MER08910,2024-07-06,155.06,Duplicate Charge,Lost
CB005181,TXN000063,CUST02303,,2024-05-10,698.81,Service Not Received,Lost
CB005182,TXN007779,CUST00307,MER08087,2024-03-10,34103.28,Unauthorized Transaction,Won
CB005183,TXN009418,CUST01130,MER09794,2024-11-06,1229.23,Product Not Received,Won
CB005184,TXN004415,CUST09095,MER05811,2024-03-02,68315.16,Service Not Received,Under Review
CB005185,UNKNOWN,CUST09990,MER07836,2024-11-26,13585.89,Product Not Received,Under Review
CB005186,TXN003105,CUST03672,MER05339,2024-09-19,994.78,Service Not Received,Under Review
CB005187,TXN008524,CUST09722,MER07835,2024-10-23,1702.84,Unauthorized Transaction,Open
CB005188,TXN005534,CUST09770,MER00657,2025-01-08,13029.46,Fraud Suspected,Won
CB005189,TXN002035,CUST02986,MER05125,2024-12-15,588.88,Unauthorized Transaction,Open
CB005190,TXN002914,CUST00202,MER05040,2024-02-20,80155.36,Fraud Suspected,Won
CB005191,TXN003314,CUST09092,MER08098,2024-05-01,189.87,Product Not Received,Under Review
CB005192,TXN003464,CUST01323,MER01131,2024-05-21,6134.83,Fraud Suspected,Won
CB005193,TXN001194,CUST08507,MER05469,2024-10-05,34798.63,Product Not Received,Won
CB005194,TXN008611,CUST03788,MER09339,2024-02-27,3549.7,Fraud Suspected,
CB005195,TXN010000,,MER00324,2024-06-12,4930.61,Duplicate Charge,Open
CB005196,TXN006562,CUST02823,MER03285,2024-02-21,13954.01,Duplicate Charge,Open
CB005197,TXN005028,CUST06310,MER08023,2024-08-19,13107.88,Product Not Received,Under Review
CB005198,TXN007740,CUST09197,MER05362,2024-07-13,2448.7,Service Not Received,Won
CB005199,TXN001705,CUST06948,MER02251,2025-01-27,2188.45,Product Not Received,Open
CB005200,TXN003149,CUST04696,MER05753,2024-07-15,2174.93,Service Not Received,Open
CB005201,TXN002328,CUST07052,UNKNOWN,2024-11-04,285.28,Duplicate Charge,Under Review
CB005202,TXN004789,CUST03272,MER01032,2024-05-22,17745.44,Duplicate Charge,Open
CB005203,TXN006895,CUST06167,MER00639,2024-07-06,41415.27,Product Not Received,Under Review
CB005204,TXN006876,CUST05407,MER00598,2024-06-05,1879.16,Fraud Suspected,Open
CB005205,TXN006852,CUST01014,MER03834,2024-10-09,835.86,Duplicate Charge,Open
CB005206,TXN002876,CUST09648,MER00267,,96748.64,Service Not Received,Under Review
CB005207,TXN001232,CUST08400,MER03348,2024-03-28,80691.59,Product Not Received,Won
CB005208,TXN009300,CUST08701,MER06027,2025-01-07,84262.6,Unauthorized Transaction,Under Review
CB005209,TXN006055,CUST04625,MER03582,2024-07-23,35628.34,Product Not Received,Won
CB005210,TXN005216,CUST02019,MER05273,2024-08-20,21241.54,Fraud Suspected,Open
CB005211,TXN008310,CUST05428,MER08480,2024-05-04,20937.22,Service Not Received,Under Review
CB005212,TXN007037,CUST06807,MER02202,2024-07-02,27799.77,Unauthorized Transaction,Open
CB005213,TXN001675,CUST01621,MER09462,2024-06-18,8025.16,Product Not Received,Open
CB005214,TXN008549,CUST04144,MER08003,2024-08-29,73168.21,Product Not Received,Open
CB005215,TXN009414,CUST03564,MER02520,2024-11-21,7717.3,Product Not Received,Open
CB005216,TXN002212,CUST09668,MER01267,2024-09-09,45911.32,Product Not Received,Won
CB005217,TXN007942,,MER08922,2024-07-05,108157.28,Service Not Received,Open
CB005218,TXN006345,CUST09591,MER09961,2024-01-20,1567.25,Unauthorized Transaction,Under Review
CB005219,TXN003531,CUST07508,MER03777,2024-04-06,78197.21,Fraud Suspected,Open
CB005220,TXN008265,CUST06204,MER02386,2024-02-14,796.94,Duplicate Charge,Open
CB005221,TXN008508,CUST02571,MER01823,2024-03-15,5674.24,Product Not Received,Open
CB005222,TXN002575,CUST04253,MER00946,2024-03-06,20412.39,Duplicate Charge,Open
CB005223,TXN004745,CUST05722,MER06289,2025-01-27,478.11,Fraud Suspected,Won
CB009947,,CUST09033,MER03959,2024-09-06,18344.7,Service Not Received,Under Review
CB005225,TXN004896,CUST04230,MER06296,2024-12-06,59972.47,Unauthorized Transaction,Open
CB005226,TXN005049,CUST05095,MER08786,2025-02-15,1645.66,Unauthorized Transaction,Open
CB005227,TXN001713,CUST03414,MER07466,2024-12-16,22031.31,Duplicate Charge,Lost
CB005228,TXN000395,CUST03956,,2025-02-01,355.63,Unauthorized Transaction,Under Review
CB005229,TXN009132,CUST00202,MER04288,2024-03-21,7163.28,Duplicate Charge,Under Review
CB005230,TXN006232,CUST04119,MER08714,2024-07-01,8015.42,Unauthorized Transaction,Open
CB005231,TXN007130,CUST02136,MER04573,2024-07-11,10883.83,Product Not Received,Under Review
CB005232,TXN001439,CUST01433,MER01066,2024-11-06,N/A,Unauthorized Transaction,Won
CB005233,TXN005115,CUST07619,MER01940,2025-01-21,167.2,Unauthorized Transaction,Open
CB005234,TXN005588,CUST00696,MER00275,2024-10-25,1792.61,Product Not Received,Open
CB005235,TXN003041,,MER02086,2024-06-08,1267.86,Fraud Suspected,Open
CB005236,TXN000289,CUST06205,MER06782,2024-09-17,250.74,Service Not Received,Open
CB005237,TXN004531,CUST05886,MER09768,2024-10-23,38296.94,Unauthorized Transaction,Won
CB005238,TXN007138,CUST00886,MER02998,2024-03-20,925.13,Unauthorized Transaction,Won
CB005239,TXN007025,CUST05923,MER07090,2024-01-31,1735.64,Duplicate Charge,Under Review
CB005240,TXN006655,CUST00508,MER03658,2024-09-29,8973.69,Fraud Suspected,Won
CB005241,TXN001219,CUST05027,MER06770,2024-04-25,,Unauthorized Transaction,Under Review
CB005242,TXN007984,CUST07247,MER05782,2024-05-09,20465.94,Product Not Received,Won
CB005243,TXN009765,CUST01674,MER03395,2024-09-15,36242.12,Fraud Suspected,Under Review
CB005244,TXN001908,CUST05811,MER08910,2024-06-13,3728.58,Fraud Suspected,Lost
CB005245,TXN005768,CUST04385,UNKNOWN,2024-07-24,57791.7,Unauthorized Transaction,Lost
CB005246,,CUST05366,MER02978,2024-05-03,6771.08,Fraud Suspected,Open
CB005247,TXN000802,CUST00601,MER09935,2024-11-24,18005.53,Unauthorized Transaction,Won
CB005248,TXN001462,CUST02447,MER05016,2024-06-24,N/A,Duplicate Charge,Under Review
CB005249,TXN006089,CUST02659,MER06219,2024-02-24,48560.66,Service Not Received,Under Review
CB005250,TXN002218,CUST02232,MER06602,2024-06-29,28969.0,Product Not Received,Won
CB005251,TXN001375,CUST07684,MER02036,2024-02-29,16756.74,Fraud Suspected,Won
CB005252,TXN003485,CUST09098,MER06915,2024-08-24,1946.55,Service Not Received,Won
CB005253,TXN002765,CUST07509,MER03420,2024-09-01,35140.56,Fraud Suspected,Open
CB005254,TXN006440,,MER06817,2024-05-28,4833.44,Service Not Received,Lost
CB005255,TXN003537,CUST02402,MER08478,2024-05-21,72464.75,Duplicate Charge,Under Review
CB005256,TXN000157,CUST00490,MER01500,2024-04-04,41817.84,Fraud Suspected,Lost
CB005257,TXN003793,CUST01948,MER08864,2024-11-26,577.5,Product Not Received,Under Review
CB005258,TXN009964,CUST00694,MER08455,2024-11-08,9706.31,Fraud Suspected,Won
CB005259,TXN008693,CUST02808,MER05019,2024-08-10,968.52,Product Not Received,Open
CB005260,TXN001581,CUST08064,MER07947,2024-05-21,14446.97,Product Not Received,Under Review
CB005261,TXN003718,CUST05623,MER07703,2024-08-24,43021.54,Unauthorized Transaction,Open
CB005262,TXN003085,CUST07141,MER09651,2024-07-11,74606.48,Service Not Received,Won
CB005263,TXN002677,CUST03971,MER03437,2024-08-11,15843.71,Product Not Received,Lost
CB005264,TXN004427,CUST05900,MER04696,2024-03-30,15953.66,Service Not Received,Open
CB005265,TXN009391,CUST08017,MER06148,2024-07-02,19781.36,Service Not Received,Open
CB005266,TXN002798,CUST02717,MER05562,2024-09-08,63276.98,Product Not Received,Won
CB005267,TXN002133,CUST02262,MER04435,2024-12-13,18504.45,Service Not Received,Lost
CB005268,TXN009769,CUST02555,MER03733,2024-12-13,73707.79,Product Not Received,Won
CB005269,TXN002643,CUST03076,MER06758,2024-07-01,34028.99,Unauthorized Transaction,Open
CB005270,TXN008371,CUST08977,MER08563,2024-11-10,12010.1,Service Not Received,Won
CB005271,TXN002506,CUST02440,MER01263,2024-10-03,21044.4,Product Not Received,Lost
CB005272,TXN000997,CUST04835,MER09934,2024-01-06,463.3,Service Not Received,Won
CB005273,TXN007070,CUST08097,MER02591,2024-02-21,17367.98,Unauthorized Transaction,Lost
CB005274,TXN001026,CUST08490,MER03511,2024-12-05,1236.18,Product Not Received,Won
CB005275,TXN000212,CUST00161,MER07455,2024-07-09,958.69,Fraud Suspected,Won
CB005276,TXN000119,CUST08830,MER00467,2024-10-17,98543.29,Fraud Suspected,Open
CB005277,TXN008585,CUST06217,MER08421,2024-07-21,278.31,Fraud Suspected,Under Review
CB005278,TXN005374,CUST09642,MER00417,2024-10-16,20079.51,Service Not Received,Won
CB005279,TXN005800,CUST07142,MER04427,2024-08-16,10843.8,Duplicate Charge,Won
CB005280,TXN000243,CUST01857,MER09905,2024-11-15,11079.15,Duplicate Charge,Open
CB005281,TXN007713,CUST04334,MER00535,2024-05-14,123.26,Product Not Received,Lost
CB005282,TXN007182,CUST01352,MER05067,2024-10-09,1868.75,Fraud Suspected,Won
CB005283,TXN005684,CUST04052,MER06554,2024-10-22,19209.68,Fraud Suspected,Open
CB005284,TXN008631,CUST08719,MER02785,2024-07-12,111100.83,Duplicate Charge,Open
CB005285,,CUST06896,MER04260,2024-02-24,12917.93,Service Not Received,Under Review
CB005286,TXN007435,CUST09138,MER08841,2024-08-31,17676.44,Service Not Received,Open
CB005287,TXN008740,CUST07714,MER00409,2025-02-11,24542.81,Product Not Received,Under Review
CB005288,TXN008071,CUST05338,MER08121,2024-12-06,16815.67,Product Not Received,Won
CB005289,TXN006760,CUST01402,MER01180,2024-10-21,662.83,Service Not Received,Won
CB005290,TXN008827,CUST03954,MER06778,2024-11-25,29769.76,Unauthorized Transaction,Open
CB005291,TXN005986,CUST04485,MER06651,2024-10-30,1696.2,Service Not Received,Open
CB005292,TXN004815,CUST05535,MER00680,2024-09-13,4831.71,Unauthorized Transaction,Open
CB005293,TXN003548,CUST04570,MER03980,2024-02-28,1106.04,Fraud Suspected,Open
CB005294,TXN004822,CUST09828,MER05876,,509.99,Service Not Received,Open
CB005295,TXN006029,CUST00044,MER09686,2024-07-27,722.4,Duplicate Charge,Lost
CB005296,TXN009510,CUST01601,MER05979,2024-12-31,817.42,Duplicate Charge,Under Review
CB005297,TXN001388,CUST03717,MER07490,2024-08-02,29419.2,Unauthorized Transaction,Won
CB005298,TXN008590,CUST00451,MER04042,2024-11-26,834.96,Duplicate Charge,Won
CB005299,TXN006652,CUST03532,MER01452,2024-07-17,1816.71,Product Not Received,Under Review
CB005300,TXN002315,CUST07299,MER03220,2024-01-21,976.75,Unauthorized Transaction,Under Review
CB005301,TXN009156,UNKNOWN,MER00869,2024-10-24,478.36,Product Not Received,Lost
CB005302,TXN002829,CUST09578,MER05354,2024-11-05,54776.75,Duplicate Charge,Won
CB005303,TXN002937,CUST04585,MER00670,2024-08-27,8257.58,Duplicate Charge,Open
CB005304,TXN001795,CUST08606,MER02499,2024-10-06,2149.75,Fraud Suspected,Open
CB005305,TXN004106,CUST05811,MER05606,2024-07-30,88231.45,Service Not Received,Under Review
CB005306,TXN000662,CUST01076,MER00628,2025-01-27,10633.6,Unauthorized Transaction,Open
CB005307,TXN003515,CUST05343,MER06333,2024-09-06,87922.02,Product Not Received,Won
CB005308,TXN009781,CUST06157,MER04797,2024-05-04,129.39,Duplicate Charge,Open
CB005309,TXN002117,CUST00644,MER09801,2024-09-18,4918.23,Service Not Received,Won
CB005310,TXN009236,CUST05825,MER01768,2024-10-10,,Unauthorized Transaction,Open
CB005311,TXN002374,CUST05672,MER01338,2024-11-08,1845.24,Duplicate Charge,Open
CB005312,TXN000773,CUST04494,MER08303,2024-09-27,610.17,Service Not Received,Open
CB005313,TXN004295,CUST09293,MER03327,2024-10-12,136.92,Service Not Received,Open
CB005314,TXN007545,CUST03921,MER03372,2024-09-02,587.44,Fraud Suspected,Under Review
CB005219,TXN003531,CUST07508,MER03777,2024-04-06,78197.21,Fraud Suspected,Open
CB005316,TXN006213,CUST04143,,2024-12-28,78.14,Unauthorized Transaction,Won
CB005317,TXN007632,CUST08464,MER01404,2025-01-18,25818.62,Service Not Received,Under Review
CB005318,TXN002697,CUST08014,,2024-05-13,65293.53,Product Not Received,Open
CB005319,TXN000837,CUST08620,MER05116,2024-05-15,34991.58,Service Not Received,Open
CB005320,TXN005457,CUST04581,MER08203,2024-11-09,1162.25,Duplicate Charge,Open
CB005321,TXN001975,CUST02693,MER08082,2024-10-08,17876.7,Unauthorized Transaction,Under Review
CB005322,TXN005262,UNKNOWN,MER09871,2024-04-30,16519.54,Unauthorized Transaction,Won
CB005323,TXN002085,CUST09944,MER09378,2024-03-27,1782.18,Fraud Suspected,Open
,TXN006541,CUST05759,MER01795,2024-12-29,14485.51,Fraud Suspected,Won
CB005325,TXN005111,CUST07691,MER06827,2024-02-18,1665.38,Fraud Suspected,Open
CB005326,TXN006169,CUST08824,MER01891,2025-01-03,3394.82,Duplicate Charge,Open
CB005327,TXN008223,CUST04511,MER05176,2024-08-21,95556.69,Fraud Suspected,Under Review
CB005328,TXN009898,CUST02649,MER03656,2024-11-24,19842.59,Unauthorized Transaction,Won
CB005329,TXN005113,CUST06703,MER06947,2024-06-03,64163.57,Service Not Received,Lost
CB005330,TXN007494,CUST06028,MER02658,2024-10-02,1905.94,Service Not Received,Under Review
CB005331,TXN005959,CUST07088,MER08479,2024-06-23,24438.96,Fraud Suspected,Open
CB005332,TXN003832,CUST08132,MER02828,2024-08-31,1123.96,Fraud Suspected,Won
CB005333,TXN003445,CUST04814,MER05283,2024-08-28,832.42,Service Not Received,Lost
,TXN007117,CUST08643,MER01287,2024-02-13,11908.01,Unauthorized Transaction,Under Review
CB005335,TXN001063,CUST05635,MER00090,2024-03-08,1805.8,Product Not Received,Open
CB005336,TXN004557,CUST01681,MER05881,2024-06-29,1363.43,Duplicate Charge,Lost
CB005337,TXN003285,CUST03463,MER04692,2024-10-14,191.11,Duplicate Charge,Under Review
CB005338,TXN001050,CUST02507,MER05853,2024-12-04,13988.61,Product Not Received,Won
CB005339,TXN006944,CUST03923,MER08827,2024-08-30,79318.36,Duplicate Charge,Lost
CB005340,TXN009211,CUST04849,MER06969,2024-06-24,1420.4,Unauthorized Transaction,Lost
CB005341,TXN001194,CUST08507,MER05469,2024-09-24,17399.31,Product Not Received,Under Review
CB005342,TXN006654,CUST09304,MER04863,2024-03-24,508.79,Fraud Suspected,Open
CB005343,TXN000366,,MER01565,2025-02-11,16858.42,Product Not Received,Under Review
CB005344,TXN002388,CUST09682,MER02723,2024-03-18,5507.47,Fraud Suspected,Won
CB005345,TXN003107,CUST08154,MER07121,2024-03-01,55786.05,Product Not Received,Won
CB005346,TXN009890,CUST09270,MER02793,2024-05-31,19117.06,Service Not Received,Open
CB005347,TXN008326,CUST08596,MER05358,2024-07-05,12231.28,Product Not Received,Lost
CB005348,TXN008258,CUST08876,MER07385,2024-04-07,86361.08,Fraud Suspected,Under Review
CB005349,TXN007059,CUST05434,MER01886,2025-01-25,801.54,Unauthorized Transaction,Lost
CB005350,TXN004953,CUST06460,MER09345,2024-06-22,4992.56,Fraud Suspected,Open
CB005351,TXN004759,CUST05472,MER09179,2024-07-27,1633.11,Duplicate Charge,Under Review
CB005352,TXN006355,CUST05534,MER07830,2024-02-01,44629.71,Fraud Suspected,Lost
,TXN000060,CUST01073,MER00583,2024-10-21,103271.83,Product Not Received,Lost
CB005354,TXN009750,CUST06655,MER04506,2024-03-10,203.94,Service Not Received,Lost
CB005355,TXN007611,CUST09575,MER06518,2024-05-14,28005.55,Fraud Suspected,Open
CB005356,TXN005288,CUST06213,MER05608,2024-02-10,1508.18,Fraud Suspected,Lost
CB005357,TXN002504,CUST05148,MER01455,2024-11-18,1990.49,Service Not Received,
CB005358,TXN005716,CUST09384,MER09946,2024-02-29,795.36,Fraud Suspected,Under Review
CB005359,TXN006809,CUST09245,MER05280,2024-11-05,1181.43,Unauthorized Transaction,Lost
CB005360,TXN002400,CUST04000,MER05237,2024-09-09,111241.56,Fraud Suspected,Won
CB005361,TXN005815,CUST04726,MER04894,2024-04-05,97678.58,,Won
CB005362,TXN001998,CUST00807,,2024-03-24,3387.9,Fraud Suspected,Under Review
CB005363,TXN001673,CUST05793,MER03180,2024-05-11,783.75,Unauthorized Transaction,Lost
CB005364,TXN007431,CUST07034,MER00135,2024-08-04,2074.77,,Lost
CB005365,UNKNOWN,CUST01719,MER05319,2024-12-17,17522.25,Service Not Received,Lost
CB005366,TXN000257,CUST00835,MER01521,2024-03-17,401.09,Product Not Received,Lost
CB005367,TXN006385,CUST02113,MER08831,2024-11-08,50653.84,Fraud Suspected,Under Review
CB005368,TXN002378,CUST03902,MER07171,2025-01-06,14493.81,Service Not Received,Open
CB005369,TXN006528,CUST09614,MER09378,2024-12-03,19549.16,Fraud Suspected,Under Review
CB005370,TXN001715,CUST01599,MER05918,2025-02-04,287.54,Product Not Received,Under Review
CB005371,TXN009027,CUST09418,MER07130,2024-02-15,1582.75,Unauthorized Transaction,Under Review
CB005372,TXN009027,CUST09418,MER07130,2024-02-17,1582.75,Unauthorized Transaction,Under Review
CB005373,TXN004641,CUST07701,MER06661,2024-05-16,14197.16,Fraud Suspected,Won
CB005374,TXN000832,CUST02472,MER05489,2024-03-21,676.95,Product Not Received,Won
CB005375,TXN007158,CUST02758,MER04457,2024-06-02,7769.82,Unauthorized Transaction,Under Review
CB005376,TXN003825,CUST07171,MER04567,2024-03-04,3426.23,Service Not Received,Lost
CB005377,TXN003327,CUST03761,MER09267,2024-02-27,1810.89,Service Not Received,Open
CB005378,TXN001747,CUST09863,MER07075,2024-08-30,190.09,Service Not Received,Lost
CB005379,TXN007562,CUST00361,MER09963,2024-11-23,51696.15,Fraud Suspected,Lost
CB005380,TXN000927,CUST03324,MER05100,2024-11-20,34.72,Product Not Received,Won
CB005381,TXN007227,CUST02759,,2024-11-16,80082.98,Service Not Received,Under Review
CB005382,TXN007437,CUST07207,MER04027,2024-11-12,1041.74,Duplicate Charge,Lost
CB005383,TXN009454,CUST02360,MER03007,2024-11-03,663.64,Service Not Received,Lost
CB005384,TXN004806,CUST01244,MER00997,2024-06-22,42595.87,Product Not Received,Lost
CB009724,TXN000441,CUST03044,MER01708,2024-08-11,69080.04,Product Not Received,Lost
CB005386,TXN008505,CUST09915,MER01141,2024-03-05,1950.99,Service Not Received,Won
CB005387,TXN005991,CUST06919,MER00315,2024-06-20,307.39,Service Not Received,Lost
CB005388,TXN001167,CUST08582,MER00866,2025-02-14,505.4,,Open
CB005389,TXN003769,CUST00465,MER09429,2024-04-28,18389.24,Fraud Suspected,Under Review
CB005390,TXN009389,CUST02849,MER09835,2024-11-05,27238.3,Fraud Suspected,Open
CB005391,TXN008108,CUST06359,MER03196,2024-06-19,4000.81,Unauthorized Transaction,Won
CB005392,TXN005607,CUST07272,MER09867,2024-07-21,34480.96,Unauthorized Transaction,Under Review
CB005393,TXN008776,CUST02719,MER04422,2024-12-28,5262.98,Fraud Suspected,Lost
CB005394,TXN002637,CUST06834,MER04872,2024-03-20,554.51,Duplicate Charge,Under Review
CB005395,TXN009605,CUST00717,MER09226,2024-09-02,13083.69,Fraud Suspected,Open
CB005396,TXN007856,CUST02448,MER07944,2024-03-17,1004.02,Duplicate Charge,Won
CB005397,TXN008795,CUST07348,MER03752,2024-12-27,78319.5,Unauthorized Transaction,Open
CB005398,TXN009521,CUST07987,MER04050,2024-07-23,41139.36,Unauthorized Transaction,Won
CB005399,TXN005647,CUST08385,MER05628,2024-11-25,634.67,Fraud Suspected,Won
CB005400,TXN009246,CUST04521,MER05499,2024-08-10,1388.62,Service Not Received,Won
,TXN000228,CUST03433,MER01481,2024-10-30,37625.86,Product Not Received,Under Review
CB005402,TXN000427,CUST00129,MER01984,2024-10-26,4252.96,Unauthorized Transaction,Open
CB005403,TXN000345,CUST08099,MER01753,2025-02-15,11497.73,Duplicate Charge,Won
CB005404,TXN002883,CUST01386,MER05497,2024-02-29,76.64,Fraud Suspected,Lost
CB005405,TXN000022,CUST09972,MER05962,2025-01-02,93116.91,Service Not Received,Under Review
CB005406,TXN003323,CUST03207,MER09925,2024-03-25,69765.01,Fraud Suspected,Won
CB005407,TXN004361,CUST05046,MER04946,2024-09-11,1762.59,Duplicate Charge,Lost
CB005408,TXN005459,CUST06522,MER01374,2024-03-02,1941.15,Duplicate Charge,Won
CB005409,TXN008971,CUST04134,MER03232,2024-06-08,77527.05,Unauthorized Transaction,Lost
CB009438,TXN009225,CUST07125,MER05789,2024-06-17,36325.48,Duplicate Charge,Open
CB008532,TXN008639,CUST02170,MER05321,2024-11-16,14642.21,Unauthorized Transaction,Won
CB005412,TXN007383,CUST05243,MER02365,2024-08-11,32049.41,Unauthorized Transaction,Under Review
CB005413,TXN006743,CUST01163,MER08969,2024-03-13,50822.11,Unauthorized Transaction,Won
CB005414,TXN008955,CUST06141,MER06126,2024-04-27,2717.69,Unauthorized Transaction,Lost
CB005415,TXN001499,CUST09141,MER03862,2024-02-27,16084.23,Fraud Suspected,Under Review
CB005416,,CUST04571,MER08437,2024-05-26,N/A,Product Not Received,Under Review
CB005417,TXN003747,CUST02526,MER06559,2024-11-28,1920.08,Service Not Received,Lost
CB005418,TXN007739,CUST07002,MER01817,2024-02-11,649.89,Duplicate Charge,Open
CB005419,TXN002138,CUST06754,MER08669,2024-12-30,30526.98,Unauthorized Transaction,Open
CB005420,TXN004335,CUST03205,MER09479,2024-06-09,172.51,Unauthorized Transaction,Under Review
CB005421,TXN004630,CUST04748,MER08250,,173.54,Duplicate Charge,Won
CB005422,TXN003552,CUST08359,MER09073,2024-10-05,38395.88,Duplicate Charge,Under Review
CB005423,TXN005547,CUST00215,MER00233,2024-04-10,40358.58,Service Not Received,Won
CB005424,TXN008139,CUST07974,MER09402,2024-07-30,9757.42,Product Not Received,Under Review
CB005425,TXN003896,CUST06658,MER00076,2024-02-28,532.35,Unauthorized Transaction,Under Review
CB005426,,CUST03423,MER06952,2024-12-15,46309.76,Duplicate Charge,Open
CB005427,TXN009620,CUST09049,MER05974,2024-02-16,17815.01,Duplicate Charge,Under Review
CB005428,TXN000297,CUST01059,MER03743,2024-11-24,71856.68,Duplicate Charge,Under Review
CB005429,TXN004213,CUST08630,MER08626,2024-12-14,48940.12,Product Not Received,Won
CB005430,TXN001046,CUST02043,MER02441,2024-09-23,9077.75,Product Not Received,Open
CB005431,TXN001374,CUST06508,MER04116,2024-06-03,1675.78,Product Not Received,Lost
CB005432,TXN001028,CUST00659,MER07746,2024-11-17,67380.9,Unauthorized Transaction,Open
CB005433,TXN008236,CUST09242,MER04739,2024-04-25,18911.43,Fraud Suspected,Lost
CB005434,TXN002916,CUST06741,MER04603,2024-11-19,372.23,Unauthorized Transaction,Under Review
CB005435,TXN005551,CUST03866,MER06044,2024-11-08,6108.98,Duplicate Charge,Won
CB005436,TXN006777,CUST08901,MER08636,2024-06-09,4541.01,Duplicate Charge,Open
CB005437,TXN009151,CUST00015,MER03575,2024-09-09,68782.59,Service Not Received,Open
CB005438,TXN006167,,MER08118,2024-05-24,3909.6,Unauthorized Transaction,Under Review
CB005439,TXN006599,CUST02826,MER09640,2024-10-02,2052.63,Fraud Suspected,Open
CB005440,TXN005369,CUST05915,MER09250,2024-11-18,7621.7,Duplicate Charge,Under Review
CB005441,TXN006824,CUST03175,MER01147,2024-08-07,9863.36,Fraud Suspected,Lost
CB005442,TXN002282,CUST07587,MER06648,2024-05-11,45641.85,Service Not Received,Open
CB005443,TXN009989,CUST04311,MER03442,2024-04-09,1333.87,Product Not Received,Open
CB005444,TXN007625,CUST08201,MER02181,2024-06-12,65308.54,Fraud Suspected,Won
CB005445,TXN008379,CUST03573,MER02226,2024-10-03,74218.68,Duplicate Charge,Open
CB005446,TXN004832,CUST07094,MER01342,2024-04-27,67755.17,Unauthorized Transaction,Open
CB005447,TXN001493,CUST00305,MER04167,2024-03-25,67640.49,Service Not Received,Open
CB005448,TXN006522,CUST03322,MER05762,2024-07-10,8771.62,Duplicate Charge,Won
CB005449,TXN007786,CUST06262,MER02993,2024-09-13,98693.78,Service Not Received,Won
CB005450,TXN001261,CUST09148,MER07149,2024-06-25,39833.33,Duplicate Charge,Won
CB005451,TXN001315,CUST07755,MER08591,2024-11-28,49853.56,Product Not Received,Lost
CB005452,TXN007433,CUST07572,MER04837,2024-10-06,1237.63,Unauthorized Transaction,Under Review
CB005453,TXN007562,CUST00361,MER09963,2024-11-07,51696.15,Duplicate Charge,Won
CB005454,TXN003270,CUST08778,MER06189,2024-10-17,7710.73,Fraud Suspected,Lost
CB005455,TXN006638,CUST02684,MER08559,2024-08-17,1420.11,Service Not Received,Won
CB005456,TXN000870,CUST04331,MER08637,2024-04-26,38751.46,Fraud Suspected,Under Review
CB005457,TXN000187,CUST07180,MER07695,2024-06-19,144.46,Product Not Received,Lost
CB005458,TXN000086,CUST06647,MER04372,2024-09-30,79.37,Fraud Suspected,Won
CB005459,TXN003990,CUST01569,MER04917,,696.8,Product Not Received,Lost
CB005460,,CUST03154,MER09229,2024-06-20,921.55,Unauthorized Transaction,Open
CB005461,TXN008819,CUST07172,MER09214,2024-12-23,54049.29,Product Not Received,Under Review
,TXN005217,CUST02536,MER00827,2024-09-01,99116.59,Fraud Suspected,Under Review
CB005463,TXN009773,CUST07117,MER01651,2024-03-26,1449.38,Product Not Received,
CB005464,TXN006452,CUST02420,MER00261,2024-05-23,4623.88,Product Not Received,Won
CB005465,TXN004048,CUST08622,MER06833,2024-01-16,410.85,Fraud Suspected,Open
CB005466,TXN002101,CUST09714,MER06173,2024-01-29,15750.39,Unauthorized Transaction,Under Review
CB005467,TXN009710,CUST02967,MER03521,2025-01-18,49764.84,Product Not Received,Won
CB005468,TXN002557,CUST09236,MER06064,2024-01-23,48560.56,Product Not Received,Open
CB005469,TXN000502,CUST05603,MER06699,2024-07-13,40670.8,Service Not Received,Under Review
CB005470,TXN003203,,MER06780,2024-10-30,830.64,Fraud Suspected,Open
CB005471,TXN001562,CUST05205,MER06297,2025-01-21,55150.75,Duplicate Charge,Open
CB005472,TXN008264,CUST09033,MER03959,2024-09-11,7975.96,Unauthorized Transaction,Open
CB005473,TXN005710,CUST08568,MER01611,2024-09-08,18245.04,Duplicate Charge,Won
CB005474,TXN007394,CUST09555,MER07375,2024-11-05,114137.5,Fraud Suspected,Open
,TXN009843,CUST06805,MER06802,2024-05-29,8842.6,Unauthorized Transaction,Won
CB005476,TXN006683,CUST02116,MER09333,,98686.17,Duplicate Charge,Lost
CB005477,TXN001414,CUST03086,MER08185,2024-03-31,47442.78,Service Not Received,Won
CB005478,TXN002035,CUST02986,MER05125,2024-11-07,588.88,Service Not Received,Under Review
CB005479,TXN004423,CUST02753,MER03443,2024-06-27,1231.94,Duplicate Charge,Won
CB005480,TXN000525,CUST06302,MER06646,2025-01-06,376.21,Product Not Received,Under Review
CB005481,TXN006913,CUST02965,MER03504,2024-12-31,15927.16,Unauthorized Transaction,Under Review
CB005482,TXN007242,CUST06808,MER00612,2024-03-26,25303.59,Unauthorized Transaction,Won
CB005483,TXN003616,CUST08843,MER09190,2024-10-09,79061.84,Service Not Received,Under Review
CB005484,TXN001641,CUST08561,MER04966,2024-04-09,3298.32,Service Not Received,Under Review
CB005485,TXN008283,CUST02571,MER04929,2024-03-24,9304.38,Duplicate Charge,Under Review
CB005486,TXN009627,CUST00909,MER05048,2024-12-20,1157.45,Unauthorized Transaction,Under Review
CB005487,TXN004677,CUST01024,MER05459,2024-05-05,298.86,Service Not Received,Lost
CB005488,TXN001481,CUST02866,MER03460,2024-04-25,645.95,Unauthorized Transaction,Won
CB005489,TXN008412,CUST07848,,2025-01-10,16989.85,Product Not Received,Under Review
CB005490,TXN000160,CUST03540,MER04926,2024-03-13,844.42,Fraud Suspected,Open
CB005491,TXN009192,CUST00666,MER03089,2024-10-21,3824.41,Unauthorized Transaction,Won
CB005492,,CUST06962,,2024-03-05,33078.95,Unauthorized Transaction,Lost
CB005493,UNKNOWN,CUST05142,MER09957,2024-08-09,605.83,Fraud Suspected,Won
CB005494,TXN001028,CUST00659,MER07746,2024-11-08,29296.04,,
CB005495,TXN006500,CUST05359,MER06960,2024-09-16,6671.54,Duplicate Charge,Lost
CB005496,TXN009712,CUST02620,MER03366,2024-10-24,91485.8,Duplicate Charge,Lost
CB005497,TXN004385,CUST04926,MER03692,2024-09-15,12174.98,Product Not Received,Lost
CB005498,TXN005984,CUST06248,MER07135,2024-03-15,839.68,Service Not Received,Won
CB005499,TXN003670,CUST08344,MER05605,2024-10-03,55897.37,Service Not Received,Won
CB005500,TXN008192,CUST07110,MER02692,2024-10-22,1617.07,Duplicate Charge,Open
CB005501,TXN006283,CUST00628,MER05400,2024-02-24,32374.56,Product Not Received,Won
CB005502,TXN002255,CUST03926,MER04707,2024-10-19,,Unauthorized Transaction,Open
CB005503,TXN009274,CUST06625,MER07069,2024-03-30,99481.72,Product Not Received,Won
CB005504,TXN008107,CUST06495,MER04877,2024-06-01,85610.43,Fraud Suspected,Open
CB005505,TXN001430,CUST00590,MER04918,2024-08-19,40799.99,Duplicate Charge,Open
CB005506,TXN009730,CUST04327,MER04429,2024-09-21,70595.43,,Lost
CB005507,TXN006026,CUST07190,MER05496,2024-07-30,117.26,Unauthorized Transaction,Won
CB005508,TXN005826,CUST03435,MER01779,2024-06-15,19016.74,Product Not Received,Open
CB005509,TXN002533,CUST06748,MER09049,2024-12-26,7277.09,Product Not Received,Open
CB005510,TXN008140,CUST01573,MER07827,2024-08-22,13195.18,Unauthorized Transaction,Lost
CB005511,TXN001093,CUST04286,MER06335,2024-09-19,884.01,Product Not Received,Won
CB005512,TXN001304,CUST02127,MER06141,2024-09-17,1583.62,Duplicate Charge,Won
CB005513,TXN004338,CUST07735,MER03236,2024-12-11,N/A,Product Not Received,Won
CB005514,TXN004026,CUST04143,MER03542,2024-08-25,14896.31,Product Not Received,Lost
CB005515,TXN005187,CUST00103,MER04715,2024-07-16,2482.13,Unauthorized Transaction,Won
CB005516,TXN000945,CUST04502,MER03905,2024-04-12,759.32,Fraud Suspected,Won
CB005517,TXN008640,CUST09477,MER08918,2024-09-03,10771.85,Product Not Received,Under Review
CB005518,TXN002557,CUST09236,MER06064,2024-03-11,97121.11,Product Not Received,Under Review
CB005519,TXN005192,CUST07323,MER03770,2024-03-26,8392.8,Product Not Received,Under Review
CB005520,TXN007672,,MER04722,2024-05-08,775.58,Product Not Received,Open
CB005521,,CUST09660,MER02160,,17630.94,Fraud Suspected,Lost
CB005522,TXN002267,CUST09668,MER05393,2024-11-27,59977.66,Fraud Suspected,Won
CB005523,TXN005535,CUST00769,MER00769,2024-03-27,176.5,Duplicate Charge,Under Review
CB005524,TXN002532,CUST03814,MER06405,2024-06-14,72197.14,Fraud Suspected,Under Review
CB005525,TXN009342,CUST07941,MER04595,2024-07-21,1318.63,Duplicate Charge,Open
CB005526,TXN004608,CUST07663,MER07450,2024-06-10,13837.85,Product Not Received,Under Review
CB005527,TXN005964,CUST09985,MER01093,2024-05-17,739.74,Unauthorized Transaction,Lost
CB005528,TXN005896,CUST00911,MER04891,2024-03-15,83137.93,Unauthorized Transaction,Under Review
CB005529,TXN006573,CUST02077,MER04786,2024-08-14,72304.27,Product Not Received,Lost
CB005530,TXN008457,CUST01302,MER00266,2024-03-09,879.76,Fraud Suspected,Open
CB005531,TXN008955,,MER06126,2024-04-07,2717.69,Service Not Received,Under Review
CB005532,TXN006135,CUST08329,MER06689,2024-04-07,12425.64,Service Not Received,Open
CB005533,TXN008546,CUST05951,MER00698,2024-06-01,2170.84,Service Not Received,Lost
CB005534,TXN005473,CUST06835,MER00302,2024-07-23,559.14,Service Not Received,Lost
CB005535,TXN000910,CUST01381,MER02627,2024-04-29,8160.5,Unauthorized Transaction,Won
CB005536,TXN004152,CUST02904,MER02548,2025-01-06,72552.99,Unauthorized Transaction,Open
CB005537,TXN001019,CUST07549,MER03216,2024-05-03,5401.26,Service Not Received,Under Review
CB005538,TXN000830,CUST06496,MER02963,2024-02-25,1675.99,Fraud Suspected,Lost
CB005539,TXN006842,CUST00903,MER07434,2024-09-03,4115.78,Service Not Received,Open
CB005540,TXN001016,CUST04349,MER08601,2024-10-16,10581.94,Fraud Suspected,Under Review
CB005541,TXN001151,CUST02563,MER08461,2025-01-30,4469.8,Unauthorized Transaction,Lost
CB005542,TXN003230,CUST00168,MER03415,2024-08-31,1558.28,Fraud Suspected,Under Review
CB005543,TXN001551,CUST06537,MER00515,2024-05-11,748.53,Fraud Suspected,Won
CB005544,TXN001443,CUST00842,MER04792,2024-06-22,361.98,Product Not Received,Open
CB005545,TXN002931,CUST01512,MER08355,2024-08-11,309.03,Unauthorized Transaction,Lost
CB005546,TXN005744,CUST08251,MER06939,2024-06-12,86681.81,Service Not Received,Won
CB005547,TXN007151,CUST07723,MER00932,2024-07-29,2229.6,Duplicate Charge,Open
CB005548,TXN001330,CUST03048,MER06384,2024-04-13,17165.49,Product Not Received,Open
CB005549,TXN009170,CUST02024,MER03330,2024-07-07,743.42,,Lost
CB005332,TXN003832,CUST08132,MER02828,2024-08-31,1123.96,Fraud Suspected,Won
CB005551,TXN007663,CUST08599,MER02338,2024-01-23,45513.62,Service Not Received,Won
CB005552,TXN007512,CUST01489,MER04882,2024-07-11,82961.26,Fraud Suspected,Under Review
CB005553,TXN005018,CUST07483,MER04197,2024-12-17,97368.55,,Lost
CB005554,TXN007125,CUST02134,MER01256,2024-07-27,21923.1,Fraud Suspected,Open
CB005555,TXN002882,CUST06207,MER05256,2024-08-27,526.18,Service Not Received,Open
CB005556,TXN004412,CUST07570,MER03252,2024-05-05,19731.28,Duplicate Charge,Lost
CB005557,TXN006175,CUST02468,MER01930,2024-03-14,11699.5,Duplicate Charge,Won
CB005558,TXN006959,CUST04623,MER06337,2024-12-27,12575.46,Fraud Suspected,Won
CB005559,TXN007948,CUST07461,MER08895,2025-02-03,52316.37,Unauthorized Transaction,Open
CB005560,TXN008436,CUST01834,MER09656,2025-01-01,1052.77,Product Not Received,Lost
CB005561,TXN006901,CUST07635,MER08751,2024-01-24,31855.64,Unauthorized Transaction,Won
CB005562,TXN006409,CUST04018,MER02873,2024-07-13,1958.98,Unauthorized Transaction,Open
CB005563,TXN006680,CUST03878,MER07674,2024-11-18,30508.89,Service Not Received,Won
CB005564,TXN003872,CUST06164,MER00741,2025-01-04,1585.86,Product Not Received,Won
CB005565,TXN008196,CUST08773,MER08687,2024-03-09,12036.02,Duplicate Charge,Lost
CB005566,TXN005420,CUST03257,MER01650,2024-10-31,1184.68,Unauthorized Transaction,Won
CB005567,TXN005856,CUST04269,MER07654,2024-11-09,16689.23,Unauthorized Transaction,Open
CB005568,TXN005080,CUST05637,MER04748,2024-08-31,756.97,Product Not Received,Under Review
CB005569,TXN001443,CUST00842,MER04792,2024-05-31,832.54,Unauthorized Transaction,Won
CB005570,TXN000161,CUST06309,MER07968,2024-09-30,11917.68,Product Not Received,Open
CB005571,TXN003094,CUST02207,MER00021,2024-02-19,1432.22,Service Not Received,Won
CB005572,TXN003617,CUST00573,MER01276,2024-04-05,22396.43,Unauthorized Transaction,Open
CB005573,TXN009315,CUST01779,MER05916,2024-11-19,972.42,Service Not Received,Lost
CB005574,TXN007372,CUST05469,MER02368,2024-07-22,21975.09,Service Not Received,Under Review
CB005575,TXN009490,CUST04031,MER08860,2024-08-19,696.32,Product Not Received,Under Review
CB000897,TXN002842,CUST02108,MER07854,2024-01-22,71987.37,Unauthorized Transaction,Under Review
CB005577,TXN009618,CUST01544,MER07248,2024-06-02,6191.42,Duplicate Charge,Under Review
CB005578,TXN000909,CUST08466,MER06956,2024-12-30,44430.76,Fraud Suspected,Under Review
CB005579,TXN005859,CUST03613,MER04725,2024-07-08,83183.11,Product Not Received,Won
CB005580,TXN001360,CUST01460,MER09878,2024-11-20,9453.2,Unauthorized Transaction,Under Review
CB005581,TXN001259,CUST01976,MER01105,2024-02-22,1071.96,Unauthorized Transaction,Won
CB005582,UNKNOWN,CUST06596,MER03638,2024-11-24,611.88,Unauthorized Transaction,Under Review
CB005583,TXN006291,CUST02220,MER06964,2024-09-22,445.25,Service Not Received,Open
CB005584,TXN000949,CUST00888,MER01318,2024-04-24,6383.74,Fraud Suspected,Won
CB005585,TXN007709,CUST08121,MER02879,,1425.22,Fraud Suspected,Won
,TXN006809,CUST09245,MER05280,2024-10-24,1181.43,Fraud Suspected,Won
CB005587,TXN000030,CUST04512,MER06843,2024-06-13,4619.69,Duplicate Charge,Won
CB005588,TXN009587,CUST04884,MER05220,2025-02-11,,Service Not Received,Open
CB005589,TXN008105,CUST05690,MER06968,2024-03-12,3033.28,Duplicate Charge,
CB005590,TXN001258,CUST00132,MER06483,2024-10-12,32748.58,Duplicate Charge,Won
CB005591,TXN005127,CUST05937,MER03922,2024-05-28,1823.39,Duplicate Charge,Won
CB005592,,CUST09437,MER08593,2024-01-21,1256.75,Fraud Suspected,Won
CB005593,TXN008174,CUST08137,MER06603,2024-03-21,50620.78,Fraud Suspected,Lost
CB005594,TXN008208,CUST01939,MER00964,2024-08-30,31734.15,Duplicate Charge,Won
CB005595,TXN008017,CUST05429,MER08640,2024-09-08,833.66,Product Not Received,Lost
CB005596,TXN000399,CUST08368,MER09920,2024-02-14,485.42,Duplicate Charge,Won
CB005597,TXN008466,CUST04330,MER03435,2024-11-24,1210.59,Product Not Received,Won
CB005598,TXN009467,CUST09269,MER01409,2024-11-05,50170.43,Service Not Received,Open
CB005599,TXN006120,CUST05472,MER04455,2024-02-09,57705.51,Service Not Received,Won
CB005600,TXN006289,CUST03144,MER00869,2024-03-10,6901.89,,Open
CB005601,TXN005382,CUST03892,MER07694,2024-11-09,102172.51,Service Not Received,Won
CB005602,TXN008189,CUST04195,MER06908,2024-09-02,1019.9,Product Not Received,Under Review
CB005603,TXN003201,CUST00948,MER04640,2024-12-28,1918.24,Fraud Suspected,Lost
CB005604,TXN004383,CUST08308,MER06103,2024-06-30,92.44,Product Not Received,Under Review
CB005605,TXN002809,CUST02090,MER01578,2024-07-27,6620.75,Fraud Suspected,Won
CB005606,TXN000500,CUST02701,MER03726,2024-04-18,73068.64,Service Not Received,Lost
CB005607,TXN002452,CUST02064,MER06819,2024-04-28,26190.35,Service Not Received,Lost
CB005608,TXN009416,CUST07401,MER02713,2024-04-14,2092.03,Product Not Received,Open
CB005609,TXN005198,CUST08108,MER03524,2024-09-29,426.06,Unauthorized Transaction,Under Review
CB005610,TXN001945,CUST09939,MER06979,2024-06-04,15044.66,Service Not Received,Open
CB005611,TXN001679,CUST00916,MER08148,2024-04-28,5035.74,Service Not Received,Lost
CB005612,TXN008985,CUST07689,MER05583,2024-09-26,3071.29,Product Not Received,Open
CB005613,,CUST04137,MER02706,2024-09-27,1923.26,Service Not Received,Lost
CB005614,TXN004004,CUST09628,MER02397,2024-04-19,N/A,Unauthorized Transaction,Under Review
CB005615,TXN004857,CUST01924,MER07883,2024-09-16,57226.81,Duplicate Charge,Lost
CB005616,TXN009342,CUST07941,MER04595,2024-07-23,1318.63,Fraud Suspected,Lost
CB005617,TXN004954,CUST04689,MER07224,2024-03-23,1116.69,Product Not Received,Lost
CB005618,TXN007845,CUST01695,MER01542,2024-10-09,1850.81,Duplicate Charge,Under Review
CB005619,TXN001235,CUST00582,MER08936,2024-03-16,1416.34,Service Not Received,Won
CB005620,TXN007301,CUST05778,MER04203,2024-11-03,21712.2,Product Not Received,Open
CB005621,TXN009432,CUST00332,MER06434,2024-04-02,7474.77,Product Not Received,Won
CB005622,TXN000708,CUST04735,MER05533,2024-08-22,62010.48,Product Not Received,Won
CB005623,TXN002923,CUST01607,MER04625,,,Duplicate Charge,Lost
CB005624,TXN009205,CUST00020,MER00645,2024-09-02,5779.13,Fraud Suspected,Open
CB005625,TXN005366,CUST08848,MER07075,2024-08-09,110323.3,Unauthorized Transaction,Lost
CB005626,TXN005385,CUST04270,MER06854,2024-03-26,5057.09,Fraud Suspected,Under Review
CB005627,TXN009821,CUST01648,MER01907,2024-08-13,53187.64,Unauthorized Transaction,Open
CB005628,TXN008109,CUST05303,MER00799,2024-09-03,8061.66,Unauthorized Transaction,Open
CB005629,TXN005187,CUST00103,MER04715,2024-06-24,1079.18,Duplicate Charge,Lost
CB005630,TXN005032,CUST01904,MER08885,2024-12-09,91494.94,Unauthorized Transaction,Open
CB005631,TXN001316,CUST03253,MER07266,2024-12-23,15057.7,Product Not Received,Won
CB005632,TXN003481,CUST01050,MER08041,2024-09-07,55094.94,Product Not Received,Under Review
CB005633,TXN007089,CUST00776,MER07650,2024-11-03,19852.11,Service Not Received,Won
CB005634,TXN006041,CUST01956,MER02194,2024-11-22,9716.78,Product Not Received,Open
CB005635,TXN005475,CUST08142,MER08696,2024-07-07,2438.12,Service Not Received,Open
CB005636,TXN005045,CUST05135,MER06258,,1838.69,Fraud Suspected,Open
CB005637,TXN009920,CUST07809,MER04675,2024-09-18,1912.05,Fraud Suspected,Lost
CB005638,TXN002082,CUST07789,MER08848,2024-10-06,26775.49,Duplicate Charge,Under Review
CB005639,TXN008140,CUST01573,MER07827,2024-09-16,26390.36,Product Not Received,Open
CB005640,TXN005407,CUST00948,MER08237,2024-02-09,13575.64,Fraud Suspected,Open
CB005641,TXN004508,CUST01509,MER05431,2024-05-03,309.1,,Open
CB005642,TXN008543,CUST03032,MER05348,2024-03-31,11723.66,Duplicate Charge,Open
CB005643,TXN009593,CUST07208,MER04520,2024-01-16,7543.5,Duplicate Charge,Won
CB005644,TXN001895,CUST08724,,2024-03-29,66963.92,Unauthorized Transaction,Lost
CB005645,TXN009421,CUST05060,MER07080,2024-08-09,1840.47,Duplicate Charge,Open
CB005646,TXN009575,CUST02463,MER06149,2024-10-27,1141.81,Unauthorized Transaction,Under Review
CB005647,TXN004976,CUST05846,MER02208,2024-06-08,1455.99,Duplicate Charge,Open
CB005648,TXN007607,CUST00399,MER08921,2024-09-20,1761.75,Product Not Received,Won
CB005649,TXN005670,CUST06834,MER07107,2025-01-21,89287.84,Fraud Suspected,Won
CB005650,TXN008034,CUST02272,MER09780,2024-02-02,69394.62,Service Not Received,Open
CB005651,TXN004340,CUST02881,MER04026,2024-09-28,50356.92,Fraud Suspected,Won
CB005652,TXN000217,CUST04842,MER07486,2024-06-26,19540.81,Product Not Received,Open
CB005653,TXN000719,CUST03060,MER09134,2024-07-02,29420.63,Product Not Received,Under Review
CB005654,TXN001527,CUST00102,MER08251,2024-10-31,37941.29,Service Not Received,Lost
CB005655,TXN002106,CUST09239,MER04382,2024-05-22,39.37,Fraud Suspected,Lost
CB005656,TXN002641,CUST00153,MER06436,2024-06-12,32819.84,Duplicate Charge,Open
CB005657,TXN009103,,MER01081,2024-11-27,13506.12,Fraud Suspected,Won
CB005658,TXN007665,CUST02195,MER09889,2024-06-02,251.16,Duplicate Charge,Won
CB005659,TXN003856,CUST09944,MER08615,2024-06-26,32069.68,Unauthorized Transaction,Won
CB005660,TXN008053,CUST08995,MER04061,2024-08-11,7569.43,Product Not Received,Under Review
CB005661,TXN000738,CUST03160,MER09772,2024-03-19,67897.27,Product Not Received,Open
CB005662,TXN007352,CUST06948,MER04602,,20186.5,Service Not Received,Won
CB005663,,CUST07478,MER04429,2024-03-09,1357.33,Unauthorized Transaction,Under Review
CB005664,TXN006958,CUST02262,MER01869,2024-08-22,671.3,Duplicate Charge,Won
CB005665,TXN005589,CUST08995,MER00806,2024-11-20,995.02,Unauthorized Transaction,Lost
CB005666,TXN009781,CUST06157,MER04797,2024-05-09,,Service Not Received,Lost
CB005667,TXN007438,,MER01651,2024-06-15,1446.29,Unauthorized Transaction,Lost
CB005668,TXN004164,CUST05929,MER07324,2024-10-26,19300.48,Service Not Received,Under Review
CB005669,TXN007153,CUST05399,MER05763,2024-04-05,663.27,Unauthorized Transaction,Won
CB005670,TXN002381,CUST01234,MER07099,2024-07-06,37293.07,Product Not Received,Open
CB005671,UNKNOWN,CUST09857,MER01624,2024-10-31,779.03,Product Not Received,Won
CB005672,TXN005975,CUST02596,MER03256,2024-06-13,33062.7,Fraud Suspected,Open
CB005673,TXN008475,CUST05096,MER06683,2024-12-21,9962.54,Service Not Received,Open
CB005674,TXN002371,,MER02618,2024-11-15,96235.21,Product Not Received,Under Review
CB005675,TXN002106,CUST09239,MER04382,2024-07-11,39.37,Service Not Received,Won
CB005676,TXN002059,CUST07028,MER04574,2024-10-07,668.24,Duplicate Charge,Won
CB005677,TXN006395,CUST04983,MER08313,2024-10-31,883.7,Unauthorized Transaction,Under Review
CB005678,TXN001012,CUST02633,MER05037,2024-05-31,69612.75,Product Not Received,Won
CB005679,TXN000040,CUST02960,MER04728,2024-07-13,1740.69,Service Not Received,Under Review
CB005680,TXN007340,CUST08359,MER07854,2024-01-19,37094.11,Unauthorized Transaction,Under Review
CB005681,TXN000036,CUST05545,MER01383,2024-12-13,5862.03,Service Not Received,Under Review
CB005682,TXN000721,CUST02423,MER08314,2024-02-25,13433.1,Unauthorized Transaction,Under Review
CB005683,TXN002974,CUST02683,MER04565,2024-08-13,1171.68,Unauthorized Transaction,Open
CB005684,TXN004716,CUST02239,MER01025,2025-01-06,8225.17,Product Not Received,Lost
CB005685,TXN002475,CUST02185,MER03054,2024-07-12,448.0,Fraud Suspected,Won
CB005686,,CUST00644,MER09801,2024-09-01,2138.36,Product Not Received,Won
CB005687,TXN009940,CUST05560,MER03602,2024-10-08,3871.58,Service Not Received,Open
CB005688,TXN004043,CUST05544,MER01650,2024-09-24,1240.95,Fraud Suspected,Lost
CB005689,TXN000574,CUST00351,MER01955,2024-09-16,940.43,,Open
CB005690,TXN004971,CUST05692,MER06831,2024-11-17,36884.24,Service Not Received,Open
CB005691,TXN003212,CUST08897,MER02517,2024-07-27,96901.93,Fraud Suspected,Won
CB005692,TXN005241,,MER06453,2024-06-08,79675.37,Duplicate Charge,Won
CB005693,TXN006309,CUST07745,MER06840,2024-07-17,6732.07,Service Not Received,Under Review
CB005694,TXN004932,CUST09903,MER09510,2024-07-06,610.84,Duplicate Charge,Open
CB005695,TXN003101,CUST02229,MER02570,2024-07-30,1369.36,Fraud Suspected,Open
CB005696,TXN007376,CUST06798,MER02458,2024-08-17,1927.19,Fraud Suspected,Won
CB005697,TXN004348,CUST07964,MER02708,2024-10-19,6452.81,Unauthorized Transaction,Open
CB005698,TXN004917,CUST08130,MER01237,2024-09-13,17968.62,Service Not Received,Open
CB005699,,CUST08253,MER06038,2024-05-18,62227.69,Unauthorized Transaction,Won
CB005700,,CUST02422,MER00659,2024-07-05,1712.47,Unauthorized Transaction,Lost
CB005701,TXN001324,CUST08520,MER04753,2024-02-05,593.49,Product Not Received,Under Review
CB005702,TXN009412,CUST09349,MER05467,,13167.62,Unauthorized Transaction,Under Review
CB005703,TXN009382,CUST06299,MER00843,2024-05-24,11884.63,Service Not Received,Open
,TXN006392,CUST00104,MER01575,2024-09-06,31384.7,Fraud Suspected,Won
CB005705,TXN002904,CUST07424,MER06578,2025-02-14,6101.36,Product Not Received,Lost
CB005706,TXN006084,CUST01320,MER01883,2024-08-20,1033.72,Duplicate Charge,Open
CB005707,TXN003181,CUST06806,MER00398,2024-08-04,3072.02,Product Not Received,Won
CB005708,,CUST08220,MER07048,2024-03-17,364.12,Service Not Received,Open
CB005709,TXN005334,CUST05662,MER02741,2024-12-23,337.68,Duplicate Charge,Under Review
CB005710,TXN004622,CUST08639,MER07344,2025-01-01,647.09,Product Not Received,Won
CB005711,TXN009094,CUST09390,MER00969,2024-05-20,1183.07,Product Not Received,Open
CB005712,TXN008379,CUST03573,MER02226,2024-10-02,37109.34,Duplicate Charge,Under Review
CB005713,TXN006845,CUST01341,MER06369,2024-06-21,7797.68,Product Not Received,Open
CB005714,TXN002573,CUST02492,MER01928,2024-06-15,30120.28,Duplicate Charge,Under Review
CB005715,TXN006961,CUST01368,MER08598,,39410.95,Product Not Received,Under Review
CB005716,TXN002740,,MER02272,2024-04-08,1295.54,Fraud Suspected,Won
CB005717,TXN001281,CUST07227,MER06785,2024-04-12,,Unauthorized Transaction,Open
CB005718,TXN003600,CUST06444,MER09772,2024-04-26,31289.66,Unauthorized Transaction,Under Review
CB005719,TXN004528,CUST04638,MER03889,2024-08-09,68785.86,Fraud Suspected,Under Review
CB005720,TXN003715,CUST09127,MER01507,2024-01-23,6671.7,Product Not Received,Won
CB005721,TXN004553,,MER01796,2024-03-19,89831.41,Product Not Received,Open
CB005722,TXN008001,CUST04223,MER09227,2024-12-28,9222.12,Fraud Suspected,Open
CB008421,TXN004649,CUST01545,MER09360,2025-01-16,90341.02,Duplicate Charge,Open
CB005724,TXN002305,CUST04117,MER02516,2024-05-02,,Duplicate Charge,Lost
CB005725,TXN009710,CUST02967,MER03521,2025-01-25,114459.13,Unauthorized Transaction,Open
CB005726,TXN001351,CUST09605,MER07462,2024-09-05,110448.24,Duplicate Charge,Under Review
CB005727,TXN001848,CUST05224,MER06638,2025-01-17,84307.16,Duplicate Charge,Open
CB005728,TXN007635,,MER04090,2025-01-02,525.74,Service Not Received,Open
CB005729,TXN002335,CUST00819,MER03321,2025-02-03,1739.52,Duplicate Charge,Under Review
CB005730,TXN009893,CUST04781,MER01016,2024-09-29,663.19,Service Not Received,Under Review
CB005731,TXN006033,CUST08930,MER00102,2024-06-28,1798.98,Fraud Suspected,Open
CB005732,TXN004340,CUST02881,MER04026,2024-09-16,21894.32,Service Not Received,Won
CB005733,TXN006517,CUST05911,MER03507,2024-07-12,12529.76,Unauthorized Transaction,Won
CB005734,TXN005263,CUST07377,MER08678,2024-04-04,14978.52,Product Not Received,Open
CB005735,TXN005029,CUST01625,MER09898,2024-12-12,65084.05,Service Not Received,Won
CB005736,TXN001725,CUST01723,MER00797,2024-10-10,16659.44,Unauthorized Transaction,Lost
CB005737,,CUST09756,MER00825,2024-06-19,583.58,Duplicate Charge,Under Review
CB005738,TXN008083,CUST09768,MER07570,2024-07-26,897.1,Unauthorized Transaction,Open
CB005739,TXN002061,CUST02737,MER07996,2024-04-01,337.21,Unauthorized Transaction,Lost
CB005740,,CUST01072,MER06019,2024-11-15,715.5,Duplicate Charge,Under Review
CB005741,TXN004526,UNKNOWN,MER07830,2024-09-08,13930.13,Service Not Received,Lost
CB005742,TXN001955,CUST02303,MER00454,2024-03-08,1609.29,Service Not Received,Won
,TXN006678,CUST06302,MER04386,2024-02-12,25605.62,Fraud Suspected,Open
CB005744,TXN004836,CUST01256,MER06081,2024-03-07,6995.7,Product Not Received,Under Review
CB005745,TXN000169,CUST01977,,2024-12-21,78521.18,Product Not Received,Open
CB005746,TXN003815,CUST02035,MER08842,2025-02-09,7177.24,Product Not Received,Won
CB005747,TXN004047,CUST07448,MER04701,2025-01-10,1909.67,Unauthorized Transaction,Won
CB005748,TXN005268,CUST04035,MER05595,2024-04-10,991.97,Duplicate Charge,Won
CB005749,TXN002818,CUST08781,MER02947,2024-11-08,890.83,Fraud Suspected,Under Review
CB005750,TXN003489,CUST00034,MER02078,2024-03-01,521.11,Product Not Received,Open
CB005751,TXN003784,CUST04614,MER04617,2024-12-26,257.08,Unauthorized Transaction,Won
CB005752,,CUST09656,MER01106,2024-11-29,1130.64,Unauthorized Transaction,Under Review
CB005753,TXN007211,UNKNOWN,MER04619,2024-12-11,957.25,Product Not Received,Won
CB005754,TXN001000,CUST07154,MER06454,2025-01-30,23699.58,Service Not Received,Open
CB005755,TXN003231,CUST07583,MER06172,2024-06-30,63.11,Duplicate Charge,Won
CB005756,TXN000217,UNKNOWN,MER07486,2024-06-02,19540.81,Service Not Received,Under Review
CB005757,TXN002737,CUST01007,MER04374,2024-07-20,49737.63,Service Not Received,Under Review
CB005758,TXN009968,CUST09445,MER08967,2024-12-02,414.9,Unauthorized Transaction,Under Review
CB005759,TXN009035,CUST00862,MER08484,2024-10-07,15573.65,Duplicate Charge,Under Review
CB005760,TXN006142,CUST09865,MER08910,2024-07-14,11030.27,Fraud Suspected,Won
CB005761,TXN009974,CUST06694,MER08194,2024-11-05,1568.58,Duplicate Charge,Lost
CB005762,TXN003866,CUST06666,MER08781,2024-10-06,32803.0,Unauthorized Transaction,Won
CB005763,TXN000065,CUST09269,MER09204,2024-12-15,30282.45,Unauthorized Transaction,Under Review
CB005764,TXN001413,CUST05599,MER03543,2024-05-10,423.64,Product Not Received,Won
CB005765,TXN008877,CUST09190,MER07650,,76276.79,Product Not Received,Won
CB005766,TXN005838,CUST02013,MER03196,2024-12-04,88364.01,Product Not Received,Won
CB005767,TXN002322,CUST07320,MER08448,2024-02-27,48635.57,Duplicate Charge,Lost
CB005768,TXN007104,CUST04018,MER03386,2024-07-30,20192.31,Service Not Received,Open
CB005769,TXN007372,CUST05469,MER02368,2024-07-27,9554.38,Service Not Received,Open
CB005770,TXN001382,CUST06707,MER04957,2024-03-03,8361.38,Unauthorized Transaction,Open
CB005771,TXN009023,CUST01402,MER08055,2025-02-09,1382.64,Product Not Received,Open
CB005772,TXN008737,CUST00371,MER07533,2024-11-10,299.32,Fraud Suspected,Under Review
CB005773,TXN009727,CUST07749,MER06307,2024-03-22,5794.16,Duplicate Charge,Open
CB005774,TXN009319,CUST00347,MER00506,2024-04-09,29149.41,Fraud Suspected,Open
CB005775,TXN008896,CUST07253,MER07990,2024-11-04,990.61,Duplicate Charge,Won
CB005776,TXN005906,CUST01072,MER06019,,357.75,Fraud Suspected,Open
CB005777,TXN001412,CUST07909,MER07816,2024-04-15,50298.32,Product Not Received,Under Review
CB005778,TXN007538,CUST02954,MER04973,2024-04-25,13067.5,Fraud Suspected,Lost
CB005779,TXN000026,CUST04199,MER07681,2024-08-05,7915.7,Service Not Received,Under Review
CB005780,TXN009637,CUST03254,MER01271,2024-05-09,12145.73,Duplicate Charge,Won
CB005781,TXN009270,CUST03239,MER06730,2024-09-25,36240.16,Product Not Received,Lost
CB005782,TXN004916,CUST00576,MER03727,2024-07-31,4711.18,Product Not Received,Under Review
CB005783,TXN005348,CUST06722,MER06194,2024-09-29,7793.06,Fraud Suspected,Under Review
CB005784,TXN005632,CUST02605,MER05336,2025-02-18,909.09,Fraud Suspected,Lost
CB005785,TXN009248,CUST09485,MER06560,2024-07-18,34634.63,Product Not Received,Open
CB005786,TXN000985,CUST03726,MER06186,2024-02-06,13227.22,Duplicate Charge,Under Review
CB005787,TXN007777,CUST07328,,2024-06-05,1346.18,Unauthorized Transaction,Under Review
CB005788,TXN007495,CUST09251,MER00803,2024-03-31,14738.2,Unauthorized Transaction,Won
CB005789,TXN006306,CUST05181,MER01825,2024-06-25,418.57,Unauthorized Transaction,Won
CB005790,TXN005756,CUST04139,MER04872,2024-03-17,8055.35,Product Not Received,Won
CB005791,TXN008963,CUST03732,MER08456,2024-06-21,70531.63,Duplicate Charge,Lost
CB005792,TXN005350,CUST06219,MER00150,2024-08-05,62533.36,Duplicate Charge,Won
CB005793,TXN008132,CUST00618,MER04826,2025-01-05,463.64,Service Not Received,Under Review
CB005794,TXN006034,CUST04515,MER00600,2024-04-02,333.76,Fraud Suspected,Under Review
CB005795,TXN003473,CUST09053,MER05979,2024-09-27,8153.49,Unauthorized Transaction,Lost
CB005796,TXN009386,CUST00740,MER05855,2024-07-08,576.3,Service Not Received,Lost
CB005797,TXN003660,CUST03770,MER04034,2025-01-14,49666.88,Service Not Received,Under Review
CB005798,,CUST03746,MER00769,2024-08-04,44689.11,Unauthorized Transaction,Lost
CB005799,TXN001190,CUST04644,MER09695,2024-11-17,73689.91,Fraud Suspected,Won
CB005800,TXN005429,CUST02390,MER03058,2024-05-04,18667.4,Unauthorized Transaction,Won
CB005801,TXN003325,CUST04223,MER07662,2025-01-23,77555.2,Unauthorized Transaction,Open
CB005802,TXN000025,CUST02269,MER01516,2024-06-30,19119.19,Duplicate Charge,Open
CB005803,TXN006360,,MER02519,2024-05-21,62354.98,Service Not Received,Open
CB005804,TXN007430,CUST06102,MER09194,2024-10-20,1087.51,Service Not Received,Open
CB005805,TXN007181,CUST04952,MER04470,2024-07-14,1194.83,Fraud Suspected,Under Review
CB005806,TXN004050,CUST08342,MER01502,2024-02-07,551.58,Unauthorized Transaction,Open
CB005807,TXN003959,CUST04494,MER08743,2024-12-19,5806.69,Product Not Received,Won
CB005808,TXN008654,CUST04609,MER00663,2024-04-10,909.93,Fraud Suspected,Under Review
CB005809,TXN008957,CUST00592,MER06689,2024-12-31,769.71,Unauthorized Transaction,Lost
CB005810,TXN005574,CUST08178,MER05316,2025-01-15,862.13,Unauthorized Transaction,Won
CB005811,TXN003362,CUST09688,MER00634,2024-02-01,1250.29,Duplicate Charge,Won
CB005812,TXN003694,CUST05106,MER05513,2025-01-15,6551.16,Duplicate Charge,Won
CB005813,TXN000133,CUST05071,MER06759,2024-05-23,8685.06,Duplicate Charge,Open
CB005814,TXN005889,CUST07960,MER08083,2024-04-15,1438.57,Fraud Suspected,Open
CB005815,TXN001864,CUST08217,MER03926,2024-08-10,245.28,Product Not Received,Lost
CB005816,TXN008731,CUST03095,MER04237,2024-08-02,192.48,Fraud Suspected,Open
CB005817,TXN007747,CUST06257,MER09472,2024-02-29,22598.54,Fraud Suspected,Won
CB005818,TXN005569,CUST07632,MER05379,2024-04-28,96402.46,Product Not Received,Lost
,TXN007359,CUST01039,MER05435,2024-03-10,5282.04,Duplicate Charge,Under Review
CB005820,TXN006164,CUST04253,MER06360,2024-05-11,11083.82,Service Not Received,Won
CB005821,TXN007944,CUST08902,MER06593,,66882.65,Service Not Received,Lost
CB005822,TXN000791,CUST08723,MER08679,2024-07-23,89670.66,Service Not Received,Open
CB005823,TXN006111,CUST03910,MER01289,2024-07-11,4224.77,Unauthorized Transaction,Lost
CB005824,TXN008393,CUST07504,MER05350,2024-12-29,66802.0,Service Not Received,Under Review
CB005825,TXN001071,CUST08359,MER01777,2024-08-11,35032.54,Product Not Received,Open
CB005826,TXN000363,CUST00536,MER03162,2024-01-29,185.18,Product Not Received,Lost
CB005827,TXN005227,CUST07448,MER09362,2024-08-20,15315.92,Fraud Suspected,Open
CB005828,TXN003041,UNKNOWN,MER02086,2024-06-09,633.93,Fraud Suspected,Open
CB005829,TXN001269,CUST07456,MER01105,2024-10-10,74484.62,Fraud Suspected,Open
CB005830,TXN004516,CUST08948,MER03272,2024-06-30,404.23,Unauthorized Transaction,Under Review
CB005831,TXN002039,CUST04245,MER04900,2025-01-13,N/A,Duplicate Charge,Won
CB005832,TXN001154,CUST02434,MER02151,2024-04-09,463.34,Service Not Received,Open
CB005833,TXN007226,CUST04828,MER09054,2024-08-01,1461.36,Product Not Received,Under Review
CB005834,TXN008385,CUST06519,MER05532,2025-01-12,21294.62,Duplicate Charge,Won
CB005835,TXN006114,CUST08730,MER04298,2024-06-09,17978.39,Product Not Received,Open
CB005836,TXN001637,CUST08966,MER09823,2024-10-03,1909.45,Service Not Received,Won
CB005837,TXN007854,,MER04594,2024-06-18,9018.98,Fraud Suspected,Open
CB005838,TXN005547,CUST00215,MER00233,2024-03-25,92824.75,Duplicate Charge,Won
CB002405,TXN006751,CUST09630,MER00158,2024-07-21,8982.64,Duplicate Charge,Lost
CB005840,TXN007500,CUST09585,MER08636,2024-02-26,1977.13,Duplicate Charge,Won
CB005841,TXN001259,,MER01105,2024-01-27,1071.96,Fraud Suspected,Won
CB005842,TXN006110,CUST02730,MER04729,2024-06-25,2872.21,Product Not Received,Won
CB005843,TXN009051,CUST03854,MER04895,2024-11-14,1895.53,Unauthorized Transaction,Open
CB005844,TXN004673,CUST06570,MER08522,2024-12-16,1220.8,Product Not Received,Won
CB005845,TXN007619,CUST01760,MER03850,2024-04-11,12207.37,Service Not Received,Lost
CB005846,TXN001206,CUST09287,MER01317,2024-01-15,372.18,Service Not Received,Open
CB005847,TXN001054,CUST06808,MER05943,2024-08-18,3831.33,Unauthorized Transaction,Won
CB005848,TXN005762,CUST04397,MER02598,2024-07-27,N/A,Unauthorized Transaction,Open
CB005849,TXN005295,CUST00360,MER03347,2024-06-22,88352.85,Product Not Received,Under Review
CB005850,TXN000516,CUST00223,MER05743,2024-06-13,1321.29,Unauthorized Transaction,Open
CB005851,TXN007887,CUST06233,,2024-04-10,204.71,Service Not Received,Lost
CB005852,TXN008776,CUST02719,MER04422,2024-12-10,10525.97,Product Not Received,Under Review
CB005853,TXN003066,CUST04592,MER05849,2024-04-18,19118.46,Fraud Suspected,Won
CB005854,TXN008219,CUST01659,MER01209,2024-04-09,10841.86,Fraud Suspected,Lost
CB005855,TXN001812,CUST02015,MER09346,2024-07-27,17372.08,Fraud Suspected,Lost
CB005856,TXN008991,CUST07459,MER03031,2024-12-23,43.62,Product Not Received,Open
,TXN008598,CUST04798,MER02674,2024-12-09,87849.01,Service Not Received,Lost
CB005858,,CUST07783,MER08145,2024-12-21,23940.59,Fraud Suspected,Open
CB005859,TXN008967,CUST08951,MER01339,2024-12-31,398.64,Service Not Received,Under Review
CB005860,TXN006174,CUST04167,MER02471,2024-10-18,2796.39,Service Not Received,Open
CB005861,TXN000224,CUST03897,MER07618,2024-09-29,25966.3,Fraud Suspected,Open
CB005862,TXN004015,CUST08360,MER03472,2024-09-20,637.3,Duplicate Charge,Under Review
CB005863,TXN005193,CUST01234,MER09936,2024-05-04,N/A,Duplicate Charge,Won
CB005864,TXN001956,CUST09567,MER04466,2024-07-03,10562.01,Product Not Received,Under Review
CB005865,TXN005487,CUST03437,MER09506,2024-08-07,94632.13,Duplicate Charge,Won
CB005866,TXN003088,CUST04859,MER06762,2024-09-02,9453.17,Fraud Suspected,Won
CB005867,TXN008239,CUST00984,MER07023,2024-06-10,592.4,Product Not Received,Won
CB005868,TXN000489,CUST09892,MER08833,2024-12-21,1043.49,Service Not Received,Open
CB005869,TXN002212,CUST09668,MER01267,2024-08-13,91822.65,Fraud Suspected,Open
CB005870,TXN003587,CUST05041,MER09465,2024-05-21,113625.68,Fraud Suspected,Lost
CB005871,TXN002025,CUST00785,MER00334,2024-12-26,1276.36,Service Not Received,Lost
CB005872,TXN007541,CUST08228,MER05856,2024-10-05,17106.29,Service Not Received,Under Review
CB005873,,CUST08385,MER05628,2025-01-20,1459.74,Fraud Suspected,Won
CB005874,TXN003268,CUST04497,MER08622,2024-03-17,73305.8,Product Not Received,Won
CB005875,TXN007250,CUST08496,MER06529,2024-04-01,475.57,Unauthorized Transaction,Won
CB005876,TXN003694,CUST05106,MER05513,2024-12-28,13102.32,Service Not Received,Won
CB005877,TXN005924,CUST05438,MER04627,2024-11-13,7409.28,Fraud Suspected,Under Review
CB005878,TXN001801,CUST09281,MER01495,2024-01-10,1978.59,Service Not Received,Lost
CB005879,TXN000642,CUST03534,MER03147,2024-11-05,18485.98,Fraud Suspected,Under Review
CB005880,,CUST08835,MER01261,2024-09-12,15553.87,Duplicate Charge,Open
CB005881,TXN004911,CUST09534,MER08426,2024-05-25,779.03,Service Not Received,Open
CB005882,TXN000137,CUST04352,MER05236,2024-01-16,43902.05,Unauthorized Transaction,Lost
CB005883,TXN004512,CUST08021,MER01782,2024-06-05,1054.78,Product Not Received,Won
CB005884,TXN005160,CUST00037,MER01663,2024-11-19,54555.65,Unauthorized Transaction,Under Review
CB005885,TXN008729,CUST00773,MER02487,2024-02-24,7114.7,Unauthorized Transaction,Under Review
CB005886,TXN003973,CUST05894,MER01732,2024-08-04,93803.18,Unauthorized Transaction,Won
CB005887,TXN008541,CUST05808,MER00166,2024-11-03,9841.81,Service Not Received,Won
CB005888,TXN005170,CUST07711,MER01907,2024-12-10,672.51,Unauthorized Transaction,Open
CB005889,TXN007116,CUST01288,MER03197,2025-01-31,31097.82,Unauthorized Transaction,Open
CB005890,TXN009700,CUST03805,MER02919,2024-10-15,22936.69,Fraud Suspected,Under Review
CB005891,TXN004484,CUST03532,MER02034,2024-11-05,69884.88,Unauthorized Transaction,Won
CB005892,TXN006471,CUST06341,UNKNOWN,2024-03-13,106018.12,Fraud Suspected,Open
CB005893,TXN001046,CUST02043,MER02441,2024-09-24,4538.88,Fraud Suspected,Open
CB005894,TXN006475,CUST03839,MER03516,2024-10-24,10673.0,Duplicate Charge,Lost
CB005895,TXN004522,CUST02892,MER06653,2024-04-16,9754.12,Product Not Received,Lost
CB005896,TXN002833,CUST06077,MER08915,2024-03-28,2072.27,Unauthorized Transaction,Under Review
CB005897,TXN008282,CUST04610,MER06628,2024-07-07,868.66,,Open
CB005898,TXN002335,CUST00819,MER03321,2025-02-09,2000.45,Unauthorized Transaction,Under Review
CB005899,TXN004048,CUST08622,MER06833,2024-02-06,410.85,Fraud Suspected,Under Review
CB005900,TXN000120,CUST00882,MER05165,2024-07-16,N/A,Fraud Suspected,Under Review
CB005901,TXN000650,CUST06705,MER09178,2024-12-02,231.71,Product Not Received,Open
CB005902,TXN009948,CUST00733,MER02472,2024-08-13,3383.67,Fraud Suspected,Lost
CB005903,TXN007463,CUST02429,MER09766,2024-04-26,63534.91,Fraud Suspected,Open
CB005904,TXN007566,CUST07597,MER04989,2024-10-20,2050.73,Product Not Received,Under Review
CB005905,TXN004598,CUST00850,MER08466,2024-10-20,,Duplicate Charge,Open
CB005906,TXN006759,CUST03169,MER08281,2024-05-12,18506.43,Service Not Received,Won
CB005907,TXN008039,CUST02872,MER09754,2024-12-30,10035.0,Service Not Received,Under Review
CB005908,TXN002848,CUST04917,MER02228,2024-09-16,15937.79,Duplicate Charge,Won
CB005909,TXN001539,CUST08750,MER00117,2024-06-29,37724.3,Unauthorized Transaction,Lost
CB005910,TXN007792,CUST01873,,2024-12-24,631.12,Duplicate Charge,Open
CB005911,TXN007712,CUST07767,MER04790,2024-11-27,6761.41,Fraud Suspected,Open
CB005912,TXN006891,CUST05547,MER05666,2024-06-29,108539.17,,Won
CB005913,TXN007337,CUST02379,MER08452,2024-03-04,64151.55,Unauthorized Transaction,Open
CB005914,TXN008031,CUST05377,MER09918,2024-06-06,13906.96,Product Not Received,Lost
CB005915,TXN000825,CUST08893,MER04057,2024-04-05,17930.89,Service Not Received,Under Review
CB005916,TXN001790,CUST02293,MER01105,2024-11-17,63026.16,Service Not Received,Under Review
CB005917,TXN007804,CUST01939,MER00268,,14035.62,Unauthorized Transaction,Open
CB005918,TXN005592,CUST07323,MER00631,2024-04-08,627.93,Product Not Received,Under Review
CB005919,TXN006689,CUST06385,MER05230,2024-12-06,11157.02,Fraud Suspected,Won
CB005920,TXN001275,CUST07626,MER04701,2024-08-14,5908.96,Fraud Suspected,Lost
CB005921,TXN007883,CUST07618,MER04190,2024-04-02,48581.64,Service Not Received,Open
CB005922,TXN006619,CUST00419,MER02849,2024-06-22,72637.13,Product Not Received,Won
CB005923,TXN002579,CUST00624,MER09251,2024-08-04,58166.02,Service Not Received,Open
CB005924,TXN001517,CUST07459,MER01562,2024-07-20,17754.29,Product Not Received,Under Review
CB005925,TXN000205,CUST09122,MER06110,2024-12-24,50007.66,Product Not Received,
CB005926,TXN007134,CUST05573,MER08830,2024-03-19,9414.18,Unauthorized Transaction,Open
CB005927,TXN009306,CUST05429,MER04527,2024-05-06,3029.78,Service Not Received,Open
CB005928,TXN000077,CUST08579,,2024-12-04,87851.95,,Lost
CB005929,,CUST04550,MER02911,2024-08-12,7564.65,Duplicate Charge,
CB005930,TXN003358,CUST06415,MER04295,2024-10-23,82807.13,Unauthorized Transaction,Won
CB005931,TXN002355,CUST07672,MER00313,2024-09-15,7657.64,Fraud Suspected,Won
CB005932,TXN001817,CUST03958,MER05270,2024-09-22,6818.06,Unauthorized Transaction,Under Review
CB005933,TXN002550,CUST06374,MER06453,2024-05-26,17866.95,Product Not Received,Open
CB005934,TXN001341,CUST06820,MER05139,2024-09-21,84.1,Service Not Received,Lost
CB005935,TXN009700,CUST03805,MER02919,2024-10-26,9972.48,Service Not Received,Open
CB005936,TXN007574,CUST00931,MER00809,2024-12-09,49040.16,Unauthorized Transaction,Open
CB005937,TXN006783,CUST05515,MER09710,2025-01-01,405.9,Service Not Received,Won
CB005938,TXN008592,CUST09492,MER00252,2024-07-05,32230.8,Service Not Received,Open
CB005939,TXN000278,CUST07258,MER04526,2024-06-21,967.31,Fraud Suspected,Lost
CB005940,TXN001151,CUST02563,MER08461,2025-02-12,4469.8,Unauthorized Transaction,Won
CB005941,TXN000054,CUST03608,MER03239,2024-04-30,6344.96,Fraud Suspected,Under Review
CB005942,TXN006540,CUST00116,MER07844,2025-01-04,64070.76,Fraud Suspected,Open
CB005943,TXN006595,CUST06141,MER03237,2024-11-26,7394.7,Duplicate Charge,Open
CB005944,TXN003859,,MER01851,2024-04-01,13457.18,Fraud Suspected,Under Review
CB005945,TXN004804,CUST02596,MER07278,2024-09-19,15731.67,Service Not Received,Under Review
CB005946,TXN008452,CUST03739,MER04969,2024-03-09,,Fraud Suspected,Won
CB005947,TXN009562,,MER06075,2024-02-02,12811.83,Product Not Received,Open
CB005948,TXN003794,CUST05723,MER08861,2024-06-18,4596.05,Service Not Received,Won
CB005949,TXN004109,CUST00563,MER08624,2024-06-01,,Duplicate Charge,Under Review
CB005950,UNKNOWN,CUST07126,MER07605,2024-06-15,6197.54,Fraud Suspected,Lost
CB005951,TXN005248,CUST02198,MER08463,2024-11-18,1887.77,Fraud Suspected,Open
CB005952,TXN001870,CUST09450,MER05825,2024-12-03,40093.22,Unauthorized Transaction,Lost
CB005953,TXN004788,CUST07519,MER09235,2024-02-14,842.2,Fraud Suspected,Open
CB005954,TXN005219,CUST08320,MER09221,2024-04-21,1293.21,Unauthorized Transaction,Won
CB005955,TXN009646,CUST00116,MER01966,2024-07-15,28132.64,Unauthorized Transaction,Open
CB005956,TXN007184,CUST07429,MER00061,2024-12-29,686.79,Duplicate Charge,Open
CB005957,TXN004646,CUST07841,MER01936,2024-12-17,38125.52,Service Not Received,Lost
CB005958,TXN009639,CUST01974,MER04559,2024-01-28,1914.78,Product Not Received,Lost
CB005959,TXN002640,CUST02563,MER06303,2024-11-15,59133.21,Duplicate Charge,Lost
CB005960,TXN004995,CUST00252,MER04553,2024-02-28,39473.86,Product Not Received,Won
CB005961,TXN003176,CUST00036,MER08198,2024-05-20,296.32,Duplicate Charge,Under Review
CB005962,TXN008180,CUST07474,MER00670,2025-01-04,13493.58,Fraud Suspected,Under Review
CB005963,TXN006885,CUST04660,MER03334,2025-01-27,7848.13,Fraud Suspected,Open
CB005964,TXN009030,CUST07256,MER07113,2024-02-05,1716.48,Fraud Suspected,Open
CB005965,TXN008187,CUST00030,MER05435,2025-02-16,5727.37,Unauthorized Transaction,Won
CB005966,TXN007062,CUST09811,MER07092,2024-11-22,3817.76,Service Not Received,Under Review
CB005967,TXN008568,CUST07816,,2024-03-25,1461.0,Unauthorized Transaction,Under Review
CB005968,TXN005666,,MER00391,2024-10-09,39984.22,Fraud Suspected,Won
CB005969,TXN001207,CUST02275,MER07169,2024-06-30,79579.68,Service Not Received,Open
CB005970,TXN001857,CUST08987,MER01468,2024-03-26,767.2,Unauthorized Transaction,Open
CB005971,TXN006359,CUST08946,MER02877,2024-04-06,31011.23,Service Not Received,Open
,TXN004670,CUST00509,MER00999,2024-09-04,16223.36,Product Not Received,Under Review
CB005973,TXN007232,CUST03183,MER09767,2024-04-24,43053.95,Unauthorized Transaction,Won
CB005974,TXN002903,CUST00012,MER04262,2024-04-27,2161.72,Service Not Received,Open
CB005975,TXN004171,CUST00713,MER09546,2024-08-16,17123.08,Duplicate Charge,Under Review
CB005976,TXN002805,CUST03245,MER06458,2024-08-14,75695.25,Unauthorized Transaction,Lost
CB005977,TXN009640,,MER02097,2024-03-08,122.83,Unauthorized Transaction,Open
CB005978,TXN001795,CUST08606,MER02499,2024-09-20,1869.35,Product Not Received,Lost
CB005979,TXN005881,CUST07119,MER04539,2024-11-09,2615.04,Fraud Suspected,Won
CB005980,TXN009329,CUST08659,MER09343,2024-07-10,42518.39,Fraud Suspected,Won
CB005981,TXN003461,CUST00689,MER05797,2024-10-21,81066.66,Fraud Suspected,Open
CB005982,TXN009343,CUST02784,MER09439,2024-07-12,8334.82,Duplicate Charge,Open
CB005983,TXN005479,CUST06081,MER00052,2024-06-26,259.16,Fraud Suspected,Under Review
CB005984,TXN000202,CUST03610,MER06807,2024-09-10,1239.03,Duplicate Charge,Won
CB005985,TXN006541,CUST05759,MER01795,2024-12-20,14485.51,Product Not Received,Won
CB005986,TXN009542,CUST06800,MER09654,2024-08-01,91285.67,Product Not Received,Open
CB005987,TXN004983,CUST05813,MER06464,,47057.84,Service Not Received,Under Review
CB005988,TXN003094,CUST02207,MER00021,2024-02-25,1432.22,Duplicate Charge,Lost
CB005989,TXN007808,CUST06267,MER04001,2024-03-21,1301.32,Duplicate Charge,Lost
CB005990,TXN001951,CUST02040,MER00402,2024-03-03,249.26,Product Not Received,Won
CB005991,TXN007409,CUST00735,MER08120,2024-05-03,89564.82,Unauthorized Transaction,Open
,TXN004682,CUST07258,MER01600,2025-01-03,777.12,Product Not Received,Lost
CB005993,TXN007210,,MER04806,2024-05-02,91955.14,Unauthorized Transaction,Lost
CB005994,UNKNOWN,CUST09869,MER00731,2024-11-19,6243.78,Product Not Received,Under Review
CB005995,TXN001552,CUST01093,MER03438,2024-12-31,16292.44,Duplicate Charge,Open
CB005996,TXN004344,CUST08547,MER06726,2024-04-27,1309.71,,Won
CB005997,TXN005666,CUST04981,MER00391,2024-11-05,17384.44,Product Not Received,Open
CB005998,TXN004474,CUST08604,MER02016,2025-01-18,756.63,Unauthorized Transaction,Lost
CB005999,TXN003905,CUST01305,MER08923,2024-04-09,6989.72,Fraud Suspected,Open
CB006000,TXN005022,CUST07613,MER08950,2024-11-27,5401.12,Product Not Received,Won
CB006001,TXN001629,CUST06939,MER04016,2024-09-03,737.73,Unauthorized Transaction,Under Review
CB006002,TXN009410,CUST02918,MER00019,2024-12-23,1474.59,Fraud Suspected,Won
CB006003,TXN000512,CUST00327,MER04739,2024-08-28,74667.8,Unauthorized Transaction,
CB006004,TXN006278,CUST01767,MER07349,,159.04,Unauthorized Transaction,Won
CB006005,TXN004024,CUST06300,MER07628,2024-05-26,1882.25,Unauthorized Transaction,Won
CB006006,TXN003118,CUST07098,MER08473,2024-03-10,30044.95,Fraud Suspected,Lost
CB006007,TXN004072,CUST00966,MER01259,2024-07-21,1055.53,Service Not Received,Open
CB006008,TXN003801,CUST08549,MER04528,2024-09-05,50834.48,Duplicate Charge,Under Review
CB006009,TXN000250,CUST04034,MER03899,2024-09-19,5533.92,Product Not Received,Won
CB006010,TXN002715,CUST06539,MER00711,2024-06-18,10798.5,Product Not Received,Won
CB006011,TXN005890,CUST04046,MER06004,2024-07-08,1788.93,Service Not Received,Open
CB006012,UNKNOWN,CUST05768,MER08495,2024-06-09,2045.31,Duplicate Charge,Open
CB006013,TXN007389,CUST09404,MER09039,2024-02-02,1695.34,Fraud Suspected,Lost
CB006014,TXN008174,CUST08137,MER06603,2024-02-29,25310.39,Duplicate Charge,Open
CB006015,TXN006105,,MER05952,2024-05-30,814.36,Duplicate Charge,Open
CB006016,TXN006092,CUST00764,MER03309,2024-11-18,1257.77,Unauthorized Transaction,Under Review
CB006017,TXN002663,CUST07608,MER04308,2024-12-19,1517.28,Service Not Received,Open
CB006018,,,MER05205,2025-01-01,6689.73,Service Not Received,Open
CB006019,TXN004446,CUST00303,MER05165,2024-10-10,2935.31,Product Not Received,Lost
CB006020,TXN005150,CUST02386,MER04785,2024-04-21,71361.12,Service Not Received,Open
CB006021,TXN001872,CUST02675,MER03918,2024-06-03,2532.2,Service Not Received,Open
CB006022,TXN009554,CUST06837,MER03410,2025-02-01,996.16,Fraud Suspected,Lost
CB006023,TXN009033,CUST02480,MER06479,2024-03-28,3372.56,,Under Review
CB006024,TXN003570,CUST09096,MER03840,2024-06-24,245.06,Fraud Suspected,Open
CB006025,TXN002622,CUST05447,MER08802,2024-10-12,335.53,Duplicate Charge,Open
CB006026,TXN006969,CUST08721,,2024-12-21,4401.62,Fraud Suspected,Open
CB006027,TXN008689,CUST08669,MER03801,2024-06-06,9698.89,Service Not Received,Won
CB006028,TXN004502,CUST09595,MER08105,2024-03-26,13438.27,Duplicate Charge,Won
CB006029,TXN008946,CUST00438,MER07590,2024-08-16,193.53,Unauthorized Transaction,Lost
CB006030,TXN001488,CUST07935,MER06190,2024-02-13,106143.98,Service Not Received,Lost
CB006031,TXN000722,CUST07037,MER06664,2025-02-03,7473.64,Service Not Received,Lost
CB006032,TXN000037,CUST08418,MER08493,2024-12-27,6246.37,Unauthorized Transaction,Open
CB006033,TXN005515,CUST08869,MER05126,2024-04-06,4476.15,Service Not Received,Under Review
CB006034,TXN000376,CUST00823,MER00264,2024-04-13,4621.92,Fraud Suspected,Under Review
CB006035,TXN000039,CUST06164,MER07012,2024-05-18,1815.29,Unauthorized Transaction,Open
CB002911,TXN007494,CUST06028,MER02658,2024-09-09,1905.94,Product Not Received,Under Review
CB006037,TXN003487,CUST05171,MER05175,2024-03-02,17845.24,Unauthorized Transaction,Under Review
CB006038,TXN008333,CUST01558,MER07929,2024-07-20,16196.64,Service Not Received,Lost
CB006039,TXN004258,CUST09517,MER08248,2024-03-18,1012.66,Service Not Received,Under Review
CB006040,TXN008920,CUST07594,MER09761,2024-08-04,306.91,Product Not Received,Open
CB006041,TXN003447,CUST08158,MER09670,2024-06-23,29502.6,Duplicate Charge,Open
CB006042,TXN000886,CUST03206,MER04669,2024-06-12,6243.1,Unauthorized Transaction,Lost
CB006043,TXN000535,CUST08014,MER07454,2024-09-20,6821.61,Duplicate Charge,Open
CB006044,TXN009447,CUST06711,MER07058,2024-11-19,566.72,,Open
CB006045,TXN009190,CUST01119,MER09109,2024-04-06,86.39,Product Not Received,Under Review
CB006046,TXN008540,CUST08755,MER06381,2024-11-10,15260.25,Fraud Suspected,Under Review
CB006047,TXN003763,CUST05038,MER08513,2024-09-13,1224.61,Service Not Received,
CB006048,TXN006033,CUST08930,MER00102,2024-07-15,2068.83,Product Not Received,Lost
CB006049,TXN004969,CUST01007,MER03251,2024-05-09,11152.73,Fraud Suspected,Under Review
CB006050,TXN002035,CUST02986,MER05125,2024-12-22,,Fraud Suspected,Lost
CB006051,TXN006645,,MER01729,2024-04-09,1615.25,Unauthorized Transaction,Lost
CB006052,TXN007697,CUST01790,MER04751,2024-10-11,91716.44,Product Not Received,Under Review
CB006053,TXN003509,CUST02634,MER08981,2024-06-03,31349.34,Service Not Received,Open
CB006054,TXN009495,CUST06088,MER00605,2024-11-09,86608.57,Unauthorized Transaction,Won
CB006055,TXN005707,CUST08829,MER07166,2024-10-30,524.66,Service Not Received,Open
CB006056,TXN006663,CUST06052,MER07987,2024-05-09,24047.37,Fraud Suspected,Won
CB006057,TXN002825,CUST03456,MER03750,2024-07-25,33576.79,Duplicate Charge,Open
CB006058,TXN005126,CUST00768,MER02756,2024-07-12,70099.56,Service Not Received,Under Review
CB006059,TXN000330,CUST00209,MER00889,,911.02,Fraud Suspected,Under Review
CB006060,TXN009969,CUST07804,MER04224,2024-05-08,1866.96,Product Not Received,Won
CB006061,TXN006063,CUST04080,MER00284,2024-06-26,1457.42,Service Not Received,Under Review
CB006062,TXN004203,CUST02033,MER01400,2025-01-01,108017.51,,Won
CB006063,TXN009544,CUST02492,MER02621,2024-08-28,4000.91,Product Not Received,Won
CB006064,TXN007469,CUST07457,MER00145,2024-08-26,10670.54,Product Not Received,Won
CB006065,TXN008471,CUST01218,MER06206,2024-11-29,52048.29,Duplicate Charge,Lost
CB006066,TXN002507,CUST06357,MER03425,2024-03-23,6338.75,Duplicate Charge,Open
CB006067,TXN005263,CUST07377,,2024-03-25,13024.8,Fraud Suspected,Open
CB006068,,CUST01234,MER07099,2024-06-10,32428.76,Service Not Received,Lost
CB006069,TXN000132,CUST06673,MER03259,2024-11-07,1429.92,Service Not Received,Under Review
CB006070,TXN009137,CUST00966,,2024-12-30,67.69,Service Not Received,Won
CB006071,TXN000746,CUST04554,MER02736,2024-03-06,123.82,Service Not Received,Under Review
CB006072,TXN002657,CUST08963,MER09698,2024-08-18,26442.5,Fraud Suspected,Under Review
CB006073,TXN001456,CUST04846,MER08277,2025-02-15,5501.19,Duplicate Charge,Under Review
CB006074,TXN001964,CUST03062,MER09429,2024-03-14,4096.5,Service Not Received,Under Review
CB006075,TXN009637,CUST03254,MER01271,2024-04-25,12145.73,Duplicate Charge,Won
CB006076,TXN006020,CUST00208,MER04157,2024-03-05,98764.25,Product Not Received,
CB006077,TXN002786,CUST09714,MER09375,2024-05-05,177.51,Service Not Received,Under Review
CB006078,TXN002644,CUST06447,MER05346,2024-08-20,205.25,Service Not Received,Open
CB006079,TXN005287,CUST05644,MER00746,2024-06-27,1868.73,Fraud Suspected,Open
CB006080,TXN005069,CUST09417,MER02068,2024-07-23,8224.61,Product Not Received,Open
CB006081,TXN007729,CUST09120,MER08551,2024-05-17,12627.1,Fraud Suspected,Open
CB006082,TXN004852,CUST03317,MER09665,2024-06-14,3365.06,Duplicate Charge,Under Review
CB006083,TXN004362,CUST01826,MER04003,2024-04-05,70502.2,Unauthorized Transaction,Under Review
CB006084,TXN006343,CUST04351,MER03694,2024-05-29,93769.42,Fraud Suspected,Lost
CB006085,TXN000379,CUST07662,MER03982,2024-04-16,15288.97,Fraud Suspected,Open
CB006086,TXN007756,CUST06126,MER06284,2024-05-10,195.61,Product Not Received,Under Review
CB006087,TXN000449,CUST04058,MER09524,2024-08-30,181.13,Duplicate Charge,Won
,TXN005616,CUST01984,MER00237,2024-10-20,1178.92,Product Not Received,Lost
CB006089,TXN003654,CUST08704,MER03541,2024-10-15,369.59,Duplicate Charge,Under Review
CB006090,TXN005050,CUST01801,MER06026,2025-01-06,11920.07,Service Not Received,Under Review
CB006091,TXN007495,CUST09251,MER00803,2024-04-04,7369.1,Unauthorized Transaction,Won
CB006092,TXN005339,CUST00055,MER01164,,387.62,Duplicate Charge,Won
CB006093,TXN000729,CUST06984,MER03686,2024-10-25,5254.06,Duplicate Charge,Won
CB006094,TXN004435,CUST09148,MER00870,2024-11-28,41273.87,Service Not Received,Won
CB006095,TXN007504,CUST00717,MER06071,2024-09-27,13435.49,Product Not Received,Won
CB006096,TXN002717,CUST06652,MER05725,2024-04-15,860.56,Product Not Received,Won
CB006097,TXN009332,CUST09008,MER03487,2024-10-05,63049.84,Unauthorized Transaction,Lost
CB006098,TXN003887,CUST09651,MER08189,2024-08-29,266.19,Fraud Suspected,Won
CB006099,TXN003386,CUST06887,MER07117,2024-12-30,20296.71,Fraud Suspected,Lost
CB006100,TXN000527,CUST02481,MER05740,2024-02-06,2164.07,Product Not Received,Won
CB006101,TXN006127,CUST03396,MER04536,2024-07-16,350.28,Service Not Received,Lost
CB006102,TXN002953,CUST09951,MER05431,2024-12-25,84376.16,Service Not Received,Under Review
CB006103,TXN004926,CUST07620,MER04186,2024-01-13,63544.23,Duplicate Charge,
CB006104,TXN004537,,MER05323,2024-05-12,41631.28,Service Not Received,Under Review
CB006105,TXN004788,CUST07519,MER09235,2024-03-09,1684.4,Service Not Received,Under Review
CB006106,TXN000173,CUST07781,MER03073,,10050.23,Unauthorized Transaction,Under Review
CB006107,TXN005276,CUST08793,MER07209,2024-08-21,18142.34,Service Not Received,Lost
CB006108,TXN009498,CUST07160,MER03903,2024-07-16,275.34,Fraud Suspected,Won
CB006109,TXN001240,CUST02942,MER00797,2024-09-17,5523.24,Unauthorized Transaction,Lost
CB006110,TXN006968,CUST05520,MER07584,2024-07-29,2815.68,Fraud Suspected,
CB006111,TXN000706,CUST04916,MER01392,2024-03-07,10523.44,Product Not Received,Open
CB006112,TXN002306,CUST07022,MER01878,2024-08-25,93689.35,Unauthorized Transaction,Open
CB006113,TXN003280,CUST05048,MER03792,2024-11-16,287.35,Duplicate Charge,Lost
CB006114,TXN000787,CUST09044,MER02344,2024-05-01,4056.14,Fraud Suspected,Won
CB006115,TXN001147,CUST09832,MER07202,2024-10-10,,Unauthorized Transaction,Lost
CB006116,TXN006742,CUST06098,MER09567,2024-02-12,1407.25,Unauthorized Transaction,Open
CB006117,TXN004248,CUST00664,,2024-06-07,1547.16,Duplicate Charge,Open
CB006118,TXN004821,CUST08842,MER04238,2024-08-17,518.74,Unauthorized Transaction,
CB006119,TXN009011,CUST00685,MER02659,2024-04-30,3688.78,Fraud Suspected,Won
CB006120,TXN006436,CUST03368,MER06754,2024-07-27,53252.88,Fraud Suspected,Lost
CB006121,TXN002714,CUST02190,MER05010,2024-05-13,10821.91,Unauthorized Transaction,Open
CB006122,TXN007540,CUST02857,MER06407,2024-05-06,19059.37,Fraud Suspected,Won
CB006123,TXN009317,CUST05188,MER02845,2024-03-27,912.22,Duplicate Charge,Won
CB006124,TXN003546,CUST00211,MER07879,2024-06-11,67478.03,Product Not Received,Won
CB006125,TXN009891,CUST09888,MER01206,2024-10-31,16064.1,Service Not Received,Won
CB006126,TXN001321,CUST06215,MER08780,2024-02-18,719.73,Duplicate Charge,Under Review
,TXN007606,CUST06932,MER06938,2024-03-24,1524.5,Product Not Received,Open
CB006128,TXN001722,CUST01019,MER07840,2024-10-10,17350.38,Unauthorized Transaction,Won
CB006129,TXN001379,CUST05213,MER03526,2024-10-15,88336.71,Unauthorized Transaction,Lost
CB006130,TXN005559,CUST00326,MER05392,2025-01-09,1090.82,Product Not Received,Won
CB006131,,CUST01526,MER07930,2024-05-25,249.8,Service Not Received,Under Review
CB006132,TXN008460,CUST02280,MER05870,2024-08-17,145.56,Service Not Received,Open
,TXN000475,CUST01323,MER07810,2024-10-01,14127.74,Unauthorized Transaction,Open
CB006134,TXN007932,CUST05112,MER00348,2024-08-23,11153.18,Unauthorized Transaction,Won
CB006135,TXN002659,CUST04919,MER04297,2024-12-28,385.58,Product Not Received,Under Review
CB006136,TXN006597,CUST08448,MER06125,2024-02-19,12574.95,Duplicate Charge,Under Review
CB006137,TXN004499,CUST08409,MER08012,2024-09-25,27955.14,Service Not Received,Open
CB006138,TXN009174,CUST00228,MER01659,2025-01-15,19453.41,,Lost
CB006139,TXN005183,CUST08221,MER00688,2024-06-11,78937.22,Service Not Received,Open
CB006140,TXN000130,CUST01573,MER08127,2024-06-29,6922.16,Service Not Received,Under Review
CB006141,TXN003965,CUST07361,MER08755,2024-04-02,18052.16,Service Not Received,Open
CB006142,TXN000853,CUST00017,MER00462,2024-10-14,479.18,Product Not Received,Lost
CB006143,TXN001617,CUST04366,MER04114,2024-09-17,4933.03,Service Not Received,Lost
CB006144,TXN002909,CUST08309,MER02234,2024-09-29,613.96,Fraud Suspected,Open
CB006145,,CUST00364,MER03076,2024-05-14,70072.44,Product Not Received,Under Review
CB006146,TXN000277,CUST09323,MER09318,2024-09-04,125.71,Fraud Suspected,Open
CB006147,TXN007448,CUST07833,MER07217,2024-06-04,15004.86,Service Not Received,Won
CB006148,TXN004164,CUST05929,MER07324,2024-10-01,9650.24,Fraud Suspected,Won
CB006149,TXN008697,CUST02253,,2024-03-20,6189.12,Unauthorized Transaction,Won
CB006150,TXN001477,CUST04623,MER09593,2024-02-17,12421.31,Fraud Suspected,Open
CB006151,TXN004613,CUST02093,MER02633,2024-09-19,854.9,Product Not Received,Open
CB006152,TXN008343,CUST07305,,2024-12-14,45442.25,,
CB006153,TXN001944,CUST03106,MER00131,2024-03-10,10094.63,Fraud Suspected,Open
CB006154,TXN003497,CUST03414,MER04869,2024-11-13,67607.04,Service Not Received,Open
CB006155,TXN001694,CUST00705,MER01471,2024-06-03,2856.52,Service Not Received,Lost
CB006156,TXN000688,CUST04378,MER06731,2025-01-21,10879.39,Fraud Suspected,Open
CB006157,TXN001882,CUST02901,MER08033,2024-04-14,474.25,Service Not Received,Open
CB006158,TXN002028,CUST05612,,2024-04-02,48464.78,Product Not Received,Open
CB006159,TXN007542,CUST00355,MER05825,2024-06-29,24505.2,Product Not Received,Under Review
CB006160,,CUST07388,MER08478,2024-11-17,30226.42,Service Not Received,Lost
CB006161,TXN008688,,MER03714,2024-12-08,8014.52,Duplicate Charge,Open
CB006162,TXN001524,CUST06422,MER09127,2024-02-16,2235.88,Service Not Received,Won
CB006163,TXN000987,CUST07237,MER03544,2024-05-05,4001.6,Service Not Received,Lost
CB006164,TXN004794,CUST06762,MER00494,2024-07-24,1409.21,Product Not Received,Won
CB006165,TXN003599,CUST01285,MER02788,2024-08-08,17951.28,Product Not Received,Lost
CB006166,TXN005401,CUST07210,MER09008,2024-08-01,7152.7,Duplicate Charge,Under Review
CB006167,TXN003322,CUST04660,MER08375,2024-05-31,8385.89,Service Not Received,
CB006168,TXN001175,CUST08648,MER06168,2024-10-19,6065.96,Unauthorized Transaction,Open
CB006169,TXN005741,CUST01653,MER08621,2025-02-08,240.25,Product Not Received,Open
CB006170,TXN003091,CUST02556,MER03321,2024-06-03,10498.67,Unauthorized Transaction,Under Review
CB006171,TXN007684,CUST06613,MER01693,2024-05-12,21574.21,Service Not Received,Open
CB006172,TXN008380,CUST09666,MER01633,2024-02-28,288.0,Product Not Received,Open
CB006173,TXN007912,CUST00325,MER06783,2025-02-17,238.19,Fraud Suspected,Under Review
CB006174,TXN000370,CUST01772,MER09281,2025-01-16,48926.1,Unauthorized Transaction,Lost
CB006175,TXN004226,CUST01887,MER04259,2025-02-05,14231.53,Fraud Suspected,Lost
CB006176,TXN005117,CUST03807,MER03727,2025-01-03,2782.35,Fraud Suspected,Under Review
CB006177,,CUST06974,MER00812,2024-11-18,114808.43,Fraud Suspected,Won
CB006178,TXN008243,CUST05152,MER04357,2024-07-04,9084.52,Duplicate Charge,Open
CB006179,TXN001345,CUST06708,MER00585,2024-11-19,9404.54,Duplicate Charge,Under Review
CB006180,TXN001113,CUST07951,MER02636,2024-07-07,13861.35,Unauthorized Transaction,Under Review
CB006181,TXN008256,CUST07728,MER07088,2024-02-23,15660.87,Service Not Received,Lost
CB006182,TXN004322,CUST02009,MER01151,2024-04-14,17036.87,Service Not Received,Won
CB006183,TXN007983,,MER03136,2024-07-14,80249.98,Fraud Suspected,Open
CB006184,TXN000285,CUST08963,MER04591,2024-02-28,48795.3,Duplicate Charge,Open
CB006185,TXN007988,CUST03158,MER06025,2024-10-24,1328.78,Product Not Received,Open
CB006186,TXN009419,CUST02383,MER06758,2025-01-09,9834.22,Product Not Received,Open
CB006187,TXN002795,CUST02032,MER09353,2024-08-07,36668.37,Fraud Suspected,Open
CB006188,UNKNOWN,CUST03427,MER08690,2024-11-23,13691.93,Service Not Received,Won
CB006189,TXN003163,CUST05838,MER03393,2024-03-27,113691.45,Fraud Suspected,Won
CB006190,TXN009338,CUST05313,MER04959,2024-10-22,385.72,Unauthorized Transaction,Won
CB006191,TXN001459,CUST00324,MER03641,2024-02-01,48757.53,Product Not Received,Lost
CB006192,TXN006540,CUST00116,MER07844,2025-01-31,32035.38,Product Not Received,Lost
CB006193,TXN009012,CUST04299,MER09698,2024-03-13,71545.67,Product Not Received,Open
CB006194,TXN001347,CUST08729,MER01395,2024-10-05,10129.74,Service Not Received,
CB006195,TXN001219,CUST05027,MER06770,2024-03-25,42924.1,Fraud Suspected,Lost
CB006196,TXN000907,CUST09256,MER06254,2024-09-16,41605.61,Duplicate Charge,Lost
CB006197,TXN008138,CUST09191,MER01764,2025-01-06,38857.34,Product Not Received,Under Review
CB006198,TXN003926,CUST01419,MER05270,2024-04-05,7054.56,Product Not Received,Won
CB006199,TXN007516,CUST04603,MER04377,2024-07-24,1383.79,Duplicate Charge,Open
CB006200,TXN001598,CUST02472,MER04997,2025-02-08,5203.85,Duplicate Charge,Under Review
CB006201,TXN000922,CUST04746,MER07835,2024-03-02,665.97,Fraud Suspected,Won
CB006202,TXN002238,CUST02589,MER03558,2024-02-08,469.96,Unauthorized Transaction,Won
CB006203,TXN009366,CUST06321,MER00980,2024-08-06,5727.61,Fraud Suspected,Under Review
CB006204,TXN001495,CUST09683,MER04022,2024-08-07,1336.86,Duplicate Charge,Won
CB006205,TXN005950,CUST07779,MER04731,2024-06-06,35706.12,Unauthorized Transaction,Won
CB006206,TXN004630,CUST04748,,2024-08-02,86.77,,Lost
CB006207,TXN002351,,MER00288,2024-05-10,957.78,Fraud Suspected,Under Review
CB006208,TXN002445,CUST00236,MER07359,2024-05-28,1090.43,Product Not Received,Under Review
CB006209,TXN002497,CUST07386,UNKNOWN,2024-08-03,17012.98,Duplicate Charge,Won
CB006210,TXN009153,CUST01891,MER03802,,1325.27,Fraud Suspected,Won
CB006211,TXN004338,CUST07735,MER03236,2024-12-15,,,Open
CB006212,TXN001149,CUST02525,MER03679,2024-07-29,8141.93,Fraud Suspected,Won
CB006213,TXN003657,CUST06883,MER01055,2024-10-19,16929.0,Unauthorized Transaction,Open
CB006214,TXN002593,CUST08656,MER05552,2024-08-29,N/A,Duplicate Charge,Won
CB006215,TXN004328,CUST09218,MER01049,2025-01-08,18369.32,Service Not Received,Lost
CB006216,TXN001167,CUST08582,MER00866,2025-02-05,439.48,Duplicate Charge,Open
CB006217,TXN007029,CUST09382,MER08254,2024-04-12,5869.66,Product Not Received,Open
CB006218,TXN009371,CUST09406,MER09553,2024-10-13,65364.86,Product Not Received,Under Review
CB006219,TXN007906,CUST04378,MER09233,2024-12-18,29.62,Duplicate Charge,Lost
CB006220,TXN005067,CUST05604,MER02122,2024-03-31,324.76,Service Not Received,Won
CB006221,TXN000866,CUST05979,MER07585,2024-07-21,39773.74,Unauthorized Transaction,Lost
CB006222,TXN006407,CUST06964,MER09058,2024-10-30,780.8,Unauthorized Transaction,Won
CB006223,TXN008097,CUST08805,MER03930,2024-03-06,433.14,Service Not Received,Open
CB006224,TXN005126,CUST00768,MER02756,2024-06-30,70099.56,Fraud Suspected,Won
CB006225,TXN006033,CUST08930,MER00102,2024-07-07,1798.98,Product Not Received,Open
CB006226,TXN005983,CUST07320,MER09332,2024-03-12,124.27,Fraud Suspected,Won
CB006227,TXN004872,CUST04016,MER02859,2024-10-23,2448.17,Service Not Received,Open
CB006228,TXN004923,CUST00531,MER03682,2024-05-06,7144.13,Fraud Suspected,Under Review
CB006229,TXN000415,CUST02466,MER06269,2024-08-20,1861.75,Service Not Received,Open
CB006230,TXN000271,CUST06802,MER04508,2024-08-13,15784.2,Duplicate Charge,Open
CB006231,TXN003714,CUST00251,MER06599,2024-08-13,8974.59,Unauthorized Transaction,Won
CB006232,TXN001865,CUST01441,MER06108,2024-07-02,37024.32,Fraud Suspected,Under Review
CB006233,TXN004413,CUST07061,MER08948,2024-02-08,817.64,Product Not Received,Open
CB006234,TXN009978,CUST00776,MER08191,2024-02-20,19412.83,Service Not Received,Open
CB006235,TXN005227,CUST07448,MER09362,2024-08-08,7657.96,Product Not Received,Lost
CB006236,TXN006904,CUST09101,MER08668,2024-06-13,61.4,Product Not Received,Lost
CB006237,TXN007022,CUST04904,MER02637,2024-10-10,1719.05,Fraud Suspected,
CB006238,TXN000523,CUST05987,MER08350,2024-12-11,669.68,Product Not Received,Lost
CB006239,TXN009227,CUST04135,MER06958,2024-02-20,94415.55,Duplicate Charge,Lost
CB006240,TXN009130,CUST03635,MER09539,2024-12-21,1616.65,Product Not Received,Open
CB006241,TXN000350,CUST00668,MER04530,2024-10-12,1218.82,Fraud Suspected,Won
CB006242,TXN002761,CUST04437,MER04464,2024-10-10,39448.8,Service Not Received,Under Review
CB006243,TXN004527,CUST08705,MER02217,2025-01-12,614.62,Product Not Received,Under Review
CB006244,TXN001583,CUST03689,MER08119,2024-07-28,31495.15,Duplicate Charge,Lost
CB006245,TXN005104,CUST07799,MER06211,2024-10-27,798.66,Product Not Received,Won
CB006246,TXN004645,CUST02952,MER01509,2024-06-22,62028.32,Service Not Received,Won
CB006247,TXN005931,CUST07657,MER05674,2024-11-18,7144.94,Service Not Received,Under Review
CB006248,TXN007245,CUST08513,MER07464,2024-07-04,697.46,Service Not Received,Under Review
CB006249,TXN008624,CUST01260,MER00686,2024-11-16,1498.42,Unauthorized Transaction,Lost
CB006250,TXN005994,CUST09151,MER03397,2024-05-03,4187.71,Duplicate Charge,Open
CB006251,TXN007803,CUST01117,MER01722,2024-11-17,1695.79,Unauthorized Transaction,Open
CB006252,TXN002446,CUST03474,MER07919,2024-06-14,988.79,Fraud Suspected,Lost
CB006253,TXN006312,CUST02121,MER08788,2024-07-22,26287.85,Service Not Received,Won
CB006254,TXN008058,,MER00957,2024-10-08,14756.53,Product Not Received,Under Review
CB006255,TXN006414,CUST08594,MER07038,2024-08-10,2200.28,Product Not Received,Under Review
CB006256,TXN002606,CUST09170,MER09093,2024-03-13,,Service Not Received,Lost
CB006257,TXN002507,CUST06357,MER03425,2024-03-01,6338.75,Unauthorized Transaction,Under Review
,TXN009506,CUST07103,MER00095,2025-01-11,230.71,Duplicate Charge,Lost
CB006259,TXN001059,CUST02004,MER01767,2024-01-29,81538.96,Duplicate Charge,Lost
CB006260,TXN006107,,MER09468,2024-07-21,8174.88,Product Not Received,Won
CB006261,TXN008347,CUST09193,MER06720,2024-07-21,37833.24,Duplicate Charge,Open
CB006262,TXN006765,CUST07485,MER03141,2024-04-17,18981.91,Service Not Received,Open
CB006263,TXN000091,CUST03471,MER09422,2024-02-27,5412.45,,Won
CB006264,TXN000781,CUST08689,MER06751,2024-06-01,978.79,Product Not Received,Open
CB006265,TXN009603,CUST08483,MER04310,2024-05-28,350.3,Service Not Received,Lost
CB006266,TXN000546,CUST07756,MER08144,2024-11-21,423.22,Product Not Received,Open
CB006267,TXN008600,CUST08061,MER05793,2024-03-01,N/A,Service Not Received,Under Review
CB006268,TXN007154,CUST03111,MER09853,2024-12-15,18613.68,Duplicate Charge,Open
CB006269,TXN004794,CUST06762,MER00494,2024-07-31,704.6,Service Not Received,Won
CB006270,TXN003711,CUST05312,UNKNOWN,2024-11-22,9835.96,Duplicate Charge,Won
CB006271,TXN004526,CUST06463,MER07830,2024-10-09,12113.16,Service Not Received,Under Review
CB006272,TXN002155,CUST05274,MER04443,2024-10-15,66247.05,Product Not Received,Under Review
CB006273,TXN004902,CUST09678,MER04010,2024-12-04,8038.64,Unauthorized Transaction,Under Review
CB006274,TXN004312,,MER04915,2024-06-07,N/A,Service Not Received,Open
CB006275,TXN006051,CUST03149,MER00494,2024-10-17,47093.75,Product Not Received,Under Review
CB006276,TXN000387,CUST06815,MER03306,2024-02-26,8614.52,Product Not Received,Lost
CB006277,TXN000725,CUST08699,MER07433,2024-11-24,85.58,Product Not Received,Open
CB006278,TXN007127,CUST08604,MER01246,2024-07-22,6994.22,Duplicate Charge,Under Review
CB006279,TXN004866,CUST09622,MER07329,2024-09-15,805.89,Duplicate Charge,Open
CB006280,TXN005376,CUST03534,MER04111,2024-12-20,14739.61,Fraud Suspected,Under Review
CB006281,TXN003788,CUST09785,MER06542,2024-02-23,,Unauthorized Transaction,Won
CB006282,TXN001078,CUST07482,MER02248,2024-08-04,648.86,Unauthorized Transaction,Open
CB006283,TXN008023,CUST05632,MER06601,2024-12-06,991.5,Service Not Received,Won
CB006284,TXN000192,CUST06666,MER08326,2025-01-17,1469.71,Service Not Received,Open
CB006285,TXN009351,CUST05697,MER01704,2024-08-25,88746.03,Service Not Received,Won
CB006286,TXN009443,CUST08348,MER03670,2024-06-01,7124.96,Service Not Received,Open
CB006287,TXN003028,CUST04394,MER09979,2024-12-28,18332.72,Service Not Received,Open
CB006288,TXN006017,CUST00327,MER04024,2024-06-30,13569.95,Fraud Suspected,Won
CB006289,TXN005111,CUST07691,MER06827,2024-02-21,1665.38,Duplicate Charge,Open
CB006290,TXN009950,CUST02098,MER00726,2024-11-07,816.18,Unauthorized Transaction,Lost
CB006291,TXN003418,CUST01273,MER06428,2024-08-21,8171.96,Unauthorized Transaction,Lost
CB006292,TXN000018,CUST07444,MER00430,2024-11-24,70682.43,Unauthorized Transaction,
CB006293,TXN009124,CUST03269,MER00970,2024-03-26,565.1,Product Not Received,Under Review
CB006294,TXN000461,CUST01658,MER05455,2024-12-15,5952.16,Service Not Received,Lost
CB006295,TXN007723,CUST06831,MER05976,2024-07-14,677.46,Fraud Suspected,Open
CB006296,TXN002755,CUST01840,MER09402,2025-01-13,12616.29,Fraud Suspected,Lost
CB006297,TXN003750,CUST00032,MER04191,2025-01-23,5225.06,Duplicate Charge,Won
CB006298,TXN004843,CUST04939,MER01762,2024-01-26,11300.55,Duplicate Charge,Lost
,TXN008241,CUST03267,MER02263,2025-01-16,32894.34,Unauthorized Transaction,Lost
CB006300,TXN009483,CUST01340,MER00686,2024-12-25,23050.99,Fraud Suspected,Lost
CB006301,TXN005244,CUST06722,MER06653,2024-10-17,485.97,Unauthorized Transaction,Open
CB006302,TXN007007,CUST02621,MER04012,,29793.66,Duplicate Charge,Won
CB006303,,CUST01117,MER00335,2025-02-03,1452.25,Service Not Received,Under Review
CB006304,TXN004744,CUST06719,MER08485,2024-10-04,39002.94,Unauthorized Transaction,Lost
CB006305,TXN008208,CUST01939,MER00964,2024-10-13,15867.08,Duplicate Charge,Under Review
CB006306,TXN009058,CUST07795,MER05714,2024-07-06,6049.56,Service Not Received,Under Review
CB006307,TXN001150,CUST06941,MER04714,2024-08-21,14252.11,Product Not Received,Under Review
CB006308,TXN009848,CUST00146,MER07202,2025-01-01,2032.54,Duplicate Charge,Won
CB006309,TXN000317,CUST03021,MER02996,2024-02-15,74824.66,Unauthorized Transaction,Lost
CB006310,TXN003961,CUST00662,MER00367,2024-07-05,76.37,Service Not Received,Open
CB006311,TXN003681,CUST02702,MER06690,2024-11-03,590.84,Duplicate Charge,Won
CB006312,TXN004285,CUST05707,MER03102,2024-02-16,15421.75,Duplicate Charge,Under Review
CB006313,TXN001442,CUST01968,MER09610,2024-02-25,56002.54,Duplicate Charge,Open
CB006314,TXN002219,,MER02288,2024-06-28,249.11,Fraud Suspected,Won
CB006315,TXN002039,CUST04245,MER04900,2024-12-30,520.36,Fraud Suspected,Won
CB006316,TXN002073,CUST01239,MER05346,2024-11-16,19380.57,Duplicate Charge,Open
CB006317,TXN008466,CUST04330,MER03435,2024-12-07,1392.18,Fraud Suspected,Won
CB006318,TXN003083,CUST09982,MER07185,2024-07-24,2509.28,Product Not Received,Won
CB006319,TXN000412,CUST04326,MER09080,2024-04-04,20411.11,Product Not Received,Lost
CB006320,TXN002992,CUST02609,MER04885,2024-04-14,219.6,Duplicate Charge,Under Review
CB006321,TXN009059,CUST09274,MER04513,2024-06-03,6537.21,Unauthorized Transaction,Under Review
CB006322,TXN002948,CUST08449,MER07613,2024-02-29,10826.9,Service Not Received,Under Review
CB006323,TXN008551,CUST09001,MER00951,2024-12-27,16197.43,Fraud Suspected,Won
CB006324,TXN007815,CUST01407,MER09052,2024-04-29,37435.37,Service Not Received,Lost
CB006325,TXN008556,CUST06486,,2024-10-11,37937.84,,Open
CB006326,TXN001213,CUST09559,MER00917,2024-07-27,90658.19,Duplicate Charge,Lost
CB006327,TXN007371,CUST03051,MER07347,2025-01-08,29537.16,Product Not Received,Won
CB006328,TXN006812,CUST01290,MER08613,2024-02-24,112.32,Fraud Suspected,Won
CB006329,TXN001293,CUST09375,MER01631,2024-11-20,27741.38,Fraud Suspected,Under Review
CB006330,TXN003652,,MER02095,2024-04-05,1016.34,Duplicate Charge,Open
CB006331,TXN005933,CUST04571,MER08645,2024-08-04,2525.32,Duplicate Charge,Won
CB006332,TXN002218,CUST02232,MER06602,2024-07-03,14484.5,Service Not Received,Lost
CB006333,TXN001496,CUST02585,MER06266,2024-06-29,100.36,Duplicate Charge,Open
CB006334,TXN004081,CUST07223,MER05565,2024-11-15,8732.38,Product Not Received,Open
CB006335,TXN009822,CUST06756,MER03671,2024-03-27,64681.21,Duplicate Charge,Open
CB006336,TXN009498,CUST07160,MER03903,2024-06-12,137.67,Service Not Received,Open
CB006337,TXN005788,CUST05385,MER09181,2024-02-02,6157.17,Fraud Suspected,Won
CB006338,TXN000643,CUST04638,MER06991,2024-01-31,55955.64,Fraud Suspected,Open
CB006339,TXN006220,CUST03244,MER06657,2024-04-12,3995.56,Fraud Suspected,Lost
CB006340,TXN003947,CUST03399,MER04165,2024-02-17,14996.28,Fraud Suspected,Won
CB006341,TXN006089,CUST02659,MER06219,2024-02-18,48560.66,Duplicate Charge,Open
CB006342,TXN007508,CUST09738,MER01610,2024-10-29,6034.96,Unauthorized Transaction,Won
CB006343,TXN008762,CUST07021,MER09535,2024-10-26,862.96,Duplicate Charge,Open
CB006344,TXN002890,CUST05700,MER04153,2024-08-09,256.67,Product Not Received,Open
CB006345,TXN001146,CUST03782,MER00352,2024-07-29,196.94,Duplicate Charge,Won
CB006346,TXN005924,CUST05438,MER04627,2024-12-08,14818.57,Product Not Received,Won
CB006347,TXN007259,CUST02616,MER04015,2024-07-10,90656.85,Fraud Suspected,Open
CB006348,TXN006337,CUST06093,MER00813,2024-08-06,17399.93,Service Not Received,Under Review
CB006349,TXN009866,CUST03740,MER06939,2024-11-19,1136.55,Unauthorized Transaction,Won
CB006350,TXN002748,CUST02277,MER00184,2024-06-17,88161.23,Duplicate Charge,Under Review
CB006351,TXN006050,CUST01932,MER04787,2024-09-21,58993.22,Unauthorized Transaction,Under Review
CB006352,TXN007269,CUST01074,MER00285,2024-10-09,810.0,Product Not Received,Won
CB006353,TXN002835,CUST07360,MER02415,2025-01-21,22780.32,Fraud Suspected,Lost
,,CUST08810,MER01815,2024-05-05,509.76,Service Not Received,Open
CB006355,TXN004208,CUST08576,MER00312,2024-08-09,8351.54,Unauthorized Transaction,Lost
CB006356,TXN007656,CUST02697,MER02304,2024-10-03,597.34,Fraud Suspected,Under Review
CB006357,TXN007894,CUST05249,MER01520,2024-03-03,103479.09,Duplicate Charge,Under Review
CB006358,TXN008736,CUST09001,MER04037,2024-10-13,26802.28,Product Not Received,Under Review
CB006359,TXN002116,CUST03419,,2024-11-28,85.26,Unauthorized Transaction,Won
CB006360,TXN007640,CUST02316,MER05848,2024-10-15,525.78,Duplicate Charge,Lost
CB006361,TXN001074,CUST03325,MER00054,2024-10-04,76122.21,Product Not Received,Won
CB006362,UNKNOWN,CUST05858,MER03561,2024-10-08,807.03,Duplicate Charge,Won
CB006363,TXN005418,CUST06124,MER00288,2024-09-17,11808.88,Unauthorized Transaction,Open
CB006364,TXN002412,CUST01374,MER05163,2024-11-09,85572.52,Service Not Received,Open
CB006365,TXN005059,CUST00403,MER05684,2024-02-14,14020.6,Fraud Suspected,Open
CB006366,TXN001319,CUST01758,MER08893,2024-11-06,72376.84,Unauthorized Transaction,Under Review
CB006367,TXN002511,CUST05739,MER01010,2024-04-15,N/A,Product Not Received,Open
CB006368,TXN001166,CUST05304,MER00662,2024-11-11,7910.58,Fraud Suspected,Open
CB006369,TXN002143,CUST04340,MER05365,2024-04-30,12672.2,Product Not Received,Open
CB006370,TXN004588,CUST04961,MER06053,2024-03-04,8132.55,Duplicate Charge,Lost
CB006371,TXN008396,CUST06404,MER07025,2024-12-09,101716.78,Product Not Received,Lost
CB006372,TXN001898,CUST03639,MER05003,2024-06-11,1667.97,Duplicate Charge,Lost
CB006373,TXN005380,CUST06238,MER03455,2024-07-06,87827.52,Duplicate Charge,Under Review
CB006374,TXN003161,CUST08111,MER05526,2024-04-07,8796.6,Unauthorized Transaction,Lost
CB006375,TXN002434,CUST07907,MER01290,2024-01-27,1171.26,Product Not Received,Won
CB006376,TXN008833,CUST07979,MER06200,2024-11-01,11686.94,Service Not Received,Under Review
CB008276,TXN009883,CUST01601,MER03121,2024-07-20,1427.09,Product Not Received,Won
CB006378,TXN009318,CUST07766,MER06269,2024-02-03,10416.58,Duplicate Charge,Under Review
CB006379,TXN009550,UNKNOWN,MER09170,2024-10-26,14807.87,Product Not Received,Won
CB006380,TXN003548,CUST04570,MER03980,2024-02-26,1106.04,Service Not Received,Open
CB006381,TXN001870,CUST09450,MER05825,2024-11-25,40093.22,Unauthorized Transaction,Won
CB006382,TXN004944,CUST07049,MER05134,2024-10-21,4186.64,Service Not Received,Won
CB006383,TXN001594,CUST01005,MER09549,2024-05-16,163.82,Service Not Received,Won
CB006384,TXN001308,CUST06654,MER06539,2025-01-16,1984.35,Duplicate Charge,Lost
CB006385,TXN002935,CUST03673,MER02664,2024-08-07,1813.52,Product Not Received,Lost
CB006386,TXN003497,,MER04869,2024-10-24,67607.04,Unauthorized Transaction,Under Review
CB006387,TXN002019,CUST06902,MER08554,2025-01-20,41508.2,Product Not Received,Lost
CB006388,TXN003360,CUST01638,MER04903,2024-11-18,1936.81,Fraud Suspected,Under Review
CB006389,TXN003404,CUST06104,,2024-12-19,7331.95,Fraud Suspected,Lost
CB006390,TXN006156,CUST09933,MER05832,2024-03-07,1199.12,Duplicate Charge,Under Review
CB006391,TXN008231,CUST02403,MER01568,2024-11-13,391.27,Unauthorized Transaction,Under Review
CB006392,TXN002885,CUST05081,MER06756,2024-05-29,1387.26,Fraud Suspected,Lost
CB006393,TXN000423,CUST09762,MER09909,2024-02-20,1697.48,Service Not Received,Under Review
CB006394,TXN006275,CUST06003,MER00874,2024-03-25,346.88,Product Not Received,Under Review
CB006395,TXN006676,CUST00282,MER04178,2024-07-10,22451.87,Duplicate Charge,
CB006396,TXN006928,CUST04784,MER05529,2024-07-03,1294.16,Service Not Received,Open
CB006397,TXN006590,CUST09510,MER07144,2024-10-14,69748.14,Product Not Received,Under Review
CB006398,TXN002958,CUST05455,MER05023,2024-07-25,87114.34,Duplicate Charge,Under Review
CB006399,TXN001046,CUST02043,MER02441,2024-09-09,9077.75,Unauthorized Transaction,Open
CB006400,TXN002281,CUST08722,MER03028,2025-01-15,35989.88,Product Not Received,Under Review
CB006401,TXN003910,CUST02233,MER01196,2024-08-13,4812.11,Fraud Suspected,Open
CB006402,TXN008308,CUST02232,MER07038,2024-02-26,273.64,Duplicate Charge,Under Review
CB006403,TXN008132,CUST00618,MER04826,2024-12-03,1066.37,Product Not Received,Open
CB006404,TXN006352,CUST00840,MER00793,,197.28,Service Not Received,Under Review
CB006405,TXN000423,CUST09762,MER09909,2024-02-05,1697.48,Service Not Received,Won
CB006406,,CUST08230,MER00081,2024-06-21,92958.92,Duplicate Charge,Lost
CB006407,TXN005933,CUST04571,MER08645,2024-07-23,5808.25,Duplicate Charge,Lost
CB006408,TXN006655,CUST00508,MER03658,2024-10-01,8973.69,Service Not Received,Open
CB006409,TXN002075,CUST09785,MER03511,2024-02-26,1427.83,Product Not Received,Under Review
CB006410,TXN006387,CUST09433,MER05237,2024-09-29,11398.26,Fraud Suspected,Under Review
CB006411,TXN008752,CUST01254,MER04323,2024-06-24,28454.79,Duplicate Charge,Open
CB009372,TXN001490,CUST06999,MER04067,2024-04-30,16916.89,Service Not Received,Open
CB006413,TXN006072,CUST04301,MER04774,2024-10-23,28918.62,Unauthorized Transaction,Under Review
CB006414,TXN007325,CUST08631,MER04701,2024-10-26,913.69,Product Not Received,Open
CB006415,TXN001090,CUST07040,MER01753,2024-09-20,6835.73,Unauthorized Transaction,Won
CB006416,TXN003721,CUST01887,MER01959,2024-06-17,820.52,Unauthorized Transaction,Open
CB006417,TXN005293,CUST05262,MER08872,2024-04-29,1850.83,Product Not Received,Open
CB006418,TXN000320,CUST00771,MER00974,,37075.57,Service Not Received,Open
CB006419,TXN007072,CUST05480,MER04611,2024-06-14,11151.25,Fraud Suspected,Under Review
CB006420,TXN002054,CUST09577,MER08320,2024-11-06,30433.65,Service Not Received,Open
CB006421,TXN006669,CUST01415,MER03482,2024-08-22,2570.84,Fraud Suspected,Won
CB006422,TXN002350,CUST05258,MER04610,2025-01-19,56075.18,Service Not Received,Open
CB006423,TXN008052,CUST03793,MER08408,2024-11-24,9540.83,Duplicate Charge,Open
CB006424,TXN007338,,MER02812,2024-10-25,,Unauthorized Transaction,Under Review
CB006425,TXN003744,CUST04653,MER08694,2024-11-15,N/A,Service Not Received,Lost
CB006426,TXN006703,CUST00171,MER05514,2024-10-10,3092.28,Unauthorized Transaction,Won
CB006427,TXN000755,CUST07350,MER05321,2024-07-19,1182.19,Product Not Received,Under Review
CB006428,TXN004556,CUST08611,MER02991,2024-06-18,10955.57,Duplicate Charge,Won
CB006429,TXN004978,CUST07341,MER09865,2025-02-04,86929.26,Fraud Suspected,Under Review
CB006430,TXN009692,CUST00553,MER01925,2024-04-14,27057.45,Duplicate Charge,Under Review
CB006431,TXN007129,CUST03174,MER02942,2024-07-12,12656.72,Unauthorized Transaction,Open
CB006432,TXN004623,CUST07004,MER05562,2024-08-05,33006.71,Duplicate Charge,Won
CB006433,TXN000418,CUST03337,MER06343,2024-06-08,59619.01,Duplicate Charge,Lost
CB006434,TXN005098,CUST00655,MER00208,2024-03-11,49935.5,Product Not Received,Won
CB006435,TXN001594,CUST01005,MER09549,2024-04-09,327.64,Fraud Suspected,Won
CB006436,TXN008576,CUST04288,MER00802,2024-07-22,4356.94,Service Not Received,Under Review
CB006437,TXN006882,CUST03513,MER05514,2024-03-09,1705.24,Fraud Suspected,Won
CB006438,TXN009127,CUST07202,MER02056,2024-12-21,23384.03,Duplicate Charge,Lost
CB006439,TXN008266,CUST07252,MER08967,2024-12-26,1429.11,Service Not Received,Won
CB006260,TXN006107,,MER09468,2024-07-21,8174.88,Product Not Received,Won
CB006441,TXN004198,CUST03742,MER06230,2024-07-11,497.32,Product Not Received,Lost
CB006442,TXN002556,CUST06742,MER07580,2024-09-29,689.76,Service Not Received,Lost
CB006443,TXN004406,CUST08081,MER07255,2024-06-20,21893.85,Unauthorized Transaction,Under Review
CB006444,TXN004632,CUST02628,MER08910,2024-08-10,356.64,Unauthorized Transaction,Open
CB006445,TXN004978,CUST07341,MER09865,2025-01-24,99968.65,Duplicate Charge,Won
CB006446,TXN001633,CUST03752,MER04354,2024-09-30,8090.13,Duplicate Charge,Lost
CB006447,TXN000561,CUST04081,MER00400,2024-11-06,70446.75,Fraud Suspected,Under Review
CB006448,TXN000399,CUST08368,MER09920,2024-02-16,485.42,Product Not Received,Lost
CB006449,TXN007746,CUST05981,,2024-02-16,14574.26,Duplicate Charge,Under Review
CB006450,TXN007292,CUST05915,MER02149,2024-06-13,612.6,Product Not Received,Won
CB006451,TXN002350,CUST05258,MER04610,2024-12-14,56075.18,Product Not Received,Under Review
CB006452,TXN002585,CUST05488,MER03059,2024-03-09,9240.56,Duplicate Charge,Lost
CB006453,TXN004125,CUST01804,MER01705,2024-08-12,88016.24,Service Not Received,Won
CB006454,TXN005848,CUST06097,MER08187,2025-01-09,35200.66,Fraud Suspected,Lost
CB006455,TXN000543,CUST09954,MER04736,2024-06-08,16173.8,Product Not Received,Lost
CB006456,TXN006274,CUST06798,MER08501,2024-10-25,1563.72,Fraud Suspected,Open
CB006457,TXN004069,CUST07821,MER03965,2024-01-29,15595.94,Fraud Suspected,Lost
CB006458,TXN005398,CUST03621,MER08176,2024-09-02,50625.61,Product Not Received,Under Review
CB006459,TXN001943,CUST08364,MER02938,2024-04-07,29720.59,Unauthorized Transaction,Under Review
CB006460,TXN001396,CUST09817,MER05374,2024-11-27,2559.24,Duplicate Charge,Open
CB006461,TXN009884,CUST06881,MER09902,2024-11-01,4679.29,Service Not Received,Under Review
CB006462,TXN002411,CUST05725,MER01075,2024-04-15,35175.27,,Won
CB006463,TXN000602,CUST01032,MER08944,2025-01-06,988.82,Service Not Received,Lost
CB006464,TXN003155,CUST01655,MER01358,2024-06-19,11672.75,Unauthorized Transaction,Open
CB006465,TXN003645,CUST06237,MER04459,2024-05-30,91682.69,Product Not Received,Lost
CB006466,TXN008610,CUST07007,MER02735,2024-04-02,52484.75,Duplicate Charge,Under Review
CB006467,TXN000701,CUST01090,MER05310,2024-09-23,25507.29,Fraud Suspected,Under Review
CB006468,TXN002648,CUST08067,MER06242,2024-07-27,84657.2,,Under Review
CB006469,TXN005904,CUST00769,MER02425,2024-09-13,,Fraud Suspected,Open
CB006470,TXN001530,CUST06650,MER08480,2024-08-09,98961.55,Service Not Received,Open
CB006471,TXN005439,CUST02396,MER06371,2024-12-04,13890.85,Duplicate Charge,Lost
CB006472,TXN008189,CUST04195,MER06908,2024-08-20,1172.88,Product Not Received,Won
CB006473,TXN000788,CUST02546,MER03085,2024-10-27,17986.07,Service Not Received,Lost
CB006474,TXN007111,CUST04940,MER09780,2025-01-14,938.72,Product Not Received,Won
CB006475,TXN004364,CUST01342,MER06857,2024-04-06,554.32,Service Not Received,Under Review
CB006476,TXN007568,CUST02709,MER05761,2024-09-23,7081.69,,Won
CB006477,TXN001867,CUST07841,MER09726,2024-05-24,5036.01,Fraud Suspected,Open
CB006478,TXN007448,CUST07833,MER07217,2024-06-20,17255.59,Duplicate Charge,Open
CB006479,TXN003421,CUST01340,MER07874,2024-05-12,,Fraud Suspected,Open
CB006480,TXN006152,CUST00170,,2024-12-13,53518.8,Unauthorized Transaction,Open
CB006481,TXN003900,CUST05665,MER03558,2024-09-03,26056.74,Unauthorized Transaction,Won
CB006482,TXN001451,CUST04110,MER09040,2024-09-12,82503.52,Duplicate Charge,Won
CB006483,TXN007451,CUST05315,MER06165,2024-11-15,6403.26,Unauthorized Transaction,Under Review
CB006484,TXN000763,CUST01517,MER00081,2024-02-17,52535.12,Product Not Received,Under Review
CB006485,TXN000698,CUST08422,MER02164,2024-03-03,13780.49,Duplicate Charge,Open
CB006486,TXN005350,CUST06219,MER00150,2024-08-16,62533.36,Duplicate Charge,Open
CB006487,TXN000435,CUST08377,MER01404,2024-06-16,30740.9,Unauthorized Transaction,Open
CB006488,TXN001170,CUST03343,MER02384,2024-05-02,24805.2,Service Not Received,Open
CB006489,TXN004888,CUST09147,MER03028,2024-04-16,1448.06,Product Not Received,Under Review
CB006490,TXN004580,CUST07769,MER00908,2024-06-07,1316.57,Duplicate Charge,Open
CB006491,TXN004167,CUST02310,MER09026,2024-02-02,261.74,Service Not Received,Under Review
CB006492,TXN004366,CUST07562,MER00468,2024-10-06,54886.89,Unauthorized Transaction,Under Review
CB006493,TXN006683,CUST02116,MER09333,2024-06-02,85814.06,Product Not Received,Open
CB006494,TXN004555,CUST02076,MER08916,2024-11-17,88106.72,Product Not Received,Open
CB006495,TXN003145,CUST08047,MER00993,2024-03-08,12252.26,Unauthorized Transaction,Won
CB007722,TXN004984,CUST06559,MER02175,2024-06-09,98661.33,Service Not Received,Open
CB006497,TXN004063,CUST09468,MER01555,2024-07-17,16105.8,Unauthorized Transaction,Open
CB006498,TXN009776,CUST08862,MER00324,2024-04-26,2910.74,Unauthorized Transaction,Open
CB006499,TXN007902,CUST00884,MER06291,2024-02-21,1730.73,Unauthorized Transaction,Under Review
CB006500,TXN005075,CUST05019,MER09534,2024-12-08,1793.05,Service Not Received,Won
CB006501,TXN007104,CUST04018,MER03386,2024-08-06,8779.26,Unauthorized Transaction,Open
CB006502,TXN007893,CUST01883,MER08648,2024-11-08,449.87,Duplicate Charge,Open
CB006503,TXN000035,CUST00035,MER00895,2024-10-24,542.54,Product Not Received,Won
CB006504,TXN008012,CUST04631,MER07848,2024-11-15,18902.96,Fraud Suspected,Open
CB006505,TXN006229,CUST04119,MER02546,2024-08-23,49032.25,Product Not Received,Lost
CB006506,TXN008697,CUST02253,MER05776,2024-04-06,6189.12,Fraud Suspected,Lost
CB006507,TXN005374,CUST09642,,2024-09-03,20079.51,Fraud Suspected,Won
CB006508,TXN009914,CUST03593,MER08013,2024-11-16,10699.26,Product Not Received,Lost
CB006509,TXN008943,CUST07083,MER08955,2024-02-12,3609.95,Duplicate Charge,Lost
CB006510,TXN007059,CUST05434,MER01886,2025-01-06,348.5,Unauthorized Transaction,Won
CB006511,TXN001317,CUST06524,MER02242,2024-10-12,14255.89,Service Not Received,Lost
CB006512,TXN006359,CUST08946,MER02877,,15505.62,Service Not Received,Won
CB006513,TXN007346,CUST07948,,2025-01-02,110249.87,Service Not Received,Under Review
CB006514,TXN004380,CUST04277,MER05162,2024-03-02,46186.39,Product Not Received,Open
CB006515,TXN008158,CUST01239,MER00007,2024-02-28,74153.9,Duplicate Charge,Under Review
CB006516,TXN004875,CUST00867,MER07473,2024-07-19,65153.38,Unauthorized Transaction,Under Review
CB006517,TXN006416,CUST03916,MER05982,2025-01-07,13260.69,Product Not Received,Under Review
CB006518,TXN007842,CUST08774,MER03373,2024-06-30,79841.29,Fraud Suspected,Under Review
CB006519,TXN001333,CUST05892,MER06641,2024-09-10,44378.2,Fraud Suspected,Open
CB006520,TXN004366,CUST07562,MER00468,,54886.89,Unauthorized Transaction,Won
CB006521,TXN005614,CUST06031,MER02226,2024-10-29,1565.85,Service Not Received,Open
CB006522,TXN005373,CUST04853,MER08744,2024-11-24,944.24,Product Not Received,Lost
CB006523,TXN006412,CUST00288,MER06557,2024-06-16,4660.6,Service Not Received,Under Review
CB006524,TXN007033,CUST01039,MER05864,2024-02-18,264.62,Unauthorized Transaction,Lost
CB006525,TXN002066,CUST00706,MER08134,2024-06-11,6923.51,Duplicate Charge,Lost
CB006526,TXN006171,CUST04767,MER00353,2024-03-16,23568.52,Unauthorized Transaction,Open
CB006527,TXN001390,CUST08550,MER07227,2024-08-10,8424.07,Product Not Received,Won
CB006528,TXN004917,CUST08130,MER01237,2024-09-12,7812.44,Fraud Suspected,Under Review
CB006529,TXN004403,CUST03971,MER00186,2024-11-25,8628.7,Unauthorized Transaction,Won
CB006530,TXN005828,CUST09711,MER09702,2024-07-30,11791.28,Product Not Received,Open
CB006531,TXN003744,CUST04653,MER08694,2024-11-10,151.88,Product Not Received,Open
CB006532,TXN005721,CUST05361,MER08130,2024-05-11,63300.16,Unauthorized Transaction,Open
CB006533,TXN001631,CUST06013,MER07555,2024-06-21,283.88,Fraud Suspected,Open
CB006534,TXN008567,CUST01549,MER00695,2024-03-07,110424.92,Duplicate Charge,Won
CB006535,TXN005028,UNKNOWN,,2024-08-20,26215.75,Unauthorized Transaction,Won
CB006536,TXN007672,CUST08601,MER04722,2024-05-17,387.79,Product Not Received,Won
CB006537,TXN000889,CUST05179,MER08758,2024-11-03,9603.16,Fraud Suspected,Won
CB006538,TXN005868,CUST09121,MER04627,2024-07-29,2347.43,Fraud Suspected,Under Review
CB006539,TXN004066,CUST05180,MER08682,2024-02-06,44063.42,Unauthorized Transaction,Open
CB006540,TXN003072,CUST09617,MER00308,,12725.57,Service Not Received,Won
,TXN003576,CUST05347,MER09814,2024-06-18,10260.74,Service Not Received,Won
CB006542,TXN007209,CUST08530,MER01197,2024-05-23,26842.48,Fraud Suspected,Open
CB006543,TXN004836,CUST01256,MER06081,2024-03-23,6995.7,Fraud Suspected,Lost
CB006544,TXN004180,CUST08898,MER09820,,1384.79,Service Not Received,Won
CB006545,TXN007610,CUST08484,MER05677,2024-04-26,4099.32,Unauthorized Transaction,Won
CB006546,TXN005324,CUST02055,MER02872,2024-07-05,11071.29,Unauthorized Transaction,Open
CB006547,TXN005263,CUST07377,MER08678,2024-04-08,14978.52,Unauthorized Transaction,Open
CB006548,TXN001831,CUST01040,MER08532,2024-12-14,20415.53,Product Not Received,Won
CB006549,TXN000031,CUST06874,MER00539,2024-04-26,21908.18,Service Not Received,Open
CB006550,TXN001691,CUST05560,MER04654,2024-06-26,N/A,Product Not Received,Won
CB006551,,CUST06217,UNKNOWN,2024-07-26,,Duplicate Charge,Open
CB006552,TXN003377,CUST00705,MER08962,2024-12-01,6438.28,Duplicate Charge,Lost
CB006553,TXN000838,CUST06197,MER09298,2024-02-26,290.88,Fraud Suspected,Won
CB006554,TXN002300,CUST03631,MER09401,2024-03-22,12888.89,Product Not Received,Open
CB006555,TXN007720,CUST06525,MER05029,2024-04-09,19088.09,Product Not Received,Open
CB006556,TXN000973,CUST08412,MER02595,2024-10-30,1937.19,Unauthorized Transaction,Lost
CB006557,TXN009159,CUST06104,MER09757,2024-10-07,36351.59,Duplicate Charge,Under Review
CB006558,TXN008992,CUST09973,MER03927,2024-02-20,890.54,Duplicate Charge,Under Review
CB006559,TXN002408,CUST05491,MER08055,2024-03-01,7141.6,Service Not Received,Won
CB006560,TXN003768,CUST09457,MER04642,2024-04-09,15957.15,Product Not Received,Lost
CB006561,TXN006076,CUST08673,MER08972,2024-09-20,114810.79,Service Not Received,Under Review
CB006562,TXN000876,CUST02835,MER08903,2024-09-28,1979.67,Fraud Suspected,Open
CB006563,TXN000968,CUST01829,MER05698,2024-05-19,1313.32,Service Not Received,Lost
CB006564,TXN001795,CUST08606,MER02499,2024-08-20,1869.35,Duplicate Charge,Under Review
CB006565,TXN009683,CUST05304,MER07658,2024-12-31,999.92,Unauthorized Transaction,Open
CB006566,TXN009166,CUST01680,MER06357,2024-05-08,89390.61,Unauthorized Transaction,Won
CB006567,TXN003583,CUST07658,MER07740,2024-07-22,333.45,Product Not Received,Open
CB006568,TXN001370,CUST06254,MER06307,,15869.2,Fraud Suspected,Under Review
CB006569,TXN002269,CUST02293,MER02096,2024-09-27,18259.01,Product Not Received,Open
CB006570,TXN001368,CUST08546,MER08117,2024-09-11,107029.05,Duplicate Charge,Won
CB006571,TXN005384,CUST00535,MER03357,,11444.05,Duplicate Charge,Lost
CB006572,TXN009178,CUST09431,MER05843,2024-03-28,4328.62,Fraud Suspected,Won
CB006573,TXN001543,CUST00689,MER00963,2024-09-19,37292.89,Product Not Received,Under Review
CB006574,TXN005660,CUST04964,MER07213,2024-08-15,37279.9,Service Not Received,Won
CB006575,TXN000142,CUST07694,MER05770,2024-03-15,1119.45,Product Not Received,Under Review
CB006576,TXN004188,CUST08119,MER08356,2024-04-01,1812.3,Service Not Received,Open
CB006577,TXN000484,CUST02188,MER07334,2024-12-04,91009.19,Duplicate Charge,Won
CB006578,TXN008738,CUST02016,MER01068,2024-06-24,974.77,Fraud Suspected,Open
CB002890,TXN001145,CUST02690,MER01147,2024-09-07,14337.67,Product Not Received,Won
CB006580,TXN005735,CUST03296,MER05755,2024-04-08,5719.52,Duplicate Charge,Won
CB006581,TXN008441,CUST00847,MER05900,2024-10-04,38716.29,Unauthorized Transaction,Open
CB006582,TXN007765,CUST03592,MER02175,2024-11-07,630.33,Duplicate Charge,Lost
CB006583,TXN001746,CUST04079,MER07782,2024-05-10,7034.06,Unauthorized Transaction,Open
CB006584,TXN000923,CUST09588,MER02459,2024-05-16,91978.36,Unauthorized Transaction,Under Review
CB006585,TXN004855,CUST09054,MER06428,2024-08-05,26283.2,Duplicate Charge,Under Review
CB006586,TXN009675,CUST06299,MER07619,2024-05-26,5583.6,Service Not Received,Won
CB006587,TXN006984,CUST04691,MER06263,2024-06-01,1915.36,Product Not Received,Lost
CB006588,TXN007830,CUST07441,MER05107,2024-12-18,12696.09,Duplicate Charge,Open
CB006589,TXN001278,CUST02912,MER08094,2024-10-14,404.0,Product Not Received,
CB006590,TXN008427,CUST07094,MER03566,2024-06-21,6869.15,Service Not Received,Open
CB006591,TXN005108,CUST07117,MER09666,2024-12-17,177.03,Service Not Received,Under Review
CB006592,TXN001162,CUST04169,MER03037,2024-10-13,72422.6,Product Not Received,Won
CB006593,TXN007849,CUST00487,MER09565,2024-05-07,34968.06,Product Not Received,Under Review
CB006594,TXN002686,CUST00713,MER09151,2024-11-15,8505.4,Product Not Received,Open
CB006595,TXN009614,CUST03633,MER00032,2024-10-25,9665.05,Fraud Suspected,Lost
CB006525,TXN002066,CUST00706,MER08134,2024-06-11,6923.51,Duplicate Charge,Lost
CB006597,TXN000698,CUST08422,MER02164,2024-02-22,15847.56,Product Not Received,Open
CB006598,TXN007701,CUST02676,MER07076,2024-08-04,16009.02,,Won
CB006599,TXN006661,CUST06524,MER02746,2024-02-11,935.13,Fraud Suspected,Open
CB006600,TXN005720,CUST04169,MER04222,2025-02-05,26416.7,Product Not Received,Lost
CB006601,TXN004311,CUST02410,MER02315,2024-05-12,6827.19,Duplicate Charge,Lost
CB006602,TXN007212,CUST07781,MER03497,2024-03-19,834.83,Service Not Received,Lost
CB006603,TXN004165,CUST01708,MER00527,2024-07-22,63299.09,Duplicate Charge,Open
CB006604,TXN009275,CUST06872,MER03365,2024-05-11,57255.17,Unauthorized Transaction,Open
CB006605,TXN009335,CUST07839,MER04751,2024-08-15,62741.78,Unauthorized Transaction,Lost
CB006606,TXN008740,CUST07714,MER00409,2025-01-22,24542.81,Unauthorized Transaction,Open
CB006607,TXN003084,CUST05895,MER05795,2024-03-23,170.33,Product Not Received,Open
CB006608,TXN004570,CUST09093,MER03677,2024-02-05,13190.33,Service Not Received,Under Review
CB006609,TXN008861,CUST03383,MER01964,2024-08-05,963.04,Product Not Received,Won
CB006610,TXN001446,CUST04153,MER07530,2024-05-01,98259.09,Duplicate Charge,Open
CB006611,TXN008730,CUST02766,MER03024,2024-04-12,13912.33,,Open
CB006612,TXN002260,CUST07085,MER07812,2024-02-03,85444.4,Fraud Suspected,Under Review
CB006613,TXN004569,CUST01263,MER09224,2024-09-17,423.53,Duplicate Charge,Won
CB006614,TXN006981,CUST05251,MER08557,2024-08-30,700.01,Fraud Suspected,Won
CB006615,TXN005049,CUST05095,MER08786,2025-01-20,1645.66,Duplicate Charge,Under Review
CB006616,TXN003672,CUST02252,MER04189,2024-12-13,573.22,Product Not Received,Lost
CB006617,TXN000754,CUST03537,MER00897,2024-10-03,1385.17,Fraud Suspected,Open
CB006618,TXN001757,CUST02874,MER07617,2024-12-20,9995.61,Product Not Received,Won
CB006619,TXN003093,CUST00586,MER08833,2024-09-07,29737.2,Duplicate Charge,Under Review
CB006620,TXN007125,CUST02134,MER01256,2024-09-16,25211.56,Duplicate Charge,Open
CB006621,TXN006795,CUST01158,MER07046,2024-02-13,682.02,Service Not Received,Lost
CB006622,TXN000252,CUST07583,MER05457,2024-03-17,6987.6,Product Not Received,Under Review
CB006623,TXN003106,CUST00450,MER01808,2024-08-03,53348.79,Duplicate Charge,Open
CB006624,TXN004866,CUST09622,MER07329,2024-09-17,1853.55,Service Not Received,Under Review
CB006625,TXN001288,,MER05077,2024-06-03,4089.92,Service Not Received,Under Review
CB006626,TXN002198,CUST03496,MER01350,2024-12-08,63872.89,Duplicate Charge,
CB006627,TXN009603,CUST08483,MER04310,2024-05-07,152.3,Product Not Received,Lost
CB006628,TXN008249,CUST07308,MER06911,2024-09-18,53556.58,Unauthorized Transaction,Won
CB006629,TXN009858,CUST08936,MER07489,2024-03-09,1838.98,Service Not Received,Under Review
CB006630,TXN004698,CUST07319,MER09405,2024-11-12,14061.52,Product Not Received,Open
CB006631,TXN001783,CUST01944,MER00126,2024-09-11,97115.13,Product Not Received,Open
CB006632,TXN005458,CUST06547,MER06997,2024-05-08,484.75,Service Not Received,Under Review
CB006633,TXN002235,CUST03793,MER02746,2025-01-01,8995.4,Unauthorized Transaction,Lost
CB006634,TXN000780,CUST08087,,2024-09-20,95166.0,Service Not Received,Open
CB006635,TXN008790,CUST04639,MER08532,2024-06-03,1914.93,Unauthorized Transaction,Won
CB006636,TXN009764,CUST02444,MER06159,2024-11-30,40740.86,Fraud Suspected,Won
CB006637,TXN003633,CUST02936,MER09904,2024-12-30,95787.45,Service Not Received,Under Review
CB006638,TXN006277,CUST00376,MER03689,2024-12-17,39930.54,Fraud Suspected,Lost
CB006639,TXN005675,CUST07463,MER08298,2024-05-22,700.54,Product Not Received,Open
,TXN002588,CUST04195,MER04311,2024-03-30,21555.53,Service Not Received,Lost
CB006641,TXN009200,CUST06906,MER05109,2024-06-22,65364.97,Duplicate Charge,Under Review
CB006642,TXN008962,CUST01036,MER08956,2024-05-02,1859.2,Duplicate Charge,Open
CB006643,TXN008882,CUST01896,MER06753,2024-07-06,416.78,Product Not Received,Lost
CB006644,TXN003120,CUST00346,MER05269,2024-10-07,556.93,Unauthorized Transaction,Won
CB006645,TXN002465,CUST02163,MER09787,2024-05-07,83668.2,Fraud Suspected,Lost
CB006646,TXN009814,CUST07354,MER02488,2025-01-15,13650.18,Product Not Received,Under Review
CB006647,TXN004074,CUST00362,MER07556,2024-02-11,101.02,Unauthorized Transaction,Open
CB006648,TXN006306,CUST05181,MER01825,2024-06-13,837.14,Duplicate Charge,Won
CB006649,TXN002791,CUST01110,MER08486,2025-01-07,17442.21,Duplicate Charge,Lost
CB006650,TXN006394,CUST01923,MER01327,2024-04-18,1120.11,Duplicate Charge,Open
CB006651,TXN009837,CUST05486,MER08717,2024-01-12,55532.48,Unauthorized Transaction,Open
CB006652,TXN009307,CUST03479,MER06471,2024-10-20,90543.06,Service Not Received,Open
CB006653,TXN008017,,MER08640,2024-09-29,833.66,Fraud Suspected,Open
CB006654,TXN006174,CUST04167,MER02471,2024-11-16,2796.39,Product Not Received,Open
CB006655,TXN003575,CUST02853,MER06970,2024-05-06,26.92,Unauthorized Transaction,Won
CB006656,TXN004312,CUST07808,MER04915,2024-04-26,675.5,Unauthorized Transaction,Lost
CB006657,TXN004754,CUST07723,MER06797,2024-12-10,12939.83,Duplicate Charge,Won
CB006658,TXN008054,CUST08845,MER08255,2024-09-08,125.58,Service Not Received,Won
CB006659,TXN002405,CUST03302,MER09224,2024-05-30,35507.5,Product Not Received,Won
CB006660,TXN007394,CUST09555,MER07375,2024-10-04,99250.0,Fraud Suspected,Open
CB006661,TXN009373,CUST02951,MER09794,2024-04-04,1548.61,Duplicate Charge,Under Review
CB006662,TXN003436,CUST09793,MER03740,2024-10-12,2280.46,Unauthorized Transaction,Under Review
CB006663,TXN000328,CUST07779,MER08134,2024-11-10,495.75,Unauthorized Transaction,Under Review
CB006664,TXN005947,CUST02765,MER06458,2024-12-14,455.22,Duplicate Charge,Under Review
CB006665,TXN008067,CUST05751,MER08287,2024-02-27,1834.81,Unauthorized Transaction,Won
CB006666,TXN001017,CUST03447,MER06977,2025-02-03,1755.29,Product Not Received,Open
CB006667,TXN006194,CUST03626,MER02830,2024-09-28,2256.27,Duplicate Charge,Under Review
CB006668,TXN000065,CUST09269,MER09204,2025-01-02,60564.9,Service Not Received,Won
CB006669,TXN006910,CUST06761,MER00647,2024-04-19,403.1,Service Not Received,Under Review
CB006670,TXN005604,CUST07637,MER09851,2024-07-23,90918.29,Fraud Suspected,Open
CB006671,TXN003797,CUST00134,MER04655,2024-11-13,42749.07,Service Not Received,Won
CB006672,TXN000159,CUST05548,MER05220,2024-12-04,688.16,Fraud Suspected,Under Review
CB006673,TXN003451,CUST06925,MER00932,2024-11-05,1251.29,Unauthorized Transaction,Under Review
CB006674,TXN004928,CUST02224,MER00330,2024-09-13,10883.85,Unauthorized Transaction,Open
CB006675,TXN001148,CUST03573,MER08807,2024-04-06,98566.66,Unauthorized Transaction,Won
CB006676,TXN001165,CUST07415,MER08578,2024-02-18,52258.92,Product Not Received,Open
CB006677,TXN005965,CUST08944,MER00178,2024-12-28,224.18,Unauthorized Transaction,Open
CB006678,TXN004361,CUST05046,MER04946,2024-08-12,1532.69,Duplicate Charge,Open
CB006679,TXN006786,CUST00047,MER09229,2024-11-23,1871.54,Unauthorized Transaction,Open
CB006680,TXN004379,CUST03060,MER06783,2024-07-12,562.11,Duplicate Charge,Open
CB006681,TXN007568,CUST02709,MER05761,2024-09-14,14163.38,Duplicate Charge,Under Review
CB006682,TXN000087,CUST01112,MER03203,2024-09-24,N/A,Service Not Received,Open
CB006683,TXN004825,CUST00164,MER09804,2024-09-09,583.1,Unauthorized Transaction,Won
CB006684,TXN000281,CUST05523,MER08823,2024-06-23,671.04,Duplicate Charge,Open
CB006685,TXN007223,CUST00537,MER05746,2024-07-04,1535.36,Service Not Received,Won
CB006686,TXN006352,CUST00840,,2024-03-18,197.28,Product Not Received,Under Review
CB006687,TXN004747,CUST09541,MER07579,2024-12-29,15208.32,Duplicate Charge,Lost
CB006688,TXN009456,CUST01663,MER08241,2024-10-26,16006.88,Unauthorized Transaction,Lost
CB006689,TXN008290,CUST00791,MER03450,2024-09-29,78003.32,Product Not Received,Lost
CB006690,UNKNOWN,CUST01440,MER02169,2024-08-11,214.98,Duplicate Charge,Under Review
CB006691,TXN002145,CUST06123,MER03405,2024-04-28,9806.86,Duplicate Charge,Won
CB006692,TXN008229,CUST01329,MER05825,2024-08-12,1909.55,Product Not Received,Won
CB006693,TXN008276,CUST03457,MER03737,2025-01-24,14041.25,Service Not Received,Won
CB006694,TXN007646,CUST02262,MER02517,2024-08-17,72140.98,Fraud Suspected,Open
CB006695,TXN009318,CUST07766,MER06269,2024-02-27,5208.29,Fraud Suspected,Open
CB006696,TXN006887,CUST03577,MER00203,2024-03-21,24626.35,Service Not Received,Open
CB006697,TXN008149,,MER04693,2024-10-06,18184.89,Unauthorized Transaction,Lost
CB006698,TXN005745,CUST05431,MER00385,2024-09-18,16135.82,Unauthorized Transaction,Under Review
CB006699,TXN000752,CUST03195,MER06994,2024-10-08,432.82,Duplicate Charge,Open
CB006700,TXN006130,CUST07763,MER08536,2024-11-05,12237.63,Product Not Received,Under Review
CB006701,TXN001576,CUST07478,MER04429,2024-02-17,678.66,Unauthorized Transaction,Won
CB006702,TXN004863,CUST01149,MER07043,2024-07-07,,Duplicate Charge,Open
CB006703,TXN004799,CUST04630,MER08844,2024-09-15,6561.61,Duplicate Charge,Won
CB006704,TXN001633,CUST03752,MER04354,2024-09-10,9303.65,Unauthorized Transaction,Lost
CB006705,TXN009800,CUST06497,MER04079,2024-07-31,113063.0,Duplicate Charge,Won
CB006706,TXN002729,CUST07171,MER08345,2024-08-11,19209.57,Duplicate Charge,Won
CB006707,TXN009922,CUST09148,MER07210,2024-03-20,16651.79,Duplicate Charge,Open
CB006708,TXN000043,CUST08940,MER03573,2024-02-15,18641.38,Duplicate Charge,Open
CB006709,TXN004431,CUST02530,MER02877,2024-08-02,65705.91,Fraud Suspected,Won
CB006710,TXN001567,CUST00277,MER06682,2025-01-19,393.94,Unauthorized Transaction,Lost
CB006711,TXN008021,CUST09900,MER09393,2024-06-13,385.64,Duplicate Charge,Won
CB006712,TXN006518,CUST06802,MER09561,2024-03-07,760.16,Fraud Suspected,Under Review
CB006713,TXN008169,CUST04293,MER08565,2024-02-07,6635.08,Product Not Received,Won
CB006714,TXN002472,CUST08659,MER05156,2024-08-08,9989.8,Unauthorized Transaction,Open
CB006715,TXN005767,CUST06744,MER06382,2024-02-27,336.5,Service Not Received,Lost
CB006716,TXN008723,CUST02985,MER01290,2024-02-14,19304.95,Duplicate Charge,Open
CB006717,TXN008749,CUST00849,UNKNOWN,2024-04-11,1414.82,Fraud Suspected,Open
CB006718,TXN008736,CUST09001,MER04037,2024-11-10,26802.28,Service Not Received,Won
CB006719,TXN006928,CUST04784,MER05529,2024-07-06,1294.16,Unauthorized Transaction,Won
CB006720,TXN001199,,MER09267,2024-03-13,47496.68,Service Not Received,Won
CB006721,TXN003917,CUST03206,MER06731,2024-09-19,94228.8,Unauthorized Transaction,Won
CB006722,TXN005380,CUST06238,MER03455,2024-06-23,87827.52,Product Not Received,Open
CB006723,TXN004102,CUST09197,MER04788,2024-03-12,58623.24,Fraud Suspected,Won
CB006724,TXN003200,CUST07941,MER01949,2024-02-21,1017.31,Unauthorized Transaction,Open
CB006725,TXN009046,CUST06776,MER03327,2025-02-10,1650.23,Unauthorized Transaction,Under Review
CB006726,TXN006985,CUST01553,MER07179,2024-08-08,221.95,Product Not Received,Open
CB006727,TXN006500,CUST05359,MER06960,2024-09-25,6671.54,Fraud Suspected,Under Review
CB006728,TXN005017,CUST04415,MER00253,2024-02-20,355.52,Product Not Received,Open
CB006729,TXN003734,CUST07282,MER01426,2024-10-04,1810.97,Duplicate Charge,Under Review
CB006730,TXN001275,CUST07626,MER04701,2024-09-26,6795.3,Duplicate Charge,Won
CB006731,TXN008578,CUST04477,MER05112,2024-04-30,107884.01,Duplicate Charge,Won
CB006732,TXN002398,CUST01487,MER04901,2024-04-16,2071.64,Service Not Received,Under Review
CB006733,TXN009698,CUST04069,MER09360,2025-02-06,,Fraud Suspected,Open
CB006734,TXN007797,CUST05511,MER03151,2024-12-23,12163.12,Duplicate Charge,Lost
CB006735,TXN002274,CUST00648,MER09049,2024-12-20,41390.45,Product Not Received,Open
CB006736,TXN009922,CUST09148,MER07210,2024-03-15,16651.79,Fraud Suspected,Won
CB006737,TXN003025,CUST09752,MER01964,2024-07-16,681.79,Duplicate Charge,Won
CB006738,TXN001092,CUST09086,MER02150,2024-03-04,1831.34,Product Not Received,Open
CB006739,TXN005195,CUST09407,MER07904,2024-09-02,1824.71,Service Not Received,Under Review
CB006740,TXN001743,CUST09856,MER03061,2024-06-08,32657.6,Product Not Received,Open
CB006741,TXN005373,CUST04853,MER08744,2024-12-01,1888.48,Service Not Received,Open
CB006742,TXN001379,CUST05213,MER03526,2024-11-06,88336.71,Duplicate Charge,Lost
CB006743,TXN001231,CUST08957,MER09169,2024-11-15,16712.64,Fraud Suspected,Under Review
,TXN007108,CUST09949,MER03580,2024-04-26,8898.28,Product Not Received,Under Review
CB006745,TXN007285,CUST03787,MER00096,2024-02-19,785.5,Fraud Suspected,Open
CB006746,TXN008043,CUST01262,MER02362,2024-02-18,131.87,Unauthorized Transaction,Open
CB006747,TXN008206,CUST04982,MER05327,2024-09-28,16144.66,Fraud Suspected,Lost
CB006748,TXN008253,CUST01541,MER02154,2024-08-08,96131.47,Unauthorized Transaction,Under Review
CB006749,TXN006873,CUST04870,MER07703,2024-10-02,,Service Not Received,Open
CB006750,TXN002281,CUST08722,MER03028,2025-02-08,15647.78,Service Not Received,Won
CB006751,TXN009299,CUST05301,MER07083,2024-05-07,395.29,Duplicate Charge,Under Review
CB006752,,CUST04889,MER05009,2024-12-17,13230.83,Product Not Received,Won
CB006753,TXN001200,CUST05992,MER01012,2024-07-12,53447.82,Product Not Received,Open
CB006754,TXN003546,CUST00211,MER07879,2024-06-22,58676.55,Product Not Received,Won
CB006755,TXN008697,CUST02253,MER05776,2024-03-17,14234.98,Duplicate Charge,Lost
CB006756,TXN008417,CUST09252,MER05608,2024-03-27,1936.02,Product Not Received,Open
CB006757,TXN008011,CUST06026,MER08337,2024-12-08,1741.93,Service Not Received,Open
,TXN006302,CUST02449,MER07243,2024-11-28,3598.94,Service Not Received,Under Review
CB006759,TXN001071,CUST08359,MER01777,2024-09-16,35032.54,Product Not Received,Open
CB006760,TXN007677,CUST07941,,2024-07-06,3243.46,Product Not Received,Open
CB006761,TXN002482,CUST08313,MER02381,2024-05-14,33773.02,Product Not Received,Won
CB006762,UNKNOWN,CUST08987,MER01468,2024-03-30,767.2,Unauthorized Transaction,Won
CB006763,TXN008589,CUST03495,MER04815,2024-09-12,76672.69,Duplicate Charge,Open
CB006764,TXN003855,CUST02536,MER01454,2024-08-23,3671.75,Service Not Received,Lost
CB006765,TXN003829,CUST08024,MER00392,2025-01-10,78902.32,Service Not Received,Under Review
CB006766,TXN006762,CUST04565,MER07101,2025-01-03,801.47,Unauthorized Transaction,Lost
CB006767,TXN009084,CUST02719,MER09029,2024-12-19,425.46,Fraud Suspected,Won
CB006768,TXN007759,CUST07939,MER09889,2024-08-26,5858.16,Product Not Received,Won
CB006769,TXN008200,CUST03567,MER02044,2024-11-29,97889.48,Fraud Suspected,Lost
CB006770,TXN000667,CUST03918,MER01503,2024-07-01,1480.52,Duplicate Charge,Won
CB006771,TXN001039,CUST02952,MER06671,2024-12-16,745.34,Fraud Suspected,Open
CB006772,TXN008613,CUST07645,MER06428,2024-10-08,2240.17,Fraud Suspected,Under Review
CB006773,TXN006854,CUST09822,MER05124,2024-09-01,43651.66,Product Not Received,Won
CB006774,TXN005505,CUST02811,MER06519,2024-04-07,91162.46,Unauthorized Transaction,Lost
CB006775,TXN006828,CUST05367,MER09339,2024-10-04,19586.54,Fraud Suspected,Under Review
CB006776,TXN003960,CUST08329,MER08254,2024-11-23,47819.39,Service Not Received,Lost
CB006777,TXN008130,CUST01752,MER05678,2024-05-13,231.0,Fraud Suspected,Open
CB006778,TXN002870,CUST06528,MER01572,2024-12-04,4648.04,,Under Review
CB006779,TXN004762,CUST09093,MER08745,2024-11-10,55368.27,Service Not Received,Won
CB006780,TXN009334,CUST02231,MER05394,2024-12-05,64240.17,Product Not Received,Won
CB006781,TXN006424,CUST01411,MER09340,,63.52,Product Not Received,Under Review
CB006782,,CUST09297,MER03203,2024-05-25,3188.77,Service Not Received,Open
CB006783,TXN009123,CUST07401,MER08878,2024-04-15,77984.73,Unauthorized Transaction,Won
CB006784,TXN008854,CUST05800,MER09085,2024-04-09,91423.04,Service Not Received,Open
CB006785,TXN007905,CUST01706,MER08804,2024-08-20,8558.85,Unauthorized Transaction,Lost
CB006786,TXN008440,CUST00836,MER06036,2024-11-16,26173.43,Duplicate Charge,Open
CB006787,TXN002033,CUST05736,MER04293,2024-08-26,,Duplicate Charge,Open
CB006788,TXN002506,CUST02440,MER01263,2024-09-15,48402.13,Unauthorized Transaction,Won
CB006789,TXN002250,CUST07385,MER06379,2024-04-24,77126.31,Fraud Suspected,
CB006790,TXN004243,CUST07408,MER06579,2024-08-09,12990.04,Service Not Received,Won
CB006791,TXN003533,CUST01259,MER05134,2024-08-19,1628.85,Product Not Received,Under Review
CB006792,TXN003628,CUST07983,MER05412,2024-02-08,619.96,Unauthorized Transaction,Lost
CB006793,TXN009675,CUST06299,MER07619,2024-05-09,5583.6,Fraud Suspected,Open
CB006794,TXN007085,CUST07781,MER09159,2024-10-24,66615.6,Unauthorized Transaction,Won
CB006795,TXN004485,CUST00257,MER02083,2024-03-28,159.0,Unauthorized Transaction,Under Review
CB006796,TXN007805,CUST01500,MER04533,2024-12-27,13253.84,Duplicate Charge,Open
CB006797,TXN006403,CUST04629,MER04385,2024-01-25,131.85,Service Not Received,Open
CB006798,TXN000121,,MER04808,2024-03-09,75724.72,Unauthorized Transaction,Open
CB006799,TXN005795,CUST01615,MER02975,2024-10-10,9854.82,Service Not Received,Won
CB006800,TXN009055,CUST02150,MER03030,2024-05-15,61289.03,Duplicate Charge,Open
CB006801,TXN005475,CUST08142,MER08696,2024-07-16,4876.25,Duplicate Charge,Open
CB006802,TXN004265,CUST07497,MER09044,2024-10-13,73748.93,Unauthorized Transaction,Open
CB006803,TXN005072,CUST05986,MER05239,2024-12-02,654.51,Fraud Suspected,Lost
CB006804,TXN000900,CUST01990,MER04189,2024-09-08,1081.64,Product Not Received,Open
CB006805,TXN002582,CUST07088,MER08556,2025-01-16,729.18,Unauthorized Transaction,Lost
CB006806,TXN007348,CUST00570,MER01522,2024-06-03,30682.32,Service Not Received,Open
CB006807,TXN004850,CUST04790,MER02700,2024-07-07,17956.96,Fraud Suspected,Lost
CB006808,TXN000260,CUST00647,MER02101,2024-06-25,1073.3,Unauthorized Transaction,
CB006809,TXN001007,CUST09442,MER02375,2024-03-26,72349.7,Unauthorized Transaction,Won
CB006810,TXN009180,CUST09190,MER07269,2024-09-21,113083.57,Duplicate Charge,Lost
CB006811,TXN006853,CUST08861,MER07065,2024-07-29,325.89,Duplicate Charge,Open
CB006812,TXN009142,CUST09923,MER08080,2024-08-13,9689.61,Duplicate Charge,Under Review
CB006813,TXN009495,CUST06088,MER00605,2024-10-31,86608.57,Service Not Received,Won
CB006814,TXN000310,CUST02778,MER03924,2024-06-02,35620.71,Service Not Received,Open
CB006815,TXN008288,CUST00528,MER02479,2025-01-15,72340.43,Service Not Received,Lost
CB005110,TXN009699,CUST08536,MER06445,2024-12-10,74.16,Service Not Received,Won
CB006817,TXN000040,CUST02960,MER04728,2024-08-30,1513.64,Unauthorized Transaction,Won
CB006818,,CUST06532,MER08608,2024-11-11,18497.99,Fraud Suspected,Under Review
CB006819,TXN001119,CUST00231,MER05440,2024-09-02,1432.1,Fraud Suspected,Under Review
CB006820,TXN004376,CUST09109,MER04793,2024-12-02,1940.5,,Open
CB006821,TXN008546,CUST05951,MER00698,2024-05-22,4992.92,Unauthorized Transaction,Open
CB006822,TXN003022,CUST07701,MER06856,2024-07-05,1625.38,Service Not Received,Won
CB006823,TXN001752,CUST09655,MER03878,2024-08-31,70965.89,Product Not Received,Under Review
CB006824,TXN002668,CUST05313,MER07120,2024-11-03,12132.14,Product Not Received,Won
CB006825,TXN006900,CUST07147,MER05146,2024-06-25,4826.93,Product Not Received,Under Review
CB006826,TXN000306,CUST05597,MER01326,2024-03-04,978.04,Duplicate Charge,
CB006827,TXN007093,CUST03480,MER02615,2024-12-03,579.75,Product Not Received,Lost
CB006828,TXN005263,CUST07377,MER08678,2024-05-06,13024.8,Duplicate Charge,Lost
CB006829,TXN000369,CUST01194,MER02652,2024-03-11,74373.54,Product Not Received,Lost
CB006830,TXN003818,CUST01205,MER08072,2024-05-08,1279.16,Duplicate Charge,Lost
CB006831,TXN006873,CUST04870,MER07703,2024-08-18,1573.46,Duplicate Charge,Won
CB006832,TXN004267,CUST01353,MER03618,2024-09-23,47384.28,Unauthorized Transaction,Won
,TXN005656,CUST03140,MER04061,2024-04-07,72835.99,Unauthorized Transaction,Open
CB006834,TXN004258,CUST09517,MER08248,2024-02-08,1012.66,Service Not Received,Under Review
CB006835,TXN007768,CUST09027,MER04385,2024-07-26,87676.97,Unauthorized Transaction,Lost
CB006836,TXN001557,CUST07978,MER00246,2024-12-29,18321.45,Unauthorized Transaction,Under Review
CB006837,TXN003553,CUST04212,MER06216,2024-12-31,1226.82,Service Not Received,Open
CB006838,TXN003777,CUST09021,MER08188,2024-04-17,16025.46,Service Not Received,Won
CB006839,TXN008375,CUST08032,MER08539,2024-04-21,419.49,Unauthorized Transaction,Open
CB006840,TXN002909,CUST08309,MER02234,2024-10-28,1412.12,Duplicate Charge,Open
CB006841,TXN007137,CUST09600,MER09405,2024-06-05,45013.1,Product Not Received,Won
CB006842,TXN006536,CUST06555,MER05860,2024-06-05,4370.5,Unauthorized Transaction,Under Review
CB006843,TXN000667,CUST03918,MER01503,2024-06-07,1480.52,Service Not Received,Under Review
CB006844,TXN007415,CUST02041,MER08704,2024-02-13,11483.08,Fraud Suspected,Open
CB006845,TXN002603,CUST08190,MER01464,2024-03-23,851.26,Service Not Received,Under Review
CB006846,TXN006460,CUST06336,MER09265,2024-09-20,1275.16,Unauthorized Transaction,Open
CB006847,TXN000590,CUST09895,MER05846,2024-12-11,88553.34,Duplicate Charge,Open
CB006848,TXN007996,CUST01079,MER06318,2024-01-23,1747.09,Duplicate Charge,Won
CB006849,TXN006814,CUST03909,MER04921,2024-07-11,11791.53,Product Not Received,Won
CB006850,TXN009217,CUST08833,MER01819,2024-03-31,27922.52,Fraud Suspected,Won
CB006851,TXN002921,CUST01324,MER05436,2024-07-16,72061.67,Fraud Suspected,Won
CB006852,TXN007615,CUST00256,MER02933,2025-01-26,17964.39,Fraud Suspected,Won
CB006853,TXN000253,CUST07153,MER06538,2024-07-22,6930.48,,Open
CB006854,TXN007091,CUST04435,MER00696,2024-03-10,1322.17,Service Not Received,Under Review
CB006855,TXN004858,CUST01690,MER07552,2024-03-27,84677.87,Duplicate Charge,Open
CB006856,TXN002056,CUST01374,MER01222,2024-12-23,8109.4,Duplicate Charge,Lost
CB006857,TXN000104,CUST01683,MER09385,2024-02-09,33150.6,Duplicate Charge,Open
CB006858,TXN009242,CUST03088,MER02463,2025-01-31,356.57,Product Not Received,Won
CB006859,TXN006475,CUST03839,MER03516,2024-09-24,5336.5,Fraud Suspected,Lost
CB006860,TXN007597,CUST06372,MER00276,2024-05-05,33610.24,Fraud Suspected,Open
CB006861,TXN001332,CUST03479,MER07130,2024-10-24,1483.04,Service Not Received,Under Review
CB006862,TXN005975,CUST02596,MER03256,2024-05-28,14375.08,Product Not Received,Lost
CB006863,TXN003883,CUST01742,,2024-03-20,17175.52,Unauthorized Transaction,Open
CB006864,TXN001087,CUST00274,MER07787,2024-07-23,18834.43,Fraud Suspected,Open
CB006865,TXN004960,CUST09380,MER07407,2024-07-06,N/A,Product Not Received,Open
CB006866,TXN005714,CUST03165,MER09122,2024-10-12,20100.66,Unauthorized Transaction,Under Review
CB006867,TXN002151,CUST07891,MER00164,2024-09-06,9259.93,Duplicate Charge,Open
CB006868,TXN003273,CUST06111,MER00513,2024-07-14,883.5,Unauthorized Transaction,Under Review
CB006869,TXN002926,UNKNOWN,MER03977,2024-04-16,4601.71,Duplicate Charge,Won
CB006870,TXN003959,CUST04494,MER08743,2025-01-04,2903.34,Product Not Received,
CB006871,TXN004667,CUST00769,MER09196,2024-07-11,101090.07,Unauthorized Transaction,Lost
CB006872,TXN009335,CUST07839,MER04751,2024-08-29,31370.89,Service Not Received,Lost
CB006873,TXN000557,CUST09232,MER08109,2024-02-22,12634.0,Duplicate Charge,Open
CB006874,TXN007054,CUST02759,MER01379,2024-03-15,1279.67,Product Not Received,Lost
CB006875,TXN006286,CUST09644,MER05602,2024-05-15,2801.55,Unauthorized Transaction,Open
CB006876,TXN007162,CUST07642,MER06031,2024-02-10,40107.66,Fraud Suspected,Open
CB006877,TXN001081,CUST05143,MER08129,2024-06-07,74229.89,Product Not Received,Won
CB006878,TXN004281,CUST07587,MER08105,2024-02-04,1080.02,Product Not Received,Lost
CB006879,TXN007335,CUST02361,MER05122,2024-03-03,7465.14,Unauthorized Transaction,Lost
CB006880,TXN001029,CUST01949,MER00189,2025-02-02,N/A,Product Not Received,Won
CB006881,TXN001739,CUST03230,MER08783,2024-05-22,34885.06,Product Not Received,Open
CB006882,TXN004300,CUST04515,MER07947,2024-11-16,1328.89,Duplicate Charge,Won
CB006883,TXN004771,,MER08494,2024-02-25,15460.3,Unauthorized Transaction,Lost
CB006884,TXN008631,CUST08719,MER02785,2024-07-08,48304.71,Duplicate Charge,Open
CB006885,TXN006921,CUST07858,MER02388,2024-10-18,90425.51,Product Not Received,Under Review
CB006886,TXN009692,CUST00553,MER01925,,62232.13,Service Not Received,Won
CB006887,TXN003365,CUST05701,MER04955,2024-07-03,4991.15,Unauthorized Transaction,Under Review
CB006888,TXN005554,CUST05779,MER02493,2025-01-29,152.14,Fraud Suspected,Lost
CB006889,TXN007822,CUST01808,MER03645,2024-08-24,129.4,Duplicate Charge,Won
CB006890,TXN004697,CUST09441,MER03867,2024-04-02,5963.51,Product Not Received,Open
CB006891,TXN000434,CUST09873,MER04602,2024-12-17,2561.25,Fraud Suspected,Won
CB006892,TXN008807,CUST09483,MER01513,2024-03-17,,Unauthorized Transaction,Lost
CB006893,TXN003081,CUST07740,MER05852,2024-08-18,66337.57,Product Not Received,Open
CB006894,TXN002296,CUST07624,MER00482,2024-06-08,20730.13,Duplicate Charge,Lost
CB006895,TXN003163,CUST05838,MER03393,2024-02-21,98862.13,Service Not Received,Open
CB006896,TXN007862,CUST06614,MER00578,2024-07-22,7446.25,Fraud Suspected,Won
CB006897,TXN000120,CUST00882,MER05165,2024-07-16,6255.09,Product Not Received,Won
CB006898,TXN006533,CUST06161,MER01776,2024-05-21,22979.37,Unauthorized Transaction,Under Review
CB006899,TXN002327,CUST08464,MER01308,2024-11-21,998.12,Service Not Received,Won
CB006900,TXN006956,CUST01902,MER08779,2024-03-27,8608.38,Duplicate Charge,Won
CB006901,TXN007858,CUST06175,MER09538,2024-12-09,196.79,Product Not Received,Lost
CB006902,TXN008117,CUST03975,MER08022,2024-07-26,95563.03,Service Not Received,Lost
CB006903,TXN000278,CUST07258,MER04526,2024-07-14,967.31,Duplicate Charge,Under Review
CB006904,TXN003390,CUST02960,MER02945,2024-12-06,65.87,Unauthorized Transaction,Won
CB006905,TXN001689,CUST05514,MER07041,2024-09-24,22650.23,Duplicate Charge,Won
CB006906,TXN004938,CUST07788,MER09086,2025-02-21,1867.14,Duplicate Charge,Won
CB006907,TXN007762,CUST05159,MER01435,2024-08-30,386.91,Product Not Received,Lost
CB003215,TXN001804,CUST03301,MER01633,2024-08-01,87402.13,Fraud Suspected,Won
CB000489,TXN004035,CUST05859,MER06828,2024-07-28,15510.1,Duplicate Charge,Lost
CB006910,TXN002623,CUST00173,MER01253,2024-04-30,16005.14,Product Not Received,Open
CB006911,TXN004096,CUST09392,MER05403,2024-10-06,40786.44,Fraud Suspected,Under Review
CB006912,TXN002659,CUST04919,MER04297,2024-11-26,886.85,Unauthorized Transaction,Lost
CB006913,TXN008279,CUST00654,MER00993,2024-11-03,306.9,Fraud Suspected,Open
CB006914,TXN008511,CUST03159,MER04512,2024-07-27,47307.57,Unauthorized Transaction,Won
CB006915,TXN006439,CUST04102,MER00056,2024-04-30,1352.39,Product Not Received,Under Review
CB006916,TXN000844,CUST09726,MER02569,2024-11-16,68863.54,Duplicate Charge,Won
CB006917,TXN001703,CUST07383,MER01328,2024-06-10,43369.22,Duplicate Charge,Won
CB006918,TXN004838,CUST00936,MER06262,2024-12-09,6071.86,Fraud Suspected,Open
CB006919,TXN000843,CUST06985,MER04832,2024-11-02,,Duplicate Charge,Lost
CB006920,TXN003780,CUST01714,MER00563,2024-06-17,4575.52,Fraud Suspected,Lost
CB006921,TXN002222,CUST04460,MER02340,2024-08-07,675.75,Fraud Suspected,Under Review
CB006922,TXN004022,CUST03358,MER00766,2024-04-07,464.77,Service Not Received,Won
CB006923,TXN005676,CUST07122,MER03970,2024-03-08,42694.13,Unauthorized Transaction,Won
CB006924,TXN003783,CUST02340,MER06025,2024-06-22,1363.6,Service Not Received,Won
CB006925,TXN005161,CUST02165,MER07706,2024-12-16,65643.25,Product Not Received,Open
CB006926,TXN004043,CUST05544,MER01650,2024-09-22,1427.09,Product Not Received,Under Review
CB006927,,CUST06926,MER01908,2024-03-02,940.98,Product Not Received,Lost
CB006928,TXN008405,CUST05109,MER01659,2024-12-25,11491.54,Fraud Suspected,Under Review
CB006929,TXN002221,CUST02537,MER09045,2024-09-01,238.29,Fraud Suspected,Open
CB006930,TXN009194,CUST05145,MER07194,2024-02-08,16414.44,Fraud Suspected,Won
CB006931,TXN000215,CUST01427,MER06190,2024-11-14,1977.6,Service Not Received,Won
CB006932,TXN001381,CUST02974,MER08842,2025-02-25,12155.85,Fraud Suspected,Open
CB006933,TXN009061,CUST04853,MER04776,2024-01-30,1818.21,Fraud Suspected,Under Review
CB006934,TXN004330,CUST03193,MER09595,2024-06-04,33522.53,Duplicate Charge,Won
CB006935,TXN006756,CUST03506,MER01033,2024-07-04,33346.11,Duplicate Charge,Won
CB006936,,CUST08948,MER05177,2024-10-10,18523.3,Service Not Received,Under Review
CB006937,TXN008258,CUST08876,MER07385,2024-02-28,99315.24,Fraud Suspected,Lost
CB006938,TXN000110,CUST09918,MER09749,2024-05-09,74871.09,Duplicate Charge,Won
CB006939,TXN009460,CUST02722,MER00815,2024-12-28,761.18,Product Not Received,Lost
CB006940,TXN004685,CUST00793,MER03940,2024-05-18,77554.88,Service Not Received,Open
CB006941,TXN006024,CUST01501,MER00975,2024-09-27,120.59,Duplicate Charge,Under Review
CB006942,TXN000360,CUST03811,MER01221,2024-11-11,240.59,Duplicate Charge,Under Review
CB006943,TXN009518,CUST06724,MER04678,2024-08-05,3632.88,Unauthorized Transaction,Under Review
CB006944,TXN007643,CUST02855,MER07432,2024-08-16,356.66,Product Not Received,Under Review
CB006945,TXN009967,CUST03615,MER08870,2024-08-26,7318.66,Product Not Received,Under Review
CB006946,TXN008302,CUST04889,MER05009,2024-11-09,11505.07,Duplicate Charge,Lost
CB006947,TXN006481,CUST06869,MER06799,2024-05-21,69013.21,,Won
CB006948,TXN008319,CUST06844,MER01370,2024-08-01,5513.98,Service Not Received,Lost
CB006949,TXN005264,CUST02162,MER04141,2024-11-12,90053.53,Fraud Suspected,Open
CB006950,TXN003247,CUST07560,MER00659,2025-01-23,1091.79,Duplicate Charge,Under Review
CB006951,TXN005203,CUST06436,MER05530,2024-10-24,42661.9,Service Not Received,Won
CB006952,TXN005947,CUST02765,MER06458,2024-12-23,910.43,Unauthorized Transaction,Lost
CB006953,TXN003091,CUST02556,MER03321,2024-04-25,10498.67,Service Not Received,Lost
CB006954,TXN006317,CUST09668,MER02008,2024-07-27,141.31,Product Not Received,Lost
CB006955,TXN009997,CUST03346,MER01209,2024-03-20,26661.89,Duplicate Charge,Lost
CB006956,TXN006908,CUST06481,MER02105,2024-01-29,50646.54,Service Not Received,Under Review
CB006957,TXN005456,CUST09945,MER03453,2024-04-19,19499.41,Unauthorized Transaction,Under Review
CB006958,TXN001967,CUST06761,MER01226,2025-01-27,62211.99,Service Not Received,Under Review
CB006959,TXN009290,CUST06796,MER08976,2024-12-07,12844.03,Unauthorized Transaction,Under Review
CB006960,TXN008534,CUST06561,MER01981,2024-05-25,44184.55,Duplicate Charge,Lost
CB006961,TXN004025,CUST09803,MER06850,2024-09-30,1401.79,Duplicate Charge,Won
CB006962,TXN009328,CUST07744,MER09159,2024-02-20,39864.52,Duplicate Charge,Under Review
CB006963,TXN004751,CUST00479,MER09382,2024-05-27,85455.22,Service Not Received,Lost
CB006964,TXN003579,CUST03798,MER09079,2024-05-11,25905.12,Duplicate Charge,Open
CB006965,TXN008235,CUST04590,MER07704,2025-01-24,3086.93,Unauthorized Transaction,Open
CB006966,TXN002732,CUST06883,MER03394,2024-05-05,494.3,Fraud Suspected,Under Review
CB006967,TXN001201,CUST06906,MER02162,2024-10-17,55206.5,Service Not Received,Open
CB006968,TXN005090,CUST02202,,2024-05-25,33201.75,Duplicate Charge,Under Review
CB006969,TXN007398,CUST08685,MER09810,2024-05-31,18493.37,Product Not Received,Under Review
CB006970,TXN003222,CUST08086,MER08702,,31748.34,Service Not Received,Open
CB006971,TXN007097,CUST05592,MER05904,2024-09-28,3022.2,Fraud Suspected,Open
CB006972,TXN003028,CUST04394,MER09979,2025-01-19,21082.63,Duplicate Charge,Under Review
CB006973,UNKNOWN,CUST03522,MER09979,2024-09-29,23019.02,Duplicate Charge,Under Review
CB006974,TXN005289,CUST04265,MER07664,2024-04-27,38595.18,Fraud Suspected,Lost
CB006975,TXN000426,CUST04760,MER06698,2024-04-15,37101.1,Unauthorized Transaction,Lost
CB006976,TXN005155,CUST04472,MER08813,2024-11-09,689.04,Service Not Received,Open
,TXN007003,CUST03733,MER02914,2024-12-21,21327.34,Duplicate Charge,
CB006978,TXN004518,CUST06959,MER01024,2024-04-09,19712.99,Service Not Received,Won
CB006979,TXN008699,CUST09964,MER06400,2024-04-20,1360.92,Fraud Suspected,Under Review
CB006980,TXN009597,CUST02853,MER00025,2025-01-21,15263.3,Unauthorized Transaction,Lost
CB006981,TXN004789,CUST03272,MER01032,2024-07-02,15430.82,Service Not Received,Under Review
CB006982,TXN001673,CUST05793,MER03180,2024-03-27,N/A,Service Not Received,Under Review
CB006983,TXN008643,CUST02171,MER04621,2024-12-25,32328.19,Service Not Received,Won
CB006984,TXN005628,CUST08028,MER03644,2024-09-25,7478.72,Product Not Received,Won
CB006985,TXN007750,CUST04121,MER07140,2024-12-01,12691.53,Product Not Received,Open
CB006986,TXN002441,CUST08435,MER05207,2024-10-28,16624.06,Product Not Received,Under Review
CB006987,,CUST05097,MER02235,2024-09-24,81010.82,Duplicate Charge,
CB006988,TXN008907,CUST09789,MER01554,2024-03-21,8988.94,Service Not Received,Under Review
CB006989,TXN005954,CUST06365,MER09565,2024-11-16,31491.04,Unauthorized Transaction,Open
CB006990,TXN009971,CUST05146,MER04272,2024-06-28,27788.66,Fraud Suspected,Under Review
CB006991,TXN004091,CUST04865,MER01345,2024-08-14,55445.2,Service Not Received,Open
CB006992,TXN002582,CUST07088,MER08556,2025-01-19,729.18,Service Not Received,Lost
CB006993,TXN005993,CUST07480,MER03221,2024-08-06,81965.4,Unauthorized Transaction,Under Review
CB006994,TXN007618,CUST08127,MER03978,2024-10-15,10584.84,Duplicate Charge,Won
CB006995,TXN000761,CUST08353,MER06390,2024-12-12,45502.69,Unauthorized Transaction,Won
CB006996,TXN004210,CUST05942,MER09358,2024-07-28,11275.91,Service Not Received,Won
CB006997,TXN003434,CUST06471,MER04172,2024-12-12,455.61,Unauthorized Transaction,Under Review
CB006998,TXN008309,CUST07182,MER03736,2024-09-05,10197.13,Duplicate Charge,Won
CB006999,TXN005548,CUST00897,MER03346,2024-07-03,15501.97,Duplicate Charge,Won
CB007000,TXN004056,UNKNOWN,MER04709,2024-06-26,22520.93,Fraud Suspected,Open
CB007001,TXN002387,CUST09358,MER01837,2024-05-23,10500.56,Product Not Received,Won
CB007002,TXN004943,CUST07702,MER05187,2024-06-13,14224.0,Unauthorized Transaction,Lost
CB007003,TXN000524,CUST04453,MER08799,2024-04-05,16710.87,Duplicate Charge,Under Review
CB007004,TXN007149,CUST05865,MER04063,2024-05-26,839.65,Duplicate Charge,Under Review
CB007005,TXN003492,CUST01035,MER06154,2024-05-26,77932.98,Fraud Suspected,Under Review
CB007006,TXN006911,CUST08450,MER07586,2025-01-02,14205.77,Unauthorized Transaction,Won
CB007007,TXN006983,CUST09839,MER02948,2024-04-19,4357.53,Service Not Received,Won
CB007008,TXN007849,CUST00487,MER09565,2024-05-19,34968.06,Unauthorized Transaction,Open
CB007009,TXN005641,CUST02694,MER08856,2024-03-30,1648.8,Duplicate Charge,Won
CB007010,TXN003968,CUST04309,MER08707,2024-07-11,16284.61,Product Not Received,Under Review
CB007011,TXN000300,CUST07406,MER03924,2024-08-27,1936.64,Fraud Suspected,Lost
CB007012,TXN006483,CUST09433,MER05709,2024-10-21,102367.39,Unauthorized Transaction,Lost
CB007013,TXN009690,CUST02591,MER05472,2024-05-04,403.22,Service Not Received,Lost
CB007014,TXN005941,CUST05346,MER06830,2024-07-05,14808.44,Duplicate Charge,Open
CB007015,TXN004974,CUST02895,MER03928,2024-06-05,3064.64,Product Not Received,Won
CB007016,TXN001956,CUST09567,MER04466,2024-06-11,12146.31,Fraud Suspected,Open
CB007017,TXN001287,CUST01364,MER04691,2024-04-18,2552.87,Unauthorized Transaction,Under Review
CB007018,TXN001248,CUST08973,,2024-11-27,1841.19,Unauthorized Transaction,Open
CB007019,TXN007046,,MER06988,2024-05-13,42777.36,Service Not Received,Under Review
,TXN000078,CUST05768,MER00055,2024-09-30,1390.46,Unauthorized Transaction,Lost
CB007021,TXN006347,CUST02056,MER09099,2024-05-28,113994.62,Duplicate Charge,Lost
CB007022,TXN004378,CUST04314,MER06223,2025-01-05,1322.83,Fraud Suspected,Lost
CB007023,TXN004891,CUST01516,MER02722,2024-08-04,1014.44,Fraud Suspected,Won
,TXN008604,CUST04647,MER06728,2024-04-12,16547.47,Duplicate Charge,
CB007025,,CUST03504,MER00243,2024-05-24,2743.91,Duplicate Charge,Won
CB000010,TXN008660,CUST08627,MER04222,2024-05-11,6624.88,Product Not Received,Open
CB007027,TXN007920,CUST06342,MER09008,2024-03-02,247.7,Service Not Received,Lost
CB007028,TXN007884,CUST03538,MER08943,2024-06-16,19370.51,Unauthorized Transaction,Lost
CB007029,TXN007880,CUST02126,MER00785,2024-05-16,19033.04,Product Not Received,Won
CB007030,TXN008248,UNKNOWN,MER08582,2024-03-21,24378.42,Fraud Suspected,Open
CB007031,TXN004205,CUST04740,MER07646,2024-04-04,2664.89,Product Not Received,Won
CB007032,TXN002810,CUST01091,MER00333,2024-04-12,35090.9,Service Not Received,Won
CB007033,TXN005561,CUST09849,MER03161,,8817.5,Fraud Suspected,Lost
CB007034,TXN000334,CUST08581,MER04790,2024-08-15,332.32,Unauthorized Transaction,Lost
CB007035,TXN008078,CUST07400,MER09439,2024-01-16,2784.34,Unauthorized Transaction,Won
CB007036,TXN002611,CUST03193,MER08912,2024-08-31,1790.66,Product Not Received,Under Review
CB007037,TXN005371,CUST08795,MER06521,2025-01-23,984.46,Duplicate Charge,Open
CB007038,TXN001659,CUST04524,MER06020,2024-11-29,66647.05,Fraud Suspected,Won
CB007039,TXN007661,CUST01390,MER04754,2024-05-12,25254.1,Unauthorized Transaction,Lost
CB007040,TXN002122,CUST09297,MER03203,2024-06-08,6377.54,Service Not Received,Won
CB007041,TXN008457,CUST01302,MER00266,2024-02-24,765.01,Product Not Received,Under Review
CB007042,TXN008762,CUST07021,MER09535,2024-12-03,862.96,Unauthorized Transaction,Under Review
CB007043,TXN009803,CUST09947,MER02634,2024-03-11,103214.5,Unauthorized Transaction,Lost
CB007044,TXN000460,CUST07537,MER02661,2024-08-07,41678.43,Service Not Received,Under Review
CB007045,TXN009941,CUST03127,MER07792,2024-11-06,64900.78,Unauthorized Transaction,Open
CB007046,TXN002856,UNKNOWN,MER05640,2024-07-06,30335.1,Product Not Received,Open
CB007047,TXN009943,CUST05029,MER06563,2024-08-29,246.27,Product Not Received,Lost
CB007048,TXN000438,CUST06814,MER05360,2024-03-14,26421.76,,Under Review
CB007049,TXN003126,CUST06664,MER04537,2024-08-28,6876.52,,Lost
CB007050,TXN001356,CUST07945,MER05316,2024-03-21,19607.54,Service Not Received,Under Review
CB007051,TXN009690,CUST02591,MER05472,2024-04-16,403.22,Service Not Received,Lost
CB007052,TXN003461,CUST00689,MER05797,2024-11-17,81066.66,Fraud Suspected,Lost
CB007053,,CUST03471,MER01823,2024-07-12,,Fraud Suspected,Won
CB007054,TXN002614,CUST08107,MER03698,2024-12-01,5297.13,Service Not Received,Lost
CB007055,TXN001199,CUST09155,MER09267,2024-03-09,109242.36,Unauthorized Transaction,Won
CB007056,TXN005570,CUST06811,MER03835,2024-04-07,6098.42,Unauthorized Transaction,Open
,TXN005679,CUST03821,MER01771,2024-07-13,764.82,Service Not Received,Won
CB007058,TXN000173,CUST07781,MER03073,2024-02-17,20100.46,Duplicate Charge,Won
CB007059,TXN000993,CUST00728,MER01504,2025-01-08,1157.54,Product Not Received,Won
CB007060,TXN002158,CUST01510,MER02646,2025-02-01,N/A,Service Not Received,Won
CB007061,TXN002342,CUST05328,MER05794,2024-12-18,9452.31,Service Not Received,Won
CB007062,TXN007709,CUST08121,MER02879,2024-06-25,1239.32,Service Not Received,Under Review
CB007063,TXN008978,CUST09858,MER09884,2024-04-24,9816.92,,Under Review
CB007064,TXN006208,CUST08191,MER08561,2024-07-09,3132.32,Duplicate Charge,Lost
CB007065,TXN005127,CUST05937,MER03922,2024-05-20,1823.39,Product Not Received,Open
CB007066,TXN008310,CUST05428,MER08480,2024-04-27,9103.14,Fraud Suspected,Under Review
CB007067,TXN004868,CUST02948,MER04928,2024-07-17,5167.02,Product Not Received,Won
CB007068,TXN005010,CUST00173,MER02385,2024-12-17,45045.4,Service Not Received,Open
CB007069,TXN008990,CUST02596,MER03816,2024-10-08,9527.11,Service Not Received,Open
CB007070,TXN002926,CUST01603,MER03977,2024-05-12,4601.71,Duplicate Charge,Under Review
CB007071,TXN008004,CUST09599,MER05945,2024-03-18,6529.23,Unauthorized Transaction,Won
CB007072,TXN007750,CUST04121,MER07140,2024-11-18,14595.26,Service Not Received,Won
CB007073,TXN002111,CUST05798,MER04515,2024-12-09,6178.3,Fraud Suspected,Under Review
CB007074,TXN005471,CUST09964,MER03814,2024-04-24,8766.88,Service Not Received,Under Review
CB007075,TXN008247,CUST03491,MER01216,2024-09-22,9601.83,Duplicate Charge,Under Review
CB007076,TXN007691,CUST00064,MER06569,2024-10-01,747.54,Fraud Suspected,Lost
CB007077,TXN006335,CUST00337,MER07507,2024-05-06,588.73,Product Not Received,Open
CB007078,TXN005710,CUST08568,MER01611,2024-08-27,18245.04,Product Not Received,Under Review
CB007079,TXN005566,CUST02847,MER05568,2024-03-13,50.74,Service Not Received,Won
CB007080,TXN003831,CUST09262,MER05386,2024-07-08,20788.52,Product Not Received,Under Review
CB007081,TXN003607,CUST06589,MER01559,2024-05-24,21742.24,Fraud Suspected,Won
CB007082,TXN001004,CUST02003,,2025-01-26,1672.49,Unauthorized Transaction,Open
CB007083,TXN008087,CUST02748,MER06966,2024-06-15,921.64,Unauthorized Transaction,Lost
CB007084,TXN001881,CUST07355,MER04432,2024-08-25,3579.54,Duplicate Charge,Open
CB007085,TXN001584,CUST03551,MER05317,2024-04-25,101896.13,Product Not Received,Lost
CB004706,TXN002904,CUST07424,MER06578,2025-01-01,3050.68,Product Not Received,Open
CB007087,TXN008991,CUST07459,MER03031,2025-01-17,87.24,Service Not Received,Open
CB007088,TXN006860,CUST07608,MER09613,2024-02-23,33887.16,Fraud Suspected,Won
CB007089,TXN007320,CUST07337,MER04212,2024-09-23,1122.78,Fraud Suspected,Won
CB007090,TXN004307,CUST01887,MER04537,2024-05-11,88.22,Service Not Received,Open
CB007091,TXN003689,CUST07677,MER07305,2024-11-30,320.47,Service Not Received,Won
CB007092,,CUST06123,MER03405,2024-03-28,19613.73,Unauthorized Transaction,Open
CB007093,TXN004000,CUST06623,MER09398,2024-03-25,56126.53,Fraud Suspected,Lost
CB007094,TXN004644,CUST05568,MER05426,2024-05-28,2287.14,Unauthorized Transaction,Under Review
CB007095,TXN001668,CUST00146,MER06921,2024-04-25,4129.9,Product Not Received,Won
CB007096,TXN008092,CUST01934,MER07713,2024-03-28,941.47,Duplicate Charge,Under Review
CB007097,TXN008145,CUST09105,MER06576,2024-11-08,827.4,Unauthorized Transaction,Won
CB007098,TXN004351,CUST03029,MER04755,2024-09-07,947.64,Fraud Suspected,Won
CB007099,TXN006729,CUST09626,MER00366,2025-01-27,18138.55,Fraud Suspected,Won
CB007100,,CUST02937,MER06564,2025-01-28,81234.34,Service Not Received,Open
CB007101,TXN009593,CUST07208,MER04520,2024-02-27,3771.75,Duplicate Charge,
CB007102,TXN005282,CUST05521,MER06078,2024-02-23,83410.69,Duplicate Charge,Won
CB007103,TXN008310,CUST05428,MER08480,2024-03-19,18206.28,Unauthorized Transaction,Lost
CB007104,TXN005333,CUST07004,MER00156,2024-07-25,15402.33,Fraud Suspected,Won
CB007105,TXN004119,CUST07856,MER06418,2024-05-23,13233.84,Service Not Received,Won
CB007106,TXN008860,CUST02039,MER03715,2024-06-08,23702.98,Product Not Received,Open
CB007107,TXN006024,CUST01501,MER00975,2024-09-25,120.59,Duplicate Charge,Open
CB007108,TXN001170,CUST03343,MER02384,2024-03-27,12402.6,Product Not Received,Lost
CB007109,TXN002813,CUST08481,MER08578,2024-09-14,34962.63,Product Not Received,Under Review
CB007110,TXN003601,CUST09163,MER02640,2024-07-19,1718.33,Fraud Suspected,Lost
CB007111,TXN006378,CUST06422,MER00651,2024-06-26,3227.33,Duplicate Charge,Under Review
CB007112,TXN006623,CUST02394,MER00753,2024-11-07,971.92,Service Not Received,Won
CB007113,TXN001858,CUST08350,MER07633,2024-03-04,,Service Not Received,
CB007114,,CUST00614,MER04094,2024-10-06,31970.52,Product Not Received,Won
CB007115,TXN002042,CUST01703,MER01288,2024-08-11,38794.61,Unauthorized Transaction,Under Review
CB007116,TXN004024,CUST06300,MER07628,2024-05-17,1882.25,Unauthorized Transaction,Under Review
CB007117,TXN007829,CUST08197,MER04850,2024-10-21,12003.13,Duplicate Charge,Won
CB007118,TXN007791,CUST03467,MER08888,2024-10-10,90764.69,Fraud Suspected,Won
CB007119,TXN007965,CUST08461,MER02675,2025-01-22,6967.62,Unauthorized Transaction,Won
CB007120,TXN003130,CUST00353,MER04264,2024-07-27,15650.72,Fraud Suspected,Open
CB007121,TXN008268,CUST07827,MER09621,2024-07-21,93526.39,Service Not Received,Won
CB007122,TXN005999,CUST00297,MER07003,2024-12-28,N/A,Service Not Received,Won
CB007123,TXN001776,CUST07525,MER09525,2024-06-19,14234.61,Fraud Suspected,Won
CB007124,TXN004311,CUST02410,MER02315,2024-05-28,13654.38,Product Not Received,Under Review
CB007125,TXN005302,CUST02044,MER05857,2024-04-18,522.48,Product Not Received,Lost
CB007126,TXN003490,CUST09980,MER06592,2024-11-03,485.92,Unauthorized Transaction,Under Review
CB007127,TXN005420,CUST03257,MER01650,,1184.68,Unauthorized Transaction,Under Review
CB007128,TXN009430,CUST09397,MER08733,2024-05-31,2160.65,Service Not Received,Open
CB007129,TXN006539,CUST02321,MER08464,2024-07-08,291.54,Service Not Received,Under Review
CB007130,TXN004255,CUST07770,MER04901,2024-04-21,4815.58,Service Not Received,Won
CB007131,TXN005394,CUST06003,MER00700,2024-07-02,8908.35,Product Not Received,Won
CB007132,TXN005082,CUST03247,UNKNOWN,2024-08-09,61.03,Duplicate Charge,Under Review
CB007133,TXN005280,CUST03700,MER00512,2024-01-20,1252.78,Product Not Received,Won
CB007134,TXN002760,,MER00273,2025-01-05,41344.83,Service Not Received,Open
CB007135,TXN009331,CUST00674,MER03342,2024-08-12,55738.51,Product Not Received,Open
CB007136,TXN005446,CUST01702,MER06035,2025-01-24,50041.5,Duplicate Charge,Under Review
CB007137,TXN009225,CUST07125,MER05789,2024-06-10,72650.97,Fraud Suspected,Lost
CB007138,,CUST06503,MER07048,2025-02-10,89095.7,Unauthorized Transaction,Lost
CB007139,TXN006527,CUST08217,MER08147,2024-11-30,159.22,Product Not Received,Won
CB007140,TXN000726,CUST00461,MER03073,2024-08-13,1080.64,Fraud Suspected,Open
CB007141,TXN006242,CUST04646,MER00240,2024-07-26,8444.57,Service Not Received,Lost
CB007142,TXN001088,CUST04203,MER01661,2025-01-29,6194.48,Product Not Received,Under Review
CB007143,TXN004264,CUST09771,MER07947,2024-09-16,4613.04,Fraud Suspected,
CB007144,TXN005435,CUST04772,MER08110,2024-12-08,3139.31,Duplicate Charge,Won
CB007145,TXN001603,CUST06362,MER00761,2024-05-03,2566.47,Duplicate Charge,Under Review
CB007146,TXN002450,CUST08275,MER00281,2024-03-04,13971.51,Duplicate Charge,Open
CB007147,TXN003332,CUST05556,MER09687,2024-05-30,282.66,Fraud Suspected,Under Review
CB007148,TXN003938,CUST03200,MER05593,2024-02-27,221.24,Unauthorized Transaction,Open
CB007149,TXN000798,CUST00283,MER04582,2025-01-22,4926.51,Product Not Received,Won
CB007150,TXN004974,CUST02895,MER03928,2024-06-04,2664.9,Unauthorized Transaction,Open
CB007151,TXN004528,CUST04638,MER03889,2024-09-08,59813.79,Fraud Suspected,Open
CB007152,TXN008702,CUST09726,MER08740,2024-09-02,1785.86,Service Not Received,Won
CB007153,TXN006754,CUST00607,MER02075,2024-10-26,98406.94,Unauthorized Transaction,Won
CB007154,,CUST02306,MER04527,2024-12-06,1773.6,Fraud Suspected,Won
CB007155,TXN006124,CUST01377,MER06495,2024-12-06,35935.16,Duplicate Charge,Lost
CB007156,TXN005981,CUST01091,MER05523,2024-05-30,787.58,Service Not Received,Open
CB007157,TXN009146,CUST05505,MER04260,2024-12-21,875.43,Duplicate Charge,Under Review
CB007158,TXN003797,CUST00134,MER04655,2024-11-30,85498.14,Service Not Received,Lost
CB007159,,CUST06981,MER07962,2024-09-22,9592.77,Product Not Received,Open
CB007160,TXN008028,CUST07634,MER03784,2024-03-20,3145.25,Duplicate Charge,Lost
CB007161,TXN006309,CUST07745,MER06840,2024-06-28,6732.07,,Open
CB007162,,CUST00129,MER01984,2024-10-04,1849.12,Service Not Received,Lost
CB007163,TXN007753,CUST07907,MER09708,2024-10-09,31641.64,Service Not Received,Under Review
CB007164,TXN009157,,MER06853,2024-12-06,78807.24,Duplicate Charge,Under Review
CB007165,TXN009824,CUST06572,MER09996,2025-02-04,52453.81,Fraud Suspected,Lost
CB007166,TXN003829,CUST08024,MER00392,2025-01-07,78902.32,Product Not Received,Won
CB007167,TXN004564,CUST06024,MER04472,2024-01-13,30135.47,Service Not Received,Open
CB007168,TXN001416,CUST01593,MER01614,2024-07-03,1658.86,Product Not Received,Open
CB007169,TXN000122,CUST04243,MER06379,2024-11-04,9172.45,Product Not Received,Under Review
CB007170,TXN007774,CUST03901,MER04670,2024-05-28,32526.25,Service Not Received,Under Review
CB007171,TXN001958,CUST07529,MER08238,2024-11-27,1138.52,Fraud Suspected,Lost
CB007172,TXN003347,CUST08369,MER00332,2024-06-16,592.04,Product Not Received,Open
CB007173,TXN007827,CUST09773,MER07525,2024-12-27,708.88,,Under Review
CB007174,TXN000854,CUST04751,MER08729,2024-06-15,60427.44,Product Not Received,Under Review
CB007175,TXN009575,CUST02463,MER06149,2024-11-25,1141.81,Unauthorized Transaction,Won
CB007176,TXN004805,CUST00601,MER02481,2024-09-08,844.56,Duplicate Charge,Open
CB007177,TXN002537,CUST07974,MER08047,2024-08-19,79.17,Product Not Received,Lost
CB007178,TXN002515,CUST01684,MER04697,2024-09-02,86400.82,Fraud Suspected,Won
CB007179,TXN006501,CUST06247,MER09647,2024-09-15,6891.83,Product Not Received,Open
CB007180,TXN003941,CUST03506,MER09141,2024-04-12,19170.88,Product Not Received,Under Review
CB007181,TXN003062,CUST03563,MER06960,2024-07-31,11165.06,Fraud Suspected,Won
CB007182,,CUST07845,MER07576,2024-11-17,26928.09,Service Not Received,Open
CB007183,TXN007442,CUST00472,MER08855,2024-09-28,78.25,Service Not Received,Under Review
CB007184,TXN004940,CUST04140,MER02017,2025-01-07,5834.66,Unauthorized Transaction,Under Review
CB007185,TXN005774,CUST07017,MER02352,2024-05-06,9413.66,Service Not Received,Lost
CB007186,UNKNOWN,CUST06577,MER08466,2024-06-18,91341.44,Unauthorized Transaction,Open
CB007187,TXN002875,CUST07130,MER09968,2024-10-12,13531.02,Product Not Received,Open
CB007188,TXN007131,CUST09172,MER02008,2024-05-24,6576.13,Duplicate Charge,Lost
CB007189,TXN001337,CUST01607,MER07937,2024-12-04,1919.64,Duplicate Charge,Open
CB007190,TXN003028,CUST04394,MER09979,2025-01-05,18332.72,Product Not Received,Under Review
,TXN006285,CUST02273,MER09222,2024-06-21,81.85,Service Not Received,Under Review
CB007192,TXN000346,CUST00319,MER01057,2024-07-22,122.08,Fraud Suspected,Lost
CB007193,TXN004873,CUST03730,MER00569,2024-10-20,14985.2,Duplicate Charge,Open
CB007194,TXN002329,CUST08498,,2024-08-22,1515.88,Product Not Received,Won
CB007195,TXN003878,CUST06411,,2024-04-03,1434.76,Unauthorized Transaction,Under Review
CB007196,TXN005656,CUST03140,MER04061,2024-03-15,63335.64,Product Not Received,Open
CB007197,TXN000761,CUST08353,MER06390,2024-12-26,91005.38,Service Not Received,Open
CB007198,TXN000446,CUST09385,MER09357,2024-06-04,64.04,Service Not Received,Under Review
CB007199,TXN008784,CUST00870,MER06550,2024-09-27,65765.6,Product Not Received,Won
CB007200,TXN007543,CUST03703,MER06080,2024-10-06,1159.07,Fraud Suspected,Lost
CB007201,TXN005346,CUST09542,MER00652,2025-01-18,15566.67,Unauthorized Transaction,Open
CB007202,TXN008441,CUST00847,MER05900,2024-10-05,38716.29,Service Not Received,Under Review
CB007203,TXN000753,CUST07452,MER05200,2024-07-31,25191.67,Unauthorized Transaction,Lost
CB009766,TXN003940,CUST02604,MER01797,2024-04-21,3757.26,Unauthorized Transaction,Open
CB007205,TXN003929,CUST05864,MER07925,2025-01-26,51839.91,Product Not Received,Open
CB007206,TXN001286,CUST09478,MER04948,2024-06-19,1796.29,Duplicate Charge,Open
CB007207,TXN007199,CUST03979,MER09284,2024-06-15,2066.3,Product Not Received,Won
CB007208,TXN006509,CUST00071,MER05923,2024-07-06,1977.83,Product Not Received,Under Review
CB007209,TXN008351,CUST05523,MER05629,2024-07-04,40843.8,Product Not Received,Open
CB007210,,CUST02409,UNKNOWN,2024-11-29,22159.31,Duplicate Charge,Open
CB007211,TXN000291,CUST06368,MER00327,2024-05-05,8789.66,Duplicate Charge,Open
CB007212,TXN002118,CUST02714,MER01632,2024-06-11,114239.32,Duplicate Charge,Won
CB007213,TXN003474,CUST04292,MER03898,2024-10-02,13485.06,Fraud Suspected,Under Review
CB007214,TXN002074,CUST03194,MER05061,2025-01-12,82829.3,Fraud Suspected,Lost
CB007215,TXN008063,CUST09409,MER00903,2024-10-01,74124.8,Duplicate Charge,Under Review
CB007216,TXN004583,CUST09211,MER04320,2024-11-12,67162.67,,Under Review
CB007217,TXN008275,CUST06615,MER07168,2024-09-11,38539.21,Duplicate Charge,Open
CB007218,TXN004759,CUST05472,MER09179,2024-07-17,1420.1,Unauthorized Transaction,Open
CB007219,TXN006958,CUST02262,MER01869,2024-07-31,1543.99,Service Not Received,Under Review
CB007220,TXN006903,CUST04184,MER05438,2024-03-30,N/A,Duplicate Charge,Lost
CB007221,TXN005497,CUST05604,MER06869,2025-01-03,7897.72,Product Not Received,
CB007222,TXN004251,CUST03287,MER02847,2024-05-27,69995.67,Duplicate Charge,Open
CB007223,TXN004910,CUST03308,MER04219,2024-09-25,86330.17,Unauthorized Transaction,Under Review
CB007224,TXN002941,CUST04027,MER03364,2024-08-28,79781.87,Service Not Received,Open
CB007225,TXN001975,CUST02693,MER08082,2024-10-16,35753.39,Service Not Received,Under Review
CB007226,TXN000528,CUST00199,MER01795,2024-10-20,59620.51,Service Not Received,Open
CB007227,TXN001689,CUST05514,MER07041,2024-10-30,9847.92,Unauthorized Transaction,Open
CB007228,TXN002373,CUST03016,MER02742,2024-04-27,16204.83,Duplicate Charge,Lost
CB007229,TXN004985,CUST02162,MER08044,2025-01-11,20404.58,Service Not Received,Lost
CB007230,TXN002610,CUST03961,MER09514,2024-10-13,66245.3,Product Not Received,Under Review
CB007231,TXN002120,CUST01467,MER05457,2024-10-27,,Product Not Received,Won
CB007232,TXN002170,CUST02045,MER05966,2025-02-04,2993.35,,Lost
CB007233,TXN006746,CUST09413,MER00878,2024-12-18,49186.9,Unauthorized Transaction,Won
CB007234,TXN009016,CUST00840,MER00297,2024-09-16,530.85,Unauthorized Transaction,Open
CB007235,TXN001074,CUST03325,MER00054,2024-09-29,38061.11,Product Not Received,Lost
CB007236,TXN000919,CUST01950,MER01564,2024-07-21,833.22,Fraud Suspected,Lost
CB007237,TXN009849,CUST07300,MER01017,2024-05-22,96328.31,Product Not Received,Won
CB007238,TXN007450,CUST01768,MER00612,2024-06-01,197.08,Unauthorized Transaction,Open
CB007239,TXN009463,CUST08086,MER01567,2024-11-06,48109.2,Unauthorized Transaction,Won
CB007240,TXN009143,CUST08851,MER07472,2024-12-26,15961.04,Fraud Suspected,Under Review
CB007241,TXN005988,CUST05401,MER01998,2024-12-04,524.02,Product Not Received,Under Review
CB007242,TXN007797,CUST05511,MER03151,2024-11-26,12163.12,Product Not Received,Open
CB007243,TXN005487,CUST03437,MER09506,2024-07-31,94632.13,Fraud Suspected,Under Review
CB007244,TXN005453,CUST05330,MER04282,2024-06-09,59892.97,Duplicate Charge,Open
CB007245,TXN002568,CUST07190,MER05738,2024-03-14,939.82,Unauthorized Transaction,Won
CB007246,TXN008391,CUST08691,MER03151,2024-05-16,18213.34,Fraud Suspected,Under Review
CB007247,TXN001571,CUST01212,MER05570,2024-06-26,,Duplicate Charge,Open
CB007248,TXN009316,CUST03227,MER07376,2024-11-22,336.18,Product Not Received,Under Review
CB007249,TXN001827,CUST03684,MER05014,2024-03-25,8819.22,Duplicate Charge,Open
CB007250,TXN002719,CUST09218,MER05973,2024-09-04,1360.58,Fraud Suspected,Won
CB007251,TXN004897,CUST03899,MER09953,2024-08-29,6304.97,Fraud Suspected,Lost
CB007252,TXN006248,CUST05074,MER00573,2024-12-16,14822.54,Unauthorized Transaction,Won
CB007253,TXN002467,CUST05575,MER00692,2024-09-01,7920.92,Service Not Received,Lost
CB007254,TXN004608,CUST07663,MER07450,2024-06-10,13837.85,Duplicate Charge,Won
CB007255,TXN007927,CUST01822,MER00168,2024-11-13,15593.83,Fraud Suspected,Open
CB007256,TXN008889,CUST00657,MER05832,2024-10-23,68502.36,Duplicate Charge,Under Review
CB007257,TXN000762,CUST03824,MER03565,2024-03-13,22052.34,Unauthorized Transaction,Open
CB007258,TXN006072,CUST04301,MER04774,2024-12-07,28918.62,Product Not Received,Under Review
CB007259,TXN002227,CUST09229,MER01343,2024-06-15,924.75,,Lost
CB007260,TXN000929,CUST07959,MER03393,2024-05-14,4897.53,Product Not Received,Lost
CB007261,TXN002965,CUST02666,MER04698,2024-08-31,4933.96,Service Not Received,Lost
CB007262,TXN003683,CUST01636,MER07824,2025-02-19,22979.85,Service Not Received,Under Review
CB007263,TXN004921,CUST00333,MER09678,2024-09-03,549.66,Service Not Received,Lost
CB007264,TXN008730,CUST02766,MER03024,2024-04-17,13912.33,Fraud Suspected,Lost
CB007265,TXN000512,CUST00327,MER04739,,64928.52,Product Not Received,Under Review
,TXN008110,CUST09184,MER00122,2024-07-11,29027.32,Service Not Received,Open
CB007267,TXN004854,CUST04684,MER05749,2024-07-12,9007.16,Unauthorized Transaction,Under Review
CB007268,TXN000621,CUST06191,MER05924,2024-10-21,906.84,Service Not Received,Open
CB007269,TXN009375,CUST03570,MER09031,2024-09-11,9646.52,Service Not Received,Under Review
CB007270,TXN003296,CUST07224,MER06382,2024-11-08,81869.88,Unauthorized Transaction,Open
CB007271,TXN009918,CUST05892,MER06738,2024-12-18,1778.84,Product Not Received,Under Review
CB007272,,CUST07457,MER00145,2024-09-13,5335.27,Fraud Suspected,Open
CB007273,TXN000840,CUST05410,MER01592,2024-11-03,701.51,Duplicate Charge,Under Review
CB007274,TXN006480,CUST08596,MER01206,2024-10-04,3953.49,Product Not Received,Under Review
CB007275,TXN008583,CUST06076,MER05833,2024-08-08,18260.98,Duplicate Charge,Open
CB007276,TXN004250,CUST04727,MER07381,2024-04-05,17093.2,Duplicate Charge,Open
CB007277,TXN001465,CUST08207,MER04361,2024-03-09,5447.04,Duplicate Charge,Under Review
CB007278,TXN000600,CUST06992,MER08872,2024-01-23,178.49,Duplicate Charge,Under Review
CB007279,TXN000030,CUST04512,MER06843,2024-05-09,5312.64,Fraud Suspected,Lost
CB007280,TXN003646,CUST09749,MER07483,2024-10-28,905.05,Service Not Received,Lost
CB007281,TXN003570,CUST09096,MER03840,2024-06-23,245.06,Fraud Suspected,Open
CB007282,TXN009605,CUST00717,MER09226,2024-08-03,6541.84,Duplicate Charge,Under Review
CB007283,TXN003195,CUST01163,MER02235,2024-04-13,92901.9,Unauthorized Transaction,Lost
CB007284,TXN009053,CUST05487,MER01896,2024-05-25,62.01,Service Not Received,Won
CB007285,TXN002354,CUST02976,MER03272,2024-06-23,111.92,Duplicate Charge,Won
CB007286,TXN003538,CUST02608,MER09120,2024-12-01,6567.56,Product Not Received,Open
CB007287,TXN003404,CUST06104,MER07226,2024-12-28,8431.74,Fraud Suspected,Won
CB007288,TXN009059,CUST09274,MER04513,2024-04-13,6537.21,Fraud Suspected,Under Review
CB007289,TXN002323,CUST09843,MER08166,2025-01-10,384.88,Product Not Received,Under Review
CB007290,TXN004178,CUST08349,MER00681,2024-08-22,19758.8,Service Not Received,Lost
CB007291,TXN004066,CUST05180,MER08682,2024-03-25,88126.84,Service Not Received,Won
CB007292,TXN000034,CUST05260,MER01192,2024-10-04,61541.1,,Open
CB007293,TXN006148,CUST03940,MER06109,2024-06-20,316.27,Service Not Received,Open
CB007294,TXN007361,CUST01194,MER05088,2024-05-20,4427.44,Service Not Received,Lost
CB007295,TXN008286,CUST09958,MER04204,2024-11-24,35914.14,Fraud Suspected,Won
CB007296,TXN000268,CUST04278,MER07571,2024-10-19,2267.81,Product Not Received,Under Review
CB007297,TXN006042,CUST01350,MER00933,2024-05-14,10772.5,Unauthorized Transaction,Won
CB007298,TXN009647,CUST06520,MER03436,2024-06-08,63312.91,Unauthorized Transaction,Lost
CB007299,TXN005967,CUST00972,MER00379,2025-01-10,4464.04,Product Not Received,Under Review
CB007300,TXN001161,CUST08511,MER00492,2024-11-27,12928.98,Fraud Suspected,Lost
CB007301,TXN003002,CUST02019,MER03801,2024-10-12,13156.92,Service Not Received,Open
CB007302,TXN009456,CUST01663,MER08241,2024-10-21,16006.88,Duplicate Charge,Lost
CB007303,TXN002622,CUST05447,MER08802,2024-08-25,335.53,Service Not Received,Won
CB007304,TXN005387,CUST02291,MER03289,2024-06-20,14344.62,Duplicate Charge,Won
CB007305,TXN000837,CUST08620,MER05116,2024-04-11,30427.46,Service Not Received,Open
CB007306,TXN006621,CUST00209,MER06059,2024-08-31,1248.9,Fraud Suspected,Won
CB007307,TXN002619,CUST04432,MER03361,2024-11-19,30096.22,Service Not Received,Won
CB007308,TXN002571,CUST06588,MER05536,2024-07-04,10746.8,Unauthorized Transaction,Won
CB007309,TXN004099,CUST08259,MER09785,2024-07-27,1493.44,Fraud Suspected,Under Review
CB007310,TXN005190,CUST04458,MER00188,2024-10-06,1205.2,,Under Review
CB007311,TXN007143,CUST07857,MER01305,2025-01-06,247.07,Service Not Received,Won
CB007312,TXN001107,CUST06179,MER09222,2024-06-08,108811.77,Product Not Received,Won
CB007313,TXN001537,CUST00257,MER03321,2024-11-07,1113.57,Duplicate Charge,Lost
CB007314,TXN005160,CUST00037,MER01663,2024-12-18,62739.0,Service Not Received,Under Review
CB007315,TXN007840,CUST06759,MER04858,2024-05-23,12478.71,Unauthorized Transaction,
CB007316,TXN008400,CUST02967,MER02335,2025-01-02,8420.52,Product Not Received,Won
CB007317,TXN007507,CUST06151,MER05263,2024-08-08,937.63,Service Not Received,Under Review
CB007318,TXN001251,CUST05755,MER01581,2024-10-24,700.76,Service Not Received,Open
CB007319,TXN005049,CUST05095,MER08786,2025-02-01,1892.51,Service Not Received,Lost
CB007320,TXN001810,CUST06569,MER02178,2024-10-09,182.22,Fraud Suspected,Won
,TXN007500,CUST09585,MER08636,2024-04-08,1977.13,Unauthorized Transaction,Open
CB007322,TXN005212,CUST08136,MER01479,2024-12-15,87495.57,Product Not Received,Open
CB007323,TXN005786,CUST00441,MER02771,2024-06-12,221.71,Product Not Received,Under Review
CB007324,TXN008112,CUST09986,MER00451,2024-04-04,68440.25,Product Not Received,Won
CB007325,TXN007999,CUST07753,MER06401,2024-06-03,87170.41,Fraud Suspected,Under Review
CB007326,TXN003349,CUST03713,MER06379,2024-07-14,17526.45,Fraud Suspected,Open
,TXN008312,,MER00958,2024-01-20,113378.84,Duplicate Charge,Open
CB007328,TXN001613,CUST01785,MER01508,2024-04-15,2178.73,Fraud Suspected,
CB007329,TXN002284,CUST01764,MER00092,2024-11-13,2650.02,Product Not Received,Lost
CB007330,TXN008245,CUST08994,MER00269,2024-08-15,9273.32,Service Not Received,Open
CB007331,TXN006850,CUST08773,MER04116,2025-01-18,1656.14,Duplicate Charge,Won
CB007332,TXN005506,CUST07041,MER06152,2024-10-31,54037.32,Duplicate Charge,Won
CB007333,TXN008322,CUST07127,MER06342,2024-05-09,48034.76,Service Not Received,Open
CB007334,TXN003749,CUST00904,MER03379,2024-10-17,25078.84,Unauthorized Transaction,Under Review
CB007335,,CUST03467,MER08888,2024-08-18,90764.69,Product Not Received,Open
CB007336,TXN007662,CUST08812,MER07270,2025-01-06,1343.78,Fraud Suspected,Won
CB007337,TXN008312,CUST06495,MER00958,2024-03-01,113378.84,Fraud Suspected,Won
CB007338,TXN005701,CUST00883,MER00487,2024-08-08,16071.98,Fraud Suspected,Open
CB007339,TXN009821,CUST01648,MER01907,2024-07-09,N/A,Service Not Received,Under Review
CB007340,TXN005482,CUST05161,MER04744,2024-10-09,,Duplicate Charge,Under Review
CB007341,TXN005522,CUST00154,MER08183,2024-03-12,98756.49,Fraud Suspected,Lost
CB007342,TXN000285,CUST08963,MER04591,2024-01-20,97590.6,Fraud Suspected,Won
,TXN002363,CUST01333,MER01032,2025-01-18,881.34,Unauthorized Transaction,Lost
CB007344,TXN005621,CUST03727,MER01290,2024-04-17,41451.55,Duplicate Charge,Under Review
CB007345,TXN005937,CUST00252,MER02147,2024-08-05,688.41,Unauthorized Transaction,Lost
CB007346,TXN006060,CUST05934,MER03597,2024-04-08,N/A,Unauthorized Transaction,Under Review
CB007347,TXN008791,CUST08839,MER05743,2024-05-27,68277.89,Duplicate Charge,Open
CB007348,TXN002377,CUST02836,MER02974,2025-02-17,1937.05,Unauthorized Transaction,Won
CB007349,TXN002706,CUST08812,MER07771,2024-11-06,17513.68,Unauthorized Transaction,Lost
CB007350,TXN007853,CUST07753,MER07199,2024-02-03,8389.7,Product Not Received,Lost
CB007351,TXN007214,CUST01833,MER00444,2024-09-10,253.84,Duplicate Charge,Under Review
CB007352,TXN001053,CUST01901,MER09279,,1240.61,Unauthorized Transaction,Won
CB007353,TXN005662,CUST04784,MER02495,2024-02-25,17755.37,Product Not Received,Open
CB007354,TXN008524,CUST09722,MER07835,2024-12-09,1480.73,Unauthorized Transaction,Open
CB007355,TXN008249,CUST07308,MER06911,2024-10-25,53556.58,Unauthorized Transaction,Under Review
CB007356,TXN002179,CUST00858,MER04140,2024-08-27,25071.96,Fraud Suspected,Under Review
CB007357,TXN005950,CUST07779,MER04731,2024-06-06,31048.8,Duplicate Charge,Lost
CB007358,TXN005887,CUST03503,MER03102,2024-08-11,3918.81,Product Not Received,Under Review
CB007359,TXN004008,CUST00631,MER03151,2024-03-07,3637.34,Duplicate Charge,Under Review
CB007360,TXN007687,CUST04958,MER05749,2024-05-14,21902.28,Duplicate Charge,Open
CB007361,TXN003128,CUST07735,MER01077,2024-09-10,4616.4,Unauthorized Transaction,Lost
CB007362,TXN004631,CUST09860,MER02727,2024-06-30,1294.48,Product Not Received,Under Review
CB007363,TXN004938,CUST07788,UNKNOWN,2025-01-16,933.57,Service Not Received,Open
CB007364,TXN005090,CUST02202,MER02466,2024-07-08,14435.54,Unauthorized Transaction,Under Review
CB007365,TXN007601,CUST05114,MER04454,2024-07-01,343.3,Product Not Received,Lost
CB007366,TXN001935,CUST05118,MER03502,2024-12-12,3965.33,Unauthorized Transaction,Open
CB007367,TXN001731,CUST01953,MER04919,2024-06-05,2477.56,Unauthorized Transaction,Lost
CB007368,TXN006686,,MER02466,2024-09-29,1149.92,Unauthorized Transaction,Under Review
CB007369,TXN008097,CUST08805,MER03930,2024-02-18,498.11,Product Not Received,Lost
CB007370,TXN002034,CUST09030,MER07369,2025-01-01,4764.68,Service Not Received,Won
CB007371,TXN000033,CUST03119,MER09461,2024-11-28,42755.0,Unauthorized Transaction,Won
CB007372,TXN003759,CUST08619,MER06301,2024-04-12,5766.82,Service Not Received,Open
CB007373,TXN001413,CUST05599,MER03543,2024-05-19,368.38,Unauthorized Transaction,Under Review
CB007374,TXN004083,CUST01839,MER05348,2024-10-21,16051.04,Duplicate Charge,Won
CB007375,TXN005483,CUST08275,MER09754,2024-05-01,63033.7,Fraud Suspected,Won
CB007376,TXN004546,CUST02550,MER09579,2024-05-13,18140.84,Product Not Received,Lost
CB007377,TXN007728,CUST09628,MER02186,,102.28,Product Not Received,Under Review
CB007378,TXN005669,CUST03220,MER00222,2024-06-23,38678.59,Unauthorized Transaction,Under Review
CB007379,TXN001787,CUST02063,MER08287,2024-02-29,1062.09,Fraud Suspected,Lost
CB007380,TXN008638,CUST08862,MER09578,2024-07-19,17525.4,Duplicate Charge,Under Review
CB007381,TXN007901,CUST00094,MER05436,2024-02-17,43392.52,Product Not Received,Open
CB007382,TXN007196,CUST07799,MER03097,2024-02-12,1697.56,,Under Review
CB007383,TXN007295,CUST06127,MER04122,2024-04-02,1540.71,Duplicate Charge,Under Review
CB007384,TXN009389,CUST02849,MER09835,2024-10-22,27238.3,Unauthorized Transaction,Under Review
CB007385,,CUST02462,MER09380,2024-08-20,10414.51,Duplicate Charge,Lost
CB007386,TXN007799,CUST07832,MER05302,2024-04-13,1224.92,Unauthorized Transaction,Won
CB007387,TXN003167,CUST03154,MER09229,2024-05-18,921.55,Service Not Received,Under Review
CB007388,TXN000387,CUST06815,MER03306,2024-03-28,8614.52,Service Not Received,Open
CB000184,TXN002735,CUST05208,MER06124,2024-05-16,34804.21,Unauthorized Transaction,Open
CB007390,TXN006773,CUST02578,MER04734,2025-01-06,1495.17,Fraud Suspected,Won
CB007391,TXN009121,CUST05139,MER01524,2024-09-04,61079.48,Product Not Received,Open
CB007392,TXN000215,CUST01427,MER06190,2024-10-17,,Fraud Suspected,Under Review
CB007393,TXN006381,CUST02744,MER08514,2024-02-22,1789.1,Duplicate Charge,Lost
CB007394,TXN004249,CUST09996,MER07061,2024-12-14,25324.78,Fraud Suspected,Open
CB007395,TXN005286,CUST07027,MER04841,2024-02-03,6076.75,Product Not Received,Under Review
CB007396,TXN008133,CUST08985,MER06253,2024-05-05,4626.69,Product Not Received,Won
CB007397,TXN001030,CUST06290,MER00328,2024-04-06,74541.55,Fraud Suspected,Lost
CB007398,TXN004091,CUST04865,MER01345,2024-09-17,48213.22,Unauthorized Transaction,Under Review
CB007399,TXN007467,CUST04912,MER02368,2024-07-12,474.44,Unauthorized Transaction,Won
CB007400,TXN000470,CUST09785,MER08388,,94.32,Unauthorized Transaction,Lost
CB007401,TXN002044,CUST06708,MER03684,2024-07-12,37861.94,Product Not Received,Under Review
CB007402,TXN005938,CUST04951,MER08296,2024-04-27,9682.24,Service Not Received,Under Review
CB007403,TXN008257,CUST07437,MER08746,2024-08-23,33185.34,Duplicate Charge,Won
CB007404,TXN001927,CUST08625,MER02426,2024-11-17,48930.2,Service Not Received,Open
CB007405,TXN007394,CUST09555,MER07375,2024-10-11,99250.0,Fraud Suspected,Under Review
CB007406,TXN005114,CUST02570,MER05216,2024-08-06,7767.91,Fraud Suspected,Lost
CB007407,TXN008983,CUST06616,MER00129,2024-04-04,11305.57,Duplicate Charge,Open
CB007408,TXN007324,CUST01574,MER01136,2024-06-02,64417.03,Fraud Suspected,Won
CB007409,TXN006344,CUST09196,MER05961,2024-12-06,95007.11,Duplicate Charge,Open
CB007410,TXN005143,CUST00941,,2025-02-07,182.0,Fraud Suspected,Open
CB007411,,CUST07530,MER04374,2024-03-20,87.72,Duplicate Charge,Under Review
CB007412,TXN000973,CUST08412,MER02595,2024-09-23,1684.51,Unauthorized Transaction,Lost
CB007413,TXN005283,CUST05628,MER05537,2024-12-22,5918.03,Service Not Received,Open
CB007414,TXN002642,CUST06688,MER09277,2024-05-07,48066.76,Duplicate Charge,Under Review
CB007415,TXN002218,CUST02232,MER06602,2024-07-05,,Product Not Received,Open
CB007416,TXN007145,CUST08317,MER04211,2024-02-08,757.28,Duplicate Charge,Won
CB007417,TXN005232,CUST05820,MER02083,2024-04-05,14801.73,Duplicate Charge,Under Review
CB007418,TXN004754,CUST07723,MER06797,2025-01-03,11252.03,Service Not Received,Under Review
CB007419,TXN009197,CUST03652,MER07842,2024-04-11,349.76,Duplicate Charge,Lost
CB007420,TXN003623,CUST06172,MER06695,,13234.18,Duplicate Charge,Under Review
CB007421,TXN006333,CUST01550,MER02752,2024-10-11,46244.51,Duplicate Charge,Won
CB007422,TXN005308,CUST07845,MER04692,2024-08-12,1108.1,Duplicate Charge,Won
CB007423,TXN005155,CUST04472,MER08813,2024-11-02,1584.78,Service Not Received,Won
CB007424,TXN001704,CUST01932,MER04395,2024-09-22,963.98,Duplicate Charge,Won
CB007425,,CUST07030,MER06283,2024-02-19,12047.64,Fraud Suspected,Open
CB007426,TXN005212,CUST08136,MER01479,2024-11-30,43747.78,Fraud Suspected,Lost
CB007427,TXN009454,CUST02360,MER03007,2024-10-11,1526.36,Fraud Suspected,Open
CB007428,TXN009743,CUST05043,MER02107,2024-12-17,16635.24,Duplicate Charge,Won
CB007429,TXN006889,CUST09219,MER03338,2024-02-29,480.22,Service Not Received,Under Review
CB007430,TXN007244,CUST01007,MER03127,2024-10-28,27348.42,Unauthorized Transaction,Lost
CB007431,TXN001479,CUST00015,MER09511,2024-05-07,10161.61,Product Not Received,Lost
CB007432,TXN006003,CUST04638,MER08300,2024-02-28,104974.74,Duplicate Charge,Won
CB007433,TXN006592,CUST03849,MER03668,2024-07-08,4675.76,Product Not Received,Open
CB007434,TXN001752,CUST09655,MER03878,2024-09-22,61709.47,Fraud Suspected,Under Review
CB007435,TXN007222,CUST06944,MER02027,2024-11-26,4739.63,Fraud Suspected,Won
CB007436,TXN006096,CUST03344,MER02005,2024-02-29,104.27,Product Not Received,Open
CB007437,TXN005733,CUST03706,MER06967,2024-11-06,21616.85,Duplicate Charge,Won
CB007438,TXN008481,CUST03514,MER05563,2024-07-18,1681.98,Service Not Received,Won
CB007439,TXN001888,CUST05773,MER08398,2024-02-14,810.89,Unauthorized Transaction,Under Review
CB007440,TXN000660,CUST02214,MER06812,2024-03-10,42968.85,Duplicate Charge,Open
CB007441,TXN001982,CUST03708,,2024-04-04,1652.81,Duplicate Charge,Won
CB007442,TXN003286,CUST01851,MER05657,2024-03-15,19556.1,Duplicate Charge,Open
CB007443,TXN004490,CUST01404,MER00932,2024-09-13,1931.28,Fraud Suspected,Won
CB007444,TXN002630,,MER02999,2024-08-04,41564.14,Fraud Suspected,Lost
CB007445,TXN000387,CUST06815,MER03306,2024-03-25,8614.52,Service Not Received,Lost
CB007446,TXN008731,CUST03095,MER04237,2024-07-14,96.24,Fraud Suspected,Won
CB007447,TXN008281,CUST05106,MER02598,2024-05-08,4690.12,Unauthorized Transaction,Under Review
CB007448,TXN009543,CUST05942,MER07201,2024-10-03,13954.09,Unauthorized Transaction,Open
CB007449,TXN008384,CUST09083,MER08256,2024-11-11,403.44,Duplicate Charge,Lost
CB007450,TXN003877,CUST04386,,2024-12-31,660.3,Duplicate Charge,Open
CB007451,TXN005828,CUST09711,MER09702,2024-08-28,5895.64,Fraud Suspected,Lost
CB007452,TXN002388,CUST09682,MER02723,2024-03-15,5507.47,Unauthorized Transaction,Lost
CB007453,,CUST09327,MER03883,2024-02-26,21951.54,Unauthorized Transaction,Open
CB007454,TXN007804,CUST01939,MER00268,2024-04-17,14035.62,Unauthorized Transaction,Under Review
CB007455,TXN003893,CUST04406,MER07851,2024-12-03,56830.21,Service Not Received,Open
CB007456,TXN003322,CUST04660,MER08375,2024-04-13,8385.89,Service Not Received,Open
CB007457,TXN001210,CUST07664,MER04330,2025-02-05,46696.17,Fraud Suspected,Won
CB007458,TXN007012,CUST06358,MER08295,2024-04-12,874.45,Unauthorized Transaction,Lost
CB007459,TXN008802,CUST09880,MER05123,2024-02-05,22797.86,Duplicate Charge,Lost
CB007460,TXN006233,CUST03500,,2024-04-30,44168.81,Fraud Suspected,Lost
CB007461,TXN004031,CUST01673,MER03064,2024-10-01,422.36,Product Not Received,Under Review
,,CUST08907,,2024-03-14,2415.64,Product Not Received,Won
CB007463,TXN001880,CUST03047,MER05085,2025-01-20,401.14,Service Not Received,Lost
CB007464,TXN003315,CUST02770,MER02852,2024-09-09,373.87,Duplicate Charge,Open
CB007465,TXN002249,CUST06111,MER06235,2024-10-03,82022.78,Product Not Received,Won
CB007466,TXN008030,CUST00775,MER07027,2024-11-23,11331.25,Unauthorized Transaction,Under Review
CB007467,TXN000066,CUST04126,MER00754,2024-12-31,22115.75,Unauthorized Transaction,Open
CB007468,TXN006149,CUST06592,MER05473,2024-03-24,14520.49,Fraud Suspected,Lost
CB007469,TXN001470,CUST08845,MER03094,2024-10-25,873.98,Duplicate Charge,Won
CB007470,TXN004491,CUST01954,MER08588,2024-12-25,102234.24,Service Not Received,Open
CB007471,TXN005842,CUST03589,MER03632,2024-12-26,1868.89,Unauthorized Transaction,Lost
CB007472,TXN002870,CUST06528,MER01572,2024-12-11,4648.04,Product Not Received,Won
CB007473,TXN007352,CUST06948,MER04602,2025-01-14,40372.99,Duplicate Charge,Open
CB007474,TXN001740,CUST04501,MER05101,2024-02-22,679.83,Duplicate Charge,Open
CB007475,TXN004994,CUST04797,MER01854,2024-06-26,29774.07,Unauthorized Transaction,Won
CB007476,TXN005987,CUST04413,MER07898,2024-04-16,82781.51,Fraud Suspected,Under Review
CB007477,TXN006153,CUST04523,MER09540,2024-09-13,30548.59,Service Not Received,Lost
CB007478,TXN009300,CUST08701,MER06027,2024-12-29,84262.6,Service Not Received,Won
,TXN005958,CUST08856,MER08195,2024-11-23,5210.46,Fraud Suspected,Lost
CB007480,TXN007149,CUST05865,MER04063,2024-06-05,839.65,Fraud Suspected,Open
CB007481,TXN004104,CUST00059,MER05683,2025-01-15,28305.1,Service Not Received,Open
CB007482,TXN002348,CUST00076,MER02386,2024-02-16,93651.72,Service Not Received,Open
CB007483,TXN004966,CUST05926,MER09673,2024-09-26,34699.75,Unauthorized Transaction,Under Review
CB007484,TXN000302,CUST04972,MER01567,2024-11-24,22263.8,Fraud Suspected,Open
CB007485,TXN003172,CUST04636,MER01058,2024-03-17,14115.67,Fraud Suspected,Open
CB007486,TXN002593,CUST08656,MER05552,2024-07-20,1343.9,Unauthorized Transaction,Open
CB007487,TXN005603,CUST03759,MER08893,2024-07-06,97091.72,Unauthorized Transaction,Lost
CB007488,TXN001895,CUST08724,MER01068,2024-03-27,29114.75,Fraud Suspected,Won
CB007489,TXN000464,CUST00666,MER08810,2024-06-18,3418.14,Product Not Received,Under Review
CB007490,TXN008094,CUST09387,MER05855,2024-10-18,986.98,Product Not Received,Won
,TXN007884,CUST03538,MER08943,2024-07-13,38741.02,Unauthorized Transaction,Open
CB007492,TXN000760,CUST06639,MER05654,2024-03-29,52074.85,,Under Review
CB007493,TXN008614,CUST05307,MER07276,2024-08-16,1326.28,Service Not Received,Lost
CB007494,TXN008139,CUST07974,MER09402,2024-06-18,19514.85,Fraud Suspected,Under Review
CB007495,TXN005705,CUST05944,MER07118,2024-12-21,263.94,Product Not Received,Won
CB007496,TXN008065,CUST05699,MER09381,2024-08-08,79327.95,Duplicate Charge,Lost
CB007497,TXN000469,CUST00265,MER08280,2024-04-03,15368.83,Fraud Suspected,Under Review
CB007498,TXN004447,CUST03970,MER09919,2024-07-20,16843.81,Product Not Received,Won
CB007499,TXN005217,CUST02536,MER00827,2024-09-02,99116.59,Unauthorized Transaction,Under Review
CB007500,TXN003247,CUST07560,MER00659,2025-02-03,949.38,Service Not Received,Lost
CB007501,TXN009924,CUST07672,MER01962,2024-09-14,39300.59,Duplicate Charge,Open
CB007502,TXN005276,CUST08793,MER07209,2024-08-27,18142.34,Service Not Received,
CB007503,TXN000926,CUST07312,MER06113,2024-03-29,40406.62,Service Not Received,Under Review
CB007504,TXN007615,CUST00256,MER02933,2025-02-13,17964.39,Fraud Suspected,Won
CB006049,TXN004969,CUST01007,MER03251,2024-05-09,11152.73,Fraud Suspected,Under Review
CB007506,TXN008810,CUST03753,MER07497,2024-08-30,805.38,Unauthorized Transaction,Under Review
CB007507,TXN007844,CUST08417,MER05152,2024-10-08,1264.95,Unauthorized Transaction,Open
CB007508,TXN002760,CUST06207,MER00273,2025-02-04,82689.66,Service Not Received,Won
CB007509,TXN008738,CUST02016,MER01068,2024-06-01,974.77,Unauthorized Transaction,Won
CB007510,TXN009745,CUST04838,MER08271,2024-05-29,9809.61,Fraud Suspected,Won
CB007511,TXN005808,CUST00542,MER00038,2024-04-11,85491.18,Fraud Suspected,Won
CB007512,TXN008254,CUST01017,MER04724,2024-02-07,30199.88,Unauthorized Transaction,Open
CB007513,TXN009557,CUST07388,MER02849,2024-09-03,28170.85,Product Not Received,Under Review
CB007514,TXN009443,CUST08348,MER03670,2024-06-11,16387.4,,Open
CB007515,TXN003301,CUST09861,MER05625,2024-06-30,64.15,Unauthorized Transaction,Won
CB007516,TXN001805,CUST08827,MER09255,2024-12-02,13680.19,Service Not Received,Lost
CB007517,TXN007562,CUST00361,MER09963,2024-10-23,51696.15,Unauthorized Transaction,Lost
CB007518,TXN008919,CUST09109,UNKNOWN,2024-06-28,102946.44,Fraud Suspected,Open
CB007519,TXN002636,CUST01610,MER02592,2024-05-09,927.71,Duplicate Charge,Open
CB007520,TXN001616,CUST09424,MER00801,2024-10-08,26777.11,,Open
CB007521,TXN009437,CUST02654,MER01239,2024-05-17,49293.67,Service Not Received,Open
CB007522,TXN002063,CUST01255,MER01300,2025-01-05,63540.1,Fraud Suspected,Lost
CB007523,TXN008455,CUST01751,MER07398,2024-03-14,53225.69,Service Not Received,Under Review
CB007524,TXN006487,CUST08461,MER03675,2024-09-19,1833.24,Service Not Received,Open
CB007525,TXN002166,CUST06436,MER08948,2024-08-14,910.75,Service Not Received,Under Review
CB007526,TXN002548,CUST04368,MER06362,2024-08-11,13785.26,Fraud Suspected,Won
CB007527,TXN004232,CUST04597,MER08173,2024-12-14,59965.19,Service Not Received,Open
CB007528,TXN001676,CUST07507,MER05411,2024-08-04,25087.66,Duplicate Charge,Open
CB007529,TXN002334,CUST04624,MER02019,2024-03-12,18913.1,Unauthorized Transaction,Won
CB007530,TXN005110,CUST02474,MER06805,2025-01-03,9162.29,Service Not Received,Under Review
CB007531,TXN003497,CUST03414,MER04869,2024-11-30,33803.52,Duplicate Charge,Open
CB007532,TXN002668,CUST05313,MER07120,2024-11-05,6066.07,Unauthorized Transaction,Open
,TXN002261,CUST09230,MER04315,2024-10-19,7377.73,Fraud Suspected,Under Review
CB007534,TXN003515,CUST05343,MER06333,2024-10-19,87922.02,Unauthorized Transaction,Open
CB007535,TXN002437,CUST06497,MER04756,2024-02-01,160.27,Product Not Received,Under Review
CB007536,TXN005039,CUST02247,MER01672,2024-11-09,62319.05,Duplicate Charge,Open
CB007537,TXN001263,CUST04212,MER05386,2025-01-21,28760.82,Unauthorized Transaction,Won
CB007538,TXN003139,CUST09924,MER08378,2024-05-03,7890.74,Product Not Received,Won
CB007539,TXN001999,CUST06831,MER02621,2024-07-06,29002.98,Product Not Received,Lost
CB007540,TXN002315,CUST07299,MER03220,2024-02-08,488.38,Service Not Received,Open
CB007541,TXN003958,CUST05281,MER03410,2025-01-03,808.24,Duplicate Charge,Won
CB007542,TXN002283,CUST07677,MER09074,2024-07-12,4775.27,Service Not Received,Under Review
CB007543,TXN001968,CUST08880,MER00266,2024-07-28,81885.12,Product Not Received,Lost
CB007544,TXN008888,CUST09741,MER02603,2024-07-02,1776.78,Unauthorized Transaction,Won
CB007545,TXN001594,CUST01005,MER09549,2024-05-01,327.64,Fraud Suspected,Open
CB007546,TXN004713,CUST05671,MER04916,2024-02-02,1658.2,Product Not Received,Won
CB007547,TXN003253,CUST01370,MER06726,2024-07-03,27044.1,Service Not Received,Open
CB007548,TXN008232,CUST01821,MER05274,2024-03-28,11545.52,Product Not Received,Under Review
CB007549,TXN004988,CUST02472,MER03694,2025-01-28,9476.72,Fraud Suspected,Lost
CB007550,TXN009180,CUST09190,MER07269,2024-08-23,98333.54,Product Not Received,Under Review
CB007551,TXN000480,CUST06732,MER00424,2024-02-18,N/A,Duplicate Charge,Open
CB007552,TXN009946,CUST01338,MER08029,2024-10-28,18395.52,Product Not Received,Open
CB007553,TXN001583,CUST03689,MER08119,2024-06-11,36219.42,Duplicate Charge,Won
CB007554,TXN000020,CUST09101,MER07486,2025-01-26,8119.23,Fraud Suspected,Won
CB007555,TXN004237,CUST04263,MER06365,2024-08-19,70479.1,Service Not Received,Open
CB007556,TXN009670,CUST09156,MER08107,2024-07-21,2055.32,Unauthorized Transaction,Lost
CB007557,TXN009575,CUST02463,MER06149,2024-11-28,1313.08,Product Not Received,Open
CB007558,TXN008239,CUST00984,MER07023,2024-06-05,1362.52,Product Not Received,Won
CB007559,TXN001362,CUST00489,MER06764,2024-02-03,8015.09,Duplicate Charge,Under Review
CB007560,TXN003329,CUST05762,MER02310,2024-11-06,34126.22,Fraud Suspected,Open
CB007561,TXN005077,CUST01765,MER03904,2024-04-15,5573.72,Service Not Received,Under Review
CB007562,TXN008937,CUST06789,MER02853,2024-09-20,12472.54,Service Not Received,Open
CB007563,TXN005774,CUST07017,MER02352,2024-04-09,9413.66,Fraud Suspected,Open
CB007564,TXN009323,CUST01745,MER07606,2024-12-13,505.64,Duplicate Charge,Open
CB007565,TXN001515,CUST09401,MER07220,2024-08-02,17451.13,Unauthorized Transaction,Open
CB007566,TXN006986,CUST07006,MER00616,2024-11-29,29741.04,Unauthorized Transaction,Lost
CB007567,TXN009794,UNKNOWN,MER05999,2024-03-14,15214.24,Unauthorized Transaction,Won
CB007568,TXN000945,CUST04502,MER03905,2024-04-15,379.66,Product Not Received,Won
CB007569,TXN000610,CUST09256,MER09160,2024-07-19,,Service Not Received,Open
CB007570,TXN004654,CUST03312,MER05863,2024-07-15,6022.11,Service Not Received,Under Review
CB007571,TXN009324,CUST06806,MER03544,,2148.49,Duplicate Charge,Open
CB007572,TXN004102,CUST09197,MER04788,2024-03-13,58623.24,Fraud Suspected,Lost
CB007573,TXN001554,CUST06734,MER06012,2024-12-27,1829.66,Fraud Suspected,Under Review
CB007574,TXN009672,CUST01844,MER02601,2024-04-19,45715.5,Fraud Suspected,Under Review
CB007575,TXN002118,CUST02714,MER01632,2024-06-12,99338.54,Service Not Received,Under Review
CB007576,TXN002258,CUST02274,MER00153,2024-12-01,82944.77,Duplicate Charge,Won
CB007577,TXN005739,CUST02567,MER04157,2024-04-04,34225.29,Duplicate Charge,Under Review
,TXN001387,CUST04721,,2024-10-03,1566.13,Duplicate Charge,Under Review
CB007579,TXN004316,CUST08584,MER05912,2024-05-30,153.13,Unauthorized Transaction,Open
CB007580,TXN000910,CUST01381,MER02627,2024-04-09,16320.99,Unauthorized Transaction,Lost
CB007581,TXN000008,CUST07573,MER02018,2024-09-04,36762.98,Fraud Suspected,Lost
CB007582,TXN009507,CUST09590,MER09740,2024-09-01,1816.53,Fraud Suspected,Open
CB007583,TXN006468,CUST09183,MER01774,2024-09-18,371.97,Service Not Received,Under Review
CB007584,TXN009120,CUST02489,MER02651,2024-05-28,4509.77,Product Not Received,Won
CB007585,TXN003459,CUST05434,MER05652,2024-09-10,79806.37,Product Not Received,Won
CB007586,TXN001458,CUST00078,MER02327,2024-05-18,1331.1,Duplicate Charge,Won
CB007587,TXN001236,CUST09981,MER06891,2024-07-19,15411.49,Service Not Received,Open
CB007588,TXN002493,CUST00246,MER09346,2024-02-09,,Service Not Received,Won
CB007589,TXN008215,CUST06875,MER02741,2024-12-29,160.71,Unauthorized Transaction,Open
CB007590,TXN007833,CUST05951,UNKNOWN,2025-01-29,8815.34,Duplicate Charge,Won
CB007591,TXN008832,CUST09197,MER06807,2025-01-13,53956.88,Fraud Suspected,Won
CB007592,TXN001932,CUST00333,,2025-01-10,1348.56,Product Not Received,Under Review
CB007593,TXN003853,CUST02812,MER09419,2024-09-08,60946.69,Fraud Suspected,Under Review
CB007594,TXN000090,CUST08801,MER01649,2024-04-30,18793.58,Duplicate Charge,Won
CB007595,TXN007939,CUST07295,MER04839,2024-01-14,28693.11,Product Not Received,Lost
CB007596,TXN007472,CUST08894,MER00269,2024-08-31,112338.77,Fraud Suspected,Won
CB007597,TXN007304,CUST07363,MER05089,2024-09-10,81758.49,Fraud Suspected,Won
CB007598,TXN005857,CUST07489,MER03769,2024-11-04,30624.04,Fraud Suspected,Won
CB007599,TXN004800,CUST02313,MER05336,2024-02-17,7907.68,Unauthorized Transaction,Under Review
CB007600,TXN009272,CUST00885,MER09452,2024-11-01,682.46,Product Not Received,Lost
CB007601,TXN005685,CUST04034,MER06254,2025-02-12,20778.01,Service Not Received,Won
CB007602,TXN006613,CUST08016,MER09072,2024-07-23,401.7,Product Not Received,Won
CB007603,TXN008285,CUST06386,MER03083,2025-01-06,23196.74,Duplicate Charge,Open
CB007604,TXN002894,CUST02050,MER08827,2024-01-12,1758.13,Duplicate Charge,Under Review
CB007605,TXN009519,CUST04868,MER01445,2024-07-22,84215.7,Unauthorized Transaction,Won
CB007606,TXN008222,CUST06322,MER04832,2024-03-03,14383.92,Unauthorized Transaction,Lost
CB007607,TXN002975,CUST08702,MER01741,2025-01-07,658.03,Service Not Received,Open
CB007608,TXN003935,CUST02589,MER05608,2024-07-02,99193.5,Service Not Received,Lost
CB007609,TXN005857,CUST07489,MER03769,2024-11-25,61248.07,Product Not Received,Under Review
CB007610,TXN009491,CUST01569,MER06791,2024-10-15,484.94,Unauthorized Transaction,Open
CB007611,TXN003604,CUST06773,MER01912,,,Fraud Suspected,Won
CB007612,,CUST00530,MER02478,2024-11-01,5678.67,Product Not Received,Lost
CB007613,TXN002453,CUST00775,MER02265,2024-06-18,36404.82,Duplicate Charge,Open
CB007614,TXN006926,CUST05923,MER06082,2024-03-26,19564.41,Product Not Received,Won
CB007615,TXN004671,CUST06457,MER00758,2024-03-16,10703.33,Product Not Received,Won
CB007616,TXN005203,CUST06436,MER05530,2024-09-18,N/A,Product Not Received,Under Review
CB007617,TXN005018,CUST07483,MER04197,2025-01-16,48684.28,Service Not Received,
CB007618,TXN009886,CUST06896,MER08540,2025-01-05,8117.38,Product Not Received,Open
CB007619,TXN004510,CUST07660,MER08531,2024-06-07,16419.31,Service Not Received,Under Review
CB007620,TXN002930,CUST09378,MER08244,2025-01-14,48.42,Service Not Received,Won
CB007621,TXN001399,CUST01941,MER01317,2024-07-23,1842.74,Duplicate Charge,Won
CB007622,TXN006135,CUST08329,MER06689,2024-04-23,12425.64,Unauthorized Transaction,Lost
CB007623,TXN004936,CUST07578,MER05785,2024-05-26,11400.89,Product Not Received,Open
CB007624,TXN006108,CUST06773,MER00804,2024-08-24,6264.86,Duplicate Charge,Open
CB007625,TXN003988,CUST03410,MER04904,,207.79,Product Not Received,Open
CB007626,TXN008310,,MER08480,2024-04-16,9103.14,Service Not Received,Under Review
CB007627,TXN005969,CUST07283,MER07199,2024-03-15,95008.92,Duplicate Charge,Lost
CB007628,TXN002464,CUST02324,MER07919,2024-10-08,6145.6,Fraud Suspected,Lost
CB007629,TXN003685,CUST02807,MER04957,2024-07-29,55.02,Duplicate Charge,Won
CB007630,TXN002917,CUST09892,MER06540,2024-01-28,19144.04,Product Not Received,Lost
CB007631,TXN001190,CUST04644,MER09695,2024-11-27,36844.96,Unauthorized Transaction,Open
CB007632,TXN005572,CUST04949,MER08339,2024-09-18,17295.43,Unauthorized Transaction,Won
CB007633,TXN000486,CUST06424,MER05751,2024-08-16,1760.46,Unauthorized Transaction,Under Review
CB007634,TXN001437,CUST07324,MER05247,2024-10-31,5496.58,Unauthorized Transaction,Won
CB007635,TXN003156,CUST03658,MER03892,2024-03-22,44912.25,Service Not Received,Open
CB007636,TXN009118,CUST01880,MER07955,2024-03-11,553.13,Service Not Received,Under Review
CB007637,TXN004992,CUST02406,,2024-10-11,17486.64,Duplicate Charge,Won
CB007638,TXN005692,CUST05642,MER01228,2024-11-24,91150.69,Unauthorized Transaction,Won
CB007639,TXN008519,CUST08698,MER05359,2024-07-13,34222.03,Fraud Suspected,Lost
CB007640,UNKNOWN,CUST08298,MER07608,,1522.35,Fraud Suspected,Lost
CB007641,TXN004084,CUST04094,MER08598,2024-04-12,11346.04,Service Not Received,Open
CB007642,,CUST01274,MER09386,2024-10-22,1932.24,Unauthorized Transaction,Open
CB007643,TXN008848,CUST09646,MER06415,2024-04-15,98552.34,Duplicate Charge,Won
CB007644,TXN000833,CUST02542,MER09745,2024-12-29,32261.44,Service Not Received,Lost
CB007645,TXN009905,CUST05092,MER05194,2024-10-26,4144.37,Fraud Suspected,Lost
CB007646,TXN005095,CUST07768,MER02452,2024-07-11,62288.07,Service Not Received,Lost
CB007647,TXN006250,CUST08016,MER04727,2024-12-02,2582.55,Service Not Received,Won
CB007648,,CUST09954,MER07850,2024-04-07,73493.75,Service Not Received,Under Review
CB007649,TXN001210,CUST07664,MER04330,2025-02-03,46696.17,Unauthorized Transaction,Under Review
CB007650,TXN003170,CUST06034,MER09456,2024-05-17,202.77,Fraud Suspected,Under Review
CB007651,TXN006423,CUST02546,MER05089,2024-09-04,3571.26,Product Not Received,Won
CB007652,TXN006844,CUST08887,MER01220,2025-01-01,4591.3,Service Not Received,Under Review
CB007653,TXN001979,CUST04797,MER07104,2024-04-22,64961.03,Product Not Received,Lost
CB007654,TXN004705,CUST07930,MER04856,2024-03-16,4724.07,Duplicate Charge,Open
CB007655,TXN003105,CUST03672,MER05339,2024-10-25,865.03,Duplicate Charge,Under Review
CB007656,TXN004782,CUST04099,MER02732,2025-01-02,24917.67,Product Not Received,Under Review
CB007657,TXN009418,CUST01130,MER09794,2024-10-22,2458.46,Unauthorized Transaction,Lost
CB007658,TXN008668,CUST05594,MER09528,2024-02-16,,Duplicate Charge,Open
CB007659,TXN005102,CUST03097,MER04312,2024-04-17,62612.31,Fraud Suspected,Lost
CB007660,TXN008394,CUST08614,MER07757,2024-02-28,48975.38,Service Not Received,Lost
CB007661,TXN000212,,MER07455,2024-07-25,1917.38,Duplicate Charge,Won
CB007662,TXN009917,CUST08087,MER03563,2024-04-24,13210.1,Fraud Suspected,Lost
CB007663,TXN009184,CUST03459,MER01962,2024-09-02,15645.91,Unauthorized Transaction,Open
CB007664,TXN009082,CUST03487,MER04926,2024-07-20,8366.68,Duplicate Charge,Won
CB007665,TXN002004,CUST00968,MER03556,2024-08-01,58630.04,Duplicate Charge,Open
CB007666,TXN005665,CUST05979,,2024-02-10,3193.52,Fraud Suspected,Under Review
CB007667,TXN000944,CUST08503,MER09286,2025-01-15,4316.78,Service Not Received,Open
CB007668,TXN007566,CUST07597,MER04989,,2050.73,Fraud Suspected,Lost
CB007669,TXN001985,CUST05845,MER09247,2024-05-31,1278.86,Service Not Received,Under Review
CB007670,TXN007123,CUST03016,MER06538,2024-12-01,1953.56,Product Not Received,Lost
CB007671,TXN005345,CUST02143,MER06524,2024-10-26,2246.08,Fraud Suspected,Won
CB007672,TXN009440,CUST09418,MER09367,2024-10-13,75892.55,Product Not Received,Won
CB007673,TXN008362,CUST09318,MER07671,2024-05-11,44884.17,Fraud Suspected,Lost
CB007674,TXN007709,CUST08121,MER02879,2024-07-11,N/A,Unauthorized Transaction,Won
CB007675,TXN008035,CUST00356,MER08327,2024-08-21,2589.76,Fraud Suspected,Open
CB007676,TXN005538,CUST06945,MER05401,2024-06-14,325.92,Product Not Received,Open
CB007677,TXN001776,CUST07525,MER09525,2024-06-24,6188.96,Unauthorized Transaction,Open
CB007678,TXN001281,CUST07227,MER06785,2024-04-18,16911.0,Fraud Suspected,Won
CB007679,TXN005438,CUST05325,MER07659,2024-06-03,1352.37,Unauthorized Transaction,Won
CB007680,TXN009094,CUST09390,MER00969,2024-07-11,1028.76,Service Not Received,Under Review
CB007681,TXN002073,CUST01239,MER05346,2024-12-07,19380.57,Product Not Received,Lost
CB007682,TXN004350,CUST00579,MER05498,2024-04-30,4470.82,Unauthorized Transaction,Open
CB007683,TXN000907,CUST09256,MER06254,2024-08-05,83211.21,Service Not Received,Won
CB007684,TXN004925,CUST09328,MER00748,2024-02-23,718.75,Unauthorized Transaction,Won
CB007685,TXN004398,CUST02706,MER02191,2024-10-24,5935.75,Duplicate Charge,Under Review
CB007686,TXN007974,,MER00454,2024-07-30,27159.86,Service Not Received,Won
CB007687,,CUST02100,MER01040,2024-02-04,52429.59,Duplicate Charge,Under Review
CB007688,TXN000710,CUST02260,UNKNOWN,2024-08-31,14885.74,Product Not Received,
CB007689,TXN003770,CUST08720,MER05174,2024-06-08,80243.79,Product Not Received,Lost
CB007690,TXN008266,CUST07252,MER08967,2024-12-03,1429.11,Duplicate Charge,Lost
CB007691,TXN009220,CUST03604,MER01175,2024-05-13,17978.27,Service Not Received,Open
CB007692,TXN005594,CUST03770,MER07507,2025-01-08,14034.54,Duplicate Charge,Won
CB007693,TXN008118,CUST08518,MER01052,2024-08-28,85782.82,Fraud Suspected,Under Review
CB007694,TXN000524,CUST04453,MER08799,2024-05-05,16710.87,Unauthorized Transaction,Under Review
CB007695,TXN003300,CUST03573,MER00683,2024-03-07,204.64,Duplicate Charge,Under Review
CB007696,TXN009299,CUST05301,MER07083,2024-04-05,395.29,Unauthorized Transaction,Open
CB007697,TXN004777,CUST09652,MER07590,2024-11-10,13078.13,Unauthorized Transaction,Open
CB007698,TXN007155,CUST06820,MER07942,2024-09-14,3205.62,Product Not Received,Lost
CB007699,TXN006538,CUST04119,MER09629,2024-08-24,1154.64,Duplicate Charge,Under Review
CB007700,TXN008751,CUST04039,MER06765,,66035.95,Fraud Suspected,Under Review
CB007701,TXN009991,CUST03535,,2025-01-23,1136.65,Product Not Received,Open
CB007702,TXN002149,CUST00176,MER00116,2024-07-13,27551.56,Product Not Received,Open
CB007703,TXN004290,CUST01985,MER00629,2024-11-24,2942.21,Unauthorized Transaction,Under Review
CB007704,TXN005651,CUST02548,MER00285,2024-04-21,3596.07,Unauthorized Transaction,Won
CB007705,TXN004282,CUST06744,MER05076,2024-10-18,487.49,Service Not Received,Open
CB007706,TXN007691,CUST00064,MER06569,2024-09-27,747.54,Fraud Suspected,Won
CB000526,TXN001119,CUST00231,MER05440,2024-08-21,1432.1,Unauthorized Transaction,Under Review
CB007708,TXN001998,CUST00807,MER03443,2024-03-02,3387.9,Service Not Received,Open
CB007709,TXN003958,CUST05281,MER03410,2024-11-28,1616.48,Fraud Suspected,Won
CB007710,TXN002765,CUST07509,MER03420,2024-09-24,35140.56,Unauthorized Transaction,Won
CB007711,TXN006419,CUST00430,MER09470,2024-07-12,752.69,Unauthorized Transaction,Under Review
CB007712,TXN001895,CUST08724,MER01068,2024-03-05,58229.5,Fraud Suspected,Under Review
CB007713,TXN006261,CUST07589,MER08715,2024-05-04,1917.12,Duplicate Charge,Lost
CB007714,TXN000893,CUST00389,MER03802,2025-01-25,9575.02,Fraud Suspected,Under Review
CB007715,TXN008402,CUST08847,MER04154,2024-06-06,1215.73,Service Not Received,Under Review
CB007716,TXN007816,CUST05110,MER08581,2024-05-24,44585.72,Unauthorized Transaction,Won
CB007717,TXN008812,CUST01544,MER03623,2024-04-08,7757.54,Product Not Received,Lost
CB007718,TXN005546,CUST09180,MER06580,2024-05-25,,Duplicate Charge,Won
CB007719,UNKNOWN,CUST03129,MER03706,,16903.46,Unauthorized Transaction,Open
CB007720,TXN004605,CUST02130,MER06199,2024-03-17,11408.82,Unauthorized Transaction,Won
CB007721,TXN000805,CUST04987,MER06486,2025-01-11,794.7,Duplicate Charge,Open
CB007722,TXN004984,CUST06559,MER02175,2024-06-09,98661.33,Service Not Received,Open
CB007723,,CUST02048,MER04768,2024-07-29,17709.95,Service Not Received,Lost
CB007724,TXN007619,CUST01760,MER03850,2024-05-12,14038.48,Unauthorized Transaction,Open
CB007725,TXN002735,CUST05208,MER06124,2024-04-16,34804.21,Fraud Suspected,Lost
CB007726,TXN008325,CUST05922,MER03340,2024-05-03,129.94,Unauthorized Transaction,Under Review
CB007727,TXN003764,CUST05747,MER01318,2024-02-01,57391.8,Service Not Received,Open
CB007728,TXN003035,CUST00756,MER01938,2025-01-26,14357.01,Product Not Received,Won
CB007729,TXN002412,CUST01374,MER05163,2024-09-22,85572.52,Service Not Received,Under Review
CB007730,TXN008334,CUST00616,MER09157,2024-01-24,8010.7,Service Not Received,Open
CB007731,TXN000815,CUST06336,MER02154,2024-12-07,9702.62,Service Not Received,Open
CB007732,TXN004933,CUST07554,MER00561,2024-09-09,19864.76,Fraud Suspected,Under Review
CB007733,,CUST03149,MER07270,2024-10-13,17993.12,Service Not Received,Won
CB007734,TXN009917,CUST08087,MER03563,2024-04-14,11487.04,Fraud Suspected,Open
CB007735,TXN003471,CUST03425,MER06086,2024-06-28,76360.55,Service Not Received,Under Review
CB007736,TXN000521,CUST03645,MER08982,2024-10-26,26560.94,,Open
CB007737,TXN005976,CUST08839,MER02742,2024-11-10,1637.45,Service Not Received,
CB007738,TXN000612,CUST05060,MER02214,2025-01-13,92516.98,Duplicate Charge,Under Review
CB007739,TXN006827,CUST04425,MER01663,2024-09-23,3543.74,Unauthorized Transaction,Under Review
CB007740,TXN009275,CUST06872,MER03365,2024-04-13,57255.17,Fraud Suspected,Won
CB007741,TXN006357,CUST07794,MER05442,2024-03-13,37125.1,Product Not Received,Under Review
CB007742,TXN000043,CUST08940,MER03573,2024-03-16,16209.9,Fraud Suspected,Under Review
CB007743,TXN005240,CUST08093,MER03877,2024-12-23,55085.59,Unauthorized Transaction,Under Review
CB007744,TXN008475,CUST05096,MER06683,2025-01-12,22913.84,Duplicate Charge,Open
CB007745,TXN001765,CUST01435,MER03142,2024-09-11,22387.6,Product Not Received,Under Review
CB007746,TXN008804,CUST01790,MER00333,2024-09-20,49271.4,Duplicate Charge,Open
CB007747,TXN004891,CUST01516,,2024-08-17,882.12,Product Not Received,Open
CB007748,TXN007347,CUST01644,MER00289,2024-09-03,3360.1,Product Not Received,Open
CB007749,TXN002002,CUST07858,MER08681,2024-04-07,854.14,Product Not Received,Won
CB007750,TXN004963,CUST07757,MER07947,2024-05-07,12128.87,Unauthorized Transaction,Won
CB007751,TXN003759,CUST08619,MER06301,2024-04-22,11533.63,Unauthorized Transaction,Open
CB007752,TXN000968,CUST01829,MER05698,2024-05-24,1142.02,Service Not Received,Open
CB007753,TXN009094,CUST09390,,2024-06-04,514.38,Service Not Received,Open
CB007754,TXN005858,CUST09421,MER02945,2024-02-08,3662.38,Fraud Suspected,Under Review
CB007755,TXN001597,CUST08424,MER07720,2024-12-19,1717.58,Fraud Suspected,Won
CB007756,TXN009084,CUST02719,MER09029,2024-11-05,425.46,Product Not Received,Open
CB007757,TXN005152,CUST09394,MER01845,2024-11-01,22429.95,Duplicate Charge,Under Review
CB007758,TXN009091,CUST09460,MER02471,2024-12-20,1310.19,Product Not Received,Lost
CB007759,TXN005768,UNKNOWN,MER08055,2024-06-24,57791.7,,Under Review
CB007760,TXN003221,CUST02115,MER02253,2024-02-10,1646.94,,Open
CB007761,TXN003928,CUST07326,MER04379,2024-06-15,3147.84,Product Not Received,Won
CB007762,TXN001179,CUST00211,MER09016,2024-08-21,8491.11,Duplicate Charge,Won
CB007763,TXN008819,CUST07172,MER09214,2025-02-10,27024.64,Unauthorized Transaction,Open
CB007764,TXN007776,CUST04140,MER08743,2024-12-09,10496.66,Unauthorized Transaction,Won
CB007765,TXN008994,CUST01647,MER00442,2024-09-01,100162.12,Product Not Received,Won
CB007766,TXN006174,CUST04167,MER02471,2024-10-30,2796.39,Unauthorized Transaction,Lost
CB007767,TXN003958,CUST05281,MER03410,2024-12-31,1616.48,Duplicate Charge,Under Review
CB007768,TXN003528,CUST07603,MER01384,2024-07-30,15028.61,Unauthorized Transaction,Won
CB007769,TXN008018,CUST01803,MER04867,2024-11-28,94709.94,Fraud Suspected,Won
CB007770,TXN002079,CUST00827,MER05569,2024-12-01,11937.98,Product Not Received,Won
CB007771,TXN007227,CUST02759,MER03805,2024-11-15,40041.49,Fraud Suspected,Under Review
CB007772,TXN002126,CUST08652,MER06947,2024-04-01,17855.75,Service Not Received,Open
CB007773,TXN007505,CUST02590,MER08739,2024-07-22,270.88,Unauthorized Transaction,Lost
CB007774,TXN009379,CUST04322,MER01344,2024-02-16,19030.12,Product Not Received,Under Review
CB007775,TXN006857,CUST09545,MER08950,2024-10-04,N/A,Product Not Received,Won
CB007776,TXN007555,CUST06532,MER00610,,763.83,Duplicate Charge,Open
CB007777,TXN000683,CUST09467,MER06197,2024-03-08,836.79,Fraud Suspected,Open
CB007778,TXN005270,CUST06492,MER06567,2024-02-13,33256.2,Duplicate Charge,Under Review
,TXN005464,CUST01432,MER03040,2024-11-11,228.23,Unauthorized Transaction,Open
CB007780,TXN000080,CUST08396,MER06285,2024-08-13,48780.24,Product Not Received,Won
CB007781,TXN001228,CUST04197,MER02597,2024-08-18,1210.25,Product Not Received,Open
CB007782,,CUST02937,MER06564,2025-01-09,81234.34,Unauthorized Transaction,Won
CB007783,TXN007568,CUST02709,MER05761,2024-09-13,14163.38,Fraud Suspected,Under Review
CB007784,TXN007416,CUST09653,MER00903,2024-01-15,1176.38,Duplicate Charge,Under Review
CB007785,TXN008131,CUST00933,MER07277,2024-06-01,361.18,Duplicate Charge,Won
CB007786,TXN004138,CUST05055,MER07038,2024-02-10,15771.52,Service Not Received,Won
CB007787,TXN005899,CUST03518,MER03525,2024-04-06,8885.7,Fraud Suspected,Won
CB007788,TXN009492,CUST05080,MER04289,2024-03-08,734.46,Duplicate Charge,Under Review
CB007789,TXN004488,CUST08494,MER06558,2025-01-19,700.59,Product Not Received,Open
CB007790,TXN006280,CUST00433,MER05110,2024-05-11,30731.69,Unauthorized Transaction,Won
CB007791,TXN001496,CUST02585,MER06266,2024-07-22,200.71,Unauthorized Transaction,Open
CB007792,TXN002544,CUST07050,MER01719,2024-07-31,1035.88,Unauthorized Transaction,Under Review
CB007793,TXN009018,CUST02679,MER05459,2024-04-26,231.41,Fraud Suspected,Open
CB007794,TXN003166,CUST01351,MER07985,2024-11-14,1090.53,Duplicate Charge,Lost
CB007795,TXN001849,CUST00306,MER02048,2024-10-12,10259.16,Product Not Received,Open
CB007796,TXN007381,CUST08905,MER04855,2024-08-12,566.36,Duplicate Charge,Lost
CB007797,TXN005176,CUST00041,MER09644,2025-01-12,18554.21,Service Not Received,Won
CB007798,TXN001887,CUST07167,MER08343,2024-01-30,40332.09,Unauthorized Transaction,Won
CB007799,TXN007398,CUST08685,MER09810,2024-05-19,9246.68,Unauthorized Transaction,Under Review
CB007800,TXN009565,CUST02183,MER07320,2024-12-10,5816.46,Unauthorized Transaction,Won
CB007801,TXN008251,CUST06318,MER08577,2024-04-07,84113.4,Service Not Received,Won
CB007802,TXN006576,CUST02559,MER04013,2024-11-01,6390.85,Duplicate Charge,Under Review
CB007803,TXN004051,CUST00903,MER03998,2024-10-29,1107.6,Duplicate Charge,Won
CB007804,TXN000119,CUST08830,MER00467,2024-09-28,113324.78,Unauthorized Transaction,Open
CB007805,TXN000535,CUST08014,MER07454,2024-10-05,7844.85,Fraud Suspected,Won
CB007806,TXN007830,CUST07441,MER05107,2024-12-24,14600.5,Duplicate Charge,Under Review
CB007807,TXN008249,CUST07308,,2024-09-25,26778.29,Service Not Received,Won
CB007808,TXN004481,CUST01772,MER06940,2024-10-26,1446.44,Duplicate Charge,Under Review
CB007809,TXN007094,CUST07072,MER02322,2024-04-17,714.38,Unauthorized Transaction,Won
CB007810,TXN004163,CUST06656,MER06865,2024-02-03,978.26,Fraud Suspected,Won
CB007811,TXN001082,CUST04725,MER07185,2024-05-15,35478.83,Duplicate Charge,Under Review
CB007812,TXN006248,CUST05074,MER00573,2024-12-12,29645.08,Product Not Received,Won
CB007813,TXN004398,CUST02706,MER02191,2024-11-07,6826.11,Fraud Suspected,Won
CB007814,TXN009661,CUST02935,MER07096,2024-12-26,14425.0,Product Not Received,Under Review
CB007815,TXN003652,CUST03307,MER02095,2024-03-14,1016.34,Service Not Received,Won
CB007816,TXN006713,UNKNOWN,MER00098,2024-03-23,18359.1,Fraud Suspected,Won
CB007817,,CUST00516,MER04210,2024-07-10,114923.94,Duplicate Charge,Under Review
CB007818,TXN009436,CUST05862,MER00592,2024-11-23,71050.08,Product Not Received,Won
CB007819,TXN001894,CUST00448,,2024-06-17,15829.14,Unauthorized Transaction,Open
CB007820,TXN008717,CUST07673,MER01742,2025-01-05,25803.4,Service Not Received,Open
CB007821,TXN004546,CUST02550,MER09579,2024-05-05,18140.84,Fraud Suspected,Won
CB007822,TXN003348,CUST04078,MER04071,2025-01-31,62238.97,Fraud Suspected,Open
CB007823,TXN003985,CUST09770,MER02253,2024-07-03,807.93,Product Not Received,Won
,TXN002919,CUST01209,MER02429,2024-08-15,122.21,Duplicate Charge,Under Review
CB007825,TXN001084,CUST08562,MER00633,2024-09-16,51117.67,Duplicate Charge,Lost
CB007826,TXN009953,CUST04556,MER05434,2024-10-16,102969.73,Product Not Received,Open
CB007827,TXN001784,CUST02605,MER07677,2024-02-23,3135.75,Fraud Suspected,Lost
CB007828,TXN004448,CUST09063,MER06918,2024-01-29,17434.85,Duplicate Charge,Open
CB007829,TXN003084,CUST05895,MER05795,2024-04-15,148.11,Fraud Suspected,Open
CB007830,TXN008134,CUST07315,MER02390,2024-11-11,552.34,Fraud Suspected,Lost
CB007831,TXN002852,CUST02518,MER02178,2025-01-01,17140.27,Duplicate Charge,Won
CB007832,TXN005041,CUST03829,MER02541,2024-07-27,46658.42,Product Not Received,Lost
CB007833,TXN005889,CUST07960,MER08083,2024-04-28,1438.57,Service Not Received,Won
CB007834,TXN009722,CUST00592,MER08327,2024-02-21,708.91,Fraud Suspected,Open
CB007835,TXN000132,CUST06673,MER03259,2024-11-28,1644.41,Duplicate Charge,Under Review
CB007836,TXN002028,CUST05612,MER07365,2024-04-28,48464.78,Service Not Received,Under Review
CB007837,TXN004637,CUST06403,MER08044,2024-07-26,49031.31,Duplicate Charge,Won
CB007838,TXN009228,CUST07105,MER09665,2024-11-21,6733.73,Unauthorized Transaction,Under Review
CB007839,TXN000679,CUST03799,MER09473,2024-11-11,274.64,Service Not Received,Open
CB007840,TXN004452,CUST05451,MER09822,,67263.63,,Won
CB007841,TXN006218,CUST09548,MER05648,2024-09-23,16835.68,Unauthorized Transaction,Won
CB007842,TXN009350,CUST02626,MER04029,2024-12-15,1369.3,Service Not Received,Open
CB007843,TXN002860,CUST09319,MER09185,2024-02-10,16749.72,Unauthorized Transaction,Under Review
CB007844,TXN005150,CUST02386,MER04785,2024-05-07,62053.15,Fraud Suspected,Under Review
CB007845,TXN001267,CUST08785,MER05843,2024-08-24,1920.82,Product Not Received,Open
CB007846,TXN009237,CUST05448,MER06572,2024-06-30,17185.14,Unauthorized Transaction,Won
CB007847,TXN006136,CUST08933,MER04841,2024-06-27,15671.63,Service Not Received,Under Review
CB007848,TXN009868,CUST00708,MER08174,2024-04-13,1421.08,Duplicate Charge,Open
CB007849,TXN009026,CUST09775,MER07311,2024-06-18,43373.29,Product Not Received,Won
CB007850,TXN001834,CUST03615,MER04183,2024-05-29,9255.69,Duplicate Charge,Lost
CB007851,TXN002627,CUST06720,MER06583,2024-12-25,20103.43,Unauthorized Transaction,Under Review
,TXN003152,CUST01835,MER09285,2024-03-13,5288.84,Fraud Suspected,Open
CB007853,TXN000979,CUST07452,MER04738,2025-01-10,50326.66,Fraud Suspected,Open
CB007854,TXN006421,CUST06321,MER01614,2024-11-15,59093.15,Service Not Received,Won
CB007855,TXN004284,CUST07750,MER04064,2024-08-06,926.52,Duplicate Charge,Under Review
CB007856,TXN009064,CUST01629,MER00906,2024-07-28,2943.28,Product Not Received,Open
CB007857,TXN009539,CUST03598,MER00843,2024-07-30,26562.29,Unauthorized Transaction,Won
CB007858,TXN000804,CUST02367,MER02070,2024-06-17,,Duplicate Charge,Open
CB007859,TXN007509,CUST06522,MER03640,2024-11-26,7671.04,Fraud Suspected,Open
CB007860,TXN002502,CUST08611,MER08745,2024-09-01,5730.08,Fraud Suspected,Won
CB007861,TXN009612,CUST01801,MER03612,2024-12-17,821.61,Fraud Suspected,Won
CB007862,TXN004249,CUST09996,MER07061,2024-12-10,50649.55,Unauthorized Transaction,Lost
CB007863,TXN004097,CUST02884,MER01447,2024-05-21,12210.54,Duplicate Charge,Open
CB007864,TXN004022,CUST03358,MER00766,2024-03-16,464.77,Unauthorized Transaction,Won
CB007865,TXN000100,CUST03145,MER04369,2024-01-10,110846.89,Product Not Received,Open
CB007866,TXN002485,CUST04526,MER02647,2024-03-27,1678.36,Product Not Received,Won
CB007867,TXN008862,CUST00571,MER01022,2024-11-04,1642.29,Fraud Suspected,Lost
CB007868,TXN007424,CUST01332,MER03095,2024-07-08,1726.62,Service Not Received,Under Review
CB002578,TXN007161,CUST06052,MER01524,2024-12-15,44896.55,Product Not Received,Lost
CB007870,TXN005000,CUST06134,MER01091,2024-05-10,1216.23,Service Not Received,Under Review
CB007871,TXN000432,CUST05141,MER01631,2025-01-29,706.54,Unauthorized Transaction,Under Review
CB007872,TXN002079,CUST00827,MER05569,2024-12-07,11937.98,Unauthorized Transaction,Under Review
CB007873,TXN003976,CUST07876,MER06965,2024-03-29,,Unauthorized Transaction,Under Review
CB007874,TXN005601,CUST04077,MER04081,2025-01-29,25501.05,Duplicate Charge,Open
CB007875,TXN009711,CUST09218,MER01925,2024-08-30,989.16,Unauthorized Transaction,Open
CB007876,TXN009931,CUST03935,MER09058,2024-02-21,657.88,Duplicate Charge,Under Review
CB007877,TXN008129,CUST07832,MER00054,2024-05-30,16959.59,Service Not Received,Won
CB007878,TXN002211,CUST08152,MER04861,2024-08-27,5975.01,Service Not Received,Open
CB007879,TXN004472,CUST07972,MER07353,2024-05-30,872.24,Service Not Received,Under Review
CB007880,TXN001447,CUST00713,MER04426,2024-06-10,442.66,Duplicate Charge,Won
CB007881,TXN008206,CUST04982,MER05327,2024-09-07,16144.66,Product Not Received,Open
CB007882,,CUST00046,MER04130,2025-01-03,1243.94,Product Not Received,Open
CB007883,TXN002838,CUST06084,MER04052,2024-04-17,272.35,Fraud Suspected,Won
CB007884,TXN003651,CUST09762,MER07882,2024-02-10,1899.05,Duplicate Charge,Under Review
CB007885,TXN001355,CUST00093,MER04146,2024-11-25,155.94,Product Not Received,Lost
CB007886,TXN007630,CUST07814,MER05200,2024-05-16,7566.52,Fraud Suspected,Open
CB007887,TXN005671,CUST00257,MER01291,2024-12-17,1377.05,Fraud Suspected,Open
CB007888,TXN003180,CUST09609,MER05651,2024-08-09,2912.8,Service Not Received,Lost
CB007889,TXN000420,CUST02944,,2024-10-08,76705.61,Fraud Suspected,Open
CB007890,TXN001873,CUST08179,MER03019,2024-01-28,2237.14,Unauthorized Transaction,Open
CB007891,TXN008327,CUST08272,MER08658,2024-08-18,1005.64,Service Not Received,Won
CB007892,TXN002315,CUST07299,MER03220,2024-02-22,976.75,Service Not Received,Under Review
CB007893,TXN003464,CUST01323,MER01131,2024-05-08,14110.11,Unauthorized Transaction,Under Review
CB007894,TXN003164,CUST08605,MER06217,2025-02-01,52707.27,Product Not Received,Under Review
CB007895,TXN006207,CUST06315,MER07632,2024-01-25,22842.78,Unauthorized Transaction,Lost
CB007896,TXN000938,CUST07933,MER07202,2024-12-05,20070.69,Unauthorized Transaction,Lost
CB007897,TXN000953,CUST04430,MER01255,2024-11-16,5009.63,Unauthorized Transaction,Open
CB007898,TXN008977,CUST01943,MER04467,2024-08-10,42183.05,Service Not Received,Won
CB006893,TXN003081,CUST07740,MER05852,2024-08-18,66337.57,Product Not Received,Open
CB007900,,CUST07354,MER02488,2024-12-17,15697.71,Service Not Received,Open
CB007901,TXN000833,CUST02542,MER09745,2025-01-13,74201.3,Duplicate Charge,Won
CB007902,TXN008046,CUST02173,MER08600,2024-12-13,3275.08,Unauthorized Transaction,Under Review
CB007903,TXN003521,CUST04874,MER01676,2024-12-06,34032.99,Unauthorized Transaction,Open
CB007904,TXN001074,CUST03325,MER00054,2024-10-06,76122.21,Duplicate Charge,Under Review
CB007905,TXN008865,CUST03656,MER08600,2024-08-21,2128.6,Duplicate Charge,Under Review
CB007906,TXN008224,CUST04949,MER09834,2024-12-28,49084.89,Fraud Suspected,Under Review
CB007907,TXN009106,CUST02414,MER03935,2024-10-03,696.22,Service Not Received,Open
CB007908,TXN009164,CUST05143,UNKNOWN,2024-03-31,2066.15,Product Not Received,Open
CB007909,TXN008152,CUST02906,MER02786,2024-03-09,790.54,Service Not Received,Won
CB007910,TXN002957,CUST00694,MER04906,2024-04-22,392.56,Unauthorized Transaction,Won
CB007911,TXN004526,CUST06463,MER07830,2024-09-09,13930.13,Fraud Suspected,Under Review
CB007912,TXN003510,CUST07394,MER02881,2024-12-18,113210.21,,Won
CB007913,TXN007094,CUST07072,MER02322,2024-05-08,821.54,Duplicate Charge,Open
CB007914,TXN003569,CUST09846,MER04496,2024-01-28,75729.88,Product Not Received,Lost
CB007915,TXN002684,CUST05887,MER09919,2025-01-09,494.14,Unauthorized Transaction,Under Review
CB007916,TXN004286,CUST05360,MER08787,2024-06-28,1922.07,Unauthorized Transaction,Won
CB007917,TXN004933,CUST07554,MER00561,2024-08-17,9932.38,Duplicate Charge,Lost
CB007918,TXN000246,UNKNOWN,MER09270,2024-07-09,87762.89,Duplicate Charge,Under Review
CB007919,TXN006388,CUST02969,MER01357,2024-06-18,24100.18,Fraud Suspected,Lost
CB007920,TXN009199,CUST09825,MER07768,2024-11-23,39292.5,Duplicate Charge,Open
CB007921,TXN002612,CUST03278,MER01345,2024-03-04,1029.11,Unauthorized Transaction,Under Review
CB007922,TXN003442,CUST09365,MER08285,2024-07-20,479.28,Unauthorized Transaction,Under Review
,TXN007574,CUST00931,MER00809,2024-12-18,56396.18,Product Not Received,Won
CB007924,TXN006985,CUST01553,MER07179,2024-08-13,255.24,Duplicate Charge,Open
CB007925,TXN008008,CUST05804,MER09198,2024-09-26,14339.55,Fraud Suspected,Won
CB007926,TXN001563,CUST02526,MER01894,2024-11-30,16181.39,Unauthorized Transaction,Won
CB007927,TXN006548,CUST02003,MER06462,2024-03-03,311.2,Duplicate Charge,Under Review
CB007928,TXN007648,CUST07925,MER04269,2024-06-23,1443.64,Fraud Suspected,Lost
CB007929,TXN002753,CUST04373,MER02489,2024-05-08,5322.63,,Under Review
CB007930,TXN006666,CUST06184,MER04939,2024-07-21,27660.75,Fraud Suspected,Open
CB007931,TXN003027,CUST07222,MER07351,2024-04-25,26503.75,Duplicate Charge,Open
CB007932,TXN004136,CUST06574,MER04129,2024-03-08,23067.17,Unauthorized Transaction,Under Review
CB007933,TXN008062,CUST05480,MER05999,2024-02-17,16595.39,Duplicate Charge,Won
CB007934,TXN003363,,MER09464,2024-05-09,796.62,Unauthorized Transaction,Open
CB007935,TXN009321,CUST00135,MER09234,2024-06-11,1082.0,Unauthorized Transaction,Lost
CB007936,TXN001926,CUST09536,MER05146,2024-04-26,287.71,Unauthorized Transaction,Open
CB007937,TXN004257,CUST04903,MER01290,2024-06-03,8217.01,Duplicate Charge,Open
CB007938,TXN008199,CUST03473,MER06215,2024-10-28,444.32,Fraud Suspected,Won
CB007939,TXN008932,CUST09512,MER02330,2024-12-30,69955.34,Fraud Suspected,Lost
CB007940,TXN009263,CUST02334,MER06605,2024-03-21,437.89,Unauthorized Transaction,Lost
CB007941,TXN006484,CUST01553,MER08520,2024-06-26,16825.13,Service Not Received,Won
CB007942,TXN009029,CUST01327,MER00065,2024-02-05,11287.42,Product Not Received,Won
CB007943,TXN007310,CUST04840,MER01888,2024-03-05,87514.39,Duplicate Charge,Lost
CB007944,TXN000073,CUST07118,MER05693,2024-11-07,34336.56,Service Not Received,Won
CB007945,TXN005763,CUST07973,MER03984,2024-08-30,98472.04,Service Not Received,Open
CB007946,,CUST04996,MER08537,2024-05-05,85787.05,Service Not Received,Under Review
CB007947,TXN000672,CUST08948,MER09682,2024-03-09,151.37,Product Not Received,Under Review
CB007948,TXN001850,CUST09856,MER03702,2024-04-30,10607.54,Duplicate Charge,Won
CB007949,TXN007900,CUST09031,MER05606,2024-07-02,2401.04,Unauthorized Transaction,Under Review
CB007950,TXN000576,CUST05604,MER07066,2024-06-22,19140.4,Duplicate Charge,Open
CB007951,TXN009695,CUST07009,MER03928,2024-07-28,42603.15,Duplicate Charge,Lost
CB007952,TXN007424,CUST01332,MER03095,2024-07-24,1726.62,Service Not Received,Won
CB007953,TXN003011,CUST08582,MER07046,2024-09-26,74804.34,Service Not Received,Lost
CB007954,TXN002592,CUST09532,MER01478,2024-01-25,19576.17,Service Not Received,Won
CB007955,TXN009893,CUST04781,MER01016,2024-11-04,1525.34,Fraud Suspected,Under Review
CB007956,TXN003919,CUST03277,MER00371,2024-03-14,30093.82,Unauthorized Transaction,Lost
CB007957,TXN006601,CUST08422,MER01589,2024-03-19,3834.09,Product Not Received,Won
CB007958,TXN002807,CUST06539,MER01550,2024-10-28,136.42,Product Not Received,Won
CB007959,TXN000497,CUST02812,MER09339,2024-09-18,1165.75,Service Not Received,Lost
CB007960,TXN009961,CUST06812,MER01802,2024-02-04,83617.61,Product Not Received,Open
CB007961,TXN003328,CUST08129,MER07105,2024-11-20,61109.22,Fraud Suspected,Open
CB007962,TXN002487,CUST00721,MER06223,2024-06-16,8588.8,Fraud Suspected,Open
CB007963,TXN005810,CUST08098,,2024-05-11,248.57,Service Not Received,Won
CB007964,TXN003506,CUST03992,MER08334,2024-03-25,,Service Not Received,Under Review
CB007965,TXN001562,CUST05205,MER06297,2025-01-07,27575.38,Duplicate Charge,Lost
CB007966,TXN007967,CUST02292,MER01423,2024-11-13,16713.73,Service Not Received,Lost
CB007967,TXN007115,CUST00277,MER06558,2024-10-05,341.08,Product Not Received,Open
CB007968,TXN006254,CUST02698,MER00055,2024-09-10,1008.2,Product Not Received,Lost
CB007969,TXN005016,CUST03807,MER07516,2025-01-17,35054.62,Service Not Received,Under Review
CB007970,TXN009285,CUST01400,MER08833,2024-01-19,5404.75,Fraud Suspected,Open
CB007971,TXN000013,CUST05636,MER02087,2024-09-11,63384.13,Duplicate Charge,Under Review
CB007972,TXN000860,CUST00177,MER09672,2024-11-23,48764.54,Unauthorized Transaction,Won
CB007973,TXN002812,CUST02827,MER06350,2025-02-03,14542.62,Fraud Suspected,Won
CB007974,TXN009089,CUST05940,MER02287,2024-03-09,258.65,Service Not Received,Lost
CB007975,TXN004072,CUST00966,MER01259,2024-07-10,917.85,Product Not Received,Under Review
CB007976,TXN000696,CUST02143,MER01016,2024-04-02,211.47,Product Not Received,Lost
CB007977,TXN009796,CUST00576,MER00377,2024-08-26,528.83,Product Not Received,Under Review
CB007978,TXN009574,CUST05702,MER00683,2024-05-13,17200.31,Duplicate Charge,Open
CB007979,TXN007948,CUST07461,MER08895,2025-01-01,52316.37,Service Not Received,Open
CB007980,TXN007077,CUST08856,MER09309,2024-06-12,616.39,Unauthorized Transaction,Lost
CB007981,TXN002314,CUST05471,MER09661,2024-12-19,915.24,Fraud Suspected,
CB007982,TXN005413,CUST01118,MER01848,2024-03-06,13009.36,Duplicate Charge,Won
CB007983,TXN001293,CUST09375,MER01631,2024-11-21,24122.94,Product Not Received,Lost
CB007984,TXN008592,CUST09492,MER00252,2024-07-17,37065.42,Unauthorized Transaction,Won
CB007985,TXN001126,CUST02156,MER01098,2024-12-01,332.2,Unauthorized Transaction,Under Review
CB007986,TXN001071,CUST08359,MER01777,,35032.54,Product Not Received,Open
CB007987,TXN005505,CUST02811,MER06519,2024-04-08,91162.46,Fraud Suspected,Open
CB007988,TXN001169,CUST09004,MER05452,,11905.25,Service Not Received,Open
CB007989,TXN002164,CUST01288,MER05190,2024-02-23,4310.1,Duplicate Charge,Lost
CB007990,TXN007417,CUST05572,MER00853,2024-09-08,264.19,Unauthorized Transaction,Under Review
CB007991,TXN009312,CUST06968,MER03357,2024-05-06,1501.33,Product Not Received,Open
CB007992,TXN006488,CUST06363,MER04949,2024-08-21,84205.24,Fraud Suspected,Lost
CB007993,TXN004934,CUST07327,MER00065,2024-11-06,890.66,Unauthorized Transaction,Lost
CB007994,TXN007052,CUST02451,MER05734,2024-05-16,136.52,Product Not Received,Open
CB007995,TXN004952,CUST04907,MER07428,2024-06-12,1261.35,Service Not Received,Under Review
CB007996,TXN002754,CUST01047,MER05955,2024-07-24,888.92,Duplicate Charge,Open
CB007997,TXN007616,CUST08591,MER05649,2024-09-17,30457.66,Fraud Suspected,Lost
CB007998,TXN006687,CUST00857,MER00946,2024-01-31,1669.44,Fraud Suspected,Open
CB007999,,CUST04111,MER06182,2024-11-06,869.04,Service Not Received,Won
CB008000,TXN007764,CUST08688,MER04626,2024-05-12,667.94,Duplicate Charge,Under Review
CB008001,TXN001354,CUST06400,MER04821,2024-09-17,95604.44,Fraud Suspected,Won
CB008002,TXN001959,CUST03575,MER04061,2024-06-17,1865.71,Duplicate Charge,Won
CB008003,TXN004507,CUST06959,MER07656,2024-02-06,24114.56,Duplicate Charge,Open
CB008004,TXN008560,CUST09040,MER02118,2024-11-03,79019.4,Duplicate Charge,Won
CB008005,TXN007787,CUST03554,MER08973,2024-03-02,84542.34,Unauthorized Transaction,Under Review
CB008006,TXN000020,CUST09101,MER07486,2025-02-04,8119.23,Product Not Received,Under Review
CB008007,TXN006371,CUST08265,MER04391,2025-01-18,381.56,Service Not Received,Open
CB008008,TXN002897,CUST03426,MER01588,2024-12-20,54546.44,Duplicate Charge,Under Review
CB008009,TXN004785,CUST05723,MER03959,2024-02-24,51412.37,Product Not Received,Under Review
CB008010,TXN007011,CUST08017,MER04799,2024-12-26,8177.53,Unauthorized Transaction,Open
CB008011,TXN003154,CUST06081,MER02812,2024-02-23,1186.0,Unauthorized Transaction,Open
CB008012,TXN005153,CUST01486,MER02055,2024-08-01,21564.78,Product Not Received,Under Review
CB008013,TXN005366,CUST08848,MER07075,2024-08-14,110323.3,Service Not Received,Lost
CB008014,TXN005216,CUST02019,MER05273,2024-09-13,21241.54,Duplicate Charge,Open
CB008015,TXN006605,CUST06583,MER09661,2024-03-08,16491.94,Product Not Received,Under Review
CB008016,TXN002342,CUST05328,MER05794,2024-11-22,9452.31,Unauthorized Transaction,Won
CB008017,TXN003838,CUST04240,MER01440,2024-04-10,13056.33,Service Not Received,Under Review
CB008018,TXN001444,CUST00162,MER09916,2024-04-14,7525.91,Unauthorized Transaction,
CB008019,TXN003786,CUST02426,MER00553,2024-07-23,23534.46,Service Not Received,Under Review
CB008020,TXN007812,CUST06042,MER06936,2024-06-21,40352.5,Fraud Suspected,Won
CB008021,TXN004376,CUST09109,MER04793,2024-12-28,970.25,Duplicate Charge,Open
CB008022,TXN008274,CUST03530,MER01580,2024-11-15,19955.73,Product Not Received,Lost
CB008023,TXN005895,CUST05828,MER00744,2024-01-13,9242.09,Service Not Received,Won
CB008024,TXN005590,CUST00839,MER03105,2025-01-03,57750.18,Service Not Received,Under Review
,TXN008383,CUST05144,MER01791,2024-07-26,2471.27,Fraud Suspected,Under Review
CB008026,TXN007977,CUST08159,,2024-03-20,2776.04,Unauthorized Transaction,Open
CB008027,TXN008530,CUST05329,MER06254,2024-03-27,31242.85,Fraud Suspected,Lost
CB007296,TXN000268,CUST04278,MER07571,2024-10-19,2267.81,Product Not Received,Under Review
CB008029,TXN008920,CUST07594,MER09761,2024-07-20,352.95,Duplicate Charge,Won
CB008030,TXN001203,CUST07947,MER00685,2024-11-13,100590.67,Fraud Suspected,Under Review
CB008031,TXN001133,CUST00742,MER02542,2024-07-27,1785.25,Fraud Suspected,Open
CB008032,TXN009871,CUST09094,MER02164,2024-04-28,1369.94,Unauthorized Transaction,Open
CB008033,TXN000619,CUST06508,MER02487,2025-01-10,77667.1,Duplicate Charge,Under Review
CB008034,TXN007187,CUST02636,MER01025,2025-01-14,21288.88,Fraud Suspected,Won
CB008035,TXN003633,CUST02936,MER09904,2025-01-07,110155.57,Product Not Received,Lost
CB008036,TXN008944,CUST04126,MER07653,2024-09-19,92752.0,Duplicate Charge,Open
CB008037,TXN005437,CUST07556,MER08931,2024-08-09,33684.21,Service Not Received,Open
CB008038,TXN004308,CUST02815,,2025-01-31,11837.62,Service Not Received,Open
CB008039,TXN008363,CUST03086,MER07878,,39052.79,Service Not Received,Under Review
CB008040,TXN005338,CUST09337,MER08859,2025-02-15,5005.35,Unauthorized Transaction,Won
CB008041,TXN000745,CUST08610,MER00108,2024-05-16,16712.6,Duplicate Charge,Open
CB008042,TXN000368,CUST09154,MER05572,2024-07-19,13939.77,Product Not Received,Lost
CB008043,TXN009014,CUST01131,MER09837,2024-11-16,117.91,Unauthorized Transaction,Lost
CB008044,TXN007112,CUST09031,MER04714,2024-02-25,1536.72,Fraud Suspected,Under Review
CB008045,TXN001575,CUST09718,,2024-04-29,719.88,Unauthorized Transaction,Open
CB008046,TXN006887,CUST03577,MER00203,2024-04-23,49252.7,Product Not Received,Won
CB008047,TXN005271,CUST05902,MER08172,2024-09-29,58820.76,Fraud Suspected,Open
CB008048,TXN002562,CUST09917,MER00974,2024-10-09,786.54,Fraud Suspected,Lost
,TXN009341,CUST09836,MER03631,2025-02-07,13342.64,Unauthorized Transaction,Lost
CB008050,TXN007896,CUST01834,MER06836,2024-02-15,4330.36,Fraud Suspected,Open
CB008051,TXN001804,CUST03301,MER01633,2024-09-03,43701.06,Unauthorized Transaction,Won
CB008052,TXN002501,CUST04860,MER05014,2024-12-18,3870.57,Unauthorized Transaction,Lost
CB008053,TXN005878,CUST02139,MER02185,2024-03-15,333.7,Service Not Received,Under Review
CB008054,TXN004556,CUST08611,MER02991,2024-07-07,10955.57,Duplicate Charge,Under Review
CB008055,TXN006592,CUST03849,MER03668,2024-06-19,4675.76,,Open
CB008056,TXN001313,CUST05523,MER04404,,11901.64,Service Not Received,Lost
CB008057,TXN008798,,MER07437,2024-03-22,17598.92,Duplicate Charge,Lost
CB008058,TXN009626,CUST09994,MER06539,2024-02-22,17382.62,Fraud Suspected,Under Review
CB008059,TXN002352,CUST05773,MER02924,2024-06-01,8948.3,,Under Review
CB008060,TXN005383,CUST09808,MER00861,2024-07-15,1328.32,Unauthorized Transaction,Lost
CB008061,,CUST05742,MER03681,2024-12-11,546.05,Unauthorized Transaction,Under Review
CB008062,TXN007723,CUST06831,MER05976,2024-07-09,677.46,Fraud Suspected,Open
CB008063,TXN008518,CUST02145,MER04175,2024-09-22,1609.64,Service Not Received,Won
CB008064,TXN006943,CUST00981,MER00269,2024-03-24,553.98,Unauthorized Transaction,Open
CB008065,TXN001982,CUST03708,MER05582,2024-04-23,826.4,Fraud Suspected,Won
CB008066,TXN003547,CUST00107,MER09342,2024-10-19,15410.92,Service Not Received,Under Review
CB008067,TXN006598,CUST09463,MER04238,2024-03-09,1015.86,Fraud Suspected,Open
CB008068,TXN001861,CUST02621,MER06834,2024-05-28,330.99,Unauthorized Transaction,Open
CB008069,TXN007398,CUST08685,MER09810,2024-05-07,9246.68,Fraud Suspected,Open
CB008070,TXN003302,CUST03343,MER06350,2024-02-07,17004.62,Fraud Suspected,Under Review
CB008071,TXN006276,CUST06696,MER05535,2024-02-11,88849.38,Fraud Suspected,Lost
CB008072,TXN003189,CUST01363,MER06839,2024-05-13,729.19,Product Not Received,Under Review
CB008073,TXN000350,CUST00668,MER04530,2024-10-13,1401.64,Product Not Received,Under Review
CB008074,TXN004172,CUST07092,MER01422,2025-01-17,8223.66,Product Not Received,Won
CB008075,TXN003533,CUST01259,MER05134,2024-06-26,708.2,Unauthorized Transaction,Under Review
CB008076,TXN002728,CUST03444,MER07683,2024-12-01,759.24,Product Not Received,Won
CB008077,TXN005171,CUST06695,MER08175,2024-10-28,19344.76,Unauthorized Transaction,Open
CB008078,TXN002414,CUST00931,MER04853,2024-11-04,44618.41,Duplicate Charge,Lost
CB008079,TXN000541,CUST08716,MER08254,2024-10-05,14779.71,Service Not Received,Open
CB008080,TXN009719,CUST04345,MER06561,2024-05-29,17891.48,Service Not Received,Under Review
CB008081,TXN001836,CUST07421,MER02831,2024-03-11,22189.08,Product Not Received,Under Review
CB008082,TXN006755,CUST03085,MER05412,2025-01-18,8653.38,Duplicate Charge,Won
CB008083,TXN007892,CUST05867,MER05426,2024-11-14,3144.28,Service Not Received,Open
CB008084,TXN001205,CUST09965,MER07475,2024-10-23,50546.16,Service Not Received,Under Review
CB008085,TXN005911,CUST05473,MER01201,2024-10-10,6480.24,Product Not Received,Open
CB008086,TXN005552,CUST03118,MER02061,2024-12-29,47736.52,Service Not Received,Open
CB008087,TXN005692,CUST05642,MER01228,2025-01-11,91150.69,Duplicate Charge,Under Review
CB008088,TXN001975,CUST02693,MER08082,2024-10-16,17876.7,Product Not Received,Open
CB008089,TXN007917,CUST06743,MER00789,2024-02-28,3279.98,Product Not Received,Under Review
CB008090,TXN004056,CUST08449,MER04709,2024-07-29,22520.93,Duplicate Charge,Won
CB008091,TXN007746,CUST05981,MER05968,2024-03-18,14574.26,Service Not Received,Lost
CB008092,TXN003786,CUST02426,MER00553,2024-08-05,,Service Not Received,Won
CB008093,TXN000915,CUST02035,MER09366,2024-05-28,33000.48,Fraud Suspected,Under Review
CB008094,,CUST01527,MER06338,2024-03-29,44622.38,Service Not Received,Open
CB009608,TXN006535,CUST06092,MER09328,2024-04-01,549.26,Unauthorized Transaction,Under Review
CB008096,TXN006342,CUST08570,MER01111,2024-03-09,1300.96,Unauthorized Transaction,Won
CB008097,TXN007221,CUST03055,MER02417,2024-10-31,15552.71,Service Not Received,Open
CB008098,TXN005395,CUST00727,MER06540,2024-02-14,1935.16,Duplicate Charge,Won
CB008099,TXN003144,CUST04440,MER03036,2024-05-17,48105.36,Unauthorized Transaction,
CB008100,TXN007954,CUST05930,MER08021,2024-07-07,108336.89,Product Not Received,Won
CB008101,TXN000837,CUST08620,MER05116,2024-05-05,15213.73,Unauthorized Transaction,Under Review
CB008102,TXN005184,CUST03479,MER04481,2024-03-25,,Unauthorized Transaction,Lost
CB008103,TXN004166,CUST03090,MER04172,2024-08-08,3169.2,Fraud Suspected,Open
CB008104,TXN004584,CUST05673,MER06904,2024-06-19,39269.67,Fraud Suspected,Won
CB008105,TXN006278,CUST01767,MER07349,2024-04-29,318.07,Service Not Received,Lost
CB008106,TXN002202,CUST02535,MER04591,2024-06-09,730.8,Fraud Suspected,Won
CB008107,TXN007747,CUST06257,MER09472,2024-01-23,22598.54,Unauthorized Transaction,Under Review
CB008108,TXN008547,CUST08744,MER09115,2024-04-18,14204.47,Product Not Received,Open
CB008109,TXN002071,CUST03113,MER01485,2024-07-27,12900.22,Service Not Received,Open
CB008110,TXN004070,CUST09868,MER05546,2024-05-02,24977.86,Fraud Suspected,Lost
CB008111,TXN001622,CUST03972,MER07234,2024-04-02,2453.01,Product Not Received,Under Review
CB008112,TXN004040,CUST00713,MER00172,2024-04-25,1090.18,Fraud Suspected,Lost
CB008113,TXN002845,CUST02091,MER02923,2024-05-14,36550.7,Duplicate Charge,Under Review
CB008114,TXN003748,CUST02276,MER01323,2024-09-12,1047.32,Duplicate Charge,Open
CB008115,TXN000844,CUST09726,MER02569,,68863.54,Product Not Received,Under Review
CB008116,TXN007167,CUST03157,MER07424,2024-05-21,22702.56,Product Not Received,Open
CB008117,TXN000317,CUST03021,MER02996,2024-02-14,65064.92,Fraud Suspected,Open
CB008118,TXN005461,CUST03625,MER02852,2024-12-22,1591.53,Duplicate Charge,Lost
CB008119,TXN004268,CUST04059,MER03416,2024-03-01,2887.32,Duplicate Charge,Open
CB008120,TXN007322,CUST04654,MER05919,2024-09-12,45052.44,Unauthorized Transaction,Open
CB008121,TXN005896,CUST00911,MER04891,2024-03-20,72293.85,Unauthorized Transaction,Lost
CB008122,TXN004983,CUST05813,MER06464,2025-01-06,47057.84,Product Not Received,Open
CB008123,UNKNOWN,CUST00208,MER04157,2024-03-07,85881.96,Product Not Received,Open
CB008124,TXN009515,CUST04172,MER09602,,43476.08,Product Not Received,Won
CB008125,TXN003142,CUST07599,MER09006,2024-05-11,39261.48,Service Not Received,Won
CB008126,TXN006529,CUST04793,MER05827,2024-02-07,82231.38,Fraud Suspected,Won
CB008127,TXN003816,CUST08573,MER04875,2024-02-04,42514.44,Duplicate Charge,Lost
CB008128,TXN008277,CUST06432,MER05509,2024-04-27,74394.08,Unauthorized Transaction,Open
CB008129,TXN000664,CUST00941,MER04252,2024-04-18,32271.07,Fraud Suspected,Won
CB008130,TXN004973,CUST01932,MER09180,2024-11-26,10852.84,Product Not Received,Under Review
CB008131,TXN007824,CUST09959,MER01937,2024-01-22,24645.38,Duplicate Charge,Open
CB008132,TXN009062,CUST02326,MER06879,2024-06-30,6832.86,Service Not Received,Won
CB008133,TXN002189,CUST08993,MER02477,2024-06-22,3799.24,Fraud Suspected,Under Review
CB008134,TXN003028,CUST04394,MER09979,2025-01-06,18332.72,Product Not Received,Won
CB008135,TXN001052,CUST05141,MER03083,2025-02-05,25225.03,Product Not Received,Under Review
CB008136,TXN001174,CUST02046,MER05701,2024-07-11,51293.58,Product Not Received,Under Review
CB008137,TXN004427,CUST05900,MER04696,2024-04-25,31907.32,Duplicate Charge,Under Review
CB008138,TXN007988,CUST03158,MER06025,2024-10-09,1155.46,Service Not Received,Won
CB008139,TXN003226,CUST00589,MER09305,2024-08-16,26003.55,Duplicate Charge,Lost
CB008140,TXN004088,CUST08348,MER06888,2024-06-19,111163.02,Unauthorized Transaction,Open
CB008141,TXN000124,CUST09859,MER09031,2024-09-19,17530.86,Duplicate Charge,Lost
CB008142,TXN005350,CUST06219,MER00150,2024-08-11,62533.36,Unauthorized Transaction,
CB008143,TXN007222,CUST06944,MER02027,2024-12-14,4739.63,Duplicate Charge,Open
CB008144,TXN009065,CUST04755,,2025-01-26,2819.71,Fraud Suspected,Open
CB008145,TXN005937,CUST00252,MER02147,2024-08-26,598.62,Fraud Suspected,Under Review
CB008146,TXN008184,UNKNOWN,MER07559,2025-01-02,102884.4,Service Not Received,Won
CB008147,TXN002581,CUST04868,MER03684,2024-09-30,17134.4,Unauthorized Transaction,Open
CB008148,TXN004365,CUST02014,MER02400,2024-02-28,81524.47,Product Not Received,Open
CB005376,TXN003825,CUST07171,MER04567,2024-03-04,3426.23,Service Not Received,Lost
CB008150,TXN008591,CUST03279,MER00693,2024-07-24,71685.35,Fraud Suspected,Under Review
CB008151,TXN005246,CUST05894,MER06157,2024-10-08,57296.45,Service Not Received,Won
CB008152,TXN007885,CUST05756,MER00594,2024-06-27,79.27,Fraud Suspected,Lost
CB008153,TXN006485,CUST01797,MER06030,2024-04-13,12137.95,Duplicate Charge,Under Review
CB008154,TXN004445,CUST02724,MER08305,2025-02-17,168.69,Product Not Received,Open
CB008155,TXN009117,CUST07817,MER08988,2025-01-06,1759.26,Product Not Received,Won
CB008156,TXN001333,CUST05892,MER06641,2024-09-11,44378.2,Duplicate Charge,Won
CB008157,TXN008841,CUST06314,MER01824,2024-12-20,970.86,Fraud Suspected,Open
CB008158,TXN008500,CUST01361,MER05535,2024-10-30,872.67,Duplicate Charge,Open
CB008159,TXN000977,CUST00676,MER07675,2024-08-10,4521.95,Service Not Received,Open
CB008160,TXN006228,CUST01354,MER09688,,1895.6,Product Not Received,Under Review
CB008161,TXN007496,CUST09270,MER06023,2024-12-30,9283.03,Service Not Received,Won
CB008162,,CUST02195,MER09889,2024-04-16,251.16,Unauthorized Transaction,Open
CB008163,TXN005376,CUST03534,MER04111,2024-12-17,16950.55,Product Not Received,Won
CB008164,TXN000168,CUST03023,MER04910,2025-02-04,92119.2,Product Not Received,Under Review
CB008165,TXN005253,CUST00229,MER09152,2024-06-25,27120.7,Unauthorized Transaction,Open
CB008166,TXN007408,CUST09422,MER05733,2024-08-15,26584.12,Product Not Received,Won
CB008167,TXN007406,CUST09520,MER02948,2024-06-12,5440.12,Product Not Received,Open
CB008168,TXN008184,CUST01428,MER07559,2024-12-24,102884.4,Fraud Suspected,Under Review
CB008169,TXN007858,CUST06175,MER09538,2024-12-05,196.79,Product Not Received,Lost
CB008170,TXN005944,CUST04562,MER08517,2024-04-02,,Duplicate Charge,Under Review
CB008171,TXN001288,CUST07123,MER05077,2024-04-25,8179.84,Unauthorized Transaction,Won
CB008172,TXN008538,CUST02759,MER02109,2024-06-06,7696.21,Duplicate Charge,Lost
CB008474,TXN009469,CUST05047,MER08113,2025-01-06,10802.02,Unauthorized Transaction,Lost
CB008174,TXN003267,CUST05374,MER04132,2024-12-30,67.71,Unauthorized Transaction,Won
CB008175,TXN008957,CUST00592,MER06689,2025-01-28,769.71,Service Not Received,Open
CB008176,TXN009649,CUST02156,MER04569,2024-07-17,942.49,Service Not Received,Lost
CB008177,TXN000065,CUST09269,UNKNOWN,2024-12-27,69649.63,Service Not Received,Open
CB008178,TXN009027,CUST09418,MER07130,2024-02-12,1820.16,Service Not Received,Lost
CB008179,TXN002592,CUST09532,MER01478,2024-02-09,19576.17,Service Not Received,Under Review
CB008180,TXN000621,CUST06191,MER05924,2024-11-15,1813.67,Unauthorized Transaction,Under Review
CB008181,TXN008965,CUST07886,MER04719,2025-01-17,25562.38,Duplicate Charge,Open
CB008182,TXN005778,,MER03465,2024-06-20,5882.04,Service Not Received,Open
CB008183,TXN002083,CUST02128,MER09535,2024-03-04,12805.16,Product Not Received,Open
CB008184,TXN009397,CUST03947,MER08767,2024-09-03,1790.5,Unauthorized Transaction,Open
CB008185,TXN004234,CUST08501,MER09914,2024-06-19,5422.8,Duplicate Charge,Lost
CB008186,TXN008130,CUST01752,MER05678,2024-05-24,231.0,Unauthorized Transaction,Won
CB008187,TXN009039,CUST04346,MER08255,2024-08-31,84367.05,Product Not Received,Under Review
CB008188,TXN007461,CUST07741,MER08652,2024-04-27,51480.0,Unauthorized Transaction,Won
CB008189,TXN003762,CUST09988,MER00440,2024-05-04,5555.98,Fraud Suspected,Won
CB008190,TXN006572,CUST06242,MER02801,2024-12-31,1452.12,Product Not Received,Lost
CB008191,TXN000156,CUST04975,MER07873,2024-06-07,205.8,Duplicate Charge,Under Review
CB008192,TXN004575,CUST01261,MER06807,2024-04-02,11746.82,Service Not Received,
CB008193,TXN002947,CUST02628,MER05654,2024-03-26,752.14,Unauthorized Transaction,Lost
CB008194,TXN000867,CUST00726,MER03961,2024-10-21,855.21,Unauthorized Transaction,Won
CB008195,TXN001901,CUST00549,MER03962,2024-08-05,1574.38,Product Not Received,Open
CB008196,TXN007767,CUST07931,MER07033,2024-07-04,96413.89,Product Not Received,Under Review
CB008197,TXN005053,CUST01110,MER06699,2024-12-16,4558.54,Duplicate Charge,Under Review
CB008198,TXN007142,CUST09991,MER06310,2024-03-18,92413.56,Unauthorized Transaction,Lost
CB008199,TXN008945,CUST04566,MER01766,2024-05-06,1460.03,Service Not Received,Lost
CB008200,TXN005122,CUST00241,MER06185,2024-10-29,16332.42,Product Not Received,Open
CB008201,TXN005567,CUST00515,MER02665,2024-10-11,8515.49,Service Not Received,Open
CB008202,TXN005657,CUST05861,MER04336,2024-06-11,5634.72,Duplicate Charge,Won
CB008203,TXN001712,CUST07669,MER02243,2024-04-10,N/A,Fraud Suspected,Won
CB008204,TXN004811,CUST08174,MER09451,2024-04-09,54249.79,Service Not Received,Open
CB008205,TXN002571,CUST06588,MER05536,2024-06-15,9345.04,Product Not Received,Under Review
CB008206,TXN002187,CUST09608,MER06553,2025-01-27,65063.81,Service Not Received,Won
CB008207,TXN009397,CUST03947,MER08767,2024-07-20,3581.0,Unauthorized Transaction,Won
CB008208,TXN003790,CUST01914,MER05399,2024-07-15,7153.27,Service Not Received,Open
CB008209,TXN009079,,MER07423,2024-08-04,16307.43,Product Not Received,Lost
CB008210,TXN003510,CUST07394,MER02881,2024-12-10,98443.66,Product Not Received,Open
CB008211,,CUST06244,MER05634,2024-03-04,4826.87,Duplicate Charge,Open
CB008212,TXN000385,CUST00133,MER02716,2024-09-10,24347.34,Service Not Received,Open
CB008213,TXN002295,CUST03047,MER08333,2024-03-24,651.36,Unauthorized Transaction,Open
CB008214,TXN007081,CUST03873,MER04857,2024-11-30,1261.56,Product Not Received,Won
CB008215,TXN005335,CUST01980,MER06468,2024-08-30,8509.02,Duplicate Charge,Open
CB008216,TXN007169,CUST05361,MER05931,2024-01-29,5188.93,Service Not Received,Under Review
CB008217,TXN003065,CUST06311,MER07386,2025-01-01,72629.93,Unauthorized Transaction,Under Review
CB008218,TXN002712,CUST07287,MER02936,2024-03-10,89000.28,Product Not Received,Won
CB008219,TXN004087,CUST06802,MER06678,2024-07-04,85632.93,Product Not Received,Won
CB008220,TXN004026,CUST04143,MER03542,2024-08-01,14896.31,Unauthorized Transaction,Lost
CB008221,TXN001662,CUST09807,MER01669,2024-05-04,15486.74,Fraud Suspected,Won
CB008222,TXN003066,CUST04592,MER05849,2024-04-06,16624.75,Product Not Received,Won
CB008223,TXN002235,CUST03793,MER02746,2024-12-26,8995.4,Service Not Received,Open
CB008224,TXN006269,CUST03054,MER09589,2024-08-18,1577.11,Service Not Received,Open
CB008225,TXN003666,CUST06433,MER01476,2025-01-11,N/A,Duplicate Charge,Won
CB008226,TXN004481,CUST01772,MER06940,,1446.44,Fraud Suspected,Under Review
CB008227,TXN004533,CUST09827,MER03757,2024-12-26,297.18,Service Not Received,Open
CB008228,TXN003759,CUST08619,MER06301,2024-05-04,13263.67,Unauthorized Transaction,Under Review
CB008229,TXN007468,CUST05601,MER03695,2024-09-12,237.43,Duplicate Charge,Won
CB008230,TXN004521,CUST01383,MER09167,2024-04-05,127.34,Fraud Suspected,Lost
CB008231,TXN001389,CUST04967,MER08446,2024-10-12,18995.03,Unauthorized Transaction,Won
CB008232,TXN009733,CUST02282,MER02398,2024-01-26,17659.0,Unauthorized Transaction,Won
CB008233,TXN008757,CUST00815,MER08916,2024-12-27,1120.86,Unauthorized Transaction,Under Review
CB008234,TXN001062,CUST06213,MER04292,2024-01-30,4239.48,Service Not Received,Lost
CB008235,TXN001766,CUST08765,MER00206,2024-10-09,95110.11,Unauthorized Transaction,Open
CB008236,TXN002399,CUST02918,MER08953,2024-02-11,900.73,Product Not Received,Open
CB008237,TXN009756,CUST04056,MER02348,2024-09-10,31201.22,Duplicate Charge,Under Review
CB008238,TXN009525,CUST05593,MER00884,2024-08-02,1517.76,Product Not Received,Won
CB008239,TXN001302,CUST00097,MER00320,2024-06-06,6020.66,Service Not Received,Lost
CB008240,TXN002037,CUST08088,MER02949,2024-11-01,747.6,Duplicate Charge,Open
CB008241,TXN002211,CUST08152,MER04861,2024-08-23,11950.02,Unauthorized Transaction,Open
CB008242,TXN006203,CUST08644,,2024-08-31,510.89,Fraud Suspected,Under Review
CB008243,TXN007290,CUST04093,MER04230,2024-11-15,806.51,,Under Review
CB008244,TXN006222,CUST08411,MER06505,2024-07-30,14533.17,Unauthorized Transaction,Lost
CB008245,TXN005344,CUST04298,MER06552,2025-01-28,31.18,Unauthorized Transaction,Won
CB008246,TXN003819,CUST08288,MER05068,2024-11-29,53705.69,Service Not Received,Open
CB008247,TXN006352,CUST00840,MER00793,2024-02-18,171.55,Unauthorized Transaction,Won
,TXN002436,CUST08475,MER07547,2024-10-20,62995.8,Unauthorized Transaction,Lost
CB008249,TXN004989,CUST06164,MER09763,2024-02-06,55903.68,Unauthorized Transaction,Lost
CB008250,TXN004398,CUST02706,MER02191,2024-09-22,6826.11,Unauthorized Transaction,Open
CB008251,TXN001932,CUST00333,MER03005,2024-12-27,1172.66,Service Not Received,Under Review
CB008252,TXN002074,CUST03194,MER05061,2025-02-10,82829.3,Unauthorized Transaction,Won
CB008253,TXN006610,CUST06851,MER08511,2024-06-18,,Service Not Received,Lost
CB008254,TXN000298,CUST06648,MER02149,2024-10-02,87604.54,Unauthorized Transaction,Lost
CB008255,TXN000892,CUST03978,MER08006,2024-06-07,1042.56,Fraud Suspected,Under Review
CB008256,TXN003001,CUST09817,MER01228,2024-12-17,2121.78,Fraud Suspected,Lost
CB008257,TXN000987,CUST07237,MER03544,2024-06-02,8003.19,Duplicate Charge,Under Review
CB008258,TXN005877,CUST01186,MER02538,2024-06-18,25817.81,Duplicate Charge,Won
CB008259,TXN004427,CUST05900,MER04696,2024-05-06,36693.42,Duplicate Charge,Open
CB008260,TXN003039,CUST00177,MER01081,2025-02-20,1870.69,Product Not Received,Lost
CB008261,TXN004674,CUST00316,MER02886,2024-12-02,67601.98,Service Not Received,Lost
CB008262,TXN009126,CUST01142,MER05353,2024-02-20,778.13,Unauthorized Transaction,Under Review
CB008263,TXN004627,CUST03432,MER08837,2024-01-17,4135.7,Product Not Received,Won
CB008264,TXN005782,CUST02057,MER03285,2024-10-30,93431.3,Duplicate Charge,Lost
CB008265,TXN007959,CUST04297,,2025-01-16,742.43,Unauthorized Transaction,Open
CB008266,TXN008795,CUST07348,MER03752,2024-12-29,34051.96,Product Not Received,Under Review
CB008267,TXN005114,CUST02570,MER05216,2024-08-12,7767.91,Duplicate Charge,Open
CB008268,TXN002820,CUST05576,MER02384,2024-08-29,2005.26,Unauthorized Transaction,Under Review
CB008269,TXN008361,CUST05620,MER08302,2024-09-08,28210.91,Fraud Suspected,Open
CB008270,TXN004810,CUST05372,MER02529,2024-04-28,4072.66,Duplicate Charge,Won
CB008271,TXN001237,CUST06552,MER06962,2024-08-17,1478.18,Fraud Suspected,Won
CB008272,TXN002153,CUST04585,MER03852,2024-02-10,20896.71,Duplicate Charge,Won
CB008273,TXN001392,CUST08909,MER02285,2024-09-14,13169.72,Product Not Received,Won
CB008274,TXN003826,CUST03902,MER05089,2024-04-03,30849.45,Fraud Suspected,Open
CB008275,TXN002138,CUST06754,MER08669,2025-02-02,15263.49,Product Not Received,Open
CB008276,TXN009883,CUST01601,MER03121,2024-07-20,1427.09,Product Not Received,Won
CB008277,UNKNOWN,CUST06200,MER07729,2024-04-14,11623.75,Duplicate Charge,Under Review
CB008278,TXN003332,CUST05556,MER09687,2024-06-14,282.66,Product Not Received,Under Review
CB008279,TXN002526,CUST06937,MER03703,2024-10-23,19116.15,Fraud Suspected,Lost
CB008280,TXN009021,CUST04231,MER04313,2024-05-12,17888.52,Duplicate Charge,Under Review
CB008281,TXN009191,CUST04460,MER01395,2024-06-14,6755.38,Fraud Suspected,Lost
CB008282,TXN009160,CUST04441,MER02796,2025-02-19,90735.73,Service Not Received,Under Review
CB008283,TXN000301,CUST06909,MER07134,2024-07-01,24720.76,Unauthorized Transaction,Lost
CB008284,TXN001899,CUST06680,MER07159,2024-10-23,1257.09,,Open
CB008285,TXN005877,CUST01186,MER02538,2024-06-07,59380.96,Service Not Received,Open
CB008286,TXN007437,CUST07207,MER04027,2024-11-05,1198.0,Unauthorized Transaction,Won
CB008287,TXN000299,CUST09647,MER03404,2024-03-26,42961.77,Service Not Received,Won
CB008288,TXN000385,CUST00133,MER02716,2024-07-28,48694.68,Service Not Received,Open
CB008289,TXN008627,CUST04966,MER09216,2024-11-18,23594.99,Fraud Suspected,Under Review
CB008290,TXN005298,,MER01248,2024-04-05,,Service Not Received,Under Review
CB008291,TXN005723,CUST03846,MER05501,2024-10-14,4748.52,Product Not Received,Under Review
CB008292,TXN000688,CUST04378,MER06731,2025-01-19,,Duplicate Charge,Lost
CB008293,TXN005523,CUST06117,MER04296,2024-02-26,1295.39,Fraud Suspected,Won
CB008294,TXN001758,CUST06904,MER04213,2024-11-16,1425.08,Duplicate Charge,Won
CB008295,TXN002458,CUST02699,MER02468,2024-08-04,1147.45,Unauthorized Transaction,Open
CB008296,TXN007970,CUST00397,MER09607,2024-09-30,26150.1,Product Not Received,Lost
CB008297,TXN001711,CUST07235,MER09025,2024-12-02,51772.95,Service Not Received,Won
CB008298,TXN008244,,UNKNOWN,2024-07-07,108746.06,Product Not Received,Open
CB008299,TXN001115,CUST09680,MER04563,2024-05-16,24744.92,Fraud Suspected,Under Review
CB008300,TXN006443,CUST02177,MER02387,2024-12-12,2558.89,Service Not Received,Open
CB008301,TXN000151,CUST08166,MER06244,2024-12-25,13789.04,Duplicate Charge,Open
CB008302,TXN004728,CUST05664,,2024-04-14,3044.8,Duplicate Charge,Open
CB008303,TXN006800,CUST07069,MER01270,2024-11-22,5267.18,Service Not Received,Won
CB008304,TXN004984,CUST06559,MER02175,2024-07-06,113460.53,Unauthorized Transaction,Lost
CB008305,TXN006203,CUST08644,MER03774,2024-08-20,255.44,Service Not Received,Won
CB008306,TXN001492,CUST02597,MER02946,2024-08-20,2223.09,Unauthorized Transaction,Won
CB008307,TXN003512,CUST08902,MER07475,2024-09-09,58300.33,Product Not Received,Under Review
CB008308,TXN001141,CUST07915,MER00748,2024-07-14,43038.44,Product Not Received,Open
CB008309,TXN002998,CUST09437,MER08593,2024-02-14,1256.75,Unauthorized Transaction,Open
CB008310,TXN005027,CUST06200,MER07729,2024-04-28,11623.75,Service Not Received,Lost
CB008311,TXN009068,CUST05141,MER02362,2024-02-25,13235.75,Service Not Received,Open
CB008312,TXN003540,CUST07901,MER00936,2024-11-20,154.67,Fraud Suspected,Lost
,TXN008955,CUST06141,MER06126,2024-03-29,2363.21,Service Not Received,Won
CB008314,TXN004923,CUST00531,MER03682,2024-05-13,3572.06,Service Not Received,Under Review
CB008315,TXN009703,CUST07200,MER05073,2024-09-01,16676.5,Unauthorized Transaction,Open
CB008316,TXN000384,CUST05155,MER09596,2024-07-23,10667.85,Fraud Suspected,Won
CB008317,TXN001355,CUST00093,MER04146,2024-12-19,155.94,Product Not Received,
CB008318,TXN007426,CUST08444,MER00724,2024-06-04,8397.69,Fraud Suspected,Under Review
CB008319,TXN009326,CUST05040,MER02510,2024-10-27,16695.24,Fraud Suspected,Under Review
CB008320,TXN008288,CUST00528,MER02479,2024-12-06,72340.43,Service Not Received,Open
CB008321,TXN005237,CUST02896,MER06888,2024-04-02,12059.54,Product Not Received,Lost
CB008322,TXN007166,CUST00450,MER00705,2024-05-15,7284.87,Unauthorized Transaction,Open
CB008323,TXN007128,CUST00951,MER04631,2024-12-29,89.1,Fraud Suspected,Under Review
CB008324,TXN001875,CUST09438,MER05642,2024-10-19,586.18,Fraud Suspected,Open
CB008325,TXN000141,CUST09317,MER08893,2024-10-20,10672.33,Unauthorized Transaction,Lost
CB008326,TXN007061,CUST03925,UNKNOWN,2024-05-08,344.05,Product Not Received,Under Review
CB008327,TXN008090,CUST04816,MER07960,2025-01-07,14769.14,Product Not Received,Lost
CB008328,TXN006935,CUST00476,MER01449,2024-08-30,60628.29,Fraud Suspected,Open
CB008329,TXN009831,CUST00794,MER08387,2024-04-21,66316.79,Fraud Suspected,Open
CB008330,TXN003500,CUST03542,MER09927,2024-12-19,26486.19,Product Not Received,Under Review
CB008331,TXN003514,CUST02625,MER09127,2024-03-23,2317.95,Fraud Suspected,Lost
CB008332,TXN007760,CUST06668,MER08210,2024-04-20,10635.56,Duplicate Charge,Won
CB008333,TXN009386,CUST00740,MER05855,2024-07-15,662.74,Duplicate Charge,Won
CB008334,TXN007903,CUST09918,MER04105,2024-05-17,1457.14,Service Not Received,
CB008335,TXN005700,CUST04918,MER09741,2024-07-15,9448.7,Product Not Received,
CB008336,TXN000315,CUST06457,MER03903,2024-09-27,N/A,Product Not Received,Won
CB008337,TXN003270,CUST08778,MER06189,2024-10-15,8867.34,Service Not Received,Open
CB008338,TXN009650,CUST02290,MER02346,2024-10-23,1000.9,Unauthorized Transaction,Open
CB008339,TXN002662,CUST03777,MER01835,2024-11-22,56128.91,Service Not Received,Open
CB008340,TXN004462,CUST06350,MER00347,2024-08-17,8538.04,Unauthorized Transaction,Under Review
CB008341,TXN007927,CUST01822,MER00168,2024-11-06,35865.81,Unauthorized Transaction,Won
CB008342,TXN002307,CUST00826,MER05465,2024-04-07,824.47,Product Not Received,Under Review
CB008343,TXN002463,CUST08943,MER03706,2024-08-13,2128.96,Fraud Suspected,Open
CB008344,TXN009055,CUST02150,MER03030,2024-05-24,53294.81,Unauthorized Transaction,Won
CB008345,TXN001200,CUST05992,MER01012,2024-06-14,53447.82,Service Not Received,Open
CB008346,TXN004886,CUST05608,MER01476,2024-03-24,1388.82,Service Not Received,Under Review
CB008347,TXN004817,CUST06828,MER08422,2024-04-22,1276.48,Duplicate Charge,Lost
CB008348,TXN004808,CUST00893,MER03476,2024-11-09,5189.88,Unauthorized Transaction,Won
CB008349,TXN007235,CUST05230,MER01180,2025-01-03,101407.08,Fraud Suspected,Under Review
CB008350,TXN002114,,MER06401,2024-08-15,1339.51,Fraud Suspected,Won
CB008351,TXN008301,CUST00532,MER03760,2024-04-16,1893.39,Service Not Received,Won
CB008352,TXN008991,CUST07459,MER03031,2024-12-21,43.62,Product Not Received,Open
CB008353,TXN002102,CUST02895,MER09129,2024-04-13,423.95,Fraud Suspected,Open
CB008354,TXN005100,CUST07607,MER06565,2024-07-13,36934.2,Duplicate Charge,Open
CB008355,TXN001033,CUST06301,MER04742,2024-09-19,907.4,Service Not Received,Under Review
CB008356,TXN003379,CUST06651,MER00854,2024-03-25,28274.24,Product Not Received,Lost
CB008357,TXN003414,CUST06747,MER01652,2024-06-10,16863.2,Unauthorized Transaction,Open
CB008358,TXN004594,CUST02408,MER06544,2024-07-30,285.28,Unauthorized Transaction,Lost
CB008359,TXN001659,CUST04524,MER06020,2024-11-20,66647.05,Duplicate Charge,Open
CB008360,TXN006943,CUST00981,MER00269,2024-03-21,1107.97,Service Not Received,Open
CB008361,TXN002172,CUST01611,MER02902,2024-01-28,10429.51,Fraud Suspected,Open
CB008362,TXN007531,CUST04802,MER04428,2024-06-09,1108.71,Unauthorized Transaction,Open
CB008363,TXN002267,CUST09668,MER05393,2024-12-20,29988.83,Unauthorized Transaction,Open
CB008364,TXN001768,,MER03373,2024-08-01,23164.42,Fraud Suspected,Open
CB008365,TXN000079,CUST08606,MER07867,2024-07-09,1888.73,Fraud Suspected,Won
CB008366,TXN007986,CUST01808,MER09362,2024-11-18,1597.68,Fraud Suspected,Under Review
CB008367,TXN001258,CUST00132,MER06483,2024-11-01,37660.87,Duplicate Charge,Open
CB008368,TXN007932,CUST05112,MER00348,2024-09-03,11153.18,Fraud Suspected,Won
CB008369,TXN003714,CUST00251,MER06599,2024-06-27,10320.78,Duplicate Charge,Under Review
CB008370,TXN005451,CUST00999,MER09941,2024-06-23,23690.49,Duplicate Charge,Won
CB008371,TXN003634,,MER02738,2024-09-08,20196.41,Unauthorized Transaction,Under Review
CB008372,TXN006740,CUST06391,MER07637,2024-03-09,15028.21,Unauthorized Transaction,Won
CB008373,TXN001568,CUST07755,MER01726,2024-12-22,5795.1,Service Not Received,Open
CB008374,TXN005357,CUST00588,MER06528,2024-10-19,8998.11,Service Not Received,Under Review
CB008375,TXN004973,CUST01932,MER09180,2024-12-23,21705.68,Product Not Received,Won
CB008376,TXN005324,CUST02055,MER02872,2024-07-13,25463.97,Service Not Received,Under Review
CB008377,TXN002852,CUST02518,MER02178,2024-12-15,17140.27,Unauthorized Transaction,Won
CB008378,,CUST07045,MER02108,2024-04-01,1213.11,Unauthorized Transaction,Lost
CB008379,TXN001242,CUST08371,MER09350,2024-08-13,1538.93,Duplicate Charge,Open
CB008380,TXN009611,CUST02899,MER02323,2024-05-05,46645.71,Product Not Received,Open
CB008381,,CUST06988,MER05635,2025-01-02,3288.83,Product Not Received,Lost
CB008382,TXN004479,CUST03336,MER05678,2024-03-05,37506.49,Duplicate Charge,Open
CB008383,TXN009251,CUST01947,MER06393,2024-10-03,701.35,Product Not Received,Under Review
CB008384,TXN000502,CUST05603,MER06699,2024-08-30,81341.61,Fraud Suspected,Open
CB008385,TXN008231,CUST02403,MER01568,2024-11-05,195.64,Duplicate Charge,Under Review
CB008386,TXN002750,CUST09566,MER07660,2025-02-22,395.29,Duplicate Charge,Open
CB008387,TXN009276,CUST07654,MER01341,2025-01-25,74836.8,Product Not Received,Won
CB008388,,CUST02906,MER02786,2024-02-23,1581.08,Service Not Received,Won
CB008389,TXN000577,CUST07135,MER04915,2024-04-19,22082.06,Product Not Received,Open
CB008390,TXN004708,CUST01189,MER04317,2024-03-15,,Fraud Suspected,Under Review
CB008391,TXN001664,CUST00079,MER06497,2024-09-27,93837.27,Service Not Received,Under Review
CB008392,TXN001927,CUST08625,MER02426,2024-10-04,42548.0,Duplicate Charge,
CB008393,TXN004223,CUST08122,MER07581,2024-08-15,17755.67,Unauthorized Transaction,Open
CB008394,TXN003826,CUST03902,MER05089,2024-02-25,35476.87,Product Not Received,Won
CB008395,TXN003490,CUST09980,MER06592,2024-11-11,1117.63,Duplicate Charge,Open
CB008396,TXN000991,CUST00462,MER08313,2025-01-05,58761.88,Service Not Received,Open
CB008397,TXN005754,CUST09387,MER08505,2024-04-04,64663.43,Product Not Received,Under Review
CB008398,TXN009799,CUST08362,MER01336,2024-07-14,227.04,Product Not Received,Won
CB008399,TXN003432,CUST07312,MER02688,2024-09-18,16853.94,Unauthorized Transaction,Won
CB008400,TXN004543,CUST03270,MER03973,2024-05-03,6462.51,Unauthorized Transaction,Won
CB008401,TXN004652,CUST07887,MER04209,2024-02-08,4961.48,Service Not Received,Won
CB008402,TXN001396,CUST09817,MER05374,2024-12-08,5118.47,Product Not Received,Under Review
CB008403,TXN003515,CUST05343,MER06333,2024-09-09,87922.02,Service Not Received,Won
CB008404,TXN003499,CUST00607,MER06609,2024-04-17,11484.91,Fraud Suspected,Won
CB008405,TXN001720,CUST00515,MER06804,2024-06-07,10351.34,Product Not Received,Won
CB006066,TXN002507,CUST06357,MER03425,2024-03-23,6338.75,Duplicate Charge,Open
,TXN004926,CUST07620,MER04186,2024-02-07,73075.86,Unauthorized Transaction,Under Review
CB008408,TXN006585,CUST02842,MER00962,2024-04-18,50306.31,Unauthorized Transaction,Open
CB008409,TXN007224,CUST06172,MER07435,2024-06-10,1267.28,Duplicate Charge,Open
CB008410,TXN002493,CUST00246,MER09346,2024-01-30,17234.9,Duplicate Charge,Lost
,TXN003272,CUST03744,MER00122,2024-03-29,24164.72,Service Not Received,Won
CB008412,TXN004724,CUST01339,MER08847,2024-03-02,90208.78,Product Not Received,Under Review
CB007866,TXN002485,CUST04526,MER02647,2024-03-27,1678.36,Product Not Received,Won
CB008414,TXN002220,CUST02170,MER06976,2024-05-09,51196.19,Unauthorized Transaction,Under Review
CB008415,TXN006458,CUST01385,MER02298,2024-04-03,98175.56,Service Not Received,
CB008416,TXN009998,CUST01643,MER02812,2024-04-29,N/A,Fraud Suspected,Won
CB008417,,CUST04230,MER09533,,54771.7,Product Not Received,Under Review
CB008418,TXN009474,CUST08256,MER06394,2024-06-07,227.4,Service Not Received,Won
CB008419,TXN001075,CUST01107,MER07017,2024-06-23,411.92,Duplicate Charge,Open
CB008420,TXN008566,CUST08710,MER07861,2024-08-23,61169.7,Product Not Received,Under Review
CB008421,TXN004649,CUST01545,MER09360,2025-01-16,90341.02,Duplicate Charge,Open
CB008422,TXN006284,CUST01837,MER03698,2024-08-30,34359.17,Fraud Suspected,Open
CB008423,TXN001726,CUST05479,MER01712,2024-07-25,195.94,Fraud Suspected,Lost
CB008424,TXN003515,CUST05343,MER06333,2024-10-23,87922.02,Product Not Received,Won
CB008425,TXN000734,CUST02277,MER09879,2024-10-17,794.29,Duplicate Charge,Won
CB008426,TXN007447,CUST08493,MER03619,2025-01-03,21291.26,Service Not Received,Won
CB008427,TXN004257,CUST04903,MER01290,2024-05-05,8217.01,Unauthorized Transaction,Under Review
CB008428,TXN003097,CUST08086,MER07906,2024-07-16,5843.07,Duplicate Charge,
CB008429,TXN004398,CUST02706,MER02191,2024-10-04,6826.11,Fraud Suspected,Lost
CB008430,TXN004012,CUST01711,MER08702,2024-09-09,373.57,Unauthorized Transaction,Under Review
CB008431,TXN004108,CUST01776,MER02569,2024-12-19,10824.16,Product Not Received,Open
CB008432,TXN007988,CUST03158,UNKNOWN,2024-10-18,577.73,Fraud Suspected,Under Review
CB008433,TXN000550,CUST05991,MER07829,2024-09-02,18896.45,Fraud Suspected,Open
CB008434,TXN000101,CUST07782,MER09969,2024-02-28,45204.72,Fraud Suspected,Under Review
CB008435,TXN005004,CUST06077,MER03511,2024-04-27,7844.37,Fraud Suspected,Won
CB008436,TXN004905,CUST02863,MER04310,2024-06-04,8284.28,Unauthorized Transaction,Won
CB008437,TXN005859,CUST03613,MER04725,2024-08-06,83183.11,Service Not Received,Lost
CB008438,TXN008557,CUST08434,MER06687,2025-02-13,28006.07,Unauthorized Transaction,
CB008439,TXN002847,CUST02838,MER03195,2024-03-02,1243.46,,Open
CB008440,TXN004739,CUST06988,MER03722,2024-03-31,24337.48,Product Not Received,Won
CB008441,TXN007754,CUST08118,MER06131,2024-12-25,8655.62,Product Not Received,Open
CB008442,TXN002749,CUST04772,MER09095,2024-07-25,8148.24,Product Not Received,Open
CB008443,TXN003407,CUST00138,MER05701,2024-12-05,33610.74,Fraud Suspected,Open
CB000452,TXN005222,CUST09869,MER00731,2024-12-04,2714.68,Product Not Received,Open
CB008445,TXN007155,CUST06820,MER07942,2024-09-06,3205.62,Service Not Received,Under Review
CB008446,TXN006034,CUST04515,MER00600,2024-05-01,290.23,Fraud Suspected,Open
CB008447,TXN005427,CUST05086,MER00019,2024-11-15,670.53,Duplicate Charge,Under Review
CB008448,TXN002663,CUST07608,MER04308,2024-12-10,1517.28,Fraud Suspected,Lost
CB008449,TXN002808,CUST03274,,2024-06-03,51928.56,Unauthorized Transaction,Open
CB008450,TXN008801,CUST08540,MER02554,2024-10-28,99350.43,Unauthorized Transaction,Under Review
CB008451,TXN003687,CUST03129,MER01725,2024-05-02,306.96,Duplicate Charge,Won
CB008452,TXN009788,CUST03718,MER03433,2024-04-14,20318.82,Duplicate Charge,Lost
CB008453,TXN006906,CUST08279,MER08583,2024-11-24,383.97,Fraud Suspected,Under Review
CB008454,TXN009582,CUST06123,MER08448,2024-09-13,12561.86,Fraud Suspected,Open
CB008455,TXN006385,CUST02113,MER08831,2024-12-10,58251.92,Duplicate Charge,Won
CB008456,TXN008118,CUST08518,MER01052,2024-07-21,74593.76,Unauthorized Transaction,Open
CB008457,TXN006841,CUST08996,MER00558,2024-09-01,326.12,Service Not Received,Under Review
CB008458,TXN001095,CUST09537,MER08807,2024-11-27,17890.46,Product Not Received,Won
CB008459,TXN007546,CUST06030,MER04100,2024-04-15,11696.51,Unauthorized Transaction,Open
CB008460,TXN009135,CUST03638,MER06207,2024-07-14,16890.0,Duplicate Charge,Won
CB008461,TXN000055,CUST06938,MER09335,2024-10-24,10404.67,Product Not Received,Open
CB008462,TXN001001,CUST07253,MER00909,2024-02-27,817.74,Fraud Suspected,Open
CB008463,TXN008476,CUST03802,MER09121,2024-09-04,1819.24,Product Not Received,Won
CB008464,TXN007542,CUST00355,MER05825,2024-07-26,49010.39,Duplicate Charge,Under Review
CB008465,TXN004194,CUST06198,MER04737,2024-07-20,49691.12,Service Not Received,Won
CB008466,TXN006969,CUST08721,MER06420,2025-01-23,4401.62,Fraud Suspected,Won
CB008467,TXN000770,CUST07503,MER03547,2024-12-01,1067.89,Duplicate Charge,Under Review
CB003195,TXN000516,CUST00223,MER05743,2024-05-21,1519.48,Fraud Suspected,Under Review
CB008469,TXN000792,CUST04404,MER02738,2024-10-09,330.1,Service Not Received,Open
CB008470,TXN006362,CUST02203,MER02898,2024-05-28,52267.35,Unauthorized Transaction,Won
CB008471,TXN008263,CUST05294,MER05859,2024-09-12,625.65,Service Not Received,Open
CB008472,TXN002360,CUST08593,MER05281,2025-01-17,68882.61,Unauthorized Transaction,Under Review
CB008473,TXN002887,CUST03092,MER01177,2024-03-30,1954.2,Duplicate Charge,Lost
CB008474,TXN009469,CUST05047,MER08113,2025-01-06,10802.02,Unauthorized Transaction,Lost
CB008475,TXN007972,CUST00554,MER00094,2024-05-28,590.7,Service Not Received,Won
CB008476,TXN005107,CUST03715,MER04043,2025-01-21,852.66,Unauthorized Transaction,Open
CB008477,TXN007421,CUST01889,MER00081,2024-08-18,76436.13,Fraud Suspected,Won
CB008478,TXN000952,CUST01053,MER01324,2024-03-03,1670.24,Service Not Received,Under Review
CB008479,TXN003679,CUST09162,MER08469,2024-11-29,695.54,Unauthorized Transaction,Lost
CB008480,TXN006142,CUST09865,MER08910,2024-07-19,11030.27,Fraud Suspected,Under Review
CB008481,TXN006520,CUST04798,MER00138,2024-04-13,1919.11,Product Not Received,Under Review
CB008482,TXN008622,CUST09608,MER09202,2024-10-27,3723.03,Service Not Received,Open
CB008483,TXN007049,CUST08896,MER02776,2024-07-31,40743.51,Fraud Suspected,
CB008484,TXN001138,CUST01854,MER04589,2024-04-20,85845.92,Duplicate Charge,Open
CB008485,TXN008242,CUST07675,MER09277,2024-12-22,85821.24,Service Not Received,Under Review
CB008486,TXN007292,CUST05915,MER02149,2024-06-06,1225.19,Duplicate Charge,Lost
CB008487,TXN004200,CUST03237,MER07982,2024-08-13,1304.24,Service Not Received,Won
CB008488,TXN006572,CUST06242,MER02801,2025-01-01,1452.12,Unauthorized Transaction,Open
CB008489,TXN006360,CUST00859,MER02519,2024-07-01,62354.98,Duplicate Charge,Under Review
CB008490,TXN002883,CUST01386,,2024-03-22,N/A,Fraud Suspected,Open
CB008491,TXN007616,CUST08591,MER05649,2024-09-13,30457.66,,Under Review
CB008492,TXN006477,CUST06518,MER05996,2024-03-24,1979.1,Service Not Received,Under Review
CB008493,TXN008066,CUST09896,MER06886,2024-08-09,14491.87,Fraud Suspected,Open
CB008494,TXN005216,CUST02019,MER05273,2024-09-07,24427.77,Duplicate Charge,Open
CB008495,TXN006829,CUST02418,MER08412,2024-07-25,86120.7,Duplicate Charge,Under Review
CB008496,TXN002863,CUST07122,MER05124,2024-11-02,63105.34,Fraud Suspected,Under Review
CB008497,TXN007321,CUST04559,MER03160,2024-04-05,50123.65,Duplicate Charge,Under Review
CB008498,TXN001223,CUST01355,MER02288,2024-06-06,17877.83,Fraud Suspected,Open
CB008499,TXN003841,CUST00533,MER03321,2024-03-10,287.26,Product Not Received,Under Review
CB008500,TXN008786,CUST06594,MER02086,2024-04-07,5259.15,Product Not Received,Won
CB008501,TXN002792,CUST00652,MER03307,2024-12-03,101229.85,,Open
CB008502,,CUST09086,MER02150,2024-02-09,3662.67,Product Not Received,Under Review
CB008503,TXN008410,CUST01261,MER04997,2024-06-21,43741.04,Fraud Suspected,Under Review
CB008504,TXN002105,CUST09972,MER07726,2024-08-14,42581.12,Product Not Received,Under Review
CB008505,TXN003695,CUST02714,MER08713,2024-10-03,12968.22,Unauthorized Transaction,Lost
CB008506,TXN008815,CUST09744,MER09013,2024-06-02,230.23,Fraud Suspected,Open
CB008507,TXN006476,CUST05867,MER00400,2025-02-09,7677.02,Product Not Received,Won
CB008508,TXN002044,CUST06708,MER03684,2024-08-03,18930.97,Product Not Received,
CB008509,TXN003621,CUST07902,MER06529,2024-02-28,19893.54,Unauthorized Transaction,Under Review
CB008510,TXN004804,CUST02596,MER07278,2024-08-13,13679.71,Fraud Suspected,Won
CB008511,TXN008010,CUST06813,MER00319,2024-10-06,416.45,Service Not Received,Under Review
CB008512,TXN003744,CUST04653,MER08694,2024-09-29,303.76,Service Not Received,Won
CB008513,TXN003171,CUST00163,MER03953,2024-10-09,1775.29,Fraud Suspected,Open
CB008514,TXN008450,CUST04404,MER06418,2024-04-03,1183.54,Service Not Received,Open
CB008515,TXN004371,CUST06978,MER06868,2024-11-22,1739.36,Fraud Suspected,Won
CB008516,TXN000139,CUST03664,MER03819,2024-08-23,63.7,Service Not Received,Open
CB008517,TXN007264,CUST03423,MER06952,2024-12-15,106512.44,Duplicate Charge,Lost
CB008518,TXN003206,CUST00153,MER01621,2024-10-05,15432.87,Unauthorized Transaction,Won
CB008519,TXN004694,CUST02399,MER07966,2024-02-16,1583.37,Product Not Received,Won
CB008520,TXN008561,CUST00748,MER05127,2024-03-06,33082.44,Fraud Suspected,Lost
CB008521,TXN004279,CUST00248,MER09576,2024-12-04,88.49,Duplicate Charge,Lost
CB008522,TXN002456,CUST01899,MER00177,2024-04-11,20765.0,Unauthorized Transaction,Open
CB008523,TXN000212,CUST00161,MER07455,2024-07-14,958.69,Duplicate Charge,Open
CB008524,TXN006883,CUST02100,MER06109,2024-06-13,1651.38,Unauthorized Transaction,Under Review
CB008525,TXN000671,CUST09731,MER09705,2024-03-04,14681.5,Duplicate Charge,Under Review
CB008526,TXN007928,CUST00112,MER04380,2024-04-27,416.62,Service Not Received,Won
CB008527,TXN004261,CUST00166,MER00077,2024-10-12,14786.12,Duplicate Charge,Open
CB008528,TXN008033,CUST03195,MER04703,2024-03-09,47.82,Service Not Received,Under Review
CB008529,TXN009183,CUST00894,MER08789,2024-08-18,49372.16,Fraud Suspected,Open
CB008530,TXN002585,CUST05488,MER03059,2024-03-08,9240.56,Service Not Received,Won
CB008531,TXN003326,CUST04284,MER02236,2024-10-08,1502.3,Unauthorized Transaction,Under Review
CB008532,TXN008639,CUST02170,MER05321,2024-11-16,14642.21,Unauthorized Transaction,Won
CB008533,TXN003126,CUST06664,MER04537,2024-08-26,7908.0,Service Not Received,Open
CB008534,TXN000582,CUST04400,MER00744,2024-09-01,3289.74,Fraud Suspected,Lost
CB008535,TXN004360,CUST04035,MER05905,2024-01-27,11405.85,Unauthorized Transaction,Lost
CB008536,TXN003612,CUST06785,MER09704,2024-08-12,291.25,Product Not Received,Lost
CB008537,TXN000627,CUST08810,MER01815,2024-04-23,509.76,Duplicate Charge,Under Review
CB008538,TXN006570,CUST04466,MER03822,2024-10-31,16360.62,Unauthorized Transaction,Under Review
CB008539,TXN003785,CUST04622,MER03471,2024-08-20,82547.05,Fraud Suspected,Won
CB008540,TXN008210,CUST05026,MER00361,2024-04-30,379.31,Service Not Received,Under Review
CB008541,TXN001287,CUST01364,MER04691,2024-05-22,2219.89,Duplicate Charge,Open
CB008542,TXN000305,CUST08630,MER03242,2024-12-09,414.68,Service Not Received,Won
CB008543,TXN007095,CUST04367,MER06740,2024-04-01,11508.76,Duplicate Charge,Under Review
CB008544,TXN006381,CUST02744,MER08514,2024-03-01,4114.94,Fraud Suspected,Open
CB008545,TXN003633,CUST02936,MER09904,2024-12-24,95787.45,Product Not Received,Lost
CB008546,TXN005470,CUST08257,MER05673,2025-01-19,29744.52,Fraud Suspected,Under Review
CB008547,TXN002708,CUST09293,MER01782,2024-02-25,2212.2,Product Not Received,Won
CB008548,TXN004974,CUST02895,MER03928,2024-05-20,1332.45,Unauthorized Transaction,Open
CB008549,TXN007061,CUST03925,MER04049,2024-03-21,,Product Not Received,Won
CB008550,TXN003665,CUST02788,MER06142,2024-08-22,538.72,Fraud Suspected,Open
CB008551,TXN007739,CUST07002,MER01817,2024-03-04,649.89,Product Not Received,Won
CB008552,TXN006276,CUST06696,MER05535,2024-02-28,77260.33,Service Not Received,Under Review
CB008553,TXN000428,CUST00519,MER01784,2024-12-13,14903.76,Unauthorized Transaction,Open
CB008554,TXN004410,CUST00644,MER00268,2024-11-24,8920.03,Service Not Received,Under Review
CB008555,TXN006075,CUST00797,MER00852,2024-12-06,4231.84,Unauthorized Transaction,Open
CB007039,TXN007661,CUST01390,MER04754,2024-05-12,25254.1,Unauthorized Transaction,Lost
CB008557,TXN006575,CUST04556,MER04672,2024-05-26,1802.52,Unauthorized Transaction,Lost
CB008558,TXN005643,CUST04525,MER09013,2024-09-26,1400.84,Duplicate Charge,Open
CB008559,TXN001823,CUST01587,MER04403,2024-05-07,10895.36,Service Not Received,Won
CB008560,TXN001097,CUST06487,MER09032,2024-11-16,858.19,Fraud Suspected,Lost
CB008561,TXN007792,CUST01873,MER03993,2025-01-07,548.8,Fraud Suspected,Won
CB008562,TXN003589,CUST06144,MER06557,2024-12-26,48641.72,Fraud Suspected,Lost
CB008563,TXN006263,CUST04823,MER01953,2024-04-27,35552.94,Unauthorized Transaction,Open
CB008564,TXN004831,CUST08132,MER07163,2025-01-08,81742.13,Duplicate Charge,Lost
CB008565,TXN009065,CUST04755,MER05226,2025-01-22,2451.92,Fraud Suspected,Open
CB008566,TXN009707,CUST07000,MER01947,2024-08-04,385.16,Product Not Received,Won
CB008567,TXN008622,CUST09608,MER09202,2024-10-19,3723.03,Product Not Received,Won
CB008568,TXN008641,CUST01959,MER02619,2024-05-10,1067.3,Duplicate Charge,Under Review
CB008569,TXN008006,CUST06449,MER00014,2025-01-25,6296.85,Duplicate Charge,Lost
CB008570,TXN009798,CUST07323,MER01093,2024-05-21,99591.19,Unauthorized Transaction,Under Review
CB008571,TXN004624,CUST09551,,2024-08-31,3577.37,Unauthorized Transaction,Open
CB008572,TXN004693,CUST07832,MER04158,2024-12-18,15105.04,Service Not Received,Open
CB008573,TXN000205,CUST09122,MER06110,2025-01-02,57508.81,Unauthorized Transaction,Won
CB008574,TXN005677,CUST06231,MER03516,2025-01-16,2027.76,Product Not Received,Under Review
CB008575,TXN002166,CUST06436,MER08948,2024-08-07,910.75,Fraud Suspected,Under Review
CB008576,TXN000686,CUST02914,MER01970,2024-11-28,14968.26,Unauthorized Transaction,Open
CB008577,TXN000432,CUST05141,MER01631,2025-01-11,706.54,Product Not Received,Open
CB008578,TXN002826,CUST06005,MER07614,2024-12-30,68518.44,Unauthorized Transaction,Under Review
CB008579,TXN004118,,MER08068,2025-01-27,43916.2,Duplicate Charge,Open
CB008580,TXN002206,CUST05916,MER08738,2024-07-11,33095.26,Product Not Received,Under Review
CB008581,TXN007449,CUST08977,MER05427,2024-10-06,1660.72,Unauthorized Transaction,Lost
,TXN007958,CUST02470,MER04076,2024-08-11,5268.23,Service Not Received,Won
CB008931,TXN003038,CUST06180,MER02465,2024-03-15,5283.93,Duplicate Charge,Open
CB008584,TXN001105,CUST05949,MER02839,2024-05-23,370.32,Unauthorized Transaction,Under Review
CB008585,TXN003973,CUST05894,MER01732,2024-09-21,107873.66,Service Not Received,Lost
CB008586,TXN006007,CUST09693,MER01109,2024-10-22,52888.61,Product Not Received,Won
CB008587,TXN001139,CUST01478,MER05152,2024-09-15,66138.91,Fraud Suspected,Won
CB008588,,CUST01341,MER06369,2024-06-08,15595.37,Unauthorized Transaction,Open
CB008589,TXN007914,CUST06483,MER00163,2024-10-25,17767.28,Fraud Suspected,Open
CB008590,TXN003360,CUST01638,MER04903,2024-11-12,2227.33,Service Not Received,Lost
CB008591,TXN009255,,MER02755,2024-12-28,1610.26,Duplicate Charge,Open
CB008592,TXN009248,CUST09485,MER06560,2024-08-24,30117.07,Fraud Suspected,Open
CB008593,TXN008573,CUST09532,MER08437,2024-05-10,17578.49,Unauthorized Transaction,Under Review
CB008594,TXN003205,CUST03417,MER03053,2024-09-25,3873.54,Duplicate Charge,Lost
CB008595,TXN007228,CUST03440,MER09500,2024-03-03,80630.83,Unauthorized Transaction,Lost
CB008596,TXN004581,CUST09729,MER08745,2024-02-23,40444.86,Fraud Suspected,Under Review
CB008597,TXN007497,CUST00977,MER09835,2025-01-07,1337.94,Duplicate Charge,Open
CB008598,TXN004350,CUST00579,MER05498,2024-04-26,5141.44,Product Not Received,Won
CB008599,TXN004691,CUST06079,MER00421,2024-06-27,125.48,Service Not Received,Open
CB008600,TXN005975,CUST02596,MER03256,2024-07-18,14375.08,Unauthorized Transaction,Lost
CB008601,TXN006446,CUST04664,MER09382,2024-04-29,53981.03,Unauthorized Transaction,Open
CB008602,TXN009973,CUST08233,MER08467,2024-04-02,5189.47,Unauthorized Transaction,Under Review
CB008603,TXN007578,CUST04340,MER09768,2024-09-27,1262.64,Fraud Suspected,Open
CB008604,TXN007657,CUST03401,MER04717,2025-01-01,84950.27,Product Not Received,Under Review
CB008605,TXN001867,CUST07841,MER09726,2024-05-04,5036.01,Product Not Received,Lost
CB002762,TXN006117,CUST07360,MER09661,2024-04-15,7683.92,Unauthorized Transaction,Won
CB008607,TXN008079,CUST02096,MER03458,2024-04-28,11943.48,Duplicate Charge,Open
CB008608,TXN009158,CUST04523,,2024-10-08,11746.79,Service Not Received,Open
CB008609,TXN004367,CUST09627,MER09771,2024-12-28,1882.17,Product Not Received,Under Review
CB008610,TXN007140,CUST00419,MER02811,2024-08-20,3474.81,Unauthorized Transaction,Under Review
CB008611,TXN007499,CUST06105,MER09580,2024-02-25,58632.47,Service Not Received,Under Review
CB008612,TXN004587,CUST07110,MER08815,2024-11-06,1310.18,,Under Review
CB008613,TXN002158,CUST01510,MER02646,2024-12-26,105505.84,Service Not Received,Lost
CB008614,TXN002498,CUST01090,MER01115,2024-09-04,6370.46,,Open
CB008615,TXN007861,CUST08706,MER01161,2025-01-08,89699.7,Duplicate Charge,Won
,TXN006388,CUST02969,MER01357,2024-06-05,12050.09,Product Not Received,Under Review
CB008617,TXN007821,CUST09302,MER04772,2025-01-27,24197.11,Service Not Received,Open
CB008618,TXN004785,CUST05723,MER03959,,44706.41,Product Not Received,Open
CB008619,TXN004913,CUST08723,MER07463,2024-02-08,48368.61,Fraud Suspected,Lost
CB008620,TXN007695,CUST06880,MER00018,2024-12-02,9864.59,Duplicate Charge,Open
CB008621,TXN000517,,MER05169,2024-06-25,1329.74,Duplicate Charge,Won
CB008622,TXN008467,CUST01775,MER09624,2024-04-01,7711.36,Unauthorized Transaction,Won
CB008623,TXN009298,CUST01283,MER05764,2024-08-22,854.11,Fraud Suspected,Open
CB008624,TXN008403,CUST02957,MER07782,2024-06-04,1614.83,Duplicate Charge,Won
CB008625,TXN005902,CUST09553,MER01233,2024-06-15,9802.88,Product Not Received,Under Review
CB008626,TXN008979,CUST08669,MER04102,2024-05-20,19102.26,Fraud Suspected,Lost
CB008627,TXN002988,CUST08875,MER05346,2024-05-30,22560.17,Service Not Received,Open
CB008628,TXN006054,CUST01416,MER05524,2024-09-26,10622.63,Unauthorized Transaction,Open
CB008629,TXN004254,CUST05737,MER05677,2024-03-21,615.49,Product Not Received,Won
CB008630,TXN006274,CUST06798,MER08501,2024-09-22,1359.76,Product Not Received,Open
CB008631,TXN000444,CUST04640,MER00627,2024-07-14,1620.8,Duplicate Charge,Open
CB008632,TXN008572,CUST09409,MER04711,2024-10-07,106.88,Duplicate Charge,Won
CB008633,TXN006209,CUST00351,MER07259,2024-11-30,46977.47,Unauthorized Transaction,Lost
CB008634,TXN005355,CUST09711,MER03626,2024-05-29,52934.17,Product Not Received,Open
CB008635,TXN001151,CUST02563,MER08461,2025-01-10,2234.9,Duplicate Charge,Open
CB008636,TXN005953,CUST04292,MER07640,2024-07-22,55872.69,Product Not Received,Open
CB008637,TXN005015,CUST08127,MER06444,2024-06-01,486.92,Unauthorized Transaction,Open
CB008638,TXN002494,CUST01516,MER07035,2024-07-29,,Duplicate Charge,Lost
CB008639,TXN005165,CUST04002,MER08894,2024-12-05,112508.93,Duplicate Charge,Open
CB008640,TXN004071,CUST08137,MER03176,,28075.24,Fraud Suspected,
CB008641,TXN003048,CUST06784,MER08701,2024-11-09,6114.23,Product Not Received,Lost
CB008642,TXN003342,CUST05498,MER08431,2025-01-13,4880.3,Unauthorized Transaction,Won
CB008643,TXN004756,CUST05546,MER03454,2025-01-28,9508.31,Duplicate Charge,Won
CB008644,TXN005483,CUST08275,MER09754,2024-04-27,72488.75,Product Not Received,Won
CB008645,TXN009490,CUST04031,MER08860,2024-09-28,1392.65,Duplicate Charge,Won
CB008646,TXN004765,CUST09857,MER04072,2024-05-06,794.38,Product Not Received,
CB008647,TXN006962,CUST01710,MER03625,2024-12-06,8332.26,Product Not Received,Won
CB008648,TXN005508,CUST06266,UNKNOWN,2025-02-09,19366.21,Product Not Received,Open
CB008649,TXN008798,CUST08730,MER07437,2024-03-07,7651.7,Duplicate Charge,Won
CB008650,TXN003628,CUST07983,,2024-01-30,619.96,Duplicate Charge,Under Review
CB008651,TXN004126,CUST02394,MER06674,2025-02-01,3347.87,Duplicate Charge,Under Review
CB008652,,CUST05242,MER02013,2024-07-13,690.08,Product Not Received,Lost
CB008653,TXN006451,CUST04155,MER00835,2024-08-30,84402.09,Unauthorized Transaction,Won
CB008654,TXN003588,CUST00924,MER04034,2024-09-01,82660.19,Fraud Suspected,Open
CB008655,TXN004530,CUST00419,MER00893,2025-01-26,34307.56,Service Not Received,Under Review
CB008656,TXN002895,CUST09218,MER05193,2024-05-28,1393.64,Fraud Suspected,Open
CB000144,TXN009559,CUST03473,MER00759,2024-05-19,263.97,Service Not Received,Lost
CB008658,TXN009065,CUST04755,MER05226,2025-01-11,2819.71,Duplicate Charge,Won
CB008659,TXN005988,CUST05401,MER01998,2024-12-02,1048.04,Fraud Suspected,Lost
CB008660,TXN008473,CUST04359,MER02701,2024-08-10,742.62,Fraud Suspected,Open
CB008661,TXN000037,CUST08418,MER08493,2025-01-15,7183.33,Product Not Received,Under Review
CB008662,TXN003342,CUST05498,MER08431,2025-01-02,11224.69,Fraud Suspected,Open
CB008663,TXN008822,CUST00476,MER01788,2024-11-15,36723.82,Product Not Received,Under Review
CB008664,TXN000777,CUST01770,MER03288,2024-05-01,17024.3,Unauthorized Transaction,Open
CB008665,TXN008565,CUST00999,MER00842,2024-04-10,4767.08,Fraud Suspected,Under Review
CB008666,TXN007205,CUST00965,MER02421,2024-08-06,955.76,Fraud Suspected,Open
CB008667,TXN002158,CUST01510,MER02646,,91744.21,Fraud Suspected,Open
CB008668,TXN007204,CUST06712,MER07448,2024-06-16,96122.92,Duplicate Charge,Lost
CB008669,TXN002121,CUST06962,MER00727,2024-02-07,66157.9,Product Not Received,Won
CB008670,TXN006754,CUST00607,MER02075,2024-10-29,98406.94,Fraud Suspected,Won
CB008671,TXN002007,CUST05696,MER03073,2025-01-01,6219.8,Unauthorized Transaction,Under Review
CB008672,TXN008124,CUST09450,MER05855,2024-11-11,1368.14,Duplicate Charge,Lost
CB008673,TXN008647,CUST07633,MER02603,2025-01-24,9988.86,Fraud Suspected,Won
CB008674,TXN000371,CUST04395,MER04910,2024-06-22,670.19,Duplicate Charge,Won
CB008675,TXN001954,CUST02509,MER05071,2024-08-23,827.7,Unauthorized Transaction,Open
CB008676,TXN001355,CUST00093,MER04146,2024-12-29,311.89,Duplicate Charge,Under Review
CB008677,TXN007265,CUST09940,MER06509,2024-03-26,70791.92,Fraud Suspected,Open
CB008678,TXN005559,CUST00326,MER05392,2025-01-29,1090.82,Duplicate Charge,Lost
CB008679,TXN001368,CUST08546,MER08117,2024-08-17,46534.37,Duplicate Charge,Open
CB008680,TXN007438,CUST07482,MER01651,2024-06-08,1257.64,Product Not Received,Lost
CB008681,TXN009934,CUST07266,MER08624,2024-07-27,8853.96,Product Not Received,Won
CB008682,TXN000038,CUST02736,MER01592,2024-11-17,39311.81,Unauthorized Transaction,Under Review
CB007820,TXN008717,CUST07673,MER01742,2025-01-05,25803.4,Service Not Received,Open
CB008684,TXN003953,CUST06710,MER04529,2024-02-19,5040.88,Service Not Received,Won
CB008685,TXN000455,CUST04762,,2024-08-31,4231.8,Fraud Suspected,Under Review
CB004167,TXN006854,CUST09822,MER05124,2024-07-15,43651.66,Unauthorized Transaction,Won
CB008687,TXN003642,CUST01117,UNKNOWN,2024-06-22,940.87,Duplicate Charge,Won
CB008688,TXN007324,CUST01574,MER01136,2024-06-28,64417.03,Fraud Suspected,Lost
CB008689,TXN006185,CUST05461,MER09323,2025-01-12,282.44,Product Not Received,Under Review
CB008690,TXN004818,CUST03716,MER04839,2025-01-17,2275.69,,Under Review
CB008691,TXN009356,CUST07647,MER06583,2024-10-12,9636.02,Duplicate Charge,Open
CB008692,TXN000834,CUST09381,MER09384,2024-06-11,953.15,Duplicate Charge,Open
CB008693,TXN004453,CUST04008,MER06550,2024-03-21,1244.98,Fraud Suspected,Under Review
CB008694,TXN005997,CUST08150,MER05940,2024-03-31,444.61,Unauthorized Transaction,Open
CB008695,TXN000879,CUST09403,MER03502,2024-08-23,259.76,Product Not Received,Lost
CB008696,TXN004003,CUST01205,MER08850,2024-02-21,1220.38,Product Not Received,Under Review
CB008697,TXN004888,CUST09147,MER03028,2024-03-20,1448.06,Fraud Suspected,Lost
CB008698,TXN008728,CUST02655,MER06760,2024-07-10,16091.75,Duplicate Charge,Won
CB008699,TXN002936,CUST01109,MER00298,2024-08-14,3407.08,Duplicate Charge,Lost
CB008700,TXN002534,CUST03537,,2024-06-24,90505.19,Unauthorized Transaction,Lost
CB008701,TXN002160,CUST08433,MER08984,,60331.22,Duplicate Charge,Open
CB008702,TXN002496,CUST01534,MER02574,2024-12-14,7918.43,Product Not Received,Lost
CB008703,TXN006965,CUST09992,,2024-08-19,9885.41,Unauthorized Transaction,Open
CB008704,TXN008508,CUST02571,MER01823,2024-04-06,11348.48,Duplicate Charge,Under Review
CB008705,TXN003544,CUST09958,MER01701,2024-10-25,88531.67,Fraud Suspected,Won
CB008706,TXN001492,CUST02597,MER02946,2024-07-22,5113.11,Fraud Suspected,Under Review
CB008707,TXN009688,CUST03114,UNKNOWN,2024-01-15,1563.2,Product Not Received,Won
CB008708,TXN008551,CUST09001,MER00951,2024-12-08,32394.86,Unauthorized Transaction,Under Review
CB008709,TXN008636,CUST00415,MER04824,2024-11-12,342.29,Fraud Suspected,Under Review
CB008710,TXN006712,CUST06650,MER05703,2024-10-28,111356.12,Service Not Received,Under Review
CB008711,TXN001640,CUST06751,MER04589,2024-09-26,38528.47,Fraud Suspected,Under Review
CB008712,TXN000005,CUST04408,MER00136,2024-08-08,21972.34,Product Not Received,Under Review
CB008713,TXN009724,CUST09297,MER01848,2024-09-05,18643.67,Product Not Received,Under Review
CB008714,TXN005641,CUST02694,,2024-04-03,1896.12,Unauthorized Transaction,Won
CB008715,TXN009550,CUST07901,MER09170,2024-10-04,14807.87,Service Not Received,Open
CB008716,TXN007218,CUST04388,MER09825,2024-08-28,51987.46,Fraud Suspected,Under Review
CB008717,TXN003809,CUST05727,MER03283,2024-02-19,17993.79,Product Not Received,Lost
CB008718,TXN008038,CUST02978,MER02097,2024-01-31,16911.19,Unauthorized Transaction,Lost
CB008719,TXN003333,CUST00228,MER03198,2024-08-29,81774.18,Service Not Received,Won
CB008720,TXN003659,CUST03257,MER05122,2024-09-12,51226.38,Duplicate Charge,Lost
CB008721,TXN005157,CUST09834,MER03205,2024-07-27,11850.83,Fraud Suspected,Won
CB008722,TXN004810,CUST05372,MER02529,2024-03-24,4072.66,Unauthorized Transaction,Won
CB008723,TXN005592,CUST07323,MER00631,2024-05-09,627.93,Duplicate Charge,Open
CB008724,TXN000781,CUST08689,MER06751,2024-05-18,978.79,Unauthorized Transaction,Open
CB008725,TXN003369,CUST00084,MER04545,2024-12-21,1202.67,Service Not Received,Lost
CB008726,TXN000996,CUST03462,MER04891,2024-02-09,1209.82,Service Not Received,Open
CB008727,TXN000713,,MER06611,2024-10-23,493.98,Service Not Received,Under Review
CB008728,TXN008454,CUST08237,MER06657,2024-10-27,1980.16,Service Not Received,Under Review
CB008729,TXN009486,CUST07598,MER06555,2024-03-02,2299.58,Service Not Received,Open
CB008730,TXN008945,CUST04566,MER01766,2024-05-26,1460.03,,Under Review
CB008731,TXN004103,CUST03565,MER00105,2024-07-05,11118.2,Service Not Received,Lost
CB008732,TXN009447,CUST06711,MER07058,2024-10-20,566.72,Fraud Suspected,Won
CB008733,TXN008009,CUST02983,MER08751,2024-07-21,72571.98,Duplicate Charge,Under Review
CB008734,TXN000438,CUST06814,MER05360,2024-03-02,22975.44,Product Not Received,Under Review
,TXN003374,CUST08111,MER06933,,7520.94,Duplicate Charge,Under Review
CB008736,TXN006326,CUST04597,MER06834,2024-06-14,18945.32,Unauthorized Transaction,Under Review
CB008737,TXN007098,CUST01667,MER02558,2024-08-06,585.18,,Won
CB008738,TXN001728,CUST02596,MER09811,2024-11-05,56141.96,Product Not Received,Open
CB008739,TXN009472,CUST04935,MER06108,2024-07-21,2264.07,Fraud Suspected,Open
CB008740,TXN002324,CUST09502,MER07302,2024-02-24,10927.83,Product Not Received,Open
CB008741,TXN009440,CUST09418,MER09367,2024-10-18,75892.55,Unauthorized Transaction,Under Review
CB008742,TXN007663,CUST08599,MER02338,2024-02-04,91027.24,Duplicate Charge,Under Review
CB008743,TXN001545,CUST00237,MER00613,2024-11-26,47381.36,Fraud Suspected,Won
CB008744,TXN009194,CUST05145,MER07194,2024-03-09,14273.43,Service Not Received,Under Review
CB008745,TXN007380,CUST04534,MER06277,2024-01-11,61225.05,Duplicate Charge,Open
CB008746,TXN006678,CUST06302,MER04386,2024-02-02,58892.94,Duplicate Charge,Open
CB008747,TXN006664,CUST06204,MER07532,2024-05-07,57730.68,Fraud Suspected,Open
CB008748,TXN007445,CUST09050,MER07811,2024-06-26,11315.84,Fraud Suspected,Under Review
CB008749,TXN009262,,MER08552,2024-11-17,14709.0,Product Not Received,Under Review
CB008750,TXN008974,CUST06397,MER05771,2024-10-07,96200.55,Service Not Received,Open
CB008751,TXN005695,CUST05565,MER05625,2024-03-29,107369.51,Duplicate Charge,Under Review
CB008752,TXN004332,CUST08296,MER07280,2024-09-21,65091.1,Fraud Suspected,Lost
CB008753,TXN000598,CUST09688,MER07075,2024-08-13,20032.7,Unauthorized Transaction,Lost
CB008754,TXN008846,CUST08329,MER02773,2024-11-12,5942.48,Duplicate Charge,Open
CB008755,TXN003872,CUST06164,MER00741,2024-12-24,3171.71,,Lost
CB008756,TXN009409,CUST01846,MER09447,2024-08-13,1819.59,Product Not Received,Open
CB008757,TXN003087,CUST04200,MER06997,2024-12-09,88607.23,Fraud Suspected,Open
CB008758,TXN008144,CUST06799,MER03954,2024-10-19,1075.02,Service Not Received,Under Review
CB008759,TXN008615,CUST00139,MER01982,2024-05-13,31878.49,Duplicate Charge,Open
CB008760,TXN008405,CUST05109,MER01659,2024-11-10,11491.54,Fraud Suspected,Won
CB008761,TXN004684,CUST02103,MER06045,2024-04-18,105.52,Fraud Suspected,Under Review
CB008762,TXN003696,CUST04898,MER09557,2024-05-09,829.21,Product Not Received,Lost
CB008763,UNKNOWN,CUST02174,MER07394,2025-01-11,399.9,Product Not Received,Won
CB008764,TXN000592,CUST00993,MER07275,2024-07-17,1904.86,Service Not Received,Under Review
CB008765,TXN008379,CUST03573,MER02226,2024-09-25,37109.34,Fraud Suspected,Lost
CB008766,TXN003865,CUST06545,MER01786,2024-04-09,12045.42,Service Not Received,Lost
CB008767,TXN002560,CUST01994,MER04589,2024-09-27,13723.25,Unauthorized Transaction,Open
CB008768,TXN007804,CUST01939,MER00268,2024-05-21,7017.81,Fraud Suspected,Won
CB008769,TXN005629,CUST04393,MER06533,2024-01-30,605.23,Fraud Suspected,Open
CB008770,TXN004586,CUST06057,MER09822,2025-01-06,7761.29,Service Not Received,Lost
CB008771,TXN009876,CUST02533,MER02499,2024-08-18,9110.28,Duplicate Charge,Won
CB008772,TXN007682,CUST06261,MER09172,2024-06-14,6488.38,Unauthorized Transaction,Open
CB008773,TXN001011,CUST05886,MER07155,2024-06-29,712.95,Duplicate Charge,Under Review
CB008774,TXN009894,CUST03323,MER01525,2024-06-09,29854.08,Unauthorized Transaction,Lost
CB008775,TXN001443,CUST00842,MER04792,2024-06-12,361.98,Service Not Received,Under Review
CB008776,TXN005702,CUST03972,MER02430,2024-04-26,19548.49,,Open
CB008777,TXN000728,CUST04737,MER06867,2024-07-28,696.9,Product Not Received,Open
CB008778,TXN004538,CUST08940,MER00004,2024-08-22,80101.63,Unauthorized Transaction,Lost
CB008779,TXN009501,CUST02867,MER05709,2024-03-20,3117.15,Unauthorized Transaction,Open
CB008780,TXN005148,CUST03183,MER08427,2025-01-12,90604.32,Duplicate Charge,Open
CB008781,TXN003352,CUST00082,MER06634,2024-12-25,74425.64,Service Not Received,Open
CB008782,TXN008440,CUST00836,MER06036,2024-11-20,26173.43,Duplicate Charge,Lost
CB008783,TXN005652,CUST03259,MER02638,2024-11-21,484.15,Fraud Suspected,Under Review
CB008784,TXN002494,CUST01516,MER07035,2024-07-09,100295.48,Unauthorized Transaction,Open
CB008785,TXN005591,CUST07446,MER08973,2024-03-27,3442.78,Service Not Received,Open
CB008786,TXN007054,CUST02759,MER01379,2024-03-19,639.84,Product Not Received,Lost
CB008787,TXN005204,CUST02971,MER09177,2024-12-03,78383.83,Fraud Suspected,Under Review
CB008788,TXN008053,CUST08995,MER04061,2024-08-01,15138.86,Unauthorized Transaction,Won
CB008789,TXN008259,CUST09966,MER08351,2024-05-10,1469.82,Unauthorized Transaction,
CB008790,TXN001127,CUST04237,MER09587,2024-12-13,5736.74,Product Not Received,Open
CB008791,TXN009193,CUST08510,MER03827,2024-05-12,17615.52,Service Not Received,Under Review
CB008792,TXN009847,CUST02116,MER01873,2024-09-07,38316.64,Duplicate Charge,Won
CB008793,TXN006619,CUST00419,MER02849,2024-05-20,72637.13,Fraud Suspected,Open
CB008794,TXN008195,CUST01810,MER00345,2024-09-10,9779.06,Product Not Received,Under Review
CB008795,TXN006833,CUST01577,,2024-03-14,1416.1,Product Not Received,Under Review
CB008796,TXN006599,CUST02826,MER09640,2024-08-29,892.45,Fraud Suspected,Lost
CB008797,TXN005052,CUST05433,MER02667,2024-07-02,912.82,Duplicate Charge,Open
CB008798,TXN002994,CUST05506,MER07831,2024-09-27,9334.8,Service Not Received,Lost
CB008799,TXN000621,CUST06191,MER05924,2024-11-02,1813.67,Duplicate Charge,Open
CB008800,TXN003757,CUST03834,,2024-03-18,17175.72,,Won
CB008801,TXN006347,CUST02056,MER09099,2024-06-11,113994.62,Duplicate Charge,Open
CB008802,TXN001285,,MER03136,2024-12-16,40693.24,Fraud Suspected,Open
CB008803,TXN007498,CUST01561,MER03341,2024-08-31,47215.33,Product Not Received,Under Review
CB008804,TXN003492,CUST01035,MER06154,2024-04-30,77932.98,Duplicate Charge,Won
CB009317,TXN001850,CUST09856,MER03702,2024-05-28,24397.33,Product Not Received,Won
CB008806,TXN009848,CUST00146,MER07202,2024-12-29,2032.54,Product Not Received,Lost
CB008807,TXN004873,CUST03730,MER00569,2024-09-18,14985.2,Service Not Received,Open
CB008808,TXN000640,CUST01758,MER02285,2025-01-29,2416.03,Fraud Suspected,Under Review
CB008809,TXN007367,CUST05627,MER03933,2024-12-12,1640.39,Service Not Received,Lost
CB008810,TXN002706,CUST08812,MER07771,2024-11-04,40281.46,Product Not Received,Lost
CB008811,TXN006011,CUST08752,MER08838,2024-02-07,3719.2,Duplicate Charge,Lost
CB008812,TXN005013,CUST01212,MER07070,2024-05-07,47556.9,Service Not Received,
CB008813,TXN004349,CUST09590,MER04129,2024-08-18,75578.1,Product Not Received,Won
CB008814,TXN001317,CUST06524,MER02242,2024-08-27,6198.22,Product Not Received,Lost
CB008815,TXN000516,CUST00223,MER05743,2024-07-11,660.64,Unauthorized Transaction,Open
CB008816,TXN001300,CUST00533,MER06861,2024-05-11,14425.97,Duplicate Charge,Won
CB008817,TXN009635,CUST08513,MER01965,2024-06-13,4170.05,Product Not Received,Open
CB008818,TXN000298,CUST06648,MER02149,2024-10-04,87604.54,Unauthorized Transaction,Won
CB008819,TXN006795,CUST01158,MER07046,2024-03-18,1568.66,Service Not Received,Open
CB008820,TXN005688,CUST07785,MER07735,2024-11-25,43725.0,Service Not Received,Lost
CB008821,TXN006032,CUST01752,MER02543,2024-08-15,,Product Not Received,Under Review
CB008822,TXN007420,CUST03717,MER03303,2024-11-15,63.96,Duplicate Charge,Won
CB008823,TXN001037,CUST03447,MER09307,2025-01-11,12381.42,Fraud Suspected,Won
CB008824,TXN004641,CUST07701,MER06661,2024-04-21,12345.36,Product Not Received,Open
,TXN003817,CUST01462,MER03662,2024-09-26,10972.02,Fraud Suspected,Open
CB008826,TXN002790,CUST08562,MER01465,2024-11-24,3069.56,Product Not Received,Won
CB008827,TXN001017,CUST03447,MER06977,2024-12-23,877.64,Duplicate Charge,Won
CB008828,,CUST03317,MER09665,2024-06-23,2926.14,Product Not Received,Won
CB008829,TXN005659,CUST02802,MER05017,2024-10-29,71434.5,Duplicate Charge,Lost
CB008830,TXN000627,CUST08810,MER01815,2024-05-05,221.64,Product Not Received,Open
CB008831,TXN006785,CUST05531,MER07184,,1760.21,Fraud Suspected,Lost
CB008832,TXN008823,CUST01292,MER02048,2024-11-22,98845.41,Service Not Received,Under Review
CB008833,TXN004892,CUST00094,MER03216,2024-07-06,4278.42,Product Not Received,Won
CB008834,TXN007621,CUST02997,MER05382,2024-09-19,1181.2,Unauthorized Transaction,Open
CB008835,TXN002212,CUST09668,MER01267,2024-08-09,91822.65,Unauthorized Transaction,Won
CB008836,TXN009081,CUST00347,MER07781,2024-03-01,775.98,Fraud Suspected,Open
CB008837,TXN001197,,MER08252,2024-08-19,1146.48,Unauthorized Transaction,Won
CB008838,TXN007205,,MER02421,2024-07-08,477.88,Service Not Received,Under Review
CB008839,TXN002067,CUST05197,MER04074,2025-01-26,1316.96,Service Not Received,Under Review
CB008840,TXN006174,CUST04167,MER02471,2024-11-20,1398.2,Duplicate Charge,Won
CB008841,TXN003409,CUST01969,MER00753,2024-10-14,15012.05,Fraud Suspected,Open
CB008842,TXN000012,CUST01758,MER07315,2024-02-27,171.09,Unauthorized Transaction,Under Review
CB008843,TXN008287,CUST00113,MER09230,2024-08-01,1029.17,Product Not Received,Won
CB008844,TXN004925,CUST09328,MER00748,2024-02-06,718.75,Duplicate Charge,Open
CB008845,TXN009889,CUST09408,MER05224,2025-01-24,9687.57,Product Not Received,Open
CB008846,TXN002346,CUST01232,MER02984,2024-08-27,1556.88,Duplicate Charge,Under Review
CB008847,TXN002435,CUST05834,MER03843,2024-08-06,7036.8,Fraud Suspected,Open
CB008848,,CUST00601,MER09935,2024-12-03,36011.06,Product Not Received,Open
CB008849,TXN003097,CUST08086,MER07906,2024-06-22,5080.93,Fraud Suspected,Lost
CB008850,TXN002807,CUST06539,MER01550,2024-11-06,59.32,Duplicate Charge,Won
CB008851,TXN000046,CUST03056,MER02836,2025-01-14,114249.38,Fraud Suspected,Lost
CB008852,TXN004930,CUST06912,MER07626,2024-10-03,,Fraud Suspected,Lost
CB008853,TXN005023,CUST09695,MER08386,2024-02-02,98596.3,Product Not Received,Under Review
CB008854,TXN008957,CUST00592,MER06689,2025-01-25,885.17,Unauthorized Transaction,Open
CB008855,TXN008608,CUST03472,MER03395,2024-03-15,2197.34,Product Not Received,Lost
CB008856,TXN002430,CUST07194,MER09382,2024-05-03,1806.77,Duplicate Charge,Open
CB008857,TXN001276,CUST05837,MER02183,2024-11-26,1218.7,Duplicate Charge,Open
CB008858,TXN002662,CUST03777,MER01835,2024-10-28,28064.46,Product Not Received,Won
CB008859,TXN007858,CUST06175,MER09538,2024-10-23,196.79,Fraud Suspected,Open
CB008860,TXN002514,CUST08326,MER00293,2024-10-18,4467.84,Fraud Suspected,Open
CB008861,TXN009451,CUST09611,MER08133,2024-11-20,42748.46,Unauthorized Transaction,Lost
CB008862,TXN000192,CUST06666,MER08326,2024-12-13,1469.71,Service Not Received,Under Review
CB008863,TXN007075,CUST05515,MER01527,,7553.08,Service Not Received,Open
CB008864,TXN008831,CUST08948,MER05177,2024-10-31,18523.3,Service Not Received,Open
CB008865,TXN002197,CUST02584,MER00038,2024-11-27,45292.52,Service Not Received,Under Review
CB008866,TXN005366,CUST08848,MER07075,2024-08-02,95933.3,Fraud Suspected,Lost
CB008867,TXN002393,CUST08399,MER02221,2024-11-28,56244.39,Product Not Received,Lost
CB008868,TXN000661,CUST08432,MER09468,2024-09-30,30085.31,Duplicate Charge,Open
CB008869,TXN002235,CUST03793,MER02746,2025-01-13,8995.4,Duplicate Charge,Open
CB008870,TXN000484,CUST02188,MER07334,2024-11-12,91009.19,Fraud Suspected,Won
CB008871,TXN008900,CUST05066,MER03609,2024-11-17,1665.39,Service Not Received,Lost
CB008872,TXN004992,CUST02406,MER07802,2024-10-26,17486.64,Service Not Received,Under Review
CB008873,TXN004476,CUST09287,MER05454,2024-08-26,1849.64,Fraud Suspected,Under Review
CB008874,TXN001083,CUST00804,MER09605,2024-12-18,427.71,Fraud Suspected,Under Review
CB008875,TXN001271,CUST04986,MER01609,2024-07-19,3045.71,Fraud Suspected,Lost
CB008876,TXN004550,CUST09077,MER04749,,1716.38,Fraud Suspected,Won
CB008877,TXN006900,CUST07147,MER05146,2024-07-01,4197.33,Service Not Received,Open
CB008878,,CUST01054,MER05342,2024-05-18,21254.48,Duplicate Charge,Open
CB008879,TXN002979,CUST09637,MER04687,2024-04-01,701.89,Fraud Suspected,Under Review
CB008880,TXN006764,CUST00452,MER06647,2024-06-11,68834.04,Duplicate Charge,Under Review
,TXN001806,CUST05651,MER04695,2024-09-30,307.8,Fraud Suspected,Under Review
CB008882,TXN002851,CUST09440,MER05053,2024-11-10,54924.28,Unauthorized Transaction,Under Review
CB008883,TXN004163,CUST06656,MER06865,2024-02-13,425.33,Unauthorized Transaction,Won
CB008884,TXN006902,CUST07838,MER08756,2024-03-23,1881.25,Unauthorized Transaction,Open
CB008885,TXN003598,CUST00447,MER04811,2025-01-02,34017.1,Duplicate Charge,Won
CB008886,TXN002961,CUST02483,MER03059,2024-08-05,4185.37,Fraud Suspected,Open
CB008887,TXN006757,CUST09215,MER07283,2024-09-06,84747.56,Service Not Received,Under Review
CB008888,TXN009113,CUST01504,MER08963,2024-10-20,595.42,Service Not Received,Open
CB008889,TXN004131,CUST04327,MER02030,2025-02-01,647.59,Fraud Suspected,Lost
CB008890,TXN005606,CUST05717,MER04680,2024-07-23,9202.06,Service Not Received,Lost
CB008891,TXN009296,CUST07427,MER06699,2024-10-01,17861.12,Product Not Received,Under Review
CB008892,TXN006260,CUST07726,MER00920,2024-05-30,29682.49,Service Not Received,Under Review
CB008893,TXN005285,CUST06748,MER02121,2024-09-18,69365.7,Duplicate Charge,Open
CB008894,TXN004437,CUST01208,MER04681,2024-11-21,16313.46,Service Not Received,Won
CB008895,TXN008447,CUST08528,MER01276,2025-01-21,1366.87,Duplicate Charge,Lost
CB008896,TXN009430,CUST09397,MER08733,2024-04-29,939.42,Duplicate Charge,Under Review
CB008897,TXN008339,CUST01447,MER07197,2024-04-13,5431.79,Service Not Received,Open
CB008898,TXN009516,CUST09496,MER07889,2024-07-13,N/A,Duplicate Charge,Won
CB008899,TXN000707,CUST02779,MER09915,2024-12-20,2207.28,Product Not Received,Open
CB008900,TXN003797,CUST00134,MER04655,2024-11-29,85498.14,Fraud Suspected,Open
CB008901,TXN008119,CUST03044,MER00285,2024-06-18,1633.63,Product Not Received,Open
CB008902,TXN009826,CUST05624,MER00715,2024-09-05,,Fraud Suspected,Lost
CB008903,TXN003010,CUST02872,MER04052,2024-03-13,13043.95,Fraud Suspected,Under Review
CB008904,TXN002195,CUST06264,MER01774,2024-10-05,1921.02,Service Not Received,Won
CB008905,TXN009911,CUST02777,MER00918,2024-12-02,7643.95,Unauthorized Transaction,Under Review
CB008906,TXN003443,CUST08230,MER00081,2024-06-30,106902.76,Service Not Received,Lost
CB008907,TXN005361,CUST08849,MER00265,2024-11-04,18361.87,Service Not Received,Won
CB008908,TXN008416,CUST04693,MER00370,2024-11-03,9221.86,Fraud Suspected,Won
CB008909,TXN004577,CUST06758,MER01600,2024-01-18,1959.1,Duplicate Charge,Under Review
CB008910,TXN001093,CUST04286,MER06335,2024-10-31,1768.02,Product Not Received,Under Review
CB008911,TXN003297,CUST03990,MER06507,2024-10-12,19787.36,Duplicate Charge,Won
CB008912,TXN001064,CUST00774,MER06848,,1370.83,Unauthorized Transaction,Won
CB008913,TXN004099,CUST08259,MER09785,2024-07-09,1298.64,Unauthorized Transaction,Under Review
CB008914,TXN002801,CUST06025,MER05163,2024-07-08,18462.28,Service Not Received,Lost
CB008915,TXN008921,CUST08821,MER00754,2024-03-29,710.37,Unauthorized Transaction,Won
CB001237,TXN009277,CUST00812,MER09026,2024-02-08,1954.7,Duplicate Charge,Under Review
CB008917,TXN004245,CUST00214,MER00986,2024-12-04,806.72,Service Not Received,Open
CB008918,TXN003865,CUST06545,MER01786,2024-04-25,13852.23,Unauthorized Transaction,Won
CB008919,TXN007814,CUST08247,MER01722,2024-10-05,87.88,Fraud Suspected,Open
CB008920,TXN003437,,MER06766,2024-11-20,22851.52,Fraud Suspected,Won
CB008921,TXN009860,CUST04674,MER06324,2024-10-03,1873.42,Product Not Received,Open
CB008922,TXN000521,,MER08982,2024-11-10,30545.08,Unauthorized Transaction,Lost
CB008923,TXN007468,CUST05601,MER03695,2024-09-26,474.86,Unauthorized Transaction,Lost
CB008924,TXN005166,CUST03601,MER04965,2024-11-16,47152.2,Service Not Received,Under Review
CB008925,TXN004309,CUST01684,MER06252,2024-02-27,4251.96,Service Not Received,Under Review
CB008926,TXN001399,CUST01941,MER01317,2024-08-11,1842.74,Product Not Received,Open
CB008927,TXN003593,CUST04861,MER04071,2024-03-23,48877.7,Fraud Suspected,Won
CB008928,TXN009983,CUST01568,MER09449,2024-07-02,75852.67,Duplicate Charge,Won
CB008929,TXN002299,,MER00538,2024-03-03,9275.81,Unauthorized Transaction,Lost
CB008930,TXN004554,CUST08105,MER01426,2024-09-23,1513.77,Fraud Suspected,Under Review
CB008931,TXN003038,CUST06180,MER02465,2024-03-15,5283.93,Duplicate Charge,Open
CB008932,TXN007973,CUST05307,UNKNOWN,2024-11-05,12161.43,Unauthorized Transaction,Lost
CB008933,TXN004196,CUST00605,MER03276,2024-07-08,1098.71,Unauthorized Transaction,Won
CB008934,TXN009927,CUST09377,MER00084,2024-11-06,6708.14,Service Not Received,Won
CB008935,TXN005437,CUST07556,MER08931,2024-08-21,33684.21,Duplicate Charge,Open
CB008936,TXN004043,CUST05544,MER01650,2024-08-07,1240.95,Product Not Received,Lost
CB008937,TXN006815,CUST09346,MER09385,2024-06-29,39733.86,Fraud Suspected,Under Review
CB008938,TXN001764,CUST09928,MER08070,2024-10-28,469.07,Unauthorized Transaction,Under Review
CB008939,TXN002451,CUST09200,MER05428,2024-12-01,20620.59,Fraud Suspected,Lost
CB008940,TXN003297,CUST03990,MER06507,2024-11-08,19787.36,Fraud Suspected,Open
CB008941,TXN003541,CUST05012,MER06918,2025-01-06,1428.96,Product Not Received,Under Review
CB008942,TXN005291,CUST08661,MER08704,2024-06-26,12723.57,Product Not Received,Under Review
CB008943,TXN001115,CUST09680,MER04563,2024-07-01,49489.84,Duplicate Charge,Open
CB008944,,CUST01341,MER06369,2024-06-26,17934.68,Service Not Received,Lost
CB008945,TXN001471,CUST08972,MER02443,2025-01-10,698.36,Unauthorized Transaction,Lost
CB008946,TXN006012,CUST09651,,2024-11-15,103376.09,Duplicate Charge,Won
CB008947,UNKNOWN,CUST08579,MER03315,2025-02-09,3306.67,Service Not Received,Under Review
CB008948,TXN005069,CUST09417,MER02068,2024-06-24,16449.22,Duplicate Charge,Won
CB008949,TXN001299,CUST09393,MER00276,2024-08-06,37582.99,Duplicate Charge,Open
CB008950,TXN004412,CUST07570,MER03252,2024-04-04,9865.64,Duplicate Charge,Open
CB008951,TXN000216,CUST06408,MER06602,2025-02-06,1315.31,Unauthorized Transaction,Open
CB008952,TXN005087,CUST06053,MER05335,2024-03-19,1103.04,Unauthorized Transaction,Lost
CB008953,TXN002266,CUST00356,MER00472,2024-11-13,18408.23,Product Not Received,Under Review
CB008954,TXN003516,CUST05617,MER01720,2024-05-27,1993.55,Fraud Suspected,Won
CB008955,TXN000621,CUST06191,MER05924,2024-10-02,2085.72,Duplicate Charge,Under Review
CB008956,TXN008718,CUST01159,MER01484,2024-03-09,870.06,Unauthorized Transaction,Open
CB008957,TXN009739,CUST04815,MER03947,2024-05-29,32033.75,Fraud Suspected,Lost
CB008958,TXN003312,CUST00008,MER05068,2024-06-17,13503.09,Unauthorized Transaction,Won
CB008959,TXN009240,CUST04401,MER06725,2024-05-21,1761.18,Product Not Received,Under Review
CB008960,TXN002883,CUST01386,MER05497,2024-02-28,153.29,Product Not Received,Lost
CB008961,TXN009263,CUST02334,MER06605,2024-02-20,503.57,Unauthorized Transaction,Lost
CB008962,TXN007076,CUST04400,MER08435,2024-07-22,22795.25,Product Not Received,Under Review
CB008963,TXN003577,CUST09367,MER03817,2024-03-05,1682.36,Product Not Received,Won
CB008964,TXN001270,CUST05827,MER07631,2024-03-02,75248.94,Duplicate Charge,Lost
CB008965,TXN000830,CUST06496,MER02963,2024-03-04,1675.99,Service Not Received,Under Review
CB008966,TXN008208,CUST01939,MER00964,2024-09-02,31734.15,Product Not Received,Open
CB008967,TXN007797,CUST05511,MER03151,2025-01-15,10576.63,Product Not Received,Open
CB000975,TXN000491,CUST05014,MER01351,2024-02-24,N/A,Product Not Received,Won
CB008969,TXN009951,CUST07026,MER01503,2024-09-04,131.74,Service Not Received,Lost
CB008970,TXN006304,CUST09599,MER01966,2024-08-13,,Fraud Suspected,Lost
CB008971,TXN009382,CUST06299,MER00843,2024-05-26,11884.63,Unauthorized Transaction,Under Review
CB008972,TXN003218,CUST00981,MER03117,2025-01-02,1885.67,Fraud Suspected,Open
CB008973,,CUST05002,MER01263,2024-03-31,13584.32,Unauthorized Transaction,Open
CB008974,TXN007068,CUST08711,MER05030,2024-12-04,613.86,Product Not Received,Lost
CB008975,TXN009623,CUST04894,MER02976,2024-12-31,35747.5,Unauthorized Transaction,Under Review
CB008976,TXN003041,CUST06982,MER02086,2024-05-11,1458.04,Product Not Received,Under Review
CB008977,TXN002695,CUST01704,MER06772,2024-05-19,3175.24,Unauthorized Transaction,Won
CB008978,TXN001878,CUST01999,MER09295,2025-01-09,51999.67,Unauthorized Transaction,Won
CB008979,TXN000857,CUST07477,MER09822,2024-10-09,1801.33,Duplicate Charge,Won
CB008980,TXN001672,CUST07040,MER08371,2024-04-29,7647.67,Fraud Suspected,Won
CB008981,TXN007533,CUST02030,MER06260,2024-11-05,5845.94,Service Not Received,Won
CB008982,TXN007376,CUST06798,MER02458,2024-08-14,1927.19,Product Not Received,Lost
CB008983,TXN001783,CUST01944,MER00126,2024-10-04,111682.4,Service Not Received,Open
CB008984,TXN009569,CUST06015,MER06644,2024-10-05,30075.26,Service Not Received,Under Review
CB008985,TXN002068,CUST01417,MER02351,2024-05-26,21351.42,Product Not Received,Won
CB008986,TXN006770,CUST04408,UNKNOWN,2024-10-30,37048.0,Product Not Received,Won
CB008987,TXN006703,CUST00171,MER05514,2024-08-31,6184.56,,Open
CB008988,,CUST01177,MER06210,2024-03-26,16486.7,Service Not Received,Open
CB008989,TXN003117,CUST05987,MER06677,2024-09-04,4531.84,Duplicate Charge,Won
CB008990,TXN006313,CUST01925,MER09997,2024-05-26,43516.07,Product Not Received,Open
CB008991,TXN009636,CUST08881,MER03007,2024-01-29,47533.56,Fraud Suspected,Lost
CB008992,TXN004372,CUST07512,MER02275,2024-08-14,41948.4,Unauthorized Transaction,Open
CB008993,TXN009030,CUST07256,MER07113,2024-02-27,1716.48,Service Not Received,Under Review
CB008994,TXN002283,CUST07677,MER09074,2024-07-26,9550.55,Unauthorized Transaction,Open
CB008995,,CUST01163,MER08969,2024-03-27,50822.11,Duplicate Charge,Won
CB008996,TXN003527,CUST00048,MER08969,2025-02-14,1544.44,Service Not Received,Won
CB008997,TXN004802,CUST04794,MER04969,2024-03-11,218.45,Service Not Received,Under Review
CB008998,TXN009177,CUST06517,MER05304,2024-11-07,715.43,Service Not Received,Open
CB008999,TXN000285,CUST08963,MER04591,2024-02-03,48795.3,Service Not Received,Open
CB009000,,CUST06390,MER06125,2024-06-07,17902.56,Product Not Received,Under Review
CB009001,TXN002461,CUST08351,MER05638,2024-10-30,19347.05,Product Not Received,Open
CB009002,TXN001842,CUST06601,MER05967,2024-03-21,22006.45,Duplicate Charge,Won
CB009003,TXN008280,CUST07627,MER07216,2024-09-06,67169.86,Unauthorized Transaction,Lost
CB009004,TXN009096,CUST01665,MER08714,2024-11-10,45004.64,Product Not Received,Won
CB009005,TXN000269,CUST00967,MER06776,2024-05-14,3419.12,Fraud Suspected,Lost
CB009006,TXN004318,CUST02537,MER00858,2024-07-13,7760.06,Service Not Received,Open
CB009007,TXN003783,CUST02340,MER06025,2024-06-05,1185.74,Fraud Suspected,Open
CB009008,TXN009331,CUST00674,MER03342,2024-07-27,55738.51,Fraud Suspected,Open
CB009009,TXN009175,CUST02521,MER02392,2024-07-11,7120.4,Fraud Suspected,Open
CB009010,TXN009667,CUST01161,MER00989,2024-04-19,745.14,Fraud Suspected,Lost
CB009011,TXN000739,CUST09627,MER04873,2024-11-14,9596.08,Fraud Suspected,Under Review
CB009012,TXN002085,CUST09944,MER09378,2024-02-23,4099.01,Unauthorized Transaction,Under Review
CB009013,TXN004092,CUST00120,MER00904,2024-02-21,2503.68,Duplicate Charge,Under Review
CB009014,TXN009381,CUST01100,MER04760,2024-07-29,9509.77,Service Not Received,Won
CB009015,TXN007252,CUST00011,MER00178,2024-08-17,27.0,Service Not Received,Won
CB009016,TXN003724,CUST05064,MER07748,2024-08-22,2488.25,Service Not Received,Lost
CB009017,TXN001828,CUST07337,MER01368,2024-12-16,984.66,Fraud Suspected,Open
CB009018,TXN006125,CUST07793,MER00616,,15056.04,Service Not Received,Lost
CB009019,TXN000221,CUST05644,MER05109,2024-05-20,8489.73,Unauthorized Transaction,Won
CB009020,TXN003421,CUST01340,MER07874,2024-04-23,893.76,Unauthorized Transaction,Open
CB009021,TXN005644,CUST03467,MER09459,2024-08-25,11335.75,Fraud Suspected,Lost
CB009022,TXN004551,CUST09142,MER08291,2024-07-25,3162.07,Duplicate Charge,Open
CB009023,TXN006270,CUST01645,MER05642,2024-08-08,1601.61,Duplicate Charge,Lost
CB009024,TXN003349,CUST03713,MER06379,2024-07-06,8763.22,Service Not Received,Open
CB009025,UNKNOWN,CUST09242,,2024-04-02,6481.75,Duplicate Charge,Won
CB009026,TXN004781,CUST00670,MER06215,2024-04-21,31457.54,Product Not Received,Lost
CB009027,TXN004904,CUST02675,MER07115,2024-10-31,64084.66,Product Not Received,Won
CB009028,TXN007612,,MER00239,2024-10-11,362.85,Duplicate Charge,Won
CB009029,TXN009830,CUST08335,MER04360,2024-05-05,2533.93,Service Not Received,Won
CB009030,TXN002871,CUST06866,MER00450,2024-07-13,817.54,Duplicate Charge,Under Review
CB009031,TXN008140,CUST01573,MER07827,2024-09-18,26390.36,Product Not Received,Lost
CB009032,TXN002087,CUST00448,MER06138,2024-04-12,,Fraud Suspected,Open
CB009033,TXN000309,CUST01195,UNKNOWN,2024-06-03,15416.18,Service Not Received,Lost
CB009034,TXN007392,CUST00936,MER02663,2024-08-26,55039.71,Fraud Suspected,Won
CB009035,TXN004240,CUST03800,MER05334,2024-12-24,1413.79,Duplicate Charge,Lost
CB009036,TXN006260,CUST07726,MER00920,2024-04-18,29682.49,Fraud Suspected,Under Review
CB009037,TXN003679,CUST09162,MER08469,2024-12-08,695.54,Product Not Received,Open
CB009038,TXN007340,CUST08359,MER07854,2024-01-27,18547.06,Duplicate Charge,Won
CB009039,TXN009936,CUST08238,MER03612,2024-10-04,54741.64,Duplicate Charge,Won
CB009040,TXN008757,CUST00815,MER08916,2024-11-28,487.33,Duplicate Charge,Won
CB009041,TXN004348,CUST07964,MER02708,2024-11-09,6452.81,Duplicate Charge,Won
CB009042,TXN005005,CUST06781,MER08247,2024-07-20,606.34,Unauthorized Transaction,Won
CB009043,TXN006393,CUST05695,MER01628,2024-11-03,94876.75,Unauthorized Transaction,Under Review
CB009044,TXN009956,CUST06473,MER00022,2024-08-05,5905.72,Fraud Suspected,Lost
CB009045,TXN002345,CUST00199,MER00536,2025-01-01,1455.62,Service Not Received,Won
CB009046,,CUST05505,MER04260,2024-11-21,875.43,Service Not Received,Won
CB009047,TXN008397,CUST09091,MER02919,2024-07-13,832.71,Product Not Received,Under Review
CB009048,TXN006732,CUST08870,MER03059,2024-09-25,22125.01,Product Not Received,Open
CB009049,TXN004719,CUST05396,,2024-06-18,1862.69,Duplicate Charge,Under Review
CB009050,TXN004150,CUST02471,MER05284,2024-07-23,53871.65,Fraud Suspected,Lost
CB009051,TXN002919,CUST01209,MER02429,2024-09-29,122.21,Service Not Received,Open
CB009052,TXN006540,CUST00116,MER07844,2025-02-09,32035.38,Fraud Suspected,Open
CB009053,TXN004170,CUST07260,MER00732,2024-05-07,17135.47,Duplicate Charge,Lost
CB009054,TXN005947,CUST02765,MER06458,2024-12-11,1046.99,Unauthorized Transaction,Under Review
CB009055,TXN009792,CUST06568,MER06530,2024-03-06,104235.09,Fraud Suspected,Open
CB009056,TXN000041,,MER06522,2024-07-16,22791.23,Unauthorized Transaction,Open
CB009057,TXN004889,CUST06358,MER09415,2024-07-16,31678.9,Duplicate Charge,Open
CB009058,TXN006498,CUST08312,MER03069,2024-04-23,63155.59,Product Not Received,Won
CB009059,TXN004396,CUST06489,MER07389,2024-09-22,339.46,Unauthorized Transaction,Lost
CB009060,TXN009269,CUST08566,MER09646,2024-12-29,N/A,Service Not Received,Won
CB009061,TXN001645,CUST07543,MER02641,2024-04-24,904.44,Unauthorized Transaction,Lost
CB009062,TXN008123,CUST00703,MER05539,2024-08-28,47079.12,Service Not Received,Lost
CB009063,TXN003478,CUST08115,MER06198,2024-09-27,394.49,Fraud Suspected,Under Review
CB009064,TXN006627,CUST07208,MER08012,2024-05-11,654.33,Service Not Received,Open
CB009065,TXN007746,CUST05981,MER05968,2024-02-21,16760.4,Fraud Suspected,Open
CB009066,TXN005714,CUST03165,MER09122,2024-10-09,46231.51,Fraud Suspected,Open
CB009067,TXN003587,CUST05041,MER09465,2024-04-20,49402.47,Service Not Received,Open
CB009068,TXN004418,CUST02001,MER08995,2024-05-09,39894.98,Fraud Suspected,Under Review
CB009069,TXN004916,CUST00576,MER03727,2024-07-07,9422.35,Fraud Suspected,Open
CB009070,TXN006147,CUST08395,MER00565,2024-10-04,58738.79,Service Not Received,Open
CB009071,TXN000856,CUST01119,MER01053,2024-07-11,50500.63,Fraud Suspected,Open
CB009072,TXN009642,CUST01986,MER07823,2024-12-25,7098.12,Unauthorized Transaction,Won
CB009073,TXN001592,CUST08673,MER01144,2025-01-06,1941.06,Product Not Received,Won
CB009074,TXN001131,CUST09320,MER07609,2024-07-20,6348.12,Fraud Suspected,Under Review
CB009075,TXN004833,CUST03177,MER07964,2024-08-21,269.67,Fraud Suspected,Won
CB009076,TXN006166,CUST07295,MER04457,2024-02-24,20818.67,Fraud Suspected,Won
CB009077,TXN003362,CUST09688,MER00634,2024-02-07,1250.29,Fraud Suspected,Lost
CB009078,TXN006671,CUST03670,MER06374,2024-11-13,47082.02,Product Not Received,Under Review
CB009079,TXN004832,CUST07094,MER01342,2024-05-15,33877.58,Duplicate Charge,Open
CB009080,TXN009474,CUST08256,MER06394,2024-06-27,227.4,Unauthorized Transaction,Open
CB009081,TXN000800,CUST03079,MER00007,2024-10-11,421.5,Unauthorized Transaction,Open
CB009082,TXN000009,CUST02038,MER04390,2024-08-14,45546.8,Unauthorized Transaction,Open
CB009083,TXN005336,CUST04518,MER03974,2024-05-22,11533.32,Unauthorized Transaction,Lost
CB006823,TXN001752,CUST09655,MER03878,2024-08-31,70965.89,Product Not Received,Under Review
CB009085,TXN007557,CUST09553,MER06787,2025-01-18,111414.79,Product Not Received,Under Review
CB009086,TXN004486,CUST05144,MER08674,2024-06-25,107.87,Duplicate Charge,Lost
CB009087,TXN005441,CUST04767,MER07027,2024-03-29,15076.34,Product Not Received,Won
CB009088,TXN003678,CUST04027,MER00682,2024-05-29,49611.6,Unauthorized Transaction,Under Review
CB009089,TXN002229,CUST07618,MER07538,2025-01-10,67724.48,,Under Review
CB009090,TXN004954,CUST04689,MER07224,2024-05-12,2233.38,Fraud Suspected,Under Review
CB009091,TXN009939,CUST09011,MER00179,2024-07-16,66.7,Product Not Received,Under Review
CB009092,TXN006260,CUST07726,MER00920,2024-04-13,34134.86,Product Not Received,Under Review
CB009093,TXN007065,CUST06515,MER04665,2024-09-20,18491.0,Unauthorized Transaction,Lost
CB009094,TXN002844,CUST01387,MER09796,,5044.35,Fraud Suspected,Open
CB009095,TXN002573,CUST02492,MER01928,,15060.14,Fraud Suspected,Won
CB009096,TXN006292,CUST01024,MER05812,2024-10-01,75906.7,Service Not Received,Won
CB009097,TXN003807,CUST02089,MER04541,2024-05-26,6883.98,Product Not Received,Lost
CB009098,TXN009694,CUST04742,MER07168,2024-06-29,12301.85,Service Not Received,Under Review
CB009099,TXN008376,CUST03569,MER04830,2024-12-28,43192.96,Duplicate Charge,Lost
CB009100,TXN007520,CUST08897,MER01090,2024-10-21,19694.87,Service Not Received,Open
CB009101,TXN007093,CUST03480,MER02615,2024-11-30,504.13,Duplicate Charge,Under Review
CB009102,TXN006248,CUST05074,MER00573,2024-10-26,29645.08,Fraud Suspected,Won
CB009103,TXN001343,CUST03051,MER00814,2024-10-28,32151.64,Unauthorized Transaction,Won
CB009104,TXN009741,CUST02812,MER01478,2024-06-17,45057.43,Service Not Received,Open
CB009105,TXN003553,CUST04212,MER06216,2025-01-10,1226.82,Unauthorized Transaction,Won
CB009106,TXN000926,CUST07312,MER06113,2024-03-27,92935.23,Service Not Received,Open
CB009107,TXN002501,CUST04860,MER05014,2024-12-31,7741.14,Service Not Received,Under Review
CB009108,TXN000838,CUST06197,MER09298,2024-03-16,252.94,Product Not Received,Open
CB009109,TXN000171,CUST09353,MER08960,2024-07-25,708.54,Unauthorized Transaction,Won
CB009110,TXN000992,CUST01339,MER07951,2024-07-24,99029.05,Service Not Received,Open
CB009111,TXN003281,CUST05633,MER09779,2024-05-13,18861.56,Service Not Received,Under Review
CB009112,TXN004523,CUST08862,MER06317,2024-07-20,400.9,Product Not Received,Open
CB009113,TXN001867,CUST07841,MER09726,2024-04-23,5036.01,Service Not Received,Under Review
CB009114,TXN001832,CUST07797,MER03589,2024-10-04,13616.06,Product Not Received,Under Review
CB009115,TXN008492,CUST06954,MER08523,2024-11-16,3176.97,Unauthorized Transaction,Open
CB009116,TXN000673,CUST09100,MER09529,2024-07-09,4224.18,Unauthorized Transaction,Under Review
CB009117,TXN006591,CUST08866,MER03042,2024-07-26,81144.76,Fraud Suspected,Lost
CB009118,TXN004855,CUST09054,MER06428,2024-07-20,60451.36,Product Not Received,Open
CB009119,TXN003834,CUST08143,MER08281,2024-02-24,8458.86,Fraud Suspected,Lost
CB009120,TXN000780,CUST08087,MER03343,2024-09-12,82753.04,Duplicate Charge,Won
CB009121,TXN009450,CUST00609,MER06468,2024-12-09,83294.05,Unauthorized Transaction,Won
CB009122,TXN002053,CUST02482,MER06521,2024-08-17,2468.36,Unauthorized Transaction,Lost
CB009123,TXN004465,CUST00894,MER08317,2024-09-20,13102.84,Product Not Received,Under Review
CB009124,TXN005658,CUST08251,MER01551,2025-02-02,183.66,Service Not Received,Open
CB009125,TXN000161,CUST06309,MER07968,2024-10-15,23835.37,Product Not Received,Lost
CB009126,,CUST08611,MER08745,2024-08-26,5730.08,Duplicate Charge,Won
CB009127,TXN002664,CUST05916,MER09693,2024-05-23,967.78,Product Not Received,Won
CB009128,TXN007873,CUST08523,MER04690,2024-09-04,32916.71,Fraud Suspected,Open
CB009129,TXN001323,CUST06725,MER06959,2024-07-17,1794.96,Duplicate Charge,Won
CB009130,TXN005131,CUST01604,MER02960,2024-12-02,649.19,Service Not Received,Under Review
CB009131,TXN002218,CUST02232,,2024-06-21,28969.0,Fraud Suspected,Won
CB009132,TXN003567,CUST03887,MER02011,2024-07-18,1196.17,Duplicate Charge,Under Review
CB009133,TXN001004,CUST02003,MER05157,2024-12-20,1672.49,Duplicate Charge,Won
CB009134,TXN007247,CUST01117,MER00335,2025-02-14,1452.25,Product Not Received,Lost
CB009135,TXN002195,CUST06264,MER01774,2024-10-12,960.51,Fraud Suspected,Won
CB009136,TXN009622,CUST08824,MER08793,2024-11-02,12994.25,Unauthorized Transaction,Under Review
CB009137,TXN008063,CUST09409,MER00903,2024-10-03,64456.35,Duplicate Charge,Under Review
CB009138,TXN008907,UNKNOWN,MER01554,2024-04-05,8988.94,Unauthorized Transaction,Lost
CB009139,TXN008418,CUST08583,MER00314,2024-10-07,655.12,Service Not Received,Open
CB009140,TXN008118,CUST08518,MER01052,2024-07-18,74593.76,Unauthorized Transaction,Lost
CB009141,TXN005197,CUST07468,MER02829,2024-12-06,12167.67,Duplicate Charge,Open
CB009142,TXN002744,CUST06977,MER06251,2024-07-10,917.88,Product Not Received,Open
CB009143,TXN006634,CUST07613,MER03074,2024-11-02,9216.68,Product Not Received,Lost
CB009144,TXN003015,CUST05732,MER02443,2024-04-07,915.36,Product Not Received,Under Review
CB009145,TXN002882,CUST06207,MER05256,2024-08-11,228.78,Duplicate Charge,Open
CB009146,TXN008355,CUST03142,MER00638,2024-11-04,85766.79,Service Not Received,Won
CB009147,TXN002974,CUST02683,MER04565,2024-09-01,1171.68,Fraud Suspected,Open
CB009148,TXN001092,CUST09086,MER02150,,3662.67,Service Not Received,Under Review
CB009149,TXN001871,CUST05219,MER09801,2024-04-07,109889.08,Service Not Received,Won
CB009150,TXN000241,CUST02029,MER06609,2024-03-31,35817.09,Duplicate Charge,Open
CB009151,TXN007617,CUST01404,MER00960,2024-12-07,30561.66,Product Not Received,Won
CB009152,TXN000859,CUST04352,MER07910,2024-05-11,2240.8,Duplicate Charge,Open
CB009153,TXN000381,CUST09080,MER09250,2024-08-22,8685.66,Product Not Received,Won
CB009154,TXN008686,CUST08890,MER02670,2024-07-28,1295.39,Service Not Received,Lost
CB009155,TXN005423,CUST07213,MER00591,2024-06-18,577.38,Product Not Received,Open
CB009156,TXN007346,CUST07948,MER01825,2024-11-16,47934.72,Duplicate Charge,Won
CB009157,TXN005961,CUST06554,MER05591,2024-02-17,121.62,Product Not Received,Open
CB009158,TXN002517,CUST06982,MER02996,2024-04-23,118.39,Unauthorized Transaction,
CB009159,TXN000464,CUST00666,MER08810,2024-05-26,3930.86,Service Not Received,Won
CB009160,TXN003798,CUST09320,MER00851,2024-07-29,190.68,Product Not Received,Lost
CB009161,TXN004927,CUST06995,MER09178,2024-02-29,45054.51,Service Not Received,Won
CB009162,TXN007134,CUST05573,MER08830,2024-04-11,9414.18,Duplicate Charge,Under Review
CB009163,TXN009870,CUST00080,MER02398,2024-09-21,1003.94,Service Not Received,Under Review
CB009164,TXN001381,,MER08842,2025-02-25,24311.7,Service Not Received,Open
CB009165,TXN004560,CUST09243,MER09528,2024-10-02,10608.61,Product Not Received,Won
CB009166,TXN009307,CUST03479,MER06471,2024-10-22,90543.06,Duplicate Charge,Lost
CB009167,TXN003168,CUST07230,MER09089,2024-06-04,86347.99,Unauthorized Transaction,Lost
CB009168,TXN002207,CUST01061,MER08813,2024-09-14,12120.78,Duplicate Charge,Under Review
CB009169,TXN008776,CUST02719,MER04422,2024-12-11,10525.97,Unauthorized Transaction,Open
CB009170,TXN009949,CUST03877,MER09933,2024-09-05,128.36,Service Not Received,Won
CB009171,TXN004392,CUST06146,MER08325,2024-05-20,9128.33,Service Not Received,Open
CB009172,TXN009609,CUST03228,MER01031,2024-03-31,477.04,Unauthorized Transaction,Open
CB009173,TXN002684,CUST05887,MER09919,2025-01-12,988.28,Product Not Received,Under Review
CB009174,TXN008351,CUST05523,MER05629,2024-06-07,81687.6,Product Not Received,Open
CB009175,TXN005521,CUST09131,MER07780,2024-11-15,2311.52,Unauthorized Transaction,Lost
CB009176,TXN006478,CUST05366,MER03195,2024-03-25,4165.48,Unauthorized Transaction,Open
CB009177,TXN007493,CUST02048,MER04768,2024-08-19,20366.44,Product Not Received,Open
CB009178,TXN008064,CUST08518,MER09818,2024-05-17,83857.53,Duplicate Charge,Under Review
CB009179,TXN007070,CUST08097,MER02591,2024-02-15,7551.3,Product Not Received,Open
CB009180,TXN009667,CUST01161,MER00989,2024-06-07,856.91,Fraud Suspected,Open
CB009181,TXN004484,CUST03532,MER02034,2024-11-28,69884.88,Unauthorized Transaction,Open
CB009182,TXN005327,CUST08500,MER07815,2024-02-18,17049.53,Fraud Suspected,Won
CB009183,TXN000866,CUST05979,MER07585,2024-07-09,39773.74,Duplicate Charge,Open
CB009184,TXN001478,,MER03510,2024-07-27,36860.82,Unauthorized Transaction,Lost
CB009185,TXN006953,CUST07774,MER01990,2024-06-06,11564.22,Duplicate Charge,Open
CB009186,TXN000754,CUST03537,MER00897,2024-10-03,1385.17,Product Not Received,Lost
CB009187,TXN003062,CUST03563,MER06960,2024-06-25,N/A,Service Not Received,
CB009188,TXN007880,CUST02126,MER00785,2024-04-24,19033.04,Fraud Suspected,Lost
CB003697,TXN005911,CUST05473,MER01201,2024-10-11,14904.54,Service Not Received,Open
CB009190,TXN003078,CUST04506,MER09615,2024-04-22,2284.55,Product Not Received,Under Review
CB009191,TXN009835,CUST01782,MER03115,2024-07-13,1768.51,Product Not Received,Under Review
CB009192,TXN005655,CUST07664,MER05105,2024-03-14,1846.43,Fraud Suspected,Open
CB009193,TXN004465,CUST00894,MER08317,2024-10-05,13102.84,Service Not Received,Lost
CB009194,TXN004135,CUST09065,MER00750,2025-01-06,8925.67,Product Not Received,Won
CB009195,TXN005266,CUST09290,MER07466,2024-11-06,85724.1,Unauthorized Transaction,Under Review
CB009196,TXN004485,CUST00257,MER02083,2024-02-23,138.26,Product Not Received,Lost
CB009197,TXN000183,,MER02179,2024-08-02,60.94,Fraud Suspected,Lost
CB009198,TXN003609,CUST04310,MER08882,2024-12-24,17746.49,Duplicate Charge,Under Review
CB009199,TXN008491,CUST01372,MER04724,2024-05-02,12243.2,Product Not Received,Lost
CB009200,TXN006227,CUST00476,MER08936,2024-05-15,80527.42,Fraud Suspected,Lost
CB009201,TXN006791,CUST00806,MER05558,2024-12-19,1428.99,Unauthorized Transaction,Under Review
CB009202,TXN007516,CUST04603,MER04377,2024-07-26,1383.79,Service Not Received,Under Review
CB009203,TXN002407,CUST04581,MER01730,2024-02-28,26145.83,Duplicate Charge,Lost
CB009204,TXN008616,CUST06206,MER05253,2024-12-19,478.91,Fraud Suspected,Under Review
CB009205,TXN009222,CUST03975,MER03356,2024-02-14,1797.51,Fraud Suspected,Open
CB009206,TXN003255,CUST08103,,2024-10-30,64404.52,Product Not Received,Open
CB009207,TXN007443,CUST07673,MER05471,2024-01-15,10607.58,Service Not Received,Open
CB009208,TXN007776,CUST04140,MER08743,2025-01-16,9127.53,Duplicate Charge,Open
CB009209,TXN005671,CUST00257,MER01291,2024-12-06,1377.05,Fraud Suspected,Open
CB009210,TXN002642,CUST06688,MER09277,2024-04-24,55276.77,Service Not Received,Open
CB009211,TXN009773,CUST07117,MER01651,2024-03-21,1449.38,Service Not Received,Open
CB009212,TXN005671,CUST00257,MER01291,2024-12-22,688.52,Unauthorized Transaction,Won
CB009213,TXN008908,CUST05733,MER04856,2024-03-29,65556.64,Unauthorized Transaction,Open
CB009214,TXN000221,CUST05644,MER05109,2024-06-11,9763.19,Product Not Received,Open
CB009215,TXN009107,CUST00516,MER04210,2024-06-22,99933.86,Product Not Received,Open
CB009216,TXN008884,CUST06311,MER02515,2025-01-27,2062.36,Duplicate Charge,Under Review
CB009217,TXN002977,CUST05994,MER03025,2025-01-28,117.12,Service Not Received,Lost
CB009218,TXN004062,CUST04008,MER02664,2024-03-26,N/A,Unauthorized Transaction,Won
CB009219,TXN001406,CUST01623,MER00839,2024-07-02,1699.84,Service Not Received,Lost
CB009220,TXN003200,CUST07941,MER01949,2024-03-09,1017.31,Product Not Received,Open
CB009221,TXN001596,CUST01215,MER08335,2024-04-20,1299.84,Fraud Suspected,Lost
CB009222,TXN009401,,MER05847,2024-01-30,53433.4,Product Not Received,Won
CB009223,TXN008483,CUST00321,MER03760,2024-05-12,1532.97,Product Not Received,Lost
CB009224,TXN003133,CUST03972,MER09720,2024-01-31,8700.27,Fraud Suspected,Lost
CB009225,TXN008021,CUST09900,MER09393,2024-05-04,335.34,Duplicate Charge,Under Review
CB009226,TXN000634,CUST00169,MER06008,2024-05-07,3452.17,Duplicate Charge,Open
CB009227,TXN000006,CUST07745,MER09613,2024-12-19,1915.4,Service Not Received,Under Review
CB001312,TXN006065,CUST05269,MER00344,2024-04-26,52423.88,Unauthorized Transaction,Open
CB009229,TXN006580,CUST07028,MER06826,2025-01-22,1999.07,Product Not Received,Won
CB009230,TXN001487,CUST08538,MER07220,2024-06-04,5945.3,Service Not Received,Lost
CB009231,TXN002032,CUST07908,MER01368,2025-01-08,1472.28,Fraud Suspected,Won
CB009232,TXN007503,CUST08644,MER02095,2024-10-11,32525.86,Product Not Received,Lost
CB009233,TXN006652,CUST03532,MER01452,2024-07-10,1816.71,Product Not Received,Under Review
CB009234,TXN002940,CUST09697,MER07661,2025-01-01,2023.8,Duplicate Charge,Open
CB009235,TXN008734,CUST02656,MER07395,2025-01-28,48814.39,Service Not Received,Won
CB009236,TXN002138,CUST06754,MER08669,2025-02-10,15263.49,Duplicate Charge,
CB009237,TXN003187,CUST05984,MER09439,2024-11-07,1737.64,Service Not Received,Open
CB009238,TXN009047,CUST01836,MER09804,2025-01-17,97.28,Unauthorized Transaction,Lost
CB009239,TXN001302,CUST00097,MER00320,2024-05-02,12041.32,Service Not Received,Under Review
CB009240,TXN007181,CUST04952,MER04470,2024-07-01,1374.05,Duplicate Charge,Won
CB009241,TXN009355,CUST00479,MER04256,2024-03-15,10422.43,Unauthorized Transaction,Open
CB009242,TXN007550,CUST00938,MER05866,2024-10-02,1716.64,Duplicate Charge,Under Review
CB009243,TXN007904,CUST03452,MER00903,2024-05-03,52437.21,Fraud Suspected,Open
CB009244,TXN005049,CUST05095,MER08786,2025-01-12,1645.66,Fraud Suspected,Won
CB009245,TXN002010,CUST07766,MER00187,2024-11-30,1520.87,Service Not Received,Under Review
CB009246,TXN009691,CUST04395,MER04176,2024-08-29,99757.1,Unauthorized Transaction,Open
CB009247,TXN008060,CUST00071,MER01555,2024-11-21,953.21,Fraud Suspected,Open
CB009248,TXN002206,CUST05916,MER08738,2024-07-01,38059.55,,Under Review
CB009249,TXN006242,CUST04646,MER00240,2024-07-26,8444.57,Fraud Suspected,Under Review
CB009250,TXN002470,,MER03999,2024-07-27,77.18,Fraud Suspected,Under Review
CB009251,TXN009566,CUST08716,MER05919,2024-08-19,94012.54,Fraud Suspected,Lost
CB009252,TXN008579,CUST05761,MER07267,2024-02-18,2811.85,Fraud Suspected,Under Review
CB009253,TXN003321,CUST08629,MER02346,2024-11-10,11926.94,Product Not Received,Lost
CB009254,TXN009860,CUST04674,,2024-10-01,1873.42,Product Not Received,Under Review
CB009255,,CUST03191,MER06901,2024-08-13,14639.38,Service Not Received,Under Review
CB009256,TXN006006,CUST06177,MER04845,2024-04-02,22702.98,Product Not Received,Open
CB009257,TXN005584,CUST01527,MER06338,2024-03-09,44622.38,Unauthorized Transaction,Under Review
CB009258,TXN008680,CUST01092,MER00471,2024-09-20,71532.13,Duplicate Charge,Under Review
CB009259,,CUST03474,MER07458,2024-11-12,85533.76,Duplicate Charge,
CB009260,TXN009816,CUST00163,MER04160,2025-01-12,118.48,Fraud Suspected,Won
CB009261,TXN009559,CUST03473,MER00759,2024-06-11,607.13,Service Not Received,Open
CB009262,TXN001308,CUST06654,MER06539,2025-01-02,992.18,Unauthorized Transaction,Open
CB009263,TXN001218,CUST03829,MER08800,2024-12-11,N/A,Product Not Received,Under Review
CB009264,TXN003895,CUST06028,MER06830,2024-05-08,8441.66,Fraud Suspected,Under Review
CB009265,TXN000186,CUST05631,MER09402,2024-04-27,1073.09,Fraud Suspected,Won
CB009266,TXN001193,CUST07340,MER02247,2024-12-11,15109.66,Duplicate Charge,Won
CB009267,TXN001599,CUST07099,MER09289,2024-04-09,97433.98,Service Not Received,Open
CB009268,TXN009581,CUST08362,MER06733,2025-01-02,3202.22,Duplicate Charge,Lost
CB009269,TXN008206,CUST04982,MER05327,2024-09-05,16144.66,Product Not Received,Won
CB009270,,CUST01120,MER03967,2024-03-22,20288.31,Product Not Received,Under Review
CB009271,TXN007394,CUST09555,MER07375,2024-11-15,99250.0,Duplicate Charge,Open
CB009272,TXN009151,CUST00015,MER03575,2024-09-25,59810.95,Service Not Received,Won
CB009273,TXN004267,CUST01353,MER03618,2024-10-06,54491.92,Unauthorized Transaction,Open
CB009274,TXN004812,CUST06711,MER03564,2024-12-24,639.41,Duplicate Charge,Open
CB009275,TXN000317,CUST03021,MER02996,2024-01-22,74824.66,Fraud Suspected,Won
CB009276,TXN007917,CUST06743,MER00789,2024-03-20,6559.95,Fraud Suspected,Lost
CB009277,TXN001856,CUST02960,MER06807,2024-07-05,,Duplicate Charge,Under Review
CB009278,TXN000519,CUST00564,MER00960,2024-09-18,48991.66,Fraud Suspected,Under Review
CB009279,TXN005631,CUST02231,MER09552,2024-11-03,676.94,Unauthorized Transaction,Won
CB009280,TXN004762,CUST09093,MER08745,2024-12-04,55368.27,Duplicate Charge,Lost
CB009281,TXN003746,CUST02693,MER02989,2024-10-21,11006.42,Product Not Received,Won
CB009282,TXN000993,CUST00728,MER01504,2025-01-06,578.77,Fraud Suspected,Lost
CB009283,TXN000529,CUST07704,UNKNOWN,2024-11-27,17551.97,Fraud Suspected,Under Review
CB009284,TXN006335,CUST00337,MER07507,2024-04-27,1177.46,Unauthorized Transaction,Under Review
,TXN003817,CUST01462,MER03662,2024-09-26,10972.02,Fraud Suspected,Open
CB009286,TXN000985,CUST03726,MER06186,2024-03-05,13227.22,Service Not Received,Won
CB009287,TXN005924,CUST05438,MER04627,2025-01-01,7409.28,Service Not Received,Lost
CB009288,TXN008198,CUST07862,MER08417,2024-02-03,18248.77,Unauthorized Transaction,Under Review
CB009289,TXN003516,CUST05617,MER01720,2024-05-03,866.76,Product Not Received,Under Review
CB009290,TXN006826,CUST09129,MER04979,2024-04-17,207.73,Duplicate Charge,Open
CB009291,TXN000374,CUST01308,MER06848,2024-11-03,804.05,Service Not Received,Lost
CB009292,TXN009909,CUST01970,MER09751,2024-11-23,9077.28,Unauthorized Transaction,Open
CB009293,TXN005359,,MER03710,2024-12-08,8468.42,Fraud Suspected,Under Review
CB009294,TXN000053,CUST01039,MER05469,2024-02-27,6200.64,Unauthorized Transaction,Won
CB009295,TXN003773,CUST00358,MER03532,2024-11-02,73547.96,Product Not Received,Won
CB009296,TXN007826,CUST05451,MER02213,2024-02-04,N/A,Fraud Suspected,Under Review
CB009297,TXN006408,CUST04187,MER01021,2024-07-24,94326.58,Product Not Received,Under Review
CB009298,TXN002772,CUST01814,MER05429,2024-08-11,11685.26,Fraud Suspected,Lost
CB009299,TXN005134,CUST08702,MER06776,2024-08-31,810.17,Duplicate Charge,Lost
CB009300,TXN005011,CUST06710,MER06234,2024-11-11,335.88,Product Not Received,Open
CB009301,TXN008527,CUST05227,MER09518,2024-05-29,1541.55,Unauthorized Transaction,Under Review
CB003595,TXN007419,CUST08431,MER06655,2024-05-22,911.88,Product Not Received,Under Review
CB009303,TXN002883,CUST01386,MER05497,2024-03-15,153.29,Unauthorized Transaction,Open
CB009304,TXN009611,CUST02899,MER02323,2024-06-10,20280.74,Duplicate Charge,Under Review
CB009305,TXN003061,CUST04164,MER00424,,1685.62,Product Not Received,Under Review
CB009306,TXN004680,CUST01807,MER08741,2024-03-27,10006.87,Service Not Received,Open
CB009307,,CUST06233,MER01471,2024-04-11,102.36,Service Not Received,Lost
CB009308,TXN002613,CUST07106,MER03696,2025-02-02,67144.08,Duplicate Charge,Lost
CB009309,TXN006399,CUST08979,MER06046,2024-04-07,9686.11,Unauthorized Transaction,Under Review
CB009310,TXN000579,CUST06982,MER09929,2024-08-20,48178.18,Duplicate Charge,Open
CB009311,TXN007191,CUST03765,MER07273,2024-12-09,603.51,Product Not Received,Lost
,TXN000851,CUST03749,MER09901,2025-01-03,35619.03,Product Not Received,Open
CB009313,TXN000472,CUST01430,MER09797,2024-08-10,8718.14,Fraud Suspected,
CB009314,TXN000417,CUST09112,MER08669,2024-06-20,7189.36,Product Not Received,Under Review
CB009315,TXN009211,CUST04849,MER06969,2024-07-03,1420.4,Duplicate Charge,
CB009316,TXN009135,CUST03638,MER06207,2024-06-14,14686.96,Service Not Received,Lost
CB009317,TXN001850,CUST09856,MER03702,2024-05-28,24397.33,Product Not Received,Won
CB009318,TXN004733,CUST00054,MER04094,2024-09-14,6269.22,Fraud Suspected,Under Review
CB009319,TXN009769,CUST02555,MER03733,2025-01-14,64093.73,Duplicate Charge,Lost
CB009320,TXN000974,CUST03254,MER05789,2024-12-18,7454.61,Fraud Suspected,Open
CB009321,TXN003560,CUST08978,MER00008,2025-01-28,17095.42,Duplicate Charge,Open
CB009322,TXN001001,CUST07253,MER00909,2024-02-01,1635.49,Fraud Suspected,Lost
CB009323,TXN002551,CUST01066,MER01981,2024-11-07,37153.03,Duplicate Charge,Won
CB009324,TXN002569,CUST02177,MER05781,2024-02-18,34684.73,Product Not Received,Lost
CB009325,TXN006906,CUST08279,MER08583,2024-11-30,333.89,Fraud Suspected,Open
CB009326,TXN008665,CUST04706,MER01440,2024-10-30,884.58,Service Not Received,Open
CB009327,TXN005832,CUST04174,MER02203,2024-08-30,16204.9,Fraud Suspected,Lost
CB009328,UNKNOWN,CUST04933,MER00213,2024-09-19,16666.88,Duplicate Charge,Open
CB009329,TXN007490,CUST09668,MER00737,2024-03-02,14279.05,Unauthorized Transaction,Lost
CB009330,TXN001916,CUST03221,MER08756,2024-06-10,11083.55,Unauthorized Transaction,Won
CB007314,TXN005160,CUST00037,MER01663,2024-12-18,62739.0,Service Not Received,Under Review
CB009332,TXN007103,CUST09804,MER03859,2024-03-11,86836.87,Duplicate Charge,Open
CB009333,TXN006263,CUST04823,MER01953,2024-03-22,71105.88,Fraud Suspected,Open
CB009334,TXN004503,CUST09831,MER01492,2024-02-21,93580.16,Service Not Received,Won
CB009335,TXN005771,CUST03728,MER07785,2024-12-01,7966.12,Duplicate Charge,Open
CB009336,UNKNOWN,CUST02268,MER03681,2024-09-22,26321.57,Product Not Received,Under Review
CB009337,TXN009286,CUST08037,MER09514,2025-02-03,14711.91,Service Not Received,Lost
CB009338,TXN006581,CUST09409,MER05815,2024-09-10,86017.51,Unauthorized Transaction,Lost
CB009339,TXN009891,CUST09888,MER01206,2024-10-08,32128.21,Product Not Received,Under Review
CB009340,TXN007858,CUST06175,MER09538,2024-10-22,226.31,Product Not Received,Open
CB009341,TXN004687,CUST08011,MER01499,2024-03-08,13339.43,Product Not Received,Won
CB009342,TXN004043,CUST05544,MER01650,2024-09-11,1240.95,Unauthorized Transaction,Won
CB009343,TXN002975,CUST08702,MER01741,2025-01-10,1316.06,Duplicate Charge,Lost
CB009344,TXN006940,CUST07500,MER03318,2024-10-11,47453.13,Product Not Received,Lost
CB009345,TXN000307,CUST00723,MER00648,2024-10-25,,Fraud Suspected,Lost
CB009346,TXN000991,CUST00462,MER08313,2025-01-31,58761.88,Service Not Received,Won
CB009347,TXN005317,CUST07270,MER00478,2024-06-17,23347.67,Duplicate Charge,Open
CB009348,TXN006161,CUST07149,MER09667,2024-05-08,10796.24,Duplicate Charge,Under Review
CB009349,TXN009765,CUST01674,MER03395,2024-10-12,18121.06,Service Not Received,Under Review
CB009350,TXN005515,CUST08869,MER05126,2024-05-02,4476.15,Unauthorized Transaction,Won
CB009351,TXN006035,CUST00357,MER01163,2024-11-10,37482.64,Unauthorized Transaction,Under Review
CB009352,TXN003282,CUST01264,MER07603,2024-10-14,2350.05,Duplicate Charge,Won
CB009353,TXN004208,CUST08576,MER00312,2024-07-03,16703.07,Fraud Suspected,Open
CB009354,TXN002673,CUST00708,MER04430,2024-12-31,95942.42,Unauthorized Transaction,Open
CB009355,TXN004432,CUST02520,MER04721,2024-02-28,8771.44,Product Not Received,Won
CB009356,TXN001304,CUST02127,MER06141,2024-10-07,1583.62,Service Not Received,Won
CB009357,TXN000747,CUST07378,MER06863,2024-11-18,9612.21,Fraud Suspected,Lost
CB009358,TXN008143,CUST02610,MER07143,2024-05-31,849.04,,Under Review
CB009359,TXN004347,CUST05274,MER08486,2024-08-03,1610.63,Service Not Received,Lost
CB009360,TXN002808,CUST03274,MER07903,2024-07-11,25964.28,Fraud Suspected,Won
CB009361,TXN004034,CUST07205,MER09670,2024-07-24,12827.78,Fraud Suspected,Won
CB009362,TXN000561,CUST04081,MER00400,2024-11-05,61258.04,Service Not Received,Under Review
CB009363,TXN004538,CUST08940,MER00004,2024-08-19,80101.63,Service Not Received,
CB009364,TXN003471,CUST03425,MER06086,2024-06-18,76360.55,Unauthorized Transaction,Lost
CB009365,TXN003115,CUST04450,MER04799,2024-11-23,6713.16,Duplicate Charge,Under Review
CB009366,TXN006214,CUST01341,MER07230,2024-06-20,113608.58,Product Not Received,Open
CB009367,TXN009950,CUST02098,,2024-11-03,816.18,Duplicate Charge,Lost
CB009368,TXN009188,CUST00252,MER00076,2024-10-15,78.56,Product Not Received,Under Review
CB009369,TXN001759,CUST04057,MER04902,2024-10-25,1900.26,Unauthorized Transaction,Open
CB009370,TXN000288,CUST09878,MER08211,2024-12-17,93939.23,Duplicate Charge,Won
CB009371,TXN009660,,MER06493,2024-08-08,15605.14,Duplicate Charge,Open
CB009372,TXN001490,CUST06999,MER04067,2024-04-30,16916.89,Service Not Received,Open
CB009373,TXN006163,CUST03212,MER06635,2024-10-02,924.78,Fraud Suspected,Lost
CB009374,TXN007639,CUST02169,MER08865,2024-07-18,58138.52,Fraud Suspected,Under Review
CB009375,TXN005192,CUST07323,MER03770,2024-03-24,19303.44,Product Not Received,Lost
CB009376,TXN005486,CUST05139,MER03806,2024-06-09,1375.95,Fraud Suspected,Lost
CB009377,TXN003165,CUST03665,MER01973,2024-11-06,1358.17,Duplicate Charge,Won
CB009378,TXN007611,CUST09575,MER06518,2024-04-29,28005.55,Fraud Suspected,Lost
CB009379,UNKNOWN,CUST00353,MER00576,2024-03-14,561.55,Fraud Suspected,Lost
CB009380,TXN002726,CUST00743,MER06667,2024-02-25,9798.4,Service Not Received,Under Review
CB009381,TXN000667,CUST03918,MER01503,2024-06-12,740.26,Unauthorized Transaction,Won
CB009382,TXN001254,CUST06893,MER02075,,24504.1,Service Not Received,Won
CB009383,TXN004226,CUST01887,MER04259,2025-01-08,14231.53,Fraud Suspected,Won
CB009384,TXN004909,CUST08160,MER04984,2024-07-05,5300.96,Product Not Received,Lost
CB009385,TXN006340,CUST01533,MER06847,,,Unauthorized Transaction,Under Review
CB009386,TXN009132,CUST00202,MER04288,2024-02-14,16475.56,Unauthorized Transaction,Open
CB009387,TXN008177,CUST07374,MER00050,2024-05-06,1968.35,Service Not Received,Open
CB009388,TXN006302,CUST02449,MER07243,2024-10-28,3598.94,Unauthorized Transaction,Won
CB009389,TXN005934,CUST01785,MER06018,2024-08-19,77988.29,Duplicate Charge,Won
CB009390,TXN001503,CUST01402,MER01786,2024-08-02,37029.21,Product Not Received,Won
CB009391,TXN000577,CUST07135,MER04915,2024-05-30,44164.11,Unauthorized Transaction,Won
CB009091,TXN009939,CUST09011,MER00179,2024-07-16,66.7,Product Not Received,Under Review
CB009393,TXN005100,CUST07607,,2024-07-05,32116.7,Duplicate Charge,Open
CB009394,,CUST03157,MER07424,2024-06-14,9870.68,Product Not Received,Under Review
CB009395,TXN007208,CUST07856,MER00710,2024-08-09,1838.21,Unauthorized Transaction,Open
CB009396,TXN003196,CUST00770,MER02868,2024-07-29,70424.37,Duplicate Charge,Under Review
CB009397,TXN001584,CUST03551,MER05317,2024-04-19,44302.66,Duplicate Charge,Under Review
CB009398,TXN001888,CUST05773,MER08398,2024-02-29,N/A,Fraud Suspected,Open
CB009399,TXN009857,CUST06688,MER03839,2024-05-01,7228.2,Product Not Received,Won
CB009400,TXN007150,CUST00989,MER03216,2024-02-29,6879.2,Fraud Suspected,Open
CB009401,TXN006016,CUST08964,MER00289,2025-01-11,935.67,Duplicate Charge,Won
CB009402,TXN007817,CUST03621,MER03379,2024-11-23,11898.45,Duplicate Charge,Lost
CB009403,TXN007060,CUST09526,MER08962,2025-01-04,334.82,Service Not Received,Open
CB009404,TXN003358,CUST06415,MER04295,2024-11-09,95228.2,Service Not Received,Under Review
CB009405,TXN002351,CUST07371,MER00288,2024-06-14,1915.55,Unauthorized Transaction,Won
CB009406,TXN000080,CUST08396,MER06285,2024-07-28,,Product Not Received,Open
CB009407,TXN001744,CUST02707,MER00466,2024-07-28,105647.73,Duplicate Charge,Open
CB009408,TXN001002,CUST01811,MER09668,2024-08-14,37819.7,Duplicate Charge,Won
CB009409,TXN003291,CUST05239,MER02964,2024-06-16,42974.32,Duplicate Charge,Won
CB009410,TXN008289,CUST02895,MER02706,2024-11-30,2860.52,Unauthorized Transaction,Won
CB009411,TXN000291,CUST06368,MER00327,2024-04-25,17579.31,Unauthorized Transaction,Under Review
CB009412,TXN006356,,MER00600,2024-11-07,9283.02,Product Not Received,Lost
CB009413,TXN004501,CUST07581,MER06213,2024-02-16,20680.12,Duplicate Charge,Under Review
CB009414,TXN003752,CUST04596,MER08187,2024-12-31,1023.76,Product Not Received,Open
CB009415,TXN005417,CUST03225,MER02974,2024-11-10,182.33,Duplicate Charge,Under Review
CB009416,TXN002027,CUST00136,MER06918,2024-01-14,734.53,Fraud Suspected,Open
CB009417,TXN002299,CUST06094,MER00538,2024-01-16,4637.9,Unauthorized Transaction,Under Review
CB009418,TXN003797,CUST00134,MER04655,2024-12-09,42749.07,Unauthorized Transaction,Under Review
CB009419,TXN003819,CUST08288,MER05068,2024-12-11,61761.54,Duplicate Charge,Under Review
CB009420,TXN009601,CUST00278,MER01978,2024-07-24,7505.82,Duplicate Charge,Lost
CB009421,TXN003556,CUST05370,MER05779,2024-10-12,18687.34,Duplicate Charge,Won
CB009422,TXN003570,CUST09096,MER03840,2024-06-20,563.64,Fraud Suspected,Under Review
CB009423,TXN004913,,MER07463,2024-01-27,21029.83,Unauthorized Transaction,Won
CB009424,TXN005092,CUST04967,MER02123,2024-07-29,5702.68,Product Not Received,Lost
CB009425,TXN005592,CUST07323,MER00631,2024-05-07,627.93,Duplicate Charge,Under Review
CB009426,TXN005054,CUST01432,MER09341,2024-12-01,11398.54,Product Not Received,Lost
CB009427,TXN006504,CUST07490,MER03291,2025-01-26,5262.5,Fraud Suspected,Under Review
CB009428,,CUST09033,MER06657,2024-09-28,8722.16,Fraud Suspected,Open
CB009429,TXN007357,CUST01992,MER06634,2024-07-17,9732.66,Product Not Received,Won
CB009430,TXN007380,CUST04534,MER06277,2024-01-26,61225.05,Service Not Received,Won
CB009431,TXN007422,CUST08246,MER08221,2024-07-28,54663.4,Product Not Received,Open
CB009432,TXN000784,CUST09901,MER02815,2024-09-27,1009.18,Duplicate Charge,Under Review
CB009433,TXN005853,CUST02620,MER09779,2024-06-10,,Service Not Received,Won
CB009434,TXN005551,CUST03866,MER06044,2024-11-10,12217.95,Service Not Received,Won
CB009435,TXN008717,CUST07673,MER01742,2024-11-17,,Service Not Received,Open
CB009436,TXN005054,CUST01432,MER09341,2025-01-05,11398.54,Fraud Suspected,Under Review
CB009437,TXN007116,CUST01288,MER03197,2025-02-13,35762.49,Product Not Received,Lost
CB009438,TXN009225,CUST07125,MER05789,2024-06-17,36325.48,Duplicate Charge,Open
CB009439,TXN004516,CUST08948,MER03272,2024-08-08,404.23,Duplicate Charge,Won
CB009440,TXN007416,CUST09653,MER00903,2024-01-30,1176.38,Unauthorized Transaction,Open
CB009441,TXN009145,CUST07054,MER03239,2024-09-04,9267.26,Fraud Suspected,Lost
CB009442,TXN007315,CUST00033,MER05081,2024-07-13,19883.47,Unauthorized Transaction,Open
CB009443,TXN003124,CUST04551,MER07638,2024-12-30,3373.56,Fraud Suspected,Won
CB009444,TXN000681,CUST02899,MER04075,2024-02-27,39072.99,Service Not Received,Open
CB009445,TXN006216,CUST03520,MER05825,2024-11-26,19219.91,Duplicate Charge,Lost
CB009446,TXN000197,CUST02244,MER08120,2024-05-16,657.36,Unauthorized Transaction,Won
CB009447,TXN006286,CUST09644,MER05602,2024-05-24,2436.13,Duplicate Charge,Won
,TXN001975,CUST02693,MER08082,2024-10-29,41116.4,Service Not Received,Won
CB009449,TXN005114,CUST02570,MER05216,2024-09-01,7767.91,Service Not Received,Under Review
CB009450,TXN008193,CUST01687,MER07826,2024-05-05,19619.48,Duplicate Charge,Under Review
CB009451,TXN003263,CUST07184,MER06164,2024-01-31,15685.12,Service Not Received,Under Review
CB009452,TXN006327,CUST05413,MER04722,2024-12-09,1527.41,Service Not Received,Won
CB009453,TXN007816,CUST05110,MER08581,2024-05-19,38770.19,Unauthorized Transaction,Under Review
CB009454,TXN005958,CUST08856,MER08195,2024-11-03,10420.91,Duplicate Charge,Won
CB009455,TXN008733,CUST03064,MER01442,2024-12-02,15211.43,Fraud Suspected,Lost
CB009456,TXN005197,CUST07468,MER02829,2024-12-11,13992.82,Duplicate Charge,Open
CB009457,TXN004678,CUST00488,MER07105,2024-06-29,55698.68,Unauthorized Transaction,Under Review
CB009458,TXN006628,CUST05867,MER03598,2024-10-15,885.39,Fraud Suspected,Open
,TXN008411,CUST00226,MER00219,2024-05-12,10210.44,Service Not Received,Under Review
CB009460,TXN007102,CUST09009,MER01406,2024-10-21,87266.23,Product Not Received,Open
CB009461,TXN003866,CUST06666,MER08781,2024-11-15,65605.99,Unauthorized Transaction,Open
CB009462,TXN009206,CUST09872,MER03161,2024-08-29,17955.09,Unauthorized Transaction,Lost
CB009463,TXN002187,CUST09608,MER06553,2025-01-17,65063.81,Fraud Suspected,Lost
CB009464,TXN004714,CUST05784,MER00718,2024-03-10,162.42,Unauthorized Transaction,Open
CB009465,TXN008112,CUST09986,MER00451,2024-03-23,29756.63,Service Not Received,Won
CB009466,TXN006758,CUST07107,MER06405,2025-01-01,49723.88,Duplicate Charge,Under Review
CB009467,TXN009914,CUST03593,UNKNOWN,2024-09-24,10699.26,Service Not Received,Open
CB009468,TXN000653,CUST05070,MER05722,2024-11-30,36524.25,Unauthorized Transaction,Lost
CB009469,TXN007157,CUST02377,MER02067,2024-12-05,42397.43,Product Not Received,Open
CB009470,,CUST04117,MER05499,2024-12-04,18851.25,Duplicate Charge,Under Review
CB009471,TXN002569,CUST02177,MER05781,2024-01-11,34684.73,Duplicate Charge,Open
CB009472,TXN009838,CUST08867,MER01820,2024-09-18,2802.01,Fraud Suspected,Lost
CB009473,TXN004661,CUST03822,MER06446,2024-02-23,30749.28,Fraud Suspected,Open
CB009474,,CUST01959,MER02619,2024-05-31,928.09,Unauthorized Transaction,Open
CB009475,TXN004140,CUST06981,MER07962,2024-08-19,9592.77,Service Not Received,Won
CB009476,TXN005181,,MER01809,2024-09-10,3947.34,Service Not Received,Open
CB009477,TXN009288,CUST07961,MER08150,2024-07-04,21815.43,Duplicate Charge,Lost
CB009478,TXN007524,CUST09449,MER05967,2024-11-05,5027.76,Duplicate Charge,Under Review
CB009479,TXN005918,CUST01855,MER07350,2024-09-29,1062.33,Service Not Received,Lost
CB009480,TXN001338,CUST06757,MER06282,2024-10-06,40063.3,Product Not Received,Won
CB009481,TXN008459,CUST06179,,2024-02-02,2182.21,Fraud Suspected,Under Review
CB009482,TXN007759,CUST07939,MER09889,2024-09-28,11716.32,Duplicate Charge,Lost
CB009483,TXN000092,CUST00670,MER07917,2024-05-21,66123.49,Duplicate Charge,Won
CB009484,,CUST00574,MER02119,2024-07-09,,Product Not Received,Lost
CB009485,TXN002535,CUST00992,MER07363,2024-02-14,64783.27,Unauthorized Transaction,Lost
CB009486,TXN008324,CUST07609,MER06297,2024-04-22,3889.08,Unauthorized Transaction,Won
CB009487,TXN006041,CUST01956,MER02194,2024-12-01,9716.78,Duplicate Charge,Under Review
CB009488,TXN001560,CUST02540,MER03597,2024-02-23,,,Under Review
CB009489,TXN004589,CUST01617,MER02741,2024-12-26,113671.01,Fraud Suspected,Lost
CB009490,TXN003012,CUST07066,MER01158,2024-05-10,83661.95,Unauthorized Transaction,Under Review
CB009491,TXN008335,CUST09099,MER00956,2025-01-26,9146.27,Service Not Received,Open
CB009492,TXN006241,CUST08454,MER06016,2024-12-28,31826.94,Service Not Received,Lost
CB009493,TXN003273,CUST06111,MER00513,2024-06-20,1767.01,Duplicate Charge,Lost
CB009494,TXN008137,CUST02506,MER03561,2024-11-03,44693.34,Service Not Received,Lost
CB009495,TXN002785,CUST02681,MER01622,2024-07-15,13640.67,Duplicate Charge,Lost
CB009496,TXN008544,CUST02467,MER02212,2024-09-04,411.48,Unauthorized Transaction,Open
CB009497,TXN005207,CUST08128,MER07935,2025-01-22,55391.79,Product Not Received,Lost
CB009498,TXN002750,CUST09566,MER07660,2025-01-11,909.17,Fraud Suspected,Won
CB009499,TXN002505,CUST03386,MER02654,2024-12-01,49244.82,Unauthorized Transaction,Won
CB009500,TXN006735,CUST05326,MER07848,2024-08-22,41205.18,Unauthorized Transaction,Lost
CB009501,TXN002079,CUST00827,MER05569,2024-11-29,13728.68,Duplicate Charge,Open
CB009502,TXN008703,CUST07864,MER08950,2024-05-09,18322.22,Fraud Suspected,Won
CB009503,TXN000852,CUST02455,MER06941,2024-02-12,1926.4,Fraud Suspected,Won
CB009504,TXN005035,CUST02448,MER07948,2024-04-01,4680.3,Fraud Suspected,Won
CB009505,TXN004901,CUST09703,MER04459,2024-07-30,73980.85,Product Not Received,Open
,TXN009671,CUST08214,MER08993,2024-03-23,5612.59,Product Not Received,Under Review
CB009507,TXN003447,CUST08158,MER09670,2024-07-01,29502.6,Fraud Suspected,Lost
CB009508,TXN000501,CUST06480,MER09064,2024-10-13,31451.52,,
CB009509,TXN000318,CUST03993,MER04656,2024-08-22,3345.44,Unauthorized Transaction,Won
CB009510,TXN000722,CUST07037,MER06664,2025-02-01,7473.64,Service Not Received,Under Review
CB009511,TXN006805,CUST07487,MER02880,2024-08-13,3975.92,Product Not Received,Under Review
CB009512,TXN002997,CUST07888,MER01041,2024-08-07,321.99,Product Not Received,Open
CB009513,TXN003395,CUST09585,MER06006,2024-10-14,7654.5,Duplicate Charge,Open
CB009514,TXN007436,CUST05136,,2025-02-03,1223.58,Fraud Suspected,Open
CB009515,TXN001543,CUST00689,MER00963,2024-09-04,74585.78,Service Not Received,Won
CB009516,TXN006025,CUST02943,MER02622,2024-12-07,3156.76,Unauthorized Transaction,Lost
CB009517,TXN003113,CUST04358,MER02281,2024-03-21,59069.22,Duplicate Charge,Won
CB009518,TXN002539,CUST04261,,2024-04-17,550.83,Service Not Received,Under Review
CB009519,TXN009213,CUST03317,MER09014,2024-10-03,3740.59,Service Not Received,Won
CB009520,TXN002717,CUST06652,MER05725,2024-04-25,430.28,Service Not Received,Lost
CB009521,TXN000513,CUST01162,MER02311,2024-12-01,518.29,Unauthorized Transaction,Won
CB009522,TXN000970,,MER00702,2024-08-05,78442.83,Duplicate Charge,Won
CB009523,TXN002276,CUST05534,MER07547,2024-02-12,32999.41,Unauthorized Transaction,Under Review
CB009524,TXN003520,,MER03260,2025-01-02,1182.42,Fraud Suspected,Won
CB009525,TXN008035,CUST00356,MER08327,2024-09-23,2589.76,Product Not Received,Open
CB009526,TXN008921,CUST08821,MER00754,2024-04-26,710.37,Duplicate Charge,Under Review
CB009527,TXN005725,CUST03490,MER05896,2024-01-12,20503.72,Unauthorized Transaction,Won
CB009528,TXN008160,CUST02398,MER07942,2024-08-02,17081.9,Unauthorized Transaction,Open
CB009529,TXN000835,CUST01841,MER09451,2025-01-28,78173.52,Fraud Suspected,Open
CB009530,TXN004100,CUST02290,MER01623,2024-03-14,8988.87,Product Not Received,Lost
CB009531,TXN003369,CUST00084,MER04545,2025-01-02,601.34,Duplicate Charge,Under Review
CB009532,,CUST07713,MER02748,2025-01-27,349.42,Unauthorized Transaction,Won
CB009533,TXN007929,CUST04601,MER03944,2024-05-02,12832.68,Service Not Received,Lost
CB009534,TXN000045,CUST05250,MER08779,2024-03-15,66668.77,Service Not Received,Under Review
CB009535,TXN003162,CUST05774,MER03609,2024-01-22,2009.9,Duplicate Charge,Won
CB009536,TXN000724,CUST00862,MER09333,2024-12-20,3971.78,Fraud Suspected,Open
CB009537,TXN004365,CUST02014,MER02400,2024-03-10,40762.24,Fraud Suspected,Open
CB009538,TXN004860,CUST06084,MER01724,2024-05-24,103.92,Unauthorized Transaction,Lost
CB009539,TXN000387,CUST06815,MER03306,2024-03-21,8614.52,Unauthorized Transaction,Won
CB009540,TXN000155,CUST04175,MER05113,2024-10-02,571.04,Duplicate Charge,Open
CB009541,TXN007670,CUST08928,MER06866,2024-07-20,306.98,Unauthorized Transaction,Open
CB009542,TXN003062,CUST03563,MER06960,2024-07-11,11165.06,Fraud Suspected,Open
CB009543,TXN000475,CUST01323,MER07810,2024-10-25,28255.47,Product Not Received,Open
CB009544,TXN005222,CUST09869,MER00731,2024-11-05,5429.37,Unauthorized Transaction,Under Review
CB009545,TXN006416,CUST03916,MER05982,2025-01-24,13260.69,Unauthorized Transaction,Open
CB009546,TXN006840,CUST06623,MER08857,2024-03-10,1983.58,Service Not Received,Under Review
,TXN002516,CUST06936,MER00575,2024-08-28,1513.99,Fraud Suspected,Open
CB009548,TXN002697,CUST08014,MER05609,2024-06-15,56776.98,Service Not Received,Lost
CB009549,TXN009331,CUST00674,MER03342,2024-07-18,24234.14,Duplicate Charge,Lost
CB009550,TXN006900,CUST07147,MER05146,2024-06-16,4826.93,Fraud Suspected,Lost
CB009551,TXN004315,CUST05565,MER03658,2024-11-25,21181.68,Unauthorized Transaction,Won
CB009552,TXN001745,CUST08335,MER04498,2024-10-25,138.36,Duplicate Charge,Won
CB009553,TXN005851,CUST05177,MER00369,2024-09-13,8055.23,Product Not Received,Open
CB009554,TXN008343,CUST07305,MER04292,2025-01-07,45442.25,Unauthorized Transaction,Won
CB009555,TXN005455,CUST03219,MER02333,2024-07-08,29531.54,Fraud Suspected,Under Review
CB000664,TXN009067,CUST06427,MER01917,2024-10-27,1945.79,Service Not Received,Open
CB009557,TXN006049,CUST04783,MER07049,2024-04-01,24448.9,Unauthorized Transaction,Under Review
CB009558,TXN004304,CUST08900,MER07785,2024-07-30,17911.51,Fraud Suspected,Lost
CB009559,TXN002835,CUST07360,MER02415,2025-01-06,19808.97,Unauthorized Transaction,Lost
CB009560,TXN001697,CUST04678,,2024-12-23,18667.29,Fraud Suspected,Open
CB009561,TXN000160,CUST03540,MER04926,2024-04-16,422.21,Unauthorized Transaction,Lost
CB009562,TXN005053,CUST01110,MER06699,2025-01-04,4558.54,Service Not Received,Lost
CB009563,TXN001403,CUST04566,MER07766,2024-06-18,508.1,Duplicate Charge,
CB009564,TXN006812,CUST01290,MER08613,2024-02-26,224.64,Service Not Received,Won
CB009565,TXN003380,CUST05835,MER01675,2024-06-04,22249.98,Unauthorized Transaction,Open
CB009566,TXN001273,CUST07275,MER05995,2024-07-06,43390.85,Service Not Received,Open
CB009567,TXN002368,CUST01447,MER06753,2024-12-28,77775.32,Unauthorized Transaction,Under Review
CB009568,TXN002363,CUST01333,MER01032,2024-12-10,2027.08,Product Not Received,Under Review
CB009569,TXN008756,CUST00859,,2024-08-29,27755.19,Unauthorized Transaction,Open
,TXN003656,CUST09660,MER02160,2024-12-08,8815.47,Service Not Received,Lost
CB009571,TXN008338,CUST06200,MER01660,2025-01-03,65831.72,Service Not Received,Open
CB009572,TXN005404,CUST09049,MER01055,2024-12-21,548.99,Product Not Received,Under Review
CB009573,TXN001832,CUST07797,MER03589,2024-09-13,13616.06,Duplicate Charge,Open
CB009574,TXN000280,CUST09645,MER09897,,41604.01,Unauthorized Transaction,Lost
CB009575,TXN006474,CUST06093,MER00998,2025-01-17,7040.04,Unauthorized Transaction,Open
CB009576,TXN000971,CUST00385,MER02324,2025-01-01,1178.8,Duplicate Charge,Won
CB009577,TXN006424,UNKNOWN,MER09340,2024-01-17,146.11,Unauthorized Transaction,
CB009578,TXN001869,CUST06063,MER01242,2024-08-03,10229.07,Duplicate Charge,Won
CB009579,TXN000756,CUST00096,MER02203,2024-03-13,735.13,Fraud Suspected,Under Review
CB009580,TXN008057,CUST03068,MER02954,2024-06-04,4498.1,Product Not Received,Lost
CB009581,TXN008103,CUST04462,MER01244,2024-06-10,14654.31,Product Not Received,Won
CB009582,TXN009433,CUST03088,MER06500,2024-02-25,1919.67,Fraud Suspected,Open
CB009583,TXN009489,CUST06159,MER03545,2024-04-22,8533.06,Duplicate Charge,Lost
CB009584,TXN002462,CUST06336,MER03039,2024-06-26,6978.26,Fraud Suspected,Lost
CB009585,TXN008544,CUST02467,MER02212,2024-10-22,822.96,Fraud Suspected,Won
CB009586,TXN006812,CUST01290,MER08613,2024-02-18,224.64,Service Not Received,Open
CB009587,TXN004133,CUST02049,MER07745,2024-08-11,661.74,Duplicate Charge,Under Review
CB009588,TXN007807,CUST00711,MER09633,2024-05-12,107897.62,Unauthorized Transaction,Won
CB009589,TXN006509,CUST00071,MER05923,2024-07-09,859.92,Duplicate Charge,Lost
CB009590,TXN001154,CUST02434,MER02151,2024-04-04,463.34,Product Not Received,Won
CB009591,TXN002931,CUST01512,MER08355,2024-08-23,710.77,Unauthorized Transaction,Won
CB009592,TXN006912,CUST05274,MER03499,2024-07-19,98976.59,Unauthorized Transaction,Open
CB009593,TXN004281,CUST07587,MER08105,2024-02-10,1080.02,Fraud Suspected,Lost
CB009594,TXN003569,CUST09846,MER04496,2024-01-26,75729.88,Fraud Suspected,Won
CB009595,TXN008657,CUST04555,MER07023,2024-12-01,8696.29,Unauthorized Transaction,Open
CB009596,TXN003583,CUST07658,MER07740,2024-07-17,333.45,Service Not Received,Under Review
CB009597,TXN004644,CUST05568,MER05426,2024-06-24,1988.82,Unauthorized Transaction,Won
CB009598,TXN006168,CUST06637,MER08121,2024-05-20,83.94,Duplicate Charge,
CB009599,TXN001088,CUST04203,MER01661,2024-12-24,6194.48,Service Not Received,Under Review
CB009600,TXN006395,CUST04983,MER08313,2024-09-28,2032.5,Unauthorized Transaction,Lost
CB009601,TXN008509,CUST06111,MER04308,2024-03-23,5375.24,Duplicate Charge,Won
CB009602,TXN002107,CUST08225,MER04325,2024-12-08,1013.15,Duplicate Charge,Open
CB009603,TXN004070,CUST09868,MER05546,2024-04-27,,Product Not Received,Under Review
CB009604,TXN009020,CUST01407,,2024-07-05,14464.28,Duplicate Charge,Won
CB009605,TXN000944,CUST08503,MER09286,2025-02-07,4316.78,Duplicate Charge,Open
CB009606,TXN005544,CUST09895,,2024-10-09,5862.26,Product Not Received,Under Review
CB009607,TXN001008,CUST08062,MER01936,2024-05-05,5503.92,Duplicate Charge,Won
CB009608,TXN006535,CUST06092,MER09328,2024-04-01,549.26,Unauthorized Transaction,Under Review
CB009609,TXN008021,CUST09900,MER09393,2024-06-06,335.34,Product Not Received,Under Review
CB009610,TXN007946,CUST08521,MER07744,2024-12-16,9513.66,,Won
CB009611,TXN000993,CUST00728,MER01504,2025-02-01,578.77,Product Not Received,Open
CB009612,TXN002052,CUST07473,MER02002,2024-05-26,57617.81,Product Not Received,Lost
CB009613,TXN006853,CUST08861,MER07065,2024-08-22,N/A,Duplicate Charge,Open
CB009614,TXN000743,CUST09722,MER00022,2024-03-19,711.46,Product Not Received,Won
CB009615,TXN002575,CUST04253,MER00946,2024-02-14,20412.39,Service Not Received,Lost
CB009616,TXN000772,,MER02779,,1924.01,Fraud Suspected,Open
CB009617,TXN007351,CUST00708,MER00980,2024-07-13,1041.29,Product Not Received,Lost
CB009618,TXN002806,CUST09151,MER02419,2024-12-07,1657.62,Product Not Received,Won
CB009619,TXN008876,CUST07964,MER09933,2024-12-17,352.03,Service Not Received,Under Review
CB009620,TXN008884,CUST06311,MER02515,2024-12-09,4124.71,Fraud Suspected,Won
CB009621,TXN005654,CUST08047,MER09034,2025-01-09,10554.56,Service Not Received,Won
CB009622,TXN007277,CUST09537,MER05044,2024-11-07,9591.67,Product Not Received,Won
CB009623,TXN002543,CUST05646,MER01793,2024-03-14,14531.94,Duplicate Charge,Open
CB009624,TXN004574,CUST09950,MER05259,2024-05-13,4645.88,Fraud Suspected,Won
CB009625,TXN008955,CUST06141,MER06126,2024-05-07,2717.69,Product Not Received,Won
CB006352,TXN007269,CUST01074,MER00285,2024-10-09,810.0,Product Not Received,Won
CB009627,TXN003009,CUST09992,MER07819,2024-04-06,9638.14,Fraud Suspected,
CB009628,TXN002149,CUST00176,MER00116,2024-07-26,23957.88,Service Not Received,Won
CB009629,TXN005054,CUST01432,MER09341,2024-11-23,9911.77,Duplicate Charge,Open
,TXN001949,CUST05002,MER01263,2024-04-25,5906.22,Service Not Received,Won
,TXN002782,CUST02957,,2024-05-21,610.83,Fraud Suspected,Lost
CB009632,TXN007013,CUST01625,MER04912,2024-09-04,9122.49,Duplicate Charge,Under Review
CB009633,TXN003011,CUST08582,MER07046,2024-10-11,74804.34,Service Not Received,Lost
CB009634,TXN000480,CUST06732,UNKNOWN,2024-02-13,110807.61,Fraud Suspected,Lost
CB009635,TXN001869,CUST06063,MER01242,2024-09-06,10229.07,Duplicate Charge,Open
CB009636,TXN008842,CUST07411,MER09589,2024-01-20,12675.36,Duplicate Charge,Won
CB009637,TXN009567,CUST06176,MER07369,2024-08-01,19895.14,Service Not Received,Under Review
CB009638,TXN007941,CUST01307,MER06083,2024-01-27,899.48,Product Not Received,Under Review
CB009639,TXN008719,CUST09193,MER04698,2024-08-13,1896.06,Fraud Suspected,Won
CB009640,TXN007894,CUST05249,MER01520,2024-01-30,103479.09,Fraud Suspected,Lost
CB009641,TXN005106,CUST08572,MER03331,2024-06-13,63524.57,Service Not Received,Open
CB009642,TXN006064,CUST06950,MER08730,2024-07-08,N/A,Service Not Received,Open
CB009643,TXN007482,CUST08475,MER01514,2024-08-15,46562.29,Duplicate Charge,Lost
CB009644,TXN004307,CUST01887,MER04537,2024-06-08,202.91,Duplicate Charge,Lost
CB009645,TXN000823,CUST01782,MER07713,2024-07-01,1873.81,Unauthorized Transaction,Open
CB009646,TXN005875,CUST08398,MER05617,2024-04-23,13299.85,Unauthorized Transaction,Won
CB009647,TXN008020,CUST02214,MER00890,2024-02-27,3112.13,Product Not Received,Open
CB009648,TXN001752,CUST09655,MER03878,2024-10-14,61709.47,Duplicate Charge,Open
CB009649,TXN004089,CUST05450,MER06528,2025-01-28,1194.02,Product Not Received,Lost
CB009650,TXN002469,CUST08305,MER05885,2024-04-28,1241.0,Service Not Received,Under Review
CB009651,TXN003535,CUST07470,MER08884,2024-09-09,49435.06,Unauthorized Transaction,Under Review
CB009652,TXN009317,CUST05188,MER02845,2024-03-07,456.11,Product Not Received,Under Review
CB009653,TXN008051,CUST07857,MER06783,2024-06-17,81297.93,Service Not Received,Under Review
CB009654,TXN002008,CUST02880,MER07159,2024-09-01,15479.75,Service Not Received,Open
CB009655,TXN003073,CUST03183,MER02848,2024-12-11,45683.91,Unauthorized Transaction,Under Review
CB009656,TXN001515,CUST09401,MER07220,2024-07-03,8725.56,Unauthorized Transaction,Open
CB009657,TXN008366,CUST01689,MER01026,2024-06-27,54815.07,,Under Review
CB009658,TXN001271,CUST04986,MER01609,2024-07-19,,Duplicate Charge,Lost
CB009659,TXN002390,UNKNOWN,MER07437,2024-03-31,5145.36,Fraud Suspected,Under Review
CB009660,TXN002030,CUST09103,MER04153,2024-05-09,5057.48,Duplicate Charge,Open
CB009661,TXN003601,CUST09163,MER02640,2024-08-02,859.16,Duplicate Charge,Won
CB009662,TXN001216,,MER08950,2024-05-17,51354.58,Product Not Received,Open
CB009663,TXN005318,CUST01362,MER07647,2024-06-26,68580.56,Service Not Received,Lost
CB009664,TXN009580,CUST04689,MER06809,2024-06-24,22662.0,Duplicate Charge,Lost
CB009665,TXN001770,CUST05376,MER04123,2024-07-19,401.78,Product Not Received,Under Review
CB009666,TXN006595,CUST06141,MER03237,2024-12-17,8503.9,Fraud Suspected,Lost
CB009667,TXN000804,CUST02367,MER02070,2024-06-14,110.0,Service Not Received,Open
CB004540,TXN001565,CUST06597,MER08909,2024-05-08,13938.33,Product Not Received,Won
,TXN002523,CUST07621,MER01591,2024-09-28,94538.2,Unauthorized Transaction,Open
CB009670,TXN002149,CUST00176,MER00116,2024-08-02,23957.88,Duplicate Charge,Open
CB009671,TXN008883,CUST01619,MER06116,2024-04-10,17649.63,Product Not Received,Under Review
CB009672,TXN000416,CUST01806,MER04801,2024-10-27,2882.42,Unauthorized Transaction,Under Review
CB009673,TXN006612,CUST00554,MER06128,2024-12-14,26854.23,Product Not Received,Under Review
CB009674,TXN004806,CUST01244,MER00997,2024-07-17,37039.89,Service Not Received,Won
CB009675,TXN008684,CUST03106,MER05612,2024-05-24,3211.27,Duplicate Charge,Lost
,TXN009471,CUST02819,MER02206,2024-04-25,13162.65,Product Not Received,Won
CB009677,TXN007637,CUST00157,MER03918,2024-12-26,1529.57,Duplicate Charge,Under Review
CB009678,TXN002955,CUST07545,MER03669,2024-12-31,1384.15,Duplicate Charge,Under Review
CB009679,TXN004273,CUST03918,MER02618,2024-07-18,74475.85,Product Not Received,Open
CB009680,TXN001820,CUST01281,MER02467,2024-05-28,60844.4,Service Not Received,Under Review
CB009681,TXN000922,CUST04746,MER07835,2024-03-02,665.97,Duplicate Charge,Won
CB009682,TXN002619,CUST04432,MER03361,2024-10-22,30096.22,Product Not Received,Under Review
CB009683,TXN006388,CUST02969,MER01357,2024-07-07,12050.09,Product Not Received,Open
CB009684,TXN008573,CUST09532,MER08437,2024-04-20,17578.49,Duplicate Charge,Lost
CB009685,TXN002298,CUST08133,MER00915,2024-07-05,7537.97,Service Not Received,Open
CB009686,TXN000015,CUST07782,MER04647,2024-01-31,201.6,Fraud Suspected,Open
CB009687,TXN006652,CUST03532,MER01452,2024-07-06,2089.22,Unauthorized Transaction,Under Review
CB009688,TXN001827,CUST03684,MER05014,2024-05-12,17638.44,Service Not Received,Won
CB009689,TXN005526,CUST07054,MER03012,2025-01-22,130.8,Duplicate Charge,Won
CB009690,TXN001596,CUST01215,MER08335,2024-04-13,1299.84,Product Not Received,Won
CB009691,TXN003272,CUST03744,MER00122,2024-04-04,48329.44,Product Not Received,Won
CB009692,TXN000704,CUST00396,MER07053,2024-06-13,11395.5,Service Not Received,Under Review
CB009693,TXN002284,CUST01764,MER00092,2024-11-04,5300.03,Unauthorized Transaction,Won
CB009694,TXN005943,CUST02792,MER04945,2024-03-10,,Product Not Received,Lost
CB009695,TXN001162,CUST04169,MER03037,2024-11-06,72422.6,Product Not Received,Won
CB009696,TXN004962,CUST08584,MER08080,2024-03-06,842.89,Fraud Suspected,Lost
CB009697,TXN005146,CUST04007,MER07643,2024-09-01,5604.62,Fraud Suspected,Open
CB009698,TXN004624,CUST09551,MER01004,2024-09-26,4113.98,Unauthorized Transaction,Open
CB009699,TXN000771,CUST08773,MER00470,2025-01-10,,Product Not Received,Open
CB009700,TXN000055,CUST06938,MER09335,2024-09-29,4523.77,Fraud Suspected,Under Review
CB009701,TXN006824,CUST03175,MER01147,2024-07-14,22685.72,Product Not Received,Lost
CB009702,TXN005494,CUST06439,MER07869,2024-04-11,300.87,Fraud Suspected,Open
CB009703,TXN008766,CUST04131,MER02696,2024-09-21,71754.1,Fraud Suspected,Lost
CB009704,UNKNOWN,CUST09727,MER00495,2024-12-10,4588.15,Duplicate Charge,Open
CB009705,TXN002310,CUST07265,MER03354,2024-08-16,96004.23,Fraud Suspected,Under Review
CB009706,TXN007474,CUST09199,MER02713,2024-12-02,29832.81,Product Not Received,Open
CB009707,TXN006713,CUST01125,MER00098,2024-03-22,21112.96,Duplicate Charge,Won
CB009708,TXN002790,CUST08562,MER01465,2024-10-19,7060.0,Unauthorized Transaction,Won
CB009709,TXN000561,CUST04081,MER00400,2024-10-28,30629.02,Duplicate Charge,Under Review
CB009710,TXN004905,CUST02863,MER04310,2024-06-26,8284.28,Duplicate Charge,Lost
CB009711,TXN002009,CUST07446,MER09309,2024-05-23,5158.85,Duplicate Charge,Won
CB009712,TXN000489,CUST09892,MER08833,2024-11-14,907.38,Service Not Received,Under Review
CB009713,TXN005078,CUST04120,MER09677,2025-02-04,2162.29,Product Not Received,Open
CB009714,TXN005298,CUST00886,MER01248,2024-02-29,20832.39,Unauthorized Transaction,Open
CB009715,TXN007169,CUST05361,MER05931,2024-02-11,10377.86,Product Not Received,Open
,TXN009687,CUST03841,MER03164,2024-04-03,,Product Not Received,Under Review
CB009717,TXN006048,,MER00834,2024-07-29,1074.71,Fraud Suspected,Won
CB009718,TXN006990,CUST04274,MER03349,2024-08-02,21545.36,Unauthorized Transaction,Lost
CB009719,TXN001115,CUST09680,MER04563,2024-06-18,49489.84,Fraud Suspected,Open
CB009720,TXN006113,CUST02167,MER08721,2024-06-24,784.21,Duplicate Charge,Won
,TXN004473,CUST04871,MER03676,2024-08-09,65644.71,Service Not Received,Won
CB009722,TXN004891,CUST01516,MER02722,2024-07-08,882.12,Duplicate Charge,Open
CB009723,TXN009197,CUST03652,MER07842,2024-05-20,699.52,Unauthorized Transaction,Lost
CB009724,TXN000441,CUST03044,MER01708,2024-08-11,69080.04,Product Not Received,Lost
CB009725,TXN001148,CUST03573,MER08807,2024-04-02,85710.14,Duplicate Charge,Lost
CB009726,TXN001782,CUST06691,MER01956,2024-05-10,224.61,Fraud Suspected,Open
CB009727,TXN005903,CUST01557,MER08594,2025-01-05,47078.57,Duplicate Charge,Won
CB009728,TXN004077,CUST06824,MER00759,2024-04-22,68560.56,Duplicate Charge,Lost
CB009729,TXN000325,CUST02881,MER03351,2024-05-06,164.57,Product Not Received,Won
CB009730,TXN003863,CUST09589,MER09571,2024-11-20,52570.52,Unauthorized Transaction,Open
CB009731,TXN006124,CUST01377,MER06495,2025-01-02,82650.87,Fraud Suspected,Won
CB009732,TXN002392,CUST06953,MER03273,2024-09-06,618.64,Product Not Received,Won
CB009733,TXN007740,CUST09197,MER05362,2024-08-13,2816.0,Product Not Received,Under Review
CB009734,TXN003585,CUST06475,MER04736,2024-07-05,25264.29,Fraud Suspected,Won
CB009735,TXN006569,CUST08589,MER02175,,21025.0,Service Not Received,Lost
CB009736,TXN005954,CUST06365,MER09565,2024-11-18,62982.07,Unauthorized Transaction,Under Review
CB009737,TXN007963,CUST07638,MER08168,2024-09-09,38667.45,Fraud Suspected,Open
CB009738,TXN005395,CUST00727,MER06540,2024-02-09,1935.16,Duplicate Charge,Open
CB009739,TXN004978,CUST07341,,2025-01-23,86929.26,Duplicate Charge,Under Review
CB009740,TXN005829,CUST03964,MER02071,2024-10-20,56074.52,,Open
CB009741,TXN005312,CUST03597,MER05094,2024-07-20,56782.09,Unauthorized Transaction,Under Review
CB009742,TXN003440,CUST07286,MER06465,2024-11-24,9692.54,Product Not Received,Won
CB009743,TXN001132,CUST02456,MER07189,2024-07-18,90275.89,Unauthorized Transaction,Won
CB009744,TXN009642,CUST01986,MER07823,2024-12-07,7098.12,Product Not Received,Lost
CB009745,TXN007391,CUST08348,MER01738,2024-05-21,34782.39,Unauthorized Transaction,Under Review
CB009746,TXN005802,CUST00939,MER09579,2024-04-21,7046.54,Service Not Received,Open
CB009747,TXN002860,CUST09319,MER09185,2024-01-19,16749.72,Unauthorized Transaction,Open
CB009748,TXN008870,CUST04360,MER03404,2025-01-31,39017.79,Product Not Received,Open
CB009749,TXN006321,CUST07629,MER03581,2024-11-22,6097.86,Service Not Received,Open
CB009750,TXN002297,CUST09739,MER07619,2024-08-07,611.21,Fraud Suspected,Won
CB009751,TXN005639,CUST02345,MER02563,2024-11-25,14198.56,Service Not Received,Lost
CB009752,TXN006659,CUST09727,MER05256,2024-09-25,1633.7,Unauthorized Transaction,Under Review
CB009753,TXN007107,CUST03564,MER03630,2024-06-19,2569.66,Fraud Suspected,Lost
CB009754,TXN007150,CUST00989,MER03216,2024-04-13,6879.2,Product Not Received,Won
CB009755,TXN008080,CUST08921,MER06483,2024-03-24,6829.3,Unauthorized Transaction,Lost
CB009756,TXN008256,CUST07728,MER07088,2024-03-04,15660.87,Unauthorized Transaction,Under Review
CB009757,TXN006543,CUST01781,MER04886,,1936.68,Duplicate Charge,Under Review
CB009758,TXN000114,CUST01633,MER06793,2024-04-03,72190.69,Duplicate Charge,Under Review
,TXN004559,CUST01145,MER06371,,23636.82,Product Not Received,Open
CB009760,TXN001597,CUST08424,MER07720,2024-12-01,1975.22,Duplicate Charge,Won
CB009761,TXN005167,CUST00159,MER05719,2024-07-17,389.12,Fraud Suspected,Lost
CB009762,TXN009598,CUST00405,MER08932,2024-06-01,37947.16,Fraud Suspected,Open
CB009763,TXN003097,CUST08086,MER07906,2024-06-25,5080.93,Fraud Suspected,Won
CB009764,TXN009406,CUST02169,MER00160,2024-06-28,4284.35,Service Not Received,Under Review
CB009765,TXN004421,CUST03354,MER05654,2025-01-25,44685.16,Service Not Received,Under Review
CB009766,TXN003940,CUST02604,MER01797,2024-04-21,3757.26,Unauthorized Transaction,Open
CB009767,TXN009157,CUST03793,MER06853,2024-12-16,78807.24,Service Not Received,Open
CB009768,TXN009181,CUST04938,MER05517,2024-10-07,41226.3,Unauthorized Transaction,Won
CB009769,TXN005048,CUST04723,MER07906,2024-08-09,1773.79,Duplicate Charge,Open
CB009770,TXN006587,CUST03100,MER00384,2024-11-15,77.52,Service Not Received,Won
CB009771,TXN008855,CUST00759,MER01961,2025-01-09,26828.26,Duplicate Charge,Lost
CB009772,TXN000153,CUST06329,MER04136,2024-06-08,46386.12,Service Not Received,Under Review
CB009773,TXN005859,CUST03613,MER04725,2024-08-30,83183.11,Fraud Suspected,Open
CB009774,TXN006655,CUST00508,MER03658,2024-10-09,10319.74,Service Not Received,Won
CB009775,TXN003974,CUST08479,MER02168,2024-02-08,101706.45,Fraud Suspected,Under Review
CB009776,TXN000358,CUST08751,MER03175,2024-08-10,84487.69,Unauthorized Transaction,Under Review
CB009777,TXN004824,CUST04498,MER00097,2024-12-08,1068.99,Fraud Suspected,Lost
CB009778,TXN001710,CUST09033,MER06657,2024-10-18,17444.32,Fraud Suspected,Open
CB009779,TXN008172,UNKNOWN,MER05234,,,Fraud Suspected,Open
CB009780,TXN004113,CUST03985,MER06610,2025-02-06,8745.72,Fraud Suspected,Won
CB009781,TXN001494,CUST00431,MER05473,2024-10-21,32406.22,Product Not Received,Open
CB009782,TXN005892,CUST04824,MER04326,2024-09-03,16411.05,Product Not Received,Won
CB009783,TXN000144,CUST09937,MER08876,2024-07-07,,Service Not Received,Open
CB009784,TXN008536,CUST00880,UNKNOWN,,7360.86,Fraud Suspected,Under Review
CB009785,TXN002752,CUST09215,MER05656,2024-07-15,84461.74,Service Not Received,Open
CB009786,TXN007709,CUST08121,MER02879,2024-07-16,1239.32,Duplicate Charge,Under Review
CB009787,TXN002584,CUST03642,MER03940,2024-01-31,96081.02,Service Not Received,Under Review
CB009788,TXN004028,CUST09998,MER07753,2024-09-04,106265.44,Duplicate Charge,Open
CB009789,TXN005008,CUST04904,MER01556,2024-11-07,13090.5,Service Not Received,Won
CB009790,TXN008137,CUST02506,MER03561,2024-11-24,44693.34,Fraud Suspected,Lost
CB009791,TXN002582,CUST07088,MER08556,2024-12-29,729.18,Duplicate Charge,Won
CB009792,TXN009767,CUST08588,MER01647,2024-01-28,12067.37,Duplicate Charge,Under Review
CB009793,TXN001816,CUST05181,MER03553,2025-02-05,391.9,Unauthorized Transaction,Lost
CB009794,TXN004299,CUST09502,MER04716,2024-06-06,972.43,Fraud Suspected,Under Review
CB009795,TXN004832,CUST07094,MER01342,2024-05-04,77918.45,Duplicate Charge,Open
CB009796,TXN000618,CUST03778,MER02928,2024-05-31,100.87,Duplicate Charge,Open
CB009797,TXN005608,CUST04966,MER05647,2024-08-12,15584.92,Unauthorized Transaction,Open
CB009798,TXN001814,CUST09539,MER02934,2024-10-31,23461.97,Product Not Received,Open
CB009799,TXN007919,CUST03619,MER00402,2024-05-04,42290.22,Service Not Received,Open
CB009800,TXN006533,CUST06161,MER01776,2024-06-21,19982.06,Unauthorized Transaction,Open
CB009801,TXN006250,CUST08016,MER04727,2024-11-17,2969.93,Duplicate Charge,Under Review
CB009802,TXN009320,CUST08688,MER02037,2024-09-05,297.38,Fraud Suspected,Won
CB002567,TXN004929,CUST03096,MER05668,2024-07-27,21834.86,Duplicate Charge,Open
CB009804,TXN001295,CUST09594,MER09402,2024-01-28,1563.25,Product Not Received,Lost
CB009805,TXN001971,CUST05514,MER00957,2024-10-02,1904.08,,Open
CB009806,TXN005668,CUST01544,MER07862,2024-08-31,593.57,Fraud Suspected,Open
CB009807,TXN006671,CUST03670,MER06374,2024-12-08,23541.01,Unauthorized Transaction,Under Review
CB009808,TXN003607,CUST06589,MER01559,2024-04-22,43484.48,Fraud Suspected,Open
CB009809,TXN005106,CUST08572,MER03331,2024-07-11,63524.57,Product Not Received,Under Review
CB009810,TXN005055,CUST01608,MER09056,2024-10-26,12214.39,Duplicate Charge,Under Review
CB009811,TXN005089,CUST01198,MER06122,2024-06-20,94.86,Duplicate Charge,Under Review
CB009812,TXN002619,CUST04432,MER03361,2024-10-20,30096.22,Duplicate Charge,Under Review
CB009813,TXN006116,CUST08429,MER01621,2024-03-03,981.48,Fraud Suspected,Won
CB009814,TXN008321,CUST03355,MER09803,2024-09-02,28587.58,Unauthorized Transaction,Lost
CB009815,TXN007325,CUST08631,MER04701,2024-10-08,913.69,Product Not Received,Won
CB009816,TXN008781,CUST05964,MER02775,2024-05-18,19996.33,Duplicate Charge,Open
CB009817,,CUST03423,MER06952,2024-12-21,92619.51,Unauthorized Transaction,Won
CB009818,TXN004965,CUST03001,MER04031,2024-12-12,11867.91,Product Not Received,Under Review
CB009819,TXN001365,CUST06039,MER02324,2024-12-22,543.72,Service Not Received,Under Review
CB009820,TXN004476,,MER05454,2024-09-20,4254.18,Unauthorized Transaction,Open
CB009821,TXN007128,CUST00951,MER04631,2025-01-30,178.2,Service Not Received,Lost
CB009822,TXN007964,CUST09430,MER00027,2024-09-29,23654.23,Fraud Suspected,Open
CB009823,,CUST09591,MER06597,2024-05-15,4549.83,Service Not Received,Open
CB009824,TXN009501,CUST02867,MER05709,2024-02-26,3117.15,Duplicate Charge,Won
CB009825,TXN000353,CUST09325,MER07205,2024-09-20,589.24,Product Not Received,Open
CB009826,TXN007484,CUST09631,MER00238,2024-03-19,646.97,Unauthorized Transaction,Open
CB009827,TXN004764,CUST09761,MER04362,2024-04-24,19079.1,Duplicate Charge,Open
CB009828,TXN004190,CUST03149,MER07270,2024-09-13,8996.56,Product Not Received,Lost
CB009829,TXN005209,CUST05290,MER06557,2024-08-26,1509.68,Product Not Received,Open
CB009830,TXN009663,CUST04272,MER08712,2024-01-23,107932.73,Service Not Received,Lost
CB009831,TXN008831,CUST08948,MER05177,2024-10-25,9261.65,Unauthorized Transaction,Open
CB009832,TXN008331,CUST04596,MER06609,2024-08-01,17129.9,Service Not Received,Won
CB009833,TXN003645,CUST06237,MER04459,2024-06-14,105435.09,Service Not Received,Under Review
CB009834,TXN003456,CUST00434,MER00479,2024-05-28,36355.21,Service Not Received,Lost
,TXN009499,CUST05988,MER04595,2024-12-05,1902.34,Service Not Received,Under Review
CB009836,TXN000424,CUST03808,MER09415,2024-12-15,19217.98,Service Not Received,Under Review
CB009837,TXN003150,CUST05164,MER00172,2024-09-07,878.31,Product Not Received,Won
CB009838,TXN003808,CUST00441,MER00232,2024-06-08,35921.39,Duplicate Charge,Lost
CB009839,TXN008312,CUST06495,MER00958,2024-01-19,49295.15,Duplicate Charge,Open
CB005335,TXN001063,CUST05635,MER00090,2024-03-08,1805.8,Product Not Received,Open
CB009841,TXN005826,CUST03435,MER01779,2024-06-15,9508.37,Product Not Received,Open
CB009842,TXN008492,CUST06954,MER08523,2024-10-23,3176.97,Fraud Suspected,Open
CB009843,TXN000417,CUST09112,MER08669,2024-06-15,7189.36,Unauthorized Transaction,Won
CB009844,TXN006392,CUST00104,MER01575,2024-10-01,62769.41,Duplicate Charge,Lost
CB009845,TXN003050,CUST07884,MER00030,2024-10-08,4508.16,Duplicate Charge,Under Review
CB009846,TXN004243,CUST07408,MER06579,2024-08-24,11295.69,Service Not Received,Won
CB009847,TXN000612,CUST05060,MER02214,2025-01-14,46258.49,Fraud Suspected,Lost
CB009848,TXN001591,CUST08765,MER07874,2024-09-28,60964.69,Unauthorized Transaction,Open
CB009849,TXN002194,CUST07267,MER08835,2024-12-16,65.68,Service Not Received,Won
CB009850,TXN000581,CUST03584,MER03014,2024-12-03,15085.95,Service Not Received,Lost
CB009851,TXN007397,CUST04032,MER02074,2024-05-21,12288.4,Service Not Received,Won
CB009852,TXN007828,CUST02415,MER04064,2024-12-29,90000.34,Fraud Suspected,Open
CB009853,TXN000905,CUST09275,MER06324,2024-08-23,367.68,Service Not Received,Open
CB009854,TXN004700,CUST09177,MER08555,2024-04-19,36446.99,Duplicate Charge,Under Review
CB009855,TXN003279,CUST06607,MER04717,2024-09-13,251.26,Unauthorized Transaction,Won
CB009856,TXN004210,CUST05942,MER09358,2024-07-09,5637.96,Product Not Received,
,TXN004290,CUST01985,MER00629,2024-11-24,2558.44,Service Not Received,Won
CB009858,TXN006656,CUST00051,MER05684,2024-10-02,13201.27,Unauthorized Transaction,Won
CB009859,TXN007172,CUST04630,MER00809,2024-07-13,40514.14,Service Not Received,Lost
CB009860,TXN005699,CUST00744,MER03941,2025-02-24,4233.81,Fraud Suspected,Open
CB009861,UNKNOWN,CUST07483,MER03836,2024-01-10,1261.56,Service Not Received,Lost
CB009862,TXN007318,CUST02486,MER02159,,1574.19,Unauthorized Transaction,Open
CB009863,TXN001089,CUST02898,MER04046,2024-05-18,19199.55,Duplicate Charge,
CB009864,TXN009020,CUST01407,MER01447,2024-08-20,14464.28,Product Not Received,Won
CB009865,TXN005779,CUST09526,MER03042,2024-07-01,1818.89,Fraud Suspected,Under Review
CB009866,TXN006127,CUST03396,MER04536,2024-07-15,350.28,Duplicate Charge,Under Review
CB009867,TXN009483,CUST01340,MER00686,2024-12-21,20044.34,Duplicate Charge,Under Review
CB009868,TXN006572,CUST06242,MER02801,2024-12-29,1262.71,Service Not Received,Won
CB009869,TXN002385,CUST02923,MER09756,2024-02-17,694.7,Service Not Received,Open
CB009870,TXN001661,CUST04822,MER09657,2024-03-02,81391.08,Product Not Received,Open
CB009871,TXN003612,CUST06785,MER09704,2024-08-11,291.25,Unauthorized Transaction,Lost
CB009872,TXN001580,CUST00842,MER00125,2024-08-28,1716.8,Duplicate Charge,Lost
CB009873,TXN002801,CUST06025,MER05163,2024-08-11,18462.28,Service Not Received,Under Review
CB009874,TXN002610,CUST03961,MER09514,2024-10-10,76182.1,Unauthorized Transaction,Open
CB009875,TXN002604,,MER03173,2024-12-22,14604.64,Service Not Received,Open
CB009876,TXN004716,CUST02239,MER01025,2025-02-07,8225.17,Service Not Received,Won
CB009877,TXN000591,,MER09681,2024-02-24,33786.42,Fraud Suspected,Open
CB009878,,CUST06172,MER04149,2024-05-20,19229.82,Duplicate Charge,Won
CB009879,TXN009032,CUST06071,MER08442,2024-10-19,333.46,,Won
CB009880,TXN001911,CUST04135,MER01626,2024-02-09,73178.4,Product Not Received,Under Review
CB009881,TXN004042,CUST05282,MER00625,2024-12-26,18122.85,Unauthorized Transaction,Won
CB009882,TXN009690,CUST02591,MER05472,2024-04-06,403.22,Service Not Received,Open
CB009883,TXN000181,CUST02409,MER05194,2024-12-27,22159.31,Fraud Suspected,Lost
CB009884,,CUST05118,MER06221,2024-09-09,295.47,Duplicate Charge,Won
CB009885,TXN006089,CUST02659,MER06219,2024-02-18,97121.31,Duplicate Charge,Lost
CB009886,TXN007051,CUST01959,MER02264,2024-02-25,1641.86,Fraud Suspected,Open
CB009887,TXN003386,CUST06887,MER07117,2025-02-13,8824.66,Duplicate Charge,Open
CB009888,TXN003712,CUST04765,MER08854,2024-07-31,3245.25,Fraud Suspected,Under Review
CB009889,TXN001082,CUST04725,MER07185,2024-05-22,30851.16,Fraud Suspected,Under Review
CB009890,TXN007140,CUST00419,,2024-08-13,3021.57,Unauthorized Transaction,Lost
CB009891,TXN009097,CUST09969,MER03858,2024-06-04,,Service Not Received,Under Review
CB009892,,CUST06880,MER05051,2024-07-28,1835.83,Product Not Received,Lost
CB009893,TXN009921,,MER02960,2024-04-01,2099.39,Duplicate Charge,Open
CB009894,TXN004796,CUST05682,MER08491,2025-01-13,58718.99,Product Not Received,Under Review
CB009895,TXN003134,CUST09755,MER00116,2024-04-27,5694.23,Product Not Received,Open
CB009896,TXN004716,CUST02239,MER01025,2025-02-03,8225.17,Fraud Suspected,Won
CB009897,TXN008604,CUST04647,MER06728,2024-03-07,8273.74,Unauthorized Transaction,Under Review
CB009898,TXN002151,CUST07891,MER00164,2024-08-13,4026.06,Unauthorized Transaction,Won
CB009899,TXN005584,CUST01527,MER06338,2024-03-04,89244.75,Product Not Received,Open
CB009900,TXN009091,CUST09460,MER02471,2024-12-23,1310.19,Duplicate Charge,Won
CB009901,TXN009033,CUST02480,MER06479,2024-04-29,3878.44,Duplicate Charge,Under Review
CB009902,TXN000659,CUST02031,MER07813,2024-08-06,91655.11,Duplicate Charge,Lost
CB009903,TXN004478,CUST09967,MER05065,2025-01-08,915.18,Service Not Received,Under Review
CB009904,TXN009350,CUST02626,MER04029,2024-11-09,1190.7,Product Not Received,Lost
CB009905,TXN009648,CUST07517,MER00036,2024-10-23,242.13,,Under Review
CB009906,TXN008010,CUST06813,MER00319,2024-09-22,208.22,Fraud Suspected,Lost
CB009907,TXN008328,CUST04669,MER09450,2024-01-21,12485.0,Fraud Suspected,Open
CB009908,TXN001579,CUST04423,MER08931,2024-04-25,11151.55,Service Not Received,Open
CB009909,TXN005728,CUST08492,MER01775,2024-11-10,17835.3,Duplicate Charge,Open
CB009910,TXN008853,CUST09556,MER05380,2024-09-25,722.3,Duplicate Charge,Open
CB009911,TXN006609,CUST00479,MER01691,2024-04-24,84092.61,Product Not Received,Won
CB009912,TXN005034,CUST05688,MER06934,2024-05-10,47.7,Service Not Received,Under Review
CB009913,TXN006835,CUST05156,MER01394,2024-05-17,400.46,Service Not Received,Won
CB009914,TXN003338,CUST08150,MER04540,2024-11-30,5489.22,Product Not Received,Lost
CB009915,TXN006389,CUST07697,MER03501,2024-02-22,1133.91,Service Not Received,Open
CB009916,TXN006620,CUST01316,MER09504,2024-03-06,94537.58,Product Not Received,Open
CB009917,TXN002430,CUST07194,MER09382,2024-06-05,1806.77,Duplicate Charge,Open
,TXN001548,CUST09341,MER02655,2025-01-10,7336.32,Unauthorized Transaction,Open
CB009919,TXN002041,CUST08590,MER04411,2024-08-11,68980.94,Service Not Received,Open
CB009920,TXN008553,CUST04352,MER05160,2024-12-28,1354.35,Duplicate Charge,Won
CB009921,TXN005510,CUST03766,MER09088,2024-07-01,2898.32,Duplicate Charge,Open
CB009922,TXN002355,CUST07672,MER00313,2024-10-07,7657.64,Duplicate Charge,Won
CB009923,TXN008300,CUST01220,MER02066,2024-11-03,69449.82,Product Not Received,Lost
CB009924,TXN002150,CUST07340,MER07168,2024-09-09,440.23,Service Not Received,Won
CB009925,TXN004318,CUST02537,MER00858,2024-08-07,17848.15,Service Not Received,Under Review
CB009926,TXN000711,CUST00143,MER06904,2024-10-23,12080.43,Service Not Received,Under Review
CB009927,TXN002381,CUST01234,MER07099,2024-07-04,32428.76,Product Not Received,Under Review
CB009928,TXN000867,CUST00726,MER03961,2024-11-20,427.6,Product Not Received,Open
CB009929,UNKNOWN,CUST03068,MER02954,2024-06-30,8996.19,Unauthorized Transaction,Open
CB009930,TXN002261,CUST09230,MER04315,2024-10-14,14755.46,Service Not Received,Lost
CB009931,TXN007462,CUST05719,MER08785,2024-05-23,468.3,Duplicate Charge,Lost
CB009932,TXN006229,CUST04119,MER02546,2024-08-06,24516.12,Service Not Received,Lost
CB009933,TXN002725,CUST03197,MER06924,2024-05-03,94334.21,Unauthorized Transaction,Open
CB009934,TXN009446,CUST04902,MER00944,2024-09-24,6181.58,Service Not Received,Lost
CB009935,TXN008414,CUST01039,MER07280,2024-09-28,468.56,Unauthorized Transaction,Under Review
CB009936,TXN004015,CUST08360,MER03472,2024-10-19,1274.6,Product Not Received,Won
CB009937,TXN009703,CUST07200,MER05073,2024-08-11,38355.95,Unauthorized Transaction,Open
CB009938,TXN006986,CUST07006,MER00616,2024-10-16,68404.39,Unauthorized Transaction,Won
CB009939,TXN000538,CUST05891,MER06542,2024-05-25,29517.84,Duplicate Charge,Under Review
,TXN005593,CUST09630,MER01283,2024-12-01,17111.61,Duplicate Charge,Won
CB009941,TXN002938,CUST01274,MER09386,2024-09-18,1932.24,Duplicate Charge,Open
CB009942,TXN004545,CUST01078,MER04614,2024-02-14,39521.3,Fraud Suspected,Under Review
CB009943,,CUST05712,MER01056,2024-08-19,1102.74,Service Not Received,Lost
CB009944,TXN009375,CUST03570,MER09031,2024-09-24,8388.28,Unauthorized Transaction,Lost
CB009945,TXN004157,CUST01120,MER03967,2024-02-11,23331.56,Duplicate Charge,
CB009946,TXN008738,CUST02016,MER01068,2024-07-06,2241.97,Fraud Suspected,Under Review
CB009947,,CUST09033,MER03959,2024-09-06,18344.7,Service Not Received,Under Review
CB009948,TXN008329,CUST04020,MER00512,2024-07-20,5757.78,Service Not Received,Won
CB009949,TXN000529,CUST07704,MER01085,2024-11-15,17551.97,Duplicate Charge,Won
CB009950,TXN007847,CUST05742,MER04291,2024-07-23,53.59,Product Not Received,Lost
CB009951,TXN008940,CUST09188,MER01521,2024-08-22,21231.3,Product Not Received,Under Review
CB009952,TXN001519,CUST03789,MER09265,2024-03-24,13656.38,Service Not Received,Under Review
CB009953,TXN008601,CUST03905,MER03900,2024-09-18,5328.65,Unauthorized Transaction,Under Review
CB009954,TXN007917,CUST06743,MER00789,2024-03-02,6559.95,Duplicate Charge,Won
CB009955,TXN000349,CUST08223,MER09298,2024-07-28,361.0,Duplicate Charge,Open
CB009956,TXN007932,CUST05112,MER00348,2024-08-03,5576.59,Service Not Received,Open
CB009957,TXN003562,CUST05126,MER01096,2024-02-27,86619.85,Unauthorized Transaction,Open
CB009958,TXN001166,CUST05304,MER00662,2024-10-21,7910.58,Unauthorized Transaction,Open
CB006183,TXN007983,,MER03136,2024-07-14,80249.98,Fraud Suspected,Open
CB009960,TXN005334,CUST05662,MER02741,2024-11-25,388.33,Unauthorized Transaction,Under Review
CB005913,TXN007337,CUST02379,MER08452,2024-03-04,64151.55,Unauthorized Transaction,Open
CB009962,TXN006277,CUST00376,MER03689,2024-12-21,39930.54,Duplicate Charge,Lost
CB009963,TXN007063,CUST03621,MER04268,2024-07-09,32869.29,Product Not Received,Won
CB009964,TXN001842,CUST06601,MER05967,2024-02-12,19136.04,Product Not Received,Under Review
CB009965,,CUST06752,MER04042,2024-07-04,63952.31,Fraud Suspected,Open
CB009966,TXN002064,CUST04223,MER06808,2024-03-11,23162.24,Fraud Suspected,Open
CB009967,TXN002736,CUST07951,MER05706,2024-01-29,12064.34,Product Not Received,Under Review
CB009968,TXN006219,CUST00990,MER07426,2024-08-08,816.27,Fraud Suspected,Open
CB009969,TXN003226,CUST00589,MER09305,2024-07-23,22611.78,Unauthorized Transaction,Won
CB009970,TXN001239,CUST02746,MER01651,2024-06-06,630.56,Duplicate Charge,Won
CB009971,TXN004347,CUST05274,MER08486,2024-09-02,1610.63,Service Not Received,Won
CB009972,TXN000101,CUST07782,MER09969,2024-02-21,39308.45,Service Not Received,Lost
CB009973,TXN008534,CUST06561,MER01981,2024-04-07,19210.68,Service Not Received,Won
CB009974,TXN005015,CUST08127,MER06444,2024-06-21,211.7,Service Not Received,Open
CB009975,TXN006620,CUST01316,MER09504,2024-02-09,94537.58,Service Not Received,Open
CB009976,TXN004579,CUST04876,MER02535,2024-09-17,1291.98,Unauthorized Transaction,Lost
CB009977,TXN005223,CUST04641,MER01191,2024-03-05,37641.6,Duplicate Charge,Open
CB009978,TXN000619,CUST06508,MER02487,2024-12-23,33768.3,Duplicate Charge,Open
CB009979,TXN002952,,,2024-03-29,931.86,Duplicate Charge,Under Review
CB009980,TXN004832,CUST07094,MER01342,2024-05-24,67755.17,Unauthorized Transaction,Lost
CB009981,TXN001596,CUST01215,MER08335,2024-05-05,1299.84,Product Not Received,Under Review
CB009982,TXN007353,CUST03931,MER01507,,,Product Not Received,Lost
CB009983,TXN002006,CUST06567,MER05329,2024-07-25,817.27,Fraud Suspected,Lost
CB009984,TXN006060,CUST05934,MER03597,2024-04-10,617.04,Product Not Received,Open
CB009985,TXN008498,CUST05194,MER08329,2024-12-07,312.57,Unauthorized Transaction,Lost
CB009986,TXN002572,CUST07016,MER04146,2024-03-06,18748.9,Duplicate Charge,Under Review
CB009987,TXN009385,CUST07172,MER00592,2024-03-20,31768.37,Unauthorized Transaction,Won
CB009988,TXN000575,CUST07464,MER02346,2024-06-14,26981.29,Unauthorized Transaction,Under Review
CB009989,TXN009523,CUST08846,MER04478,2024-06-03,6335.43,Service Not Received,Won
CB009990,TXN001633,CUST03752,MER04354,2024-10-17,9303.65,Service Not Received,Won
CB009991,TXN003160,CUST07227,MER05526,2024-06-03,14415.04,Unauthorized Transaction,Won
CB009992,TXN002761,CUST04437,MER04464,2024-08-23,90732.23,Product Not Received,Under Review
CB009993,TXN002684,CUST05887,MER09919,2025-01-13,988.28,Service Not Received,Lost
CB009994,TXN005438,CUST05325,MER07659,2024-05-01,1175.97,Duplicate Charge,Under Review
CB009995,TXN006906,CUST08279,MER08583,2024-10-23,166.94,Unauthorized Transaction,Under Review
CB009996,TXN000016,CUST03532,MER07635,2024-03-19,1450.69,Product Not Received,Lost
CB009997,TXN007696,CUST04050,MER02348,2024-09-20,43615.41,Fraud Suspected,Under Review
CB009998,TXN006607,CUST05946,MER02878,2024-01-31,N/A,Service Not Received,Under Review
CB009999,TXN009117,CUST07817,MER08988,2025-01-22,1759.26,Duplicate Charge,Won
CB010000,TXN007386,CUST00649,MER05283,2024-02-14,35932.86,Unauthorized Transaction,Open
