merchant_id,merchant_name,category,city,state,merchant_type,registration_date
MER00001,Swiggy 1,Food Delivery,Delhi,Delhi,Online,2025-09-01
MER00002,Reliance Digital 2,Electronics,Kolkata,West Bengal,Online,2024-09-19
MER00003,Apollo Pharmacy 3,Healthcare,Noida,Uttar Pradesh,Online,2023-02-06
MER00004,BookMyShow 4,Entertainment,Surat,Gujarat,Offline,2024-03-28
MER00005,Flipkart 5,Travel,Pune,maharashtra,Online,2023-04-12
MER00006,Myntra 6,Grocery,Delhi, Delhi ,Offline,2023-08-31
MER00007,MakeMyTrip 7,Fashion,Kolkata,West Bengal,Online,2022-02-22
MER00008,BigBasket 8,Education,Noida,Uttar Pradesh,,2022-02-28
MER00009,Paytm 9,Utilities,Surat,Gujarat,Offline,2022-02-03
MER00010,Amazon India 10,Automotive,Pune,Maharashtra,Online,2022-12-07
MER00011,Swiggy 11,Restaurants,Delhi,Delhi,Online,2023-09-07
MER00012,Reliance Digital 12,Ecommerce,Kolkata,West Bengal,Online,2023-08-22
MER00013,Apollo Pharmacy 13,Food Delivery,Noida,Uttar Pradesh,Online,2025-05-17
MER00014,BookMyShow 14,Electronics,Surat,Gujarat,Offline,2021-07-26
MER00015,Flipkart 15,Healthcare,Pune,Maharashtra,Online,2023-09-04
MER00016,Myntra 16,Entertainment,Delhi,Delhi,Online,2024-01-17
MER00017,MakeMyTrip 17,Travel,Kolkata,West Bengal,Online,2024-11-15
MER00018,BigBasket 18,Grocery,Noida,Uttar Pradesh,Online,2022-01-02
MER00019,Paytm 19,Fashion,Surat,Gujarat,Online,2023-10-08
MER00020,Amazon India 20,Education,Pune,Maharashtra,Online,2025-11-19
MER00021,Swiggy 21,Utilities,Delhi,Delhi,Online,2023-09-17
MER00022,Reliance Digital 22,Automotive,Kolkata,West Bengal,Online,2025-05-29
MER00023,Apollo Pharmacy 23,Restaurants,Noida,Uttar Pradesh,Online,2022-10-05
MER00024,BookMyShow 24,Ecommerce,Surat,Gujarat,Online,2022-11-21
MER00025,Flipkart 25,Food Delivery,Pune,Maharashtra,Online,2023-10-29
MER00026,Myntra 26,Electronics,Delhi,Delhi,Online,2022-09-09
MER00027,MakeMyTrip 27,Healthcare,Kolkata,West Bengal,Online,2025-09-01
MER00028,BigBasket 28,Entertainment,Noida,Uttar Pradesh,unknown,2022-03-02
MER00029,Paytm 29,Travel,Surat,Gujarat,Offline,2022-01-28
MER00030,Amazon India 30,Grocery,Pune,Maharashtra,Online,2025-04-20
MER00031,Swiggy 31,Fashion,Delhi,Delhi,Online,2021-08-03
MER00032,Reliance Digital 32,Education,Kolkata,West Bengal,Offline,2022-07-21
MER00033,Apollo Pharmacy 33,Utilities,Noida,Uttar Pradesh,Online,2022-09-25
MER00034,BookMyShow 34,Automotive,Surat,GUJARAT,Online,2023-02-22
MER00035,Flipkart 35,Restaurants,Pune,Maharashtra,Offline,2024-01-24
MER00036,Myntra 36,Ecommerce,Delhi,Delhi,Online,2024-03-18
MER00331,Swiggy 331,Fashion,Delhi,Delhi,Online,2021-02-11
MER00038,BigBasket 38,Electronics,Noida,,Online,2024-10-21
MER00039,Paytm 39,Healthcare,Surat,Gujarat,Online,2025-04-03
MER00040,Amazon India 40,Entertainment,Pune,Maharashtra,Online,2022-12-25
MER00041,Swiggy 41,Travel,Delhi,Delhi,Online,2025-05-28
MER00042,Reliance Digital 42,Grocery,Kolkata,West Bengal,Online,2021-09-29
MER00043,Apollo Pharmacy 43,Fashion,Noida,Uttar Pradesh,Online,2021-09-24
MER00044,BookMyShow 44,Education,,Gujarat,Online,2024-02-29
MER00045,Flipkart 45,Utilities,Pune,Maharashtra,Offline,2021-04-12
MER00046,Myntra 46,Automotive,Delhi,Delhi,Offline,2024-09-02
MER00047,MakeMyTrip 47,Restaurants,Kolkata,,Online,2023-07-17
MER00048,BigBasket 48,Ecommerce,Noida,Uttar Pradesh,Offline,2021-04-29
MER00049,Paytm 49,Food Delivery,Surat,Gujarat,Online,2025-03-29
MER00050,Amazon India 50,Electronics,Pune,,Offline,2024-05-14
MER00051,Swiggy 51,Healthcare,Delhi,Delhi,Online,2024-02-20
MER00052,Reliance Digital 52,Entertainment,Kolkata,West Bengal,Offline,2023-12-05
MER00053,Apollo Pharmacy 53,Travel,Noida,Uttar Pradesh,Offline,2021-10-14
MER00054,BookMyShow 54,Grocery,Surat,Gujarat,Online,2021-08-15
MER00055,Flipkart 55,Fashion,Pune,Maharashtra,Offline,2023-04-15
MER00056,Myntra 56,Education,Delhi,Delhi,Online,2022-07-18
MER00057,MakeMyTrip 57,Utilities,Kolkata,West Bengal,Offline,
MER00058,BigBasket 58,Automotive,Noida,Uttar Pradesh,Online,2023-12-09
MER00059,Paytm 59,Restaurants,Surat,Gujarat,Offline,2024-05-31
MER00060,Amazon India 60,Ecommerce,Pune,Maharashtra,Offline,2023-03-01
MER00061,Swiggy 61,Food Delivery,Delhi,Delhi,Online,2022-03-26
MER00062,Reliance Digital 62,Electronics,Kolkata,West Bengal,Offline,2023-03-06
MER00063,Apollo Pharmacy 63,Healthcare,Noida,Uttar Pradesh,Online,2024-04-05
MER00064,BookMyShow 64,Entertainment,Surat,Gujarat,Online,2023-06-12
MER00065,Flipkart 65,Travel,Pune,,Online,2023-07-29
MER00066,Myntra 66,Grocery,Delhi,Delhi,Online,2021-10-22
MER00067,MakeMyTrip 67,Fashion,Kolkata,West Bengal,Offline,2024-06-19
MER00068,BigBasket 68,Education,Noida,Uttar Pradesh,Online,2022-01-06
MER00069,Paytm 69,Utilities,Surat,Gujarat,Online,2021-07-31
MER00070,Amazon India 70,Automotive,Pune,Maharashtra,Online,2022-11-05
MER00071,Swiggy 71,Restaurants,Delhi,Delhi,Online,2022-04-23
MER00072,Reliance Digital 72,Ecommerce,Kolkata,West Bengal,,2025-12-05
MER00073,Apollo Pharmacy 73,Food Delivery,Noida,Uttar Pradesh,Online,2024-02-29
MER00074,BookMyShow 74,Electronics,Surat,Gujarat,Online,2024-07-19
MER00075,Flipkart 75,Healthcare,Pune,Maharashtra,Online,2025-05-06
MER00076,Myntra 76,Entertainment,Delhi,Delhi,Offline,2021-12-24
MER00077,MakeMyTrip 77,Travel,Kolkata,West Bengal,Online,2025-05-18
MER00078,BigBasket 78,Grocery,Noida,Uttar Pradesh,Offline,2021-02-26
MER00079,Paytm 79,Fashion,Surat,Gujarat,Online,2022-09-08
MER00080,Amazon India 80,Education,Pune,Maharashtra,Offline,2025-01-19
MER00081,Swiggy 81,Utilities,Delhi,Delhi,Online,2022-08-29
MER00082,Reliance Digital 82,Automotive,,West Bengal,Online,2024-03-10
MER00083,Apollo Pharmacy 83,Restaurants, Noida ,Uttar Pradesh,Online,2025-04-05
MER00084,BookMyShow 84,Ecommerce,Surat,Gujarat,Online,2023-12-18
MER00085,Flipkart 85,Food Delivery,Pune,Maharashtra,Online,2022-12-26
MER00086,Myntra 86,Electronics,Delhi,Delhi,Online,2022-02-05
MER00087,MakeMyTrip 87,Healthcare,Kolkata,West Bengal,Offline,2025-02-04
MER00088,BigBasket 88,Entertainment,Noida,Uttar Pradesh,Offline,2023-03-16
MER00089,Paytm 89,Travel,Surat,Gujarat,Online,2021-12-27
MER00090,Amazon India 90,Grocery,Pune,Maharashtra,Online,2022-06-09
MER00091,Swiggy 91,Fashion,Delhi,Delhi,Offline,2024-02-24
MER00092,Reliance Digital 92,Education,Kolkata,West Bengal,Offline,2024-08-21
MER00093,Apollo Pharmacy 93,Utilities,Noida,Uttar Pradesh,Online,2021-02-23
MER00094,BookMyShow 94,Automotive,Surat,Gujarat,Online,2022-02-24
MER00095,Flipkart 95,Restaurants,Pune,Maharashtra,Online,2022-09-02
MER00096,Myntra 96,Ecommerce,Delhi,Delhi,Online,2023-06-01
MER00097,MakeMyTrip 97,Food Delivery,Kolkata,West Bengal,Offline,2025-02-25
MER00098,BigBasket 98,Electronics,Noida,Uttar Pradesh,Online,2025-03-25
MER00099,Paytm 99,Healthcare,Surat,Gujarat,Online,2023-04-01
MER00100,Amazon India 100,Entertainment,Pune,Maharashtra,Offline,2024-04-01
MER00101,Swiggy 101,Travel,Delhi,Delhi,Online,2024-02-17
MER00102,Reliance Digital 102,Grocery,Kolkata,West Bengal,Offline,2022-03-16
MER00103,Apollo Pharmacy 103,Fashion,Noida,Uttar Pradesh,Online,2024-10-22
MER00104,BookMyShow 104,,Surat,Gujarat,Online,2021-06-14
MER00105,Flipkart 105,Utilities,Pune,Maharashtra,Online,2025-07-27
MER00106,Myntra 106,Automotive,Delhi,delhi,Online,2024-10-07
MER00107,MakeMyTrip 107,Restaurants,Kolkata,West Bengal,Offline,2023-01-04
MER00108,BigBasket 108,,Noida,Uttar Pradesh,Online,2025-07-01
MER00109,Paytm 109,Food Delivery,Surat,Gujarat,Offline,2024-07-13
MER00110,Amazon India 110,Electronics,Pune,Maharashtra,Online,2022-02-11
MER00111,Swiggy 111,Healthcare,Delhi,Delhi,Online,2025-11-08
MER00112,Reliance Digital 112,Entertainment,Kolkata,West Bengal,Offline,2022-04-21
MER00113,Apollo Pharmacy 113,Travel,Noida,Uttar Pradesh,Online,
MER00114,BookMyShow 114,Grocery,Surat,Gujarat,Online,2021-10-03
MER00115,Flipkart 115,Fashion,Pune,Maharashtra,Online,2025-09-26
MER00116,Myntra 116,Education,Delhi,Delhi,Offline,2021-10-11
MER00117,MakeMyTrip 117,Utilities,Kolkata,West Bengal,Offline,2023-08-08
MER00118,BigBasket 118,Automotive,Noida,Uttar Pradesh,Online,2022-11-23
MER00119,Paytm 119,Restaurants,Surat,Gujarat,Offline,2023-03-22
MER00120,Amazon India 120,Ecommerce,Pune,Maharashtra,Online,2022-03-30
MER00121,Swiggy 121,Food Delivery,Delhi,Delhi,Online,2025-01-12
MER00122,Reliance Digital 122,Electronics,Kolkata,West Bengal,Online,2023-12-19
MER00123,Apollo Pharmacy 123,Healthcare,Noida,Uttar Pradesh,Online,2021-08-20
,BookMyShow 124,,Surat,Gujarat,Online,2024-03-19
MER00125,Flipkart 125,Travel,Pune,Maharashtra,Offline,2025-05-19
MER00126,Myntra 126,Grocery,Delhi,Delhi,Online,2025-04-09
MER00127,MakeMyTrip 127,Fashion,Kolkata,West Bengal,Online,2024-10-30
MER00128,BigBasket 128,Education,Noida,Uttar Pradesh,Online,2023-06-23
MER00129,Paytm 129,Utilities,Surat,Gujarat,Online,2021-05-30
MER00130,Amazon India 130,Automotive,Pune,Maharashtra,Offline,2021-09-01
MER00131,Swiggy 131,Restaurants,Delhi,Delhi,Offline,2025-03-18
MER00132,Reliance Digital 132,Ecommerce,Kolkata,West Bengal,Online,2025-09-30
MER00133,Apollo Pharmacy 133,Food Delivery,Noida,Uttar Pradesh,Online,2022-11-27
MER00134,BookMyShow 134,Electronics,Surat,Gujarat,Offline,2021-06-10
MER00135,Flipkart 135,Healthcare,Pune,Maharashtra,Offline,2024-04-10
MER00136,Myntra 136,Entertainment,Delhi,Delhi,Online,2021-05-21
MER00137,MakeMyTrip 137,Travel,Kolkata,West Bengal,Online,2024-10-05
MER00138,BigBasket 138,Grocery,Noida,Uttar Pradesh,,2025-11-19
MER00139,Paytm 139,Fashion,Surat,Gujarat,Online,2021-06-06
MER00140,Amazon India 140,Education,Pune,Maharashtra,Offline,2025-10-16
MER00141,Swiggy 141,Utilities,Delhi,Delhi,Online,2025-10-25
MER00142,Reliance Digital 142,Automotive,Kolkata,West Bengal,Online,2022-08-20
MER00143,Apollo Pharmacy 143,Restaurants,Noida,Uttar Pradesh,Offline,2023-12-19
MER00144,BookMyShow 144,Ecommerce,Surat,Gujarat,Online,2025-07-11
MER00145,Flipkart 145,Food Delivery,Pune,Maharashtra,Online,2023-01-14
MER00146,Myntra 146,Electronics,Delhi,Delhi,Online,2024-03-21
MER00147,MakeMyTrip 147,Healthcare,Kolkata,West Bengal,Online,2024-11-17
MER00148,BigBasket 148,Entertainment,Noida,Uttar Pradesh,Online,2022-08-15
MER00149,Paytm 149,Travel,Surat,Gujarat,Online,2023-05-01
MER00150,Amazon India 150,Grocery,Pune,Maharashtra,Offline,2023-01-02
MER00151,Swiggy 151,Fashion,Delhi,Delhi,Online,2022-05-25
MER00152,Reliance Digital 152,Education,Kolkata,West Bengal,Online,2025-12-05
MER00153,Apollo Pharmacy 153,Utilities,Noida,Uttar Pradesh,Online,2022-02-17
MER00154,BookMyShow 154,Automotive,Surat,Gujarat,Online,2024-11-21
MER00155,Flipkart 155,Restaurants,Pune,Maharashtra,Online,2024-08-18
MER00156,Myntra 156,Ecommerce,Delhi,Delhi,Offline,2024-03-25
MER00157,MakeMyTrip 157,Food Delivery,Kolkata,West Bengal,Online,2022-09-14
MER00158,BigBasket 158,Electronics,Noida,Uttar Pradesh,Online,2022-03-14
MER00159,Paytm 159,Healthcare,Surat,Gujarat,Offline,2025-11-12
MER00160,Amazon India 160,Entertainment,Pune,MAHARASHTRA,Online,2022-11-09
MER00161,Swiggy 161,Travel,Delhi,Delhi,Offline,2021-01-19
MER00162,Reliance Digital 162,Grocery,Kolkata,West Bengal,Online,2022-10-02
MER00163,Apollo Pharmacy 163,Fashion,Noida,Uttar Pradesh,,2023-10-23
MER00164,BookMyShow 164,Education,Surat,Gujarat,Offline,2024-03-30
MER00165,Flipkart 165,Utilities,Pune,Maharashtra,Offline,2024-11-05
MER00166,Myntra 166,Automotive,Delhi,Delhi,Offline,2021-05-20
MER00167,MakeMyTrip 167,Restaurants,Kolkata,West Bengal,Offline,2021-01-03
MER00168,BigBasket 168,Ecommerce,Noida,Uttar Pradesh,Online,2023-01-18
MER00169,Paytm 169,Food Delivery,Surat,Gujarat,Online,2022-08-01
MER00170,Amazon India 170,Electronics,Pune,Maharashtra,Online,2025-02-21
MER00171,Swiggy 171,Healthcare,Delhi,Delhi,Offline,2021-02-02
MER00172,Reliance Digital 172,Entertainment,Kolkata,West Bengal,Online,2025-07-31
MER00173,Apollo Pharmacy 173,Travel,Noida,Uttar Pradesh,Online,2025-11-27
MER00174,BookMyShow 174,Grocery,Surat,Gujarat,OFFLINE,2024-07-14
MER00175,Flipkart 175,Fashion,Pune,,Offline,2023-06-13
MER00176,Myntra 176,Education,Delhi,Delhi,Online,2025-11-19
MER00177,MakeMyTrip 177,Utilities,Kolkata,West Bengal,Online,2023-09-05
MER00178,BigBasket 178,Automotive,Noida,Uttar Pradesh,Offline,2023-05-12
MER00179,Paytm 179,Restaurants,Surat,Gujarat,Online,2021-01-31
MER00180,Amazon India 180,Ecommerce,Pune,Maharashtra,Online,2022-03-22
MER00181,Swiggy 181,Food Delivery,Delhi,Delhi,Online,2022-03-04
MER00182,Reliance Digital 182,Electronics,Kolkata,West Bengal,Offline,2022-07-06
MER00183,Apollo Pharmacy 183,Healthcare,Noida,Uttar Pradesh,Online,2024-06-05
MER00184,BookMyShow 184,Entertainment,Surat,Gujarat,Online,2023-07-26
MER00185,Flipkart 185,Travel,Pune,Maharashtra,Offline,2024-03-18
MER00186,Myntra 186,Grocery,Delhi,Delhi,Online,2022-07-09
MER00187,MakeMyTrip 187,Fashion,Kolkata,West Bengal,Online,2021-12-22
MER00188,BigBasket 188,Education,Noida,Uttar Pradesh,Online,2022-04-19
MER00189,Paytm 189,Utilities,Surat,Gujarat,Online,2024-08-11
MER00190,Amazon India 190,Automotive,Pune,Maharashtra,Online,2023-10-28
MER00191,Swiggy 191,Restaurants,Delhi,Delhi,Online,2022-07-13
MER00192,Reliance Digital 192,Ecommerce,Kolkata,West Bengal,Online,2022-02-06
MER00193,Apollo Pharmacy 193,Food Delivery,Noida,Uttar Pradesh,Online,2023-03-28
MER00194,BookMyShow 194,Electronics,Surat,Gujarat,Online,2023-04-12
MER00195,Flipkart 195,Healthcare,Pune,Maharashtra,Offline,2023-08-15
MER00196,Myntra 196,Entertainment,DELHI,Delhi,Offline,2024-04-27
MER00197,MakeMyTrip 197,Travel,Kolkata,West Bengal,Offline,2024-08-07
MER00198,BigBasket 198,Grocery,Noida,Uttar Pradesh,Online,2023-03-19
MER00199,Paytm 199,Fashion,Surat,Gujarat,Offline,2021-12-15
MER00200,Amazon India 200,Education,Pune,Maharashtra,Online,2024-05-10
MER00201,Swiggy 201,Utilities,Delhi,Delhi,Online,2024-09-13
MER00202,Reliance Digital 202,Automotive,Kolkata,West Bengal,Online,2025-05-13
MER00203,Apollo Pharmacy 203,Restaurants,Noida,Uttar Pradesh,Online,2023-01-20
MER00204,BookMyShow 204,Ecommerce,Surat,Gujarat,Online,2022-06-15
MER00205,Flipkart 205,Food Delivery,Pune,Maharashtra,Online,2022-01-21
MER00206,Myntra 206,Electronics,Delhi,Delhi,Online,2024-09-21
MER00207,MakeMyTrip 207,Healthcare,Kolkata,West Bengal,Offline,2023-04-13
MER00208,BigBasket 208,,Noida,Uttar Pradesh,Offline,2024-10-24
MER00209,Paytm 209,Travel,Surat,Gujarat,Online,2021-06-19
MER00210,Amazon India 210,Grocery,Pune,Maharashtra,Online,2022-12-09
,Swiggy 211,Fashion,Delhi,Delhi,Offline,2023-04-13
MER00212,Reliance Digital 212,Education,Kolkata,West Bengal,Offline,2024-02-08
MER00213,Apollo Pharmacy 213,Utilities,Noida,Uttar Pradesh,Offline,2022-08-28
MER00214,BookMyShow 214,Automotive,Surat,Gujarat,Offline,2021-01-22
MER00215,Flipkart 215,Restaurants,Pune,Maharashtra,Offline,2021-03-20
MER00216,Myntra 216,Ecommerce,Delhi,Delhi,Online,2023-01-21
MER00217,MakeMyTrip 217,Food Delivery,Kolkata,West Bengal,Online,2022-09-04
MER00218,BigBasket 218,Electronics,Noida,Uttar Pradesh,Online,2024-01-16
MER00219,Paytm 219,Healthcare,Surat,Gujarat,Online,2024-06-24
MER00220,Amazon India 220,Entertainment,Pune,Maharashtra,Offline,2022-02-28
MER00221,Swiggy 221,Travel,Delhi,Delhi,Online,2021-11-15
MER00222,Reliance Digital 222,Grocery,Kolkata,West Bengal,Online,2022-04-27
MER00223,Apollo Pharmacy 223,Fashion,Noida,Uttar Pradesh,Offline,2022-05-15
MER00224,BookMyShow 224,Education,surat,Gujarat,Online,2023-03-06
MER00225,Flipkart 225,Utilities,Pune,Maharashtra,Online,2022-07-20
MER00226,Myntra 226,,Delhi,Delhi,Online,2023-11-27
MER00227,MakeMyTrip 227,Restaurants,Kolkata,West Bengal,Online,2024-08-26
MER00228,BigBasket 228,Ecommerce, Noida ,Uttar Pradesh,Online,2023-03-22
MER00229,Paytm 229,Food Delivery,Surat,Gujarat,Offline,2023-12-20
MER00230,Amazon India 230,Electronics,Pune,Maharashtra,Online,2025-09-01
MER00231,Swiggy 231,Healthcare,Delhi,Delhi,Online,2021-09-11
MER00232,Reliance Digital 232,Entertainment,Kolkata,West Bengal,Online,2023-02-04
MER00233,Apollo Pharmacy 233,Travel, Noida ,Uttar Pradesh,Online,2024-08-04
MER00234,BookMyShow 234,Grocery,Surat,Gujarat,,2024-06-16
MER00235,Flipkart 235,Fashion,Pune,Maharashtra,Online,2023-06-25
,Myntra 236,Education,Delhi,Delhi,Offline,2022-06-26
MER00237,MakeMyTrip 237,Utilities,Kolkata,West Bengal,Offline,2024-12-30
MER00238,BigBasket 238,Automotive,Noida,Uttar Pradesh,Offline,2023-11-10
MER00239,Paytm 239,Restaurants,Surat, Gujarat ,Online,2023-04-28
MER00240,Amazon India 240,Ecommerce,Pune,Maharashtra,Offline,2025-02-26
MER00241,Swiggy 241,Food Delivery,Delhi,Delhi,Online,2022-11-17
MER00242,Reliance Digital 242,Electronics,Kolkata,West Bengal,Online,2025-06-21
MER00243,Apollo Pharmacy 243,Healthcare,Noida,Uttar Pradesh,Online,2023-07-16
MER00244,BookMyShow 244,Entertainment,Surat,Gujarat,Online,2024-07-16
MER00245,Flipkart 245,Travel,Pune,Maharashtra,Online,2024-07-09
MER00246,Myntra 246,Grocery,Delhi,Delhi,Online,2022-05-03
MER00247,MakeMyTrip 247,Fashion,Kolkata,West Bengal,Online,2022-08-18
MER00248,BigBasket 248,Education,Noida,Uttar Pradesh,Offline,2021-02-27
MER00249,Paytm 249,Utilities,Surat,Gujarat,Online,2021-09-27
MER00250,Amazon India 250,Automotive,Pune,Maharashtra,Online,2021-08-02
MER00251,Swiggy 251,Restaurants,Delhi,Delhi,Offline,2022-05-30
MER00252,Reliance Digital 252,Ecommerce,Kolkata,West Bengal,Online,2021-09-11
MER00253,Apollo Pharmacy 253,Food Delivery,,,Online,2024-09-03
MER00254,BookMyShow 254,,Surat,Gujarat,Online,2023-08-19
MER00255,Flipkart 255,Healthcare,Pune,,Online,2021-06-26
MER00256,Myntra 256,Entertainment,Delhi,Delhi,Online,2021-09-11
MER00257,MakeMyTrip 257,Travel,Kolkata,West Bengal,Offline,2023-08-14
MER00258,BigBasket 258,Grocery,Noida,Uttar Pradesh,Offline,2022-01-08
MER00259,Paytm 259,Fashion,Surat,Gujarat,Online,2021-04-29
MER00260,Amazon India 260,Education,Pune,Maharashtra,Offline,2024-12-19
MER00261,Swiggy 261,Utilities,Delhi,Delhi,Offline,2021-05-04
MER00262,Reliance Digital 262,Automotive,,West Bengal,,2024-05-05
MER00263,Apollo Pharmacy 263,Restaurants,Noida,Uttar Pradesh,Online,2023-04-29
MER00264,BookMyShow 264,Ecommerce,Surat,Gujarat,Online,2022-07-25
MER00265,Flipkart 265,Food Delivery,Pune,Maharashtra,Offline,2022-03-25
MER00266,Myntra 266,Electronics,Delhi,Delhi,Offline,2024-05-22
MER00267,MakeMyTrip 267,Healthcare,Kolkata,West Bengal,Online,2022-03-19
MER00268,BigBasket 268,Entertainment,Noida,Uttar Pradesh,Online,2021-06-08
MER00269,Paytm 269,Travel,Surat,Gujarat,Online,2023-12-30
MER00270,Amazon India 270,Grocery,Pune,maharashtra,Online,2022-10-03
MER00271,Swiggy 271,Fashion,Delhi,Delhi,Online,2022-05-28
MER00272,Reliance Digital 272,Education,Kolkata,West Bengal,Online,2024-12-23
MER00273,Apollo Pharmacy 273,Utilities,Noida,Uttar Pradesh,Online,2025-04-04
MER00274,BookMyShow 274,Automotive,Surat,Gujarat,Online,2023-06-19
MER00275,Flipkart 275,Restaurants,Pune,Maharashtra,Online,2022-05-09
MER00276,Myntra 276,,Delhi,Delhi,Offline,2021-02-20
MER00277,MakeMyTrip 277,Food Delivery,Kolkata,West Bengal,Online,2025-01-09
MER00278,BigBasket 278,Electronics,Noida,Uttar Pradesh,Offline,2023-02-02
MER00279,Paytm 279,Healthcare,Surat,Gujarat,Online,2021-08-10
MER00280,Amazon India 280,Entertainment,Pune,Maharashtra,Offline,2024-04-25
MER00281,Swiggy 281,Travel,Delhi,Delhi,Online,2025-10-15
MER00282,Reliance Digital 282,Grocery,Kolkata,West Bengal,Online,
MER00283,Apollo Pharmacy 283,Fashion,Noida,Uttar Pradesh,,2024-07-20
MER00284,BookMyShow 284,Education,Surat,Gujarat,Online,2023-08-09
MER00285,Flipkart 285,Utilities,Pune,Maharashtra,Online,2022-11-18
MER00286,Myntra 286,Automotive,Delhi,Delhi,Online,2021-07-11
MER00287,MakeMyTrip 287,Restaurants,Kolkata,West Bengal,Online,2022-12-25
MER00288,BigBasket 288,Ecommerce,Noida,Uttar Pradesh,Online,2022-06-03
MER00289,Paytm 289,Food Delivery,Surat,Gujarat,Online,2023-10-04
MER00290,Amazon India 290,Electronics,Pune,Maharashtra,Offline,2021-03-17
MER00291,Swiggy 291,Healthcare,Delhi,Delhi,Online,2021-10-30
MER00292,Reliance Digital 292,Entertainment,Kolkata,West Bengal,Offline,2024-12-24
,Apollo Pharmacy 293,Travel,Noida,Uttar Pradesh,Offline,2023-11-06
MER00294,BookMyShow 294,Grocery,Surat,Gujarat,Online,2022-05-19
MER00295,Flipkart 295,Fashion,Pune,Maharashtra,Offline,2024-05-06
MER00296,Myntra 296,Education,Delhi,Delhi,Online,2021-09-13
MER00297,MakeMyTrip 297,Utilities,Kolkata,West Bengal,Offline,2023-06-08
MER00298,BigBasket 298,Automotive,Noida,Uttar Pradesh,Online,2023-09-11
MER00299,Paytm 299,Restaurants,Surat,Gujarat,Online,2024-05-04
,Amazon India 300,Ecommerce,Pune,Maharashtra,Online,2021-10-12
MER00301,Swiggy 301,Food Delivery,Delhi,Delhi,Offline,2021-03-25
MER00302,Reliance Digital 302,Electronics,Kolkata, West Bengal ,Online,2021-05-27
MER00303,Apollo Pharmacy 303,Healthcare,Noida,Uttar Pradesh,Online,2021-10-09
MER00304,BookMyShow 304,Entertainment,Surat,Gujarat,Online,2022-06-20
MER00305,Flipkart 305,Travel,Pune,Maharashtra,Online,2023-09-30
MER00306,Myntra 306,Grocery,Delhi,Delhi,Offline,2021-04-28
MER00307,MakeMyTrip 307,Fashion,Kolkata,West Bengal,Offline,2021-06-11
MER00308,BigBasket 308,Education,Noida,Uttar Pradesh,Online,2022-08-07
MER00309,Paytm 309,Utilities,Surat,Gujarat,Online,2022-01-24
MER00310,Amazon India 310,Automotive,Pune,,Online,2025-10-26
MER00311,Swiggy 311,Restaurants,Delhi,Delhi,Online,2024-01-02
MER00312,Reliance Digital 312,Ecommerce,Kolkata,West Bengal,Online,2022-07-19
MER00313,Apollo Pharmacy 313,Food Delivery,Noida,Uttar Pradesh,Online,2021-10-28
MER00314,BookMyShow 314,Electronics,Surat,Gujarat,Offline,2024-04-24
MER00315,Flipkart 315,Healthcare,Pune,Maharashtra,Online,2024-09-09
MER00316,Myntra 316,Entertainment,Delhi,Delhi,Online,2024-09-23
MER00317,MakeMyTrip 317,Travel,Kolkata,West Bengal,Offline,2025-05-17
MER00318,BigBasket 318,Grocery,Noida,Uttar Pradesh,Online,2024-07-22
MER00319,Paytm 319,Fashion,Surat,Gujarat,Offline,2023-04-16
MER00320,Amazon India 320,Education,Pune,Maharashtra,Online,2024-06-18
MER00321,Swiggy 321,Utilities,Delhi,Delhi,Online,2024-10-15
MER00322,Reliance Digital 322,Automotive,Kolkata,West Bengal,Online,2023-11-08
,Apollo Pharmacy 323,Restaurants,Noida,Uttar Pradesh,Online,2024-10-06
MER00324,BookMyShow 324,Ecommerce,Surat,Gujarat,Offline,2025-01-15
MER00325,Flipkart 325,Food Delivery,Pune,Maharashtra,Online,2021-12-22
MER00326,Myntra 326,Electronics,Delhi,Delhi,Online,2025-09-26
MER00327,MakeMyTrip 327,Healthcare,Kolkata,West Bengal,Online,2024-10-18
MER00328,BigBasket 328,Entertainment,Noida,uttar pradesh,Online,2021-12-16
MER00329,Paytm 329,Travel,Surat,Gujarat,Online,2023-05-06
MER00330,Amazon India 330,Grocery,Pune,Maharashtra,Online,2022-03-11
MER00331,Swiggy 331,Fashion,Delhi,Delhi,Online,2021-02-11
MER00332,Reliance Digital 332,Education,Kolkata,West Bengal,Offline,2023-12-31
MER00333,Apollo Pharmacy 333,Utilities,Noida,Uttar Pradesh,Offline,2022-08-17
MER00334,BookMyShow 334,Automotive,Surat,Gujarat,Online,2025-05-30
MER00335,Flipkart 335,Restaurants,Pune,Maharashtra,Online,2021-02-16
MER00336,Myntra 336,Ecommerce,Delhi,Delhi,Online,2021-07-16
MER00337,MakeMyTrip 337,Food Delivery,Kolkata,West Bengal,Online,2025-06-23
MER00338,BigBasket 338,Electronics,Noida,Uttar Pradesh,Offline,2024-07-12
MER00339,Paytm 339,Healthcare,Surat,Gujarat,Offline,2023-03-21
MER00340,Amazon India 340,Entertainment, Pune ,Maharashtra,Online,2024-11-14
MER00341,Swiggy 341,Travel,Delhi,Delhi,Online,2023-08-25
MER00342,Reliance Digital 342,Grocery,Kolkata,West Bengal,Offline,2022-08-22
MER00343,Apollo Pharmacy 343,Fashion,Noida,Uttar Pradesh,Online,2021-07-14
MER00344,BookMyShow 344,Education,Surat,,Online,2025-02-11
MER00345,Flipkart 345,Utilities,Pune,Maharashtra,Online,2021-08-12
MER00346,Myntra 346,Automotive,Delhi,Delhi,Online,2023-06-10
MER00347,,Restaurants,Kolkata,West Bengal,Online,2022-06-09
MER04167,MakeMyTrip 4167,Healthcare,Kolkata,West Bengal,Offline,2022-12-30
MER00349,Paytm 349,Food Delivery,Surat,Gujarat,Online,2025-04-24
MER00350,Amazon India 350,Electronics,,maharashtra,Online,2023-09-14
MER00351,Swiggy 351,Healthcare,Delhi,Delhi,Offline,2024-04-24
MER00352,Reliance Digital 352,Entertainment,Kolkata,West Bengal,Online,2022-01-02
MER00353,Apollo Pharmacy 353,Travel,Noida,Uttar Pradesh,Online,2024-03-26
MER00354,BookMyShow 354,Grocery,SURAT,Gujarat,Online,2024-11-17
MER00355,Flipkart 355,Fashion,Pune,Maharashtra,Online,2024-05-30
MER00356,Myntra 356,Education,Delhi,Delhi,Online,2025-07-22
MER00357,MakeMyTrip 357,Utilities,Kolkata,West Bengal,Online,2025-05-22
MER00358,BigBasket 358,Automotive,Noida,Uttar Pradesh,Offline,2024-07-11
MER00359,Paytm 359,Restaurants,Surat,GUJARAT,Online,2021-02-15
MER00360,Amazon India 360,Ecommerce,Pune,Maharashtra,Offline,2022-09-12
MER00361,Swiggy 361,Food Delivery,Delhi,Delhi,Offline,2025-10-06
MER00362,Reliance Digital 362,Electronics,Kolkata,West Bengal,Online,2025-03-17
MER00363,Apollo Pharmacy 363,Healthcare,Noida,Uttar Pradesh,Offline,2025-02-13
MER00364,BookMyShow 364,Entertainment,Surat,Gujarat,Online,2021-03-20
MER00365,Flipkart 365,Travel,Pune,Maharashtra,Offline,2021-04-29
MER00366,Myntra 366,Grocery,Delhi,Delhi,Online,2023-09-27
MER00367,MakeMyTrip 367,Fashion,Kolkata,West Bengal,Online,2022-10-15
MER00368,BigBasket 368,Education,Noida,Uttar Pradesh,Online,2022-10-14
MER00369,Paytm 369,Utilities,Surat,Gujarat,Online,2022-06-27
MER00370,Amazon India 370,Automotive,Pune,Maharashtra,Online,2023-05-30
MER00371,,Restaurants,Delhi,Delhi,Online,2021-01-11
MER00372,Reliance Digital 372,Ecommerce,Kolkata,West Bengal,Online,2024-11-20
MER00373,Apollo Pharmacy 373,Food Delivery,Noida,Uttar Pradesh,Online,2022-10-21
MER00374,BookMyShow 374,Electronics,Surat,Gujarat,Online,2024-02-03
MER00375,Flipkart 375,Healthcare,Pune,Maharashtra,Offline,
MER00376,Myntra 376,Entertainment,Delhi,Delhi,Offline,2021-05-10
MER00377,MakeMyTrip 377,Travel,Kolkata,West Bengal,Online,2024-07-04
MER00378,BigBasket 378,Grocery,Noida,Uttar Pradesh,Offline,2021-01-31
MER00379,Paytm 379,Fashion,Surat,Gujarat,Offline,2025-09-27
MER00380,Amazon India 380,Education,Pune,Maharashtra,OFFLINE,2021-09-07
MER00381,Swiggy 381,Utilities,Delhi,delhi,Online,2022-07-29
MER00382,Reliance Digital 382,Automotive,Kolkata,West Bengal,,2025-05-10
MER00383,Apollo Pharmacy 383,Restaurants,Noida,Uttar Pradesh,Offline,2023-10-04
MER00384,BookMyShow 384,Ecommerce,Surat,Gujarat,Online,2023-10-09
MER00385,Flipkart 385,Food Delivery,Pune,Maharashtra,Online,2024-10-13
MER00386,Myntra 386,Electronics,Delhi,Delhi,Online,2024-01-26
MER00387,MakeMyTrip 387,Healthcare,Kolkata,West Bengal,Offline,2021-09-07
MER00388,BigBasket 388,Entertainment,Noida,Uttar Pradesh,Online,2021-10-12
MER00389,Paytm 389,Travel,Surat,Gujarat,Online,2021-04-13
MER00390,,Grocery,Pune,Maharashtra,Offline,2023-07-10
MER00391,Swiggy 391,Fashion,Delhi,Delhi,Online,2023-09-24
MER00392,Reliance Digital 392,Education,Kolkata,West Bengal,Online,2022-09-19
MER00393,Apollo Pharmacy 393,Utilities,Noida,Uttar Pradesh,Online,2022-12-15
MER00394,BookMyShow 394,Automotive,Surat,Gujarat,Offline,2024-04-28
MER00395,Flipkart 395,Restaurants,Pune,Maharashtra,Online,2024-11-02
MER00396,Myntra 396,Ecommerce,Delhi,Delhi,Online,2021-11-06
MER00397,MakeMyTrip 397,Food Delivery,Kolkata,West Bengal,Online,2022-10-10
MER00398,BigBasket 398,Electronics,Noida,Uttar Pradesh,Online,2025-08-26
MER00399,Paytm 399,Healthcare,Surat,Gujarat,Offline,2024-07-13
MER00400,Amazon India 400,Entertainment,Pune,Maharashtra,Online,2025-04-23
MER00401,Swiggy 401,Travel,Delhi,Delhi,Offline,2023-06-05
MER00402,Reliance Digital 402,Grocery,Kolkata,West Bengal,Offline,2023-02-03
MER00403,,Fashion,,Uttar Pradesh,Online,
MER00404,BookMyShow 404,Education,Surat,Gujarat,Online,2024-01-04
MER00405,Flipkart 405,Utilities, Pune ,Maharashtra,Offline,2025-11-24
MER00406,Myntra 406,Automotive,Delhi,Delhi,Offline,2024-04-22
MER00407,MakeMyTrip 407,Restaurants,Kolkata,West Bengal,Offline,2024-07-18
MER00408,BigBasket 408,Ecommerce,Noida,Uttar Pradesh,Online,2021-03-13
MER00409,Paytm 409,Food Delivery,surat,Gujarat,Online,2023-02-25
MER00410,Amazon India 410,Electronics,Pune,Maharashtra,Online,2025-09-10
MER00411,Swiggy 411,Healthcare,Delhi,Delhi,Online,2022-10-12
MER00412,Reliance Digital 412,Entertainment,Kolkata,West Bengal,Online,2024-04-25
MER00413,Apollo Pharmacy 413,Travel,noida,Uttar Pradesh,Offline,2025-10-17
MER00414,BookMyShow 414,Grocery,Surat,Gujarat,Online,2025-11-24
MER00415,Flipkart 415,Fashion,Pune,Maharashtra,Online,2021-07-02
MER00416,Myntra 416,Education,Delhi,Delhi,Offline,2021-08-07
MER00417,MakeMyTrip 417,Utilities,Kolkata,West Bengal,Online,2023-02-08
MER00418,BigBasket 418,Automotive,Noida,Uttar Pradesh,Online,2021-05-17
MER00419,Paytm 419,Restaurants,surat,,Online,2024-09-02
MER00420,Amazon India 420,Ecommerce,Pune,Maharashtra,Online,2023-05-04
MER00421,Swiggy 421,Food Delivery,Delhi,Delhi,Online,2021-01-19
MER00422,Reliance Digital 422,Electronics,kolkata,West Bengal,Online,2024-11-26
MER00423,Apollo Pharmacy 423,Healthcare,Noida,Uttar Pradesh,Offline,2021-09-28
MER00424,BookMyShow 424,Entertainment,Surat,Gujarat,Online,2025-01-09
MER08291,Swiggy 8291,Restaurants,Delhi,Delhi,Online,2025-05-21
MER00426,Myntra 426,Grocery,Delhi,Delhi,Online,2023-12-26
MER00427,MakeMyTrip 427,Fashion,Kolkata,West Bengal,Online,2023-03-08
MER00428,BigBasket 428,Education,Noida,Uttar Pradesh,Online,2025-01-31
MER00429,Paytm 429,Utilities,Surat,Gujarat,Offline,2023-06-03
MER00430,Amazon India 430,Automotive,Pune,Maharashtra,Offline,2022-06-03
MER00431,Swiggy 431,Restaurants,Delhi,Delhi,Online,2023-12-13
MER00432,,Ecommerce,Kolkata,West Bengal,Offline,2023-07-26
MER00433,Apollo Pharmacy 433,Food Delivery,Noida,Uttar Pradesh,Online,2023-01-05
MER00434,,Electronics,Surat,Gujarat,Online,2022-09-23
MER00435,Flipkart 435,Healthcare,Pune,Maharashtra,Online,2025-01-15
MER00436,Myntra 436,Entertainment,Delhi,Delhi,Online,2022-10-27
MER00437,MakeMyTrip 437,Travel,Kolkata,West Bengal,Online,2022-10-20
MER00438,BigBasket 438,Grocery,Noida,Uttar Pradesh,Offline,2021-07-10
MER00439,Paytm 439,Fashion,Surat,Gujarat,Online,2025-06-05
MER00440,Amazon India 440,Education,Pune,Maharashtra,Online,2022-04-22
MER00441,Swiggy 441,Utilities,Delhi,Delhi,Offline,2024-12-03
MER00442,Reliance Digital 442,Automotive,Kolkata,West Bengal,Online,2024-06-29
MER00443,Apollo Pharmacy 443,Restaurants,Noida,Uttar Pradesh,Online,2025-05-24
MER00444,BookMyShow 444,Ecommerce,SURAT,Gujarat,Offline,2021-05-18
MER00445,Flipkart 445,,Pune,Maharashtra,Online,2021-08-07
MER00446,Myntra 446,Electronics,Delhi,Delhi,Offline,2023-01-16
MER00447,MakeMyTrip 447,Healthcare,Kolkata,West Bengal,Offline,
MER00448,BigBasket 448,Entertainment,Noida,,Online,2025-01-07
MER00449,Paytm 449,Travel,Surat,Gujarat,Online,2023-02-06
MER00450,Amazon India 450,Grocery,,Maharashtra,OFFLINE,2024-09-22
MER00451,Swiggy 451,Fashion,Delhi,Delhi,Offline,2021-12-29
MER00452,Reliance Digital 452,Education,Kolkata,West Bengal,Offline,2025-08-16
MER00453,Apollo Pharmacy 453,Utilities,Noida,Uttar Pradesh,Online,2023-01-22
MER00454,BookMyShow 454,Automotive,Surat,Gujarat,,2023-08-27
MER00455,Flipkart 455,Restaurants,Pune,Maharashtra,Online,2024-09-18
MER00456,Myntra 456,Ecommerce,Delhi,Delhi,Online,2022-08-15
MER00457,MakeMyTrip 457,Food Delivery,Kolkata,West Bengal,Offline,2021-06-01
MER00458,BigBasket 458,Electronics,Noida,Uttar Pradesh,Offline,2022-04-23
MER00459,Paytm 459,Healthcare,Surat,Gujarat,Online,2022-08-28
MER00460,Amazon India 460,Entertainment,Pune,Maharashtra,Offline,2022-02-02
MER00461,Swiggy 461,Travel,Delhi,Delhi,Offline,2025-09-26
MER00462,Reliance Digital 462,Grocery,Kolkata,West Bengal,online,
MER00463,Apollo Pharmacy 463,Fashion,Noida,Uttar Pradesh,Online,2024-04-10
MER00464,BookMyShow 464,Education,Surat,Gujarat,Online,2025-01-22
MER00465,Flipkart 465,Utilities,Pune,Maharashtra,Offline,2022-05-16
MER00466,Myntra 466,Automotive,Delhi,Delhi,Online,2025-05-30
MER00467,MakeMyTrip 467,Restaurants,Kolkata,West Bengal,Offline,2022-02-18
MER00468,BigBasket 468,Ecommerce,Noida,Uttar Pradesh,Online,2023-06-26
MER00469,Paytm 469,Food Delivery,Surat,Gujarat,Online,2024-06-18
MER00470,Amazon India 470,Electronics,Pune,Maharashtra,Online,2025-06-08
MER00471,,Healthcare,Delhi, Delhi ,,2023-07-29
MER00472,Reliance Digital 472,Entertainment,Kolkata,West Bengal,Online,2022-03-15
MER00473,Apollo Pharmacy 473,Travel,Noida,Uttar Pradesh,Online,2024-08-07
MER00474,BookMyShow 474,Grocery,Surat,Gujarat,Online,2021-08-19
MER00475,Flipkart 475,Fashion,Pune,Maharashtra,Online,2021-11-30
MER00476,Myntra 476,Education,Delhi,Delhi,Offline,2021-11-24
MER00477,MakeMyTrip 477,Utilities,kolkata,West Bengal,Online,2023-11-13
MER00478,BigBasket 478,Automotive,Noida,Uttar Pradesh,Offline,2024-04-25
MER00479,Paytm 479,Restaurants,Surat,Gujarat,Offline,2025-05-22
MER00480,Amazon India 480,Ecommerce,Pune,Maharashtra,Online,2024-12-24
MER00481,Swiggy 481,Food Delivery,Delhi,Delhi,Online,2024-06-27
MER00482,Reliance Digital 482,Electronics,Kolkata,West Bengal,Online,2021-05-16
MER00483,Apollo Pharmacy 483,Healthcare,Noida,Uttar Pradesh,Online,2025-06-19
MER00484,BookMyShow 484,Entertainment,Surat,Gujarat,Online,2023-02-26
MER00485,Flipkart 485,Travel,Pune,Maharashtra,Online,2023-05-10
MER00486,Myntra 486,Grocery,Delhi,Delhi,Online,2025-05-06
MER00487,MakeMyTrip 487,Fashion,Kolkata,West Bengal,Online,2023-05-01
MER00488,BigBasket 488,Education,Noida,Uttar Pradesh,Online,2022-10-20
MER00489,Paytm 489,Utilities,Surat,Gujarat,Offline,2025-01-25
MER00490,Amazon India 490,Automotive,Pune,,Offline,2025-04-18
MER00491,Swiggy 491,Restaurants,Delhi,Delhi,Online,2022-01-08
MER00492,Reliance Digital 492,Ecommerce,Kolkata,West Bengal,Online,2021-04-12
MER00493,Apollo Pharmacy 493,Food Delivery,Noida,Uttar Pradesh,Online,2022-01-10
MER00494,BookMyShow 494,Electronics,Surat,Gujarat,Offline,2022-08-06
MER00526,Myntra 526,Automotive,Delhi,Delhi,Offline,2023-05-04
MER00496,Myntra 496,Entertainment,Delhi,Delhi,Online,2025-10-31
MER00497,MakeMyTrip 497,Travel,Kolkata,West Bengal,Offline,2025-06-30
MER00498,BigBasket 498,Grocery,Noida,Uttar Pradesh,Online,2024-09-18
MER00499,Paytm 499,Fashion,Surat,Gujarat,Online,2024-01-08
MER00500,Amazon India 500,Education,Pune,Maharashtra,Online,2022-12-15
MER00501,Swiggy 501,Utilities,Delhi,Delhi,Offline,2023-07-09
MER00502,Reliance Digital 502,Automotive,Kolkata,West Bengal,Offline,2025-05-30
MER00503,Apollo Pharmacy 503,Restaurants,Noida,Uttar Pradesh,Online,2021-01-18
MER00504,BookMyShow 504,Ecommerce,Surat,Gujarat,Offline,2024-06-14
MER00505,Flipkart 505,Food Delivery,Pune,Maharashtra,Online,2025-11-20
MER00506,Myntra 506,Electronics,Delhi,Delhi,Offline,2024-03-22
MER00507,MakeMyTrip 507,Healthcare,Kolkata,West Bengal,Online,2025-09-05
MER00508,BigBasket 508,Entertainment,Noida,Uttar Pradesh,Online,2024-04-01
MER00509,Paytm 509,Travel,Surat,Gujarat,Offline,2024-05-28
MER00510,Amazon India 510,Grocery,Pune,Maharashtra,Online,2023-03-15
MER00511,Swiggy 511,Fashion,Delhi,Delhi,Offline,2024-01-03
MER00512,Reliance Digital 512,Education,KOLKATA,West Bengal,Online,2024-01-01
MER00513,Apollo Pharmacy 513,Utilities,Noida,Uttar Pradesh,Online,2023-03-16
MER00514,BookMyShow 514,Automotive,Surat,Gujarat,Offline,2025-01-26
MER00515,Flipkart 515,Restaurants,Pune,Maharashtra,Online,2021-03-12
MER00516,Myntra 516,Ecommerce, Delhi ,Delhi,Offline,2025-11-15
MER00517,MakeMyTrip 517,Food Delivery,Kolkata,West Bengal,Offline,2022-03-09
MER00518,BigBasket 518,Electronics,Noida,Uttar Pradesh,Offline,2022-01-23
MER00519,Paytm 519,Healthcare,Surat,Gujarat,Online,2023-08-12
MER00520,Amazon India 520,Entertainment,Pune,Maharashtra,Offline,2025-04-07
MER00521,Swiggy 521,Travel,Delhi,Delhi,Offline,2022-06-16
MER00522,Reliance Digital 522,Grocery,Kolkata,West Bengal,Online,2022-02-11
MER00523,Apollo Pharmacy 523,Fashion,Noida,Uttar Pradesh,Offline,2023-07-07
MER00524,BookMyShow 524,Education,Surat,Gujarat,Offline,2021-10-21
MER00525,Flipkart 525,Utilities,Pune,Maharashtra,Offline,2025-03-31
MER00526,Myntra 526,Automotive,Delhi,Delhi,Offline,2023-05-04
MER00527,MakeMyTrip 527,Restaurants,Kolkata,West Bengal,Offline,2021-03-20
MER00528,BigBasket 528,Ecommerce,Noida,Uttar Pradesh,Online,2021-10-27
MER00529,Paytm 529,Food Delivery,Surat,Gujarat,Offline,2021-04-27
MER00530,Amazon India 530,Electronics,Pune,Maharashtra,Online,2024-07-11
MER00531,Swiggy 531,Healthcare,Delhi,Delhi,Online,2024-10-26
MER00532,Reliance Digital 532,Entertainment,Kolkata,West Bengal,Online,2022-09-06
MER00533,Apollo Pharmacy 533,Travel,Noida, Uttar Pradesh ,Online,2024-07-20
MER00534,BookMyShow 534,Grocery,Surat,Gujarat,Offline,2024-08-11
MER00535,Flipkart 535,Fashion,Pune,Maharashtra,Online,2022-05-11
MER00536,Myntra 536,Education,,Delhi,Online,2022-10-05
MER00537,MakeMyTrip 537,Utilities,Kolkata,West Bengal,Offline,2022-09-26
MER00538,BigBasket 538,Automotive,Noida,Uttar Pradesh,Online,2025-08-09
MER00539,Paytm 539,Restaurants,Surat,Gujarat,Online,2021-12-04
MER00540,Amazon India 540,Ecommerce,Pune,Maharashtra,Online,2025-06-06
MER00541,Swiggy 541,Food Delivery,Delhi,Delhi,Online,2025-11-06
MER00542,Reliance Digital 542,Electronics,Kolkata,West Bengal,Online,2025-03-28
MER00543,Apollo Pharmacy 543,Healthcare,Noida,Uttar Pradesh,Online,2024-12-30
MER00544,BookMyShow 544,Entertainment,Surat,Gujarat,Offline,2023-12-27
MER00545,Flipkart 545,Travel,Pune,Maharashtra,Online,2022-02-13
MER00546,Myntra 546,Grocery,Delhi,Delhi,Online,2025-06-21
MER00547,MakeMyTrip 547,Fashion,Kolkata,West Bengal,Online,2023-12-06
MER00548,BigBasket 548,Education,Noida,Uttar Pradesh,Offline,2021-07-10
MER00549,Paytm 549,Utilities,Surat,Gujarat,Online,2021-12-04
MER00550,Amazon India 550,Automotive,Pune,Maharashtra,Offline,2024-05-03
MER00551,Swiggy 551,Restaurants,Delhi,Delhi,Online,2022-11-01
MER00552,Reliance Digital 552,Ecommerce,Kolkata,West Bengal,Online,2025-05-02
MER00553,Apollo Pharmacy 553,Food Delivery,Noida,Uttar Pradesh,Online,2025-04-28
MER00554,BookMyShow 554,Electronics,Surat,Gujarat,Online,2024-09-22
MER00555,Flipkart 555,Healthcare,Pune,Maharashtra,Online,2023-04-19
MER00556,Myntra 556,Entertainment,Delhi,Delhi,Online,2021-10-16
MER00557,MakeMyTrip 557,Travel,Kolkata,West Bengal,Online,2022-10-11
MER00558,BigBasket 558,Grocery,Noida,Uttar Pradesh,Online,2022-05-15
MER00559,Paytm 559,Fashion,Surat,Gujarat,Online,2022-01-13
MER00560,Amazon India 560,Education,Pune,Maharashtra,Online,2021-04-01
,Swiggy 561,Utilities,Delhi,Delhi,Offline,2025-02-20
MER00562,Reliance Digital 562,Automotive,Kolkata,West Bengal,Online,2025-10-19
,Apollo Pharmacy 563,Restaurants,Noida,Uttar Pradesh,Online,2022-07-06
MER00564,,Ecommerce,Surat,Gujarat,Offline,2024-10-26
MER00565,Flipkart 565,Food Delivery,Pune,Maharashtra,Offline,2023-05-12
MER00566,Myntra 566,Electronics,Delhi,Delhi,Online,2023-08-28
MER00567,MakeMyTrip 567,Healthcare,Kolkata,West Bengal,Online,2023-07-19
MER00568,BigBasket 568,Entertainment,Noida,Uttar Pradesh,Offline,2023-12-19
MER00569,Paytm 569,Travel,Surat,Gujarat,Offline,2023-04-18
MER00570,Amazon India 570,Grocery,Pune,Maharashtra,Offline,2025-06-13
MER00571,Swiggy 571,Fashion,Delhi,Delhi,Online,2023-09-16
MER00572,Reliance Digital 572,Education,Kolkata,West Bengal,Offline,2022-03-08
MER00573,Apollo Pharmacy 573,Utilities,Noida,Uttar Pradesh,Offline,2024-10-09
MER00574,BookMyShow 574,Automotive,Surat,Gujarat,Offline,2022-05-21
MER00575,Flipkart 575,Restaurants,Pune,Maharashtra,Offline,2021-07-18
MER00576,,Ecommerce,Delhi,Delhi,Online,2021-11-22
MER00577,MakeMyTrip 577,Food Delivery,Kolkata,West Bengal,Online,2021-05-01
MER00578,BigBasket 578,Electronics,Noida,Uttar Pradesh,Online,2024-05-19
,Paytm 579,Healthcare,Surat,Gujarat,Online,2025-10-19
MER00580,Amazon India 580,Entertainment,Pune,Maharashtra,Online,2022-10-23
,Swiggy 581,Travel,Delhi,Delhi,Online,2024-03-26
MER00582,Reliance Digital 582,Grocery,Kolkata,West Bengal,Offline,2022-11-02
MER00583,Apollo Pharmacy 583,Fashion,Noida,Uttar Pradesh,Online,2025-11-15
MER00584,BookMyShow 584,Education,surat,Gujarat,Offline,2023-05-14
MER00585,Flipkart 585,Utilities,Pune,Maharashtra,Online,2022-06-19
MER00586,Myntra 586,Automotive,Delhi,DELHI,Offline,2021-10-28
MER00587,MakeMyTrip 587,Restaurants,Kolkata,West Bengal,Online,2023-06-07
MER00588,BigBasket 588,Ecommerce,Noida,Uttar Pradesh,Online,
MER00589,Paytm 589,Food Delivery,Surat,Gujarat,Online,2021-04-13
MER00590,Amazon India 590,Electronics,Pune,Maharashtra,Online,2022-12-08
MER00591,Swiggy 591,Healthcare,Delhi,Delhi,Offline,2024-05-14
MER00592,Reliance Digital 592,Entertainment,Kolkata,,Online,2022-10-31
MER00593,Apollo Pharmacy 593,Travel,Noida,Uttar Pradesh,Online,2025-11-26
MER00594,BookMyShow 594,Grocery,Surat,Gujarat,Offline,2024-09-24
MER00595,Flipkart 595,Fashion,Pune,Maharashtra,Offline,2025-02-05
MER00596,Myntra 596,Education,Delhi,Delhi,Online,2023-10-06
MER00597,MakeMyTrip 597,Utilities,Kolkata,West Bengal,,2023-04-22
MER00598,BigBasket 598,Automotive,Noida,Uttar Pradesh,Offline,2022-09-20
MER00599,Paytm 599,Restaurants,Surat,Gujarat,Offline,2021-03-19
MER00600,Amazon India 600,Ecommerce,Pune,Maharashtra,Online,2022-12-11
MER00601,Swiggy 601,Food Delivery,Delhi,Delhi,Online,2024-01-06
MER00602,Reliance Digital 602,Electronics,Kolkata,West Bengal,Online,2023-04-09
MER00603,Apollo Pharmacy 603,Healthcare,Noida,Uttar Pradesh,Online,2021-03-03
MER00604,BookMyShow 604,Entertainment,Surat,Gujarat,Offline,2025-07-28
MER00605,Flipkart 605,Travel,Pune,Maharashtra,Online,2025-03-17
MER00606,,Grocery,Delhi,Delhi,Online,2021-08-07
MER00607,MakeMyTrip 607,Fashion,Kolkata,West Bengal,Online,2023-05-21
MER00608,BigBasket 608,Education,Noida,Uttar Pradesh,Offline,2024-10-16
MER00609,Paytm 609,Utilities,Surat,Gujarat,Online,2022-01-06
MER00610,,Automotive,Pune,Maharashtra,,2024-05-13
MER00611,Swiggy 611,Restaurants,Delhi,Delhi,Online,2022-05-29
MER00612,Reliance Digital 612,Ecommerce,Kolkata,West Bengal,Offline,2021-10-17
,Apollo Pharmacy 613,Food Delivery,Noida,uttar pradesh,Online,2021-06-26
MER00614,BookMyShow 614,Electronics,Surat,Gujarat,Online,2023-08-15
MER00615,Flipkart 615,Healthcare,Pune,Maharashtra,Offline,2023-11-05
MER00616,Myntra 616,Entertainment,Delhi,Delhi,Online,2022-08-20
MER07681,Swiggy 7681,Food Delivery,Delhi,Delhi,Offline,2025-09-28
MER00618,BigBasket 618,Grocery,Noida,Uttar Pradesh,Online,2024-06-05
MER00619,Paytm 619,Fashion,Surat,Gujarat,Online,2022-01-18
MER00620,Amazon India 620,Education,Pune,Maharashtra,Offline,2022-11-04
MER00621,Swiggy 621,Utilities,Delhi,Delhi,Online,2024-10-17
MER00622,Reliance Digital 622,Automotive,Kolkata,West Bengal,Online,2024-09-15
MER00623,Apollo Pharmacy 623,Restaurants,Noida,Uttar Pradesh,Online,2021-04-04
MER00624,BookMyShow 624,Ecommerce,Surat,Gujarat,Online,2025-07-21
MER00625,Flipkart 625,Food Delivery,,Maharashtra,Online,2021-06-04
MER00626,Myntra 626,Electronics,Delhi,Delhi,Online,2023-05-12
MER00627,MakeMyTrip 627,Healthcare,Kolkata,West Bengal,Offline,2023-08-29
MER00628,BigBasket 628,Entertainment,Noida,Uttar Pradesh,Offline,2022-12-29
MER00629,Paytm 629,Travel,Surat,,Online,
MER00630,Amazon India 630,Grocery,Pune,Maharashtra,Offline,2023-11-28
,Swiggy 631,Fashion,Delhi,Delhi,Offline,2024-12-29
MER00632,Reliance Digital 632,Education,Kolkata,West Bengal,Online,2021-07-25
MER00633,Apollo Pharmacy 633,Utilities,Noida,Uttar Pradesh,Offline,2024-10-02
MER00634,BookMyShow 634,Automotive,Surat,Gujarat,Offline,2023-10-19
MER00635,Flipkart 635,Restaurants,Pune,Maharashtra,Online,2024-01-28
MER00636,Myntra 636,Ecommerce,Delhi,Delhi,Online,2021-04-05
MER00637,MakeMyTrip 637,Food Delivery,Kolkata,West Bengal,Offline,2022-01-19
MER05728,BigBasket 5728,Entertainment,Noida,Uttar Pradesh,Online,2022-05-20
MER00639,Paytm 639,Healthcare,Surat,Gujarat,Offline,2024-06-21
MER00640,Amazon India 640,Entertainment,Pune,Maharashtra,Online,2022-05-30
MER00641,Swiggy 641,Travel,Delhi,Delhi,Online,2021-04-29
MER00642,Reliance Digital 642,Grocery,Kolkata,West Bengal,Offline,2021-09-28
MER00643,Apollo Pharmacy 643,Fashion,Noida,Uttar Pradesh,Online,2021-07-27
MER00644,BookMyShow 644,Education,Surat,Gujarat,Offline,2024-06-11
MER00645,Flipkart 645,Utilities,Pune,Maharashtra,Online,2023-10-02
MER00646,Myntra 646,Automotive,Delhi,Delhi,Online,2023-08-05
MER00647,MakeMyTrip 647,Restaurants,Kolkata,West Bengal,Online,2022-07-02
MER00648,BigBasket 648,Ecommerce,Noida,Uttar Pradesh,,2024-08-17
MER00649,Paytm 649,Food Delivery,Surat,Gujarat,Online,2024-01-16
MER00650,Amazon India 650,Electronics,Pune,Maharashtra,Online,2023-09-07
MER00651,Swiggy 651,Healthcare,Delhi,Delhi,Offline,2023-10-28
MER00652,Reliance Digital 652,Entertainment,Kolkata,West Bengal,Offline,2024-06-09
MER02762,Reliance Digital 2762,Electronics,Kolkata,West Bengal,Online,2021-07-12
MER00654,BookMyShow 654,Grocery,Surat,Gujarat,Online,2023-01-22
MER00655,Flipkart 655,Fashion,,Maharashtra,Online,2021-10-05
MER00656,Myntra 656,Education,Delhi,Delhi,Online,2023-03-15
MER00657,MakeMyTrip 657,Utilities,Kolkata,West Bengal,Online,2022-10-23
MER00658,BigBasket 658,Automotive,Noida,Uttar Pradesh,Online,2024-09-20
MER00659,Paytm 659,Restaurants,Surat,Gujarat,Offline,2021-06-04
MER00660,Amazon India 660,Ecommerce,Pune,Maharashtra,Online,2022-09-10
,Swiggy 661,Food Delivery,Delhi,Delhi,Online,2021-04-18
MER00662,Reliance Digital 662,Electronics,Kolkata,West Bengal,Online,2022-07-22
MER00663,Apollo Pharmacy 663,,Noida,Uttar Pradesh,Online,2025-07-28
MER00664,BookMyShow 664,Entertainment,Surat,Gujarat,Online,2023-08-02
MER00665,Flipkart 665,Travel,Pune,Maharashtra,Online,2024-05-05
MER00666,Myntra 666,Grocery,Delhi,Delhi,Offline,2021-12-10
MER00667,MakeMyTrip 667,Fashion,Kolkata,West Bengal,Offline,2025-05-24
MER00668,BigBasket 668,Education,Noida,Uttar Pradesh,Online,2024-05-29
MER00669,Paytm 669,Utilities,Surat,Gujarat,Online,2024-05-24
MER00670,Amazon India 670,Automotive,Pune,Maharashtra,Offline,2024-06-22
MER00671,Swiggy 671,Restaurants,Delhi,Delhi,Online,2024-05-17
MER00672,Reliance Digital 672,Ecommerce,Kolkata,West Bengal,Online,2024-11-30
MER00673,Apollo Pharmacy 673,Food Delivery,Noida,Uttar Pradesh,Offline,2021-08-30
MER00674,BookMyShow 674,Electronics,Surat,Gujarat,Online,2025-09-14
MER00675,Flipkart 675,Healthcare,Pune,Maharashtra,Offline,2022-10-19
MER00676,Myntra 676,Entertainment,Delhi,Delhi,Offline,2024-01-21
MER00677,MakeMyTrip 677,Travel,Kolkata,West Bengal,Online,2023-03-08
MER00678,BigBasket 678,Grocery,Noida,Uttar Pradesh,Online,2023-08-28
MER00679,Paytm 679,Fashion,Surat,Gujarat,Offline,2022-12-04
MER00680,Amazon India 680,Education,Pune,Maharashtra,Online,2024-10-31
MER00681,Swiggy 681,Utilities,Delhi,Delhi,Online,2021-12-06
MER00682,Reliance Digital 682,Automotive,Kolkata,West Bengal,Online,2022-10-08
MER00683,Apollo Pharmacy 683,Restaurants,Noida,Uttar Pradesh,OFFLINE,2021-08-31
MER00684,BookMyShow 684,Ecommerce,Surat,Gujarat,Online,2025-07-18
MER00685,Flipkart 685,Food Delivery,Pune,Maharashtra,Offline,2024-04-10
MER00686,Myntra 686,Electronics,Delhi,Delhi,Offline,2022-06-30
MER00687,MakeMyTrip 687,Healthcare,Kolkata,West Bengal,Online,2024-01-28
MER00688,BigBasket 688,Entertainment,Noida,Uttar Pradesh,Online,2024-02-24
MER00689,Paytm 689,Travel,Surat,Gujarat,Offline,2021-02-24
MER00690,Amazon India 690,Grocery,Pune,Maharashtra,Offline,2024-05-06
MER00691,Swiggy 691,Fashion,Delhi,delhi,Online,2024-01-10
MER00692,Reliance Digital 692,Education,Kolkata,West Bengal,Offline,2022-03-21
MER00693,Apollo Pharmacy 693,Utilities,Noida,Uttar Pradesh,Offline,2021-06-14
MER00694,BookMyShow 694,Automotive,Surat,Gujarat,Offline,2022-06-15
MER00695,Flipkart 695,Restaurants,Pune,Maharashtra,Offline,2024-06-26
MER00696,Myntra 696,Ecommerce,Delhi,Delhi,Offline,2021-07-26
MER00697,MakeMyTrip 697,Food Delivery,Kolkata,West Bengal,Offline,2022-03-06
MER00698,BigBasket 698,Electronics,Noida,Uttar Pradesh,Offline,
MER00699,Paytm 699,Healthcare,Surat,Gujarat,Online,2022-11-22
MER00700,Amazon India 700,Entertainment,Pune,Maharashtra,Offline,2021-04-22
MER00701,Swiggy 701,Travel,Delhi,Delhi,Offline,2025-05-20
MER00702,Reliance Digital 702,Grocery,Kolkata,West Bengal,Offline,2024-10-04
MER00703,Apollo Pharmacy 703,Fashion,Noida,Uttar Pradesh,Online,2021-05-25
MER00704,BookMyShow 704,Education,Surat,Gujarat,Online,2025-04-06
MER00705,Flipkart 705,Utilities,Pune,Maharashtra,Online,2024-02-03
MER00706,Myntra 706,Automotive,Delhi,Delhi,Offline,2022-01-14
MER00707,MakeMyTrip 707,Restaurants,Kolkata,West Bengal,Online,2023-02-16
MER00708,BigBasket 708,Ecommerce,Noida,Uttar Pradesh,Online,2021-06-09
MER00709,Paytm 709,Food Delivery,surat,Gujarat,Online,2024-04-17
MER00710,Amazon India 710,Electronics,Pune,Maharashtra,Online,2022-11-06
MER00711,Swiggy 711,Healthcare,Delhi,Delhi,Online,2024-02-13
MER00712,Reliance Digital 712,Entertainment,Kolkata,West Bengal,Offline,2024-12-17
MER00713,Apollo Pharmacy 713,Travel,Noida,Uttar Pradesh,Online,2021-04-08
MER00714,BookMyShow 714,Grocery,Surat,Gujarat,Online,2024-07-06
MER00715,Flipkart 715,Fashion,Pune,Maharashtra,Online,2021-02-07
MER00716,Myntra 716,Education,Delhi,Delhi,Offline,2024-04-25
MER00717,MakeMyTrip 717,Utilities,Kolkata,West Bengal,Online,2022-10-14
MER00718,BigBasket 718,Automotive,Noida,Uttar Pradesh,Online,2022-10-17
MER00719,Paytm 719,Restaurants,Surat,Gujarat,Online,2023-07-02
MER00720,Amazon India 720,Ecommerce,,Maharashtra,Online,2025-10-27
MER00721,Swiggy 721,Food Delivery,Delhi,Delhi,Online,2022-10-14
MER00722,Reliance Digital 722,Electronics,Kolkata,West Bengal,Online,2023-02-28
MER00723,Apollo Pharmacy 723,Healthcare,Noida,Uttar Pradesh,unknown,2025-02-03
MER00724,BookMyShow 724,Entertainment,Surat,Gujarat,Offline,2023-05-05
MER00725,Flipkart 725,Travel,Pune,Maharashtra,Offline,2023-09-26
MER00726,Myntra 726,Grocery,Delhi,Delhi,Online,2024-03-15
MER00727,MakeMyTrip 727,Fashion,Kolkata,West Bengal,Online,2023-09-29
MER00728,BigBasket 728,Education,Noida,Uttar Pradesh,Online,2021-02-04
MER00729,Paytm 729,Utilities,Surat,Gujarat,Online,2023-09-21
MER00730,Amazon India 730,Automotive,Pune,Maharashtra,Online,2023-12-01
,Swiggy 731,Restaurants,Delhi,Delhi,Online,2022-01-02
MER00732,Reliance Digital 732,Ecommerce,Kolkata,West Bengal,Offline,2025-09-12
MER00733,Apollo Pharmacy 733,Food Delivery,Noida,Uttar Pradesh,Online,2024-12-23
MER00734,BookMyShow 734,Electronics,Surat,Gujarat,Offline,2024-10-19
MER00735,Flipkart 735,Healthcare,Pune,Maharashtra,Online,2024-03-28
MER00736,Myntra 736,Entertainment,Delhi,,Online,2021-08-15
MER00737,MakeMyTrip 737,Travel,Kolkata,West Bengal,Online,2022-01-14
MER00738,BigBasket 738,Grocery,noida,Uttar Pradesh,Online,2022-08-06
MER00739,Paytm 739,Fashion,Surat,Gujarat,Online,2021-06-22
MER00740,Amazon India 740,Education,Pune,Maharashtra,Online,2025-12-05
MER00741,Swiggy 741,Utilities,Delhi,Delhi,Online,2025-10-12
MER00742,Reliance Digital 742,Automotive,Kolkata,West Bengal,Online,2021-09-14
MER00743,Apollo Pharmacy 743,Restaurants,Noida,Uttar Pradesh,Offline,2022-03-01
MER00744,BookMyShow 744,,Surat,Gujarat,Online,2021-06-04
MER00745,Flipkart 745,Food Delivery,Pune,Maharashtra,Offline,2022-07-11
MER00746,Myntra 746,Electronics,Delhi,Delhi,Offline,2022-06-12
MER00747,MakeMyTrip 747,Healthcare,Kolkata,West Bengal,Online,2022-03-25
MER00748,BigBasket 748,Entertainment,Noida,Uttar Pradesh,Online,2021-08-18
MER00749,Paytm 749,Travel,Surat,Gujarat,Online,2024-02-04
MER00750,Amazon India 750,Grocery,Pune,Maharashtra,Online,2024-07-02
MER00751,Swiggy 751,Fashion,Delhi,Delhi,Online,2024-04-19
MER00752,Reliance Digital 752,Education,Kolkata,West Bengal,Online,2021-11-29
MER00753,Apollo Pharmacy 753,Utilities,Noida,Uttar Pradesh,Online,2022-08-11
MER00754,BookMyShow 754,Automotive,Surat,Gujarat,Offline,2023-09-08
MER00755,Flipkart 755,Restaurants,Pune,Maharashtra,Online,2021-05-22
MER00756,Myntra 756,Ecommerce,Delhi,Delhi,Online,2024-11-16
MER00757,MakeMyTrip 757,Food Delivery,Kolkata,West Bengal,Online,2025-04-30
MER00758,BigBasket 758,Electronics,Noida,Uttar Pradesh,Online,2025-01-13
MER00759,Paytm 759,Healthcare,Surat,Gujarat,Online,2023-06-19
MER00760,Amazon India 760,Entertainment,Pune,Maharashtra,Offline,2024-12-16
MER00761,Swiggy 761,,Delhi,Delhi,Offline,2021-03-17
MER00762,Reliance Digital 762,Grocery,Kolkata,West Bengal,Offline,2025-03-12
MER00763,Apollo Pharmacy 763,Fashion,Noida,Uttar Pradesh,Offline,2024-04-15
MER00764,BookMyShow 764,Education,Surat,Gujarat,online,2023-09-13
MER00765,Flipkart 765,Utilities,Pune,Maharashtra,OFFLINE,2021-03-15
MER00766,Myntra 766,Automotive,Delhi,Delhi,Online,2023-12-05
MER00767,MakeMyTrip 767,Restaurants,Kolkata,West Bengal,Offline,2025-04-05
MER00768,BigBasket 768,Ecommerce,Noida,Uttar Pradesh,Online,2024-12-20
MER00769,Paytm 769,Food Delivery,Surat,Gujarat,Online,2024-02-04
,Amazon India 770,Electronics,Pune,Maharashtra,Offline,2025-02-25
MER00771,Swiggy 771,Healthcare,Delhi,Delhi,Online,2025-06-04
MER00772,Reliance Digital 772,Entertainment,Kolkata,West Bengal,Offline,2023-09-10
MER00773,Apollo Pharmacy 773,Travel,Noida,Uttar Pradesh,Online,2021-09-19
MER00774,BookMyShow 774,Grocery,Surat,Gujarat, Online ,2025-08-20
MER00775,Flipkart 775,Fashion,,Maharashtra,Online,2021-04-02
MER00776,Myntra 776,Education,Delhi,Delhi,Offline,2021-06-29
MER00777,MakeMyTrip 777,Utilities,Kolkata,West Bengal,Online,2022-12-03
MER00778,BigBasket 778,Automotive,Noida,Uttar Pradesh,Offline,2022-04-07
MER00779,Paytm 779,Restaurants,Surat,Gujarat,Online,2024-10-05
MER00780,Amazon India 780,Ecommerce,Pune,Maharashtra,,2022-10-03
MER00781,Swiggy 781,Food Delivery,DELHI,Delhi,Online,2022-10-27
MER00782,Reliance Digital 782,Electronics,Kolkata,West Bengal,Online,2022-01-01
MER00783,Apollo Pharmacy 783,Healthcare,Noida,Uttar Pradesh,Offline,2021-04-05
MER00784,BookMyShow 784,Entertainment,Surat,Gujarat,Online,2025-07-30
MER00785,Flipkart 785,Travel,pune,Maharashtra,Online,2025-10-09
MER00786,Myntra 786,Grocery,Delhi,Delhi,Online,2022-05-09
MER00787,MakeMyTrip 787,Fashion,Kolkata,West Bengal,Online,2025-05-15
MER00788,BigBasket 788,Education,Noida,Uttar Pradesh,Online,2025-07-03
MER00789,Paytm 789,Utilities,Surat,Gujarat,Offline,
MER00790,Amazon India 790,Automotive,Pune,Maharashtra,Online,
MER00791,Swiggy 791,Restaurants,Delhi,Delhi,Online,2022-06-08
MER00792,Reliance Digital 792,Ecommerce,Kolkata,West Bengal,Online,2025-10-29
MER00793,Apollo Pharmacy 793,Food Delivery,Noida,Uttar Pradesh,Online,2022-02-14
MER00794,BookMyShow 794,Electronics,Surat,Gujarat,unknown,2024-03-30
MER00795,Flipkart 795,Healthcare,Pune,Maharashtra,Online,2025-01-28
MER00796,Myntra 796,Entertainment,Delhi,Delhi,Online,2022-04-15
MER00797,MakeMyTrip 797,Travel,Kolkata,West Bengal,Online,2025-03-24
MER00798,BigBasket 798,Grocery,Noida,Uttar Pradesh,Online,2021-08-21
MER00799,Paytm 799,Fashion,Surat,Gujarat,Online,2024-04-23
MER00800,Amazon India 800,Education,Pune,Maharashtra,Offline,2023-09-30
MER00801,Swiggy 801,Utilities,Delhi,Delhi,Online,2022-01-11
MER00802,Reliance Digital 802,Automotive,Kolkata,West Bengal,Offline,2021-11-19
MER00803,Apollo Pharmacy 803,Restaurants,Noida,Uttar Pradesh,Online,2023-04-26
MER00804,BookMyShow 804,Ecommerce,Surat, Gujarat ,Online,2024-01-26
MER00805,Flipkart 805,Food Delivery,Pune,Maharashtra,,2022-05-17
MER00806,Myntra 806,Electronics,,Delhi,Online,2024-10-30
MER00807,MakeMyTrip 807,Healthcare,Kolkata,West Bengal,Online,2023-12-02
MER00808,BigBasket 808,Entertainment,Noida,Uttar Pradesh,Offline,2023-06-19
MER00809,Paytm 809,Travel,Surat,Gujarat,Offline,2025-01-22
MER00810,Amazon India 810,Grocery,Pune,Maharashtra,Online,2025-08-26
MER00811,Swiggy 811,Fashion,Delhi,Delhi,Offline,2023-08-20
MER00812,Reliance Digital 812,Education,Kolkata,West Bengal,Offline,2025-02-16
MER00813,Apollo Pharmacy 813,Utilities,Noida,Uttar Pradesh,Online,2022-02-02
MER00814,BookMyShow 814,Automotive,,Gujarat, Online ,2024-11-02
MER00815,Flipkart 815,Restaurants, Pune ,Maharashtra,Offline,2021-09-19
MER00816,Myntra 816,Ecommerce,Delhi,Delhi,Online,2021-06-23
,MakeMyTrip 817,Food Delivery,Kolkata,West Bengal,Online,2025-01-21
MER00818,BigBasket 818,Electronics,Noida,Uttar Pradesh,Offline,2021-05-08
MER00819,Paytm 819,Healthcare,Surat,Gujarat,Online,2024-03-24
MER00820,Amazon India 820,Entertainment,Pune,Maharashtra,Offline,2021-03-04
MER00821,Swiggy 821,Travel,Delhi,Delhi,Offline,2021-10-28
MER00822,Reliance Digital 822,Grocery,Kolkata,West Bengal,Offline,2021-01-13
MER00823,Apollo Pharmacy 823,Fashion,Noida, Uttar Pradesh ,Offline,2025-06-30
MER00824,BookMyShow 824,Education,Surat,Gujarat,Online,2022-09-16
MER00825,Flipkart 825,Utilities,Pune,Maharashtra,Online,2024-06-03
MER00826,Myntra 826,Automotive,Delhi,Delhi,Offline,2021-09-24
MER00827,MakeMyTrip 827,Restaurants,Kolkata,West Bengal,Online,2023-10-25
MER00828,BigBasket 828,,Noida,Uttar Pradesh,Offline,2023-03-10
MER00829,Paytm 829,Food Delivery,Surat,Gujarat,Online,2023-10-23
MER00830,Amazon India 830,Electronics,Pune,Maharashtra,Online,2021-09-26
MER00831,Swiggy 831,Healthcare,Delhi,Delhi,OFFLINE,2023-04-14
MER00832,Reliance Digital 832,Entertainment,Kolkata,West Bengal,Online,2024-09-09
MER00833,Apollo Pharmacy 833,Travel,Noida,Uttar Pradesh,Online,2023-01-15
MER00834,BookMyShow 834,Grocery,Surat,Gujarat,Offline,2024-07-14
MER00835,Flipkart 835,Fashion,Pune,Maharashtra,Online,2024-04-17
MER00836,Myntra 836,Education,Delhi,Delhi,Online,2021-03-25
MER00837,MakeMyTrip 837,Utilities,Kolkata,West Bengal,Online,2023-01-29
MER00838,BigBasket 838,Automotive,Noida,Uttar Pradesh,Online,2024-11-19
MER00839,Paytm 839,Restaurants,Surat,Gujarat,Online,2023-10-17
MER00840,Amazon India 840,Ecommerce,Pune,Maharashtra,Offline,2023-05-23
MER00841,Swiggy 841,Food Delivery,Delhi,DELHI,Online,2022-08-20
MER00842,Reliance Digital 842,Electronics,kolkata,West Bengal,Online,2025-02-07
MER00843,Apollo Pharmacy 843,Healthcare,Noida,Uttar Pradesh,Online,2021-12-21
MER00844,BookMyShow 844,Entertainment,Surat,Gujarat,Offline,2021-05-19
MER00845,Flipkart 845,Travel,Pune,Maharashtra,Offline,2023-11-06
MER00846,Myntra 846,Grocery,Delhi,Delhi,Online,2021-08-19
MER00847,MakeMyTrip 847,Fashion,Kolkata,West Bengal,Offline,2025-01-09
MER00848,BigBasket 848,Education,Noida,Uttar Pradesh,Offline,2024-07-10
MER00849,Paytm 849,Utilities,Surat,Gujarat,Offline,2022-07-17
MER00850,Amazon India 850,Automotive,Pune,Maharashtra,Offline,2024-08-05
MER00851,,Restaurants,Delhi,Delhi,Online,2025-11-12
MER00852,Reliance Digital 852,Ecommerce,Kolkata,West Bengal,Offline,2025-10-11
MER00853,Apollo Pharmacy 853,Food Delivery,Noida,Uttar Pradesh,Online,2023-08-06
MER00854,BookMyShow 854,Electronics,Surat,Gujarat,Online,2024-09-18
MER00855,Flipkart 855,Healthcare,Pune,Maharashtra,Offline,2023-07-31
MER05219,Paytm 5219,Restaurants,Surat,Gujarat,Online,2023-06-23
MER00857,MakeMyTrip 857,Travel,KOLKATA,West Bengal,Online,2022-12-14
MER00858,BigBasket 858,Grocery,,Uttar Pradesh,Online,2021-10-04
MER00859,Paytm 859,Fashion,Surat,Gujarat,Offline,2025-03-27
MER00860,Amazon India 860,Education,Pune,Maharashtra,Offline,2023-09-04
MER00861,Swiggy 861,Utilities,Delhi,Delhi,Online,2021-11-08
MER00862,Reliance Digital 862,Automotive,Kolkata,West Bengal,Offline,2025-11-24
MER00863,Apollo Pharmacy 863,Restaurants,Noida,Uttar Pradesh,Online,2021-06-18
MER00864,BookMyShow 864,Ecommerce,Surat,Gujarat,Offline,2023-01-22
MER00865,Flipkart 865,Food Delivery,Pune,Maharashtra,Online,2023-03-08
MER00866,Myntra 866,Electronics,Delhi,Delhi,Online,2022-11-14
MER00867,MakeMyTrip 867,Healthcare,Kolkata,West Bengal,Online,2025-01-19
MER00868,BigBasket 868,Entertainment,Noida,Uttar Pradesh,Online,2024-05-24
MER00869,Paytm 869,Travel,Surat,Gujarat,Offline,2024-08-31
MER00870,Amazon India 870,Grocery,Pune,Maharashtra,Offline,2022-08-28
MER00871,Swiggy 871,Fashion,Delhi,Delhi,Online,2022-08-20
MER00872,Reliance Digital 872,Education,Kolkata,West Bengal,Online,2021-09-01
MER00873,Apollo Pharmacy 873,Utilities,Noida,Uttar Pradesh,Online,2022-04-22
MER00874,BookMyShow 874,Automotive,Surat,Gujarat,Online,2024-03-30
MER00875,Flipkart 875,Restaurants,Pune,Maharashtra,Offline,2024-07-16
MER00876,Myntra 876,Ecommerce,Delhi,Delhi,Offline,2025-07-08
MER00877,MakeMyTrip 877,Food Delivery,Kolkata,West Bengal,Offline,2024-01-26
MER00878,BigBasket 878,Electronics,Noida,Uttar Pradesh,Offline,
MER00879,Paytm 879,Healthcare,Surat,Gujarat,Online,2022-09-19
MER00880,Amazon India 880,Entertainment,Pune,Maharashtra,Online,2022-01-26
MER00881,Swiggy 881,Travel,Delhi,Delhi,Online,2022-05-17
MER00882,Reliance Digital 882,Grocery,Kolkata,West Bengal,Offline,2021-06-06
MER00883,Apollo Pharmacy 883,Fashion,Noida,Uttar Pradesh,Offline,2021-03-09
MER00884,BookMyShow 884,Education,Surat,Gujarat,Offline,2024-09-06
MER00885,Flipkart 885,Utilities,Pune,Maharashtra,Offline,2024-01-20
MER00886,Myntra 886,Automotive,Delhi,Delhi,Online,2021-01-15
MER00887,MakeMyTrip 887,Restaurants,Kolkata,west bengal,online,2021-01-24
MER00888,BigBasket 888,Ecommerce,Noida,Uttar Pradesh,Online,2022-08-18
MER00889,Paytm 889,Food Delivery,Surat,Gujarat,Online,2023-03-06
MER00890,Amazon India 890,,Pune,Maharashtra,Offline,2023-08-22
MER00891,Swiggy 891,Healthcare,Delhi,Delhi,Offline,2022-07-20
MER00892,,Entertainment,Kolkata,West Bengal,Offline,2021-09-02
MER00893,Apollo Pharmacy 893,Travel,Noida,Uttar Pradesh,Online,2024-05-17
MER00894,BookMyShow 894,Grocery,Surat,Gujarat,Online,2024-03-31
MER00895,Flipkart 895,,Pune,Maharashtra,Online,2022-11-19
MER00896,Myntra 896,Education,Delhi,Delhi,Offline,2024-09-20
MER00897,MakeMyTrip 897,Utilities,Kolkata,West Bengal,Online,2025-10-07
MER00898,BigBasket 898,,Noida,Uttar Pradesh,Online,2024-09-20
MER00899,Paytm 899,Restaurants,Surat,Gujarat,Online,2023-02-28
MER00900,Amazon India 900,Ecommerce,Pune,Maharashtra,Online,2023-02-06
MER00901,Swiggy 901,Food Delivery,Delhi,Delhi,Online,2023-02-25
MER00902,Reliance Digital 902,Electronics,Kolkata,West Bengal,Online,2021-02-24
MER00903,Apollo Pharmacy 903,Healthcare,Noida,Uttar Pradesh,unknown,2025-01-18
MER00904,BookMyShow 904,Entertainment,Surat,Gujarat,Offline,2025-06-10
MER00905,Flipkart 905,Travel,Pune,Maharashtra,Online,2024-02-14
MER00906,Myntra 906,Grocery,Delhi,delhi,Online,2021-10-23
MER00907,MakeMyTrip 907,Fashion,Kolkata,West Bengal,Online,2022-09-21
MER00908,BigBasket 908,Education,Noida,Uttar Pradesh,Offline,2025-09-30
MER00909,Paytm 909,Utilities,Surat,Gujarat,Online,2023-09-28
MER00910,Amazon India 910,Automotive,Pune,Maharashtra,Offline,2022-07-10
,Swiggy 911,Restaurants,Delhi,Delhi,Online,2024-07-21
MER00912,Reliance Digital 912,Ecommerce,Kolkata,West Bengal,Online,
MER00913,Apollo Pharmacy 913,Food Delivery,Noida,Uttar Pradesh,Online,2025-03-20
MER00914,BookMyShow 914,Electronics,Surat,Gujarat,Offline,2023-08-22
MER00915,Flipkart 915,Healthcare,Pune,Maharashtra,Offline,2024-04-06
MER00916,Myntra 916,Entertainment,Delhi,Delhi,Offline,2022-03-08
MER00917,MakeMyTrip 917,Travel,Kolkata,West Bengal,Offline,2021-05-13
MER00918,BigBasket 918,Grocery,Noida,Uttar Pradesh,Online,2021-12-09
MER00919,Paytm 919,,Surat,Gujarat,Offline,2025-10-06
MER00920,Amazon India 920,Education,Pune,Maharashtra,Online,
MER00921,Swiggy 921,Utilities,Delhi,Delhi,Online,2021-12-12
MER00922,Reliance Digital 922,Automotive,Kolkata,West Bengal,Offline,2025-02-03
MER00923,Apollo Pharmacy 923,Restaurants,Noida,Uttar Pradesh,Online,2023-11-06
MER00924,BookMyShow 924,Ecommerce,Surat,Gujarat,Online,2022-06-15
MER00925,Flipkart 925,Food Delivery,Pune,Maharashtra,Online,2024-02-05
MER00926,Myntra 926,Electronics,Delhi,Delhi,Offline,2021-10-07
MER00927,MakeMyTrip 927,Healthcare,Kolkata,West Bengal,Online,2022-11-22
MER00928,BigBasket 928,Entertainment,Noida,Uttar Pradesh,Offline,2022-09-16
MER00929,Paytm 929,Travel,Surat,Gujarat,Online,2021-09-16
MER00930,Amazon India 930,Grocery,Pune,Maharashtra,Offline,2024-02-07
MER00931,Swiggy 931,Fashion,Delhi,Delhi,Offline,2021-10-21
MER00932,Reliance Digital 932,Education,Kolkata,West Bengal,Online,2021-10-29
MER00933,Apollo Pharmacy 933,Utilities,Noida,Uttar Pradesh,Online,2024-03-21
,BookMyShow 934,Automotive,Surat,Gujarat,Offline,2021-09-28
MER00935,Flipkart 935,Restaurants,Pune,Maharashtra,Online,2023-05-22
MER00936,Myntra 936,Ecommerce,Delhi,Delhi,online,2022-12-01
MER01028,BigBasket 1028,Education,Noida,uttar pradesh,Online,2024-02-16
MER00938,BigBasket 938,Electronics,Noida,Uttar Pradesh,Online,2024-05-09
MER00939,Paytm 939,Healthcare,Surat,Gujarat,Offline,2022-04-27
MER00940,Amazon India 940,Entertainment, Pune ,Maharashtra,Online,2022-03-08
MER00941,Swiggy 941,Travel,Delhi,Delhi,Online,2023-01-20
MER00942,Reliance Digital 942,Grocery,Kolkata,West Bengal,Online,2021-06-09
MER00943,Apollo Pharmacy 943,Fashion,Noida,Uttar Pradesh,Offline,2023-12-21
MER00944,BookMyShow 944,Education,Surat,Gujarat,Online,2023-03-31
MER00945,Flipkart 945,Utilities,Pune,Maharashtra,Online,2021-08-04
MER00946,Myntra 946,Automotive,Delhi,Delhi,Online,2023-02-15
MER00947,MakeMyTrip 947,Restaurants,Kolkata,West Bengal,Online,2024-01-07
MER00948,BigBasket 948,Ecommerce,Noida,Uttar Pradesh,Online,2023-04-04
MER00949,Paytm 949,Food Delivery,Surat,Gujarat,Online,2022-03-26
MER00950,Amazon India 950,Electronics,Pune,Maharashtra,Online,2024-08-08
MER00951,Swiggy 951,Healthcare,Delhi, Delhi ,Offline,2021-01-07
MER00952,Reliance Digital 952,Entertainment,Kolkata,West Bengal,Online,2024-11-10
MER00953,Apollo Pharmacy 953,Travel,Noida,Uttar Pradesh,Online,2022-01-15
MER00954,BookMyShow 954,Grocery,Surat,gujarat,Online,2025-10-09
MER00955,Flipkart 955,Fashion,Pune,Maharashtra,Online,2025-04-12
MER00956,Myntra 956,Education,Delhi, Delhi ,Offline,2023-01-09
MER00957,MakeMyTrip 957,Utilities,Kolkata,West Bengal,Online,2022-02-28
MER00958,BigBasket 958,Automotive,Noida,Uttar Pradesh,Online,2024-03-09
MER00959,Paytm 959,Restaurants,Surat,Gujarat,Online,2025-09-01
MER00960,Amazon India 960,Ecommerce,Pune,Maharashtra,Online,2024-09-11
MER00961,Swiggy 961,Food Delivery,Delhi,Delhi,Offline,2021-02-14
MER00962,Reliance Digital 962,Electronics,Kolkata,West Bengal,Offline,2022-05-15
MER00963,Apollo Pharmacy 963,Healthcare,Noida,,Offline,2023-09-14
MER00964,BookMyShow 964,Entertainment,Surat,Gujarat,Online,2023-10-21
MER00965,Flipkart 965,Travel,Pune,Maharashtra,Offline,2023-05-05
MER00966,Myntra 966,Grocery,Delhi,Delhi,Online,2021-11-18
MER00967,MakeMyTrip 967,Fashion,Kolkata,West Bengal,Online,2025-04-24
MER00968,BigBasket 968,Education,Noida,Uttar Pradesh,Online,2024-04-07
MER00969,Paytm 969,Utilities,Surat,Gujarat,Online,2024-07-21
MER00970,Amazon India 970,Automotive,Pune,Maharashtra,Online,2023-05-11
MER00975,Flipkart 975,Healthcare,Pune,Maharashtra,Online,2021-05-30
MER00972,Reliance Digital 972,Ecommerce,Kolkata,West Bengal,Online,2025-07-30
MER00973,,Food Delivery,Noida,Uttar Pradesh,Online,2021-01-31
MER00974,BookMyShow 974,Electronics,Surat,Gujarat,Offline,2023-03-17
MER00975,Flipkart 975,Healthcare,Pune,Maharashtra,Online,2021-05-30
MER00976,Myntra 976,Entertainment,Delhi,Delhi,Offline,2021-10-19
MER00977,MakeMyTrip 977,Travel,Kolkata,West Bengal,,2021-06-25
MER00978,BigBasket 978,Grocery,Noida,,Online,2024-07-11
MER00979,Paytm 979,Fashion,Surat,Gujarat,Offline,2022-11-14
MER00980,Amazon India 980,Education,Pune,Maharashtra,Online,2022-04-21
MER00981,Swiggy 981,Utilities,Delhi,Delhi,Offline,2021-09-26
MER00982,Reliance Digital 982,Automotive,Kolkata,West Bengal,Online,2021-05-11
MER00983,Apollo Pharmacy 983,Restaurants,Noida,Uttar Pradesh,Online,2023-02-26
MER00984,BookMyShow 984,Ecommerce,Surat,Gujarat,Online,2025-09-13
MER06352,Reliance Digital 6352,Entertainment,Kolkata,West Bengal,Online,2021-04-05
MER00986,Myntra 986,Electronics,Delhi, Delhi ,Offline,2022-08-17
MER00987,MakeMyTrip 987,Healthcare,Kolkata,West Bengal,Online,2022-11-09
MER00988,BigBasket 988,Entertainment,Noida, Uttar Pradesh ,Online,2021-02-22
MER00989,Paytm 989,Travel,Surat,Gujarat,Offline,2022-07-20
MER00990,Amazon India 990,Grocery,Pune,Maharashtra,Online,2022-10-09
MER00991,Swiggy 991,Fashion,Delhi,Delhi,Offline,2025-08-11
MER00992,Reliance Digital 992,Education,Kolkata,West Bengal,Online,2022-10-15
MER00993,Apollo Pharmacy 993,Utilities,Noida,Uttar Pradesh,Online,2021-04-24
MER00994,BookMyShow 994,Automotive,Surat,Gujarat,Online,2025-07-10
MER00995,Flipkart 995,Restaurants, Pune ,Maharashtra,Offline,2024-06-21
MER00996,Myntra 996,Ecommerce,Delhi,Delhi,Online,2023-11-21
MER00997,MakeMyTrip 997,Food Delivery,Kolkata,West Bengal,Offline,2024-11-26
MER08931,Swiggy 8931,Healthcare,Delhi,Delhi,,2023-04-16
MER00999,Paytm 999,Healthcare,Surat, Gujarat ,Online,2022-12-15
MER01000,Amazon India 1000,Entertainment,Pune,Maharashtra,Online,2022-06-22
MER01001,Swiggy 1001,Travel,Delhi,Delhi,Online,2024-09-03
MER01002,Reliance Digital 1002,Grocery,Kolkata,West Bengal,Offline,2025-10-18
MER01003,Apollo Pharmacy 1003,Fashion,Noida,Uttar Pradesh,Online,2024-06-29
MER01004,BookMyShow 1004,Education,Surat,Gujarat,Offline,2025-07-19
MER01005,Flipkart 1005,Utilities,Pune,Maharashtra,Online,2023-03-07
MER01006,Myntra 1006,Automotive,Delhi,Delhi,Online,2022-11-06
MER01007,MakeMyTrip 1007,Restaurants,KOLKATA,West Bengal,Online,2021-11-01
MER01008,BigBasket 1008,Ecommerce,Noida,Uttar Pradesh,Online,2025-09-16
MER01009,Paytm 1009,Food Delivery,Surat,Gujarat,Online,2022-09-08
MER01010,Amazon India 1010,Electronics,Pune,Maharashtra,Offline,2022-06-25
MER01011,Swiggy 1011,Healthcare,Delhi,Delhi,Offline,2022-08-05
MER01012,Reliance Digital 1012,Entertainment,Kolkata,West Bengal,Online,2021-08-31
MER01013,Apollo Pharmacy 1013,Travel,Noida,Uttar Pradesh,Online,2025-11-16
MER01014,BookMyShow 1014,Grocery,Surat,Gujarat,Online,2021-01-31
MER01015,Flipkart 1015,Fashion,Pune,Maharashtra,unknown,2023-11-03
MER01016,Myntra 1016,Education,Delhi,Delhi,Online,2021-10-03
MER01017,MakeMyTrip 1017,Utilities,Kolkata,West Bengal,Offline,2022-06-26
MER01018,BigBasket 1018,Automotive,Noida,Uttar Pradesh,Offline,2022-07-30
MER01019,Paytm 1019,Restaurants,Surat,Gujarat,Offline,2023-02-09
MER01020,Amazon India 1020,Ecommerce,Pune,Maharashtra,Online,2023-07-06
MER01021,Swiggy 1021,Food Delivery,Delhi,Delhi,Online,2023-04-20
MER01022,Reliance Digital 1022,Electronics,Kolkata,West Bengal,Offline,2025-04-09
MER01023,Apollo Pharmacy 1023,Healthcare,Noida,Uttar Pradesh,Online,2021-09-01
MER01024,BookMyShow 1024,Entertainment,Surat,Gujarat,Online,2024-04-22
MER01025,Flipkart 1025,Travel,Pune,Maharashtra,Offline,2024-09-19
MER01026,Myntra 1026,Grocery,Delhi,Delhi,Online,2024-04-25
MER01027,MakeMyTrip 1027,Fashion,Kolkata,West Bengal,Offline,2022-08-29
MER01028,BigBasket 1028,Education,Noida,uttar pradesh,Online,2024-02-16
,Paytm 1029,Utilities,Surat,Gujarat,Offline,2025-03-21
MER01030,Amazon India 1030,Automotive,Pune,Maharashtra,Online,2025-08-25
MER01031,Swiggy 1031,Restaurants,Delhi,Delhi,Offline,2025-03-21
MER01032,Reliance Digital 1032,Ecommerce,Kolkata,West Bengal,Online,2024-10-10
MER01033,Apollo Pharmacy 1033,Food Delivery,Noida,Uttar Pradesh,Online,2025-03-25
MER01034,BookMyShow 1034,Electronics,Surat,Gujarat,Offline,2024-12-27
MER01035,Flipkart 1035,Healthcare,Pune,Maharashtra,Online,2021-01-21
MER01036,Myntra 1036,Entertainment,Delhi,Delhi,Offline,2021-03-24
MER01037,MakeMyTrip 1037,Travel,Kolkata,West Bengal,Online,2024-07-10
MER01038,BigBasket 1038,Grocery,Noida,Uttar Pradesh,Offline,2022-09-10
MER01039,Paytm 1039,Fashion,Surat,Gujarat,Online,2024-09-30
MER01040,Amazon India 1040,Education,Pune,Maharashtra,Offline,2021-05-14
MER01041,Swiggy 1041,Utilities,Delhi,Delhi,Offline,2025-06-15
MER01042,Reliance Digital 1042,Automotive,Kolkata,West Bengal,Online,2021-05-22
MER01043,Apollo Pharmacy 1043,Restaurants,Noida,Uttar Pradesh,Online,2023-08-06
MER01044,BookMyShow 1044,,Surat,Gujarat,Offline,2023-11-19
MER01045,Flipkart 1045,Food Delivery,Pune,Maharashtra,Online,2024-06-17
MER01046,Myntra 1046,Electronics,Delhi,Delhi,Online,2025-01-02
MER01047,MakeMyTrip 1047,Healthcare,Kolkata,West Bengal,Online,2023-07-06
MER01048,BigBasket 1048,Entertainment,Noida,Uttar Pradesh,Online,2023-08-06
MER01049,Paytm 1049,Travel,Surat,Gujarat,Online,2023-04-26
MER01050,Amazon India 1050,Grocery,Pune,Maharashtra,Online,2024-02-16
MER01051,Swiggy 1051,Fashion,Delhi,Delhi,Online,2021-07-02
MER01052,Reliance Digital 1052,Education,Kolkata,West Bengal,Online,2022-06-29
MER01053,Apollo Pharmacy 1053,Utilities,Noida,Uttar Pradesh,Online,2022-05-24
MER01054,BookMyShow 1054,Automotive,Surat,Gujarat,Offline,2021-11-03
MER01055,Flipkart 1055,Restaurants,Pune,Maharashtra,Online,2025-01-17
MER01056,Myntra 1056,Ecommerce,Delhi,Delhi,Online,2025-10-23
MER01057,MakeMyTrip 1057,Food Delivery,Kolkata,West Bengal,Online,2024-01-12
,BigBasket 1058,Electronics,Noida,Uttar Pradesh,Online,2023-08-09
MER01059,Paytm 1059,Healthcare,Surat,Gujarat,Offline,2024-11-25
MER01060,Amazon India 1060,Entertainment,Pune,Maharashtra,Offline,2025-08-29
MER01061,Swiggy 1061,Travel,Delhi,Delhi,Online,2023-12-04
MER01062,Reliance Digital 1062,Grocery,Kolkata,West Bengal,Online,2024-04-20
MER01063,Apollo Pharmacy 1063,Fashion,Noida,Uttar Pradesh,Offline,2022-04-20
MER01064,BookMyShow 1064,Education,Surat,Gujarat,Offline,2025-03-17
MER01065,Flipkart 1065,Utilities,Pune,Maharashtra,Online,2025-04-06
MER01066,Myntra 1066,Automotive,Delhi,Delhi,Offline,2025-03-12
MER01067,MakeMyTrip 1067,Restaurants,Kolkata,West Bengal,Offline,2023-07-26
MER01068,BigBasket 1068,Ecommerce,Noida,Uttar Pradesh,Offline,2025-08-18
MER01069,Paytm 1069,Food Delivery,Surat,Gujarat,Offline,2025-09-12
MER01070,Amazon India 1070,Electronics,Pune,Maharashtra,Online,2025-09-15
MER05332,,Entertainment,Kolkata,West Bengal,Online,2025-08-04
MER01072,Reliance Digital 1072,Entertainment,Kolkata,West Bengal,Online,2022-01-04
MER01073,Apollo Pharmacy 1073,Travel,Noida,Uttar Pradesh,Online,2022-11-25
MER01074,BookMyShow 1074,Grocery,Surat,gujarat,Online,2022-11-17
,Flipkart 1075,Fashion,Pune,Maharashtra,Online,2025-01-31
MER01076,Myntra 1076,Education,Delhi,Delhi,Offline,2025-07-03
MER01077,MakeMyTrip 1077,Utilities,Kolkata,West Bengal,Online,2025-01-29
MER01078,BigBasket 1078,Automotive,Noida,Uttar Pradesh,Online,2021-07-24
MER01079,Paytm 1079,Restaurants,Surat,Gujarat,Online,2021-11-07
MER01080,Amazon India 1080,Ecommerce,Pune,Maharashtra,Online,2023-02-28
MER01081,,Food Delivery,Delhi,Delhi,Offline,2025-09-13
MER01082,Reliance Digital 1082,Electronics,Kolkata,West Bengal,Online,2025-09-06
MER01083,Apollo Pharmacy 1083,Healthcare,Noida,Uttar Pradesh,Online,2022-03-19
MER01084,BookMyShow 1084,Entertainment,Surat,Gujarat,Online,2021-07-23
MER01085,Flipkart 1085,Travel,Pune,Maharashtra,Online,2023-10-14
MER01086,Myntra 1086,Grocery,Delhi,Delhi,Offline,2025-08-07
MER01087,MakeMyTrip 1087,Fashion,Kolkata,West Bengal,Online,2022-07-22
MER01088,BigBasket 1088,Education,Noida,Uttar Pradesh,Online,2021-04-30
MER01089,Paytm 1089,Utilities,Surat,Gujarat,Online,2022-04-02
MER01090,Amazon India 1090,Automotive,Pune,Maharashtra,Online,2025-05-05
MER01091,Swiggy 1091,Restaurants,Delhi,Delhi,Offline,2024-03-11
MER01092,Reliance Digital 1092,Ecommerce,Kolkata,West Bengal,Online,2025-12-03
MER01093,Apollo Pharmacy 1093,Food Delivery,,Uttar Pradesh,Online,2025-08-28
MER01094,BookMyShow 1094,Electronics,Surat,Gujarat,Offline,2021-06-08
MER01095,Flipkart 1095,Healthcare,Pune,Maharashtra,Online,2021-05-30
MER01096,Myntra 1096,Entertainment,Delhi,Delhi,Online,2024-01-15
MER01097,MakeMyTrip 1097,Travel,,West Bengal,Online,2021-01-24
MER01098,BigBasket 1098,Grocery,Noida,Uttar Pradesh,Online,2022-09-21
MER01099,Paytm 1099,Fashion,Surat,Gujarat,Online,2021-11-09
MER01100,Amazon India 1100,Education,Pune,Maharashtra,Online,2021-06-02
MER01101,Swiggy 1101,Utilities,Delhi,Delhi,Offline,2021-01-26
MER01102,Reliance Digital 1102,Automotive,Kolkata,West Bengal,Online,2022-05-28
MER01103,Apollo Pharmacy 1103,Restaurants,Noida,Uttar Pradesh,Online,2025-05-05
MER01104,BookMyShow 1104,Ecommerce,Surat,Gujarat,Online,2024-06-30
MER01105,Flipkart 1105,Food Delivery,Pune,Maharashtra,Offline,2021-10-07
MER01106,Myntra 1106,Electronics,Delhi,Delhi,Offline,2023-11-20
MER01107,MakeMyTrip 1107,Healthcare,Kolkata,West Bengal,Offline,2021-04-19
MER01108,BigBasket 1108,Entertainment,Noida,uttar pradesh,Online,2024-03-01
MER01109,Paytm 1109,Travel,Surat,Gujarat,Online,2022-04-22
MER01110,Amazon India 1110,Grocery,Pune,Maharashtra,Offline,2021-10-25
MER01111,Swiggy 1111,Fashion,Delhi,Delhi,Online,2023-01-13
MER01112,Reliance Digital 1112,Education,Kolkata,west bengal,Online,2025-11-25
MER01113,Apollo Pharmacy 1113,Utilities, Noida ,Uttar Pradesh,Offline,2022-10-28
MER01114,BookMyShow 1114,Automotive,Surat,Gujarat,Offline,2022-04-25
MER01115,Flipkart 1115,Restaurants,Pune,Maharashtra,Offline,2022-06-01
MER01116,Myntra 1116,Ecommerce,Delhi,Delhi,Online,2023-01-29
MER01117,MakeMyTrip 1117,Food Delivery,Kolkata,West Bengal,Offline,2025-08-24
MER01118,BigBasket 1118,Electronics,Noida,UTTAR PRADESH,Online,2023-05-24
MER01119,Paytm 1119,Healthcare,Surat,Gujarat,Offline,2024-09-04
MER01120,Amazon India 1120,Entertainment,Pune,Maharashtra,Online,2022-10-23
MER01121,Swiggy 1121,Travel,Delhi,Delhi,Offline,2025-03-18
MER01122,Reliance Digital 1122,Grocery,Kolkata,West Bengal,Online,2021-11-10
MER01123,Apollo Pharmacy 1123,Fashion,Noida,,Offline,2021-05-29
MER01124,BookMyShow 1124,Education,Surat,Gujarat,Online,2024-10-20
MER01125,Flipkart 1125,Utilities,Pune,Maharashtra,Online,2025-03-19
MER01126,Myntra 1126,Automotive,Delhi,Delhi,Online,2024-11-17
MER01127,MakeMyTrip 1127,Restaurants,Kolkata,West Bengal,Offline,2024-02-18
MER01128,BigBasket 1128,Ecommerce,Noida,Uttar Pradesh,Offline,2023-12-30
MER01129,Paytm 1129,Food Delivery,Surat,Gujarat,Online,2021-11-02
MER01130,Amazon India 1130,Electronics,Pune,Maharashtra,Offline,2021-06-12
MER01131,Swiggy 1131,Healthcare,Delhi,Delhi,Online,2022-05-05
MER01132,Reliance Digital 1132,Entertainment,Kolkata,West Bengal,Online,2021-04-06
MER01133,Apollo Pharmacy 1133,Travel,Noida,Uttar Pradesh,Online,2024-08-18
MER01134,BookMyShow 1134,Grocery,Surat,Gujarat,Offline,2022-05-08
MER01135,Flipkart 1135,Fashion,Pune,Maharashtra,OFFLINE,2021-02-11
MER01136,Myntra 1136,Education,Delhi,Delhi,Offline,2023-03-02
MER01137,MakeMyTrip 1137,Utilities,Kolkata,West Bengal,Offline,2023-04-26
MER01138,BigBasket 1138,Automotive,Noida,Uttar Pradesh,Online,2021-05-29
MER01139,Paytm 1139,Restaurants,Surat,Gujarat,Online,2021-09-17
MER01140,Amazon India 1140,Ecommerce,Pune,Maharashtra,Online,2024-07-15
MER01141,Swiggy 1141,Food Delivery,Delhi,Delhi,Online,2021-05-22
MER01142,Reliance Digital 1142,Electronics,kolkata,West Bengal,Online,2021-04-22
MER01143,Apollo Pharmacy 1143,Healthcare,Noida,Uttar Pradesh,Online,2023-09-25
MER01144,BookMyShow 1144,Entertainment,Surat,Gujarat,Offline,2022-11-09
MER01145,Flipkart 1145,Travel,Pune,Maharashtra,Online,2021-10-17
MER01146,Myntra 1146,Grocery,Delhi,Delhi,Offline,2025-05-19
MER01147,MakeMyTrip 1147,Fashion,Kolkata,West Bengal,Offline,2024-12-22
MER01148,BigBasket 1148,Education,Noida,Uttar Pradesh,Offline,2025-12-02
MER01149,Paytm 1149,,Surat,Gujarat,Offline,2024-01-19
MER01150,Amazon India 1150,Automotive,Pune,Maharashtra,Offline,2021-10-19
MER01151,Swiggy 1151,Restaurants,Delhi,Delhi,Offline,2022-05-11
MER01152,Reliance Digital 1152,Ecommerce,,West Bengal,Online,2022-06-10
MER01153,Apollo Pharmacy 1153,Food Delivery,Noida,Uttar Pradesh,Offline,2023-07-29
MER01154,BookMyShow 1154,Electronics,Surat, Gujarat ,Offline,2023-09-02
MER01155,,Healthcare,Pune,Maharashtra,Online,2022-02-24
MER01156,Myntra 1156,Entertainment,Delhi,Delhi,Offline,2021-02-15
MER01157,MakeMyTrip 1157,Travel,Kolkata,West Bengal,Online,2025-07-22
MER01158,BigBasket 1158,Grocery,Noida,Uttar Pradesh,Online,2021-03-25
MER01159,Paytm 1159,Fashion,Surat,Gujarat,Offline,2023-12-29
MER01160,Amazon India 1160,Education,Pune,Maharashtra,Online,2022-01-05
MER01161,Swiggy 1161,Utilities,Delhi,Delhi,Offline,2025-07-14
MER01162,Reliance Digital 1162,Automotive,Kolkata,West Bengal,Online,2021-08-29
MER01163,Apollo Pharmacy 1163,Restaurants,Noida,Uttar Pradesh,Offline,2025-03-30
MER01164,BookMyShow 1164,Ecommerce,Surat,Gujarat,Offline,2022-03-19
MER01165,Flipkart 1165,Food Delivery,Pune,Maharashtra,Online,2025-01-15
MER08276,Myntra 8276,Education,Delhi,Delhi,Offline,2024-06-17
MER01167,MakeMyTrip 1167,Healthcare,Kolkata,West Bengal,Online,2023-04-14
MER01168,BigBasket 1168,Entertainment,Noida,Uttar Pradesh,Offline,2023-05-08
MER01169,Paytm 1169,Travel,Surat,Gujarat,Online,2023-09-25
MER01170,Amazon India 1170,Grocery,Pune,Maharashtra,Offline,2025-11-27
MER01171,Swiggy 1171,Fashion,Delhi,Delhi,Online,2023-01-01
MER01172,,Education,Kolkata,West Bengal,Online,2022-11-23
MER01173,Apollo Pharmacy 1173,Utilities,Noida,Uttar Pradesh,Offline,2022-06-06
MER01174,,Automotive,Surat,Gujarat,Offline,2022-08-06
MER01175,Flipkart 1175,Restaurants,Pune,Maharashtra,Online,
MER01176,Myntra 1176,Ecommerce,Delhi,Delhi,Offline,2024-02-03
MER01177,MakeMyTrip 1177,Food Delivery,Kolkata,West Bengal,Offline,2022-11-20
MER01178,BigBasket 1178,Electronics,Noida,Uttar Pradesh,Online,2023-11-21
MER01179,Paytm 1179,Healthcare,Surat,Gujarat,Offline,2024-07-19
MER01180,Amazon India 1180,Entertainment,Pune,Maharashtra,Offline,2022-12-28
MER01181,Swiggy 1181,Travel,Delhi,Delhi,Offline,2021-03-24
MER01182,Reliance Digital 1182,Grocery,Kolkata,West Bengal,Offline,2024-09-18
MER01183,Apollo Pharmacy 1183,Fashion,Noida,Uttar Pradesh,Online,2024-03-28
MER01184,BookMyShow 1184,Education,Surat,Gujarat,Online,2025-09-10
MER01185,Flipkart 1185,Utilities,Pune,Maharashtra,Online,2021-02-14
MER01186,Myntra 1186,Automotive,Delhi,Delhi,Offline,2024-11-13
MER01187,MakeMyTrip 1187,Restaurants,Kolkata,West Bengal,Online,2023-11-14
MER01188,BigBasket 1188,Ecommerce,Noida,Uttar Pradesh,Offline,2023-05-19
MER01189,Paytm 1189,Food Delivery,Surat,Gujarat,Offline,2024-12-20
MER01190,Amazon India 1190,,Pune,Maharashtra,Online,2021-11-16
MER01191,Swiggy 1191,Healthcare,Delhi,Delhi,Online,2024-10-03
MER01192,Reliance Digital 1192,Entertainment,Kolkata, West Bengal ,Online,2023-05-18
MER01193,Apollo Pharmacy 1193,Travel,Noida,Uttar Pradesh,Online,2024-06-22
MER01194,BookMyShow 1194,Grocery,Surat,Gujarat,Online,2023-05-19
MER01195,Flipkart 1195,Fashion,Pune,Maharashtra,Online,2025-10-29
MER01196,Myntra 1196,Education,Delhi,Delhi,Offline,2021-05-22
MER01197,MakeMyTrip 1197,Utilities,Kolkata,West Bengal,Online,2025-11-12
MER01198,BigBasket 1198,Automotive,Noida,Uttar Pradesh,Online,2024-12-18
MER00489,Paytm 489,Utilities,Surat,Gujarat,Offline,2025-01-25
MER01200,Amazon India 1200,Ecommerce,Pune,Maharashtra,Offline,2025-04-29
MER01201,Swiggy 1201,Food Delivery,Delhi,Delhi,Online,2024-12-03
MER01202,Reliance Digital 1202,Electronics,Kolkata,West Bengal,Online,2023-12-20
MER01203,Apollo Pharmacy 1203,Healthcare,Noida,Uttar Pradesh,Offline,2021-01-22
MER01204,BookMyShow 1204,Entertainment,Surat,Gujarat,Online,2023-05-19
MER01205,Flipkart 1205,Travel,Pune,Maharashtra,Online,2024-08-21
MER01206,Myntra 1206,Grocery,Delhi,Delhi,Online,2023-08-03
MER01207,MakeMyTrip 1207,Fashion,Kolkata,West Bengal,Online,2021-04-17
MER01208,BigBasket 1208,Education,Noida,Uttar Pradesh,Offline,2021-01-07
MER01209,Paytm 1209,Utilities,Surat,Gujarat,Online,2023-06-28
MER01210,Amazon India 1210,Automotive,Pune,Maharashtra,Online,2024-03-02
MER01211,Swiggy 1211,Restaurants,Delhi,,Offline,2022-11-17
MER01212,Reliance Digital 1212,Ecommerce,Kolkata,West Bengal,Online,2025-02-17
MER01213,Apollo Pharmacy 1213,Food Delivery,Noida,Uttar Pradesh,Online,2024-04-01
MER01214,BookMyShow 1214,Electronics,Surat,Gujarat,Online,2025-04-20
MER01215,Flipkart 1215,Healthcare,Pune,Maharashtra,Offline,2024-03-08
MER01216,Myntra 1216,Entertainment,Delhi,Delhi,Offline,2021-09-17
MER01217,MakeMyTrip 1217,Travel,Kolkata,West Bengal,Online,2025-06-19
MER01218,BigBasket 1218,Grocery,Noida,Uttar Pradesh,Online,2022-09-11
MER01219,Paytm 1219,Fashion,Surat,Gujarat,Offline,2024-01-18
MER01220,Amazon India 1220,Education,Pune,Maharashtra,Online,2024-01-12
MER01221,Swiggy 1221,Utilities,Delhi,Delhi,Online,2021-11-04
MER01222,Reliance Digital 1222,Automotive,Kolkata,West Bengal,Online,2022-04-05
MER01223,Apollo Pharmacy 1223,Restaurants,Noida,Uttar Pradesh,Offline,2023-03-31
MER01224,BookMyShow 1224,Ecommerce,Surat,Gujarat,Online,2021-12-09
MER01225,Flipkart 1225,Food Delivery,,Maharashtra,Offline,2025-03-27
MER01226,Myntra 1226,Electronics,Delhi,Delhi,Online,2021-06-07
MER01227,MakeMyTrip 1227,Healthcare,Kolkata,West Bengal,Offline,2022-07-28
MER01228,BigBasket 1228,Entertainment,Noida,Uttar Pradesh,Offline,2025-06-13
MER01229,Paytm 1229,Travel,Surat,Gujarat,Offline,2023-06-28
MER01230,Amazon India 1230,Grocery,Pune,Maharashtra,Online,2021-03-22
MER01231,Swiggy 1231,Fashion,Delhi,Delhi,Online,2022-04-27
MER01232,Reliance Digital 1232,Education,Kolkata,West Bengal,Offline,2022-02-22
MER01233,Apollo Pharmacy 1233,Utilities,Noida,Uttar Pradesh,Online,2021-04-13
MER01234,BookMyShow 1234,Automotive,Surat,Gujarat,Online,2025-06-29
MER01235,Flipkart 1235,Restaurants,Pune,Maharashtra,Online,2025-06-14
MER01236,Myntra 1236,,Delhi,Delhi,Offline,2025-02-18
MER01237,MakeMyTrip 1237,Food Delivery,Kolkata,West Bengal,Online,2021-11-25
MER01238,BigBasket 1238,Electronics,Noida,Uttar Pradesh,Online,2023-11-12
MER01239,Paytm 1239,Healthcare,Surat,Gujarat,Offline,2021-08-29
MER01240,Amazon India 1240,Entertainment,Pune,Maharashtra,Online,2023-02-03
MER01241,Swiggy 1241,Travel,,Delhi,Online,2021-04-26
MER01242,Reliance Digital 1242,Grocery,Kolkata,West Bengal,Online,2025-08-19
MER01243,Apollo Pharmacy 1243,Fashion,Noida,Uttar Pradesh,Offline,2023-05-20
MER01244,BookMyShow 1244,Education,Surat,Gujarat,Online,2021-02-19
MER01245,Flipkart 1245,Utilities,Pune,Maharashtra,Online,2021-11-14
MER01246,Myntra 1246,Automotive,Delhi,,Offline,2022-12-26
MER01247,MakeMyTrip 1247,Restaurants,Kolkata,West Bengal,Offline,2023-02-02
MER01248,BigBasket 1248,Ecommerce,Noida,Uttar Pradesh,Online,2021-02-15
MER01249,Paytm 1249,Food Delivery,Surat,Gujarat,Offline,2022-03-02
MER01250,Amazon India 1250,Electronics,Pune,Maharashtra,Offline,
MER01251,Swiggy 1251,,Delhi,Delhi,Online,2025-04-03
MER01252,Reliance Digital 1252,Entertainment,Kolkata,West Bengal,Offline,2024-09-15
MER01253,Apollo Pharmacy 1253,Travel,Noida,Uttar Pradesh,Online,2021-02-17
MER01254,BookMyShow 1254,Grocery,Surat,Gujarat,Online,2025-03-18
MER01255,Flipkart 1255,Fashion,Pune,Maharashtra,Offline,2023-10-23
MER01256,Myntra 1256,Education,Delhi,Delhi,Online,2022-04-29
MER01257,MakeMyTrip 1257,Utilities,Kolkata,West Bengal,Offline,2023-04-25
MER01258,BigBasket 1258,Automotive,Noida,Uttar Pradesh,Offline,2021-05-04
,Paytm 1259,Restaurants,Surat,gujarat,Offline,2023-05-28
MER01260,Amazon India 1260,Ecommerce,Pune,Maharashtra,Online,2025-11-13
MER01261,Swiggy 1261,Food Delivery,Delhi,Delhi,Online,2024-01-01
MER01262,Reliance Digital 1262,Electronics,Kolkata,West Bengal,Offline,2025-07-28
MER01263,Apollo Pharmacy 1263,Healthcare,Noida, Uttar Pradesh ,Offline,2025-04-14
MER01264,BookMyShow 1264,Entertainment,Surat,Gujarat,Online,2022-12-23
MER01265,Flipkart 1265,Travel,Pune,Maharashtra,Online,2021-04-20
MER01266,Myntra 1266,Grocery,Delhi,Delhi,Online,2021-11-09
MER01267,MakeMyTrip 1267,Fashion,Kolkata,West Bengal,Offline,2021-06-30
MER01268,BigBasket 1268,Education,Noida,Uttar Pradesh,Online,2025-11-23
MER01269,Paytm 1269,Utilities,Surat,Gujarat,Online,2021-10-12
MER01270,Amazon India 1270,Automotive,Pune,Maharashtra,Offline,2023-01-21
MER01271,Swiggy 1271,Restaurants,Delhi,Delhi,Online,2024-01-18
MER01272,Reliance Digital 1272,Ecommerce,Kolkata,West Bengal,Offline,2024-10-18
MER01273,Apollo Pharmacy 1273,Food Delivery,Noida,Uttar Pradesh,Online,2025-03-28
MER01274,BookMyShow 1274,Electronics,Surat,Gujarat,Online,2021-03-14
MER01275,Flipkart 1275,Healthcare,Pune,Maharashtra,Online,2024-08-04
MER01276,Myntra 1276,Entertainment,Delhi,Delhi,Online,2023-04-02
MER01277,MakeMyTrip 1277,Travel,Kolkata,West Bengal,Online,2022-09-26
MER01278,BigBasket 1278,Grocery,noida,Uttar Pradesh,Online,2021-11-13
MER01279,Paytm 1279,Fashion,Surat,Gujarat,Online,2023-05-16
MER01280,Amazon India 1280,Education,Pune,Maharashtra,Offline,2021-04-30
MER01281,Swiggy 1281,Utilities,Delhi,Delhi,Offline,2024-11-03
MER00897,MakeMyTrip 897,Utilities,Kolkata,West Bengal,Online,2025-10-07
MER01283,Apollo Pharmacy 1283,Restaurants,Noida,Uttar Pradesh,Online,2024-06-01
MER01284,BookMyShow 1284,Ecommerce,Surat,Gujarat,Online,2025-11-03
MER01285,Flipkart 1285,Food Delivery,Pune,Maharashtra,Online,2021-05-30
MER01286,Myntra 1286,Electronics,Delhi,DELHI,Offline,2024-11-30
MER01287,MakeMyTrip 1287,Healthcare,Kolkata,West Bengal,Online,2024-03-05
MER01288,BigBasket 1288,Entertainment,Noida,Uttar Pradesh,Online,2022-03-31
MER01289,Paytm 1289,Travel,Surat,Gujarat,Online,2024-05-27
,Amazon India 1290,Grocery,Pune,,Offline,2025-03-03
MER01291,Swiggy 1291,Fashion,Delhi,Delhi,Online,2022-10-10
MER01292,Reliance Digital 1292,Education,Kolkata,West Bengal,Online,2025-04-12
MER01293,Apollo Pharmacy 1293,Utilities,Noida,Uttar Pradesh,Online,2022-10-14
MER01294,BookMyShow 1294,Automotive,Surat,Gujarat,Offline,2024-11-19
MER01295,Flipkart 1295,Restaurants,Pune,Maharashtra,Online,2022-01-16
MER01296,Myntra 1296,Ecommerce,Delhi,Delhi,Online,2022-11-20
MER01297,MakeMyTrip 1297,Food Delivery,Kolkata,West Bengal,Online,2023-05-21
MER01298,BigBasket 1298,Electronics,Noida,Uttar Pradesh,Online,2024-08-23
MER01299,Paytm 1299,Healthcare,Surat,Gujarat,Offline,2022-07-12
MER01300,Amazon India 1300,Entertainment,Pune,Maharashtra,Online,2024-10-27
MER01301,Swiggy 1301,Travel,Delhi,Delhi,Online,2021-09-14
MER01302,Reliance Digital 1302,Grocery,Kolkata,West Bengal,Online,2022-10-17
MER01303,Apollo Pharmacy 1303,Fashion,Noida,Uttar Pradesh,Offline,2021-06-17
,BookMyShow 1304,Education,Surat,Gujarat,Online,2025-01-17
MER01305,Flipkart 1305,Utilities,Pune,Maharashtra,Online,2024-04-30
MER01306,Myntra 1306,Automotive,Delhi,Delhi,Offline,2025-05-22
MER01307,MakeMyTrip 1307,Restaurants,Kolkata,West Bengal,Online,2023-04-15
MER01308,BigBasket 1308,Ecommerce,Noida,Uttar Pradesh,Online,2025-07-03
MER01309,Paytm 1309,Food Delivery,Surat,Gujarat,Online,2021-09-04
MER01310,Amazon India 1310,Electronics, Pune ,Maharashtra,Online,2022-07-01
MER01311,Swiggy 1311,Healthcare,Delhi,Delhi,Online,2024-02-29
MER01312,Reliance Digital 1312,Entertainment,Kolkata,West Bengal,Online,2024-12-25
MER01313,Apollo Pharmacy 1313,Travel,Noida,Uttar Pradesh,Offline,2024-11-22
MER01314,BookMyShow 1314,Grocery,,,Online,2022-05-04
MER01315,Flipkart 1315,Fashion,Pune,Maharashtra,online,2024-12-17
MER01316,Myntra 1316,Education,Delhi,Delhi,Online,2023-05-22
MER01317,MakeMyTrip 1317,Utilities,Kolkata,West Bengal,Offline,2025-10-01
MER01318,BigBasket 1318,Automotive,Noida,Uttar Pradesh,Offline,2022-01-24
MER01319,Paytm 1319,Restaurants,Surat,Gujarat,Online,2025-04-14
MER01320,Amazon India 1320,Ecommerce,Pune,maharashtra,Online,2022-11-16
MER01321,Swiggy 1321,,Delhi,Delhi,Online,2023-06-27
MER01322,Reliance Digital 1322,Electronics,Kolkata,West Bengal,Online,2024-07-16
MER01323,Apollo Pharmacy 1323,Healthcare,Noida,Uttar Pradesh,Online,2023-11-25
MER01324,BookMyShow 1324,Entertainment,Surat,Gujarat,Online,2024-05-19
MER01325,Flipkart 1325,Travel,Pune,Maharashtra,Online,2023-09-17
MER01326,Myntra 1326,Grocery,Delhi,Delhi,Online,2024-06-08
MER01327,MakeMyTrip 1327,Fashion,Kolkata,West Bengal,Online,2022-04-04
MER01328,BigBasket 1328,Education,Noida,Uttar Pradesh,Online,2025-07-06
MER01329,Paytm 1329,Utilities,Surat,Gujarat,Online,2023-06-15
MER01330,Amazon India 1330,Automotive,Pune,Maharashtra,Online,2023-05-16
MER01331,Swiggy 1331,Restaurants,Delhi,Delhi,Online,2022-11-25
MER01332,Reliance Digital 1332,Ecommerce,Kolkata,West Bengal,Online,2022-06-29
MER01333,Apollo Pharmacy 1333,Food Delivery,NOIDA,Uttar Pradesh,Online,2022-10-27
MER01334,BookMyShow 1334,Electronics,Surat,Gujarat,Online,2021-04-08
MER01335,Flipkart 1335,Healthcare,Pune,Maharashtra,Offline,2025-09-29
MER01336,Myntra 1336,Entertainment,Delhi,Delhi,Offline,2025-12-02
MER01337,MakeMyTrip 1337,Travel,Kolkata,West Bengal,Online,2021-12-31
MER01338,BigBasket 1338,Grocery,Noida,Uttar Pradesh,Online,2023-09-30
MER01339,Paytm 1339,Fashion,Surat,Gujarat,Online,2025-01-06
MER01340,Amazon India 1340,Education,Pune,Maharashtra,Online,2024-03-08
MER01341,Swiggy 1341,Utilities,Delhi,Delhi,Offline,2025-08-29
MER01342,Reliance Digital 1342,Automotive,Kolkata,West Bengal,Offline,2024-02-02
MER01343,Apollo Pharmacy 1343,Restaurants,Noida,Uttar Pradesh,Online,2025-07-30
MER01344,BookMyShow 1344,Ecommerce,Surat,Gujarat,Online,2024-11-22
MER01345,Flipkart 1345,Food Delivery,Pune,Maharashtra,Offline,2023-02-21
MER01346,Myntra 1346,Electronics,Delhi,Delhi,Online,2025-06-28
MER01347,MakeMyTrip 1347,Healthcare,Kolkata,West Bengal,Online,2025-08-04
MER01348,BigBasket 1348,Entertainment,Noida,Uttar Pradesh,Online,2021-09-25
MER01349,Paytm 1349,Travel,Surat,Gujarat,Online,2025-05-11
MER01350,Amazon India 1350,Grocery,Pune,Maharashtra,Offline,2023-08-16
MER01351,Swiggy 1351,Fashion,Delhi,Delhi,Offline,2023-11-05
MER01352,Reliance Digital 1352,Education,Kolkata,West Bengal,Offline,2021-07-06
MER01353,Apollo Pharmacy 1353,Utilities,Noida,Uttar Pradesh,Online,2021-06-08
,BookMyShow 1354,Automotive,Surat,Gujarat,Offline,2025-05-02
MER01355,Flipkart 1355,Restaurants,Pune,Maharashtra,Online,2022-02-11
MER01356,Myntra 1356,Ecommerce,Delhi,Delhi,Online,
MER01357,MakeMyTrip 1357,Food Delivery,Kolkata,West Bengal,Online,2023-09-19
MER01358,BigBasket 1358,Electronics,Noida,Uttar Pradesh,OFFLINE,2022-04-04
MER01359,Paytm 1359,Healthcare,Surat,Gujarat,Online,2024-09-01
MER01360,Amazon India 1360,Entertainment,Pune,Maharashtra,Offline,2022-05-07
MER01361,Swiggy 1361,Travel,Delhi,Delhi,Online,2021-01-12
MER01362,Reliance Digital 1362,Grocery,Kolkata,West Bengal,Online,2025-10-18
MER01363,Apollo Pharmacy 1363,Fashion,Noida,Uttar Pradesh,Offline,2022-09-30
MER01364,BookMyShow 1364,Education,Surat,Gujarat,Online,2024-06-12
MER01365,Flipkart 1365,Utilities,Pune,Maharashtra,Offline,2025-02-18
MER01366,Myntra 1366,Automotive,Delhi,Delhi,Offline,2021-03-24
MER01367,MakeMyTrip 1367,Restaurants,Kolkata,West Bengal,Offline,2021-01-15
MER01368,BigBasket 1368,Ecommerce,Noida,Uttar Pradesh,Online,2025-05-29
MER01369,Paytm 1369,Food Delivery,Surat,Gujarat,Offline,2022-03-15
MER01370,Amazon India 1370,Electronics,Pune,Maharashtra,Offline,2023-07-14
MER01371,Swiggy 1371,Healthcare,Delhi,Delhi,Online,2022-08-07
MER01372,Reliance Digital 1372,Entertainment,Kolkata,West Bengal,Online,2024-06-30
MER01373,Apollo Pharmacy 1373,Travel,Noida,Uttar Pradesh,Offline,2024-07-10
MER01374,BookMyShow 1374,Grocery,Surat,Gujarat,Online,2024-11-12
MER01375,Flipkart 1375,Fashion,Pune,Maharashtra,Offline,2022-11-13
MER01376,Myntra 1376,Education,Delhi,Delhi,Online,2025-04-02
MER01377,MakeMyTrip 1377,Utilities,Kolkata,West Bengal,Online,2021-10-06
MER01378,BigBasket 1378,Automotive,Noida,Uttar Pradesh,Online,2023-06-03
MER01379,Paytm 1379,Restaurants,Surat,Gujarat,Offline,2025-04-02
MER01380,Amazon India 1380,Ecommerce,Pune,Maharashtra,Online,2021-05-14
MER01381,Swiggy 1381,Food Delivery,Delhi,Delhi,Online,2022-09-05
MER01382,Reliance Digital 1382,Electronics,,West Bengal,Offline,2025-09-25
MER01383,Apollo Pharmacy 1383,Healthcare,Noida,Uttar Pradesh,Online,2023-05-23
MER01384,BookMyShow 1384,Entertainment,Surat,Gujarat,Offline,2021-10-18
MER01385,Flipkart 1385,Travel,Pune,Maharashtra,Online,2021-11-27
MER01386,Myntra 1386,Grocery,Delhi,Delhi,Offline,2024-08-30
MER01387,MakeMyTrip 1387,Fashion,Kolkata,West Bengal,Online,2025-08-22
MER01388,BigBasket 1388,Education,Noida,Uttar Pradesh,Online,2024-09-17
MER01389,Paytm 1389,Utilities,Surat,Gujarat,Online,2025-06-02
MER01390,Amazon India 1390,Automotive,Pune,Maharashtra,Offline,2024-06-13
,Swiggy 1391,Restaurants,Delhi,Delhi,,2025-03-15
MER01392,Reliance Digital 1392,Ecommerce,Kolkata,West Bengal,Online,2022-06-02
MER01393,Apollo Pharmacy 1393,Food Delivery,Noida,Uttar Pradesh,Online,2021-02-11
MER01394,BookMyShow 1394,Electronics,Surat,Gujarat,Offline,2021-08-10
MER01395,Flipkart 1395,Healthcare,Pune,Maharashtra,Online,2023-08-12
MER01396,Myntra 1396,Entertainment,Delhi,Delhi,Offline,2025-05-10
MER01397,MakeMyTrip 1397,Travel,Kolkata,West Bengal,Offline,2024-03-10
MER01398,BigBasket 1398,Grocery,Noida,Uttar Pradesh,Online,2024-02-04
MER01399,Paytm 1399,Fashion,Surat,Gujarat,Online,2022-12-23
MER01400,Amazon India 1400,Education,Pune,Maharashtra,Online,2022-12-07
MER01401,Swiggy 1401,Utilities,Delhi,Delhi,Offline,2023-05-29
MER01402,Reliance Digital 1402,Automotive,Kolkata,West Bengal,Offline,2022-03-31
MER01403,Apollo Pharmacy 1403,Restaurants,Noida,Uttar Pradesh,Online,2022-04-24
MER01404,BookMyShow 1404,Ecommerce,Surat,Gujarat,Online,2022-03-18
MER01405,Flipkart 1405,Food Delivery,Pune,Maharashtra,Online,2021-09-05
MER01406,Myntra 1406,Electronics,Delhi,Delhi,Online,2021-07-21
MER01407,MakeMyTrip 1407,Healthcare,Kolkata,West Bengal,Online,2025-10-07
MER01408,BigBasket 1408,Entertainment,Noida,Uttar Pradesh,Online,2025-02-10
MER01409,Paytm 1409,Travel,Surat,Gujarat,Online,2024-11-05
MER01410,Amazon India 1410,Grocery,Pune,Maharashtra,Online,2022-03-31
MER01411,Swiggy 1411,Fashion,Delhi,Delhi,Offline,2021-09-06
MER01412,Reliance Digital 1412,Education,Kolkata,West Bengal,Online,2021-03-29
MER01413,Apollo Pharmacy 1413,Utilities,Noida,Uttar Pradesh,OFFLINE,2023-03-17
MER01414,BookMyShow 1414,Automotive,Surat,Gujarat,Online,2022-06-16
MER01415,Flipkart 1415,Restaurants,Pune,Maharashtra,Online,2025-11-15
MER01416,Myntra 1416,Ecommerce,Delhi,Delhi,Offline,2024-08-28
MER01417,MakeMyTrip 1417,Food Delivery,Kolkata,West Bengal,Online,2021-04-04
MER01418,BigBasket 1418,Electronics,Noida,Uttar Pradesh,Online,2021-09-14
MER01419,Paytm 1419,Healthcare,Surat,Gujarat,Offline,2021-07-30
MER01420,Amazon India 1420,Entertainment,Pune,Maharashtra,Offline,2024-12-04
MER01421,Swiggy 1421,Travel,Delhi,Delhi,Online,2025-11-30
MER01422,Reliance Digital 1422,Grocery,Kolkata,West Bengal,Online,2024-10-07
MER01423,Apollo Pharmacy 1423,Fashion,Noida,Uttar Pradesh,Online,
MER01424,BookMyShow 1424,Education,Surat,Gujarat,Online,2022-12-20
MER01425,Flipkart 1425,Utilities,,Maharashtra,,2021-01-24
MER01426,Myntra 1426,Automotive,Delhi,Delhi,Online,2025-03-19
MER01427,MakeMyTrip 1427,Restaurants,Kolkata,West Bengal,Online,2025-01-16
MER01428,BigBasket 1428,Ecommerce,Noida,Uttar Pradesh,Online,2023-11-21
MER01429,Paytm 1429,Food Delivery,Surat,Gujarat,Online,2021-07-03
MER01430,Amazon India 1430,Electronics,Pune,Maharashtra,Offline,2021-11-22
MER01431,Swiggy 1431,Healthcare,Delhi,Delhi,Online,2024-04-24
MER01432,Reliance Digital 1432,Entertainment,Kolkata,West Bengal,Online,2025-05-25
MER01433,Apollo Pharmacy 1433,Travel,Noida,Uttar Pradesh,Offline,2022-10-04
MER01434,BookMyShow 1434,Grocery,Surat,Gujarat,Online,2023-06-24
MER01435,Flipkart 1435,Fashion,Pune,Maharashtra,Online,2024-06-25
MER01436,Myntra 1436,Education,Delhi,Delhi,Offline,2022-05-05
MER01437,MakeMyTrip 1437,Utilities,Kolkata,West Bengal,Offline,2022-05-05
MER01438,BigBasket 1438,Automotive,Noida,Uttar Pradesh,Online,2025-09-25
MER01439,Paytm 1439,Restaurants,Surat,Gujarat,Offline,2023-10-16
MER01440,Amazon India 1440,Ecommerce,Pune,Maharashtra,Online,2021-09-21
MER01441,Swiggy 1441,Food Delivery,Delhi,Delhi,Online,2022-11-23
MER01442,Reliance Digital 1442,Electronics,Kolkata,West Bengal,Online,2024-08-13
MER01443,Apollo Pharmacy 1443,Healthcare,Noida,Uttar Pradesh,Offline,2024-03-25
MER01444,BookMyShow 1444,Entertainment,Surat,Gujarat,Offline,2021-03-17
MER01445,Flipkart 1445,Travel,Pune,Maharashtra,Online,2025-10-31
MER01446,Myntra 1446,Grocery,Delhi,Delhi,Online,2025-08-22
MER01447,MakeMyTrip 1447,Fashion,Kolkata,West Bengal,Online,2021-04-15
MER01448,BigBasket 1448,,noida,Uttar Pradesh,Online,2024-12-14
MER01449,Paytm 1449,Utilities,Surat,Gujarat,,2023-04-24
MER01450,Amazon India 1450,Automotive,Pune,Maharashtra,Online,2022-12-27
MER01451,Swiggy 1451,Restaurants,Delhi,Delhi,Offline,2021-03-13
MER06066,Myntra 6066,Grocery,Delhi,Delhi,Offline,2024-07-25
MER01453,Apollo Pharmacy 1453,Food Delivery,Noida,Uttar Pradesh,online,2022-10-28
MER01454,BookMyShow 1454,Electronics,Surat,Gujarat,Offline,2021-09-20
MER01455,Flipkart 1455,Healthcare,Pune,Maharashtra,Online,2021-11-10
MER01456,Myntra 1456,Entertainment,Delhi,Delhi,Online,2024-09-04
MER01457,MakeMyTrip 1457,Travel,Kolkata,West Bengal,Online,2022-02-19
MER01458,BigBasket 1458,Grocery,Noida,Uttar Pradesh,Online,2024-12-17
MER01459,Paytm 1459,Fashion,Surat,Gujarat,Online,2021-07-06
MER01460,Amazon India 1460,Education,Pune,Maharashtra,Online,2023-03-02
MER01461,Swiggy 1461,Utilities,Delhi,Delhi,Online,2025-04-13
MER01462,Reliance Digital 1462,Automotive,Kolkata,West Bengal,Online,2022-09-19
MER01463,Apollo Pharmacy 1463,Restaurants,Noida,Uttar Pradesh,Online,2022-12-17
MER01464,BookMyShow 1464,Ecommerce,Surat,Gujarat,Online,2022-01-25
MER01465,Flipkart 1465,Food Delivery,Pune,Maharashtra,Offline,2022-05-13
MER01466,Myntra 1466,Electronics,Delhi,Delhi,OFFLINE,2024-10-21
MER01467,MakeMyTrip 1467,Healthcare,Kolkata,West Bengal,Online,2024-11-28
MER01468,BigBasket 1468,Entertainment,Noida,Uttar Pradesh,Online,2023-09-05
MER01469,Paytm 1469,Travel,Surat,Gujarat,Online,2022-09-03
MER01470,Amazon India 1470,Grocery,Pune,Maharashtra,,2021-12-16
MER01471,Swiggy 1471,Fashion,Delhi,Delhi,Online,2022-08-04
MER01472,Reliance Digital 1472,Education,Kolkata,West Bengal,Offline,2025-01-08
MER01473,Apollo Pharmacy 1473,Utilities,Noida,Uttar Pradesh,Offline,2024-07-13
MER08293,Apollo Pharmacy 8293,Food Delivery,Noida,Uttar Pradesh,Online,2021-05-13
MER01475,Flipkart 1475,Restaurants,Pune,Maharashtra,Offline,2022-02-23
,Myntra 1476,Ecommerce,Delhi,Delhi,Online,2021-12-15
MER01477,MakeMyTrip 1477,Food Delivery,Kolkata,West Bengal,Offline,2022-08-23
MER01478,BigBasket 1478,,Noida,Uttar Pradesh,Offline,2024-03-16
MER01479,Paytm 1479,Healthcare,Surat,Gujarat,Offline,2022-11-02
MER01480,,Entertainment,Pune,Maharashtra,Offline,2023-03-10
MER01481,Swiggy 1481,Travel,Delhi,Delhi,Offline,2023-06-30
MER01482,Reliance Digital 1482,Grocery,Kolkata,West Bengal,Online,2022-02-04
MER01483,Apollo Pharmacy 1483,Fashion,Noida,Uttar Pradesh,Online,2022-11-06
MER01484,BookMyShow 1484,Education,Surat,Gujarat,Online,2024-01-23
MER01485,Flipkart 1485,Utilities,Pune,Maharashtra,Online,2025-04-09
MER01486,Myntra 1486,Automotive,Delhi,Delhi,Online,2023-10-09
,MakeMyTrip 1487,Restaurants,Kolkata,West Bengal,online,2021-09-22
MER01488,BigBasket 1488,Ecommerce,Noida,Uttar Pradesh,Online,2025-04-20
MER01489,Paytm 1489,Food Delivery,Surat,Gujarat,Online,2021-10-25
MER01490,Amazon India 1490,Electronics,Pune,Maharashtra,Offline,2023-03-19
MER01491,Swiggy 1491,Healthcare,Delhi,Delhi,Online,2024-09-21
MER01492,Reliance Digital 1492,Entertainment,Kolkata,West Bengal,Online,2021-03-20
MER01493,Apollo Pharmacy 1493,Travel,Noida,Uttar Pradesh,Online,2021-11-24
MER01494,BookMyShow 1494,Grocery,Surat,Gujarat,Online,2024-06-04
MER01495,Flipkart 1495,Fashion,Pune,Maharashtra,Online,2024-02-12
MER01496,Myntra 1496,Education,Delhi,Delhi,Online,2022-12-09
MER01497,MakeMyTrip 1497,Utilities,Kolkata,West Bengal,Online,2023-12-09
MER01498,BigBasket 1498,Automotive,Noida,Uttar Pradesh,Online,2023-11-16
MER01499,Paytm 1499,Restaurants,Surat,Gujarat,Offline,2024-10-19
MER01500,Amazon India 1500,Ecommerce,Pune,Maharashtra,Online,2024-08-17
MER01501,Swiggy 1501,Food Delivery,Delhi,Delhi,Online,2021-06-03
MER01502,Reliance Digital 1502,Electronics,Kolkata,West Bengal,Online,2024-05-08
MER01503,Apollo Pharmacy 1503,Healthcare,noida,Uttar Pradesh,Offline,2023-05-08
MER01504,BookMyShow 1504,Entertainment,Surat,Gujarat,Online,2022-04-29
MER01505,Flipkart 1505,Travel,Pune,Maharashtra,Offline,2021-12-13
MER01506,Myntra 1506,Grocery,Delhi,Delhi,unknown,2022-09-05
MER01507,MakeMyTrip 1507,Fashion,Kolkata,west bengal,Online,2023-03-02
MER01508,BigBasket 1508,Education,Noida,Uttar Pradesh,Offline,2025-11-10
MER01509,Paytm 1509,Utilities,Surat,Gujarat,Online,2023-09-16
MER01510,Amazon India 1510,Automotive,Pune,Maharashtra,Online,2023-06-11
MER01511,Swiggy 1511,Restaurants,Delhi,Delhi,Online,2022-07-14
MER01068,BigBasket 1068,Ecommerce,Noida,Uttar Pradesh,Offline,2025-08-18
MER01513,Apollo Pharmacy 1513,Food Delivery,Noida,Uttar Pradesh,Online,2021-06-04
MER01514,BookMyShow 1514,Electronics,Surat,Gujarat,Online,2024-07-08
MER01515,Flipkart 1515,Healthcare,Pune,Maharashtra,Online,2022-01-01
MER01516,Myntra 1516,Entertainment,Delhi,Delhi,Online,2024-03-29
MER01517,MakeMyTrip 1517,Travel,Kolkata,West Bengal,Offline,2024-07-24
MER01518,BigBasket 1518,Grocery,Noida,Uttar Pradesh,Offline,2023-07-25
MER01519,Paytm 1519,Fashion,Surat,Gujarat,Online,2021-04-22
MER01520,Amazon India 1520,Education,Pune,Maharashtra,Online,2025-10-22
MER01521,Swiggy 1521,Utilities,Delhi,Delhi,Offline,2021-06-03
MER01522,Reliance Digital 1522,Automotive,Kolkata,West Bengal,Online,2022-07-24
MER01523,Apollo Pharmacy 1523,Restaurants,Noida,Uttar Pradesh,unknown,2023-03-27
MER01524,BookMyShow 1524,Ecommerce,Surat,Gujarat,Online,2025-02-18
MER01525,Flipkart 1525,Food Delivery,Pune,Maharashtra,Online,2025-06-18
MER01526,Myntra 1526,Electronics,Delhi,Delhi,Online,2022-01-25
MER01527,MakeMyTrip 1527,Healthcare,Kolkata,West Bengal,Online,2025-04-23
MER01528,BigBasket 1528,Entertainment,Noida,Uttar Pradesh,Online,
MER01529,Paytm 1529,Travel,Surat,Gujarat,Offline,2022-10-21
MER01530,Amazon India 1530,Grocery,Pune,Maharashtra,,2023-04-02
MER01531,Swiggy 1531,Fashion,Delhi,Delhi,Offline,2021-02-10
MER01532,Reliance Digital 1532,Education,Kolkata,West Bengal,Offline,2024-09-30
MER01533,Apollo Pharmacy 1533,Utilities,Noida,Uttar Pradesh,Online,2023-06-27
MER08825,Flipkart 8825,Travel,Pune,Maharashtra,Offline,2022-03-11
MER01535,Flipkart 1535,Restaurants,Pune,Maharashtra,Online,2025-09-10
MER01536,Myntra 1536,Ecommerce,Delhi,Delhi,Online,2025-11-27
MER01537,MakeMyTrip 1537,Food Delivery,Kolkata,West Bengal,Online,2025-03-16
MER01538,BigBasket 1538,Electronics,Noida,Uttar Pradesh,Online,2025-04-16
MER01539,Paytm 1539,Healthcare,Surat,Gujarat,Online,2024-03-30
MER01540,Amazon India 1540,Entertainment,Pune,Maharashtra,Online,2021-08-17
MER01541,Swiggy 1541,Travel,Delhi,Delhi,Online,2022-03-27
MER01542,Reliance Digital 1542,Grocery,Kolkata,West Bengal,Online,2022-11-07
,Apollo Pharmacy 1543,Fashion,Noida,Uttar Pradesh,Online,2024-06-24
MER01544,BookMyShow 1544,Education,Surat,Gujarat,Offline,2025-04-02
MER01545,Flipkart 1545,Utilities,Pune,Maharashtra,Online,2023-02-07
MER01546,Myntra 1546,Automotive,Delhi,Delhi,Online,2023-01-29
MER01547,MakeMyTrip 1547,Restaurants,Kolkata,West Bengal,Online,2021-11-11
MER01548,BigBasket 1548,,Noida,Uttar Pradesh,Online,2022-01-04
MER01549,Paytm 1549,Food Delivery,Surat,Gujarat,Online,2021-04-04
MER01550,Amazon India 1550,Electronics,Pune,Maharashtra,Online,2024-04-04
MER01551,Swiggy 1551,Healthcare,Delhi,Delhi,Online,2025-10-14
MER01552,Reliance Digital 1552,Entertainment,Kolkata,WEST BENGAL,Online,2021-05-03
MER01553,Apollo Pharmacy 1553,Travel,Noida,Uttar Pradesh,Online,2023-04-20
MER01554,BookMyShow 1554,Grocery,Surat,Gujarat,OFFLINE,2022-03-10
MER01555,Flipkart 1555,Fashion,Pune,Maharashtra,Online,2023-02-25
MER01556,Myntra 1556,Education,Delhi,,Online,2022-10-24
MER01557,MakeMyTrip 1557,Utilities,Kolkata,,Online,2025-03-04
MER01558,BigBasket 1558,Automotive,Noida,Uttar Pradesh,,2025-11-08
MER01559,Paytm 1559,Restaurants,Surat,Gujarat,Online,2021-01-27
MER01560,Amazon India 1560,Ecommerce,Pune,maharashtra,Offline,2024-12-14
MER01561,Swiggy 1561,Food Delivery,Delhi,Delhi,Online,2024-09-24
MER01562,Reliance Digital 1562,Electronics,Kolkata,West Bengal,Offline,2024-10-08
MER01563,Apollo Pharmacy 1563,Healthcare,Noida,Uttar Pradesh,Online,2024-08-23
MER01564,BookMyShow 1564,,Surat,Gujarat,Online,2025-05-20
MER01565,Flipkart 1565,Travel,Pune,Maharashtra,Online,2025-02-16
MER01566,Myntra 1566,Grocery,Delhi,Delhi,Online,2023-03-27
MER01567,MakeMyTrip 1567,Fashion,Kolkata,West Bengal,Online,2023-10-05
MER01568,BigBasket 1568,Education,Noida, Uttar Pradesh ,Online,2021-02-27
MER01569,Paytm 1569,Utilities,surat,Gujarat,Offline,2023-06-18
MER01570,Amazon India 1570,Automotive,Pune,Maharashtra,Online,2024-10-19
MER01571,Swiggy 1571,Restaurants,Delhi,Delhi,Offline,2024-12-05
MER01572,Reliance Digital 1572,Ecommerce,Kolkata,West Bengal,Offline,2025-02-20
MER01573,Apollo Pharmacy 1573,Food Delivery,Noida,Uttar Pradesh,Offline,2023-08-18
MER01574,BookMyShow 1574,Electronics,Surat,Gujarat,Offline,2023-11-28
MER01575,Flipkart 1575,Healthcare,Pune,Maharashtra,Offline,2023-05-14
MER01576,Myntra 1576,Entertainment,Delhi,Delhi,Offline,2022-08-07
MER01577,MakeMyTrip 1577,Travel,Kolkata,West Bengal,Online,2022-02-16
MER01578,BigBasket 1578,Grocery,Noida,Uttar Pradesh,Online,2025-09-09
MER01579,Paytm 1579,Fashion,Surat,Gujarat,Online,2022-12-26
MER01580,Amazon India 1580,Education,Pune,Maharashtra,Offline,2024-07-13
MER01581,Swiggy 1581,Utilities,Delhi,Delhi,Online,2022-02-14
MER01582,Reliance Digital 1582,Automotive,Kolkata,West Bengal,Offline,2021-05-05
MER01583,Apollo Pharmacy 1583,Restaurants,Noida,Uttar Pradesh,Online,2023-12-16
MER01584,BookMyShow 1584,Ecommerce,Surat,Gujarat,Online,2023-08-04
MER01585,Flipkart 1585,Food Delivery,Pune,Maharashtra,Offline,2021-05-26
MER01586,Myntra 1586,Electronics,Delhi,Delhi,Online,2022-08-19
MER01587,MakeMyTrip 1587,Healthcare,Kolkata,,Online,2021-06-26
MER01588,BigBasket 1588,Entertainment,Noida,Uttar Pradesh,Online,2024-10-03
MER01589,Paytm 1589,Travel,Surat,Gujarat,Offline,2025-10-18
MER01590,Amazon India 1590,Grocery,Pune,Maharashtra,Online,2022-09-23
MER01591,Swiggy 1591,Fashion,Delhi,Delhi,Online,2025-09-05
MER01592,Reliance Digital 1592,Education,Kolkata,West Bengal,Online,2025-04-14
MER01593,Apollo Pharmacy 1593,Utilities,Noida,Uttar Pradesh,Offline,2022-11-16
MER01594,BookMyShow 1594,Automotive,Surat,Gujarat,Online,2024-09-19
MER01595,Flipkart 1595,Restaurants,Pune,Maharashtra,Online,2025-10-05
,Myntra 1596,Ecommerce,Delhi,Delhi,Online,2023-12-21
MER01597,MakeMyTrip 1597,Food Delivery,Kolkata,West Bengal,Offline,2023-08-22
MER01598,BigBasket 1598,Electronics,Noida,Uttar Pradesh,Offline,2022-06-11
MER01599,Paytm 1599,Healthcare,Surat,Gujarat,Online,2022-09-23
MER01600,Amazon India 1600,Entertainment,Pune,Maharashtra,Online,
MER01601,Swiggy 1601,Travel,Delhi,Delhi,Online,2024-03-15
MER01602,Reliance Digital 1602,Grocery,Kolkata,West Bengal,Online,2023-07-08
MER01603,Apollo Pharmacy 1603,Fashion,Noida,Uttar Pradesh,Online,2024-08-23
MER01604,BookMyShow 1604,Education,Surat,Gujarat,Offline,2021-03-22
MER01605,Flipkart 1605,Utilities, Pune ,Maharashtra,Online,2023-07-18
MER01606,Myntra 1606,,Delhi,Delhi,Offline,2025-07-10
MER01607,MakeMyTrip 1607,Restaurants,Kolkata,West Bengal,Online,2022-08-25
MER01608,BigBasket 1608,Ecommerce,Noida,Uttar Pradesh,Online,2022-03-01
MER01609,Paytm 1609,Food Delivery,Surat,Gujarat,Offline,2023-02-05
MER01610,Amazon India 1610,Electronics,Pune,Maharashtra,Online,2022-02-03
MER01611,Swiggy 1611,Healthcare,Delhi,Delhi,Offline,2021-11-29
MER01612,Reliance Digital 1612,Entertainment,Kolkata,West Bengal,Online,2023-10-31
MER01613,Apollo Pharmacy 1613,Travel,Noida,uttar pradesh,Offline,2021-11-27
MER01614,BookMyShow 1614,Grocery,Surat,Gujarat,Online,2023-04-23
MER01615,Flipkart 1615,Fashion,Pune,MAHARASHTRA,OFFLINE,2025-09-06
MER01616,Myntra 1616,Education,Delhi,Delhi,Online,2025-10-09
,MakeMyTrip 1617,Utilities,Kolkata,West Bengal,Offline,2023-12-31
MER01618,BigBasket 1618,Automotive,Noida,Uttar Pradesh,Online,2022-11-11
MER01619,Paytm 1619,Restaurants,Surat,Gujarat,Offline,2022-03-12
MER01620,Amazon India 1620,Ecommerce,Pune,Maharashtra,Offline,2024-04-23
MER01621,Swiggy 1621,Food Delivery,Delhi,Delhi,Online,2024-04-23
MER01622,Reliance Digital 1622,Electronics,Kolkata,West Bengal,Online,2024-08-24
MER00822,Reliance Digital 822,Grocery,Kolkata,West Bengal,Offline,2021-01-13
MER01624,BookMyShow 1624,,Surat,Gujarat,Online,2025-05-28
MER01625,Flipkart 1625,Travel,Pune,Maharashtra,Online,2022-06-06
MER01626,Myntra 1626,Grocery,Delhi,Delhi,Online,2022-02-27
MER01627,MakeMyTrip 1627,Fashion,Kolkata,West Bengal,Online,2021-05-22
MER01628,BigBasket 1628,Education,Noida,Uttar Pradesh,Online,2025-05-12
MER01629,Paytm 1629,Utilities,Surat,Gujarat,online,2022-05-01
MER01630,Amazon India 1630,Automotive,Pune,Maharashtra,Online,2022-07-14
MER01631,Swiggy 1631,Restaurants,Delhi,Delhi,Online,2022-11-27
MER01632,Reliance Digital 1632,Ecommerce,Kolkata,West Bengal,Offline,2025-01-19
MER01633,Apollo Pharmacy 1633,Food Delivery,Noida,Uttar Pradesh,Offline,2024-03-30
MER01634,BookMyShow 1634,Electronics,Surat,Gujarat,Online,2022-06-27
MER01635,Flipkart 1635,Healthcare,Pune,Maharashtra,Online,2025-10-09
MER01636,Myntra 1636,Entertainment,Delhi,Delhi,Online,2021-04-09
MER01637,MakeMyTrip 1637,Travel,Kolkata,West Bengal,Online,2024-12-11
MER01638,BigBasket 1638,Grocery,Noida,Uttar Pradesh,Online,2022-03-30
MER01639,Paytm 1639,Fashion,Surat,Gujarat,Online,2022-08-19
MER01640,Amazon India 1640,Education,Pune,,Online,2025-08-11
MER01641,Swiggy 1641,Utilities,Delhi,Delhi,Offline,2024-09-14
MER01642,Reliance Digital 1642,Automotive,Kolkata,West Bengal,Offline,2025-08-25
MER01643,Apollo Pharmacy 1643,Restaurants,Noida,Uttar Pradesh,Online,2025-07-16
MER01644,BookMyShow 1644,Ecommerce,Surat,Gujarat,Online,2023-10-06
MER01645,Flipkart 1645,,Pune,Maharashtra,Offline,2025-05-18
MER01646,Myntra 1646,Electronics,Delhi,Delhi,Offline,2023-11-14
MER01647,MakeMyTrip 1647,Healthcare,Kolkata,West Bengal,Offline,2025-11-14
MER01648,BigBasket 1648,Entertainment,Noida,Uttar Pradesh,Online,2023-02-02
MER01649,,Travel,Surat,Gujarat,Online,2024-11-25
MER01650,Amazon India 1650,Grocery,Pune,Maharashtra,Online,2025-01-16
MER01651,Swiggy 1651,Fashion,Delhi,Delhi,Online,2021-03-13
MER01652,Reliance Digital 1652,Education,Kolkata,West Bengal,Offline,2023-07-26
MER01653,Apollo Pharmacy 1653,Utilities,Noida,Uttar Pradesh,Online,2022-04-28
MER01654,BookMyShow 1654,Automotive,Surat,Gujarat,Offline,2021-09-05
MER01655,Flipkart 1655,Restaurants,Pune, Maharashtra ,,2025-03-18
MER01656,Myntra 1656,Ecommerce,Delhi,Delhi,Online,2022-05-20
MER01657,MakeMyTrip 1657,Food Delivery,Kolkata,West Bengal,Offline,2022-02-28
MER01658,BigBasket 1658,Electronics,Noida,Uttar Pradesh,Online,2025-01-03
MER01659,Paytm 1659,Healthcare,Surat,Gujarat,Online,2023-07-18
MER01660,Amazon India 1660,Entertainment,Pune,Maharashtra,Offline,2024-02-16
MER01661,Swiggy 1661,Travel,Delhi,Delhi,OFFLINE,2025-03-14
MER01662,Reliance Digital 1662,Grocery,Kolkata,West Bengal,Online,2022-09-02
MER01663,Apollo Pharmacy 1663,Fashion,Noida,Uttar Pradesh,Online,2024-08-01
MER01664,BookMyShow 1664,Education,Surat,Gujarat,Online,2022-05-30
MER01665,Flipkart 1665,Utilities,Pune,Maharashtra,Offline,2021-11-01
MER01666,Myntra 1666,Automotive,Delhi,Delhi,Offline,2022-05-10
MER01667,MakeMyTrip 1667,Restaurants,Kolkata,West Bengal,Online,2023-03-21
MER01668,BigBasket 1668,,Noida,Uttar Pradesh,Online,2025-09-15
MER01669,Paytm 1669,Food Delivery,Surat,Gujarat,Offline,2022-04-12
MER01670,Amazon India 1670,Electronics,Pune,Maharashtra,Offline,2022-09-21
MER01671,Swiggy 1671,Healthcare,Delhi,Delhi,Online,2025-04-10
MER01672,Reliance Digital 1672,Entertainment,Kolkata,West Bengal,Online,2023-06-05
MER01673,Apollo Pharmacy 1673,Travel,Noida,Uttar Pradesh,Online,2025-07-22
MER01674,BookMyShow 1674,Grocery,Surat,Gujarat,Offline,2023-06-02
MER01675,Flipkart 1675,Fashion,Pune,,Online,2025-11-09
MER01676,Myntra 1676,Education,Delhi,Delhi,Online,2023-07-28
MER01677,MakeMyTrip 1677,Utilities,Kolkata,West Bengal,Offline,2024-07-18
MER01678,BigBasket 1678,Automotive,Noida,Uttar Pradesh,Online,2024-12-28
MER01679,Paytm 1679,Restaurants,Surat,Gujarat,Offline,2025-07-02
MER01680,Amazon India 1680,Ecommerce,Pune,Maharashtra,Offline,
MER01681,Swiggy 1681,Food Delivery,Delhi,DELHI,Offline,2024-06-05
MER01682,Reliance Digital 1682,Electronics,Kolkata,West Bengal,Offline,2021-03-15
MER01683,Apollo Pharmacy 1683,Healthcare,Noida,Uttar Pradesh,Online,2021-03-30
MER01684,BookMyShow 1684,Entertainment,Surat,Gujarat,Online,2022-12-16
MER01685,Flipkart 1685,Travel,Pune,Maharashtra,Online,2024-08-16
MER01686,Myntra 1686,Grocery,Delhi,Delhi,Offline,2024-12-01
MER01687,MakeMyTrip 1687,Fashion,Kolkata,West Bengal,Online,2024-08-05
MER01688,BigBasket 1688,Education, Noida ,Uttar Pradesh,Offline,2021-04-05
MER01689,Paytm 1689,Utilities,Surat,Gujarat,Online,2023-09-02
MER01690,Amazon India 1690,Automotive,Pune,Maharashtra,Offline,2024-06-04
MER01691,Swiggy 1691,Restaurants,Delhi,Delhi,Online,2023-01-15
MER01692,Reliance Digital 1692,Ecommerce,Kolkata,West Bengal,Offline,2024-07-19
MER01693,Apollo Pharmacy 1693,Food Delivery,Noida,Uttar Pradesh,Online,2023-04-21
MER01694,BookMyShow 1694,Electronics,Surat,Gujarat,Offline,2021-05-30
,Flipkart 1695,Healthcare,Pune,Maharashtra,Online,2021-09-29
MER01696,Myntra 1696,Entertainment,Delhi,Delhi,Online,2024-09-23
MER01697,MakeMyTrip 1697,Travel,Kolkata,West Bengal,Online,2025-11-23
MER01698,BigBasket 1698,Grocery,Noida,Uttar Pradesh,Online,2023-11-16
MER01699,Paytm 1699,Fashion,Surat,Gujarat,Online,2025-10-28
MER01700,Amazon India 1700,Education,Pune,Maharashtra,Offline,2022-10-21
MER01701,Swiggy 1701,Utilities,Delhi,Delhi,Online,2024-11-23
MER01702,Reliance Digital 1702,Automotive,Kolkata,West Bengal,Offline,2023-09-23
MER01703,Apollo Pharmacy 1703,Restaurants,Noida,Uttar Pradesh,Offline,2024-09-30
,BookMyShow 1704,Ecommerce,Surat,Gujarat,Offline,2022-02-21
MER01705,Flipkart 1705,Food Delivery,Pune,Maharashtra,Online,2021-08-02
MER01706,Myntra 1706,Electronics,Delhi,Delhi,,2024-01-25
MER01707,MakeMyTrip 1707,Healthcare,Kolkata,West Bengal,Offline,2021-03-06
MER01708,BigBasket 1708,Entertainment,Noida,Uttar Pradesh,Offline,2023-01-20
MER01709,Paytm 1709,Travel,Surat,Gujarat,Online,2024-09-02
MER01710,,Grocery,Pune,Maharashtra,Online,2022-11-19
MER01711,Swiggy 1711,Fashion,Delhi,Delhi,Offline,2021-02-23
MER01712,Reliance Digital 1712,Education,Kolkata,West Bengal,Offline,2024-06-23
MER01713,Apollo Pharmacy 1713,Utilities,Noida,Uttar Pradesh,Online,2022-02-10
MER01714,BookMyShow 1714,Automotive,Surat,Gujarat,Offline,2023-12-11
MER01715,Flipkart 1715,Restaurants,Pune,Maharashtra,Online,2024-08-16
MER01716,Myntra 1716,Ecommerce,Delhi,Delhi,Online,2023-10-21
MER01717,MakeMyTrip 1717,Food Delivery,Kolkata,West Bengal,Offline,2023-05-31
MER01718,BigBasket 1718,Electronics,Noida,Uttar Pradesh,Online,2025-08-19
MER01719,Paytm 1719,Healthcare,Surat,Gujarat,Offline,2022-12-24
MER01720,Amazon India 1720,Entertainment,Pune,Maharashtra,Online,2024-11-03
MER01721,Swiggy 1721,Travel,Delhi,Delhi,Online,2022-10-12
MER01722,Reliance Digital 1722,Grocery,Kolkata,West Bengal,Online,2023-10-01
MER01723,Apollo Pharmacy 1723,Fashion,Noida,Uttar Pradesh,Offline,2022-03-12
MER01724,BookMyShow 1724,Education,Surat,Gujarat,Online,2021-10-04
MER01725,Flipkart 1725,Utilities,Pune,Maharashtra,Online,2022-01-03
MER01726,Myntra 1726,Automotive,delhi,Delhi,Offline,2021-01-12
MER01727,MakeMyTrip 1727,Restaurants,Kolkata,West Bengal,Online,2022-11-04
MER01728,BigBasket 1728,Ecommerce,Noida,Uttar Pradesh,Online,2025-09-17
MER01729,Paytm 1729,Food Delivery,Surat,Gujarat,Online,2023-06-20
MER01730,Amazon India 1730,Electronics,Pune,Maharashtra,Offline,2021-10-20
MER01731,Swiggy 1731,Healthcare,Delhi,Delhi,Online,2024-03-10
MER01732,Reliance Digital 1732,Entertainment,Kolkata,West Bengal,Online,2021-10-21
MER01733,Apollo Pharmacy 1733,Travel,Noida,Uttar Pradesh,Offline,2021-04-02
MER01734,BookMyShow 1734,Grocery, Surat ,Gujarat,Offline,2025-08-20
MER01735,Flipkart 1735,Fashion,Pune,Maharashtra,Online,2023-04-19
MER01736,,Education,Delhi,Delhi,Online,2022-12-03
MER01737,MakeMyTrip 1737,Utilities,Kolkata,West Bengal,Online,2024-06-01
MER01738,BigBasket 1738,Automotive,Noida,Uttar Pradesh,Online,2023-11-09
MER01739,Paytm 1739,Restaurants,Surat,Gujarat,Online,2021-04-28
MER01740,Amazon India 1740,Ecommerce,Pune,Maharashtra,Online,2021-07-31
MER01741,Swiggy 1741,Food Delivery,Delhi,Delhi,Offline,2024-01-28
MER01742,Reliance Digital 1742,Electronics,Kolkata,West Bengal,Online,2021-04-30
MER01743,Apollo Pharmacy 1743,Healthcare,Noida,Uttar Pradesh,Online,2023-02-23
MER01744,BookMyShow 1744,Entertainment,Surat,Gujarat,Offline,2024-04-29
MER01745,Flipkart 1745,Travel,Pune,Maharashtra,Offline,2023-02-08
MER01746,Myntra 1746,Grocery,Delhi,Delhi,Online,2025-05-25
MER01747,MakeMyTrip 1747,Fashion,Kolkata,West Bengal,Offline,2022-05-13
MER01748,BigBasket 1748,Education,Noida,Uttar Pradesh,Online,
MER01749,Paytm 1749,Utilities,Surat,Gujarat,Offline,2023-08-06
MER01750,Amazon India 1750,Automotive,Pune,Maharashtra,Online,2025-04-30
MER01751,Swiggy 1751,Restaurants,Delhi,Delhi,Online,2022-05-20
MER01752,Reliance Digital 1752,Ecommerce,Kolkata,West Bengal,Online,2024-03-11
MER01753,Apollo Pharmacy 1753,Food Delivery,Noida,Uttar Pradesh,Online,2024-06-11
MER01754,BookMyShow 1754,Electronics,Surat,Gujarat,Online,2021-04-25
MER01755,Flipkart 1755,Healthcare,Pune,Maharashtra,Online,2025-05-12
MER01756,Myntra 1756,Entertainment,Delhi,Delhi,Offline,2021-01-24
MER01757,MakeMyTrip 1757,Travel,Kolkata,West Bengal,Offline,2021-10-26
MER01758,BigBasket 1758,Grocery,Noida,Uttar Pradesh,Online,2025-08-04
MER01759,Paytm 1759,Fashion,Surat,Gujarat,Offline,2024-07-13
MER01760,Amazon India 1760,Education,Pune,Maharashtra,Online,2023-08-24
MER01761,Swiggy 1761,Utilities,Delhi,Delhi,Offline,2022-07-17
MER01762,Reliance Digital 1762,Automotive,Kolkata,West Bengal,Online,2022-05-16
MER01763,Apollo Pharmacy 1763,Restaurants,Noida,Uttar Pradesh,,2021-10-11
MER01764,BookMyShow 1764,Ecommerce,Surat,Gujarat,Online,2022-08-02
MER01765,Flipkart 1765,Food Delivery,Pune,Maharashtra,Offline,2024-12-24
MER01766,Myntra 1766,Electronics,Delhi,Delhi,Online,2024-09-16
MER01767,MakeMyTrip 1767,Healthcare,Kolkata,West Bengal,Offline,2023-04-15
MER01768,BigBasket 1768,Entertainment,Noida,Uttar Pradesh,Online,2025-01-06
MER01769,Paytm 1769,Travel,Surat,Gujarat,Online,2023-06-02
MER01770,Amazon India 1770,Grocery,Pune,Maharashtra,Offline,2023-05-02
MER01771,Swiggy 1771,Fashion,Delhi,Delhi,online,2021-10-30
MER01772,Reliance Digital 1772,,Kolkata,West Bengal,Online,2024-05-19
MER01773,Apollo Pharmacy 1773,Utilities,Noida,Uttar Pradesh,Online,2021-03-22
MER01774,BookMyShow 1774,Automotive,Surat,Gujarat,Offline,2023-12-05
MER01775,Flipkart 1775,Restaurants,Pune,Maharashtra,Online,2022-09-14
MER01776,Myntra 1776,Ecommerce,Delhi,Delhi,Online,2024-11-11
MER01777,MakeMyTrip 1777,Food Delivery,Kolkata,,Online,2025-07-28
MER01778,BigBasket 1778,Electronics,Noida,Uttar Pradesh,Online,2023-08-25
MER01779,Paytm 1779,Healthcare,Surat,Gujarat,Online,2021-04-07
MER01780,Amazon India 1780,Entertainment,Pune,Maharashtra,Online,2023-12-28
MER01781,Swiggy 1781,Travel,Delhi,Delhi,Online,2024-02-16
MER01782,Reliance Digital 1782,Grocery,Kolkata,West Bengal,Online,2024-12-09
MER01783,Apollo Pharmacy 1783,Fashion,Noida,Uttar Pradesh,Online,2023-12-27
MER01784,BookMyShow 1784,Education,Surat,Gujarat,Online,2024-03-24
MER01785,Flipkart 1785,Utilities,Pune,Maharashtra,Online,2025-03-05
MER01786,Myntra 1786,Automotive,Delhi,Delhi,Online,2025-06-30
MER01787,MakeMyTrip 1787,Restaurants,Kolkata,West Bengal,Online,2025-09-07
MER01788,BigBasket 1788,Ecommerce,NOIDA,Uttar Pradesh,Online,2023-07-13
MER01789,Paytm 1789,Food Delivery,Surat,Gujarat,Online,2022-10-19
MER01790,Amazon India 1790,Electronics,Pune,Maharashtra,Offline,2023-06-02
MER01791,Swiggy 1791,Healthcare,Delhi,Delhi,Offline,2024-07-06
MER01792,Reliance Digital 1792,Entertainment,Kolkata,West Bengal,Online,2024-01-05
MER01793,Apollo Pharmacy 1793,Travel,Noida,Uttar Pradesh,Online,2022-11-24
MER01794,BookMyShow 1794,Grocery,Surat,Gujarat,Online,2025-05-09
MER01795,Flipkart 1795,Fashion,Pune,Maharashtra,Offline,2025-09-26
MER01796,Myntra 1796,Education,Delhi,Delhi,Online,2023-01-29
MER01797,MakeMyTrip 1797,Utilities,Kolkata,West Bengal,Offline,2025-04-11
MER01798,BigBasket 1798,Automotive,Noida,Uttar Pradesh,Online,2025-06-24
MER01799,Paytm 1799,Restaurants,Surat,Gujarat,Offline,2023-07-23
MER01800,Amazon India 1800,Ecommerce,Pune,Maharashtra,Offline,2021-02-04
MER01801,Swiggy 1801,Food Delivery,Delhi,Delhi,Online,2024-09-22
MER01802,Reliance Digital 1802,Electronics,Kolkata,West Bengal,Online,2025-11-25
MER01803,Apollo Pharmacy 1803,Healthcare,Noida,Uttar Pradesh,Offline,2024-06-19
MER01804,BookMyShow 1804,Entertainment,Surat,Gujarat,Online,2021-07-23
MER01805,Flipkart 1805,Travel,Pune,Maharashtra,Offline,2025-07-27
MER01806,Myntra 1806,Grocery,DELHI,Delhi,Online,2024-01-09
MER01807,MakeMyTrip 1807,Fashion,KOLKATA,West Bengal,Offline,2024-10-26
MER01808,BigBasket 1808,Education,Noida,Uttar Pradesh,Online,2022-06-29
MER01809,Paytm 1809,Utilities,Surat,Gujarat,Online,2025-03-06
MER01810,Amazon India 1810,Automotive,Pune,Maharashtra,Online,2023-12-12
MER01811,Swiggy 1811,Restaurants,Delhi,Delhi,Offline,2021-04-19
MER01812,Reliance Digital 1812,Ecommerce,Kolkata,West Bengal,Online,2021-11-10
MER01813,Apollo Pharmacy 1813,Food Delivery,Noida,Uttar Pradesh,Offline,2022-09-18
MER01814,BookMyShow 1814,Electronics,Surat,Gujarat,Online,2023-01-26
MER01815,Flipkart 1815,Healthcare,Pune,Maharashtra,Online,2021-08-23
MER01816,Myntra 1816,Entertainment,Delhi,Delhi,Offline,2024-05-06
MER01817,MakeMyTrip 1817,Travel,Kolkata,West Bengal,Online,2022-08-30
MER01818,BigBasket 1818,Grocery,Noida,Uttar Pradesh,Online,2023-06-26
MER01819,Paytm 1819,Fashion,Surat,Gujarat,Online,2021-05-23
MER01820,Amazon India 1820,Education,Pune,Maharashtra,Online,2024-09-26
MER01821,Swiggy 1821,Utilities,,Delhi,Online,2024-08-01
MER01822,Reliance Digital 1822,Automotive,Kolkata,West Bengal,Offline,2025-06-23
MER01823,Apollo Pharmacy 1823,Restaurants,Noida,Uttar Pradesh,Online,2022-11-10
MER01824,BookMyShow 1824,Ecommerce,,Gujarat,Online,2021-09-02
MER01825,Flipkart 1825,Food Delivery, Pune ,Maharashtra,Online,2021-05-02
MER01826,Myntra 1826,Electronics,Delhi,Delhi,Online,2021-06-18
MER01827,MakeMyTrip 1827,Healthcare,Kolkata,West Bengal,Offline,2024-04-16
MER01828,BigBasket 1828,Entertainment,Noida,Uttar Pradesh,Online,2021-02-09
MER01829,Paytm 1829,Travel,Surat,Gujarat,Offline,2022-01-25
MER01830,Amazon India 1830,Grocery,Pune,Maharashtra,Offline,2024-12-01
MER01831,Swiggy 1831,Fashion,Delhi,Delhi,Online,2025-09-02
MER01832,Reliance Digital 1832,Education,,West Bengal,online,2023-06-18
MER01833,Apollo Pharmacy 1833,Utilities,Noida,Uttar Pradesh,Online,2021-11-12
MER01834,BookMyShow 1834,Automotive,Surat,Gujarat,Offline,2021-12-02
MER01835,Flipkart 1835,Restaurants,Pune,Maharashtra,Online,2024-09-27
MER01836,Myntra 1836,Ecommerce,Delhi,Delhi,Online,2021-04-06
MER01837,MakeMyTrip 1837,Food Delivery,Kolkata,West Bengal,Online,2025-06-19
MER01838,BigBasket 1838,Electronics,Noida,Uttar Pradesh,Offline,2023-10-06
MER01839,Paytm 1839,Healthcare,Surat,Gujarat,Online,2025-09-10
MER01840,Amazon India 1840,Entertainment,Pune,Maharashtra,unknown,2024-03-24
MER01841,Swiggy 1841,Travel,Delhi,Delhi,Online,2021-11-05
MER01842,Reliance Digital 1842,Grocery,Kolkata,West Bengal,Online,2023-01-05
MER01843,Apollo Pharmacy 1843,Fashion,Noida,Uttar Pradesh,Online,2023-01-30
MER01844,BookMyShow 1844,Education,Surat,Gujarat,Online,2021-06-26
MER01845,Flipkart 1845,Utilities,Pune,Maharashtra,Online,2022-10-08
MER01846,Myntra 1846,Automotive,Delhi,Delhi,Online,2022-07-30
MER01847,MakeMyTrip 1847,Restaurants,Kolkata,West Bengal,Online,2022-01-19
MER01848,BigBasket 1848,Ecommerce,Noida,Uttar Pradesh,Offline,2021-12-12
MER01849,Paytm 1849,Food Delivery,Surat,Gujarat,Online,2024-12-10
MER01850,Amazon India 1850,Electronics,Pune,Maharashtra,Online,2024-06-16
MER01851,,Healthcare,Delhi,Delhi,Offline,2025-11-13
MER01852,Reliance Digital 1852,Entertainment,Kolkata,West Bengal,Online,2021-03-11
MER01853,Apollo Pharmacy 1853,Travel,Noida,Uttar Pradesh,,2024-12-10
MER01854,BookMyShow 1854,Grocery,Surat,Gujarat,Online,2023-09-26
MER01855,Flipkart 1855,Fashion,Pune,Maharashtra,Online,2023-11-27
MER01856,Myntra 1856,Education,Delhi,Delhi,Offline,2021-02-27
MER01857,MakeMyTrip 1857,Utilities,Kolkata,West Bengal,Online,2022-11-15
MER01858,BigBasket 1858,Automotive,Noida,Uttar Pradesh,Offline,2023-07-11
MER05244,BookMyShow 5244,Ecommerce,Surat,Gujarat,Offline,2021-02-26
MER01860,Amazon India 1860,Ecommerce,Pune,Maharashtra,Offline,2021-07-08
MER01861,Swiggy 1861,Food Delivery,Delhi,Delhi,Online,2025-01-31
MER01862,Reliance Digital 1862,Electronics,Kolkata,West Bengal,Online,2022-03-15
MER01863,Apollo Pharmacy 1863,Healthcare,Noida,Uttar Pradesh,,2024-07-31
MER01864,BookMyShow 1864,Entertainment,Surat,Gujarat,Online,2021-02-17
MER01865,Flipkart 1865,Travel,Pune,Maharashtra,Online,2024-01-07
MER01866,,Grocery,Delhi,Delhi,Online,2023-04-10
MER01867,MakeMyTrip 1867,Fashion,Kolkata,West Bengal,Online,2024-08-27
MER01868,,Education,Noida,Uttar Pradesh,Offline,2025-03-09
MER01869,Paytm 1869,Utilities,Surat,Gujarat,Offline,2024-12-12
MER01870,Amazon India 1870,Automotive,Pune,Maharashtra,Online,2024-06-11
MER01871,Swiggy 1871,Restaurants,Delhi,Delhi,Online,2021-11-18
MER01872,Reliance Digital 1872,Ecommerce,Kolkata,West Bengal,Online,2024-09-24
MER01873,Apollo Pharmacy 1873,Food Delivery,Noida,Uttar Pradesh,Online,2021-01-12
MER01874,BookMyShow 1874,Electronics,Surat,Gujarat,Online,2021-08-14
MER01875,Flipkart 1875,Healthcare,Pune,Maharashtra,Online,2023-11-02
MER01876,Myntra 1876,Entertainment,Delhi,Delhi,Offline,2024-06-03
MER01877,MakeMyTrip 1877,Travel,Kolkata,West Bengal,Online,2022-02-19
MER01878,BigBasket 1878,Grocery,Noida,Uttar Pradesh,Online,2021-06-03
MER01879,Paytm 1879,Fashion,Surat,Gujarat,Offline,2024-11-12
MER01880,Amazon India 1880,Education,Pune,Maharashtra,Online,2024-10-23
MER01881,Swiggy 1881,Utilities,Delhi,Delhi,Offline,2022-12-20
MER01882,Reliance Digital 1882,Automotive,Kolkata,West Bengal,Online,2022-05-14
MER01883,Apollo Pharmacy 1883,Restaurants,Noida,Uttar Pradesh,Offline,2021-07-22
MER01884,BookMyShow 1884,Ecommerce,Surat,Gujarat,Online,
MER01885,Flipkart 1885,Food Delivery,Pune,Maharashtra,Offline,2022-11-23
MER01886,Myntra 1886,Electronics,Delhi,Delhi,Offline,2025-04-16
MER01887,MakeMyTrip 1887,Healthcare,Kolkata,West Bengal,Online,2021-02-14
MER01888,BigBasket 1888,Entertainment,Noida,Uttar Pradesh,Online,2022-08-15
MER01889,Paytm 1889,Travel,,Gujarat,Online,2022-01-05
,Amazon India 1890,Grocery,Pune,Maharashtra,Offline,2023-11-22
MER01891,Swiggy 1891,Fashion,Delhi,Delhi,Online,2022-01-23
MER01892,Reliance Digital 1892,Education,Kolkata,West Bengal,Online,2021-11-25
MER01893,Apollo Pharmacy 1893,Utilities,Noida,Uttar Pradesh,Online,2021-08-19
MER01894,BookMyShow 1894,Automotive,Surat,Gujarat,Offline,2025-09-16
MER01895,Flipkart 1895,Restaurants,Pune,Maharashtra,Online,2023-01-16
MER01896,Myntra 1896,Ecommerce,Delhi,Delhi,Online,2023-10-28
MER01897,MakeMyTrip 1897,Food Delivery,,West Bengal,Offline,2022-07-29
MER01898,BigBasket 1898,Electronics,Noida,Uttar Pradesh,Offline,2021-03-02
MER01899,Paytm 1899,Healthcare,Surat,Gujarat,Online,2021-09-29
MER01900,Amazon India 1900,Entertainment,Pune,Maharashtra,Online,2023-04-11
MER01901,Swiggy 1901,Travel, Delhi ,Delhi,Offline,2025-11-29
MER01902,Reliance Digital 1902,Grocery,Kolkata,West Bengal,Offline,2024-04-19
MER01903,Apollo Pharmacy 1903,Fashion,Noida,Uttar Pradesh,Online,2024-08-15
MER01904,BookMyShow 1904,Education,Surat,Gujarat,Offline,2022-11-11
MER01905,Flipkart 1905,Utilities,Pune,Maharashtra,Offline,2021-03-10
MER01906,Myntra 1906,Automotive,Delhi,Delhi,Offline,2023-04-29
MER01907,MakeMyTrip 1907,Restaurants,Kolkata,West Bengal,Online,2025-04-19
MER01908,BigBasket 1908,Ecommerce,Noida,Uttar Pradesh,Online,2021-01-31
,Paytm 1909,Food Delivery,Surat,Gujarat,Online,2025-07-02
MER01910,Amazon India 1910,Electronics,Pune,Maharashtra,Offline,2023-11-06
MER01911,Swiggy 1911,Healthcare,Delhi,Delhi,Online,2025-07-06
MER01912,,Entertainment,Kolkata,West Bengal,Online,2023-11-04
MER01913,Apollo Pharmacy 1913,Travel,Noida,Uttar Pradesh,Offline,2023-08-03
MER01914,BookMyShow 1914,Grocery,Surat,Gujarat,Online,2022-10-04
MER01915,Flipkart 1915,Fashion,Pune,Maharashtra,Online,2021-06-13
MER01916,Myntra 1916,Education,Delhi,Delhi,Offline,2021-09-20
MER01917,MakeMyTrip 1917,Utilities,Kolkata,West Bengal,Online,2024-12-27
MER01918,BigBasket 1918,Automotive,Noida,Uttar Pradesh,Online,2024-06-18
MER01919,Paytm 1919,Restaurants,Surat,Gujarat,Online,2025-03-17
MER01920,Amazon India 1920,Ecommerce,Pune,Maharashtra,Offline,2022-09-15
MER01921,Swiggy 1921,Food Delivery,Delhi,Delhi,Online,2025-08-04
MER01922,Reliance Digital 1922,Electronics,Kolkata,West Bengal,Online,2022-06-24
MER01923,Apollo Pharmacy 1923,Healthcare,Noida,Uttar Pradesh,Online,2021-10-17
MER01924,BookMyShow 1924,Entertainment,Surat,Gujarat, Online ,2024-07-28
MER01925,Flipkart 1925,Travel,Pune,Maharashtra,Offline,2024-10-19
MER01926,Myntra 1926,Grocery,Delhi,Delhi,Online,2021-02-14
MER01927,MakeMyTrip 1927,Fashion,Kolkata,West Bengal,Offline,2024-12-04
MER01928,BigBasket 1928,Education,Noida,Uttar Pradesh,Online,2022-01-28
MER01929,Paytm 1929,Utilities,Surat,Gujarat,Offline,2024-02-15
MER01930,Amazon India 1930,Automotive,Pune,Maharashtra,Online,2022-09-05
MER01931,Swiggy 1931,Restaurants, Delhi ,Delhi,Online,2021-09-22
MER01932,Reliance Digital 1932,Ecommerce,Kolkata,West Bengal,Online,2025-04-27
MER01933,Apollo Pharmacy 1933,Food Delivery,Noida,Uttar Pradesh,Online,2021-05-11
MER01934,BookMyShow 1934,Electronics,Surat,Gujarat,Offline,2021-05-10
MER01935,Flipkart 1935,Healthcare,Pune,Maharashtra,Online,2024-04-08
MER01936,Myntra 1936,Entertainment,Delhi,Delhi,Offline,2022-03-11
MER01937,MakeMyTrip 1937,Travel,Kolkata,West Bengal,Online,2023-02-17
MER01938,BigBasket 1938,Grocery,Noida,Uttar Pradesh,Online,2025-11-29
MER01939,Paytm 1939,Fashion,Surat,Gujarat,Offline,2022-12-07
MER01940,Amazon India 1940,Education,Pune,Maharashtra,Online,2023-11-30
MER01941,Swiggy 1941,Utilities,Delhi,Delhi,Online,2022-04-08
MER01942,Reliance Digital 1942,Automotive,Kolkata,West Bengal,Online,2025-06-30
MER01943,Apollo Pharmacy 1943,Restaurants,Noida,Uttar Pradesh,Online,2024-03-20
MER01944,BookMyShow 1944,Ecommerce,Surat,Gujarat,Online,2022-10-01
MER01945,Flipkart 1945,Food Delivery,Pune,,Online,2021-07-27
MER01946,Myntra 1946,Electronics,Delhi,Delhi,Online,2024-12-07
MER01947,MakeMyTrip 1947,Healthcare,Kolkata,West Bengal,Online,
MER01948,BigBasket 1948,Entertainment,Noida,Uttar Pradesh,Online,2021-11-04
MER01949,Paytm 1949,Travel,Surat,Gujarat,unknown,2024-12-28
MER01950,Amazon India 1950,Grocery,Pune,Maharashtra,,2024-09-21
MER01951,Swiggy 1951,Fashion,Delhi,Delhi,Offline,2025-08-25
MER01952,Reliance Digital 1952,Education,Kolkata,West Bengal,Online,2025-06-05
MER01953,Apollo Pharmacy 1953,Utilities,Noida,Uttar Pradesh,Online,2025-01-11
MER01954,BookMyShow 1954,Automotive,Surat,Gujarat,Offline,2024-10-27
MER01955,Flipkart 1955,Restaurants,Pune,Maharashtra,Offline,2022-02-25
MER01956,Myntra 1956,Ecommerce,Delhi,Delhi,Online,2022-07-27
MER01957,MakeMyTrip 1957,Food Delivery,Kolkata,West Bengal,Online,2022-06-11
MER01958,BigBasket 1958,Electronics,Noida,Uttar Pradesh,Online,2023-07-03
MER01959,Paytm 1959,Healthcare,Surat,Gujarat,Online,2021-02-03
MER01960,Amazon India 1960,Entertainment,Pune,Maharashtra,online,2024-01-06
MER01961,Swiggy 1961,Travel,Delhi,Delhi,Online,2024-02-23
MER01962,Reliance Digital 1962,Grocery,Kolkata,West Bengal,Online,2023-07-25
MER01963,Apollo Pharmacy 1963,Fashion,Noida,Uttar Pradesh,Online,2025-09-23
MER01964,BookMyShow 1964,Education,Surat,Gujarat,Offline,2023-11-13
MER01965,Flipkart 1965,Utilities,Pune,Maharashtra,Offline,2023-07-10
MER01966,Myntra 1966,Automotive,Delhi,Delhi,Online,
MER01967,MakeMyTrip 1967,Restaurants,Kolkata,West Bengal,Offline,2021-10-05
MER01968,BigBasket 1968,Ecommerce,Noida,Uttar Pradesh,Offline,2021-11-28
MER01969,Paytm 1969,Food Delivery,Surat,Gujarat,Online,2024-09-07
MER01970,Amazon India 1970,Electronics,Pune,Maharashtra,Offline,2023-12-25
MER01971,Swiggy 1971,Healthcare,Delhi,Delhi,Offline,2024-05-31
MER01972,Reliance Digital 1972,Entertainment,Kolkata,West Bengal,Online,2021-07-26
MER01973,Apollo Pharmacy 1973,Travel,Noida,Uttar Pradesh,Online,2024-05-04
MER01974,BookMyShow 1974,Grocery,Surat,Gujarat,Online,2025-02-11
MER01975,Flipkart 1975,Fashion,pune,Maharashtra,Offline,2023-03-17
MER01976,Myntra 1976,Education,Delhi,Delhi,Online,2022-09-14
MER01977,MakeMyTrip 1977,Utilities,Kolkata,,Online,2024-01-20
MER01978,BigBasket 1978,Automotive,Noida,Uttar Pradesh,Online,2023-07-30
MER01979,Paytm 1979,Restaurants, Surat ,Gujarat,Online,2024-09-02
MER01980,Amazon India 1980,Ecommerce,Pune,Maharashtra,Offline,2023-02-07
MER01981,Swiggy 1981,Food Delivery,Delhi,Delhi,Online,2023-04-05
MER01982,Reliance Digital 1982,Electronics,Kolkata,West Bengal,,2023-06-16
MER01983,Apollo Pharmacy 1983,Healthcare,noida,Uttar Pradesh,Online,2022-08-29
MER01984,BookMyShow 1984,Entertainment,Surat,Gujarat,Online,2023-11-30
MER01985,Flipkart 1985,Travel,Pune,Maharashtra,Offline,2023-11-29
MER01986,Myntra 1986,Grocery,Delhi,Delhi,Offline,2025-11-21
MER01987,MakeMyTrip 1987,Fashion,Kolkata,West Bengal,Offline,2025-05-08
MER01988,BigBasket 1988,Education,noida,Uttar Pradesh,Offline,2023-07-01
MER01989,Paytm 1989,Utilities,Surat,Gujarat,Online,2021-06-26
MER01990,Amazon India 1990,Automotive,Pune,Maharashtra,Online,2024-07-05
MER01991,Swiggy 1991,Restaurants,Delhi,Delhi,Online,2025-11-01
MER01992,Reliance Digital 1992,Ecommerce,Kolkata,West Bengal,Online,2023-08-26
MER01993,Apollo Pharmacy 1993,Food Delivery,Noida,Uttar Pradesh,Online,2024-04-06
MER01994,BookMyShow 1994,Electronics,surat,Gujarat,Online,2022-10-31
MER01995,Flipkart 1995,Healthcare,Pune,Maharashtra,Online,2022-06-22
MER01996,Myntra 1996,Entertainment,Delhi,,Offline,2024-06-12
MER01997,MakeMyTrip 1997,Travel,Kolkata,West Bengal,Online,2023-02-26
MER01998,BigBasket 1998,Grocery,Noida,Uttar Pradesh,Online,2022-01-31
MER01999,Paytm 1999,Fashion,Surat,Gujarat,Online,2023-12-26
MER02000,Amazon India 2000,,Pune,Maharashtra,Online,2023-07-17
MER02001,Swiggy 2001,Utilities,Delhi,Delhi,Online,2024-09-11
MER02002,Reliance Digital 2002,Automotive,Kolkata,West Bengal,Online,2024-06-15
MER02003,Apollo Pharmacy 2003,Restaurants,Noida,Uttar Pradesh,Offline,2024-03-04
MER02004,,Ecommerce,Surat,Gujarat,Online,2025-09-14
MER02005,Flipkart 2005,Food Delivery,Pune,Maharashtra,Online,2025-04-04
MER02006,Myntra 2006,Electronics,Delhi,Delhi,Online,2024-12-17
MER02007,MakeMyTrip 2007,Healthcare,Kolkata,West Bengal,Online,2025-10-31
MER02008,BigBasket 2008,Entertainment,NOIDA,,Online,2025-01-20
MER02009,Paytm 2009,Travel,Surat,Gujarat,Offline,2022-10-10
MER02010,Amazon India 2010,Grocery,Pune,Maharashtra,Offline,2023-11-26
MER02011,Swiggy 2011,Fashion,Delhi,Delhi,Online,2021-04-22
MER02012,Reliance Digital 2012,Education,Kolkata,West Bengal,Online,2021-12-06
MER02013,Apollo Pharmacy 2013,Utilities,Noida,Uttar Pradesh,Online,2024-12-29
MER02014,BookMyShow 2014,Automotive,Surat,,Online,2022-05-20
MER02015,Flipkart 2015,Restaurants,Pune,Maharashtra,Online,2021-09-04
MER02016,Myntra 2016,,Delhi,Delhi,,2021-10-02
MER02017,,Food Delivery,Kolkata,West Bengal,Offline,2024-04-29
MER02018,BigBasket 2018,Electronics,Noida,Uttar Pradesh,Online,2024-01-04
MER02019,Paytm 2019,Healthcare,Surat,Gujarat,Offline,2022-11-07
MER02020,Amazon India 2020,Entertainment,Pune,Maharashtra,Offline,2023-06-19
MER02021,Swiggy 2021,Travel,Delhi,Delhi,Offline,2023-02-07
MER02022,Reliance Digital 2022,Grocery,Kolkata,West Bengal,Online,2024-09-09
MER02023,Apollo Pharmacy 2023,Fashion,Noida,Uttar Pradesh,Offline,2023-01-08
MER02024,BookMyShow 2024,Education,Surat,Gujarat,Offline,2023-07-10
MER02025,Flipkart 2025,Utilities,Pune,Maharashtra,Online,2024-02-29
MER02026,Myntra 2026,Automotive,,Delhi,Online,2024-01-05
MER02027,MakeMyTrip 2027,Restaurants,Kolkata,West Bengal,Offline,2024-08-29
MER02028,BigBasket 2028,Ecommerce,Noida,Uttar Pradesh,Online,2021-04-23
MER02029,Paytm 2029,Food Delivery,Surat,Gujarat,Offline,2021-04-03
MER02030,Amazon India 2030,Electronics,Pune,Maharashtra,Online,2022-09-15
MER02031,Swiggy 2031,Healthcare,Delhi,Delhi,Online,2023-05-17
MER02032,Reliance Digital 2032,Entertainment,Kolkata,West Bengal,Offline,2022-12-28
MER02033,Apollo Pharmacy 2033,Travel,Noida,Uttar Pradesh,Online,2025-07-08
MER02034,BookMyShow 2034,Grocery,Surat,Gujarat,Offline,2025-11-18
MER02035,Flipkart 2035,Fashion,Pune,Maharashtra,Offline,2021-07-28
MER02036,Myntra 2036,Education,Delhi,Delhi,Online,2025-10-26
,MakeMyTrip 2037,Utilities,Kolkata,West Bengal,Offline,2023-02-15
MER02038,BigBasket 2038,Automotive,Noida,Uttar Pradesh,Online,2022-09-14
MER02039,Paytm 2039,Restaurants,Surat,Gujarat,Online,2021-06-23
MER02040,Amazon India 2040,Ecommerce,Pune,Maharashtra,Online,2024-05-30
MER02041,Swiggy 2041,Food Delivery,Delhi,Delhi,Offline,2023-05-04
MER02042,Reliance Digital 2042,Electronics,Kolkata,West Bengal,Offline,2024-01-19
MER02043,Apollo Pharmacy 2043,Healthcare,Noida,Uttar Pradesh,Online,2021-01-05
MER02044,BookMyShow 2044,Entertainment,Surat,Gujarat,Offline,2022-09-10
MER02045,Flipkart 2045,Travel,Pune,Maharashtra,Online,2023-06-04
MER02046,Myntra 2046,Grocery,Delhi,Delhi,Online,2022-03-19
MER02047,MakeMyTrip 2047,Fashion,Kolkata,West Bengal,Online,2022-04-16
MER02048,BigBasket 2048,Education,,Uttar Pradesh,Online,2022-12-07
MER02049,Paytm 2049,Utilities,Surat,Gujarat,Online,2025-10-16
MER02050,Amazon India 2050,Automotive,Pune,Maharashtra,Online,2024-02-01
MER02051,Swiggy 2051,Restaurants,Delhi,Delhi,Online,2023-10-17
MER02052,Reliance Digital 2052,Ecommerce,Kolkata,West Bengal,Online,2024-07-24
MER02053,Apollo Pharmacy 2053,Food Delivery,,Uttar Pradesh,Offline,2023-02-06
MER02054,,Electronics,Surat,Gujarat,Online,2025-08-13
MER02055,Flipkart 2055,Healthcare,Pune,Maharashtra,Offline,2025-02-08
MER02056,Myntra 2056,Entertainment,Delhi,Delhi,Online,2023-12-03
MER02057,MakeMyTrip 2057,Travel,Kolkata,West Bengal,Online,2025-02-12
MER02058,BigBasket 2058,Grocery,Noida,Uttar Pradesh,Online,2024-08-04
MER02059,Paytm 2059,Fashion,Surat,Gujarat,Online,2021-02-26
MER02060,Amazon India 2060,Education,Pune,Maharashtra,Online,2022-10-12
MER02061,Swiggy 2061,Utilities,Delhi,Delhi,Offline,2021-04-19
MER02062,Reliance Digital 2062,Automotive,Kolkata,West Bengal,Online,2024-08-07
MER02063,Apollo Pharmacy 2063,Restaurants,Noida,Uttar Pradesh,Online,2024-06-28
MER02064,BookMyShow 2064,Ecommerce,Surat,Gujarat,Online,2024-12-16
MER02065,Flipkart 2065,Food Delivery,Pune,Maharashtra,Online,2023-02-02
MER02066,Myntra 2066,Electronics,Delhi,Delhi,online,2023-12-13
MER02067,,Healthcare,Kolkata,,Offline,2021-06-24
MER02068,BigBasket 2068,Entertainment,Noida,Uttar Pradesh,Online,2023-04-14
MER02069,Paytm 2069,Travel,Surat,Gujarat,Offline,2022-08-03
MER02070,Amazon India 2070,Grocery,Pune,Maharashtra,Offline,2024-10-19
,Swiggy 2071,Fashion,Delhi,Delhi,Offline,2024-10-31
MER02072,Reliance Digital 2072,Education,Kolkata,West Bengal,Online,2021-08-04
MER02073,Apollo Pharmacy 2073,Utilities,Noida,Uttar Pradesh,Online,2021-04-01
MER02074,BookMyShow 2074,Automotive,Surat,Gujarat,Online,2021-11-08
MER02075,Flipkart 2075,Restaurants,Pune,Maharashtra,Online,2022-11-30
MER02076,Myntra 2076,Ecommerce,Delhi,Delhi,Offline,2024-05-29
MER02077,MakeMyTrip 2077,Food Delivery,Kolkata,West Bengal,Online,2021-05-12
MER02078,BigBasket 2078,Electronics,Noida,Uttar Pradesh,Online,2025-04-27
MER02079,Paytm 2079,Healthcare,Surat,Gujarat,Offline,2025-03-18
MER02080,Amazon India 2080,Entertainment,Pune,Maharashtra,Online,2023-04-07
MER02081,Swiggy 2081,Travel,Delhi,Delhi,Online,2022-09-04
MER02082,Reliance Digital 2082,Grocery,Kolkata,West Bengal,Offline,2021-07-03
MER06823,Apollo Pharmacy 6823,Fashion,Noida,Uttar Pradesh,Online,2024-02-18
MER02084,BookMyShow 2084,Education,Surat,Gujarat,Online,2021-08-17
MER02085,Flipkart 2085,Utilities,Pune,MAHARASHTRA,Online,2025-06-22
MER02086,Myntra 2086,Automotive,Delhi,Delhi,Offline,2023-06-08
MER02087,MakeMyTrip 2087,Restaurants,Kolkata,West Bengal,Online,2024-08-06
MER02088,BigBasket 2088,Ecommerce,Noida,Uttar Pradesh,Offline,2022-11-17
MER02089,Paytm 2089,Food Delivery,Surat,Gujarat,Offline,2022-06-22
MER02090,Amazon India 2090,Electronics,Pune,Maharashtra,Online,2023-06-15
MER02091,Swiggy 2091,Healthcare,Delhi,Delhi,Online,2023-11-20
MER02092,Reliance Digital 2092,Entertainment,Kolkata,West Bengal,Online,2025-03-13
MER02093,Apollo Pharmacy 2093,Travel,Noida,Uttar Pradesh,Offline,2024-03-07
MER02094,BookMyShow 2094,Grocery,Surat,Gujarat,Online,2023-09-04
MER02095,Flipkart 2095,Fashion,Pune,Maharashtra,Online,2023-02-14
MER02096,Myntra 2096,Education,Delhi,delhi,Online,2023-11-06
MER02097,MakeMyTrip 2097,Utilities,Kolkata,West Bengal,Offline,2024-09-27
MER02098,BigBasket 2098,Automotive,Noida,Uttar Pradesh,Online,2022-03-02
MER02099,Paytm 2099,Restaurants,Surat,Gujarat,Offline,2025-03-30
MER02100,Amazon India 2100,Ecommerce,Pune,Maharashtra,Offline,2024-12-13
MER02101,Swiggy 2101,Food Delivery,Delhi,Delhi,Online,2025-11-21
MER02102,Reliance Digital 2102,Electronics,Kolkata,West Bengal,Offline,2024-01-01
MER02103,Apollo Pharmacy 2103,Healthcare,Noida,Uttar Pradesh,Online,2022-06-22
MER02104,BookMyShow 2104,Entertainment,Surat,Gujarat,Online,2025-07-12
MER02105,Flipkart 2105,Travel,Pune,Maharashtra,Offline,2024-09-12
MER02106,Myntra 2106,Grocery,Delhi,Delhi,Online,2024-08-17
MER02107,MakeMyTrip 2107,Fashion,Kolkata,,Online,2023-11-20
MER02108,BigBasket 2108,Education,Noida,Uttar Pradesh,Online,2024-05-22
MER02109,Paytm 2109,Utilities,Surat,Gujarat,Online,2021-06-28
MER02110,Amazon India 2110,Automotive,Pune,Maharashtra,Online,2024-08-18
MER02111,Swiggy 2111,Restaurants,Delhi,Delhi,Online,2024-05-28
MER02112,Reliance Digital 2112,Ecommerce,Kolkata,West Bengal,Online,2022-12-19
MER02113,Apollo Pharmacy 2113,Food Delivery,Noida,Uttar Pradesh,Online,2024-12-21
MER02114,BookMyShow 2114,Electronics,Surat,Gujarat,Online,2025-04-08
MER02115,Flipkart 2115,Healthcare,Pune,Maharashtra,Offline,2024-08-09
MER02116,Myntra 2116,Entertainment,Delhi,Delhi,Online,2021-12-11
MER02117,MakeMyTrip 2117,Travel,Kolkata,West Bengal,Online,2023-07-13
MER02118,BigBasket 2118,Grocery,Noida,Uttar Pradesh,Offline,2025-08-25
MER02119,Paytm 2119,Fashion,Surat,Gujarat,Offline,2021-06-29
MER02120,Amazon India 2120,Education,Pune,Maharashtra,Online,2025-07-08
MER02121,Swiggy 2121,Utilities,Delhi,Delhi,Online,2024-02-07
MER02122,Reliance Digital 2122,Automotive,Kolkata,West Bengal,Online,2023-09-26
MER02123,Apollo Pharmacy 2123,Restaurants,Noida,Uttar Pradesh,Offline,2023-12-20
MER02124,BookMyShow 2124,Ecommerce,Surat,Gujarat,Online,2023-02-21
MER02125,Flipkart 2125,Food Delivery,Pune,Maharashtra,Online,2021-07-11
MER02126,Myntra 2126,Electronics,delhi,Delhi,Online,2022-06-03
MER02127,MakeMyTrip 2127,Healthcare,Kolkata,West Bengal,Online,
MER02128,BigBasket 2128,Entertainment,Noida,Uttar Pradesh,Online,2021-04-28
MER02129,Paytm 2129,,SURAT,Gujarat,Online,2025-01-29
MER02130,Amazon India 2130,Grocery,Pune,MAHARASHTRA,Online,2021-06-22
MER02131,Swiggy 2131,Fashion,Delhi,Delhi,Online,2023-04-15
MER02132,Reliance Digital 2132,Education,Kolkata,West Bengal,Online,2023-08-04
MER02133,Apollo Pharmacy 2133,Utilities,Noida,Uttar Pradesh,Offline,2023-01-21
MER02134,BookMyShow 2134,Automotive,Surat,Gujarat,Offline,2025-06-10
MER02135,Flipkart 2135,Restaurants,Pune,Maharashtra,,2025-11-20
MER02136,,Ecommerce,Delhi,Delhi,Online,2025-07-20
MER02137,MakeMyTrip 2137,Food Delivery,Kolkata,West Bengal,Online,2021-03-23
MER02138,BigBasket 2138,Electronics,Noida,Uttar Pradesh,Offline,2025-07-14
MER02139,Paytm 2139,Healthcare,Surat,Gujarat,Online,2024-10-21
MER02140,,Entertainment,Pune,Maharashtra,Offline,2021-03-24
MER02141,Swiggy 2141,Travel,Delhi,Delhi,Offline,2022-09-25
MER02142,Reliance Digital 2142,Grocery,Kolkata,West Bengal,Offline,2021-06-10
MER02143,Apollo Pharmacy 2143,Fashion,Noida,Uttar Pradesh,Online,2022-01-03
MER02144,BookMyShow 2144,Education,Surat,Gujarat,Online,2021-02-07
MER09200,Amazon India 9200,Education,Pune,Maharashtra,Online,2024-05-22
MER02146,Myntra 2146,Automotive,Delhi,Delhi,Offline,2024-11-22
MER02147,MakeMyTrip 2147,Restaurants,Kolkata,West Bengal,Online,2023-08-26
,BigBasket 2148,Ecommerce,Noida,Uttar Pradesh,Online,2022-07-02
MER02149,Paytm 2149,Food Delivery,Surat,Gujarat,Offline,2024-05-07
MER02150,Amazon India 2150,Electronics,Pune,Maharashtra,Online,2025-04-15
MER02151,Swiggy 2151,Healthcare,Delhi,Delhi,Online,2023-10-12
MER02152,Reliance Digital 2152,Entertainment,Kolkata,West Bengal,Online,2024-08-31
MER02153,Apollo Pharmacy 2153,Travel,Noida,Uttar Pradesh,Online,2024-08-22
MER02154,BookMyShow 2154,Grocery,Surat,Gujarat,Online,2024-11-01
MER02155,Flipkart 2155,Fashion,Pune,Maharashtra,Online,2022-12-04
MER02156,Myntra 2156,Education,Delhi,Delhi,Online,2025-07-05
MER02157,MakeMyTrip 2157,Utilities,Kolkata,West Bengal,Online,2024-07-15
MER02158,BigBasket 2158,Automotive,Noida,Uttar Pradesh,Offline,2025-03-28
MER02159,Paytm 2159,Restaurants,Surat,Gujarat,Online,2023-03-02
MER02160,Amazon India 2160,Ecommerce,Pune,Maharashtra,Online,2021-04-06
MER02161,Swiggy 2161,Food Delivery,Delhi,Delhi,Offline,2022-08-08
MER02162,Reliance Digital 2162,Electronics,Kolkata,West Bengal,Online,2021-08-15
MER02163,Apollo Pharmacy 2163,Healthcare,Noida,Uttar Pradesh,Online,2021-03-14
MER02164,BookMyShow 2164,Entertainment,Surat,Gujarat,Online,2024-10-30
MER02165,Flipkart 2165,Travel,Pune,Maharashtra,Online,2025-09-17
MER02166,Myntra 2166,Grocery,Delhi,Delhi,Online,2021-07-18
MER02167,MakeMyTrip 2167,Fashion,Kolkata,WEST BENGAL,Online,2023-12-23
MER02168,BigBasket 2168,Education,Noida,Uttar Pradesh,,2023-01-22
MER02169,Paytm 2169,Utilities,Surat,Gujarat,Offline,2022-02-21
MER02170,Amazon India 2170,Automotive,Pune,Maharashtra,Online,2024-06-28
MER02171,Swiggy 2171,Restaurants,Delhi,Delhi,Offline,2024-11-11
MER02172,Reliance Digital 2172,Ecommerce,Kolkata,West Bengal,Online,2023-03-23
MER02173,Apollo Pharmacy 2173,Food Delivery,Noida,Uttar Pradesh,Offline,2022-10-12
MER02174,BookMyShow 2174,Electronics,SURAT,Gujarat,Online,2024-12-29
MER02175,Flipkart 2175,Healthcare,Pune,,Online,2024-03-02
MER02176,Myntra 2176,Entertainment,Delhi,Delhi,Online,2024-10-02
MER02177,MakeMyTrip 2177,Travel,Kolkata,West Bengal,Online,2022-06-29
MER02178,BigBasket 2178,Grocery,Noida,Uttar Pradesh,Online,2025-01-14
MER02179,Paytm 2179,Fashion,Surat,Gujarat,Online,2023-12-09
MER02180,Amazon India 2180,Education,Pune,Maharashtra,Offline,2023-12-22
MER02181,Swiggy 2181,Utilities,Delhi,Delhi,Online,2025-09-03
MER02182,Reliance Digital 2182,Automotive,Kolkata,West Bengal,Online,2023-09-13
MER02183,Apollo Pharmacy 2183,Restaurants,Noida,Uttar Pradesh,Online,2021-09-30
MER02184,BookMyShow 2184,Ecommerce,Surat,Gujarat,Online,2024-09-29
MER02185,Flipkart 2185,Food Delivery,Pune,Maharashtra,Offline,2023-01-15
MER02186,Myntra 2186,Electronics,Delhi,Delhi,Online,2025-07-11
MER02187,MakeMyTrip 2187,Healthcare,Kolkata,West Bengal,Online,2022-02-22
MER02188,BigBasket 2188,Entertainment,Noida,Uttar Pradesh,Online,2022-02-24
MER02189,Paytm 2189,Travel,Surat,Gujarat,Online,2021-10-21
MER02190,Amazon India 2190,Grocery,Pune,Maharashtra,Online,2023-02-27
MER02191,Swiggy 2191,Fashion,Delhi,Delhi,Online,2025-10-21
,Reliance Digital 2192,,,West Bengal,Online,2023-01-14
MER02193,Apollo Pharmacy 2193,Utilities,Noida,Uttar Pradesh,,2025-07-27
MER02194,BookMyShow 2194,Automotive,Surat,Gujarat,Online,2022-09-13
MER02195,Flipkart 2195,Restaurants,Pune,Maharashtra,Offline,2022-09-04
MER02196,Myntra 2196,Ecommerce,Delhi,Delhi,Online,2021-04-08
MER02197,MakeMyTrip 2197,Food Delivery,Kolkata,West Bengal,Online,2024-08-01
MER02198,BigBasket 2198,Electronics,Noida,Uttar Pradesh,Offline,2022-02-22
MER02199,Paytm 2199,Healthcare, Surat ,Gujarat,Online,2022-09-18
MER02200,Amazon India 2200,Entertainment,Pune,Maharashtra,,2024-03-14
MER02201,Swiggy 2201,Travel,Delhi,Delhi,Online,2021-05-31
MER02202,Reliance Digital 2202,Grocery,Kolkata,West Bengal,Online,2021-12-13
MER02203,Apollo Pharmacy 2203,Fashion,Noida,Uttar Pradesh,Offline,2022-03-25
MER02204,BookMyShow 2204,Education,Surat,Gujarat,Offline,2021-07-23
MER02205,Flipkart 2205,Utilities,Pune,Maharashtra,Offline,2021-07-30
MER02206,Myntra 2206,Automotive,Delhi,Delhi,Offline,2023-12-10
MER02207,MakeMyTrip 2207,Restaurants,Kolkata,West Bengal,Offline,2024-10-21
MER02208,BigBasket 2208,Ecommerce,Noida,Uttar Pradesh,Online,2024-07-10
MER02209,Paytm 2209,Food Delivery,Surat,Gujarat,Online,2023-08-02
MER02210,Amazon India 2210,Electronics,Pune,Maharashtra,Offline,2024-06-23
MER02211,Swiggy 2211,Healthcare,Delhi,Delhi,Online,2025-01-26
MER02212,Reliance Digital 2212,Entertainment,Kolkata,West Bengal,Online,2025-07-18
MER02213,,Travel,Noida,Uttar Pradesh,Online,2024-12-03
MER02214,BookMyShow 2214,Grocery,Surat,Gujarat,Online,2023-08-20
MER02215,Flipkart 2215,Fashion,Pune,Maharashtra,Offline,2022-07-13
MER02216,Myntra 2216,Education,Delhi,Delhi,Offline,2021-03-28
MER02217,MakeMyTrip 2217,Utilities,Kolkata,West Bengal,Online,2025-05-06
MER02218,BigBasket 2218,Automotive,Noida,Uttar Pradesh,Online,2024-01-26
MER02219,Paytm 2219,Restaurants,Surat,Gujarat,Online,2021-02-17
MER02220,Amazon India 2220,Ecommerce,Pune,Maharashtra,Online,2021-10-23
MER02221,Swiggy 2221,Food Delivery,Delhi,Delhi,Online,2025-11-19
MER02222,Reliance Digital 2222,Electronics,Kolkata,West Bengal,Online,2023-06-02
MER02223,Apollo Pharmacy 2223,Healthcare,Noida,Uttar Pradesh,Online,2022-11-14
MER02224,BookMyShow 2224,Entertainment,Surat,Gujarat,Offline,2025-10-16
MER02225,Flipkart 2225,Travel,Pune,Maharashtra,Online,2023-06-01
MER02226,Myntra 2226,Grocery,Delhi, Delhi ,Offline,2025-06-04
MER02227,MakeMyTrip 2227,Fashion,Kolkata,West Bengal,Online,2022-12-24
MER02228,BigBasket 2228,Education,Noida,Uttar Pradesh,Online,2022-09-22
MER02229,Paytm 2229,Utilities,Surat,Gujarat,Online,2022-02-27
MER02230,Amazon India 2230,Automotive,Pune,Maharashtra,Offline,2023-11-02
MER02231,Swiggy 2231,Restaurants,Delhi,Delhi,Offline,2023-08-31
MER02232,Reliance Digital 2232,Ecommerce,Kolkata,West Bengal,Online,2025-05-01
MER02233,Apollo Pharmacy 2233,Food Delivery,Noida,Uttar Pradesh,Online,2023-12-20
MER02234,BookMyShow 2234,Electronics,Surat,Gujarat,Offline,2022-09-23
MER02235,Flipkart 2235,Healthcare,Pune,Maharashtra,Offline,2024-04-24
MER02236,Myntra 2236,Entertainment,Delhi,Delhi,Online,2023-06-08
MER02237,MakeMyTrip 2237,Travel,Kolkata,West Bengal,Online,2025-03-05
MER02238,BigBasket 2238,Grocery,Noida,Uttar Pradesh,Online,2024-01-18
MER02239,Paytm 2239,Fashion,,Gujarat,Offline,2024-09-20
MER02240,Amazon India 2240,,Pune,Maharashtra,Offline,2025-03-20
MER02241,Swiggy 2241,Utilities,Delhi,Delhi,Online,2021-07-03
MER02242,Reliance Digital 2242,Automotive,Kolkata,West Bengal,Offline,2023-11-28
MER02243,Apollo Pharmacy 2243,Restaurants,Noida,Uttar Pradesh,Offline,2025-01-09
MER02244,BookMyShow 2244,Ecommerce,Surat,Gujarat,Online,2022-04-08
MER02245,Flipkart 2245,Food Delivery,Pune,Maharashtra,Online,2023-12-24
MER02246,Myntra 2246,Electronics,Delhi,Delhi,Offline,2022-02-16
MER02247,MakeMyTrip 2247,Healthcare,Kolkata,West Bengal,Offline,2022-07-11
MER02248,BigBasket 2248,Entertainment,Noida,Uttar Pradesh,Online,2022-10-14
MER02249,Paytm 2249,Travel,Surat,,Online,2025-09-23
MER02250,Amazon India 2250,Grocery,Pune,Maharashtra,Online,2023-02-03
MER02251,Swiggy 2251,Fashion,Delhi,DELHI,Online,2022-08-09
MER02252,Reliance Digital 2252,Education,Kolkata,West Bengal,Offline,2023-07-31
MER02253,Apollo Pharmacy 2253,Utilities,Noida,Uttar Pradesh,Online,2021-06-09
MER02254,BookMyShow 2254,Automotive,Surat,Gujarat,Online,2024-08-09
MER02255,Flipkart 2255,Restaurants,Pune,Maharashtra,Online,2023-09-27
MER02256,Myntra 2256,Ecommerce,Delhi,Delhi,Online,2024-01-07
MER02257,MakeMyTrip 2257,,Kolkata,West Bengal,Online,2023-12-30
MER02258,BigBasket 2258,Electronics,Noida,Uttar Pradesh,Online,2021-07-12
MER02259,Paytm 2259,Healthcare,Surat,Gujarat,Offline,2022-12-17
MER02260,Amazon India 2260,Entertainment,Pune,Maharashtra,Online,2022-07-12
MER02261,Swiggy 2261,Travel,Delhi,Delhi,Offline,2024-06-12
MER02262,Reliance Digital 2262,Grocery,Kolkata,West Bengal,Online,2023-12-04
MER02263,Apollo Pharmacy 2263,Fashion,Noida,Uttar Pradesh,Online,2021-12-08
MER02264,BookMyShow 2264,Education,Surat,Gujarat,Online,2023-02-21
MER02265,Flipkart 2265,Utilities,Pune,Maharashtra,Online,2024-11-27
MER02266,Myntra 2266,Automotive,Delhi,Delhi,Online,2021-07-14
MER02267,MakeMyTrip 2267,Restaurants,Kolkata,West Bengal,Offline,2025-06-14
MER02268,BigBasket 2268,Ecommerce,Noida,Uttar Pradesh,Online,2022-05-10
MER02269,Paytm 2269,Food Delivery,Surat,Gujarat,Online,2025-11-04
MER02270,Amazon India 2270,Electronics,Pune,Maharashtra,Offline,2023-05-27
MER02271,Swiggy 2271,Healthcare,Delhi,Delhi,Online,2025-04-05
MER02272,Reliance Digital 2272,Entertainment,Kolkata,West Bengal,Offline,2025-03-30
MER02273,Apollo Pharmacy 2273,Travel,Noida,Uttar Pradesh,Online,2023-06-06
MER02274,BookMyShow 2274,Grocery,Surat,Gujarat,Online,2025-05-28
MER02275,Flipkart 2275,Fashion,Pune,Maharashtra,Online,2022-11-25
MER02276,Myntra 2276,Education,Delhi,delhi,Offline,2023-08-23
MER02277,MakeMyTrip 2277,Utilities,Kolkata,West Bengal,Online,2022-03-17
MER02278,BigBasket 2278,Automotive,Noida,Uttar Pradesh,Online,2025-04-02
MER02279,Paytm 2279,Restaurants,Surat,Gujarat,Online,2021-09-15
MER06556,Myntra 6556,Entertainment,Delhi,Delhi,Offline,2024-12-15
MER02281,Swiggy 2281,Food Delivery,Delhi,Delhi,Online,2022-01-29
MER02282,Reliance Digital 2282,Electronics,Kolkata,West Bengal,Online,2022-10-13
MER02283,Apollo Pharmacy 2283,Healthcare,Noida,Uttar Pradesh,Offline,2024-01-19
MER02284,BookMyShow 2284,Entertainment,Surat,Gujarat,Online,2023-05-29
MER02285,Flipkart 2285,Travel,Pune,Maharashtra,Online,2024-07-13
MER02286,Myntra 2286,Grocery,Delhi,Delhi,Online,2024-11-20
MER02287,MakeMyTrip 2287,Fashion,Kolkata,West Bengal,Online,2023-07-26
MER02288,BigBasket 2288,Education,Noida,Uttar Pradesh,Online,2024-07-12
MER02289,Paytm 2289,Utilities,Surat,Gujarat,Online,2021-04-08
MER02290,Amazon India 2290,Automotive,Pune,Maharashtra,Online,2021-09-29
MER02291,Swiggy 2291,Restaurants,Delhi,Delhi,Offline,2025-11-30
MER02292,Reliance Digital 2292,Ecommerce,Kolkata,West Bengal,Online,2025-04-12
MER02293,Apollo Pharmacy 2293,Food Delivery,Noida,Uttar Pradesh,Online,2024-06-18
MER02294,BookMyShow 2294,Electronics,Surat,Gujarat,Offline,2021-07-08
MER02295,Flipkart 2295,Healthcare,Pune,Maharashtra,Online,2024-03-30
MER02296,Myntra 2296,Entertainment,Delhi,Delhi,Offline,2021-09-05
MER02297,MakeMyTrip 2297,Travel,Kolkata,West Bengal,Online,2025-04-22
MER02298,BigBasket 2298,Grocery,Noida,Uttar Pradesh,Online,2021-09-17
MER02299,Paytm 2299,Fashion,Surat,Gujarat,Online,2022-03-06
MER02300,Amazon India 2300,Education,Pune,Maharashtra,Offline,2024-06-21
MER02301,Swiggy 2301,Utilities,Delhi,Delhi,Online,2023-10-29
MER03595,Flipkart 3595,Fashion,Pune,Maharashtra,Offline,2023-03-15
MER02303,Apollo Pharmacy 2303,Restaurants,Noida,Uttar Pradesh,Offline,2022-07-28
MER02304,BookMyShow 2304,Ecommerce,Surat,Gujarat,Online,2025-10-12
MER04540,Amazon India 4540,Entertainment,Pune,Maharashtra,Online,2022-12-07
MER02306,Myntra 2306,Electronics,Delhi,Delhi,Online,2022-02-07
MER02307,MakeMyTrip 2307,Healthcare,Kolkata,West Bengal,Online,2022-07-17
MER02308,BigBasket 2308,Entertainment,Noida,Uttar Pradesh,Offline,2023-04-24
MER02309,Paytm 2309,Travel,Surat,Gujarat,Online,2021-02-09
MER02310,Amazon India 2310,Grocery,Pune,Maharashtra,Online,2021-10-10
MER02311,Swiggy 2311,Fashion,Delhi,Delhi,Online,2025-04-07
MER02312,Reliance Digital 2312,Education,Kolkata,West Bengal,Offline,2024-08-04
MER02313,Apollo Pharmacy 2313,Utilities,Noida,Uttar Pradesh,Offline,2024-10-23
MER02314,BookMyShow 2314,Automotive,Surat,Gujarat,Online,2024-03-02
MER02315,Flipkart 2315,Restaurants,Pune,Maharashtra,Online,2024-11-27
MER02316,Myntra 2316,Ecommerce,Delhi,Delhi,Online,2023-12-09
MER02317,MakeMyTrip 2317,Food Delivery,Kolkata,West Bengal,Offline,2025-11-19
MER02318,,Electronics, Noida ,Uttar Pradesh,Offline,2025-01-15
MER02319,Paytm 2319,Healthcare,Surat,Gujarat,Offline,2025-03-17
MER02320,Amazon India 2320,Entertainment,Pune,Maharashtra,Online,2024-02-22
MER02321,Swiggy 2321,Travel,Delhi,Delhi,Online,2024-07-27
MER02322,Reliance Digital 2322,Grocery,Kolkata,West Bengal,Online,2025-12-01
MER02323,Apollo Pharmacy 2323,Fashion,Noida, Uttar Pradesh ,Online,2025-06-23
MER02324,BookMyShow 2324,Education,Surat,Gujarat,Online,2024-04-23
MER02325,Flipkart 2325,Utilities,Pune,Maharashtra,Offline,2024-03-22
MER02326,Myntra 2326,Automotive,Delhi,Delhi,Offline,2021-09-04
MER02327,MakeMyTrip 2327,Restaurants,,,Online,2022-02-08
MER02328,BigBasket 2328,Ecommerce,Noida,Uttar Pradesh,Online,2025-06-29
MER02329,Paytm 2329,Food Delivery,Surat,Gujarat,Offline,2022-12-26
MER02330,Amazon India 2330,Electronics,Pune,Maharashtra,Online,2024-09-03
MER02331,Swiggy 2331,Healthcare,Delhi,Delhi,Online,2021-12-26
MER02332,Reliance Digital 2332,Entertainment,Kolkata,West Bengal,,2024-08-14
MER02609,Paytm 2609,Travel,Surat,Gujarat,Online,
MER02334,BookMyShow 2334,Grocery,Surat,Gujarat,Online,2021-04-20
MER02335,Flipkart 2335,Fashion,Pune,Maharashtra,Online,2024-12-27
,Myntra 2336,Education,Delhi,Delhi,Online,2024-03-20
MER02337,MakeMyTrip 2337,Utilities,Kolkata,West Bengal,Online,2025-04-04
MER02338,BigBasket 2338,Automotive,Noida,Uttar Pradesh,Online,2024-08-18
MER02339,Paytm 2339,Restaurants,Surat,Gujarat,Online,2021-10-04
MER02340,Amazon India 2340,Ecommerce,Pune,Maharashtra,Offline,2025-02-14
MER02341,Swiggy 2341,Food Delivery,Delhi,Delhi,Online,2024-04-22
MER02342,Reliance Digital 2342,Electronics,Kolkata,West Bengal,Online,2021-03-02
MER02343,Apollo Pharmacy 2343,Healthcare,Noida,Uttar Pradesh,Offline,2024-06-26
MER02344,BookMyShow 2344,Entertainment,Surat,,Online,2023-01-04
MER02345,Flipkart 2345,Travel,Pune,Maharashtra,Online,2022-01-08
MER02346,Myntra 2346,Grocery,Delhi,Delhi,Offline,2022-05-20
MER02347,MakeMyTrip 2347,Fashion,Kolkata,West Bengal,Online,2025-07-05
MER02348,BigBasket 2348,Education,Noida,Uttar Pradesh,Offline,2021-11-12
MER02349,Paytm 2349,Utilities,Surat,GUJARAT,Offline,2025-03-08
MER02350,Amazon India 2350,Automotive,Pune,Maharashtra,Online,2024-06-03
MER02351,Swiggy 2351,Restaurants,Delhi,Delhi,Online,2023-08-16
MER02352,Reliance Digital 2352,Ecommerce,Kolkata,West Bengal,Online,2024-09-05
MER02353,Apollo Pharmacy 2353,Food Delivery,Noida,Uttar Pradesh,Online,2024-07-24
MER02354,BookMyShow 2354,Electronics,Surat,Gujarat,Online,2023-05-15
MER02355,Flipkart 2355,Healthcare,Pune,Maharashtra,Offline,2022-12-15
MER02356,Myntra 2356,Entertainment,Delhi,Delhi,Online,2025-05-30
MER02357,MakeMyTrip 2357,Travel,Kolkata,West Bengal,Offline,2022-01-31
MER02358,BigBasket 2358,Grocery,Noida,Uttar Pradesh,,2021-03-31
MER02359,Paytm 2359,Fashion,Surat,Gujarat,Online,2021-07-27
MER02360,Amazon India 2360,Education,Pune,Maharashtra,Online,2023-05-08
MER02361,Swiggy 2361,Utilities,Delhi,Delhi,Online,2024-11-02
MER02362,Reliance Digital 2362,Automotive,Kolkata,West Bengal,Online,2024-02-14
MER02363,Apollo Pharmacy 2363,Restaurants,Noida,Uttar Pradesh,Online,2024-04-27
MER02364,BookMyShow 2364,Ecommerce,Surat,Gujarat,Online,2023-12-11
MER02365,Flipkart 2365,Food Delivery,Pune,Maharashtra,Offline,2023-02-20
MER02366,Myntra 2366,Electronics,Delhi,Delhi,Offline,2025-11-04
MER02367,MakeMyTrip 2367,Healthcare,Kolkata,West Bengal,Offline,2024-11-15
MER02368,BigBasket 2368,Entertainment,Noida,Uttar Pradesh,Offline,2023-09-07
MER02369,Paytm 2369,Travel,Surat,Gujarat,Offline,2023-10-10
MER02370,Amazon India 2370,Grocery,Pune,maharashtra,Online,2021-08-08
MER02371,Swiggy 2371,Fashion,Delhi,Delhi,Online,2021-10-31
MER02372,Reliance Digital 2372,Education,Kolkata,West Bengal,Online,2021-05-19
MER02373,Apollo Pharmacy 2373,Utilities,Noida,UTTAR PRADESH,Online,2023-02-25
MER02374,BookMyShow 2374,Automotive,Surat,Gujarat,Offline,2021-10-16
MER02375,Flipkart 2375,Restaurants,Pune,Maharashtra,Online,2024-08-28
MER02376,Myntra 2376,,Delhi,Delhi,Offline,2025-09-01
MER02377,MakeMyTrip 2377,Food Delivery,Kolkata,West Bengal,Offline,2024-06-27
MER02378,BigBasket 2378,Electronics,Noida,Uttar Pradesh,Online,2022-07-13
MER02379,Paytm 2379,Healthcare,Surat,Gujarat,Online,2023-01-08
MER02380,Amazon India 2380,Entertainment,Pune,Maharashtra,Offline,2025-07-03
MER02381,Swiggy 2381,Travel,Delhi,Delhi,Offline,2023-11-17
MER02382,Reliance Digital 2382,Grocery,Kolkata,West Bengal,Online,2023-02-04
MER02383,Apollo Pharmacy 2383,Fashion,Noida,Uttar Pradesh,Online,2024-07-21
MER02384,BookMyShow 2384,Education,Surat,Gujarat,Online,2022-08-31
MER02385,Flipkart 2385,Utilities,Pune,Maharashtra,Offline,2025-08-29
MER02386,Myntra 2386,Automotive,Delhi,Delhi,Online,2024-11-11
MER02387,MakeMyTrip 2387,Restaurants,Kolkata,West Bengal,Online,2025-03-23
MER02388,BigBasket 2388,Ecommerce,Noida,Uttar Pradesh,Online,
MER02389,Paytm 2389,Food Delivery,Surat,Gujarat,Offline,2025-11-06
MER02390,Amazon India 2390,Electronics,Pune,Maharashtra,Offline,2023-12-17
MER02391,Swiggy 2391,Healthcare,Delhi,Delhi,Online,2024-12-15
MER02392,Reliance Digital 2392,Entertainment,Kolkata,West Bengal,Online,2021-09-12
MER05250,Amazon India 5250,Grocery,Pune,Maharashtra,Online,2021-03-04
MER02394,BookMyShow 2394,Grocery,Surat,Gujarat,Offline,2021-12-06
MER02395,Flipkart 2395,Fashion,Pune,Maharashtra,Offline,2022-04-10
MER02396,Myntra 2396,Education,Delhi,Delhi,Offline,2021-10-21
MER02397,MakeMyTrip 2397,Utilities,Kolkata,West Bengal,Offline,2022-10-15
MER02398,BigBasket 2398,Automotive,Noida,Uttar Pradesh,Online,2025-06-17
MER02399,Paytm 2399,Restaurants,Surat,Gujarat,Online,2022-05-28
MER02400,Amazon India 2400,Ecommerce,Pune,Maharashtra,Online,2021-05-28
MER02401,Swiggy 2401,Food Delivery,Delhi,Delhi,Offline,2023-03-22
MER02402,Reliance Digital 2402,Electronics,Kolkata,West Bengal,Offline,2021-07-09
MER02403,Apollo Pharmacy 2403,Healthcare,Noida,Uttar Pradesh,Online,2023-04-16
MER02404,BookMyShow 2404,Entertainment,Surat,Gujarat,Online,2025-04-23
MER02405,Flipkart 2405,Travel,Pune,Maharashtra,Offline,2021-04-02
MER08238,BigBasket 8238,Grocery,Noida,Uttar Pradesh,Offline,2022-09-18
MER02407,MakeMyTrip 2407,Fashion,Kolkata,West Bengal,Online,2022-12-09
MER02408,BigBasket 2408,Education,Noida,Uttar Pradesh,Online,2024-02-17
MER02409,Paytm 2409,Utilities,Surat,Gujarat,,2024-03-30
MER02410,Amazon India 2410,Automotive,Pune,Maharashtra,Online,2022-07-27
MER02411,Swiggy 2411,Restaurants,Delhi,Delhi,Online,2024-12-10
MER02412,Reliance Digital 2412,Ecommerce,Kolkata,,Online,2025-07-04
MER02413,Apollo Pharmacy 2413,Food Delivery,Noida,Uttar Pradesh,Online,2022-12-05
MER02414,BookMyShow 2414,Electronics,Surat,Gujarat,Online,2025-01-07
MER02415,Flipkart 2415,Healthcare,Pune,Maharashtra,Online,2024-10-13
MER02416,Myntra 2416,Entertainment,Delhi,Delhi,Online,2024-01-23
MER02417,MakeMyTrip 2417,Travel,Kolkata,West Bengal,Online,2021-06-18
MER02418,BigBasket 2418,Grocery,Noida,Uttar Pradesh,Online,2021-02-20
MER02419,Paytm 2419,Fashion,Surat,Gujarat,Online,2022-07-17
MER02420,Amazon India 2420,Education,Pune,Maharashtra,Online,2023-04-02
MER02421,Swiggy 2421,Utilities,Delhi,Delhi,Offline,2022-10-11
MER02422,Reliance Digital 2422,Automotive,Kolkata,West Bengal,Online,2025-01-09
MER02423,Apollo Pharmacy 2423,Restaurants,Noida,Uttar Pradesh,Offline,2025-02-22
MER02424,BookMyShow 2424,Ecommerce,Surat,Gujarat,Online,2021-06-16
MER02425,Flipkart 2425,Food Delivery,Pune,Maharashtra,Online,2023-09-08
MER02426,Myntra 2426,Electronics,Delhi,Delhi,Online,2025-05-12
MER02427,MakeMyTrip 2427,Healthcare,Kolkata,West Bengal,Online,2025-05-18
MER02428,BigBasket 2428,Entertainment,Noida,Uttar Pradesh,Offline,2023-03-29
MER02429,Paytm 2429,Travel,Surat,Gujarat,Online,2022-07-21
MER02430,Amazon India 2430,Grocery,Pune,Maharashtra,Online,2023-07-27
MER02431,Swiggy 2431,Fashion,Delhi,Delhi,Online,2022-10-13
MER02432,Reliance Digital 2432,Education,Kolkata,West Bengal,Online,2023-10-18
MER02433,Apollo Pharmacy 2433,Utilities,Noida,Uttar Pradesh,Offline,2024-10-21
MER02434,BookMyShow 2434,Automotive,Surat,Gujarat,Offline,2024-12-14
MER02435,Flipkart 2435,,Pune,Maharashtra,Online,2023-04-27
MER02436,Myntra 2436,Ecommerce,Delhi,Delhi,Online,2021-07-31
MER02437,MakeMyTrip 2437,Food Delivery,Kolkata,West Bengal,Online,2021-06-01
MER02438,BigBasket 2438,Electronics,Noida,Uttar Pradesh,Online,2023-05-09
MER02439,Paytm 2439,Healthcare,Surat,Gujarat,,2023-03-28
MER02440,Amazon India 2440,Entertainment,Pune,Maharashtra,Offline,2021-04-15
MER02441,Swiggy 2441,Travel,Delhi,Delhi,Online,2021-02-12
MER02442,Reliance Digital 2442,Grocery,Kolkata,West Bengal,Online,2023-06-16
MER02443,Apollo Pharmacy 2443,Fashion,Noida,Uttar Pradesh,Online,2025-04-15
MER02444,BookMyShow 2444,Education,Surat,Gujarat,Online,2023-04-21
MER02445,Flipkart 2445,Utilities,Pune,Maharashtra,Online,
MER02446,Myntra 2446,Automotive,Delhi,Delhi,Online,2023-01-19
MER02447,MakeMyTrip 2447,Restaurants,Kolkata,West Bengal,Offline,2022-12-25
MER02448,BigBasket 2448,Ecommerce,Noida,Uttar Pradesh,Offline,2023-02-01
MER02449,Paytm 2449,Food Delivery,Surat,Gujarat,Online,2021-04-26
MER02450,Amazon India 2450,Electronics,Pune,Maharashtra,Online,2025-01-27
MER02451,Swiggy 2451,Healthcare,Delhi,Delhi,Online,2024-05-12
MER02452,Reliance Digital 2452,Entertainment,Kolkata,west bengal,Online,2021-01-07
MER02453,Apollo Pharmacy 2453,Travel,Noida,Uttar Pradesh,Offline,2022-04-14
MER02454,BookMyShow 2454,Grocery,Surat,Gujarat,Online,2024-03-13
MER02455,Flipkart 2455,Fashion,Pune,Maharashtra,Offline,2025-03-21
MER02456,Myntra 2456,Education, Delhi ,Delhi,Offline,2024-02-07
MER02457,MakeMyTrip 2457,Utilities,Kolkata,West Bengal,Online,2022-06-24
MER02458,BigBasket 2458,Automotive,Noida,Uttar Pradesh,Offline,2023-12-17
MER02459,Paytm 2459,Restaurants,Surat,Gujarat,Online,2024-03-16
MER02460,Amazon India 2460,Ecommerce,Pune,Maharashtra,Offline,2022-10-15
MER02461,Swiggy 2461,Food Delivery,Delhi,Delhi,Offline,2022-09-14
MER02462,Reliance Digital 2462,Electronics,Kolkata,West Bengal,Online,2025-10-13
MER02463,Apollo Pharmacy 2463,Healthcare,Noida,Uttar Pradesh,Online,2021-03-12
MER02464,BookMyShow 2464,Entertainment,Surat,Gujarat,Offline,2024-09-09
MER02465,Flipkart 2465,Travel,Pune,Maharashtra,Offline,2025-06-26
MER02466,Myntra 2466,,Delhi,Delhi,Offline,2025-05-16
MER09312,Reliance Digital 9312,Ecommerce,Kolkata,West Bengal,Online,2025-02-11
MER02468,BigBasket 2468,Education,Noida,Uttar Pradesh,Online,2024-12-31
,Paytm 2469,Utilities,Surat,Gujarat, Online ,2025-01-15
MER02470,Amazon India 2470,Automotive,Pune,Maharashtra,Online,2023-08-06
MER04507,MakeMyTrip 4507,Fashion,Kolkata,West Bengal,Offline,2023-03-05
MER02472,Reliance Digital 2472,Ecommerce,Kolkata,West Bengal,Online,2025-04-12
MER02473,Apollo Pharmacy 2473,Food Delivery,Noida,UTTAR PRADESH,Offline,2025-11-05
MER02474,BookMyShow 2474,Electronics,Surat,Gujarat,Offline,2022-08-18
MER02475,Flipkart 2475,Healthcare,Pune,Maharashtra,Online,2025-12-03
MER02476,Myntra 2476,Entertainment,Delhi,Delhi,,2024-04-15
,MakeMyTrip 2477,Travel,Kolkata,West Bengal,Online,2023-04-01
MER02478,BigBasket 2478,Grocery,Noida,Uttar Pradesh,Online,2025-07-23
MER02479,Paytm 2479,Fashion,Surat,Gujarat,Online,2025-03-13
MER02480,Amazon India 2480,Education,Pune,Maharashtra,Online,2022-01-11
MER02481,Swiggy 2481,Utilities,Delhi,Delhi,Offline,2022-05-18
MER02482,Reliance Digital 2482,Automotive,Kolkata,West Bengal,Online,2021-09-08
MER02483,Apollo Pharmacy 2483,Restaurants,Noida,Uttar Pradesh,Online,2023-04-16
MER02484,BookMyShow 2484,Ecommerce,Surat,Gujarat,Online,2021-07-25
MER02485,Flipkart 2485,Food Delivery,Pune,Maharashtra,Offline,2025-10-16
MER02486,Myntra 2486,,Delhi,Delhi,Offline,2025-02-10
MER02487,MakeMyTrip 2487,Healthcare,Kolkata,West Bengal,Online,2025-10-19
MER02488,BigBasket 2488,Entertainment,Noida,Uttar Pradesh,Online,2024-10-24
MER02489,Paytm 2489,Travel,Surat,Gujarat,Online,2022-07-28
MER02490,Amazon India 2490,Grocery,Pune,Maharashtra,Offline,2023-10-26
MER02491,,Fashion,Delhi,Delhi,Online,2025-01-28
MER02492,Reliance Digital 2492,Education,Kolkata,WEST BENGAL,Online,2022-11-02
MER02493,Apollo Pharmacy 2493,Utilities,Noida,Uttar Pradesh,Offline,2024-07-19
MER02494,BookMyShow 2494,Automotive,Surat,Gujarat,Online,2024-06-28
MER02495,Flipkart 2495,Restaurants,Pune,Maharashtra,Online,2024-10-10
MER02496,Myntra 2496,Ecommerce,DELHI,Delhi,Online,2024-06-01
MER02497,MakeMyTrip 2497,Food Delivery,Kolkata,West Bengal,Online,2023-10-06
MER02498,BigBasket 2498,Electronics,Noida,Uttar Pradesh,Online,2021-05-26
MER02499,Paytm 2499,Healthcare,Surat,Gujarat,Online,2024-06-12
MER02500,Amazon India 2500,Entertainment,Pune,Maharashtra,Online,2025-03-02
MER02501,Swiggy 2501,Travel,Delhi,Delhi,Online,2023-05-09
MER02502,Reliance Digital 2502,Grocery,Kolkata,West Bengal,Online,2022-07-02
MER02503,Apollo Pharmacy 2503,Fashion,Noida,Uttar Pradesh,Online,2024-04-30
MER02504,BookMyShow 2504,Education,Surat,Gujarat,Online,2024-12-21
MER02505,Flipkart 2505,Utilities,Pune,Maharashtra,Online,2021-01-08
MER02506,Myntra 2506,Automotive,Delhi,Delhi,Online,2024-09-17
MER02507,MakeMyTrip 2507,Restaurants,Kolkata,West Bengal,Offline,2022-01-27
MER02508,BigBasket 2508,Ecommerce,Noida,Uttar Pradesh,Online,2023-08-02
MER02509,Paytm 2509,Food Delivery,Surat,Gujarat,Online,2023-05-29
MER02510,Amazon India 2510,Electronics,Pune,Maharashtra,Online,2022-02-15
MER02511,Swiggy 2511,Healthcare,Delhi,Delhi,Online,2021-08-22
MER02512,Reliance Digital 2512,Entertainment,Kolkata,West Bengal,Online,2021-01-10
MER02513,Apollo Pharmacy 2513,Travel,Noida,Uttar Pradesh,Offline,2024-12-21
MER02514,BookMyShow 2514,Grocery,Surat,Gujarat,Online,2024-10-07
MER02515,Flipkart 2515,Fashion,Pune,Maharashtra,Offline,2023-04-03
MER02516,Myntra 2516,Education,Delhi,Delhi,Online,2022-03-19
MER02517,MakeMyTrip 2517,Utilities,Kolkata,West Bengal,Online,2025-05-08
MER02518,BigBasket 2518,Automotive,Noida,Uttar Pradesh,Online,2023-09-12
MER02519,Paytm 2519,Restaurants,Surat,Gujarat,Online,2025-09-24
MER02520,Amazon India 2520,Ecommerce,Pune,Maharashtra,Offline,2022-01-20
MER02521,Swiggy 2521,Food Delivery,Delhi,Delhi,Offline,2025-10-11
MER02522,Reliance Digital 2522,Electronics,Kolkata,West Bengal,Offline,2021-02-07
MER02523,Apollo Pharmacy 2523,Healthcare,Noida,Uttar Pradesh,Offline,2021-07-29
MER02524,BookMyShow 2524,Entertainment,Surat,Gujarat,Online,2024-05-28
MER02525,Flipkart 2525,Travel,Pune,Maharashtra,Online,2022-10-01
MER02526,Myntra 2526,Grocery,Delhi,Delhi,Offline,2022-04-22
MER02527,MakeMyTrip 2527,Fashion,Kolkata,West Bengal,Online,2023-03-28
MER02528,BigBasket 2528,Education,Noida,Uttar Pradesh,Offline,2025-05-05
MER02529,Paytm 2529,Utilities,Surat,Gujarat,Offline,2022-02-12
MER02530,Amazon India 2530,Automotive,Pune,Maharashtra,Online,2021-09-01
MER02531,Swiggy 2531,Restaurants,Delhi,Delhi,Online,2024-12-18
MER02532,Reliance Digital 2532,Ecommerce,Kolkata,West Bengal,Online,2023-07-30
MER02533,Apollo Pharmacy 2533,Food Delivery,Noida,Uttar Pradesh,Online,2025-11-23
,Apollo Pharmacy 6893,Travel,Noida,Uttar Pradesh,Online,2023-04-03
MER02535,Flipkart 2535,Healthcare,Pune,Maharashtra,Online,2022-04-10
MER02536,Myntra 2536,Entertainment,Delhi,Delhi,Offline,2025-08-14
MER02537,MakeMyTrip 2537,Travel,Kolkata,West Bengal,Online,2022-03-06
MER02538,BigBasket 2538,Grocery,Noida,Uttar Pradesh,Offline,2025-12-01
MER02539,Paytm 2539,Fashion,Surat,Gujarat,Online,2022-03-05
MER02540,Amazon India 2540,Education,Pune,Maharashtra,Online,2021-06-27
MER02541,Swiggy 2541,Utilities,Delhi,Delhi,Offline,2025-07-09
MER02542,Reliance Digital 2542,Automotive,Kolkata,West Bengal,Online,2024-10-04
MER02543,Apollo Pharmacy 2543,Restaurants,,Uttar Pradesh,Online,2022-09-04
MER02544,BookMyShow 2544,Ecommerce,Surat,Gujarat,Online,2021-02-01
MER02545,Flipkart 2545,Food Delivery,Pune,Maharashtra,Offline,2023-06-10
MER02546,Myntra 2546,Electronics,Delhi,Delhi,Online,2022-08-29
MER05029,Paytm 5029,Food Delivery,Surat,Gujarat,Online,2023-07-24
MER02548,BigBasket 2548,Entertainment,Noida,Uttar Pradesh,Online,2024-07-04
MER02549,Paytm 2549,Travel,Surat,Gujarat,Online,2022-07-21
MER02550,Amazon India 2550,Grocery,Pune,Maharashtra,Online,2025-02-01
MER02551,Swiggy 2551,Fashion,Delhi,Delhi,Online,2022-06-09
MER02552,Reliance Digital 2552,Education,Kolkata,West Bengal,Online,2023-11-26
MER02553,Apollo Pharmacy 2553,Utilities,Noida,Uttar Pradesh,Online,2025-11-29
MER02554,BookMyShow 2554,Automotive,Surat,Gujarat,Online,2021-11-16
MER02555,Flipkart 2555,Restaurants,Pune,Maharashtra,Online,2025-07-22
MER02556,Myntra 2556,Ecommerce,Delhi,Delhi,Online,2021-07-09
MER02557,MakeMyTrip 2557,Food Delivery,Kolkata,West Bengal, Online ,2022-01-03
MER02558,BigBasket 2558,Electronics,Noida,Uttar Pradesh,Offline,2024-06-17
MER02559,Paytm 2559,Healthcare,Surat,Gujarat,Offline,2023-11-01
MER02560,Amazon India 2560,Entertainment,Pune,Maharashtra,Offline,2025-03-04
MER02561,Swiggy 2561,Travel,Delhi,Delhi,Online,2021-03-08
MER02562,Reliance Digital 2562,Grocery,Kolkata,West Bengal,Online,2023-09-20
MER02563,Apollo Pharmacy 2563,Fashion,Noida,Uttar Pradesh,Online,2021-06-30
MER02564,BookMyShow 2564,Education,Surat,Gujarat,Online,2022-09-18
MER02565,Flipkart 2565,Utilities,Pune,Maharashtra,Online,2023-02-14
MER02566,Myntra 2566,Automotive,Delhi,Delhi,Offline,2024-06-27
MER02567,,Restaurants,Kolkata,West Bengal,Online,2025-01-13
MER02568,BigBasket 2568,Ecommerce,Noida,Uttar Pradesh,Online,2022-07-24
MER02569,Paytm 2569,Food Delivery,Surat,Gujarat,Offline,2024-07-23
MER02570,Amazon India 2570,Electronics,Pune,maharashtra,OFFLINE,2023-12-30
MER02571,Swiggy 2571,Healthcare,Delhi,Delhi,Offline,2025-09-18
MER02572,Reliance Digital 2572,Entertainment,Kolkata,West Bengal,Offline,2021-04-15
MER02573,Apollo Pharmacy 2573,Travel,Noida,Uttar Pradesh,Online,2022-01-26
MER02574,BookMyShow 2574,Grocery,Surat,Gujarat,Online,2021-05-19
MER02575,Flipkart 2575,Fashion,Pune,Maharashtra,Online,2024-01-14
MER02576,Myntra 2576,Education,Delhi,Delhi, Online ,2022-10-10
MER02577,MakeMyTrip 2577,Utilities,Kolkata,West Bengal,Online,2021-08-06
MER02578,BigBasket 2578,Automotive,Noida,Uttar Pradesh,Offline,2021-06-04
MER02579,Paytm 2579,Restaurants,,Gujarat,Online,2022-10-05
MER02580,Amazon India 2580,Ecommerce,Pune,Maharashtra,Offline,2022-07-17
MER02581,Swiggy 2581,Food Delivery,Delhi,Delhi,Online,2022-04-05
MER02582,Reliance Digital 2582,Electronics,Kolkata,West Bengal,,2021-02-13
MER02583,Apollo Pharmacy 2583,Healthcare,Noida,Uttar Pradesh,Online,2025-10-16
MER02584,BookMyShow 2584,Entertainment,Surat,Gujarat,Online,2022-05-13
MER02585,Flipkart 2585,Travel,,Maharashtra,Online,2023-12-01
MER02586,Myntra 2586,Grocery,Delhi,Delhi,Online,2021-02-01
MER02587,MakeMyTrip 2587,Fashion,Kolkata,West Bengal,Online,2022-05-31
MER02588,,Education,Noida,Uttar Pradesh,Offline,2021-05-15
MER02589,Paytm 2589,,Surat,Gujarat,Offline,2022-05-25
MER02590,Amazon India 2590,,Pune,Maharashtra,Online,2025-09-29
MER02591,Swiggy 2591,Restaurants,Delhi,Delhi,Online,2024-07-16
MER02592,Reliance Digital 2592,Ecommerce,,West Bengal,Offline,2021-11-16
MER02593,Apollo Pharmacy 2593,Food Delivery,Noida,Uttar Pradesh,Online,2024-09-25
MER02594,BookMyShow 2594,Electronics,Surat,Gujarat,Online,2021-03-12
MER02595,Flipkart 2595,Healthcare,Pune,Maharashtra,Offline,2021-09-02
MER02596,Myntra 2596,Entertainment,Delhi,Delhi,Online,2022-11-07
MER02597,MakeMyTrip 2597,,Kolkata,West Bengal,Online,2024-06-12
MER02598,BigBasket 2598,Grocery,Noida,Uttar Pradesh,Online,2023-09-16
MER02599,Paytm 2599,Fashion,Surat,Gujarat,Online,2023-06-21
MER02600,Amazon India 2600,Education,Pune,Maharashtra,Online,2024-03-29
MER02601,Swiggy 2601,Utilities,Delhi,Delhi,Online,2024-02-14
MER02602,Reliance Digital 2602,Automotive,Kolkata,West Bengal,Online,2025-09-03
MER02603,Apollo Pharmacy 2603,Restaurants,Noida,Uttar Pradesh,Offline,2024-08-14
MER02604,BookMyShow 2604,Ecommerce,Surat,Gujarat,Online,2022-08-06
MER05785,Flipkart 5785,Food Delivery,Pune,Maharashtra,Online,2021-01-24
MER02606,Myntra 2606,Electronics,Delhi,Delhi,Online,2022-09-30
MER02607,MakeMyTrip 2607,Healthcare,Kolkata,West Bengal,Online,2025-08-27
MER02608,BigBasket 2608,Entertainment,Noida,Uttar Pradesh,Online,2025-11-29
MER02609,Paytm 2609,Travel,Surat,Gujarat,Online,
MER02610,Amazon India 2610,Grocery,Pune,Maharashtra,Online,2023-10-14
MER02611,Swiggy 2611,Fashion,Delhi,Delhi,Online,2024-06-12
MER02612,Reliance Digital 2612,Education,Kolkata,West Bengal,Offline,2021-08-30
,Apollo Pharmacy 2613,Utilities,Noida,Uttar Pradesh,Online,2022-04-01
MER02614,BookMyShow 2614,Automotive,Surat,Gujarat,Online,2025-02-28
MER02615,Flipkart 2615,Restaurants,Pune,Maharashtra,Online,2025-03-17
MER02616,Myntra 2616,Ecommerce,Delhi,Delhi,Online,2025-01-07
MER02617,MakeMyTrip 2617,Food Delivery,Kolkata,West Bengal,OFFLINE,
MER02618,BigBasket 2618,Electronics,Noida,Uttar Pradesh,Online,2021-09-02
MER02619,Paytm 2619,Healthcare,Surat,Gujarat,Offline,2023-02-24
MER02620,Amazon India 2620,Entertainment,Pune,Maharashtra,Offline,2022-01-04
MER02621,Swiggy 2621,Travel,Delhi,Delhi,Offline,2021-09-29
MER02622,Reliance Digital 2622,Grocery,Kolkata,West Bengal,Offline,2025-11-07
MER02623,Apollo Pharmacy 2623,Fashion,Noida,Uttar Pradesh,Offline,2022-10-01
MER02624,BookMyShow 2624,Education,Surat,Gujarat,Online,2025-07-29
MER02625,Flipkart 2625,Utilities,Pune,Maharashtra,Online,2023-01-25
MER02626,Myntra 2626,Automotive,Delhi,Delhi,Online,2024-02-15
MER02627,MakeMyTrip 2627,Restaurants,Kolkata,West Bengal,Offline,2022-01-17
MER02628,BigBasket 2628,Ecommerce,Noida,Uttar Pradesh,Online,2021-07-13
MER02629,Paytm 2629,Food Delivery,Surat,,Offline,2022-10-30
MER02630,Amazon India 2630,Electronics,Pune,Maharashtra,Online,2024-04-19
MER02631,Swiggy 2631,Healthcare,delhi,Delhi,Offline,2025-05-27
MER02632,Reliance Digital 2632,Entertainment,Kolkata,West Bengal,Online,2022-04-29
MER02633,Apollo Pharmacy 2633,Travel,Noida,Uttar Pradesh,OFFLINE,2025-04-17
MER02634,BookMyShow 2634,Grocery,Surat,GUJARAT,Online,2022-06-12
MER02635,Flipkart 2635,Fashion,Pune,Maharashtra,Offline,2023-04-23
MER02636,Myntra 2636,Education,Delhi,Delhi,Offline,2024-07-04
MER02637,MakeMyTrip 2637,Utilities,Kolkata,West Bengal,Online,2025-03-29
MER02638,BigBasket 2638,Automotive,Noida,Uttar Pradesh,Online,2024-05-22
MER02639,Paytm 2639,Restaurants,Surat,Gujarat,Offline,2022-04-03
MER02640,Amazon India 2640,Ecommerce,Pune,Maharashtra,,2024-06-21
MER02641,Swiggy 2641,Food Delivery,Delhi,Delhi,Online,2021-04-05
MER02642,Reliance Digital 2642,Electronics,Kolkata,West Bengal,Online,2024-06-16
MER02643,Apollo Pharmacy 2643,Healthcare,Noida,Uttar Pradesh,Online,2025-11-09
MER02644,BookMyShow 2644,Entertainment,Surat,Gujarat,Online,2021-12-13
MER02645,Flipkart 2645,Travel,Pune,Maharashtra,Offline,2023-03-19
MER02646,Myntra 2646,Grocery,Delhi,Delhi,Offline,2021-03-28
MER02647,MakeMyTrip 2647,Fashion,Kolkata,West Bengal,Online,2024-04-17
MER02648,BigBasket 2648,Education,Noida,Uttar Pradesh,Online,2021-01-19
MER02649,Paytm 2649,Utilities,Surat,Gujarat,Online,2021-03-29
MER02650,Amazon India 2650,Automotive,Pune,Maharashtra,Offline,2023-07-07
MER02651,Swiggy 2651,Restaurants,Delhi,Delhi,Online,2021-12-09
MER02652,Reliance Digital 2652,Ecommerce,Kolkata,West Bengal,Online,2023-08-06
MER02653,Apollo Pharmacy 2653,Food Delivery,Noida, Uttar Pradesh ,Online,2021-01-13
MER02654,BookMyShow 2654,Electronics,SURAT,Gujarat,Offline,2021-11-09
MER02655,Flipkart 2655,Healthcare,Pune,Maharashtra,Online,2025-05-04
MER02656,Myntra 2656,Entertainment,Delhi,Delhi, Online ,2024-07-10
MER02657,MakeMyTrip 2657,Travel,Kolkata,West Bengal,Offline,2025-02-21
MER02658,BigBasket 2658,Grocery,Noida,Uttar Pradesh,Online,2023-09-05
MER02659,Paytm 2659,Fashion,Surat,Gujarat,Online,2025-01-24
MER02660,Amazon India 2660,Education,Pune,Maharashtra,Offline,2025-05-07
MER02661,Swiggy 2661,Utilities,Delhi,Delhi,Online,2022-05-20
MER02662,Reliance Digital 2662,Automotive,Kolkata,West Bengal,Online,2022-11-28
MER02663,Apollo Pharmacy 2663,Restaurants,Noida,Uttar Pradesh,Online,2025-11-19
MER02664,BookMyShow 2664,Ecommerce,Surat,Gujarat,Online,2023-12-13
MER02665,Flipkart 2665,Food Delivery,Pune,Maharashtra,Online,2023-06-29
MER02666,Myntra 2666,Electronics,Delhi,Delhi,Offline,2022-01-21
MER02667,MakeMyTrip 2667,Healthcare,Kolkata,West Bengal,Online,2023-04-17
MER02668,BigBasket 2668,Entertainment,Noida,Uttar Pradesh,Online,2021-06-12
MER02669,Paytm 2669,Travel,Surat,Gujarat,Offline,2022-06-01
MER02670,Amazon India 2670,Grocery,Pune,Maharashtra,,2023-09-06
MER02671,Swiggy 2671,Fashion,DELHI,Delhi,Offline,2021-05-28
MER02672,Reliance Digital 2672,Education,Kolkata,WEST BENGAL,Online,2025-01-18
MER02673,Apollo Pharmacy 2673,Utilities,Noida,Uttar Pradesh,Offline,2025-01-31
MER02674,BookMyShow 2674,Automotive,Surat,GUJARAT,Online,2024-10-10
MER02675,Flipkart 2675,Restaurants,Pune,Maharashtra,Online,2022-07-10
MER02676,Myntra 2676,Ecommerce,Delhi,Delhi,Online,2022-05-05
MER02677,MakeMyTrip 2677,Food Delivery,Kolkata,West Bengal,Offline,2025-09-16
MER02678,BigBasket 2678,Electronics,Noida,Uttar Pradesh,Online,2021-12-02
MER02679,Paytm 2679,Healthcare,Surat,Gujarat,Online,2023-05-02
MER02680,Amazon India 2680,Entertainment,Pune,Maharashtra,Online,2021-04-07
MER02681,Swiggy 2681,Travel,Delhi,Delhi,Online,2023-07-24
MER02682,Reliance Digital 2682,Grocery,Kolkata,West Bengal,Offline,2024-05-31
MER02683,Apollo Pharmacy 2683,Fashion,Noida,Uttar Pradesh,Online,2025-05-31
MER02684,BookMyShow 2684,Education,Surat,Gujarat,Online,2021-01-11
MER02685,Flipkart 2685,Utilities,Pune,Maharashtra,Online,2023-03-16
MER02686,Myntra 2686,Automotive,Delhi,Delhi,,2025-07-19
MER02687,MakeMyTrip 2687,Restaurants,Kolkata,West Bengal,Online,2025-11-13
MER02688,BigBasket 2688,Ecommerce,Noida,Uttar Pradesh,Offline,2024-12-24
MER02689,Paytm 2689,Food Delivery,Surat,Gujarat,Online,2024-12-05
MER02690,Amazon India 2690,Electronics,Pune,Maharashtra,Offline,2022-02-19
MER02691,Swiggy 2691,Healthcare,Delhi, Delhi ,Online,2024-07-28
MER02692,Reliance Digital 2692,Entertainment,Kolkata,West Bengal,Online,2023-07-04
MER02693,Apollo Pharmacy 2693,Travel,Noida,Uttar Pradesh,Online,2023-07-06
MER02694,BookMyShow 2694,Grocery,Surat,Gujarat,Online,2021-06-21
MER02695,Flipkart 2695,Fashion,Pune,Maharashtra,Online,2022-01-22
MER02696,Myntra 2696,Education,Delhi,Delhi,Offline,2022-12-06
MER02697,MakeMyTrip 2697,Utilities,Kolkata,West Bengal,Offline,2024-05-01
MER02698,BigBasket 2698,Automotive,Noida,Uttar Pradesh,Online,2024-02-29
MER02699,Paytm 2699,Restaurants,Surat,Gujarat,OFFLINE,2023-06-14
MER02700,Amazon India 2700,Ecommerce,Pune,Maharashtra,OFFLINE,2025-03-24
MER02701,Swiggy 2701,Food Delivery,Delhi,Delhi,Online,2023-11-25
MER02702,Reliance Digital 2702,Electronics,Kolkata,West Bengal,Online,2025-03-05
MER02703,Apollo Pharmacy 2703,Healthcare,Noida,Uttar Pradesh,unknown,
MER02704,BookMyShow 2704,Entertainment,Surat,Gujarat,Online,2025-12-04
MER02705,Flipkart 2705,Travel,Pune,Maharashtra,Offline,2023-12-16
MER02706,Myntra 2706,Grocery,Delhi,Delhi,Online,2024-11-28
MER02707,MakeMyTrip 2707,Fashion,Kolkata,West Bengal,Offline,2025-12-03
MER02708,BigBasket 2708,Education,Noida,Uttar Pradesh,Offline,2023-01-02
MER02709,Paytm 2709,Utilities,Surat,Gujarat,Online,2023-06-14
MER02710,Amazon India 2710,Automotive,Pune,Maharashtra,Online,2023-08-08
MER02711,Swiggy 2711,Restaurants,Delhi,Delhi,Online,2025-01-15
MER02712,Reliance Digital 2712,Ecommerce,Kolkata,West Bengal,Offline,2024-06-27
MER02713,Apollo Pharmacy 2713,Food Delivery,Noida,Uttar Pradesh,Offline,2023-08-11
MER02714,BookMyShow 2714,Electronics,Surat,Gujarat,Online,2022-09-03
MER02715,Flipkart 2715,Healthcare,Pune,Maharashtra,Online,2025-04-21
MER02716,Myntra 2716,Entertainment,Delhi,Delhi,online,2021-01-23
MER02717,MakeMyTrip 2717,Travel,Kolkata,West Bengal,Online,2023-11-03
MER02718,BigBasket 2718,Grocery,Noida,Uttar Pradesh,Offline,2021-04-22
MER02719,Paytm 2719,Fashion,Surat,Gujarat,Offline,2021-06-12
MER02720,Amazon India 2720,Education,Pune,Maharashtra,Online,2022-10-09
MER02721,Swiggy 2721,Utilities,Delhi,Delhi,Online,
MER02722,Reliance Digital 2722,,Kolkata,West Bengal,Offline,2021-03-07
MER02723,Apollo Pharmacy 2723,Restaurants,Noida,Uttar Pradesh,Online,2021-10-15
MER02724,BookMyShow 2724,Ecommerce,Surat,Gujarat,Offline,2024-07-05
MER02725,Flipkart 2725,Food Delivery,Pune,Maharashtra,Offline,2025-04-16
MER02726,Myntra 2726,Electronics,Delhi,Delhi,Online,2021-05-29
MER02727,MakeMyTrip 2727,Healthcare,Kolkata,West Bengal,Offline,2022-04-08
MER02728,BigBasket 2728,Entertainment,Noida,Uttar Pradesh,Online,2023-03-22
MER02729,Paytm 2729,Travel,Surat,Gujarat,unknown,2023-09-07
MER02730,Amazon India 2730,Grocery,Pune,Maharashtra,Offline,2022-11-10
MER02731,Swiggy 2731,Fashion,Delhi,Delhi,Online,2022-03-02
MER02732,Reliance Digital 2732,,Kolkata,West Bengal,Online,2022-03-21
MER02733,Apollo Pharmacy 2733,Utilities,Noida,Uttar Pradesh,Offline,2024-07-20
MER02734,BookMyShow 2734,Automotive,Surat,Gujarat,Online,2021-12-16
MER02735,Flipkart 2735,Restaurants,Pune,Maharashtra,Online,2024-01-09
MER02736,Myntra 2736,Ecommerce,delhi,Delhi,Online,2024-11-23
MER02737,MakeMyTrip 2737,Food Delivery,Kolkata,West Bengal,Online,2021-06-04
MER02738,BigBasket 2738,Electronics,Noida,Uttar Pradesh,Online,2021-10-09
MER02739,Paytm 2739,Healthcare,Surat,Gujarat,Online,2024-07-10
MER02740,Amazon India 2740,Entertainment,Pune,Maharashtra,Online,2021-04-20
MER02741,Swiggy 2741,Travel,Delhi,Delhi,Offline,2022-08-23
MER02742,Reliance Digital 2742,Grocery,Kolkata,West Bengal,Online,2021-02-10
MER02743,Apollo Pharmacy 2743,Fashion,Noida,Uttar Pradesh,Online,
MER02744,BookMyShow 2744,,Surat,Gujarat,Offline,2023-04-30
MER02745,Flipkart 2745,Utilities,Pune,Maharashtra,Online,2021-08-12
MER02746,Myntra 2746,Automotive,Delhi, Delhi ,Offline,2024-01-03
MER02747,MakeMyTrip 2747,Restaurants,Kolkata,West Bengal,Online,2022-02-05
MER02748,BigBasket 2748,Ecommerce,Noida,Uttar Pradesh,Offline,2021-10-26
MER02749,Paytm 2749,Food Delivery,Surat,Gujarat,,2025-07-02
MER02750,Amazon India 2750,Electronics,Pune,Maharashtra,Offline,2023-10-04
MER02751,Swiggy 2751,Healthcare,Delhi,Delhi,Online,2021-09-16
MER02752,Reliance Digital 2752,Entertainment,Kolkata,West Bengal,Online,2025-01-06
MER02753,Apollo Pharmacy 2753,Travel,Noida,Uttar Pradesh,Online,2025-08-13
MER02754,BookMyShow 2754,Grocery,Surat,Gujarat,Online,2021-11-10
MER06696,Myntra 6696,Ecommerce, Delhi ,Delhi,Online,2025-04-21
MER02756,Myntra 2756,Education,Delhi,Delhi,Online,2024-09-23
MER02757,MakeMyTrip 2757,Utilities,Kolkata,West Bengal,Online,2021-04-28
MER02758,BigBasket 2758,Automotive,Noida,Uttar Pradesh,,2024-12-06
MER02759,Paytm 2759,Restaurants,Surat,Gujarat,Online,2024-07-29
MER02760,Amazon India 2760,Ecommerce,Pune,Maharashtra,Offline,2021-03-26
MER02761,Swiggy 2761,Food Delivery,Delhi,Delhi,Online,2023-05-27
MER02762,Reliance Digital 2762,Electronics,Kolkata,West Bengal,Online,2021-07-12
MER02763,Apollo Pharmacy 2763,Healthcare,Noida,Uttar Pradesh,Offline,2024-10-19
MER02764,BookMyShow 2764,Entertainment,Surat,Gujarat,Online,2024-03-31
MER02765,Flipkart 2765,Travel,Pune,Maharashtra,Online,2021-01-06
MER02766,Myntra 2766,Grocery,Delhi,Delhi,Offline,2025-06-01
MER02767,MakeMyTrip 2767,Fashion,Kolkata,West Bengal,Online,2022-04-29
MER02768,BigBasket 2768,Education,Noida,Uttar Pradesh,Online,2023-08-16
MER02769,Paytm 2769,Utilities,Surat,Gujarat,Online,2023-11-13
MER02770,Amazon India 2770,Automotive,Pune,Maharashtra,Offline,2025-08-12
MER02771,Swiggy 2771,Restaurants,Delhi,Delhi,Offline,2023-10-28
MER02772,Reliance Digital 2772,Ecommerce,Kolkata,West Bengal,Online,2022-07-03
MER02773,Apollo Pharmacy 2773,Food Delivery,Noida,Uttar Pradesh,Online,2023-06-22
MER02774,BookMyShow 2774,Electronics,Surat,Gujarat,Online,2025-05-16
MER02775,Flipkart 2775,Healthcare,Pune,Maharashtra,Online,2024-04-21
MER02776,Myntra 2776,Entertainment,Delhi,Delhi,Offline,2022-11-17
MER02777,MakeMyTrip 2777,Travel,Kolkata,West Bengal,Online,2025-09-05
MER02778,BigBasket 2778,Grocery,Noida,Uttar Pradesh,Online,2022-04-04
MER02779,Paytm 2779,Fashion,Surat,Gujarat,Online,2024-03-14
MER02780,Amazon India 2780,Education,Pune,Maharashtra,Online,2022-11-15
MER02781,Swiggy 2781,Utilities,,Delhi,Online,2022-04-14
MER02782,Reliance Digital 2782,Automotive,Kolkata,West Bengal,Online,2025-11-26
MER02783,Apollo Pharmacy 2783,Restaurants,Noida,Uttar Pradesh,Offline,
MER02784,BookMyShow 2784,Ecommerce,Surat,Gujarat,Online,2023-10-29
MER02785,Flipkart 2785,Food Delivery,Pune,Maharashtra,Online,2022-02-18
MER02786,Myntra 2786,Electronics,Delhi,Delhi,Online,2022-04-10
MER02787,MakeMyTrip 2787,Healthcare,Kolkata,West Bengal,Online,2022-11-06
MER02788,BigBasket 2788,Entertainment,Noida,Uttar Pradesh,Online,2025-10-07
MER02789,Paytm 2789,Travel,Surat,Gujarat,Offline,2025-11-07
MER02790,Amazon India 2790,Grocery,Pune,Maharashtra,Online,2023-07-04
MER02791,Swiggy 2791,Fashion,Delhi,Delhi,Online,2022-08-28
MER02792,Reliance Digital 2792,Education,Kolkata,West Bengal,Offline,2024-09-01
MER02793,Apollo Pharmacy 2793,Utilities,Noida,Uttar Pradesh,Online,2025-11-03
MER02794,BookMyShow 2794,Automotive,Surat,Gujarat,Online,2021-06-29
MER02795,Flipkart 2795,Restaurants,Pune,Maharashtra,Offline,2024-11-13
MER02796,Myntra 2796,Ecommerce,Delhi,,Offline,2022-10-29
MER02797,MakeMyTrip 2797,Food Delivery,Kolkata,West Bengal,Offline,
MER02798,BigBasket 2798,Electronics,Noida,Uttar Pradesh,Offline,2023-12-25
MER02799,Paytm 2799,Healthcare,Surat,Gujarat,Online,2024-02-15
MER02800,Amazon India 2800,Entertainment,Pune,Maharashtra,Online,2022-06-21
MER02801,Swiggy 2801,Travel,Delhi,Delhi,Online,2024-03-26
MER02802,Reliance Digital 2802,Grocery,Kolkata,West Bengal,Online,2025-02-17
MER02803,Apollo Pharmacy 2803,Fashion,Noida,Uttar Pradesh,Online,2022-11-17
MER02804,BookMyShow 2804,Education,Surat,Gujarat,Online,2024-01-27
MER02805,Flipkart 2805,Utilities,Pune,Maharashtra,Online,2022-06-16
MER02806,Myntra 2806,Automotive,DELHI,Delhi,Online,2022-11-30
MER02807,MakeMyTrip 2807,Restaurants,Kolkata,West Bengal,Offline,2024-01-26
MER02808,BigBasket 2808,Ecommerce,Noida,Uttar Pradesh,Online,2021-11-28
MER02809,Paytm 2809,Food Delivery,Surat,Gujarat,Offline,2023-04-08
MER02810,,Electronics,Pune,Maharashtra,Online,2021-07-07
MER02811,Swiggy 2811,Healthcare,Delhi,Delhi,Online,2025-08-12
MER02812,Reliance Digital 2812,Entertainment,Kolkata,West Bengal,Online,2021-09-30
MER02813,Apollo Pharmacy 2813,Travel,Noida,Uttar Pradesh,Offline,2021-02-09
MER02814,BookMyShow 2814,Grocery,,Gujarat,Offline,2025-08-12
MER02815,Flipkart 2815,Fashion,Pune,Maharashtra,Online,2021-06-10
MER02816,Myntra 2816,Education,Delhi,Delhi,Offline,2023-12-17
MER02817,MakeMyTrip 2817,Utilities,Kolkata,West Bengal,Offline,2023-07-03
MER02818,BigBasket 2818,Automotive,Noida,Uttar Pradesh,Online,2024-12-23
MER02819,Paytm 2819,Restaurants,Surat,Gujarat,Online,2023-07-23
MER02820,Amazon India 2820,Ecommerce,Pune,Maharashtra,Online,2025-08-11
MER02821,Swiggy 2821,Food Delivery,Delhi,Delhi,Online,2024-07-11
MER02822,Reliance Digital 2822,Electronics,Kolkata,West Bengal,Online,2023-09-28
MER02823,Apollo Pharmacy 2823,Healthcare,Noida,Uttar Pradesh,Offline,2021-08-23
MER02824,BookMyShow 2824,Entertainment,Surat,Gujarat,Offline,2021-10-28
MER02825,Flipkart 2825,Travel,Pune,Maharashtra, Online ,2024-02-07
MER02826,Myntra 2826,Grocery,Delhi,Delhi,Online,2021-07-12
MER02827,MakeMyTrip 2827,Fashion,Kolkata,West Bengal,Online,2023-11-07
MER02828,BigBasket 2828,Education,Noida,Uttar Pradesh,Offline,2021-04-08
MER02829,,Utilities,Surat,Gujarat,Offline,2023-03-27
MER02830,Amazon India 2830,Automotive,Pune,Maharashtra,Online,2023-12-15
MER02831,Swiggy 2831,Restaurants,Delhi,Delhi,Online,2022-06-03
MER02832,Reliance Digital 2832,Ecommerce,,West Bengal,Online,2022-05-16
MER02833,Apollo Pharmacy 2833,Food Delivery,Noida,Uttar Pradesh,Offline,2022-01-27
MER02834,BookMyShow 2834,Electronics,Surat,Gujarat,Online,2021-02-22
MER02835,Flipkart 2835,Healthcare,Pune,Maharashtra,Offline,2024-07-11
,Myntra 2836,Entertainment,,Delhi,Online,2021-08-13
MER02837,MakeMyTrip 2837,Travel,Kolkata,West Bengal,Online,2021-08-19
MER02838,BigBasket 2838,Grocery,Noida,Uttar Pradesh,Online,2021-09-02
,Paytm 2839,Fashion,Surat,Gujarat,Online,2022-09-10
MER02840,Amazon India 2840,Education,Pune,Maharashtra,Offline,2024-08-11
MER02841,Swiggy 2841,Utilities,Delhi,Delhi,Online,2021-09-16
MER02842,Reliance Digital 2842,Automotive,Kolkata,West Bengal,Online,2025-01-06
MER02843,Apollo Pharmacy 2843,Restaurants,Noida,Uttar Pradesh,Online,2022-12-12
MER02844,BookMyShow 2844,Ecommerce, Surat ,Gujarat,Online,2022-09-19
MER02845,Flipkart 2845,Food Delivery,Pune,Maharashtra,Online,2023-11-23
MER02846,Myntra 2846,Electronics,Delhi,Delhi,Offline,2023-10-15
MER02847,MakeMyTrip 2847,Healthcare,Kolkata,West Bengal,Online,2024-08-24
MER02848,BigBasket 2848,Entertainment,Noida,Uttar Pradesh,Online,2023-07-21
MER02849,Paytm 2849,Travel,Surat,Gujarat,Online,2022-04-06
MER02850,Amazon India 2850,Grocery,Pune,Maharashtra,Online,2021-05-05
MER02851,Swiggy 2851,Fashion,Delhi,Delhi,Online,2022-05-30
MER02852,Reliance Digital 2852,Education,Kolkata,West Bengal,Online,2021-02-20
MER02853,Apollo Pharmacy 2853,Utilities,Noida,Uttar Pradesh,Online,2025-02-04
MER02854,BookMyShow 2854,Automotive,Surat,Gujarat,Offline,2023-11-01
MER02855,Flipkart 2855,Restaurants,Pune,Maharashtra,Offline,2022-11-25
MER02856,Myntra 2856,Ecommerce,Delhi,Delhi,Offline,2022-10-19
MER02857,MakeMyTrip 2857,Food Delivery,Kolkata,West Bengal,Offline,2021-11-13
MER02858,BigBasket 2858,Electronics,Noida,Uttar Pradesh,Offline,2022-10-16
MER02859,Paytm 2859,Healthcare,Surat,Gujarat,Online,2023-04-25
MER02860,Amazon India 2860,Entertainment,Pune,Maharashtra,Online,2024-11-26
MER02861,Swiggy 2861,Travel,Delhi,Delhi,Online,2022-06-12
MER02862,Reliance Digital 2862,Grocery,Kolkata,West Bengal,Online,2024-09-20
MER02863,Apollo Pharmacy 2863,Fashion,Noida,Uttar Pradesh,Offline,2022-01-29
MER02864,BookMyShow 2864,Education,Surat,Gujarat,Online,2024-03-16
MER02865,Flipkart 2865,Utilities,Pune,Maharashtra,Online,2022-03-22
MER02866,Myntra 2866,Automotive,Delhi,Delhi,Offline,2021-06-01
MER02867,MakeMyTrip 2867,Restaurants,Kolkata,West Bengal,Offline,2025-08-22
MER02868,BigBasket 2868,Ecommerce,Noida,Uttar Pradesh,Online,2021-11-03
MER02869,Paytm 2869,Food Delivery,Surat,Gujarat,Offline,2022-05-13
MER02870,Amazon India 2870,Electronics,Pune,Maharashtra,Online,2024-03-31
MER02871,Swiggy 2871,Healthcare,Delhi,Delhi,Online,2023-09-21
MER02872,Reliance Digital 2872,Entertainment,Kolkata,West Bengal,Online,2024-11-08
MER02873,Apollo Pharmacy 2873,Travel,Noida,,Online,2024-04-15
MER02874,BookMyShow 2874,Grocery,Surat,Gujarat,Offline,2025-04-15
MER02875,Flipkart 2875,Fashion,Pune,Maharashtra,Online,2021-09-09
MER02876,Myntra 2876,Education,Delhi,Delhi,Online,2023-09-25
MER02877,MakeMyTrip 2877,Utilities,Kolkata,West Bengal,Offline,2022-12-22
MER02878,BigBasket 2878,Automotive,Noida,Uttar Pradesh,Online,2024-08-24
,Paytm 2879,Restaurants,Surat,Gujarat,Online,2024-10-22
MER02880,,Ecommerce,Pune,Maharashtra,Online,2025-09-30
MER02881,Swiggy 2881,Food Delivery,Delhi,Delhi,Online,2024-01-05
MER02882,Reliance Digital 2882,Electronics,Kolkata,West Bengal,Offline,2021-06-23
MER02883,Apollo Pharmacy 2883,Healthcare,Noida,Uttar Pradesh,Online,2024-12-04
MER02884,BookMyShow 2884,Entertainment,Surat,Gujarat,Offline,2025-02-15
MER02885,Flipkart 2885,Travel,,Maharashtra,Online,2025-06-05
MER02886,Myntra 2886,Grocery,Delhi,Delhi,Online,2023-03-21
MER02887,MakeMyTrip 2887,Fashion,Kolkata,West Bengal,Online,2024-11-21
MER02888,BigBasket 2888,Education,Noida,Uttar Pradesh,Online,2025-06-03
MER02889,Paytm 2889,Utilities,Surat,Gujarat,Online,2025-02-27
MER02890,Amazon India 2890,Automotive,Pune,Maharashtra,Online,2021-04-19
MER02891,Swiggy 2891,Restaurants, Delhi ,Delhi,Online,2021-01-05
MER02892,Reliance Digital 2892,Ecommerce,Kolkata,West Bengal,Offline,2021-08-27
MER02893,Apollo Pharmacy 2893,Food Delivery,Noida,Uttar Pradesh,Offline,2021-10-25
MER02894,BookMyShow 2894,Electronics,Surat,Gujarat,Online,2023-06-07
MER02895,Flipkart 2895,Healthcare,Pune,Maharashtra,OFFLINE,2022-12-15
MER02896,Myntra 2896,Entertainment,Delhi,Delhi,Online,2024-02-08
MER02897,MakeMyTrip 2897,Travel,Kolkata,West Bengal,Online,2024-03-08
MER02898,BigBasket 2898,Grocery,noida,Uttar Pradesh,Offline,2025-03-31
MER02899,Paytm 2899,Fashion,Surat,Gujarat,Online,2021-01-30
MER02900,Amazon India 2900,Education,Pune,,Online,
MER02901,Swiggy 2901,Utilities,Delhi,Delhi,Online,2024-04-23
MER02902,Reliance Digital 2902,Automotive,Kolkata,West Bengal,Online,2025-09-16
MER02903,Apollo Pharmacy 2903,Restaurants,Noida,Uttar Pradesh,Offline,2024-10-05
,BookMyShow 2904,Ecommerce,Surat,Gujarat,Online,2023-06-22
MER02905,Flipkart 2905,Food Delivery,Pune,Maharashtra,Online,2023-08-23
MER02906,Myntra 2906,,Delhi,Delhi,Offline,2021-06-16
MER02907,MakeMyTrip 2907,Healthcare,Kolkata,West Bengal,Offline,2022-10-09
MER02908,BigBasket 2908,Entertainment,Noida,Uttar Pradesh,Online,2024-09-08
MER02909,Paytm 2909,Travel,Surat,,Online,2024-08-14
MER02910,Amazon India 2910,Grocery,,Maharashtra,,2022-02-10
MER02911,Swiggy 2911,Fashion,Delhi,Delhi,Online,2025-05-23
MER02912,Reliance Digital 2912,Education,Kolkata,West Bengal,,2025-06-12
MER02913,Apollo Pharmacy 2913,Utilities,Noida,Uttar Pradesh,Offline,2022-01-30
MER02914,BookMyShow 2914,Automotive,Surat,Gujarat,OFFLINE,2025-10-02
MER02915,Flipkart 2915,Restaurants,Pune,Maharashtra,Offline,2021-10-24
MER02916,Myntra 2916,Ecommerce,Delhi,Delhi,Online,2022-03-08
MER02917,MakeMyTrip 2917,Food Delivery,Kolkata,West Bengal,Online,2022-09-04
MER02918,BigBasket 2918,Electronics,NOIDA,Uttar Pradesh,Offline,2022-06-13
MER02919,Paytm 2919,Healthcare,Surat,Gujarat,Online,2024-02-15
MER02920,Amazon India 2920,Entertainment,Pune,Maharashtra,Offline,2022-08-20
MER02921,Swiggy 2921,Travel,Delhi,Delhi,Offline,2024-07-27
MER02922,Reliance Digital 2922,Grocery,Kolkata,West Bengal,Online,2023-08-14
MER02923,Apollo Pharmacy 2923,Fashion,Noida,Uttar Pradesh,Offline,2025-11-01
MER02924,BookMyShow 2924,Education,Surat,Gujarat,Online,2024-06-04
MER02925,Flipkart 2925,Utilities,Pune,Maharashtra,Online,2023-02-26
MER02926,Myntra 2926,Automotive,Delhi,Delhi,Offline,2024-04-22
MER02927,MakeMyTrip 2927,Restaurants,Kolkata,,Online,2021-09-27
MER02928,BigBasket 2928,Ecommerce,Noida,Uttar Pradesh,Online,2025-11-07
MER02929,Paytm 2929,Food Delivery,Surat,Gujarat,Online,2024-11-27
MER02930,Amazon India 2930,Electronics,Pune,Maharashtra,Online,2023-11-01
MER02931,Swiggy 2931,Healthcare,Delhi,Delhi,Online,2025-06-23
MER02932,Reliance Digital 2932,Entertainment,Kolkata,West Bengal,Online,2025-07-14
MER02933,Apollo Pharmacy 2933,Travel,Noida,Uttar Pradesh,Online,2024-04-06
MER02934,,Grocery,Surat,Gujarat,Online,2023-12-23
MER03215,Flipkart 3215,Restaurants,PUNE,Maharashtra,Online,2021-05-02
MER02936,Myntra 2936,Education,Delhi,Delhi,Online,2022-11-10
MER02937,MakeMyTrip 2937,Utilities,Kolkata,West Bengal,Online,2024-03-12
MER02938,BigBasket 2938,Automotive,Noida,Uttar Pradesh,Online,2021-01-26
MER02939,,Restaurants,Surat,Gujarat,Offline,2022-12-04
MER02940,Amazon India 2940,Ecommerce,Pune,Maharashtra,Online,2023-10-29
MER02941,Swiggy 2941,,Delhi,Delhi,Online,2024-01-31
MER02942,Reliance Digital 2942,Electronics,Kolkata,West Bengal,Offline,2022-06-14
MER02943,Apollo Pharmacy 2943,Healthcare,Noida,Uttar Pradesh,OFFLINE,2023-07-10
MER02944,BookMyShow 2944,Entertainment,Surat,Gujarat,Offline,2023-01-15
MER02945,Flipkart 2945,Travel,Pune,Maharashtra,Offline,2022-06-25
MER02946,Myntra 2946,Grocery,Delhi,Delhi,Online,2024-03-20
MER02947,MakeMyTrip 2947,Fashion,Kolkata,West Bengal,Online,2023-04-16
MER02948,BigBasket 2948,Education,Noida,Uttar Pradesh,Online,2022-12-05
MER02949,Paytm 2949,Utilities,Surat,Gujarat,Offline,2021-04-02
MER02950,Amazon India 2950,Automotive,Pune,Maharashtra,Online,2023-04-08
MER02951,Swiggy 2951,Restaurants,Delhi,Delhi,Online,2024-08-29
MER02952,Reliance Digital 2952,Ecommerce,Kolkata,West Bengal,Online,2023-11-21
MER02953,Apollo Pharmacy 2953,Food Delivery,Noida,Uttar Pradesh,Online,2022-02-08
MER02954,BookMyShow 2954,Electronics,Surat,Gujarat,Online,2025-03-16
,Flipkart 2955,Healthcare,Pune,Maharashtra,Online,2021-09-27
MER02956,Myntra 2956,Entertainment,Delhi,Delhi,Offline,2024-09-24
MER02957,MakeMyTrip 2957,Travel,Kolkata,West Bengal,OFFLINE,2023-10-10
MER02958,BigBasket 2958,Grocery,Noida,Uttar Pradesh,Online,2023-04-01
MER02959,Paytm 2959,Fashion,Surat,Gujarat,Offline,2023-01-28
MER02960,Amazon India 2960,Education,,Maharashtra,Offline,2024-03-15
MER02961,Swiggy 2961,Utilities,Delhi,Delhi,Online,2025-05-18
MER02962,Reliance Digital 2962,Automotive,Kolkata,West Bengal, Online ,2025-10-12
MER02963,Apollo Pharmacy 2963,Restaurants,Noida,Uttar Pradesh,Offline,2021-02-24
MER02964,BookMyShow 2964,Ecommerce,Surat,Gujarat,Online,2025-04-18
MER02965,Flipkart 2965,Food Delivery,Pune,Maharashtra,Offline,2024-04-03
MER02966,Myntra 2966,Electronics,Delhi,Delhi,Online,2021-05-31
MER02967,MakeMyTrip 2967,Healthcare,Kolkata,West Bengal,Online,2024-07-19
MER02968,BigBasket 2968,Entertainment,Noida,Uttar Pradesh,Online,2021-05-09
MER02969,Paytm 2969,Travel,Surat,Gujarat,Offline,2025-11-07
MER02970,Amazon India 2970,Grocery,Pune,Maharashtra,Online,2023-06-01
MER02971,Swiggy 2971,Fashion,Delhi,Delhi,Online,2023-08-17
MER02972,Reliance Digital 2972,Education,Kolkata,West Bengal,Online,2025-08-26
MER02973,Apollo Pharmacy 2973,Utilities,Noida,Uttar Pradesh,Offline,2025-04-21
MER02974,BookMyShow 2974,Automotive,Surat,Gujarat,Offline,2023-11-09
MER02975,Flipkart 2975,Restaurants,Pune,Maharashtra,Online,2021-04-01
MER02976,Myntra 2976,Ecommerce,Delhi,Delhi,Online,2021-02-04
MER02977,MakeMyTrip 2977,Food Delivery,Kolkata,West Bengal,Offline,2024-06-22
MER02978,BigBasket 2978,Electronics,Noida,Uttar Pradesh,Online,2024-10-29
MER02979,Paytm 2979,Healthcare,Surat,Gujarat,Online,2025-04-15
MER02980,Amazon India 2980,Entertainment,Pune,Maharashtra,Online,2021-11-21
MER02981,Swiggy 2981,Travel,Delhi,Delhi,Online,2022-08-17
MER02982,Reliance Digital 2982,Grocery,Kolkata,West Bengal,Offline,2022-07-09
MER02983,Apollo Pharmacy 2983,Fashion, Noida ,Uttar Pradesh,Online,2023-11-17
MER02984,BookMyShow 2984,Education,Surat,Gujarat,Offline,2023-12-23
MER02985,Flipkart 2985,Utilities,Pune,Maharashtra,Online,2025-01-16
MER02986,Myntra 2986,Automotive,Delhi,Delhi,Offline,2025-01-30
MER02987,MakeMyTrip 2987,Restaurants,Kolkata,West Bengal,Online,2025-09-19
MER02988,BigBasket 2988,Ecommerce,Noida,Uttar Pradesh,Online,2023-07-10
MER02989,Paytm 2989,Food Delivery,Surat,gujarat,Offline,2022-06-11
MER02990,Amazon India 2990,Electronics,Pune, Maharashtra ,Online,2023-10-31
MER02991,Swiggy 2991,Healthcare,Delhi,Delhi,Online,2025-11-16
MER02992,Reliance Digital 2992,Entertainment,Kolkata,West Bengal,Online,2025-08-21
MER02993,Apollo Pharmacy 2993,Travel,Noida,Uttar Pradesh,Offline,2022-10-11
MER02994,BookMyShow 2994,Grocery,Surat,Gujarat,Offline,2022-06-09
MER02995,Flipkart 2995,Fashion,Pune,Maharashtra,Online,2025-07-03
MER02996,Myntra 2996,Education,Delhi,Delhi,Online,2025-07-15
MER02997,MakeMyTrip 2997,Utilities,Kolkata,West Bengal,Online,2023-08-24
MER02998,BigBasket 2998,Automotive,Noida,Uttar Pradesh,Online,2021-02-02
MER02999,Paytm 2999,Restaurants,Surat,Gujarat,Online,2023-07-04
MER03000,Amazon India 3000,Ecommerce,Pune,Maharashtra,Offline,2021-11-07
MER03001,Swiggy 3001,Food Delivery,Delhi,Delhi,Online,2022-03-08
MER03002,Reliance Digital 3002,Electronics,Kolkata,West Bengal,Online,2021-08-01
MER03003,Apollo Pharmacy 3003,Healthcare,Noida,Uttar Pradesh,Online,2023-10-28
MER03004,BookMyShow 3004,Entertainment,Surat,,Online,2021-06-20
MER03005,Flipkart 3005,Travel,Pune,Maharashtra,Offline,2021-06-25
MER03006,Myntra 3006,Grocery,Delhi,Delhi,Online,2022-11-13
MER03007,MakeMyTrip 3007,Fashion,Kolkata,West Bengal,Online,2021-03-05
MER03008,BigBasket 3008,Education,Noida,Uttar Pradesh,Online,2023-08-01
MER03009,Paytm 3009,Utilities,Surat,Gujarat,Online,2025-06-07
MER03010,Amazon India 3010,Automotive,Pune,,Offline,2022-08-12
MER03011,Swiggy 3011,Restaurants,Delhi,Delhi,Online,2025-08-04
MER03012,Reliance Digital 3012,Ecommerce,Kolkata,West Bengal,Offline,2024-04-14
MER03013,Apollo Pharmacy 3013,Food Delivery,Noida,Uttar Pradesh,Offline,2022-03-21
MER03014,BookMyShow 3014,Electronics,Surat,Gujarat,Online,2024-12-26
MER03015,Flipkart 3015,Healthcare,Pune,Maharashtra,Offline,2023-01-03
MER03016,Myntra 3016,Entertainment,Delhi,Delhi,Offline,2022-05-13
MER03017,MakeMyTrip 3017,Travel,Kolkata,West Bengal,Offline,2025-01-19
MER03018,BigBasket 3018,Grocery,Noida,Uttar Pradesh,,2021-07-14
MER03019,Paytm 3019,Fashion,Surat,Gujarat,,2022-05-20
MER03020,Amazon India 3020,Education,Pune,Maharashtra,Online,2022-05-14
MER03021,Swiggy 3021,Utilities,Delhi,Delhi,Online,2024-05-21
MER03022,Reliance Digital 3022,Automotive,Kolkata,West Bengal,Online,2025-01-21
MER03023,Apollo Pharmacy 3023,Restaurants,Noida,Uttar Pradesh,Offline,2025-08-23
MER03024,BookMyShow 3024,Ecommerce,Surat,Gujarat,Online,2021-01-08
MER03025,Flipkart 3025,Food Delivery,Pune,Maharashtra,Online,2022-08-22
MER03026,Myntra 3026,Electronics,Delhi,Delhi,Online,2025-11-12
MER03027,MakeMyTrip 3027,Healthcare,Kolkata,West Bengal,Online,2024-04-01
MER03028,BigBasket 3028,Entertainment,Noida,Uttar Pradesh,Offline,2021-12-22
MER03029,Paytm 3029,Travel,Surat,Gujarat,Online,2021-05-11
MER03030,Amazon India 3030,Grocery,Pune,Maharashtra,Offline,2021-11-12
MER03031,Swiggy 3031,Fashion,Delhi,Delhi,Online,2024-02-01
MER03032,Reliance Digital 3032,Education,Kolkata,West Bengal,Offline,2023-05-18
MER03033,Apollo Pharmacy 3033,Utilities,Noida,Uttar Pradesh,Online,2025-07-03
MER03034,BookMyShow 3034,Automotive,Surat,Gujarat,Online,2025-05-19
MER03035,Flipkart 3035,Restaurants,Pune,Maharashtra,Online,2022-08-31
MER03036,Myntra 3036,Ecommerce,Delhi,Delhi,Online,2025-08-24
MER03037,MakeMyTrip 3037,Food Delivery,Kolkata,West Bengal,Offline,2023-11-20
MER05383,Apollo Pharmacy 5383,Fashion,Noida,Uttar Pradesh,Online,2021-12-21
MER03039,Paytm 3039,Healthcare,Surat,Gujarat,Online,2023-07-23
MER03040,Amazon India 3040,Entertainment,Pune,Maharashtra,Online,2025-08-17
MER03041,Swiggy 3041,Travel,Delhi,Delhi,Online,2023-09-07
MER03042,Reliance Digital 3042,Grocery,Kolkata,West Bengal,Online,2023-01-15
MER03043,Apollo Pharmacy 3043,,Noida,Uttar Pradesh,Online,2025-01-26
MER01103,Apollo Pharmacy 1103,Restaurants,Noida,Uttar Pradesh,Online,2025-05-05
MER03045,Flipkart 3045,Utilities,Pune,Maharashtra,Online,2024-03-27
MER03046,Myntra 3046,Automotive, Delhi ,Delhi,Online,2024-04-20
MER09961,Swiggy 9961,Food Delivery,Delhi,Delhi,Online,2024-06-13
MER03048,BigBasket 3048,Ecommerce,Noida,Uttar Pradesh,Offline,2023-01-10
MER03049,Paytm 3049,Food Delivery,Surat,Gujarat,Offline,2024-04-28
MER03050,Amazon India 3050,Electronics,Pune,Maharashtra,Offline,2022-12-15
MER03051,Swiggy 3051,Healthcare,Delhi,Delhi,Offline,2022-07-13
,Reliance Digital 3052,Entertainment,Kolkata,West Bengal,Online,2023-03-15
MER03053,Apollo Pharmacy 3053,Travel,Noida,Uttar Pradesh,Online,2024-09-28
MER03054,BookMyShow 3054,Grocery,Surat,Gujarat,Offline,2021-11-25
MER03055,Flipkart 3055,Fashion,Pune,Maharashtra,Online,2022-11-27
MER03056,Myntra 3056,Education,Delhi,Delhi,Offline,2021-12-11
MER03057,MakeMyTrip 3057,Utilities,Kolkata,West Bengal,Online,2023-03-07
MER03058,BigBasket 3058,Automotive,Noida,Uttar Pradesh,Offline,2023-12-03
MER03059,Paytm 3059,Restaurants,Surat,Gujarat,Offline,2024-06-05
MER03060,Amazon India 3060,Ecommerce,Pune,Maharashtra,Online,2021-06-06
MER03061,Swiggy 3061,Food Delivery,Delhi,Delhi,Online,2021-01-28
MER03062,Reliance Digital 3062,Electronics,Kolkata,West Bengal,Online,2025-09-27
MER03063,Apollo Pharmacy 3063,Healthcare,Noida,Uttar Pradesh,Online,2024-08-11
,BookMyShow 3064,Entertainment,Surat,Gujarat,Offline,2024-01-21
MER03065,Flipkart 3065,Travel,Pune,Maharashtra,Offline,2022-04-16
MER03066,Myntra 3066,Grocery,Delhi,Delhi,Online,2023-10-09
MER03067,MakeMyTrip 3067,Fashion,Kolkata,West Bengal,Offline,2025-09-28
MER03068,BigBasket 3068,Education,Noida,Uttar Pradesh,Offline,2025-03-18
MER03069,Paytm 3069,Utilities,Surat,Gujarat,Online,2021-10-11
,Amazon India 3070,Automotive,Pune,Maharashtra,Online,2022-10-28
MER03071,Swiggy 3071,Restaurants,Delhi,Delhi,Offline,2022-08-22
MER03072,Reliance Digital 3072,,Kolkata,West Bengal,Online,2024-10-12
MER03073,Apollo Pharmacy 3073,Food Delivery,Noida,Uttar Pradesh,Online,2021-04-18
MER03074,BookMyShow 3074,Electronics,Surat,Gujarat,Online,2021-11-13
MER03075,Flipkart 3075,Healthcare,Pune,Maharashtra,Offline,2023-06-09
MER03076,Myntra 3076,Entertainment,Delhi,Delhi,Online,2024-06-15
MER03077,MakeMyTrip 3077,Travel,Kolkata,West Bengal,Offline,2024-11-22
MER03078,BigBasket 3078,Grocery,Noida,Uttar Pradesh,Offline,2022-06-26
MER03079,Paytm 3079,Fashion,Surat,Gujarat,Online,2021-10-05
MER03080,Amazon India 3080,Education,Pune,Maharashtra,Offline,
MER03081,Swiggy 3081,Utilities,Delhi,Delhi,Offline,2022-11-29
,Reliance Digital 3082,Automotive,Kolkata,West Bengal,Online,2023-01-03
MER03083,Apollo Pharmacy 3083,Restaurants,Noida,Uttar Pradesh,Online,2022-04-17
MER03084,BookMyShow 3084,Ecommerce,Surat,Gujarat,Online,2022-01-11
MER03085,Flipkart 3085,Food Delivery,Pune,Maharashtra,Online,2025-10-11
MER03086,Myntra 3086,Electronics,Delhi,Delhi,Online,2024-08-05
MER03087,MakeMyTrip 3087,Healthcare,Kolkata,West Bengal,Offline,2021-12-26
MER03088,BigBasket 3088,Entertainment,Noida,Uttar Pradesh,Online,2021-02-26
MER03089,Paytm 3089,Travel,Surat,Gujarat,Online,2025-05-08
MER03090,Amazon India 3090,Grocery,Pune,Maharashtra,Offline,2022-08-22
MER03091,,Fashion,Delhi,Delhi,Online,2025-05-07
MER03092,Reliance Digital 3092,Education,Kolkata,West Bengal,Online,2024-06-24
MER03093,Apollo Pharmacy 3093,Utilities,Noida,Uttar Pradesh,Online,2024-09-11
MER03094,BookMyShow 3094,Automotive,Surat,Gujarat,Offline,2023-05-24
MER03095,Flipkart 3095,Restaurants,Pune,Maharashtra,Online,2024-10-17
MER03096,Myntra 3096,Ecommerce,Delhi,Delhi,Online,2025-01-17
MER03097,MakeMyTrip 3097,Food Delivery,Kolkata,West Bengal,Offline,2024-08-04
MER03098,BigBasket 3098,Electronics,,Uttar Pradesh,Online,2022-11-17
MER03099,Paytm 3099,Healthcare,Surat,Gujarat,Online,2022-09-13
MER03100,Amazon India 3100,Entertainment,Pune,Maharashtra,Online,2024-12-21
MER03101,Swiggy 3101,Travel,Delhi,Delhi,Online,2021-04-19
MER03102,,Grocery,Kolkata,West Bengal,Offline,2022-06-25
MER03103,Apollo Pharmacy 3103,Fashion,Noida,Uttar Pradesh,Online,2023-07-08
MER03104,BookMyShow 3104,Education,Surat,Gujarat,Offline,2024-10-01
MER03105,Flipkart 3105,Utilities,Pune,Maharashtra,Online,2024-05-26
MER03106,Myntra 3106,Automotive,Delhi,Delhi,Online,2021-04-02
MER03107,MakeMyTrip 3107,Restaurants,Kolkata,West Bengal,Offline,2023-05-08
MER01147,MakeMyTrip 1147,Fashion,Kolkata,West Bengal,Offline,2024-12-22
MER03109,Paytm 3109,Food Delivery,Surat,Gujarat,Online,2022-02-16
MER03110,Amazon India 3110,Electronics,Pune,Maharashtra,Online,2022-06-30
MER03111,Swiggy 3111,Healthcare,Delhi,Delhi,Online,2025-10-16
MER03112,Reliance Digital 3112,Entertainment,Kolkata,West Bengal,Online,2023-09-18
MER03113,Apollo Pharmacy 3113,Travel,Noida,Uttar Pradesh,Online,2021-04-24
MER03114,BookMyShow 3114,Grocery,Surat,Gujarat,Online,2022-03-17
MER03115,Flipkart 3115,Fashion,Pune,Maharashtra,Online,2022-09-30
MER03116,Myntra 3116,Education,Delhi,Delhi,Online,2023-04-28
MER03117,MakeMyTrip 3117,Utilities,Kolkata,West Bengal,Online,2025-02-12
MER03118,BigBasket 3118,Automotive,Noida,Uttar Pradesh,Offline,2024-06-10
MER03119,Paytm 3119,Restaurants,Surat,Gujarat,Online,2021-08-26
MER03120,Amazon India 3120,Ecommerce,Pune,Maharashtra,,2023-03-07
MER03121,Swiggy 3121,Food Delivery,Delhi,Delhi,Offline,2024-01-19
MER03122,Reliance Digital 3122,Electronics,Kolkata,West Bengal,Online,2022-03-26
MER03123,Apollo Pharmacy 3123,Healthcare,Noida,Uttar Pradesh,Offline,2025-04-06
MER03124,BookMyShow 3124,Entertainment,Surat,Gujarat,Online,2023-05-22
MER03125,Flipkart 3125,Travel,Pune,Maharashtra,Online,2025-11-06
MER03126,Myntra 3126,Grocery,Delhi,Delhi,Online,2023-06-12
MER03127,MakeMyTrip 3127,Fashion,Kolkata,WEST BENGAL,Offline,2024-08-12
MER03128,BigBasket 3128,Education,Noida,Uttar Pradesh,Online,2022-12-23
MER03129,Paytm 3129,Utilities,Surat,Gujarat,Offline,2022-09-04
MER03130,Amazon India 3130,Automotive,Pune,Maharashtra,Online,2023-07-25
MER03131,Swiggy 3131,Restaurants,Delhi,Delhi,Online,2024-02-22
MER03132,Reliance Digital 3132,Ecommerce,Kolkata,West Bengal,Online,2025-04-30
MER03133,Apollo Pharmacy 3133,Food Delivery,Noida,Uttar Pradesh,Online,2021-05-08
MER03134,BookMyShow 3134,Electronics,Surat,gujarat,Offline,2021-10-26
MER03135,Flipkart 3135,Healthcare,Pune,Maharashtra,Offline,2024-06-02
MER03136,Myntra 3136,Entertainment,Delhi,Delhi,Online,2022-09-12
MER03137,MakeMyTrip 3137,Travel,Kolkata,West Bengal,Online,2021-08-27
MER03138,BigBasket 3138,Grocery,Noida,Uttar Pradesh,Online,2022-07-10
MER03139,Paytm 3139,Fashion,Surat,Gujarat,Online,2024-12-21
MER03140,Amazon India 3140,Education,Pune,Maharashtra,Online,2021-09-08
MER03141,Swiggy 3141,Utilities,Delhi,Delhi,Online,2023-10-19
MER03142,Reliance Digital 3142,Automotive,Kolkata,West Bengal,,2023-10-21
MER03143,Apollo Pharmacy 3143,Restaurants,Noida,Uttar Pradesh,Online,2021-09-26
MER03144,BookMyShow 3144,Ecommerce,Surat,Gujarat,Online,2022-10-24
MER03145,Flipkart 3145,Food Delivery,Pune,Maharashtra,Online,2024-02-09
MER03146,Myntra 3146,Electronics,Delhi,Delhi,Online,2021-10-31
MER03147,MakeMyTrip 3147,Healthcare,Kolkata,West Bengal,Online,2024-08-30
MER03148,BigBasket 3148,Entertainment,Noida,Uttar Pradesh,Online,2024-03-12
MER03149,Paytm 3149,,Surat,Gujarat,Online,2025-11-11
MER03150,Amazon India 3150,Grocery,Pune,Maharashtra,Offline,2022-02-18
MER03151,Swiggy 3151,Fashion,Delhi,Delhi,Online,2025-06-22
MER03152,Reliance Digital 3152,Education,Kolkata,West Bengal,Online,2023-11-30
MER03153,Apollo Pharmacy 3153,Utilities,Noida,Uttar Pradesh,Online,2022-11-13
MER03154,BookMyShow 3154,Automotive,Surat,Gujarat,Online,2021-05-08
MER03155,Flipkart 3155,Restaurants,Pune,,Offline,2025-05-31
MER03156,Myntra 3156,Ecommerce,Delhi,Delhi,Online,2022-06-28
MER03157,MakeMyTrip 3157,Food Delivery,Kolkata,West Bengal,Online,2025-06-08
MER03158,BigBasket 3158,Electronics,Noida,Uttar Pradesh,Online,2021-08-11
MER03159,Paytm 3159,Healthcare,Surat,Gujarat,Offline,2024-02-02
MER03160,Amazon India 3160,Entertainment,Pune,Maharashtra,Online,2025-06-15
MER03161,Swiggy 3161,Travel,Delhi,Delhi,Offline,2022-06-25
MER03162,Reliance Digital 3162,Grocery,Kolkata,West Bengal,Online,2024-11-09
MER03163,Apollo Pharmacy 3163,Fashion,Noida,Uttar Pradesh,Online,2025-08-18
MER03164,BookMyShow 3164,Education,Surat,Gujarat,Online,2025-09-21
MER03165,Flipkart 3165,Utilities,Pune,Maharashtra,Online,2022-05-29
MER03166,Myntra 3166,Automotive,Delhi,Delhi,Offline,2025-08-16
MER03167,MakeMyTrip 3167,Restaurants, Kolkata ,West Bengal,Offline,2024-11-21
MER03168,BigBasket 3168,Ecommerce,Noida,Uttar Pradesh,Offline,2025-05-15
MER03169,Paytm 3169,Food Delivery,Surat,Gujarat,Offline,2025-05-27
MER03170,Amazon India 3170,Electronics,Pune,Maharashtra,Online,2023-04-26
MER03171,Swiggy 3171,Healthcare,Delhi,Delhi,Offline,2022-04-18
MER03172,Reliance Digital 3172,Entertainment,Kolkata,West Bengal,Online,2024-07-09
MER03173,Apollo Pharmacy 3173,Travel,Noida,Uttar Pradesh, Online ,2022-08-16
MER03174,BookMyShow 3174,Grocery,Surat,Gujarat,Online,2021-02-02
MER03175,Flipkart 3175,Fashion,Pune,Maharashtra,Online,2022-07-22
MER03176,Myntra 3176,Education,Delhi,Delhi,Online,2021-02-02
MER03177,MakeMyTrip 3177,Utilities,KOLKATA,West Bengal,Online,2024-05-08
MER03178,BigBasket 3178,Automotive,Noida,Uttar Pradesh,Online,2023-07-21
MER03179,Paytm 3179,Restaurants,Surat,Gujarat,Online,2021-01-21
MER03180,Amazon India 3180,Ecommerce,Pune,Maharashtra,Online,2025-11-16
MER03181,Swiggy 3181,,Delhi,Delhi,Offline,2023-11-20
MER03182,Reliance Digital 3182,Electronics,Kolkata,West Bengal,Online,2024-08-10
MER03183,Apollo Pharmacy 3183,Healthcare,Noida,Uttar Pradesh,Online,2021-04-07
MER03184,BookMyShow 3184,Entertainment,Surat,Gujarat,Online,2021-05-11
MER03185,Flipkart 3185,Travel,Pune,Maharashtra,Online,2021-01-27
MER03186,Myntra 3186,Grocery,Delhi, Delhi ,Offline,2021-08-10
MER03187,MakeMyTrip 3187,Fashion,Kolkata,West Bengal,Online,2024-01-04
MER03188,BigBasket 3188,Education,Noida,Uttar Pradesh,Online,2021-07-17
MER03189,Paytm 3189,Utilities,Surat,Gujarat,Online,2024-11-12
MER03190,Amazon India 3190,Automotive,Pune,Maharashtra,Online,2023-03-05
MER03191,Swiggy 3191,Restaurants,Delhi,Delhi,Offline,2025-11-12
MER03192,Reliance Digital 3192,Ecommerce,Kolkata,West Bengal,Offline,2021-01-26
MER03193,Apollo Pharmacy 3193,Food Delivery,Noida,Uttar Pradesh,Online,2025-02-21
MER03194,BookMyShow 3194,Electronics,Surat,Gujarat,Online,2025-11-26
MER03195,Flipkart 3195,Healthcare,Pune,Maharashtra,Online,2024-10-05
MER03196,Myntra 3196,Entertainment,Delhi,Delhi,Online,2022-09-04
MER03197,MakeMyTrip 3197,Travel,Kolkata,West Bengal,Online,2023-01-09
MER03198,BigBasket 3198,Grocery,Noida,Uttar Pradesh,Online,2021-09-10
MER03199,Paytm 3199,Fashion,Surat,Gujarat,Online,2021-04-01
MER03200,Amazon India 3200,Education,Pune,Maharashtra,Online,2024-05-11
MER03201,Swiggy 3201,Utilities,Delhi,Delhi,Online,2022-10-26
MER03202,Reliance Digital 3202,Automotive,Kolkata,West Bengal,Online,2024-12-25
MER03203,Apollo Pharmacy 3203,Restaurants,Noida,Uttar Pradesh,Online,2022-03-06
MER03204,BookMyShow 3204,Ecommerce,Surat,Gujarat,Online,2024-06-01
MER03205,Flipkart 3205,Food Delivery,Pune,Maharashtra,Online,2024-01-29
MER03206,Myntra 3206,Electronics,Delhi,Delhi,Online,2024-02-01
MER03207,MakeMyTrip 3207,Healthcare,Kolkata,West Bengal,Offline,2021-06-26
MER03208,BigBasket 3208,Entertainment,Noida,Uttar Pradesh,Online,2022-11-18
MER03209,Paytm 3209,Travel,Surat,Gujarat,Online,2022-08-14
MER03210,Amazon India 3210,Grocery,Pune,Maharashtra,Offline,2022-06-08
MER03211,Swiggy 3211,Fashion,Delhi,Delhi,Offline,2024-01-27
MER03212,Reliance Digital 3212,Education,Kolkata,West Bengal,Online,2021-12-17
MER03213,Apollo Pharmacy 3213,Utilities,Noida,Uttar Pradesh,Online,2024-12-04
MER03214,BookMyShow 3214,Automotive,Surat,Gujarat,Offline,2023-08-06
MER03215,Flipkart 3215,Restaurants,PUNE,Maharashtra,Online,2021-05-02
MER03216,Myntra 3216,Ecommerce,Delhi,Delhi,Offline,2021-11-28
MER03217,MakeMyTrip 3217,Food Delivery,Kolkata,West Bengal,Online,2021-06-02
MER03218,BigBasket 3218,Electronics,Noida,Uttar Pradesh,Online,2023-09-28
MER03219,,Healthcare,surat,Gujarat,Offline,2021-08-18
MER03220,Amazon India 3220,Entertainment,Pune,Maharashtra,Online,2025-03-24
MER03221,Swiggy 3221,Travel,Delhi,Delhi,Online,2025-05-15
MER03222,Reliance Digital 3222,Grocery,Kolkata,West Bengal,Online,2024-06-08
MER03223,Apollo Pharmacy 3223,Fashion,Noida,Uttar Pradesh,Online,2024-09-13
MER03224,BookMyShow 3224,Education,Surat,Gujarat,Offline,2022-08-06
MER03225,Flipkart 3225,Utilities,Pune,Maharashtra,Offline,2025-09-18
MER03226,Myntra 3226,Automotive,Delhi,Delhi,Online,2021-12-24
MER03227,MakeMyTrip 3227,Restaurants,Kolkata,West Bengal,Online,2025-03-19
MER03228,BigBasket 3228,Ecommerce,Noida,Uttar Pradesh,Online,2025-05-21
MER03229,Paytm 3229,Food Delivery,Surat,Gujarat,Online,2024-01-25
MER03230,Amazon India 3230,Electronics,Pune,Maharashtra,Online,2022-03-05
MER03231,Swiggy 3231,Healthcare,Delhi,Delhi,Online,
MER03232,Reliance Digital 3232,Entertainment,Kolkata,West Bengal,Offline,2025-07-23
MER03233,Apollo Pharmacy 3233,Travel,Noida,Uttar Pradesh,Online,2024-04-20
MER03234,BookMyShow 3234,Grocery,Surat,Gujarat,Online,2022-11-15
MER03235,Flipkart 3235,Fashion,Pune,Maharashtra,Offline,2024-06-13
MER03236,Myntra 3236,Education,Delhi,Delhi,Online,2023-08-19
MER03237,MakeMyTrip 3237,Utilities,Kolkata,West Bengal,Online,2022-03-05
MER03238,BigBasket 3238,Automotive,Noida,Uttar Pradesh,Offline,2025-06-10
MER03239,Paytm 3239,Restaurants,Surat,Gujarat,Offline,2025-12-04
MER03240,Amazon India 3240,Ecommerce,Pune,Maharashtra,Offline,2023-07-28
MER03241,Swiggy 3241,Food Delivery,Delhi,Delhi,Online,2021-05-01
MER03242,Reliance Digital 3242,Electronics,Kolkata,West Bengal,Online,2021-01-21
MER03243,Apollo Pharmacy 3243,Healthcare,Noida,Uttar Pradesh,Offline,2022-10-23
MER03244,BookMyShow 3244,Entertainment,Surat,Gujarat,Offline,2024-11-27
MER03245,Flipkart 3245,Travel,Pune,Maharashtra,Online,2021-04-11
MER03246,Myntra 3246,Grocery,DELHI,Delhi,Offline,2023-08-28
MER03247,MakeMyTrip 3247,Fashion,Kolkata,West Bengal,Online,2024-01-10
MER03248,BigBasket 3248,Education,Noida,Uttar Pradesh,Online,2022-01-16
MER03249,Paytm 3249,Utilities,Surat,Gujarat,Online,2023-05-29
MER03250,Amazon India 3250,Automotive,Pune,Maharashtra,Online,2024-02-18
MER03251,Swiggy 3251,Restaurants,Delhi,Delhi,Online,2023-01-22
MER07722,Reliance Digital 7722,Grocery,Kolkata,West Bengal,Online,2022-08-02
MER03253,Apollo Pharmacy 3253,Food Delivery,Noida,Uttar Pradesh,Offline,2023-11-07
MER03254,BookMyShow 3254,Electronics,,Gujarat,Offline,2022-09-28
MER03255,Flipkart 3255,Healthcare,Pune,Maharashtra,Online,2025-02-15
MER03256,Myntra 3256,Entertainment,Delhi,Delhi,Online,2022-01-28
MER03257,MakeMyTrip 3257,Travel,Kolkata,West Bengal,Offline,2024-05-06
MER03258,BigBasket 3258,Grocery,Noida,Uttar Pradesh,Online,2021-09-03
MER03259,Paytm 3259,Fashion,Surat,Gujarat,Online,2025-08-28
MER03260,Amazon India 3260,Education,Pune,Maharashtra,Online,2021-04-11
MER03261,Swiggy 3261,Utilities,Delhi,Delhi,Online,2024-10-03
MER03262,Reliance Digital 3262,Automotive,Kolkata,West Bengal,Online,2025-01-22
MER03263,Apollo Pharmacy 3263,Restaurants,Noida,Uttar Pradesh,Offline,2022-01-25
MER03264,BookMyShow 3264,Ecommerce,Surat,Gujarat,Online,2024-08-04
MER03265,Flipkart 3265,,Pune,Maharashtra,Online,2024-03-05
MER03266,Myntra 3266,Electronics,Delhi,Delhi,Offline,2021-01-12
MER03267,MakeMyTrip 3267,Healthcare,Kolkata,West Bengal,Offline,2024-04-03
MER03268,BigBasket 3268,Entertainment,Noida,Uttar Pradesh,Online,2025-02-07
MER03269,Paytm 3269,Travel,Surat,,Online,2025-11-10
MER03270,Amazon India 3270,Grocery,Pune,Maharashtra,Offline,2021-05-08
MER03271,Swiggy 3271,Fashion,Delhi,Delhi,Online,2025-02-06
MER03272,Reliance Digital 3272,Education,Kolkata,West Bengal,Offline,2023-05-19
MER03273,Apollo Pharmacy 3273,Utilities,Noida,Uttar Pradesh,Offline,2024-11-09
MER03274,BookMyShow 3274,Automotive,Surat,Gujarat,Online,2023-05-06
MER03275,Flipkart 3275,Restaurants,Pune,Maharashtra,Online,2023-05-13
MER03276,Myntra 3276,Ecommerce,Delhi,Delhi,Offline,2024-04-21
MER03277,MakeMyTrip 3277,Food Delivery,Kolkata,West Bengal,Online,2024-06-16
MER03278,BigBasket 3278,Electronics,Noida,Uttar Pradesh,Online,2022-06-25
MER03279,Paytm 3279,Healthcare,Surat,Gujarat,Online,2024-03-06
MER03280,Amazon India 3280,Entertainment,Pune,Maharashtra,Online,2024-08-20
MER03281,Swiggy 3281,Travel,Delhi,Delhi,,2023-07-22
MER03282,Reliance Digital 3282,Grocery,Kolkata,West Bengal,Online,2021-02-22
MER03283,Apollo Pharmacy 3283,Fashion,Noida,Uttar Pradesh,Online,2024-11-24
MER03284,BookMyShow 3284,Education,Surat,Gujarat,Online,2023-07-26
MER03285,Flipkart 3285,Utilities,Pune,Maharashtra,Online,2022-03-24
MER03286,Myntra 3286,Automotive,Delhi,Delhi,Offline,2024-04-13
MER03287,MakeMyTrip 3287,Restaurants,Kolkata,West Bengal,Offline,2024-04-02
MER03288,BigBasket 3288,Ecommerce,Noida,Uttar Pradesh,Online,2022-06-01
MER03289,Paytm 3289,Food Delivery,Surat,Gujarat,Online,2021-02-16
MER03290,Amazon India 3290,Electronics,Pune,Maharashtra,Online,2021-07-22
MER03291,Swiggy 3291,Healthcare,Delhi,Delhi,Offline,2024-07-13
MER03292,Reliance Digital 3292,Entertainment,Kolkata,West Bengal,Online,2021-06-27
MER03293,Apollo Pharmacy 3293,Travel,Noida,Uttar Pradesh,Online,2024-10-18
MER03294,BookMyShow 3294,Grocery,Surat,Gujarat,Offline,2024-11-09
MER03295,Flipkart 3295,Fashion,Pune,Maharashtra,Offline,2023-09-15
MER03296,Myntra 3296,Education,Delhi,Delhi,Online,2024-05-10
MER03297,MakeMyTrip 3297,Utilities,Kolkata,West Bengal,Online,2024-07-23
MER03298,BigBasket 3298,Automotive,Noida,Uttar Pradesh,Online,2025-11-04
MER03299,Paytm 3299,Restaurants,Surat,Gujarat,Offline,2025-04-27
MER03300,Amazon India 3300,Ecommerce,Pune,Maharashtra,Offline,2025-06-19
MER03301,Swiggy 3301,Food Delivery,Delhi,Delhi,Online,2024-05-23
MER03302,Reliance Digital 3302,Electronics,Kolkata,West Bengal,Online,2024-08-27
MER03303,Apollo Pharmacy 3303,Healthcare,Noida,Uttar Pradesh,Offline,2021-03-12
MER03304,BookMyShow 3304,Entertainment,Surat,Gujarat,Online,2024-10-31
MER03305,Flipkart 3305,Travel,Pune,Maharashtra,Online,2025-02-22
MER03306,Myntra 3306,Grocery,Delhi,Delhi,Online,2021-06-11
MER03307,MakeMyTrip 3307,Fashion,Kolkata,West Bengal,Offline,2022-06-29
MER03308,,Education,Noida,,Online,2025-11-02
MER03309,Paytm 3309,Utilities,Surat,Gujarat,Offline,2021-11-14
MER03310,Amazon India 3310,Automotive,Pune,Maharashtra,Offline,2024-04-24
MER03311,Swiggy 3311,Restaurants,Delhi,Delhi,Offline,2023-09-26
MER03312,Reliance Digital 3312,Ecommerce,Kolkata,West Bengal,Online,2024-05-23
MER03313,Apollo Pharmacy 3313,Food Delivery,Noida,Uttar Pradesh,Offline,2024-12-22
MER03314,BookMyShow 3314,Electronics,Surat,Gujarat,Offline,2025-01-09
MER03315,Flipkart 3315,Healthcare,Pune,maharashtra,Online,2024-07-27
MER03316,Myntra 3316,Entertainment,Delhi,Delhi,Online,2022-07-15
MER03317,MakeMyTrip 3317,Travel,Kolkata,West Bengal,Online,2023-03-19
MER03318,BigBasket 3318,Grocery,Noida,Uttar Pradesh,Online,2025-03-19
MER03319,Paytm 3319,Fashion,Surat,Gujarat,Online,2023-11-10
MER03320,Amazon India 3320,Education,Pune,Maharashtra,Online,2024-11-09
MER03321,Swiggy 3321,Utilities,Delhi,Delhi,Offline,2024-02-15
MER03322,Reliance Digital 3322,Automotive,Kolkata,West Bengal,Online,2021-02-06
MER03323,Apollo Pharmacy 3323,Restaurants,Noida,Uttar Pradesh,Offline,2023-11-29
MER03324,BookMyShow 3324,Ecommerce,Surat,Gujarat,Online,2021-04-09
MER03325,Flipkart 3325,Food Delivery,Pune,Maharashtra,Offline,2025-05-21
MER03326,Myntra 3326,Electronics,Delhi,Delhi,Online,2023-07-21
MER03327,MakeMyTrip 3327,Healthcare,Kolkata,West Bengal,Online,2021-07-22
MER03328,BigBasket 3328,Entertainment,Noida,Uttar Pradesh,Online,2022-03-24
,Paytm 3329,Travel,Surat,Gujarat,Online,2025-06-26
MER03330,Amazon India 3330,Grocery,Pune,Maharashtra,Offline,2023-10-27
MER03331,Swiggy 3331,Fashion,Delhi,Delhi,Online,2025-03-12
MER03332,Reliance Digital 3332,Education,Kolkata,West Bengal,Online,2023-08-06
MER03333,Apollo Pharmacy 3333,Utilities,Noida,uttar pradesh,Offline,2025-06-08
MER03334,BookMyShow 3334,Automotive,Surat,gujarat,Offline,2022-03-07
MER03335,Flipkart 3335,Restaurants,Pune,Maharashtra,Online,2023-09-19
MER03336,Myntra 3336,Ecommerce,Delhi,Delhi,Online,2021-06-14
MER03337,MakeMyTrip 3337,Food Delivery,Kolkata,WEST BENGAL,Online,2023-06-27
MER03338,BigBasket 3338,Electronics,Noida,Uttar Pradesh,Online,2023-12-15
MER03339,Paytm 3339,Healthcare,Surat,Gujarat,Online,2023-08-01
MER03340,Amazon India 3340,Entertainment,Pune,Maharashtra,Online,2025-02-11
MER03341,Swiggy 3341,Travel,Delhi,Delhi,Offline,2023-09-17
MER03342,Reliance Digital 3342,Grocery,Kolkata,West Bengal,Online,2022-02-28
MER03343,Apollo Pharmacy 3343,Fashion,Noida,Uttar Pradesh,Offline,2025-08-21
MER03344,BookMyShow 3344,Education,Surat,Gujarat,OFFLINE,2021-12-30
MER03345,Flipkart 3345,Utilities,Pune,Maharashtra,Online,2024-06-12
MER03346,Myntra 3346,Automotive,Delhi,Delhi,Online,2021-09-23
MER03347,MakeMyTrip 3347,Restaurants,Kolkata,West Bengal,Online,2021-05-24
MER03348,BigBasket 3348,Ecommerce,Noida,Uttar Pradesh,Online,2022-10-09
MER03349,Paytm 3349,Food Delivery,Surat,Gujarat,Offline,2025-08-05
MER03350,Amazon India 3350,Electronics,Pune,Maharashtra,Online,2025-09-08
MER03351,Swiggy 3351,Healthcare,Delhi,Delhi,Offline,2024-08-17
MER01745,Flipkart 1745,Travel,Pune,Maharashtra,Offline,2023-02-08
MER03353,Apollo Pharmacy 3353,Travel,Noida,Uttar Pradesh,Online,2022-03-13
MER03354,BookMyShow 3354,Grocery,Surat,Gujarat,Offline,2023-09-17
MER03355,Flipkart 3355,Fashion,Pune,Maharashtra,Offline,2023-05-10
MER03356,Myntra 3356,Education,Delhi,Delhi,Online,2021-07-02
MER03357,MakeMyTrip 3357,Utilities,Kolkata,West Bengal,Online,2022-03-23
MER03358,BigBasket 3358,Automotive,Noida,Uttar Pradesh,Online,2024-03-11
MER03359,Paytm 3359,Restaurants,Surat,,Offline,2025-03-11
MER03360,Amazon India 3360,Ecommerce, Pune ,Maharashtra,Online,2021-01-04
MER03361,Swiggy 3361,Food Delivery,Delhi,Delhi,Online,2022-09-16
MER03362,Reliance Digital 3362,Electronics,Kolkata,West Bengal,Online,2023-03-25
MER03363,Apollo Pharmacy 3363,Healthcare,Noida,Uttar Pradesh,Online,2021-09-12
MER03364,BookMyShow 3364,Entertainment,Surat,Gujarat,Offline,2024-12-27
MER03365,Flipkart 3365,Travel,Pune,Maharashtra,Online,2022-07-18
MER03366,Myntra 3366,Grocery,Delhi,Delhi,Online,2024-04-28
MER03367,MakeMyTrip 3367,Fashion,Kolkata,West Bengal,Online,2024-05-20
MER03368,BigBasket 3368,Education,Noida,UTTAR PRADESH,Online,2022-06-29
MER03369,Paytm 3369,Utilities,Surat,Gujarat,Online,2024-07-14
MER03370,,Automotive,Pune,Maharashtra,Online,2021-06-14
MER03371,Swiggy 3371,Restaurants,Delhi,Delhi,Online,2021-12-08
MER03372,Reliance Digital 3372,Ecommerce,Kolkata,West Bengal,online,2024-10-27
MER03373,Apollo Pharmacy 3373,Food Delivery,Noida,Uttar Pradesh,Online,2024-01-07
MER03374,BookMyShow 3374,Electronics,Surat,Gujarat,Online,2025-02-12
MER03375,Flipkart 3375,Healthcare,Pune,Maharashtra,Offline,2025-09-16
MER03376,Myntra 3376,Entertainment,Delhi,Delhi,Offline,2021-08-13
MER03377,MakeMyTrip 3377,Travel,Kolkata,West Bengal,Online,2024-07-15
MER03378,BigBasket 3378,Grocery,Noida,Uttar Pradesh,Online,2022-02-23
MER03379,Paytm 3379,Fashion,Surat,Gujarat,Online,2025-07-30
MER03380,Amazon India 3380,Education,Pune,Maharashtra,Online,2025-11-23
MER03381,Swiggy 3381,Utilities,Delhi,Delhi,Offline,2023-05-01
MER04706,Myntra 4706,Electronics,Delhi,Delhi,Online,2024-01-30
MER03383,Apollo Pharmacy 3383,Restaurants,Noida,Uttar Pradesh,Online,2025-02-23
MER03384,BookMyShow 3384,Ecommerce,Surat,GUJARAT,Offline,2023-07-19
MER03385,Flipkart 3385,Food Delivery,Pune,Maharashtra,Online,2021-07-04
MER03386,Myntra 3386,Electronics,Delhi,Delhi,online,2025-08-15
MER03387,MakeMyTrip 3387,Healthcare,Kolkata,West Bengal,Offline,
MER03388,BigBasket 3388,Entertainment, Noida ,Uttar Pradesh,Online,2021-11-03
MER03389,Paytm 3389,Travel,Surat,Gujarat,Online,2021-05-03
MER03390,Amazon India 3390,Grocery,Pune,Maharashtra,,2022-08-13
MER03391,Swiggy 3391,Fashion,Delhi,Delhi,Offline,2023-11-16
MER03392,Reliance Digital 3392,Education,Kolkata,West Bengal,Online,2024-11-12
MER03393,Apollo Pharmacy 3393,Utilities,Noida,Uttar Pradesh,OFFLINE,2021-06-09
MER03394,BookMyShow 3394,Automotive,Surat,Gujarat,Online,2022-08-31
MER03395,Flipkart 3395,Restaurants,Pune,Maharashtra,Online,2024-08-24
MER03396,,Ecommerce,Delhi,Delhi,Offline,2024-04-28
MER03397,,Food Delivery,Kolkata,West Bengal,Online,2023-11-14
MER03398,BigBasket 3398,Electronics,Noida,Uttar Pradesh,Offline,2021-05-27
MER03399,Paytm 3399,Healthcare,surat,Gujarat,Offline,2024-07-12
MER03400,Amazon India 3400,Entertainment,Pune,Maharashtra,Online,2024-10-21
MER03401,Swiggy 3401,Travel,Delhi,Delhi,Online,2021-08-18
MER03402,Reliance Digital 3402,Grocery,Kolkata,West Bengal,Online,2023-10-25
MER03403,Apollo Pharmacy 3403,Fashion,Noida,Uttar Pradesh,Online,2024-04-25
MER03404,BookMyShow 3404,Education,Surat,Gujarat,Offline,2022-06-15
MER03405,Flipkart 3405,Utilities,Pune,Maharashtra,Offline,2025-09-16
MER03406,Myntra 3406,Automotive,Delhi,,Offline,2024-10-14
MER03407,MakeMyTrip 3407,Restaurants,Kolkata,West Bengal,Online,2025-02-17
MER03408,BigBasket 3408,Ecommerce,Noida,Uttar Pradesh,Online,2022-07-31
MER03409,Paytm 3409,Food Delivery,Surat,Gujarat,Offline,2023-06-28
MER03410,Amazon India 3410,Electronics,Pune,Maharashtra,Online,2021-12-13
MER03411,Swiggy 3411,Healthcare,Delhi,Delhi,Online,2023-05-27
MER03412,Reliance Digital 3412,Entertainment,Kolkata,West Bengal,Online,2021-11-22
MER03413,Apollo Pharmacy 3413,Travel,Noida,Uttar Pradesh,Online,2021-11-25
MER03414,BookMyShow 3414,Grocery,Surat,Gujarat,Online,2023-11-29
MER03415,Flipkart 3415,Fashion,Pune,Maharashtra,Offline,2022-09-10
MER03416,Myntra 3416,Education,Delhi,Delhi,Offline,2021-04-23
MER03417,MakeMyTrip 3417,Utilities,Kolkata,West Bengal,Online,2024-04-13
MER03418,BigBasket 3418,Automotive,Noida,Uttar Pradesh,Offline,2024-02-24
MER03419,Paytm 3419,Restaurants,Surat,Gujarat,Offline,2024-12-09
MER03420,Amazon India 3420,Ecommerce,Pune,Maharashtra,Online,2025-11-10
MER03421,Swiggy 3421,Food Delivery,,Delhi,Offline,2021-04-17
,Reliance Digital 3422,Electronics,Kolkata,West Bengal,Online,2025-11-27
MER03423,,Healthcare,Noida,Uttar Pradesh,Online,2023-08-27
MER03424,BookMyShow 3424,Entertainment,Surat,Gujarat,Offline,2025-09-15
MER03425,Flipkart 3425,Travel,Pune,Maharashtra,Online,2024-01-10
MER03426,Myntra 3426,Grocery,Delhi,Delhi,Offline,2022-08-14
MER03427,MakeMyTrip 3427,Fashion,Kolkata, West Bengal ,Offline,2024-11-15
MER03428,BigBasket 3428,Education,Noida,Uttar Pradesh,Online,2023-02-04
MER03429,Paytm 3429,Utilities,Surat,Gujarat,Offline,2024-08-16
MER03430,Amazon India 3430,Automotive,Pune,Maharashtra,Online,2025-01-02
MER03431,Swiggy 3431,Restaurants,Delhi,Delhi,Online,2024-06-03
MER03432,Reliance Digital 3432,Ecommerce,Kolkata,West Bengal,Online,2023-12-13
MER03433,Apollo Pharmacy 3433,Food Delivery,Noida,Uttar Pradesh,Online,2022-12-22
MER03434,BookMyShow 3434,Electronics,Surat,Gujarat,,2022-10-03
MER03435,,Healthcare,Pune,Maharashtra,Online,2022-02-10
MER03436,Myntra 3436,Entertainment,Delhi,Delhi,Offline,2025-03-24
MER03437,MakeMyTrip 3437,Travel,Kolkata,West Bengal,Offline,2023-08-13
MER03438,BigBasket 3438,Grocery,Noida,Uttar Pradesh,Online,2023-07-20
MER03439,Paytm 3439,Fashion,Surat,Gujarat,Offline,2024-05-03
MER03440,Amazon India 3440,Education,Pune,Maharashtra,Online,2023-02-26
MER03441,Swiggy 3441,Utilities,Delhi,Delhi,Online,2025-07-29
MER03442,Reliance Digital 3442,Automotive,,West Bengal,Online,2021-03-10
MER03443,Apollo Pharmacy 3443,Restaurants,Noida,Uttar Pradesh,Offline,2021-06-19
MER03444,BookMyShow 3444,Ecommerce,Surat,Gujarat,Online,2021-03-01
MER03445,Flipkart 3445,Food Delivery,Pune,Maharashtra,Online,2024-08-15
MER03446,Myntra 3446,Electronics,,Delhi,Online,2023-06-20
MER03447,MakeMyTrip 3447,Healthcare,Kolkata,West Bengal,Online,2022-12-02
MER03448,BigBasket 3448,Entertainment,Noida,Uttar Pradesh,unknown,2025-12-04
MER03449,Paytm 3449,Travel,Surat,Gujarat,Offline,2021-02-23
MER03450,Amazon India 3450,Grocery,Pune,Maharashtra,Online,2025-11-28
MER03451,Swiggy 3451,Fashion,Delhi,Delhi,Online,2022-09-22
MER03452,Reliance Digital 3452,Education,Kolkata,West Bengal,Online,2022-05-20
MER03453,Apollo Pharmacy 3453,Utilities,Noida,Uttar Pradesh,Online,2023-03-17
MER03454,BookMyShow 3454,Automotive,Surat,Gujarat,Online,2024-01-04
MER03455,Flipkart 3455,Restaurants,Pune,Maharashtra,Online,2021-10-22
MER03456,Myntra 3456,Ecommerce,Delhi,Delhi,Offline,2021-03-01
MER03457,MakeMyTrip 3457,Food Delivery,Kolkata,West Bengal,Online,2021-08-02
MER03458,BigBasket 3458,Electronics,Noida,Uttar Pradesh,Online,2024-08-31
MER03459,Paytm 3459,Healthcare,Surat,Gujarat,Online,2021-09-17
MER03460,Amazon India 3460,Entertainment,Pune,MAHARASHTRA,Online,2023-07-23
MER03461,Swiggy 3461,Travel,Delhi,Delhi,Online,2024-06-03
MER03462,Reliance Digital 3462,Grocery,Kolkata,West Bengal,Online,2023-10-16
MER03463,Apollo Pharmacy 3463,Fashion,Noida,Uttar Pradesh,Offline,2024-11-05
MER03464,BookMyShow 3464,Education,Surat,Gujarat,Online,2024-12-08
MER03465,Flipkart 3465,Utilities,Pune,Maharashtra,Online,2025-08-29
MER03466,Myntra 3466,Automotive,Delhi,Delhi,Offline,2022-07-09
MER03467,MakeMyTrip 3467,Restaurants,Kolkata,West Bengal,Offline,2024-09-26
MER03468,BigBasket 3468,Ecommerce,Noida,Uttar Pradesh,Online,2023-08-21
MER03469,Paytm 3469,Food Delivery,Surat,Gujarat,Online,2024-08-02
MER03470,Amazon India 3470,Electronics,Pune,Maharashtra,Offline,2023-05-16
MER03471,Swiggy 3471,Healthcare,DELHI,Delhi,Online,2025-05-06
MER03472,Reliance Digital 3472,Entertainment,Kolkata,West Bengal,Online,
MER03473,Apollo Pharmacy 3473,Travel,Noida,Uttar Pradesh,Online,2024-09-24
MER03474,BookMyShow 3474,Grocery,Surat,Gujarat,Online,2023-04-12
MER03475,Flipkart 3475,Fashion,Pune,Maharashtra,Online,2024-05-15
MER03476,Myntra 3476,Education,Delhi,Delhi,Offline,2025-07-04
MER03477,MakeMyTrip 3477,Utilities,Kolkata,West Bengal,Online,2025-01-27
MER03478,BigBasket 3478,Automotive,Noida,Uttar Pradesh,Online,2025-09-05
MER03479,Paytm 3479,Restaurants,Surat,Gujarat,Online,2024-12-01
MER03480,Amazon India 3480,Ecommerce,Pune,Maharashtra,Offline,2021-06-27
MER03481,Swiggy 3481,Food Delivery,Delhi,Delhi,Online,2023-12-25
MER03482,Reliance Digital 3482,Electronics,Kolkata,West Bengal,Online,2022-11-19
MER03608,BigBasket 3608,Education,Noida,Uttar Pradesh,Online,2023-08-16
MER03484,BookMyShow 3484,Entertainment,Surat,Gujarat,,2024-11-12
MER03485,Flipkart 3485,Travel,Pune,Maharashtra,Online,2021-04-18
MER03486,Myntra 3486,Grocery,Delhi,Delhi,Offline,2023-12-14
MER03487,MakeMyTrip 3487,Fashion,Kolkata,West Bengal,Online,2022-11-14
MER03488,BigBasket 3488,Education,Noida,Uttar Pradesh,Online,2023-04-16
MER03489,Paytm 3489,Utilities,Surat,Gujarat,Online,2025-05-05
MER03490,Amazon India 3490,Automotive,Pune,Maharashtra,Online,2025-04-26
MER03491,Swiggy 3491,Restaurants,,Delhi,Offline,2025-07-12
MER03492,Reliance Digital 3492,Ecommerce,Kolkata,West Bengal,Online,2021-10-13
MER03493,Apollo Pharmacy 3493,Food Delivery,Noida,Uttar Pradesh,Online,2024-11-10
MER03494,BookMyShow 3494,Electronics,Surat,Gujarat,Online,2023-11-28
,Flipkart 3495,Healthcare,,Maharashtra,Offline,2021-04-26
MER03496,Myntra 3496,Entertainment,Delhi,Delhi,Online,2024-04-26
MER03497,MakeMyTrip 3497,Travel,Kolkata,west bengal,Online,2021-09-29
MER03498,BigBasket 3498,Grocery,Noida,Uttar Pradesh,Offline,2022-04-19
MER03499,Paytm 3499,Fashion,Surat,Gujarat,Online,2024-06-08
MER03500,Amazon India 3500,Education,Pune,Maharashtra,Online,2023-07-14
MER03501,Swiggy 3501,Utilities,Delhi,Delhi,Online,2022-07-16
MER03502,Reliance Digital 3502,Automotive,Kolkata,West Bengal,Online,2021-11-22
MER03503,Apollo Pharmacy 3503,Restaurants,Noida,Uttar Pradesh,Online,2021-01-10
MER03504,BookMyShow 3504,Ecommerce,Surat,Gujarat,Online,2022-11-08
MER03505,Flipkart 3505,Food Delivery,Pune,Maharashtra,Online,2023-06-30
MER03506,Myntra 3506,Electronics,Delhi,DELHI,Online,2025-11-10
MER03507,MakeMyTrip 3507,Healthcare,Kolkata,West Bengal,Offline,2022-03-10
MER03508,BigBasket 3508,Entertainment,Noida,Uttar Pradesh,Online,2023-06-26
MER03509,Paytm 3509,Travel,Surat,Gujarat,Online,2021-03-26
MER03510,Amazon India 3510,Grocery,Pune,Maharashtra,Online,2024-08-11
MER03511,Swiggy 3511,Fashion,Delhi,Delhi,Offline,2022-03-16
MER03512,Reliance Digital 3512,Education,Kolkata,West Bengal,Offline,2024-02-14
MER03513,Apollo Pharmacy 3513,Utilities,Noida,Uttar Pradesh,Online,2021-10-25
MER03514,BookMyShow 3514,Automotive,Surat,Gujarat,Online,2024-01-27
MER03515,Flipkart 3515,Restaurants,pune,Maharashtra,Offline,2022-02-26
MER03516,Myntra 3516,Ecommerce,Delhi,Delhi,Online,2024-09-05
MER03517,MakeMyTrip 3517,Food Delivery,Kolkata,West Bengal,Online,2025-10-24
MER03518,BigBasket 3518,Electronics,noida,Uttar Pradesh,Online,2024-09-07
MER03519,Paytm 3519,Healthcare,Surat,Gujarat,Online,2024-03-24
MER03520,Amazon India 3520,Entertainment,Pune,Maharashtra,Online,2021-11-06
MER03521,Swiggy 3521,Travel,Delhi,Delhi,Online,2022-01-28
MER03522,Reliance Digital 3522,Grocery,Kolkata,West Bengal,Online,2022-12-14
MER03523,Apollo Pharmacy 3523,Fashion,Noida,Uttar Pradesh,Online,2023-05-26
MER03524,BookMyShow 3524,Education,Surat,Gujarat,Online,2021-03-28
MER03525,Flipkart 3525,Utilities,Pune,Maharashtra,Offline,2021-08-24
MER03526,Myntra 3526,Automotive,,Delhi,Offline,2024-01-10
MER03527,MakeMyTrip 3527,Restaurants,Kolkata,West Bengal,Offline,2024-12-17
MER03528,BigBasket 3528,Ecommerce,Noida,Uttar Pradesh,Online,2022-09-16
MER03529,Paytm 3529,Food Delivery,Surat,Gujarat,Online,2025-06-04
MER03530,Amazon India 3530,Electronics,Pune,Maharashtra,Online,2024-10-24
MER03531,Swiggy 3531,Healthcare,Delhi,Delhi,Offline,2025-07-04
MER03532,Reliance Digital 3532,Entertainment,Kolkata,West Bengal,Online,2025-06-17
MER03533,Apollo Pharmacy 3533,Travel,Noida,Uttar Pradesh,Offline,2021-01-03
MER03534,BookMyShow 3534,Grocery,Surat,Gujarat,Offline,2021-11-15
MER03535,Flipkart 3535,Fashion,Pune,Maharashtra,Offline,2023-03-18
MER03536,Myntra 3536,Education,Delhi,Delhi,Online,2025-08-23
MER03537,MakeMyTrip 3537,Utilities,Kolkata,West Bengal,Offline,2025-08-31
MER03538,BigBasket 3538,Automotive,Noida,Uttar Pradesh,Online,2024-11-27
MER03539,Paytm 3539,Restaurants,Surat,Gujarat,Online,2024-06-13
MER03540,Amazon India 3540,Ecommerce,Pune,Maharashtra,Online,2025-07-24
MER03541,Swiggy 3541,Food Delivery,Delhi,Delhi,Online,2021-12-03
MER03542,Reliance Digital 3542,Electronics,Kolkata,West Bengal,Offline,2025-07-06
MER03543,Apollo Pharmacy 3543,Healthcare,Noida,Uttar Pradesh,Offline,2024-09-30
MER03544,BookMyShow 3544,Entertainment,Surat,Gujarat,Offline,2025-04-15
MER03545,Flipkart 3545,Travel,Pune,Maharashtra,,2025-06-06
MER03546,Myntra 3546,Grocery,Delhi,Delhi,Offline,2024-08-10
MER03547,MakeMyTrip 3547,Fashion,Kolkata,West Bengal,Online,2023-07-21
MER03548,BigBasket 3548,Education,Noida,Uttar Pradesh,Online,2025-02-21
MER03549,Paytm 3549,Utilities,Surat,Gujarat,Offline,2025-09-13
MER06004,BookMyShow 6004,Entertainment,Surat,Gujarat,Online,2022-08-16
MER03551,Swiggy 3551,Restaurants,Delhi,Delhi,Online,2025-08-11
MER03552,Reliance Digital 3552,Ecommerce,Kolkata,West Bengal,Offline,2024-10-11
MER03553,Apollo Pharmacy 3553,Food Delivery,Noida,Uttar Pradesh,Online,2021-09-29
MER03554,BookMyShow 3554,Electronics,Surat,Gujarat,,2023-04-22
MER03555,Flipkart 3555,Healthcare,,,Online,2021-07-10
MER03556,,Entertainment,Delhi,Delhi,Offline,2025-03-27
MER03557,MakeMyTrip 3557,Travel,Kolkata,West Bengal,Online,2023-03-05
MER03558,BigBasket 3558,Grocery,Noida,Uttar Pradesh,Online,2022-03-15
MER03559,Paytm 3559,Fashion,Surat,Gujarat,OFFLINE,2021-09-16
MER03560,Amazon India 3560,Education,,Maharashtra,Online,2023-12-27
MER03561,Swiggy 3561,Utilities,Delhi,Delhi,Online,2023-12-27
MER03562,Reliance Digital 3562,Automotive,Kolkata,West Bengal,Online,2021-11-12
MER03563,Apollo Pharmacy 3563,Restaurants,Noida,Uttar Pradesh,Offline,2024-08-15
MER03564,,Ecommerce,Surat,Gujarat,online,2024-12-10
MER03565,Flipkart 3565,Food Delivery,Pune,Maharashtra,Offline,2023-05-18
MER03566,Myntra 3566,Electronics,Delhi,Delhi,Online,2021-07-16
MER03567,MakeMyTrip 3567,Healthcare,Kolkata,West Bengal,Online,2025-01-18
MER03568,BigBasket 3568,Entertainment,Noida,Uttar Pradesh,Offline,2024-02-11
MER03569,Paytm 3569,Travel,Surat,Gujarat,Offline,2025-09-12
MER03570,Amazon India 3570,Grocery,Pune,Maharashtra,Online,2023-04-14
MER03571,Swiggy 3571,Fashion,Delhi,Delhi,Online,2023-05-26
MER03572,Reliance Digital 3572,Education,Kolkata,West Bengal,Online,2024-10-16
MER03573,Apollo Pharmacy 3573,Utilities,Noida,Uttar Pradesh,Offline,2024-08-11
MER03574,BookMyShow 3574,Automotive,Surat,Gujarat,Online,2022-01-04
MER03575,Flipkart 3575,Restaurants,Pune,Maharashtra,Online,2021-10-20
MER03576,Myntra 3576,Ecommerce,Delhi,Delhi,Offline,2021-08-21
MER03005,Flipkart 3005,Travel,Pune,Maharashtra,Offline,2021-06-25
MER03578,BigBasket 3578,Electronics,Noida,Uttar Pradesh,Online,2021-11-02
MER03579,Paytm 3579,Healthcare,Surat,Gujarat,Online,2023-11-16
MER03580,Amazon India 3580,Entertainment,Pune,,Online,2021-01-27
MER03581,Swiggy 3581,Travel,Delhi,Delhi,Offline,2024-03-20
MER03582,Reliance Digital 3582,Grocery,Kolkata,West Bengal,Offline,2023-06-04
MER03583,Apollo Pharmacy 3583,Fashion,Noida,Uttar Pradesh,Offline,2023-12-28
MER03584,BookMyShow 3584,Education,Surat,Gujarat,OFFLINE,2021-01-05
MER03585,Flipkart 3585,Utilities,Pune,Maharashtra,Online,2024-02-11
MER03586,Myntra 3586,Automotive,Delhi,Delhi,Online,2025-01-15
MER03587,MakeMyTrip 3587,Restaurants,Kolkata,West Bengal,Online,2023-06-15
MER03588,BigBasket 3588,Ecommerce,Noida,Uttar Pradesh,Online,2022-02-25
MER03589,Paytm 3589,Food Delivery,Surat,Gujarat,Online,2024-05-29
MER03590,Amazon India 3590,Electronics,Pune,Maharashtra,Online,2021-01-05
MER03591,Swiggy 3591,Healthcare,Delhi,Delhi,Online,2022-08-13
MER03592,Reliance Digital 3592,Entertainment,Kolkata,West Bengal,Online,2023-12-02
MER03593,Apollo Pharmacy 3593,Travel,Noida,Uttar Pradesh,Online,2025-02-03
MER03594,BookMyShow 3594,Grocery,Surat,Gujarat,online,2023-09-03
MER03595,Flipkart 3595,Fashion,Pune,Maharashtra,Offline,2023-03-15
MER03596,Myntra 3596,Education,Delhi,Delhi,Online,2021-06-17
MER03597,MakeMyTrip 3597,Utilities,Kolkata,West Bengal,Online,2025-08-10
MER03598,BigBasket 3598,Automotive,Noida,Uttar Pradesh,Online,2024-02-03
MER03599,Paytm 3599,Restaurants, Surat ,Gujarat,Online,2025-06-30
MER03600,Amazon India 3600,Ecommerce,Pune,Maharashtra,Online,2022-01-28
MER03601,,Food Delivery,Delhi,Delhi,Online,2023-07-10
MER03602,Reliance Digital 3602,Electronics,Kolkata,West Bengal,Online,2025-04-17
MER03603,Apollo Pharmacy 3603,Healthcare,Noida,Uttar Pradesh,Offline,2022-10-20
MER03604,BookMyShow 3604,Entertainment,Surat,Gujarat,Offline,2023-06-05
MER03605,Flipkart 3605,Travel,Pune,Maharashtra,Online,2024-11-18
MER03606,Myntra 3606,Grocery,Delhi,Delhi,Online,2025-05-31
MER03607,MakeMyTrip 3607,Fashion,Kolkata,West Bengal,Online,2021-05-27
MER03608,BigBasket 3608,Education,Noida,Uttar Pradesh,Online,2023-08-16
MER03609,Paytm 3609,Utilities,Surat,Gujarat,Online,2024-12-06
MER03610,Amazon India 3610,Automotive,Pune,Maharashtra,Online,2022-08-04
MER03611,Swiggy 3611,Restaurants,Delhi,Delhi,Online,2021-01-07
MER03612,Reliance Digital 3612,Ecommerce,Kolkata,West Bengal,Offline,2023-09-16
MER03613,Apollo Pharmacy 3613,Food Delivery,Noida,Uttar Pradesh,Online,2022-12-20
,BookMyShow 3614,Electronics,Surat,Gujarat,Online,2025-01-10
MER03615,Flipkart 3615,Healthcare,Pune,Maharashtra,Online,2025-03-23
MER03616,Myntra 3616,Entertainment,Delhi,Delhi,Online,2022-03-28
MER03617,MakeMyTrip 3617,Travel,Kolkata,West Bengal,Online,2022-10-26
MER03618,BigBasket 3618,Grocery,Noida,Uttar Pradesh,Online,2025-07-20
MER03619,Paytm 3619,Fashion,Surat,Gujarat,Online,2022-02-27
MER03620,Amazon India 3620,Education,Pune,Maharashtra,Online,2025-08-11
MER03621,Swiggy 3621,Utilities,Delhi,Delhi, Online ,2022-02-10
MER03622,Reliance Digital 3622,Automotive,Kolkata,West Bengal,Online,2022-07-04
MER03623,Apollo Pharmacy 3623,,Noida,Uttar Pradesh,Online,2024-12-01
MER03624,BookMyShow 3624,Ecommerce,Surat,Gujarat,Offline,2021-10-17
MER03625,Flipkart 3625,Food Delivery,Pune,Maharashtra,Online,2022-07-10
MER03626,Myntra 3626,Electronics,Delhi,Delhi,Offline,
MER03627,MakeMyTrip 3627,Healthcare,Kolkata,West Bengal,Online,2021-08-11
MER03628,BigBasket 3628,Entertainment,Noida,Uttar Pradesh,Offline,2025-08-14
MER03629,Paytm 3629,Travel,Surat,Gujarat,Online,2024-11-22
MER03630,Amazon India 3630,Grocery,Pune,Maharashtra,Online,2023-04-10
MER03631,Swiggy 3631,Fashion,Delhi,Delhi,Online,2022-03-31
MER03632,Reliance Digital 3632,Education,Kolkata,West Bengal,Online,2023-02-25
MER03633,,Utilities,Noida,Uttar Pradesh,Offline,2025-09-15
MER03634,BookMyShow 3634,Automotive,Surat,Gujarat,Online,2024-12-19
MER03635,Flipkart 3635,Restaurants,Pune,Maharashtra,unknown,2025-05-17
MER03636,Myntra 3636,Ecommerce,Delhi,Delhi,Online,2025-01-19
MER03637,MakeMyTrip 3637,Food Delivery,Kolkata,West Bengal,Online,2024-01-09
MER03638,BigBasket 3638,Electronics,Noida,Uttar Pradesh,Online,2024-09-27
MER03639,Paytm 3639,Healthcare,Surat,Gujarat, Online ,2021-04-27
MER03640,Amazon India 3640,Entertainment,Pune,Maharashtra,Online,2023-10-25
MER03641,Swiggy 3641,Travel,Delhi,Delhi,Online,2025-03-30
MER03642,Reliance Digital 3642,Grocery,Kolkata,West Bengal,Online,2023-02-04
MER03643,Apollo Pharmacy 3643,Fashion,Noida,Uttar Pradesh,Online,2021-03-25
MER03644,BookMyShow 3644,Education,Surat,Gujarat,Offline,2022-10-05
MER03645,Flipkart 3645,Utilities,Pune,Maharashtra,Offline,2021-05-13
MER03646,Myntra 3646,Automotive,Delhi,Delhi,Offline,2023-11-15
MER03647,MakeMyTrip 3647,Restaurants,Kolkata,West Bengal,Offline,2023-02-25
MER03648,BigBasket 3648,Ecommerce,Noida,Uttar Pradesh,,2021-08-30
MER03649,Paytm 3649,Food Delivery,Surat,Gujarat,Online,2025-09-24
MER03650,Amazon India 3650,Electronics,Pune,Maharashtra,Offline,2025-01-20
MER03651,Swiggy 3651,Healthcare,Delhi,Delhi,Online,2025-12-01
MER03652,Reliance Digital 3652,Entertainment,Kolkata,West Bengal,Offline,2025-10-19
MER03653,Apollo Pharmacy 3653,Travel,Noida,Uttar Pradesh,Online,2022-08-24
,BookMyShow 3654,Grocery,Surat,Gujarat,Offline,2021-07-14
MER03655,Flipkart 3655,Fashion,Pune,Maharashtra,Offline,2021-05-16
MER03656,Myntra 3656,Education,Delhi,Delhi,Online,2024-11-16
MER03657,MakeMyTrip 3657,Utilities,Kolkata,West Bengal,Offline,2021-04-02
MER03658,BigBasket 3658,Automotive,Noida,Uttar Pradesh,Online,2022-04-24
MER03659,Paytm 3659,Restaurants,Surat,Gujarat,Online,2023-07-06
MER03660,Amazon India 3660,Ecommerce,Pune,Maharashtra,Offline,2023-11-02
MER03661,Swiggy 3661,Food Delivery,Delhi,Delhi,Offline,2025-05-20
MER03662,Reliance Digital 3662,Electronics,Kolkata,West Bengal,Offline,2023-01-09
MER03663,Apollo Pharmacy 3663,Healthcare,Noida,Uttar Pradesh,,2021-12-10
MER03664,BookMyShow 3664,Entertainment,Surat,Gujarat,,2021-12-05
MER03665,Flipkart 3665,Travel,Pune,Maharashtra,Online,2022-12-20
MER03666,Myntra 3666,Grocery,Delhi,Delhi,Offline,2024-09-24
MER03667,MakeMyTrip 3667,Fashion,Kolkata,West Bengal,Online,2025-02-19
MER03668,BigBasket 3668,Education,Noida,Uttar Pradesh,Online,2021-02-28
MER03669,Paytm 3669,Utilities,Surat,Gujarat,Online,2024-03-30
MER03670,Amazon India 3670,Automotive,Pune,Maharashtra,Offline,2022-10-28
MER03671,Swiggy 3671,Restaurants,Delhi,Delhi,Online,2023-10-03
MER03672,Reliance Digital 3672,Ecommerce,Kolkata,West Bengal,Offline,2023-07-02
MER03673,Apollo Pharmacy 3673,Food Delivery,Noida,Uttar Pradesh,Online,2023-04-19
MER03674,BookMyShow 3674,Electronics,Surat,Gujarat,Online,2022-01-23
MER03675,Flipkart 3675,Healthcare,Pune,Maharashtra,Offline,2023-08-19
MER03676,Myntra 3676,,Delhi,Delhi,Offline,2025-10-26
MER03677,MakeMyTrip 3677,Travel,Kolkata,West Bengal,Online,2022-02-09
MER03678,BigBasket 3678,Grocery,Noida,Uttar Pradesh,Offline,2021-01-01
MER03679,Paytm 3679,Fashion,Surat,Gujarat,Offline,2021-12-25
MER03680,Amazon India 3680,Education,Pune,Maharashtra,Online,2023-07-24
MER03681,Swiggy 3681,Utilities, Delhi ,Delhi,Online,2021-02-05
MER03682,Reliance Digital 3682,Automotive,Kolkata,West Bengal,Online,2024-09-26
MER03683,Apollo Pharmacy 3683,Restaurants,Noida,Uttar Pradesh,Offline,2025-11-22
MER03684,BookMyShow 3684,Ecommerce,Surat,Gujarat,Online,2025-01-06
MER03685,Flipkart 3685,Food Delivery,Pune,Maharashtra,Online,2022-01-05
MER03686,Myntra 3686,Electronics,Delhi,Delhi,Offline,2021-02-21
MER03687,MakeMyTrip 3687,Healthcare,Kolkata,West Bengal,Offline,2024-01-29
MER03688,BigBasket 3688,Entertainment,Noida,,Online,2024-11-01
MER03689,Paytm 3689,Travel,Surat,Gujarat,Online,2021-07-03
MER03690,Amazon India 3690,Grocery,Pune,Maharashtra,Online,2025-06-11
MER03691,Swiggy 3691,Fashion,Delhi,Delhi,Offline,2023-08-30
MER03692,Reliance Digital 3692,Education,Kolkata,West Bengal,Online,2022-11-26
MER03693,Apollo Pharmacy 3693,Utilities,Noida,Uttar Pradesh,Offline,2025-02-17
MER03694,BookMyShow 3694,Automotive,Surat,Gujarat,Online,2022-08-27
MER03695,Flipkart 3695,Restaurants,Pune,Maharashtra,Offline,2022-03-23
MER03696,Myntra 3696,Ecommerce,Delhi,Delhi,Offline,2024-05-04
MER03697,MakeMyTrip 3697,Food Delivery,Kolkata,West Bengal,Online,2024-09-20
MER00144,BookMyShow 144,Ecommerce,Surat,Gujarat,Online,2025-07-11
MER01345,Flipkart 1345,Food Delivery,Pune,Maharashtra,Offline,2023-02-21
MER03700,Amazon India 3700,Entertainment,Pune,Maharashtra,Online,2021-01-13
MER03701,Swiggy 3701,Travel,Delhi,Delhi,Online,2024-02-07
MER03702,Reliance Digital 3702,Grocery,Kolkata,West Bengal,Online,2024-05-22
MER03703,Apollo Pharmacy 3703,Fashion,Noida,Uttar Pradesh,Offline,2021-05-16
MER03704,BookMyShow 3704,Education,Surat,Gujarat,Online,2023-04-24
MER03705,Flipkart 3705,Utilities,Pune,Maharashtra,Offline,2024-07-25
MER03706,Myntra 3706,Automotive,Delhi, Delhi ,Online,2022-08-05
MER03707,MakeMyTrip 3707,Restaurants,Kolkata,West Bengal,Online,2024-12-01
MER03708,BigBasket 3708,Ecommerce,Noida,Uttar Pradesh,Online,2023-10-10
MER03709,Paytm 3709,Food Delivery, Surat ,Gujarat,Offline,2025-05-11
MER03710,Amazon India 3710,Electronics,Pune,Maharashtra,Offline,2022-06-01
MER03711,Swiggy 3711,Healthcare,Delhi,Delhi,Online,2021-04-27
MER03712,Reliance Digital 3712,Entertainment,Kolkata,West Bengal,Online,2023-11-14
MER03713,Apollo Pharmacy 3713,Travel,Noida,Uttar Pradesh,Online,2022-01-05
MER03714,BookMyShow 3714,Grocery,surat,Gujarat,Offline,2022-10-06
MER03715,Flipkart 3715,Fashion,Pune,Maharashtra,Offline,2025-10-03
MER03716,Myntra 3716,Education,Delhi,Delhi,Online,2025-01-09
MER03717,MakeMyTrip 3717,Utilities,Kolkata,West Bengal,Online,2022-08-30
MER03718,BigBasket 3718,Automotive,Noida,Uttar Pradesh,Online,2025-12-05
MER03719,Paytm 3719,Restaurants,Surat,Gujarat,Online,2025-06-15
MER03720,Amazon India 3720,Ecommerce,Pune,Maharashtra,Online,2024-10-31
MER03721,Swiggy 3721,Food Delivery,Delhi,Delhi,Online,
MER03722,Reliance Digital 3722,Electronics,Kolkata,West Bengal,Online,2021-05-05
MER03723,Apollo Pharmacy 3723,Healthcare,Noida,Uttar Pradesh,Online,2022-02-04
,BookMyShow 3724,Entertainment,Surat,Gujarat,Offline,2024-04-04
MER03725,Flipkart 3725,Travel,Pune,Maharashtra,Offline,2024-10-20
MER03726,Myntra 3726,Grocery,Delhi,Delhi,Offline,2024-07-07
MER03727,MakeMyTrip 3727,Fashion,Kolkata,West Bengal,Online,2021-12-03
MER03728,BigBasket 3728,Education,Noida,Uttar Pradesh,Online,2021-10-26
MER03729,Paytm 3729,Utilities,Surat,Gujarat,Offline,2024-10-18
MER03730,Amazon India 3730,Automotive,Pune,Maharashtra,Offline,2024-07-06
MER03731,Swiggy 3731,Restaurants,Delhi,delhi,Online,2025-03-10
MER03732,Reliance Digital 3732,Ecommerce,Kolkata,West Bengal,Online,2021-05-13
MER03733,Apollo Pharmacy 3733,Food Delivery,Noida,Uttar Pradesh,Online,2023-12-29
MER03734,BookMyShow 3734,Electronics,Surat,Gujarat,Offline,2022-03-30
MER03735,Flipkart 3735,Healthcare,Pune,Maharashtra,Online,2021-12-11
MER03736,Myntra 3736,Entertainment,Delhi,Delhi,Online,2024-09-01
,MakeMyTrip 3737,Travel,Kolkata,West Bengal,Offline,2024-10-31
MER03738,BigBasket 3738,Grocery,Noida,Uttar Pradesh,Online,2023-02-13
MER03739,Paytm 3739,Fashion,Surat,Gujarat,Offline,2023-08-05
MER03740,Amazon India 3740,Education,Pune,,Online,2025-06-14
MER03741,Swiggy 3741,Utilities,Delhi,Delhi,Online,2024-12-06
MER03742,Reliance Digital 3742,Automotive,Kolkata,West Bengal,Online,2025-11-12
MER03743,Apollo Pharmacy 3743,Restaurants,Noida,Uttar Pradesh,Online,2025-07-17
MER03744,BookMyShow 3744,Ecommerce,Surat,Gujarat,Online,2021-06-01
MER03745,Flipkart 3745,Food Delivery,Pune,Maharashtra,Offline,2021-11-09
MER03746,Myntra 3746,Electronics,Delhi,Delhi,Online,2025-06-01
MER03747,MakeMyTrip 3747,Healthcare,Kolkata,West Bengal,Offline,2025-02-06
MER03748,BigBasket 3748,Entertainment,Noida,Uttar Pradesh,Offline,2021-08-11
MER03749,Paytm 3749,Travel,Surat,Gujarat,Offline,2023-02-11
MER03750,Amazon India 3750,Grocery,Pune,Maharashtra,Offline,2022-09-03
MER03751,Swiggy 3751,Fashion,Delhi,Delhi,,2022-03-27
MER03752,Reliance Digital 3752,,Kolkata,West Bengal,Online,2023-02-07
MER03753,Apollo Pharmacy 3753,Utilities,Noida,Uttar Pradesh,Online,2023-12-04
MER03754,BookMyShow 3754,Automotive,Surat,Gujarat,Online,2023-09-29
MER03755,Flipkart 3755,Restaurants,Pune,Maharashtra,Offline,2023-04-21
,Myntra 3756,Ecommerce,Delhi,Delhi,Online,2022-12-23
,MakeMyTrip 3757,Food Delivery,Kolkata,West Bengal,Online,2024-09-29
MER03758,BigBasket 3758,Electronics,Noida,Uttar Pradesh,Offline,2025-08-15
MER03759,Paytm 3759,Healthcare,Surat,Gujarat,unknown,2025-05-13
MER03760,Amazon India 3760,Entertainment,Pune,Maharashtra,Offline,2022-06-30
MER03761,Swiggy 3761,Travel,Delhi,Delhi,Online,2024-02-21
MER03762,Reliance Digital 3762,Grocery,Kolkata,West Bengal,Online,2025-10-30
MER03763,Apollo Pharmacy 3763,Fashion,Noida,Uttar Pradesh,Online,2025-09-10
MER03764,,Education,Surat,Gujarat,Offline,2025-02-09
MER03765,Flipkart 3765,Utilities,Pune,Maharashtra,Online,2024-02-19
MER03766,Myntra 3766,Automotive,Delhi,Delhi,Online,2023-09-05
MER03767,MakeMyTrip 3767,Restaurants,Kolkata,West Bengal,Offline,2025-04-01
MER03768,BigBasket 3768,Ecommerce,Noida,Uttar Pradesh,Online,2021-07-07
MER03769,Paytm 3769,Food Delivery,Surat,Gujarat,Online,2024-02-29
MER03770,Amazon India 3770,Electronics,Pune,Maharashtra,Online,2025-04-17
MER03771,Swiggy 3771,Healthcare,Delhi,Delhi,Online,2022-05-20
MER03772,Reliance Digital 3772,Entertainment,Kolkata,West Bengal,Offline,2024-09-03
MER03773,Apollo Pharmacy 3773,Travel,Noida,Uttar Pradesh,Online,2022-01-14
,BookMyShow 3774,Grocery,Surat,Gujarat,Online,2021-05-01
MER03775,Flipkart 3775,Fashion,Pune,Maharashtra,Offline,2023-09-17
MER03776,Myntra 3776,Education,Delhi,Delhi,Online,2023-11-09
MER03777,MakeMyTrip 3777,Utilities,Kolkata,West Bengal,Online,2024-07-26
MER03778,BigBasket 3778,Automotive,Noida,Uttar Pradesh,Online,2025-11-16
MER03779,Paytm 3779,Restaurants,Surat,Gujarat,Online,2022-02-04
MER03780,Amazon India 3780,Ecommerce,Pune,Maharashtra,Offline,2023-08-17
MER03781,Swiggy 3781,Food Delivery,Delhi,Delhi,Online,2025-07-16
MER03782,Reliance Digital 3782,Electronics,Kolkata,West Bengal,Offline,2022-01-13
MER03783,Apollo Pharmacy 3783,Healthcare,Noida,Uttar Pradesh,Online,2022-12-07
MER03784,BookMyShow 3784,Entertainment,Surat,Gujarat,Online,2024-03-03
MER03785,Flipkart 3785,Travel,PUNE,Maharashtra,Online,2021-11-21
MER03786,Myntra 3786,Grocery,Delhi,Delhi,Online,2021-10-25
MER03787,MakeMyTrip 3787,Fashion,Kolkata,West Bengal,Offline,2022-11-29
MER03788,BigBasket 3788,Education,Noida,Uttar Pradesh,Online,2022-04-05
MER03789,Paytm 3789,Utilities,Surat,Gujarat,Online,2021-06-03
MER03790,Amazon India 3790,Automotive,Pune,Maharashtra,Online,2024-12-27
MER03791,Swiggy 3791,Restaurants,Delhi,Delhi,Offline,2024-01-17
MER03792,Reliance Digital 3792,Ecommerce,Kolkata,West Bengal,Offline,2022-07-15
MER03793,Apollo Pharmacy 3793,Food Delivery,Noida,Uttar Pradesh,Online,2025-03-06
MER03794,BookMyShow 3794,Electronics,Surat,,Online,2024-06-20
MER03795,Flipkart 3795,Healthcare,Pune,Maharashtra,Online,2025-02-08
MER03796,Myntra 3796,Entertainment,Delhi,Delhi,Online,2023-08-01
MER03797,MakeMyTrip 3797,Travel,Kolkata,West Bengal,Online,2022-08-03
MER03798,BigBasket 3798,Grocery,Noida,,Online,2024-02-01
MER08532,Reliance Digital 8532,Ecommerce,Kolkata,West Bengal,Offline,2021-12-11
MER03800,Amazon India 3800,Education,Pune,Maharashtra,Online,2024-05-25
MER03801,Swiggy 3801,Utilities,Delhi,Delhi,Online,2024-04-06
MER03802,Reliance Digital 3802,Automotive,Kolkata,West Bengal,Online,2024-09-22
MER03803,Apollo Pharmacy 3803,Restaurants,Noida,Uttar Pradesh,Online,2024-11-19
MER03804,BookMyShow 3804,Ecommerce,Surat,Gujarat,Offline,2022-10-29
MER03805,Flipkart 3805,Food Delivery,Pune,Maharashtra,Online,2022-03-08
MER03806,Myntra 3806,Electronics,Delhi,Delhi,Online,2025-04-22
MER03807,MakeMyTrip 3807,Healthcare,Kolkata,West Bengal,Online,2023-12-22
MER03808,BigBasket 3808,Entertainment,Noida,Uttar Pradesh,Offline,2021-12-18
MER03809,Paytm 3809,Travel,Surat,Gujarat,Online,2023-07-17
MER03810,Amazon India 3810,Grocery,Pune,Maharashtra,Offline,2022-09-01
MER03811,Swiggy 3811,Fashion,Delhi,Delhi,Offline,2022-10-20
MER03812,Reliance Digital 3812,Education,Kolkata,West Bengal,Offline,2024-10-07
MER03813,Apollo Pharmacy 3813,Utilities,Noida,Uttar Pradesh,Online,2023-05-01
MER03814,BookMyShow 3814,Automotive,Surat,Gujarat,Online,2024-11-25
MER03815,Flipkart 3815,Restaurants,Pune,Maharashtra,Online,2022-02-16
MER03816,Myntra 3816,Ecommerce,Delhi,Delhi,Online,2021-03-30
MER03817,MakeMyTrip 3817,Food Delivery,Kolkata,West Bengal,Online,2023-10-16
MER03818,BigBasket 3818,Electronics,Noida,Uttar Pradesh,Offline,2024-10-30
MER03819,Paytm 3819,Healthcare,Surat,Gujarat,Online,2022-10-15
MER03820,Amazon India 3820,Entertainment,Pune,Maharashtra,Offline,2022-11-06
MER03821,Swiggy 3821,Travel,Delhi,Delhi,Online,2021-11-28
MER03822,Reliance Digital 3822,Grocery,Kolkata,West Bengal,Online,2023-02-10
MER03823,Apollo Pharmacy 3823,Fashion,Noida,Uttar Pradesh,Online,2021-10-15
MER03824,BookMyShow 3824,Education,Surat,Gujarat,Online,2022-11-20
MER03825,Flipkart 3825,Utilities,Pune,Maharashtra,Online,2025-07-27
MER03826,Myntra 3826,Automotive,Delhi,Delhi,Online,2021-08-10
MER03827,MakeMyTrip 3827,Restaurants,Kolkata,West Bengal,Online,2021-02-20
MER03828,BigBasket 3828,Ecommerce,Noida,Uttar Pradesh,Offline,2021-05-10
MER03829,Paytm 3829,Food Delivery,Surat,Gujarat,Online,2022-06-15
,Amazon India 3830,Electronics,Pune,Maharashtra,Online,2024-02-09
MER03831,Swiggy 3831,Healthcare,Delhi,Delhi,Online,2021-07-04
MER03832,Reliance Digital 3832,Entertainment,Kolkata,West Bengal,Online,
MER03833,Apollo Pharmacy 3833,Travel,Noida,Uttar Pradesh,Online,2024-03-01
MER03834,BookMyShow 3834,Grocery,Surat,Gujarat,Offline,2022-12-03
MER03835,Flipkart 3835,Fashion,Pune,Maharashtra,Online,2021-08-22
MER03836,Myntra 3836,Education,Delhi,Delhi,Offline,2023-05-25
MER03837,MakeMyTrip 3837,Utilities,Kolkata,West Bengal,Offline,2021-02-19
MER03838,BigBasket 3838,Automotive,Noida,Uttar Pradesh,Online,2022-10-16
MER03839,Paytm 3839,Restaurants,Surat,Gujarat,Offline,2023-07-13
MER03840,Amazon India 3840,,Pune,Maharashtra,Offline,2022-06-08
MER03841,Swiggy 3841,Food Delivery,Delhi,Delhi,Online,2021-04-30
MER03842,Reliance Digital 3842,Electronics,Kolkata,West Bengal,Online,2021-09-07
MER07683,Apollo Pharmacy 7683,Healthcare,Noida,Uttar Pradesh,Online,2024-04-29
MER03844,BookMyShow 3844,Entertainment,Surat,Gujarat,Online,2021-09-12
MER03845,Flipkart 3845,Travel,Pune,Maharashtra,Online,2023-09-05
MER03846,Myntra 3846,Grocery,Delhi,Delhi,Online,2021-02-13
MER03847,MakeMyTrip 3847,Fashion,Kolkata,West Bengal,Online,2021-06-06
MER03848,BigBasket 3848,Education,Noida,Uttar Pradesh,Online,2021-10-18
MER03849,Paytm 3849,Utilities,Surat,Gujarat,Offline,2024-09-13
,Amazon India 3850,Automotive,Pune,Maharashtra,Online,2021-09-14
MER03851,Swiggy 3851,Restaurants,Delhi,delhi,online,2025-03-12
,Reliance Digital 3852,Ecommerce,Kolkata,West Bengal,Offline,2022-02-09
MER03853,Apollo Pharmacy 3853,Food Delivery,Noida,Uttar Pradesh,Offline,2023-02-24
MER03854,BookMyShow 3854,Electronics,Surat,Gujarat,Offline,2021-09-09
MER03855,Flipkart 3855,Healthcare,Pune,Maharashtra,Online,2022-01-31
,Myntra 3856,Entertainment,Delhi,Delhi,Offline,2025-06-23
MER03857,MakeMyTrip 3857,Travel,Kolkata,West Bengal,Online,2022-06-26
MER03858,BigBasket 3858,Grocery,Noida,Uttar Pradesh,,2024-07-06
MER03859,Paytm 3859,Fashion,Surat,Gujarat,Offline,2021-01-27
MER03860,Amazon India 3860,Education,Pune,Maharashtra,Online,2024-09-17
MER03861,Swiggy 3861,Utilities,Delhi,Delhi,Online,2024-08-05
MER03862,Reliance Digital 3862,Automotive,Kolkata,West Bengal,Online,2023-04-26
MER03863,Apollo Pharmacy 3863,Restaurants,Noida,Uttar Pradesh,Offline,2024-10-14
MER03864,BookMyShow 3864,Ecommerce,Surat,Gujarat,Offline,2022-02-16
MER03865,Flipkart 3865,Food Delivery,Pune,Maharashtra,,2021-11-12
MER03866,Myntra 3866,Electronics,Delhi,Delhi,Online,2024-05-24
MER03867,MakeMyTrip 3867,Healthcare,Kolkata,West Bengal,Offline,2021-01-23
MER03868,BigBasket 3868,Entertainment,Noida,Uttar Pradesh,Online,2021-01-12
MER03869,Paytm 3869,Travel,Surat,Gujarat,Online,2024-01-21
MER03870,Amazon India 3870,Grocery,Pune,Maharashtra,Online,2023-03-09
MER03871,Swiggy 3871,Fashion,Delhi,Delhi,Online,2021-02-03
MER03872,Reliance Digital 3872,Education,Kolkata,West Bengal,,2021-02-06
MER03873,Apollo Pharmacy 3873,Utilities,Noida,Uttar Pradesh,Online,2021-08-02
MER03874,BookMyShow 3874,Automotive,Surat,Gujarat,Online,2021-10-04
MER03875,Flipkart 3875,Restaurants,Pune,Maharashtra,Offline,2025-05-15
MER03876,Myntra 3876,Ecommerce,Delhi,Delhi,Online,2022-06-09
MER03877,MakeMyTrip 3877,Food Delivery,Kolkata,West Bengal,Online,2023-06-11
MER03878,BigBasket 3878,Electronics,Noida,Uttar Pradesh,Online,2022-05-31
MER03879,Paytm 3879,Healthcare,Surat,Gujarat,Offline,2023-04-01
MER03880,Amazon India 3880,Entertainment,Pune,Maharashtra,Online,2021-09-22
MER03881,Swiggy 3881,Travel,Delhi,Delhi,Online,2022-11-11
MER03882,Reliance Digital 3882,Grocery,Kolkata,West Bengal,Offline,2025-09-02
MER03883,Apollo Pharmacy 3883,Fashion,Noida,Uttar Pradesh,Offline,2021-06-03
MER03884,BookMyShow 3884,Education,Surat,Gujarat,Online,2024-01-15
MER03885,Flipkart 3885,Utilities,Pune,Maharashtra,Online,2021-11-28
MER03886,Myntra 3886,Automotive,Delhi,Delhi,Online,2021-05-06
MER03887,MakeMyTrip 3887,Restaurants,Kolkata,West Bengal,Online,2021-03-13
MER03888,BigBasket 3888,Ecommerce,Noida,uttar pradesh,Online,2023-02-06
MER03889,Paytm 3889,Food Delivery,Surat,Gujarat,Offline,2022-05-12
MER03890,Amazon India 3890,Electronics,Pune,Maharashtra,Offline,2023-04-12
MER03891,Swiggy 3891,Healthcare,Delhi,Delhi,Offline,2021-02-20
MER03892,Reliance Digital 3892,Entertainment,Kolkata,West Bengal,Online,2024-02-03
MER03893,Apollo Pharmacy 3893,Travel,Noida,Uttar Pradesh,Offline,2024-11-11
MER03894,BookMyShow 3894,Grocery,Surat,Gujarat,Online,2023-05-12
MER03895,Flipkart 3895,Fashion,Pune,Maharashtra,Offline,
MER03896,Myntra 3896,Education,Delhi,Delhi,Offline,2023-12-30
MER03897,MakeMyTrip 3897,Utilities,Kolkata,West Bengal,Offline,2024-12-29
MER03898,BigBasket 3898,Automotive,Noida,Uttar Pradesh,Online,2023-05-19
MER03899,Paytm 3899,Restaurants,Surat,Gujarat,Online,2025-01-15
MER03900,Amazon India 3900,Ecommerce,Pune,Maharashtra,Online,2025-09-06
MER09724,BookMyShow 9724,Entertainment,Surat,Gujarat,Online,2021-01-30
MER03902,Reliance Digital 3902,Electronics,Kolkata,West Bengal,Online,2022-12-16
MER03903,Apollo Pharmacy 3903,Healthcare,Noida,Uttar Pradesh,Offline,2024-06-01
MER03904,BookMyShow 3904,Entertainment,Surat,Gujarat,Online,2022-06-30
MER03905,Flipkart 3905,Travel,Pune,Maharashtra,Online,2023-10-11
MER03906,Myntra 3906,Grocery,Delhi,Delhi,Offline,2024-06-13
MER03907,MakeMyTrip 3907,Fashion,Kolkata,West Bengal,Online,2024-09-17
MER03908,BigBasket 3908,Education,Noida,Uttar Pradesh,Online,2022-03-30
MER03909,Paytm 3909,Utilities,Surat,Gujarat,Online,2021-03-22
MER03910,Amazon India 3910,Automotive,Pune,Maharashtra,Offline,2025-04-06
MER03911,Swiggy 3911,,Delhi,Delhi,Online,2024-10-13
MER03912,Reliance Digital 3912,Ecommerce,Kolkata,West Bengal,Online,2024-09-03
MER03913,Apollo Pharmacy 3913,Food Delivery,Noida,Uttar Pradesh,Online,2022-05-20
MER03914,BookMyShow 3914,Electronics,Surat,Gujarat,Online,2022-07-07
MER03915,Flipkart 3915,Healthcare,Pune,Maharashtra,Online,2023-04-18
MER03916,Myntra 3916,Entertainment,Delhi,Delhi,Online,2022-09-28
MER03917,MakeMyTrip 3917,Travel,,West Bengal,Online,2025-01-20
MER03918,BigBasket 3918,Grocery,Noida,Uttar Pradesh,Offline,2022-05-22
MER03919,Paytm 3919,Fashion,Surat,Gujarat,Offline,2025-10-07
MER03920,Amazon India 3920,Education,Pune,Maharashtra,Online,2021-09-30
MER03921,Swiggy 3921,Utilities,Delhi,Delhi,Offline,2024-10-09
MER03922,Reliance Digital 3922,Automotive,Kolkata,West Bengal,,2025-02-12
MER03923,Apollo Pharmacy 3923,Restaurants,Noida,Uttar Pradesh,Offline,2021-10-21
MER03924,BookMyShow 3924,Ecommerce,Surat,Gujarat,Offline,2023-12-22
MER03925,Flipkart 3925,Food Delivery,Pune,Maharashtra,Online,2025-11-05
MER03926,Myntra 3926,Electronics,Delhi,Delhi,Offline,2022-05-14
MER03927,MakeMyTrip 3927,Healthcare,Kolkata,West Bengal,Offline,2022-06-25
MER03928,BigBasket 3928,Entertainment,Noida,Uttar Pradesh,Online,2023-01-07
MER03929,Paytm 3929,Travel,Surat,Gujarat,Online,2023-10-07
MER03930,Amazon India 3930,Grocery,Pune,Maharashtra,Online,2023-04-18
MER03931,Swiggy 3931,Fashion,Delhi,Delhi,Online,2024-01-28
MER03932,Reliance Digital 3932,Education,Kolkata,West Bengal,Offline,2022-09-15
MER03933,Apollo Pharmacy 3933,Utilities,Noida,Uttar Pradesh,Online,2023-12-18
MER03934,BookMyShow 3934,Automotive,Surat,Gujarat,Offline,2025-04-27
MER03935,Flipkart 3935,Restaurants,Pune,Maharashtra,Online,2024-11-11
MER03936,Myntra 3936,Ecommerce,Delhi,Delhi,Online,2025-08-02
MER03937,MakeMyTrip 3937,Food Delivery,Kolkata,West Bengal,Offline,2023-04-14
MER03938,BigBasket 3938,Electronics,Noida,Uttar Pradesh,Online,2022-03-04
MER03939,Paytm 3939,Healthcare,Surat,Gujarat,Offline,2021-07-31
MER03940,Amazon India 3940,Entertainment,Pune,Maharashtra,Online,2025-10-31
MER03941,Swiggy 3941,Travel,Delhi,Delhi,Offline,2023-02-03
MER03942,Reliance Digital 3942,Grocery,Kolkata,West Bengal,Offline,2025-01-11
MER03943,Apollo Pharmacy 3943,Fashion,Noida,Uttar Pradesh,Offline,2021-08-30
MER03944,BookMyShow 3944,Education,Surat,Gujarat,Offline,2022-04-06
MER03945,Flipkart 3945,Utilities,Pune,,Online,2021-08-16
MER03946,Myntra 3946,Automotive,Delhi,Delhi,Online,2023-06-06
MER03947,MakeMyTrip 3947,Restaurants,Kolkata,West Bengal,Offline,2022-04-25
MER03948,BigBasket 3948,Ecommerce,Noida,Uttar Pradesh,Online,2025-08-29
MER03949,Paytm 3949,Food Delivery,Surat,Gujarat,Online,2024-01-12
MER03950,Amazon India 3950,Electronics,Pune,Maharashtra,Offline,2022-10-22
MER03951,Swiggy 3951,Healthcare,Delhi,Delhi,Offline,2023-08-26
MER03952,Reliance Digital 3952,Entertainment,Kolkata,West Bengal,,2025-11-18
MER03953,Apollo Pharmacy 3953,Travel,Noida,Uttar Pradesh,Online,2025-06-05
MER03954,BookMyShow 3954,Grocery,Surat,Gujarat,unknown,2022-05-23
MER03955,Flipkart 3955,Fashion,Pune,Maharashtra,Online,2023-05-23
MER03956,Myntra 3956,Education,Delhi,Delhi,Online,2023-07-19
MER03957,MakeMyTrip 3957,Utilities,Kolkata,West Bengal,Online,2022-08-01
MER03958,BigBasket 3958,Automotive,Noida,Uttar Pradesh,Online,2023-07-28
MER03959,Paytm 3959,Restaurants, Surat ,Gujarat,Online,2025-10-06
MER03960,Amazon India 3960,Ecommerce,Pune,Maharashtra,Offline,2022-02-19
MER03961,Swiggy 3961,Food Delivery,Delhi,Delhi,Offline,2023-07-10
MER03962,Reliance Digital 3962,Electronics,Kolkata,West Bengal,Offline,2024-02-26
MER03963,Apollo Pharmacy 3963,Healthcare,Noida,Uttar Pradesh,Offline,2021-02-21
MER03964,BookMyShow 3964,Entertainment,Surat,Gujarat,Offline,2025-10-30
MER03965,Flipkart 3965,Travel,Pune,Maharashtra,,2022-06-24
MER03966,Myntra 3966,Grocery,Delhi,Delhi,Online,2025-10-21
MER03967,MakeMyTrip 3967,Fashion,Kolkata,West Bengal,Offline,2025-06-14
MER03968,BigBasket 3968,Education,Noida,Uttar Pradesh,Online,2022-09-25
,Paytm 3969,Utilities,Surat,Gujarat,Online,2021-08-23
MER03970,Amazon India 3970,Automotive,Pune,maharashtra,Online,2024-11-07
MER03971,Swiggy 3971,Restaurants,Delhi,Delhi,Offline,2022-03-20
,Reliance Digital 3972,Ecommerce,Kolkata,West Bengal,Offline,2023-10-01
MER03973,Apollo Pharmacy 3973,Food Delivery,,Uttar Pradesh,Online,2021-07-04
MER03974,BookMyShow 3974,Electronics,Surat,Gujarat,Online,2025-05-18
MER03975,Flipkart 3975,Healthcare,Pune,Maharashtra,Offline,2024-02-25
MER03976,Myntra 3976,Entertainment,Delhi,Delhi,Online,2023-09-25
MER03977,MakeMyTrip 3977,Travel,Kolkata,West Bengal,Online,2022-06-04
MER03978,BigBasket 3978,Grocery,Noida,Uttar Pradesh,Offline,2025-01-05
MER03979,Paytm 3979,Fashion,Surat,Gujarat,Online,2024-02-08
MER03980,Amazon India 3980,Education,Pune,Maharashtra,Online,2022-05-30
MER03981,Swiggy 3981,,Delhi,Delhi,Online,2024-05-03
MER03227,MakeMyTrip 3227,Restaurants,Kolkata,West Bengal,Online,2025-03-19
MER03983,Apollo Pharmacy 3983,Restaurants,noida,Uttar Pradesh,Online,2023-03-25
MER03984,BookMyShow 3984,Ecommerce,Surat,Gujarat,Online,2025-06-29
MER03985,Flipkart 3985,Food Delivery,Pune,Maharashtra,Online,2025-03-28
MER03986,Myntra 3986,Electronics,Delhi,Delhi,Online,2023-01-10
MER03987,MakeMyTrip 3987,Healthcare,Kolkata,West Bengal,Online,2024-11-30
MER03988,BigBasket 3988,Entertainment,Noida,Uttar Pradesh,Online,2025-11-21
MER03989,Paytm 3989,Travel, Surat ,Gujarat,Online,2022-11-02
MER03990,Amazon India 3990,Grocery,Pune,Maharashtra,Online,2023-05-27
MER03991,Swiggy 3991,Fashion,Delhi,delhi,Online,2024-01-08
MER03992,Reliance Digital 3992,Education,Kolkata,West Bengal,Online,2022-08-14
MER03993,Apollo Pharmacy 3993,Utilities,Noida,Uttar Pradesh,Online,2021-02-24
MER03994,BookMyShow 3994,Automotive,Surat,Gujarat,Online,2024-01-08
MER03995,Flipkart 3995,Restaurants,Pune,Maharashtra,Online,2025-04-22
MER03996,Myntra 3996,Ecommerce,Delhi,Delhi,Online,2022-11-09
MER03997,MakeMyTrip 3997,Food Delivery,Kolkata,West Bengal,Offline,2025-02-24
MER03998,BigBasket 3998,Electronics,,Uttar Pradesh,Online,2024-03-20
MER03999,Paytm 3999,Healthcare,Surat,Gujarat,Online,2021-01-10
MER04000,Amazon India 4000,Entertainment,Pune,Maharashtra,Online,2025-01-01
MER04001,Swiggy 4001,Travel,Delhi, Delhi ,Offline,2023-06-04
MER04002,Reliance Digital 4002,Grocery,Kolkata,West Bengal,Online,2021-03-10
MER04003,Apollo Pharmacy 4003,Fashion,Noida,,Offline,2023-09-12
MER04004,BookMyShow 4004,Education,Surat,Gujarat,Offline,2025-04-19
MER04005,Flipkart 4005,Utilities,Pune,,Online,2023-07-15
MER04006,Myntra 4006,Automotive,Delhi,Delhi,Online,2022-02-11
MER04007,MakeMyTrip 4007,Restaurants,Kolkata,West Bengal,Offline,2024-10-27
MER04008,BigBasket 4008,Ecommerce,Noida,Uttar Pradesh,Online,2023-03-22
MER04009,Paytm 4009,Food Delivery,Surat,Gujarat,Online,2024-04-10
MER04010,Amazon India 4010,Electronics,Pune,maharashtra,Offline,2022-07-28
MER04011,Swiggy 4011,Healthcare,Delhi,Delhi,Online,2022-09-01
MER04012,Reliance Digital 4012,Entertainment,Kolkata,West Bengal,Online,2021-08-08
MER04013,,Travel,Noida,Uttar Pradesh,Online,2021-10-27
MER04014,BookMyShow 4014,Grocery,Surat,Gujarat,Offline,2024-02-28
MER04015,Flipkart 4015,Fashion,Pune,Maharashtra,Online,2024-05-28
MER04016,Myntra 4016,Education,Delhi,DELHI,Online,2023-08-25
MER04017,MakeMyTrip 4017,Utilities,Kolkata,West Bengal,Online,2022-04-22
MER04018,BigBasket 4018,Automotive,Noida,Uttar Pradesh,Online,2023-11-14
MER04019,Paytm 4019,Restaurants,Surat,Gujarat,Online,2021-10-29
MER04020,Amazon India 4020,Ecommerce,Pune,Maharashtra,Online,2024-03-26
MER04021,Swiggy 4021,Food Delivery,Delhi,Delhi,Online,2022-10-28
MER04022,Reliance Digital 4022,Electronics,Kolkata,West Bengal,Online,2024-06-02
MER04023,Apollo Pharmacy 4023,Healthcare,Noida,Uttar Pradesh,Offline,
MER04024,BookMyShow 4024,Entertainment,Surat,Gujarat,Online,2022-03-04
MER04025,Flipkart 4025,Travel,Pune,Maharashtra,Offline,2023-10-28
MER04026,Myntra 4026,Grocery,Delhi,Delhi,Offline,2021-09-14
,MakeMyTrip 4027,Fashion,Kolkata,West Bengal,Offline,2025-03-30
MER04028,BigBasket 4028,Education,Noida,Uttar Pradesh,online,2022-12-26
MER04029,Paytm 4029,Utilities,Surat,Gujarat,Offline,2021-05-30
MER04030,Amazon India 4030,Automotive,Pune,Maharashtra,Offline,2022-09-04
,Swiggy 4031,Restaurants,Delhi,Delhi,Online,2024-03-28
MER04032,Reliance Digital 4032,Ecommerce,Kolkata,West Bengal,Offline,2023-06-29
MER04033,Apollo Pharmacy 4033,Food Delivery,Noida,Uttar Pradesh,Online,2021-09-21
MER04034,BookMyShow 4034,Electronics,Surat,Gujarat,Online,2025-02-03
MER04035,,Healthcare,Pune,Maharashtra,Online,2022-10-27
MER04036,Myntra 4036,Entertainment,Delhi,Delhi,Offline,2024-09-18
MER04037,MakeMyTrip 4037,Travel,Kolkata,West Bengal,Online,2024-08-17
MER04038,BigBasket 4038,Grocery,Noida,Uttar Pradesh,Online,2023-07-05
MER04039,Paytm 4039,Fashion,Surat,Gujarat,Offline,2022-07-20
MER04040,Amazon India 4040,Education,Pune,Maharashtra,Online,2025-02-05
MER04041,Swiggy 4041,Utilities,Delhi,Delhi,Online,2023-09-03
MER04042,Reliance Digital 4042,Automotive,Kolkata,West Bengal,Online,2022-06-26
MER04043,Apollo Pharmacy 4043,Restaurants,Noida,Uttar Pradesh,Offline,2024-04-28
MER04044,BookMyShow 4044,Ecommerce,Surat,,Online,2022-04-29
MER04045,Flipkart 4045,Food Delivery,Pune,Maharashtra,Online,2025-11-17
MER04046,Myntra 4046,Electronics,Delhi,Delhi,Online,2022-02-04
MER04047,MakeMyTrip 4047,Healthcare,Kolkata,West Bengal,Offline,2025-11-21
MER04048,BigBasket 4048,Entertainment,Noida,Uttar Pradesh,Online,2023-02-18
MER04049,Paytm 4049,Travel,Surat,Gujarat,Online,2025-06-04
MER04050,Amazon India 4050,Grocery,Pune,Maharashtra,Online,2021-09-03
MER04051,Swiggy 4051,Fashion,Delhi,Delhi,Offline,2025-01-11
MER04052,Reliance Digital 4052,Education,Kolkata,West Bengal,Offline,2023-07-26
MER04053,Apollo Pharmacy 4053,Utilities,Noida,Uttar Pradesh,Online,2022-08-28
MER04054,BookMyShow 4054,Automotive,Surat,Gujarat,Online,2021-03-06
MER04055,Flipkart 4055,Restaurants,,Maharashtra,Online,2025-02-12
MER04056,Myntra 4056,Ecommerce,Delhi,Delhi,Online,2021-09-19
MER04057,MakeMyTrip 4057,Food Delivery,Kolkata,West Bengal,Offline,2021-06-30
MER04058,BigBasket 4058,Electronics,Noida,Uttar Pradesh,Offline,2021-01-27
MER04059,Paytm 4059,Healthcare,Surat,Gujarat,Online,2021-11-05
MER04060,Amazon India 4060,Entertainment,Pune,Maharashtra,Offline,2024-01-02
MER04061,Swiggy 4061,Travel,Delhi,Delhi,Offline,2023-06-09
MER04062,Reliance Digital 4062,Grocery,Kolkata,West Bengal,Offline,2025-11-15
MER04063,Apollo Pharmacy 4063,Fashion,Noida,Uttar Pradesh,,2025-10-18
,BookMyShow 4064,Education,Surat,Gujarat,Online,2022-06-20
MER04065,Flipkart 4065,Utilities,Pune,Maharashtra,Online,2021-09-01
MER04066,Myntra 4066,Automotive,Delhi,Delhi,Online,2023-06-26
MER04067,MakeMyTrip 4067,Restaurants,Kolkata,West Bengal,Online,2025-07-09
MER04068,BigBasket 4068,Ecommerce,Noida,Uttar Pradesh,Online,2022-08-01
MER04069,Paytm 4069,Food Delivery,Surat,Gujarat,Online,2021-02-18
MER04070,Amazon India 4070,Electronics,Pune,Maharashtra,Offline,2021-05-22
MER04071,Swiggy 4071,Healthcare,Delhi,Delhi,Online,2022-02-14
MER04072,Reliance Digital 4072,Entertainment,Kolkata,West Bengal,Online,2022-09-17
MER04073,Apollo Pharmacy 4073,Travel,Noida,UTTAR PRADESH,Offline,2023-06-26
MER04074,BookMyShow 4074,Grocery,Surat,Gujarat,Offline,2021-12-06
MER04075,Flipkart 4075,Fashion,Pune,Maharashtra,Offline,2022-10-30
MER04076,Myntra 4076,Education,Delhi,Delhi,Offline,2022-07-20
MER04077,MakeMyTrip 4077,Utilities,Kolkata,West Bengal,Online,2022-12-11
MER04078,BigBasket 4078,Automotive,Noida,Uttar Pradesh,Offline,2022-06-01
MER04079,Paytm 4079,Restaurants,Surat,Gujarat,Online,2025-01-29
MER04080,Amazon India 4080,Ecommerce,Pune,Maharashtra,Online,2023-08-20
MER04081,Swiggy 4081,Food Delivery,Delhi,Delhi,Online,2021-03-04
MER04082,Reliance Digital 4082,Electronics,kolkata,West Bengal,Online,2021-04-27
MER04083,Apollo Pharmacy 4083,Healthcare,Noida,Uttar Pradesh,Online,2023-05-19
MER04084,BookMyShow 4084,Entertainment,Surat,Gujarat,Online,2025-09-14
MER04085,Flipkart 4085,Travel,Pune,Maharashtra,Online,2023-04-11
MER04086,Myntra 4086,Grocery,,Delhi,Offline,2023-02-06
MER04087,MakeMyTrip 4087,Fashion,Kolkata,West Bengal,Offline,2022-12-15
MER04088,BigBasket 4088,Education,Noida,Uttar Pradesh,Offline,
MER04089,Paytm 4089,Utilities,Surat,Gujarat,Online,2022-10-06
MER04090,Amazon India 4090,Automotive,Pune,Maharashtra,Online,2025-05-19
MER04091,Swiggy 4091,Restaurants,Delhi,Delhi,Online,2022-03-04
MER04092,Reliance Digital 4092,Ecommerce,Kolkata,West Bengal,Online,2023-01-10
MER04093,Apollo Pharmacy 4093,Food Delivery,Noida,Uttar Pradesh,Offline,2024-03-17
MER04094,BookMyShow 4094,Electronics,Surat,Gujarat,Online,2021-05-23
MER04095,Flipkart 4095,Healthcare,Pune,Maharashtra,Offline,
MER04096,Myntra 4096,Entertainment,Delhi,Delhi,Offline,2023-07-24
MER04097,MakeMyTrip 4097,Travel,Kolkata,West Bengal,Online,
MER04098,BigBasket 4098,Grocery,Noida,Uttar Pradesh,Online,2023-02-27
MER04099,Paytm 4099,Fashion,Surat,Gujarat,Offline,2024-10-26
MER04100,Amazon India 4100,Education,Pune,Maharashtra,Online,
MER04101,Swiggy 4101,Utilities,Delhi,Delhi,Online,2022-10-01
MER04102,Reliance Digital 4102,Automotive,Kolkata,West Bengal,Online,2023-08-08
MER04103,Apollo Pharmacy 4103,Restaurants,Noida,Uttar Pradesh,Online,2024-03-06
MER04104,BookMyShow 4104,Ecommerce,Surat,Gujarat,Online,2022-10-16
MER04105,Flipkart 4105,Food Delivery,Pune,Maharashtra,Offline,2021-04-04
MER04106,Myntra 4106,Electronics,,Delhi,Online,2021-12-28
MER04107,MakeMyTrip 4107,Healthcare,Kolkata,West Bengal,Online,2025-05-21
MER04108,BigBasket 4108,Entertainment,Noida,Uttar Pradesh,Online,2021-05-17
MER04109,Paytm 4109,Travel,Surat,Gujarat,Offline,2023-07-04
MER04110,Amazon India 4110,Grocery,Pune,Maharashtra,Online,2021-07-25
MER04111,Swiggy 4111,Fashion,Delhi,Delhi,Online,2022-05-05
MER04112,Reliance Digital 4112,Education,Kolkata,West Bengal,Offline,2024-10-04
MER04113,Apollo Pharmacy 4113,Utilities,NOIDA,Uttar Pradesh,Online,2025-01-22
MER04114,BookMyShow 4114,Automotive,Surat,Gujarat,Online,2022-10-22
MER04115,Flipkart 4115,Restaurants,Pune,Maharashtra,Online,2023-02-25
MER04116,Myntra 4116,Ecommerce,Delhi,Delhi,Offline,2022-07-05
MER04117,MakeMyTrip 4117,Food Delivery,KOLKATA,West Bengal,Online,2023-03-25
MER04118,BigBasket 4118,Electronics,Noida,Uttar Pradesh,Online,2023-11-07
MER04119,Paytm 4119,Healthcare,SURAT,Gujarat,Offline,2023-03-04
MER04120,Amazon India 4120,Entertainment,Pune,Maharashtra,Online,2023-06-18
MER04121,Swiggy 4121,Travel,Delhi,Delhi,Offline,2023-07-18
MER04122,Reliance Digital 4122,Grocery,Kolkata,West Bengal,unknown,2024-06-16
MER04123,Apollo Pharmacy 4123,Fashion,Noida,Uttar Pradesh,Offline,2021-10-16
MER04124,BookMyShow 4124,Education,Surat,Gujarat,Online,2024-06-26
MER04125,Flipkart 4125,Utilities,Pune,Maharashtra,Online,2025-09-08
MER04126,Myntra 4126,Automotive, Delhi ,Delhi,Online,2025-08-16
MER04127,MakeMyTrip 4127,Restaurants,Kolkata,West Bengal,Online,2021-04-28
MER04128,,Ecommerce,Noida,Uttar Pradesh,Online,2023-02-18
MER04129,Paytm 4129,Food Delivery,Surat,Gujarat,Offline,2024-11-10
MER04130,Amazon India 4130,Electronics,Pune,Maharashtra,Offline,2022-03-15
MER04131,Swiggy 4131,Healthcare,Delhi,Delhi,Offline,2022-05-17
MER04132,Reliance Digital 4132,Entertainment,Kolkata,West Bengal,Online,2025-05-23
MER04133,Apollo Pharmacy 4133,Travel,Noida,Uttar Pradesh,Online,2023-08-20
MER04134,BookMyShow 4134,Grocery,SURAT,Gujarat,Online,2024-07-12
MER04135,Flipkart 4135,Fashion,Pune,,Online,2021-01-15
MER04136,Myntra 4136,Education,Delhi,Delhi,Online,2023-11-08
MER04137,MakeMyTrip 4137,Utilities,Kolkata,West Bengal,Online,2024-08-14
MER04138,BigBasket 4138,Automotive,Noida,Uttar Pradesh,Online,2023-08-11
MER04139,Paytm 4139,Restaurants,Surat,Gujarat,Online,2023-06-21
MER04140,Amazon India 4140,Ecommerce,Pune,Maharashtra, Online ,2021-09-10
MER04141,Swiggy 4141,Food Delivery,Delhi,Delhi,Offline,2021-12-25
MER04142,Reliance Digital 4142,Electronics,Kolkata,West Bengal,Online,2021-02-16
MER04143,Apollo Pharmacy 4143,Healthcare,Noida,Uttar Pradesh,Offline,2021-12-24
MER04144,BookMyShow 4144,Entertainment,Surat,Gujarat,Offline,2022-06-16
MER04145,Flipkart 4145,Travel,Pune,Maharashtra,Online,2023-04-25
MER04146,Myntra 4146,Grocery,Delhi,Delhi,Online,2024-01-21
MER04147,MakeMyTrip 4147,Fashion,Kolkata,West Bengal,Online,2025-03-01
MER04148,BigBasket 4148,Education,Noida,Uttar Pradesh,Online,2022-03-19
MER04149,Paytm 4149,Utilities,Surat,Gujarat,Online,2024-12-17
MER04150,Amazon India 4150,Automotive,Pune,Maharashtra,Online,2023-03-10
MER04151,Swiggy 4151,Restaurants,Delhi,Delhi,Online,2022-05-14
MER04152,Reliance Digital 4152,Ecommerce,Kolkata,West Bengal,Online,2024-10-27
MER04153,Apollo Pharmacy 4153,Food Delivery,Noida,Uttar Pradesh,Offline,2022-12-05
MER04154,BookMyShow 4154,Electronics,Surat,Gujarat,Online,2024-07-01
MER04155,Flipkart 4155,Healthcare,Pune,Maharashtra,Online,2021-04-22
MER04156,Myntra 4156,Entertainment,Delhi,Delhi,Online,2022-09-11
,MakeMyTrip 4157,Travel,Kolkata,West Bengal,Offline,2024-10-13
MER04158,BigBasket 4158,Grocery,Noida,Uttar Pradesh,Online,2023-09-22
MER04159,Paytm 4159,Fashion,Surat, Gujarat ,Online,2024-06-15
MER04160,Amazon India 4160,Education,Pune,Maharashtra,Online,2021-02-15
MER04161,Swiggy 4161,Utilities,Delhi,Delhi,Online,2021-07-26
MER04162,Reliance Digital 4162,Automotive,Kolkata,West Bengal,Online,2023-02-23
MER04163,Apollo Pharmacy 4163,Restaurants,Noida,Uttar Pradesh,Offline,2024-03-03
MER04164,BookMyShow 4164,Ecommerce,Surat,Gujarat,Online,2025-04-06
MER04165,Flipkart 4165,Food Delivery,Pune,Maharashtra,Offline,2025-09-13
MER04166,Myntra 4166,Electronics,Delhi,Delhi,Offline,2022-02-04
MER04167,MakeMyTrip 4167,Healthcare,Kolkata,West Bengal,Offline,2022-12-30
MER04168,BigBasket 4168,Entertainment,Noida,Uttar Pradesh,Online,2024-05-27
MER04169,Paytm 4169,Travel,Surat,Gujarat,Offline,2023-06-25
MER04170,Amazon India 4170,Grocery,Pune,Maharashtra,Online,2021-07-06
MER04171,Swiggy 4171,Fashion,Delhi,Delhi,Online,2021-10-06
MER04172,Reliance Digital 4172,Education,Kolkata,West Bengal,Online,2024-08-06
MER04173,Apollo Pharmacy 4173,Utilities,Noida,Uttar Pradesh,Online,2025-07-26
MER04174,BookMyShow 4174,Automotive,Surat,Gujarat,Online,2024-03-18
MER04175,Flipkart 4175,Restaurants,Pune,Maharashtra,Online,2024-01-30
MER04176,Myntra 4176,Ecommerce,Delhi,Delhi,Offline,2021-02-11
MER04177,MakeMyTrip 4177,Food Delivery,Kolkata,West Bengal,Online,2021-05-23
MER09091,Swiggy 9091,Fashion,Delhi,Delhi,Offline,2022-10-04
MER04179,Paytm 4179,Healthcare,Surat,Gujarat,Online,2023-07-07
MER04180,Amazon India 4180,Entertainment,Pune,,Online,2025-01-14
MER04181,Swiggy 4181,Travel,Delhi,Delhi,Offline,2021-07-24
MER04182,Reliance Digital 4182,Grocery,Kolkata,West Bengal,Offline,2022-03-30
MER04183,Apollo Pharmacy 4183,Fashion,noida,Uttar Pradesh,Online,2024-12-12
MER04184,BookMyShow 4184,Education,Surat,Gujarat,Online,2024-06-16
MER04185,Flipkart 4185,Utilities,Pune,Maharashtra,Online,2025-01-13
MER04186,Myntra 4186,Automotive,,Delhi,Offline,2023-12-22
MER04187,MakeMyTrip 4187,Restaurants,Kolkata,West Bengal,Online,2023-05-22
MER04188,BigBasket 4188,Ecommerce,Noida,Uttar Pradesh,Online,2024-07-30
MER04189,Paytm 4189,Food Delivery,Surat,Gujarat,Online,2021-02-23
MER04190,Amazon India 4190,Electronics,Pune,Maharashtra,,2025-03-02
MER04191,Swiggy 4191,Healthcare,Delhi,Delhi,Online,2022-02-26
MER04192,Reliance Digital 4192,Entertainment,Kolkata,West Bengal,Offline,2024-03-13
MER04193,Apollo Pharmacy 4193,Travel,Noida,Uttar Pradesh,Online,2022-01-09
MER04194,BookMyShow 4194,,Surat,Gujarat,Online,2021-03-17
MER04195,Flipkart 4195,Fashion,Pune,Maharashtra,Offline,2025-09-09
MER04196,Myntra 4196,Education,Delhi,Delhi,Online,2024-12-28
,MakeMyTrip 4197,Utilities,Kolkata,West Bengal,Online,2023-08-29
MER04198,BigBasket 4198,Automotive,NOIDA,Uttar Pradesh,Online,2022-04-09
MER04199,Paytm 4199,Restaurants,Surat,Gujarat,Offline,2021-07-19
MER04200,Amazon India 4200,Ecommerce,Pune,Maharashtra,Online,2023-04-24
MER04201,Swiggy 4201,Food Delivery,Delhi,Delhi,Offline,2023-05-08
MER04202,Reliance Digital 4202,Electronics,Kolkata,West Bengal,Online,2024-12-05
MER04203,Apollo Pharmacy 4203,Healthcare,Noida,Uttar Pradesh,Offline,2021-08-30
MER04204,BookMyShow 4204,Entertainment,Surat,Gujarat,Online,2024-01-20
MER04205,Flipkart 4205,Travel,Pune,Maharashtra,Online,2022-05-12
MER04206,Myntra 4206,Grocery,Delhi,Delhi,Online,2024-09-23
MER04207,MakeMyTrip 4207,Fashion,Kolkata,West Bengal,Online,2025-10-25
MER04208,BigBasket 4208,Education,Noida,Uttar Pradesh,Online,2024-08-02
MER04209,Paytm 4209,Utilities,Surat,Gujarat,Offline,2021-12-21
MER04210,Amazon India 4210,Automotive,Pune,Maharashtra,Online,2022-11-22
MER04211,Swiggy 4211,Restaurants,Delhi,Delhi, Online ,2023-03-28
MER04212,Reliance Digital 4212,Ecommerce,Kolkata,west bengal,Online,2021-11-23
MER04213,Apollo Pharmacy 4213,Food Delivery,Noida,Uttar Pradesh,Offline,2023-09-30
MER04214,BookMyShow 4214,Electronics,Surat,Gujarat,Online,2021-11-04
MER04215,Flipkart 4215,Healthcare,Pune,Maharashtra,Online,2021-08-16
MER04216,Myntra 4216,Entertainment,Delhi,Delhi,Online,2022-07-11
MER04217,MakeMyTrip 4217,,Kolkata,West Bengal,Online,2021-04-06
MER04218,BigBasket 4218,Grocery,Noida,Uttar Pradesh,Offline,2022-08-24
MER04219,Paytm 4219,Fashion,Surat,Gujarat,Online,2023-07-21
MER04220,Amazon India 4220,Education,Pune,Maharashtra,Online,2022-08-18
MER04221,Swiggy 4221,Utilities,Delhi,Delhi,Offline,2022-12-04
MER04222,Reliance Digital 4222,Automotive,Kolkata,West Bengal,Online,2022-04-19
MER04223,Apollo Pharmacy 4223,Restaurants,Noida,Uttar Pradesh,Online,2022-01-17
MER04224,BookMyShow 4224,Ecommerce,Surat,Gujarat,Offline,2023-01-08
MER04225,Flipkart 4225,Food Delivery,Pune,Maharashtra,Offline,2021-04-24
MER04226,Myntra 4226,Electronics,Delhi,Delhi,Online,2021-05-03
MER04227,MakeMyTrip 4227,Healthcare,Kolkata,West Bengal,Offline,2022-10-27
MER04228,BigBasket 4228,Entertainment,Noida,Uttar Pradesh,Online,2024-05-08
MER04229,Paytm 4229,Travel,Surat,Gujarat,Online,2024-08-17
MER04230,Amazon India 4230,Grocery,,Maharashtra,,2024-03-24
MER09947,MakeMyTrip 9947,Restaurants,Kolkata,West Bengal,Online,2025-03-23
MER04232,Reliance Digital 4232,Education,Kolkata,West Bengal,Online,2023-04-06
MER04233,Apollo Pharmacy 4233,Utilities,Noida,Uttar Pradesh,Online,2021-09-14
MER04234,BookMyShow 4234,Automotive,Surat,Gujarat,Online,2021-06-12
MER04235,Flipkart 4235,Restaurants,Pune,Maharashtra,Online,2022-08-09
MER04236,Myntra 4236,Ecommerce,Delhi,Delhi,Online,2022-03-18
MER04237,MakeMyTrip 4237,Food Delivery,Kolkata,West Bengal,Online,2025-02-07
MER04238,BigBasket 4238,Electronics,Noida,Uttar Pradesh,Online,2024-12-19
MER04239,Paytm 4239,Healthcare,Surat,Gujarat,Online,2023-01-13
MER04240,Amazon India 4240,Entertainment,Pune,Maharashtra,Online,2023-05-28
MER04241,Swiggy 4241,Travel,Delhi,Delhi,Online,2022-07-13
MER04242,Reliance Digital 4242,Grocery,Kolkata,West Bengal,Online,2025-08-17
MER04243,Apollo Pharmacy 4243,Fashion,Noida,Uttar Pradesh,Online,2023-07-16
MER04244,BookMyShow 4244,Education,Surat,Gujarat,Online,2025-01-04
MER04245,Flipkart 4245,Utilities,Pune,Maharashtra,Online,2021-01-17
MER04246,Myntra 4246,Automotive,Delhi,Delhi,Online,2021-02-21
MER04247,MakeMyTrip 4247,Restaurants,Kolkata,West Bengal,Offline,2023-01-07
MER04248,BigBasket 4248,Ecommerce,Noida, Uttar Pradesh ,Online,2025-05-13
MER04249,Paytm 4249,Food Delivery,Surat,Gujarat,Offline,2024-10-29
MER04250,Amazon India 4250,Electronics,Pune,Maharashtra,Offline,2023-11-26
MER04251,Swiggy 4251,Healthcare,Delhi,Delhi,Online,2021-03-25
MER04252,Reliance Digital 4252,Entertainment,Kolkata,West Bengal,Online,2024-03-14
MER04253,Apollo Pharmacy 4253,Travel,Noida,Uttar Pradesh,Online,2022-03-14
MER04254,BookMyShow 4254,Grocery,Surat,Gujarat,Online,2021-02-20
MER04255,Flipkart 4255,Fashion,Pune,,Online,2021-11-26
MER04256,Myntra 4256,Education,Delhi,Delhi,Online,2021-05-27
MER04257,MakeMyTrip 4257,Utilities,Kolkata,West Bengal,Offline,2025-08-26
MER04258,BigBasket 4258,Automotive,Noida,Uttar Pradesh,Online,2024-07-20
MER04259,Paytm 4259,Restaurants,Surat,Gujarat,Offline,2025-02-06
MER04260,Amazon India 4260,Ecommerce,Pune,Maharashtra,Online,2024-04-17
MER04261,Swiggy 4261,Food Delivery,Delhi,Delhi,Online,2022-07-01
MER04262,Reliance Digital 4262,Electronics,Kolkata,West Bengal,Online,2021-09-24
MER04263,Apollo Pharmacy 4263,Healthcare,Noida,Uttar Pradesh,Offline,2025-03-20
MER04264,BookMyShow 4264,Entertainment,Surat,Gujarat,Online,2022-11-24
MER04265,Flipkart 4265,Travel,Pune,Maharashtra,Offline,2025-01-04
MER04266,Myntra 4266,Grocery,Delhi,Delhi,Offline,2024-12-01
MER04267,MakeMyTrip 4267,Fashion,Kolkata,West Bengal,Offline,2024-10-12
MER04268,BigBasket 4268,Education,Noida,Uttar Pradesh,Online,2025-08-12
MER04269,Paytm 4269,Utilities,Surat,Gujarat,,2022-10-31
MER04270,Amazon India 4270,Automotive,Pune,Maharashtra,Online,2021-08-20
MER04271,Swiggy 4271,Restaurants,Delhi,Delhi,Online,2025-02-13
MER09317,MakeMyTrip 9317,Travel,Kolkata,West Bengal,Offline,2023-03-26
MER04273,Apollo Pharmacy 4273,Food Delivery,Noida,Uttar Pradesh,Offline,2022-04-14
MER04274,BookMyShow 4274,Electronics,Surat,Gujarat,Online,2023-11-09
MER04275,Flipkart 4275,Healthcare,Pune,Maharashtra,Online,2023-02-07
MER04276,Myntra 4276,Entertainment,Delhi,Delhi,Offline,2021-12-17
MER04277,MakeMyTrip 4277,Travel,Kolkata,West Bengal,Online,2022-07-26
MER04278,BigBasket 4278,Grocery,Noida,Uttar Pradesh,Online,2025-02-08
MER04279,Paytm 4279,Fashion,Surat,Gujarat,Online,2024-04-26
MER04280,Amazon India 4280,Education,Pune,Maharashtra,Offline,2024-10-28
MER04281,Swiggy 4281,Utilities,Delhi,Delhi,Online,2024-10-01
MER04282,Reliance Digital 4282,Automotive,Kolkata,West Bengal,Online,2025-08-14
MER04283,Apollo Pharmacy 4283,Restaurants,Noida,Uttar Pradesh,Online,2025-02-14
MER04284,BookMyShow 4284,Ecommerce,Surat,Gujarat,,2022-09-22
MER04285,Flipkart 4285,Food Delivery,Pune,Maharashtra,Online,2025-08-23
MER04286,Myntra 4286,Electronics,Delhi,Delhi,Online,2024-03-13
MER04287,MakeMyTrip 4287,Healthcare,Kolkata,West Bengal,Online,2021-01-15
MER04288,BigBasket 4288,Entertainment,Noida,Uttar Pradesh,Online,2021-05-08
MER04289,Paytm 4289,Travel,Surat,Gujarat,Online,2025-07-17
MER04290,Amazon India 4290,Grocery,Pune,Maharashtra,Online,2025-05-02
MER04291,Swiggy 4291,Fashion,Delhi,Delhi,Offline,2024-07-25
MER04292,,Education,Kolkata,West Bengal,Online,2025-02-26
MER04293,Apollo Pharmacy 4293,Utilities,Noida,uttar pradesh,Offline,2024-02-26
MER04294,BookMyShow 4294,Automotive,Surat,Gujarat,Offline,2024-03-22
MER04295,Flipkart 4295,Restaurants,Pune,Maharashtra,Online,2025-06-10
MER04296,Myntra 4296,Ecommerce,Delhi,Delhi,Offline,2025-04-19
MER04297,MakeMyTrip 4297,Food Delivery,Kolkata,West Bengal,Online,2021-05-27
MER04298,BigBasket 4298,Electronics,Noida,Uttar Pradesh,Offline,2021-04-11
MER04299,Paytm 4299,Healthcare,Surat,Gujarat,Online,2025-03-29
MER04300,Amazon India 4300,Entertainment,Pune,Maharashtra,Online,2025-02-17
MER04301,Swiggy 4301,Travel, Delhi ,Delhi,Offline,2024-08-20
MER04302,Reliance Digital 4302,Grocery,Kolkata,West Bengal,Online,2021-08-25
,Apollo Pharmacy 4303,Fashion,Noida,Uttar Pradesh,Online,2023-03-29
MER04304,,Education,Surat,Gujarat,Online,2025-07-07
MER04305,Flipkart 4305,Utilities,Pune,Maharashtra,Online,2022-12-18
MER04306,Myntra 4306,Automotive,Delhi,Delhi,Offline,2021-07-10
MER06049,Paytm 6049,Food Delivery,Surat,Gujarat,Offline,2024-06-20
MER04308,BigBasket 4308,Ecommerce,Noida,Uttar Pradesh,Online,2024-05-02
MER04309,Paytm 4309,Food Delivery,Surat,Gujarat,Online,
MER04310,Amazon India 4310,Electronics,pune,Maharashtra,Offline,2022-11-20
MER04311,Swiggy 4311,Healthcare,Delhi,Delhi,Online,2021-08-26
MER04312,Reliance Digital 4312,Entertainment,Kolkata,West Bengal,Online,2022-06-18
MER04313,Apollo Pharmacy 4313,Travel,Noida,Uttar Pradesh,Offline,2022-01-10
MER04314,BookMyShow 4314,Grocery,Surat,Gujarat,,2021-03-08
MER04315,Flipkart 4315,Fashion,Pune,Maharashtra,Online,2024-01-02
MER04316,Myntra 4316,Education,Delhi,Delhi,Offline,2023-03-03
MER04317,MakeMyTrip 4317,Utilities,Kolkata,West Bengal,Online,2025-10-01
MER04318,BigBasket 4318,Automotive,Noida,Uttar Pradesh,Offline,2023-10-18
MER04319,Paytm 4319,Restaurants,Surat,Gujarat,Offline,2021-08-13
MER04320,Amazon India 4320,Ecommerce,Pune,Maharashtra,Online,2023-07-06
MER04321,Swiggy 4321,Food Delivery,Delhi,Delhi,Online,2025-06-27
MER04322,Reliance Digital 4322,Electronics,Kolkata,West Bengal,Online,2021-01-04
MER04323,Apollo Pharmacy 4323,Healthcare,Noida,Uttar Pradesh,Offline,2025-01-19
MER04324,BookMyShow 4324,Entertainment,,Gujarat,Online,2025-06-20
MER04325,Flipkart 4325,Travel,Pune,Maharashtra,Online,2022-09-18
MER04326,Myntra 4326,Grocery,Delhi,Delhi,Online,2025-02-23
MER04327,MakeMyTrip 4327,Fashion,Kolkata,West Bengal,Online,2024-04-14
MER04328,BigBasket 4328,Education,Noida,Uttar Pradesh,Offline,2023-01-07
MER04329,Paytm 4329,Utilities,Surat,Gujarat,Offline,2023-03-04
MER04330,Amazon India 4330,Automotive,Pune,Maharashtra,Online,2022-06-18
MER04331,Swiggy 4331,Restaurants,Delhi,Delhi,Offline,2023-07-24
MER04332,Reliance Digital 4332,Ecommerce,Kolkata,West Bengal,Online,2024-06-30
MER04333,Apollo Pharmacy 4333,Food Delivery,Noida,Uttar Pradesh,Online,2021-08-12
MER04334,BookMyShow 4334,Electronics,Surat,Gujarat,Online,2021-10-25
MER04335,Flipkart 4335,Healthcare,Pune,Maharashtra,Online,2025-10-09
MER04336,Myntra 4336,Entertainment,Delhi,Delhi,Offline,2025-08-15
MER04337,MakeMyTrip 4337,Travel,Kolkata,West Bengal,Offline,2023-12-26
MER04338,BigBasket 4338,Grocery,Noida,Uttar Pradesh,Offline,2021-12-10
MER04339,Paytm 4339,Fashion,Surat,Gujarat,Offline,2023-04-09
MER04340,Amazon India 4340,Education,Pune,Maharashtra,Offline,2024-03-16
MER04341,Swiggy 4341,Utilities,Delhi,Delhi,Online,2022-09-18
,Reliance Digital 4342,Automotive,Kolkata,West Bengal,Online,2024-07-30
MER04343,Apollo Pharmacy 4343,Restaurants,Noida, Uttar Pradesh ,Offline,2021-10-15
MER04344,BookMyShow 4344,Ecommerce,surat,Gujarat,Online,2024-06-17
MER04345,Flipkart 4345,Food Delivery,Pune,Maharashtra,Online,
MER04346,Myntra 4346,Electronics,Delhi,Delhi,Offline,2023-10-18
MER04347,MakeMyTrip 4347,Healthcare,Kolkata,West Bengal,Offline,2025-09-22
MER04348,BigBasket 4348,Entertainment,Noida,Uttar Pradesh,Online,2025-12-05
MER04349,Paytm 4349,Travel,Surat,Gujarat,Online,2023-03-10
MER04350,Amazon India 4350,Grocery,Pune,Maharashtra,Online,2022-08-23
MER04351,Swiggy 4351,Fashion,Delhi,Delhi,Online,2024-03-29
MER04352,Reliance Digital 4352,Education,Kolkata,West Bengal,Online,2022-08-05
MER04353,Apollo Pharmacy 4353,Utilities,Noida,Uttar Pradesh,Online,2021-02-05
MER04354,BookMyShow 4354,Automotive,Surat,Gujarat,Online,2021-04-15
MER04355,Flipkart 4355,Restaurants,Pune,Maharashtra,Online,2022-09-28
MER04356,Myntra 4356,Ecommerce,Delhi,delhi,Online,2021-06-29
MER04357,MakeMyTrip 4357,Food Delivery,Kolkata,West Bengal,Offline,2024-12-21
MER04358,BigBasket 4358,Electronics,Noida,Uttar Pradesh,Offline,2025-11-04
MER04359,Paytm 4359,Healthcare,Surat,Gujarat,Online,2022-05-14
MER04360,Amazon India 4360,Entertainment,Pune,Maharashtra,Online,2022-04-14
MER04361,Swiggy 4361,Travel,Delhi,Delhi,Online,2024-11-05
MER04362,Reliance Digital 4362,Grocery,Kolkata,West Bengal,Online,2023-10-22
MER04363,Apollo Pharmacy 4363,Fashion,Noida,Uttar Pradesh,Online,2022-05-28
MER04364,BookMyShow 4364,Education,Surat,Gujarat,Online,2023-04-27
MER04365,Flipkart 4365,Utilities,Pune,,Online,2023-08-31
MER04366,Myntra 4366,Automotive,Delhi,Delhi,Online,2024-02-28
MER04367,MakeMyTrip 4367,Restaurants,Kolkata,West Bengal,Offline,2024-10-23
MER04368,BigBasket 4368,Ecommerce,Noida,Uttar Pradesh,Online,2025-02-20
MER04369,Paytm 4369,Food Delivery,Surat,Gujarat,Online,2023-08-28
MER04370,Amazon India 4370,Electronics,Pune,Maharashtra,Offline,2022-09-06
MER04371,Swiggy 4371,Healthcare,Delhi,Delhi,Online,2025-04-03
MER04372,Reliance Digital 4372,Entertainment,Kolkata,West Bengal,Offline,2022-04-30
MER04373,Apollo Pharmacy 4373,Travel,Noida,Uttar Pradesh,Online,2023-05-09
MER04374,BookMyShow 4374,Grocery,Surat,Gujarat,Offline,2024-08-24
MER04375,Flipkart 4375,,Pune,Maharashtra,Online,2024-04-04
MER04376,Myntra 4376,Education,Delhi,Delhi,Online,2024-09-25
MER04377,MakeMyTrip 4377,Utilities,Kolkata,West Bengal,,2022-05-21
,BigBasket 4378,Automotive,Noida,Uttar Pradesh,Offline,2023-01-04
MER04379,Paytm 4379,Restaurants,Surat,Gujarat,Online,2025-06-23
MER04380,Amazon India 4380,Ecommerce,Pune,maharashtra,Online,2024-05-07
MER04381,Swiggy 4381,Food Delivery,Delhi,Delhi,Online,2021-08-08
MER04382,Reliance Digital 4382,Electronics,Kolkata,West Bengal,Online,2024-08-12
MER04383,Apollo Pharmacy 4383,Healthcare,Noida,Uttar Pradesh, Online ,2024-11-11
MER04384,BookMyShow 4384,Entertainment,Surat,Gujarat,Online,2022-02-06
MER04385,Flipkart 4385,Travel,Pune,Maharashtra,Online,2022-09-09
MER04386,Myntra 4386,Grocery,Delhi,Delhi,Offline,2023-12-11
MER04387,MakeMyTrip 4387,Fashion,Kolkata,West Bengal,Online,2025-04-28
MER04388,BigBasket 4388,Education,Noida,Uttar Pradesh,Offline,2024-11-05
MER04389,Paytm 4389,Utilities,Surat,Gujarat,Online,2021-07-13
MER04390,Amazon India 4390,Automotive,Pune,Maharashtra,Online,2025-06-09
MER04391,Swiggy 4391,Restaurants,Delhi,Delhi,Online,2025-07-30
MER04392,Reliance Digital 4392,Ecommerce,Kolkata,West Bengal,Online,2021-11-30
MER04393,Apollo Pharmacy 4393,Food Delivery,Noida,Uttar Pradesh,Online,2025-10-27
MER04394,BookMyShow 4394,Electronics, Surat ,Gujarat,Offline,2021-06-13
MER04395,Flipkart 4395,Healthcare,Pune,Maharashtra,Online,2023-06-14
MER04396,Myntra 4396,Entertainment,Delhi,Delhi,Online,2022-06-30
MER04397,MakeMyTrip 4397,Travel,Kolkata,West Bengal,Online,2023-03-18
MER04398,BigBasket 4398,Grocery,Noida,Uttar Pradesh,Online,2025-04-11
MER04399,Paytm 4399,Fashion,Surat,Gujarat,Offline,2024-08-10
MER04400,Amazon India 4400,Education,Pune,Maharashtra,Online,2025-10-21
MER04401,Swiggy 4401,Utilities,Delhi,Delhi,Online,2024-01-28
MER04402,Reliance Digital 4402,Automotive,Kolkata,West Bengal,Offline,2024-05-02
MER04403,Apollo Pharmacy 4403,Restaurants,Noida,Uttar Pradesh,Online,2025-09-21
MER04404,BookMyShow 4404,Ecommerce,Surat,Gujarat,Online,2024-04-01
MER04405,Flipkart 4405,Food Delivery,Pune,Maharashtra,Offline,2022-11-01
MER04406,Myntra 4406,Electronics,Delhi,Delhi,Offline,2024-08-01
,MakeMyTrip 4407,Healthcare,Kolkata,West Bengal,Online,2021-04-17
MER04408,BigBasket 4408,Entertainment,Noida,Uttar Pradesh,Online,2022-10-30
MER04409,Paytm 4409,Travel,Surat,Gujarat,Online,2025-02-02
MER04410,Amazon India 4410,Grocery,Pune,Maharashtra,Online,2024-05-01
MER04411,Swiggy 4411,Fashion,Delhi,Delhi,Offline,2022-05-02
MER04412,Reliance Digital 4412,Education,Kolkata,West Bengal,Offline,2025-11-15
MER04413,Apollo Pharmacy 4413,Utilities,Noida,Uttar Pradesh,Online,2025-11-30
MER04414,BookMyShow 4414,Automotive,Surat,Gujarat,Online,2025-11-26
MER04415,Flipkart 4415,Restaurants,Pune,Maharashtra,Online,2024-05-31
MER04416,Myntra 4416,Ecommerce,Delhi,Delhi,Online,2025-05-20
MER04417,MakeMyTrip 4417,Food Delivery,Kolkata,West Bengal,Offline,2021-10-09
MER04418,BigBasket 4418,Electronics,Noida,Uttar Pradesh,Offline,2021-11-28
MER04419,Paytm 4419,Healthcare,Surat,Gujarat,Offline,2022-12-17
MER04420,Amazon India 4420,Entertainment,Pune,Maharashtra,Offline,2022-07-27
MER04421,Swiggy 4421,Travel,Delhi,,Online,2022-07-17
MER04422,Reliance Digital 4422,Grocery,Kolkata,West Bengal,Online,2023-03-21
MER04423,Apollo Pharmacy 4423,,Noida,Uttar Pradesh,Online,2022-01-26
MER04424,BookMyShow 4424,Education,Surat,Gujarat,Offline,2022-02-15
MER04425,Flipkart 4425,Utilities,Pune,Maharashtra,Online,2023-09-15
MER04426,Myntra 4426,Automotive,Delhi,Delhi,Offline,2025-05-17
MER04427,MakeMyTrip 4427,Restaurants,Kolkata,West Bengal,Online,2024-01-18
MER04428,BigBasket 4428,Ecommerce,Noida,Uttar Pradesh,Online,2024-07-02
MER04429,Paytm 4429,Food Delivery,Surat,Gujarat,Online,2024-10-12
MER04430,Amazon India 4430,Electronics,,Maharashtra,Offline,2024-04-26
MER04431,Swiggy 4431,Healthcare,Delhi,Delhi,Online,2022-09-10
MER04432,Reliance Digital 4432,Entertainment,Kolkata,West Bengal,Online,2022-06-27
MER04433,Apollo Pharmacy 4433,Travel,Noida,Uttar Pradesh,Offline,2024-12-12
MER04434,BookMyShow 4434,Grocery,Surat,Gujarat,Offline,2021-08-07
MER04435,Flipkart 4435,Fashion,pune,Maharashtra,Offline,2024-02-05
MER04436,Myntra 4436,Education,,Delhi,Online,2023-10-13
MER04437,MakeMyTrip 4437,Utilities,Kolkata,,Online,2022-10-06
MER04438,BigBasket 4438,Automotive,Noida,Uttar Pradesh,Online,2022-03-30
MER04439,Paytm 4439,Restaurants,Surat,Gujarat,Online,2022-03-19
MER04440,Amazon India 4440,Ecommerce,Pune,Maharashtra,Online,2025-11-15
MER04441,Swiggy 4441,Food Delivery,Delhi,Delhi,Online,2025-05-12
MER04442,Reliance Digital 4442,Electronics,Kolkata,West Bengal,Offline,2025-07-16
MER04443,Apollo Pharmacy 4443,Healthcare,Noida,Uttar Pradesh,Online,2025-07-23
MER04444,BookMyShow 4444,Entertainment,Surat,Gujarat,Offline,2024-02-20
MER04445,Flipkart 4445,Travel,Pune,Maharashtra,Online,2021-10-03
MER04446,Myntra 4446,Grocery,Delhi,Delhi,Online,2021-02-16
MER04447,MakeMyTrip 4447,Fashion,Kolkata,,Online,2021-04-25
MER04448,BigBasket 4448,Education,,Uttar Pradesh,Online,2024-03-21
MER04449,Paytm 4449,Utilities,Surat,Gujarat,Offline,2023-05-10
MER04450,Amazon India 4450,Automotive,Pune,Maharashtra,Offline,2021-11-26
MER04451,Swiggy 4451,Restaurants,Delhi,Delhi,Online,2025-02-14
MER04452,Reliance Digital 4452,Ecommerce,Kolkata, West Bengal ,Online,2023-08-02
MER04453,Apollo Pharmacy 4453,Food Delivery,Noida,Uttar Pradesh,Online,2022-08-07
MER04454,BookMyShow 4454,Electronics,Surat,Gujarat,Offline,2022-11-24
MER04455,Flipkart 4455,Healthcare,Pune,Maharashtra,Online,2025-10-09
MER04456,Myntra 4456,Entertainment,Delhi,Delhi,Online,2024-10-08
MER04457,MakeMyTrip 4457,Travel,Kolkata,West Bengal,Offline,2022-11-10
MER04458,BigBasket 4458,Grocery,Noida,Uttar Pradesh,Offline,2022-11-05
MER04459,Paytm 4459,Fashion,Surat,Gujarat,Online,2024-03-12
MER04460,Amazon India 4460,Education,Pune,Maharashtra,Online,2024-05-29
MER04461,Swiggy 4461,Utilities,Delhi,Delhi,Online,2025-02-20
MER04462,,Automotive,Kolkata,,Online,2023-10-29
MER04463,Apollo Pharmacy 4463,Restaurants,Noida,Uttar Pradesh,Online,2025-10-03
MER04464,BookMyShow 4464,Ecommerce,Surat,Gujarat,Online,2022-03-24
MER04465,Flipkart 4465,Food Delivery,Pune,Maharashtra,Online,2022-06-25
MER04466,Myntra 4466,Electronics,Delhi,DELHI,Offline,2025-05-26
MER04467,MakeMyTrip 4467,Healthcare,Kolkata,West Bengal,,2021-02-02
MER04468,BigBasket 4468,Entertainment,Noida,Uttar Pradesh,Online,2024-01-14
MER04469,Paytm 4469,Travel,Surat,GUJARAT,Online,2023-02-16
MER04470,Amazon India 4470,Grocery,Pune,Maharashtra,Online,2021-04-23
MER04471,Swiggy 4471,Fashion,Delhi,Delhi,Online,2024-03-24
MER04472,Reliance Digital 4472,Education,Kolkata,West Bengal,Online,
MER04473,Apollo Pharmacy 4473,Utilities,Noida,Uttar Pradesh,Online,2022-06-01
MER04474,,Automotive,Surat,gujarat,Online,2021-11-13
MER04475,Flipkart 4475,Restaurants,Pune,Maharashtra,Online,2021-01-06
MER04476,Myntra 4476,Ecommerce,Delhi,Delhi,Online,2025-06-19
,MakeMyTrip 4477,Food Delivery,Kolkata,West Bengal,Offline,2023-04-29
MER04478,BigBasket 4478,Electronics,Noida,Uttar Pradesh,Online,2025-07-25
MER04479,Paytm 4479,Healthcare,Surat,Gujarat,Online,2022-02-20
MER04480,Amazon India 4480,Entertainment,Pune,Maharashtra,Online,2024-09-04
MER04481,Swiggy 4481,Travel,Delhi,Delhi,Online,2021-10-07
MER04482,Reliance Digital 4482,Grocery,Kolkata,West Bengal,Offline,2025-01-28
MER04483,Apollo Pharmacy 4483,Fashion,Noida,Uttar Pradesh,Online,2021-03-14
MER04484,BookMyShow 4484,Education,,Gujarat,Offline,2021-03-24
MER04485,Flipkart 4485,Utilities,Pune,Maharashtra,Online,2024-01-29
MER04486,Myntra 4486,Automotive,Delhi,Delhi,Online,2022-07-07
MER04487,MakeMyTrip 4487,Restaurants,Kolkata,West Bengal,Online,2022-07-09
MER04488,BigBasket 4488,Ecommerce,Noida,Uttar Pradesh,Online,2024-12-15
MER04489,Paytm 4489,Food Delivery,Surat,Gujarat,Online,2024-02-08
MER04490,Amazon India 4490,Electronics,Pune,Maharashtra,Online,2021-08-02
MER04491,Swiggy 4491,Healthcare,Delhi,Delhi,Online,2025-01-02
MER04492,Reliance Digital 4492,Entertainment,Kolkata,West Bengal,Online,2023-01-15
MER04493,Apollo Pharmacy 4493,Travel, Noida ,Uttar Pradesh,Online,2021-02-04
MER04494,BookMyShow 4494,Grocery,Surat,Gujarat,Online,2025-11-06
MER04495,Flipkart 4495,Fashion,Pune,Maharashtra,Online,2025-01-13
MER04496,Myntra 4496,Education,Delhi,Delhi,Online,2021-02-13
MER04497,MakeMyTrip 4497,Utilities,Kolkata,West Bengal,Online,2022-11-04
MER04498,BigBasket 4498,Automotive,Noida,Uttar Pradesh,Offline,2024-06-16
MER04499,Paytm 4499,Restaurants,Surat,Gujarat,Online,2023-07-17
MER04500,Amazon India 4500,Ecommerce,Pune,Maharashtra,Online,2023-08-13
MER04501,Swiggy 4501,Food Delivery,Delhi,,Online,2023-10-24
MER04502,Reliance Digital 4502,Electronics,Kolkata,West Bengal,Offline,2021-11-20
MER04503,Apollo Pharmacy 4503,Healthcare,Noida,Uttar Pradesh,Online,2024-01-16
MER04504,BookMyShow 4504,Entertainment,Surat,Gujarat,Online,2023-10-17
MER04505,Flipkart 4505,Travel,Pune,,Offline,2024-11-07
MER04506,Myntra 4506,Grocery,Delhi,Delhi,Online,2025-02-13
MER04507,MakeMyTrip 4507,Fashion,Kolkata,West Bengal,Offline,2023-03-05
MER04508,BigBasket 4508,Education,Noida,Uttar Pradesh,Online,2022-04-28
MER04509,Paytm 4509,Utilities,Surat,Gujarat,Online,2025-09-11
MER04510,Amazon India 4510,Automotive,Pune,Maharashtra,Offline,2021-02-17
MER04511,Swiggy 4511,Restaurants,Delhi,Delhi,Online,2021-11-19
MER04512,Reliance Digital 4512,Ecommerce,Kolkata,West Bengal,Online,2024-02-07
MER04513,Apollo Pharmacy 4513,Food Delivery,Noida,Uttar Pradesh,Online,2023-01-21
MER04514,BookMyShow 4514,Electronics,,Gujarat,Online,2025-10-17
MER04515,Flipkart 4515,Healthcare,Pune,Maharashtra,Online,2023-10-05
MER04516,Myntra 4516,Entertainment,Delhi,Delhi,Offline,2024-01-11
MER04517,MakeMyTrip 4517,Travel,Kolkata,West Bengal,Online,2025-02-04
MER04518,BigBasket 4518,Grocery,Noida,Uttar Pradesh,Online,2022-11-21
MER04519,Paytm 4519,Fashion,Surat,Gujarat,Online,2022-07-20
MER04520,Amazon India 4520,Education,Pune,Maharashtra,Online,2023-07-31
MER04521,Swiggy 4521,Utilities,Delhi,Delhi,Online,2021-06-24
MER04522,Reliance Digital 4522,Automotive,Kolkata,West Bengal,Online,2023-06-19
MER04523,Apollo Pharmacy 4523,Restaurants,Noida,Uttar Pradesh,Offline,2021-05-04
MER04524,BookMyShow 4524,Ecommerce,Surat,Gujarat,Offline,2021-08-05
MER04525,Flipkart 4525,Food Delivery,Pune,Maharashtra,Online,2021-07-30
MER04526,Myntra 4526,Electronics,Delhi,Delhi,Online,2024-05-14
MER04527,MakeMyTrip 4527,Healthcare,Kolkata,West Bengal,Online,2023-08-30
MER04528,BigBasket 4528,Entertainment,Noida,Uttar Pradesh,Online,2024-09-19
MER04529,Paytm 4529,Travel,Surat,Gujarat,Offline,2024-04-13
MER04530,Amazon India 4530,Grocery,Pune,Maharashtra,Online,2023-10-28
MER04531,Swiggy 4531,Fashion,Delhi,Delhi,Offline,2021-03-13
MER04532,Reliance Digital 4532,Education,Kolkata,West Bengal,Online,2023-10-02
MER04533,Apollo Pharmacy 4533,Utilities,Noida,Uttar Pradesh,Online,2023-08-18
MER04534,BookMyShow 4534,Automotive,Surat,Gujarat,Offline,2023-08-22
MER04535,Flipkart 4535,Restaurants,Pune,Maharashtra,Online,2022-11-02
MER04536,Myntra 4536,Ecommerce,Delhi,Delhi,Offline,
MER04537,MakeMyTrip 4537,Food Delivery,Kolkata,West Bengal,Online,2021-07-22
MER04538,BigBasket 4538,Electronics,Noida,Uttar Pradesh,Online,2022-08-27
MER04539,Paytm 4539,Healthcare,Surat,Gujarat,Offline,2025-01-14
MER04540,Amazon India 4540,Entertainment,Pune,Maharashtra,Online,2022-12-07
MER04541,Swiggy 4541,Travel,Delhi,Delhi,Online,2021-10-19
MER04542,Reliance Digital 4542,Grocery,Kolkata,West Bengal,Offline,2025-07-16
MER04543,Apollo Pharmacy 4543,Fashion,Noida,Uttar Pradesh,Online,2023-07-20
MER04544,BookMyShow 4544,Education,Surat,Gujarat,Online,2021-12-19
MER04545,Flipkart 4545,Utilities,Pune,Maharashtra,Online,2023-02-12
MER04546,Myntra 4546,Automotive,Delhi,Delhi,,
MER04547,MakeMyTrip 4547,Restaurants,Kolkata,West Bengal,Online,2021-02-10
MER04548,BigBasket 4548,Ecommerce,Noida,Uttar Pradesh,Offline,2025-07-16
MER04549,Paytm 4549,Food Delivery,Surat,Gujarat,Online,2022-12-19
MER04550,Amazon India 4550,Electronics,Pune,Maharashtra,Online,2022-08-08
MER04551,Swiggy 4551,Healthcare,Delhi,Delhi,Online,2024-03-10
MER04552,Reliance Digital 4552,Entertainment,Kolkata,West Bengal,Online,2024-09-22
MER04553,Apollo Pharmacy 4553,Travel,Noida,Uttar Pradesh,Online,2023-04-08
MER04554,BookMyShow 4554,Grocery,Surat,Gujarat,online,2021-08-29
MER04555,Flipkart 4555,Fashion,Pune,Maharashtra,Offline,2021-03-27
MER04556,Myntra 4556,Education,Delhi,Delhi,Online,2023-08-16
MER04557,MakeMyTrip 4557,Utilities,Kolkata,,Online,2023-06-09
MER04558,BigBasket 4558,Automotive,Noida,Uttar Pradesh,Online,2024-09-13
MER04559,Paytm 4559,Restaurants,Surat,Gujarat,Offline,2021-07-22
MER04560,Amazon India 4560,Ecommerce,Pune,Maharashtra,Online,2025-03-02
MER04561,Swiggy 4561,Food Delivery,Delhi,Delhi,Offline,2024-02-28
MER04562,Reliance Digital 4562,Electronics,kolkata,West Bengal,Online,2024-03-11
MER04563,Apollo Pharmacy 4563,Healthcare,Noida,Uttar Pradesh,Online,2024-12-21
MER04564,BookMyShow 4564,Entertainment,Surat,Gujarat,Online,2025-08-19
MER04565,Flipkart 4565,Travel,Pune,Maharashtra,Online,2025-02-07
MER04566,Myntra 4566,Grocery,Delhi,Delhi,Online,2023-01-14
MER04567,MakeMyTrip 4567,Fashion,Kolkata,West Bengal,Online,2023-09-30
MER04568,BigBasket 4568,Education,Noida,Uttar Pradesh,Offline,2022-07-30
MER04569,,Utilities,Surat,Gujarat,Offline,2022-05-20
MER04570,Amazon India 4570,Automotive,,Maharashtra,Online,2025-11-20
MER04571,Swiggy 4571,Restaurants,Delhi,Delhi,Online,2021-08-24
MER04572,Reliance Digital 4572,Ecommerce,Kolkata,West Bengal,Online,2023-07-11
MER08587,,Fashion,Kolkata,West Bengal,Online,2021-01-24
MER04574,BookMyShow 4574,Electronics,Surat,Gujarat,Offline,2023-10-08
MER04575,Flipkart 4575,Healthcare,Pune,Maharashtra,Online,2023-07-04
MER04576,Myntra 4576,Entertainment,Delhi,Delhi,Online,2023-10-04
MER04577,MakeMyTrip 4577,Travel,Kolkata,West Bengal,Online,2025-11-29
MER04578,BigBasket 4578,Grocery,Noida,Uttar Pradesh,Offline,2021-09-15
MER04579,Paytm 4579,Fashion,Surat,Gujarat,Offline,2021-12-24
MER04580,Amazon India 4580,Education,Pune,Maharashtra,Online,2023-05-31
MER04581,Swiggy 4581,Utilities,Delhi,Delhi,Online,2025-09-13
MER04582,Reliance Digital 4582,Automotive,Kolkata,West Bengal,Online,2021-11-17
MER04583,Apollo Pharmacy 4583,Restaurants,Noida,Uttar Pradesh,Offline,2022-09-05
MER04584,BookMyShow 4584,Ecommerce,Surat,Gujarat,online,2023-09-20
MER04585,Flipkart 4585,Food Delivery,Pune,Maharashtra,Offline,2021-08-11
MER04586,Myntra 4586,Electronics,Delhi,Delhi,Online,2023-10-20
MER04587,MakeMyTrip 4587,Healthcare,Kolkata,West Bengal,Online,2025-02-10
MER04588,BigBasket 4588,Entertainment,Noida,Uttar Pradesh,Offline,2025-03-06
MER04589,Paytm 4589,Travel,Surat,Gujarat,Offline,2021-04-30
MER04590,Amazon India 4590,Grocery,Pune,maharashtra,Offline,2024-06-10
MER04591,Swiggy 4591,Fashion,Delhi,Delhi,Offline,2023-03-30
MER04592,Reliance Digital 4592,Education,Kolkata,West Bengal,Offline,2025-09-16
MER04593,Apollo Pharmacy 4593,Utilities,Noida,Uttar Pradesh,Online,2021-05-08
MER04594,BookMyShow 4594,Automotive,Surat,Gujarat,Online,2024-05-27
MER04595,Flipkart 4595,Restaurants,Pune,Maharashtra,Online,2022-10-15
MER04596,Myntra 4596,Ecommerce,Delhi,Delhi,Online,2024-11-29
MER04597,MakeMyTrip 4597,Food Delivery,Kolkata,West Bengal,Online,2021-03-23
MER04598,BigBasket 4598,Electronics,Noida,Uttar Pradesh,Offline,2025-10-23
MER04599,Paytm 4599,Healthcare,Surat,Gujarat,Online,2022-09-12
MER04600,Amazon India 4600,Entertainment,Pune,Maharashtra,Online,2021-02-01
MER04601,Swiggy 4601,Travel,Delhi,Delhi,Online,2022-07-26
MER04602,Reliance Digital 4602,Grocery,Kolkata,West Bengal,Online,2022-01-10
MER04603,Apollo Pharmacy 4603,Fashion,Noida,Uttar Pradesh,Online,2021-03-15
MER04604,BookMyShow 4604,Education,Surat,Gujarat,Online,2024-04-16
MER04605,Flipkart 4605,,Pune,Maharashtra,Offline,2024-11-13
MER04606,Myntra 4606,Automotive,Delhi,Delhi,Online,2022-11-26
MER04607,MakeMyTrip 4607,Restaurants,Kolkata,West Bengal,,2023-02-10
MER04608,BigBasket 4608,Ecommerce,Noida,Uttar Pradesh,Online,2023-08-21
MER04609,Paytm 4609,Food Delivery,Surat,Gujarat,Online,2022-01-22
MER04610,Amazon India 4610,Electronics,Pune,Maharashtra,Online,2023-08-17
MER04611,Swiggy 4611,Healthcare,Delhi,Delhi,Online,2023-04-03
MER04612,Reliance Digital 4612,Entertainment,Kolkata,West Bengal,Offline,2022-02-28
MER04613,Apollo Pharmacy 4613,Travel,Noida,Uttar Pradesh,Online,2022-04-21
MER04614,BookMyShow 4614,Grocery,Surat,Gujarat,Online,2025-03-07
MER04615,Flipkart 4615,Fashion,Pune,Maharashtra,Online,2025-09-08
MER04616,Myntra 4616,Education,Delhi,Delhi,OFFLINE,2022-06-24
MER04617,MakeMyTrip 4617,Utilities,Kolkata,West Bengal,Online,2024-10-29
MER04618,BigBasket 4618,Automotive,,Uttar Pradesh,Offline,2021-08-01
MER04619,Paytm 4619,Restaurants,Surat,Gujarat,unknown,2021-02-12
MER04620,Amazon India 4620,Ecommerce,Pune,Maharashtra,Online,2023-06-26
MER04621,Swiggy 4621,Food Delivery,Delhi,Delhi,,2023-06-19
MER04622,,Electronics,Kolkata,West Bengal,Offline,2025-11-15
MER04623,Apollo Pharmacy 4623,Healthcare,Noida,Uttar Pradesh,Online,2023-02-23
MER04624,BookMyShow 4624,Entertainment,Surat,Gujarat,Offline,2025-02-16
MER04625,Flipkart 4625,Travel,PUNE,Maharashtra,Online,2022-03-13
MER04626,Myntra 4626,Grocery,Delhi,Delhi, Online ,2022-04-26
MER04627,MakeMyTrip 4627,Fashion,Kolkata,West Bengal,Offline,2021-03-01
MER04628,BigBasket 4628,Education,Noida,Uttar Pradesh,Online,2022-07-11
MER04629,Paytm 4629,Utilities,,Gujarat,Online,2024-11-03
MER04630,Amazon India 4630,,Pune,Maharashtra,Online,2023-06-12
MER04631,Swiggy 4631,Restaurants,Delhi,DELHI,Offline,2021-07-20
MER04632,Reliance Digital 4632,Ecommerce,Kolkata,West Bengal,Online,2024-07-02
MER04633,Apollo Pharmacy 4633,Food Delivery,Noida,Uttar Pradesh,Online,2025-09-07
MER04634,BookMyShow 4634,Electronics,Surat,Gujarat,Online,2025-01-18
MER04635,Flipkart 4635,Healthcare,Pune,Maharashtra,Online,2021-11-04
MER04636,Myntra 4636,Entertainment,Delhi,Delhi,Offline,2022-11-20
MER04637,MakeMyTrip 4637,,kolkata,West Bengal,Online,
MER04638,BigBasket 4638,Grocery,Noida,Uttar Pradesh,Offline,2025-10-29
MER04639,Paytm 4639,Fashion,Surat,Gujarat,Online,2023-06-11
MER04640,Amazon India 4640,Education,Pune,Maharashtra,Online,2022-09-05
MER04641,Swiggy 4641,Utilities,Delhi,Delhi,Online,2023-05-15
MER04642,Reliance Digital 4642,Automotive,Kolkata,West Bengal,Online,2023-06-05
MER04643,Apollo Pharmacy 4643,Restaurants,Noida,Uttar Pradesh,Offline,2022-05-16
MER04644,BookMyShow 4644,Ecommerce,Surat,Gujarat,Online,2022-12-04
MER04645,Flipkart 4645,Food Delivery,Pune,Maharashtra,Online,2023-04-04
MER04646,Myntra 4646,Electronics,,Delhi,Offline,2023-02-16
MER04647,MakeMyTrip 4647,Healthcare,,West Bengal,Offline,2023-12-17
MER04648,BigBasket 4648,Entertainment,Noida,Uttar Pradesh,Online,2025-02-16
MER04649,Paytm 4649,Travel,Surat,Gujarat,Online,2021-11-08
MER04650,Amazon India 4650,Grocery,Pune,Maharashtra,Offline,2022-12-18
MER04651,Swiggy 4651,Fashion,Delhi,Delhi,Online,2023-10-22
MER04652,Reliance Digital 4652,Education,Kolkata, West Bengal ,Offline,2024-10-03
MER04653,Apollo Pharmacy 4653,Utilities,Noida,Uttar Pradesh,Offline,2021-11-10
MER04654,BookMyShow 4654,Automotive,Surat,Gujarat,Online,2021-10-26
MER04655,Flipkart 4655,Restaurants,Pune,Maharashtra,Online,2022-08-19
MER04656,Myntra 4656,Ecommerce,Delhi,Delhi,Online,2023-03-02
MER04657,MakeMyTrip 4657,Food Delivery,Kolkata,West Bengal,Online,2024-07-21
MER04658,BigBasket 4658,Electronics,Noida,Uttar Pradesh,Online,2022-06-19
MER04659,Paytm 4659,Healthcare,Surat,Gujarat,Online,2023-12-26
MER04660,Amazon India 4660,Entertainment,Pune,Maharashtra,Online,2024-06-12
MER04661,Swiggy 4661,Travel,Delhi,Delhi,Offline,2024-12-29
,Reliance Digital 4662,Grocery, Kolkata ,West Bengal,Online,2022-08-09
MER04663,Apollo Pharmacy 4663,Fashion,Noida,Uttar Pradesh,Online,2022-06-15
MER04664,BookMyShow 4664,Education,Surat,Gujarat,Online,2025-07-23
MER04665,Flipkart 4665,Utilities,Pune,Maharashtra,Offline,2023-03-18
MER04666,Myntra 4666,Automotive,Delhi,Delhi,Offline,2021-02-03
MER04667,MakeMyTrip 4667,Restaurants,Kolkata,West Bengal,Online,2024-03-29
MER04668,BigBasket 4668,Ecommerce,Noida,Uttar Pradesh,Online,2025-11-16
MER04669,Paytm 4669,Food Delivery,Surat,Gujarat,Online,2023-12-22
MER04670,Amazon India 4670,Electronics,Pune,Maharashtra,Online,2024-07-08
MER04671,Swiggy 4671,Healthcare,Delhi,Delhi,Online,2022-03-30
MER04672,Reliance Digital 4672,Entertainment,Kolkata,West Bengal,Online,2022-09-11
MER04673,Apollo Pharmacy 4673,Travel,Noida,Uttar Pradesh,Online,2024-04-04
MER04674,BookMyShow 4674,Grocery,Surat,Gujarat,Online,2021-11-13
MER04675,Flipkart 4675,Fashion,Pune,Maharashtra,Online,2021-04-03
MER04676,Myntra 4676,Education,Delhi,Delhi,Online,2023-09-15
MER04677,MakeMyTrip 4677,Utilities,Kolkata,West Bengal,Online,2022-01-16
MER04678,BigBasket 4678,,Noida,Uttar Pradesh,Online,2025-09-26
MER04679,Paytm 4679,Restaurants,Surat,Gujarat,Offline,2022-03-19
MER04680,Amazon India 4680,Ecommerce,Pune,Maharashtra,Online,2025-06-14
MER04681,Swiggy 4681,Food Delivery,Delhi,Delhi,Online,2021-10-03
MER04682,Reliance Digital 4682,Electronics,Kolkata,West Bengal,unknown,2021-12-13
MER04683,Apollo Pharmacy 4683,Healthcare,Noida,Uttar Pradesh,Online,2024-12-16
MER04684,BookMyShow 4684,Entertainment,Surat,Gujarat,Online,2024-08-26
MER04685,Flipkart 4685,Travel,Pune,Maharashtra,Offline,2021-06-06
MER04686,Myntra 4686,Grocery,Delhi,Delhi,Online,2024-08-30
MER04687,MakeMyTrip 4687,Fashion,Kolkata,West Bengal,Online,2021-05-13
MER04688,BigBasket 4688,Education,Noida,Uttar Pradesh,Offline,2024-12-29
MER04689,Paytm 4689,Utilities,Surat,Gujarat,Online,2023-05-29
MER04690,Amazon India 4690,Automotive,Pune,Maharashtra,Online,2024-11-08
MER04691,Swiggy 4691,Restaurants,Delhi,Delhi,Online,2021-05-20
MER04692,Reliance Digital 4692,Ecommerce,Kolkata,West Bengal,Offline,2025-07-18
MER04693,Apollo Pharmacy 4693,Food Delivery,Noida,Uttar Pradesh,Online,2025-05-22
MER04694,BookMyShow 4694,Electronics,Surat,Gujarat,Offline,2023-04-17
MER04695,Flipkart 4695,Healthcare,Pune,Maharashtra,Offline,2022-01-24
MER04696,Myntra 4696,Entertainment,Delhi,Delhi,Offline,2021-02-01
MER04697,MakeMyTrip 4697,Travel,Kolkata,West Bengal,Online,2023-01-25
MER04698,BigBasket 4698,Grocery,Noida,Uttar Pradesh,Offline,2022-01-19
MER04699,Paytm 4699,Fashion,Surat,Gujarat,Offline,2024-09-09
MER04700,Amazon India 4700,Education,Pune,Maharashtra,Offline,2022-01-30
MER04701,Swiggy 4701,Utilities,Delhi,Delhi,Offline,2022-10-20
MER04702,Reliance Digital 4702,Automotive,Kolkata,West Bengal,Online,2023-05-28
MER04703,Apollo Pharmacy 4703,Restaurants,Noida,Uttar Pradesh,Online,2022-02-17
MER04704,BookMyShow 4704,Ecommerce,,Gujarat,Online,2023-02-05
MER04705,Flipkart 4705,Food Delivery,Pune,Maharashtra,Online,2023-03-14
MER04706,Myntra 4706,Electronics,Delhi,Delhi,Online,2024-01-30
MER04707,MakeMyTrip 4707,Healthcare,Kolkata,West Bengal,Online,2024-03-06
MER04708,BigBasket 4708,Entertainment,Noida,Uttar Pradesh,Online,2021-12-14
MER04709,Paytm 4709,Travel,Surat,Gujarat,Online,2022-10-16
MER04710,Amazon India 4710,Grocery,Pune,Maharashtra,Online,2021-03-16
MER04711,Swiggy 4711,Fashion,Delhi,Delhi,Offline,2022-09-19
MER04712,Reliance Digital 4712,Education,Kolkata,West Bengal,Online,2023-09-02
MER04713,Apollo Pharmacy 4713,Utilities,Noida,Uttar Pradesh,Online,2025-01-18
MER04714,BookMyShow 4714,Automotive,Surat,Gujarat,Online,2022-12-15
MER01936,Myntra 1936,Entertainment,Delhi,Delhi,Offline,2022-03-11
MER04716,Myntra 4716,Ecommerce,Delhi,Delhi,Online,2024-01-18
MER04717,MakeMyTrip 4717,Food Delivery,Kolkata,West Bengal,Online,2021-03-03
MER04718,BigBasket 4718,Electronics,Noida,Uttar Pradesh,Online,2021-04-16
MER04719,Paytm 4719,Healthcare,Surat,Gujarat,Offline,2021-07-24
MER04720,Amazon India 4720,Entertainment,Pune,Maharashtra,Online,2022-04-03
MER04721,Swiggy 4721,Travel,Delhi,Delhi,Online,2025-04-06
MER04722,Reliance Digital 4722,Grocery,Kolkata,West Bengal,Online,2024-01-28
MER04723,Apollo Pharmacy 4723,Fashion,Noida,Uttar Pradesh,Online,2021-03-25
MER04724,BookMyShow 4724,Education,Surat,Gujarat,Online,2025-06-27
MER04725,Flipkart 4725,Utilities,Pune,Maharashtra,Offline,2022-09-08
MER04726,Myntra 4726,Automotive,Delhi,Delhi,Offline,2021-09-15
MER04727,MakeMyTrip 4727,Restaurants,Kolkata,West Bengal,Online,2025-11-04
MER04728,BigBasket 4728,Ecommerce,Noida,Uttar Pradesh,Offline,2025-06-23
MER04729,Paytm 4729,Food Delivery,Surat,Gujarat,Online,2024-02-29
MER04730,Amazon India 4730,Electronics,Pune,Maharashtra,Offline,2021-07-09
MER04731,Swiggy 4731,Healthcare,Delhi,Delhi,Online,2022-02-17
MER04732,Reliance Digital 4732,Entertainment,Kolkata,West Bengal,Online,2021-12-22
MER04733,Apollo Pharmacy 4733,Travel,Noida,Uttar Pradesh,Online,2022-12-04
MER04734,BookMyShow 4734,Grocery,Surat,Gujarat,Online,2023-09-06
MER04735,Flipkart 4735,Fashion,Pune,Maharashtra,Offline,2024-07-05
MER04736,Myntra 4736,Education,Delhi,Delhi,Online,2024-01-01
MER04737,MakeMyTrip 4737,Utilities,Kolkata,West Bengal,Online,2022-03-30
MER04738,BigBasket 4738,Automotive,Noida,Uttar Pradesh,Online,2023-10-12
MER04739,Paytm 4739,Restaurants,Surat,Gujarat,Online,2021-04-23
MER04740,Amazon India 4740,Ecommerce,Pune,Maharashtra,Online,2025-03-16
MER04741,Swiggy 4741,Food Delivery,Delhi,Delhi,Offline,2023-05-10
MER04742,Reliance Digital 4742,Electronics,Kolkata,West Bengal,Offline,2024-07-13
MER04743,Apollo Pharmacy 4743,Healthcare,Noida,Uttar Pradesh,Online,2025-03-28
MER04744,,Entertainment,Surat,Gujarat,Offline,2025-03-05
MER04745,Flipkart 4745,Travel,Pune,Maharashtra,Online,2024-01-28
MER04746,Myntra 4746,Grocery,Delhi,Delhi,Online,2024-09-05
MER04747,MakeMyTrip 4747,Fashion,Kolkata,West Bengal,Online,2021-07-18
MER04748,BigBasket 4748,Education,Noida,Uttar Pradesh,Online,2022-03-29
MER04749,Paytm 4749,Utilities,,Gujarat,Offline,2023-02-10
MER04750,Amazon India 4750,Automotive,Pune,Maharashtra,Offline,2021-02-10
MER04751,Swiggy 4751,Restaurants,Delhi,Delhi,Online,2025-08-26
MER04752,Reliance Digital 4752,Ecommerce,Kolkata,West Bengal,Online,2024-08-18
,Apollo Pharmacy 4753,Food Delivery,Noida,UTTAR PRADESH,Offline,2021-06-30
MER04754,BookMyShow 4754,,Surat,Gujarat,Offline,2022-05-15
MER04755,Flipkart 4755,,Pune,Maharashtra,Online,2025-08-30
MER04756,Myntra 4756,Entertainment,Delhi,Delhi,Online,2023-02-17
MER04757,MakeMyTrip 4757,Travel,Kolkata,West Bengal,Offline,2022-03-21
MER04758,BigBasket 4758,Grocery,Noida,Uttar Pradesh,Offline,2023-06-16
MER04759,Paytm 4759,Fashion,Surat,Gujarat,unknown,2023-10-31
MER04760,Amazon India 4760,Education,Pune,Maharashtra,Online,2022-03-30
MER04761,Swiggy 4761,Utilities,Delhi,Delhi,Online,2021-04-07
MER04762,Reliance Digital 4762,Automotive,Kolkata,West Bengal,Online,2023-08-09
MER04763,Apollo Pharmacy 4763,,Noida,UTTAR PRADESH,Online,2024-08-05
MER04764,BookMyShow 4764,Ecommerce,Surat,Gujarat,Online,2021-02-28
MER04765,,Food Delivery,Pune,Maharashtra,Online,2022-12-04
MER04766,Myntra 4766,Electronics,Delhi,Delhi,Online,2022-12-18
MER04767,MakeMyTrip 4767,Healthcare,Kolkata,West Bengal,Offline,2024-11-13
MER04768,BigBasket 4768,Entertainment, Noida ,Uttar Pradesh,Online,
MER04769,Paytm 4769,Travel,Surat,Gujarat,Online,2025-09-23
MER04770,Amazon India 4770,Grocery,Pune,Maharashtra,Online,2022-03-13
MER04771,Swiggy 4771,Fashion,Delhi,Delhi,Online,2023-12-20
MER04772,Reliance Digital 4772,Education,Kolkata,West Bengal,Offline,2021-02-27
MER05110,Amazon India 5110,Automotive,Pune,Maharashtra,Offline,2023-04-22
MER04774,BookMyShow 4774,Automotive,Surat,Gujarat,online,2021-12-15
MER04775,Flipkart 4775,Restaurants,Pune,Maharashtra,Online,2021-08-27
MER04776,Myntra 4776,Ecommerce,Delhi,Delhi,Online,2024-07-07
MER04777,MakeMyTrip 4777,Food Delivery,Kolkata,West Bengal,Offline,2022-01-12
MER04778,BigBasket 4778,Electronics,Noida,Uttar Pradesh,Online,2023-01-09
MER04779,Paytm 4779,Healthcare,,Gujarat,Online,2023-07-04
MER04780,Amazon India 4780,Entertainment,Pune,Maharashtra,Online,2025-10-14
MER04781,Swiggy 4781,Travel,Delhi,Delhi,Online,2021-02-07
MER04782,Reliance Digital 4782,Grocery,Kolkata,West Bengal,Offline,2025-09-24
MER04783,Apollo Pharmacy 4783,Fashion,Noida,Uttar Pradesh,Online,2024-02-09
MER04784,BookMyShow 4784,Education,Surat,Gujarat,Offline,2024-01-31
MER04785,Flipkart 4785,,Pune,,Online,2022-09-02
MER04786,Myntra 4786,Automotive,Delhi,Delhi,Online,2025-08-28
MER04787,MakeMyTrip 4787,Restaurants,Kolkata,West Bengal,Online,2024-03-29
MER04788,BigBasket 4788,Ecommerce,Noida,Uttar Pradesh,Online,2021-10-06
MER04789,Paytm 4789,Food Delivery,Surat,Gujarat,Online,2021-11-05
MER04790,Amazon India 4790,Electronics,Pune,Maharashtra,Online,2021-03-09
,Swiggy 4791,Healthcare,Delhi,Delhi,Online,2025-04-12
MER04792,Reliance Digital 4792,Entertainment,Kolkata,West Bengal,Online,2025-04-28
MER04793,Apollo Pharmacy 4793,Travel,Noida,Uttar Pradesh,Offline,2025-09-26
MER04794,BookMyShow 4794,Grocery,Surat,Gujarat,Online,2021-08-16
MER04795,Flipkart 4795,,Pune,Maharashtra,Online,2025-10-06
MER04796,Myntra 4796,Education,Delhi,Delhi,Offline,2024-10-16
,MakeMyTrip 4797,Utilities,Kolkata,West Bengal,Offline,2025-04-17
MER04798,BigBasket 4798,Automotive,Noida,Uttar Pradesh,Offline,2025-06-12
MER04799,Paytm 4799,Restaurants,Surat,Gujarat,Online,2021-05-16
MER04800,Amazon India 4800,Ecommerce,Pune,MAHARASHTRA,Offline,2021-08-04
MER04801,Swiggy 4801,Food Delivery,Delhi,Delhi,Online,2022-12-09
MER04802,Reliance Digital 4802,Electronics,Kolkata,West Bengal,Offline,2023-01-08
MER04803,,Healthcare,Noida,Uttar Pradesh,Offline,2025-01-10
MER04804,BookMyShow 4804,Entertainment,Surat,Gujarat,Online,2024-02-23
MER04805,Flipkart 4805,Travel,Pune,Maharashtra,Offline,2021-03-11
MER04806,Myntra 4806,Grocery,Delhi,Delhi,Online,2021-04-25
MER04807,MakeMyTrip 4807,Fashion,Kolkata,West Bengal,Online,2025-06-17
MER04808,BigBasket 4808,Education,Noida,Uttar Pradesh,Online,2021-01-08
MER04809,Paytm 4809,Utilities,Surat,Gujarat,Online,2022-10-09
MER04810,Amazon India 4810,Automotive,Pune,Maharashtra,Offline,2023-11-27
MER04811,Swiggy 4811,Restaurants,Delhi,Delhi,Online,2024-04-21
MER04812,Reliance Digital 4812,Ecommerce,Kolkata,West Bengal,Online,2025-01-25
MER04813,Apollo Pharmacy 4813,Food Delivery,Noida,Uttar Pradesh,Online,2022-10-13
MER04814,BookMyShow 4814,Electronics,Surat,Gujarat,Offline,2021-09-05
MER02558,BigBasket 2558,Electronics,Noida,Uttar Pradesh,Offline,2024-06-17
MER04816,Myntra 4816,Entertainment,Delhi,Delhi,Offline,2025-07-09
MER04817,MakeMyTrip 4817,Travel,Kolkata,West Bengal,Online,2025-05-07
MER04818,BigBasket 4818,Grocery,Noida,Uttar Pradesh,Online,2024-05-11
MER04819,Paytm 4819,Fashion,Surat,Gujarat,Online,2024-07-21
MER04820,Amazon India 4820,Education, Pune ,Maharashtra,Online,2023-11-26
MER04821,Swiggy 4821,Utilities,Delhi,Delhi,Online,2021-06-08
MER04822,Reliance Digital 4822,Automotive,Kolkata,West Bengal,Online,2023-11-26
MER04823,Apollo Pharmacy 4823,,Noida,Uttar Pradesh,Online,2021-03-26
MER04824,BookMyShow 4824,Ecommerce,Surat,Gujarat,Offline,2025-06-27
MER04825,Flipkart 4825,Food Delivery,Pune,Maharashtra,Online,2025-02-13
MER04826,Myntra 4826,Electronics,Delhi,Delhi,Online,2022-03-04
MER04827,MakeMyTrip 4827,Healthcare,Kolkata,West Bengal,Offline,2022-05-02
MER09438,BigBasket 9438,Grocery,Noida,Uttar Pradesh,Online,2021-03-12
MER04829,Paytm 4829,Travel,Surat,Gujarat,Online,2024-01-29
MER04830,Amazon India 4830,Grocery,Pune,Maharashtra,Online,2022-09-21
MER04831,Swiggy 4831,Fashion,Delhi,Delhi,Offline,2021-04-26
MER00452,Reliance Digital 452,Education,Kolkata,West Bengal,Offline,2025-08-16
MER04833,Apollo Pharmacy 4833,Utilities,Noida,Uttar Pradesh,Online,2022-06-05
MER04834,BookMyShow 4834,Automotive,Surat,Gujarat,Online,2025-02-11
MER04835,Flipkart 4835,Restaurants,Pune,Maharashtra,Offline,2022-10-30
MER04836,Myntra 4836,Ecommerce,Delhi,Delhi,Online,2024-06-27
MER04837,MakeMyTrip 4837,Food Delivery,Kolkata,West Bengal,online,2022-08-09
MER04838,BigBasket 4838,Electronics,Noida,Uttar Pradesh,Online,2025-10-21
MER04839,Paytm 4839,Healthcare,Surat,Gujarat,Offline,2021-06-06
MER04840,Amazon India 4840,Entertainment,Pune,Maharashtra,Offline,2022-07-30
MER04841,Swiggy 4841,Travel,Delhi,Delhi,Online,2025-06-10
MER04842,Reliance Digital 4842,Grocery,Kolkata,West Bengal,Online,2021-09-17
MER04843,Apollo Pharmacy 4843,Fashion,Noida,Uttar Pradesh,unknown,2022-03-24
MER04844,BookMyShow 4844,Education,Surat,GUJARAT,Offline,2021-10-12
MER04845,,Utilities,Pune,Maharashtra,Online,2023-12-01
MER04846,Myntra 4846,Automotive,Delhi,Delhi,Online,2022-10-16
MER04847,MakeMyTrip 4847,Restaurants,Kolkata,West Bengal,Online,2024-05-10
MER04848,BigBasket 4848,Ecommerce,Noida,UTTAR PRADESH,Online,
MER04849,Paytm 4849,Food Delivery,Surat,Gujarat,Online,2025-07-28
MER04850,Amazon India 4850,Electronics,Pune,Maharashtra,Online,2022-01-23
MER04851,Swiggy 4851,Healthcare,Delhi,Delhi,Online,2023-12-04
MER04852,Reliance Digital 4852,Entertainment,Kolkata,West Bengal,Online,2024-04-04
MER04853,Apollo Pharmacy 4853,Travel,Noida,Uttar Pradesh,Online,2024-08-29
MER04854,BookMyShow 4854,Grocery,Surat,Gujarat,Offline,2023-07-06
MER04855,Flipkart 4855,Fashion,Pune,,Offline,2024-03-31
MER04856,Myntra 4856,Education,Delhi,Delhi,Online,2021-10-06
MER04857,MakeMyTrip 4857,Utilities,Kolkata,West Bengal,Offline,2021-07-12
MER04858,BigBasket 4858,Automotive,Noida,Uttar Pradesh,Online,2024-11-13
MER04859,Paytm 4859,Restaurants,Surat,Gujarat,Online,2024-01-20
MER04860,Amazon India 4860,Ecommerce,Pune,Maharashtra,Online,
MER04861,Swiggy 4861,Food Delivery,Delhi,Delhi,Online,2023-04-19
MER04862,Reliance Digital 4862,Electronics,Kolkata,West Bengal,Offline,2021-07-06
MER04863,Apollo Pharmacy 4863,Healthcare,Noida,Uttar Pradesh,Online,2023-07-11
MER04864,BookMyShow 4864,Entertainment,Surat,Gujarat,Online,2024-03-31
,Flipkart 4865,Travel,Pune,Maharashtra,Online,2024-08-24
MER04866,Myntra 4866,Grocery,Delhi,Delhi,Online,2025-08-24
MER04867,MakeMyTrip 4867,Fashion,Kolkata,West Bengal,Online,2025-02-15
MER04868,BigBasket 4868,Education,Noida,Uttar Pradesh,Offline,2022-08-18
MER04869,Paytm 4869,Utilities,Surat,Gujarat,Offline,2024-03-09
MER04870,Amazon India 4870,Automotive,Pune,Maharashtra,Offline,2024-11-09
MER04871,Swiggy 4871,Restaurants,Delhi,,Online,2024-05-12
MER04872,Reliance Digital 4872,Ecommerce,Kolkata,West Bengal,Offline,2021-07-25
MER04873,Apollo Pharmacy 4873,Food Delivery,Noida,Uttar Pradesh,Online,2021-01-02
MER04874,BookMyShow 4874,Electronics,Surat,Gujarat,Online,2023-11-10
MER04875,Flipkart 4875,Healthcare,Pune,Maharashtra,Online,2021-09-24
MER04876,Myntra 4876,Entertainment,Delhi,Delhi,Online,2022-07-05
MER04877,MakeMyTrip 4877,Travel,Kolkata,,Online,2021-05-01
MER04878,BigBasket 4878,Grocery,Noida,Uttar Pradesh,Online,2022-12-16
MER04879,Paytm 4879,Fashion,Surat,Gujarat,Online,2025-08-20
MER04880,Amazon India 4880,Education,Pune,Maharashtra,Offline,
MER04881,Swiggy 4881,Utilities,Delhi,Delhi,Online,2025-07-11
MER04882,Reliance Digital 4882,Automotive,Kolkata,West Bengal,Online,2021-11-17
MER04883,Apollo Pharmacy 4883,Restaurants,Noida,Uttar Pradesh,Online,2023-04-01
MER04884,BookMyShow 4884,Ecommerce,Surat,Gujarat,Online,2025-04-24
MER04885,Flipkart 4885,Food Delivery,Pune,Maharashtra,Online,2023-02-03
MER04886,Myntra 4886,Electronics,Delhi,Delhi,Online,2024-08-04
MER04887,MakeMyTrip 4887,Healthcare,Kolkata,West Bengal,Online,2021-03-26
MER04888,BigBasket 4888,Entertainment,Noida,Uttar Pradesh,Online,2025-08-22
MER04889,Paytm 4889,Travel,Surat,Gujarat,Offline,2022-07-17
MER04890,Amazon India 4890,Grocery,Pune,Maharashtra,Online,2022-01-30
MER04891,Swiggy 4891,Fashion,Delhi,Delhi,Online,2024-08-10
MER04892,Reliance Digital 4892,Education,Kolkata,West Bengal,Online,2025-05-23
MER04893,Apollo Pharmacy 4893,,Noida,Uttar Pradesh,Offline,2022-09-29
MER04894,BookMyShow 4894,Automotive,Surat,Gujarat,Online,2023-01-15
MER04895,Flipkart 4895,Restaurants,Pune,Maharashtra,Online,2024-10-31
MER04896,Myntra 4896,Ecommerce,Delhi,Delhi,Online,2023-09-06
MER04897,MakeMyTrip 4897,Food Delivery,Kolkata,West Bengal,Online,2023-10-16
MER04898,BigBasket 4898,Electronics,Noida,Uttar Pradesh,Offline,2025-06-01
MER04899,Paytm 4899,Healthcare,Surat,Gujarat,Online,2024-10-15
MER04900,Amazon India 4900,Entertainment,Pune,Maharashtra,Online,2023-02-04
MER04901,Swiggy 4901,Travel,Delhi,Delhi,Online,2025-11-09
MER04902,Reliance Digital 4902,Grocery,Kolkata,West Bengal,Offline,2024-08-30
MER04903,Apollo Pharmacy 4903,Fashion,Noida,Uttar Pradesh,Online,2021-12-09
MER04904,BookMyShow 4904,Education,Surat,Gujarat,Online,2023-01-12
MER04905,Flipkart 4905,Utilities,Pune,Maharashtra,Online,2024-09-27
MER04906,Myntra 4906,Automotive,Delhi,Delhi,Offline,2024-07-21
MER04907,MakeMyTrip 4907,Restaurants,Kolkata,West Bengal,Online,2024-04-29
MER04908,BigBasket 4908,Ecommerce,Noida,Uttar Pradesh,Online,2024-05-21
MER04909,Paytm 4909,Food Delivery,Surat,Gujarat,Offline,2022-06-16
MER04910,Amazon India 4910,Electronics,Pune,Maharashtra,Online,2024-06-22
MER04911,Swiggy 4911,Healthcare,Delhi,Delhi,Online,2022-08-23
MER04912,Reliance Digital 4912,Entertainment,Kolkata,West Bengal,Online,2022-02-09
MER04913,Apollo Pharmacy 4913,Travel,Noida,Uttar Pradesh,Online,2022-09-08
MER04914,BookMyShow 4914,Grocery,Surat,Gujarat,Online,2022-04-23
,Flipkart 4915,Fashion,Pune,Maharashtra,Online,2025-07-29
MER04916,Myntra 4916,Education,Delhi,Delhi,Online,2025-10-21
MER04917,MakeMyTrip 4917,Utilities,Kolkata,West Bengal,Online,2024-04-21
MER04918,,Automotive,Noida,Uttar Pradesh,Offline,2021-02-18
MER04919,Paytm 4919,Restaurants,Surat,Gujarat,Online,2021-02-22
MER04920,Amazon India 4920,Ecommerce,Pune,Maharashtra,Online,2023-02-09
MER04921,Swiggy 4921,Food Delivery,Delhi,Delhi,Online,2025-02-23
MER04922,Reliance Digital 4922,Electronics,Kolkata,West Bengal,Offline,2022-06-08
MER04923,Apollo Pharmacy 4923,Healthcare,Noida,Uttar Pradesh,Offline,2023-04-12
MER04924,BookMyShow 4924,Entertainment,Surat,Gujarat,Online,2021-04-28
MER04925,Flipkart 4925,Travel,Pune,Maharashtra,Online,2023-04-15
MER04926,Myntra 4926,Grocery,Delhi,Delhi,Online,2024-08-18
MER04927,MakeMyTrip 4927,Fashion,Kolkata,West Bengal,Online,2022-07-26
MER04928,BigBasket 4928,Education,,Uttar Pradesh,Online,2025-04-23
MER04929,Paytm 4929,Utilities,Surat,Gujarat,Offline,2023-04-15
MER04930,Amazon India 4930,Automotive,Pune,Maharashtra,Offline,2021-10-05
MER04931,Swiggy 4931,Restaurants,Delhi,Delhi,Offline,2024-04-19
MER04932,Reliance Digital 4932,Ecommerce,Kolkata,West Bengal,Online,2022-09-13
MER04933,Apollo Pharmacy 4933,Food Delivery,Noida,Uttar Pradesh,Offline,2024-02-10
MER04934,BookMyShow 4934,Electronics,Surat,Gujarat,Online,2024-10-01
MER04935,Flipkart 4935,Healthcare,Pune,Maharashtra,Offline,2025-12-01
MER04936,Myntra 4936,Entertainment,Delhi,Delhi,Online,2023-08-05
MER04937,MakeMyTrip 4937,Travel,Kolkata,West Bengal,Online,2021-04-15
MER04938,BigBasket 4938,Grocery,Noida,Uttar Pradesh,Online,2021-01-13
MER04939,Paytm 4939,Fashion,Surat,Gujarat,Online,2023-08-24
MER04940,Amazon India 4940,Education,Pune,Maharashtra,Online,2022-09-17
MER04941,Swiggy 4941,Utilities,Delhi,Delhi,Online,2024-12-30
MER04942,Reliance Digital 4942,Automotive,Kolkata,West Bengal,Online,2023-07-20
MER04943,Apollo Pharmacy 4943,Restaurants,Noida,Uttar Pradesh,Online,2025-06-20
MER04944,BookMyShow 4944,Ecommerce,Surat,Gujarat,Offline,2021-03-17
MER04945,Flipkart 4945,Food Delivery,Pune,Maharashtra,Online,2023-09-27
MER04946,Myntra 4946,Electronics,Delhi,Delhi,Offline,2024-09-29
MER04947,MakeMyTrip 4947,Healthcare,Kolkata,West Bengal,Online,2024-07-11
MER04948,BigBasket 4948,Entertainment,Noida,Uttar Pradesh,Online,2022-07-23
MER04949,Paytm 4949,Travel,Surat,Gujarat,Online,2021-12-12
MER04950,Amazon India 4950,Grocery,Pune,Maharashtra,Online,2025-07-25
MER04951,Swiggy 4951,Fashion,Delhi,Delhi,Offline,2022-11-26
MER04952,Reliance Digital 4952,Education,Kolkata,West Bengal,Offline,2024-12-20
MER04953,Apollo Pharmacy 4953,Utilities,Noida,Uttar Pradesh,Online,2022-01-07
MER04954,BookMyShow 4954,Automotive,Surat,Gujarat,Offline,2025-07-25
MER04955,Flipkart 4955,Restaurants,Pune,Maharashtra,Offline,2021-03-06
MER04956,Myntra 4956,Ecommerce,Delhi,Delhi,Online,2025-08-12
MER04957,MakeMyTrip 4957,Food Delivery,Kolkata,West Bengal,Online,2022-05-16
MER04958,BigBasket 4958,Electronics,Noida,Uttar Pradesh,Offline,2023-08-13
MER04959,Paytm 4959,Healthcare,Surat,Gujarat,Online,2025-05-25
MER04960,Amazon India 4960,Entertainment,Pune,Maharashtra,Online,2022-07-17
MER04961,Swiggy 4961,Travel,Delhi,Delhi,Online,2025-02-22
MER04962,Reliance Digital 4962,Grocery,Kolkata,West Bengal,Online,2024-07-12
MER04963,Apollo Pharmacy 4963,Fashion,Noida,Uttar Pradesh,Online,2023-10-18
MER04964,BookMyShow 4964,Education,Surat,Gujarat,Online,2023-06-13
MER04965,Flipkart 4965,Utilities,Pune,Maharashtra,Online,
MER04966,Myntra 4966,Automotive,Delhi,Delhi,Offline,2024-09-17
MER04967,MakeMyTrip 4967,Restaurants,Kolkata,West Bengal,Online,2023-02-13
MER04968,BigBasket 4968,Ecommerce,Noida,Uttar Pradesh,Online,2022-02-27
MER04969,Paytm 4969,Food Delivery,Surat,Gujarat,Online,2021-04-13
MER04970,Amazon India 4970,Electronics,Pune,Maharashtra,Online,2023-07-18
MER04971,Swiggy 4971,Healthcare,Delhi,Delhi,Offline,2023-07-27
MER04972,Reliance Digital 4972,Entertainment,Kolkata,West Bengal,Offline,2024-12-26
MER04973,Apollo Pharmacy 4973,Travel,Noida,Uttar Pradesh,Offline,2023-12-21
MER04974,BookMyShow 4974,Grocery,Surat,Gujarat,Online,2023-10-28
MER04975,Flipkart 4975,Fashion,Pune,Maharashtra,Online,2021-11-06
MER04976,Myntra 4976,Education,Delhi,Delhi,Online,2021-08-04
MER04977,MakeMyTrip 4977,Utilities,Kolkata,West Bengal,Online,2021-06-01
MER04978,BigBasket 4978,Automotive,Noida,Uttar Pradesh,Offline,2021-02-01
MER04979,Paytm 4979,Restaurants,Surat,Gujarat,Offline,2025-10-28
MER04980,Amazon India 4980,Ecommerce,Pune,Maharashtra,Online,2023-08-08
MER04981,Swiggy 4981,Food Delivery,Delhi,Delhi,Offline,2025-04-13
MER04982,Reliance Digital 4982,Electronics,Kolkata,West Bengal,Online,2022-09-05
MER04983,Apollo Pharmacy 4983,Healthcare,Noida,Uttar Pradesh,Online,2021-07-28
MER04984,BookMyShow 4984,Entertainment,Surat,Gujarat,Online,2023-12-23
MER04985,Flipkart 4985,Travel,Pune,Maharashtra,OFFLINE,2022-06-22
MER04986,Myntra 4986,Grocery,Delhi,Delhi,Online,2022-01-13
MER04987,MakeMyTrip 4987,Fashion,Kolkata,West Bengal,Online,2024-12-18
MER04988,BigBasket 4988,Education,Noida,Uttar Pradesh,Online,2022-05-02
MER04989,Paytm 4989,Utilities,Surat,Gujarat,Online,2021-06-24
MER04990,Amazon India 4990,Automotive,Pune,Maharashtra,Offline,2024-06-26
MER04991,Swiggy 4991,Restaurants,Delhi,Delhi,Online,2023-12-13
MER04992,Reliance Digital 4992,Ecommerce,Kolkata,West Bengal,Online,2022-01-01
MER04993,Apollo Pharmacy 4993,Food Delivery,Noida,Uttar Pradesh,Online,2024-07-02
MER04994,BookMyShow 4994,Electronics,Surat,Gujarat,Online,2023-05-22
MER04995,Flipkart 4995,Healthcare,Pune,Maharashtra,Online,2022-11-24
MER04996,Myntra 4996,Entertainment,Delhi,Delhi,Online,2023-10-03
MER04997,MakeMyTrip 4997,Travel,Kolkata,West Bengal,Offline,2025-03-05
MER04998,BigBasket 4998,Grocery,Noida,Uttar Pradesh,Offline,2021-07-12
MER04999,Paytm 4999,Fashion,Surat,Gujarat,Online,2021-12-22
MER05000,Amazon India 5000,Education,Pune,Maharashtra,Online,2023-10-28
MER05001,Swiggy 5001,Utilities,Delhi,Delhi,Online,2022-01-17
MER05002,Reliance Digital 5002,Automotive,Kolkata,West Bengal,Offline,2024-04-07
MER05003,Apollo Pharmacy 5003,Restaurants,Noida,Uttar Pradesh,Online,2024-03-22
MER05004,BookMyShow 5004,Ecommerce,Surat,Gujarat,Online,2025-05-28
MER05005,Flipkart 5005,Food Delivery,Pune,Maharashtra,Online,2023-07-11
MER05006,Myntra 5006,Electronics,Delhi,Delhi,Offline,2022-08-02
MER05007,MakeMyTrip 5007,Healthcare,Kolkata,West Bengal,Online,2022-12-22
MER05008,BigBasket 5008,Entertainment,Noida,Uttar Pradesh,Online,2022-02-18
MER05009,Paytm 5009,Travel,Surat,Gujarat,Online,2024-02-05
MER05010,Amazon India 5010,Grocery,Pune,Maharashtra,Online,2021-11-25
MER05011,Swiggy 5011,Fashion,Delhi,Delhi,Online,2021-07-09
MER05012,Reliance Digital 5012,Education,Kolkata,West Bengal,Offline,
MER05013,Apollo Pharmacy 5013,Utilities,Noida,Uttar Pradesh,Online,2022-08-10
MER05014,,Automotive,Surat,Gujarat,,2023-10-13
MER05015,Flipkart 5015,Restaurants,Pune,Maharashtra,Online,2021-05-19
MER05016,Myntra 5016,Ecommerce,Delhi,Delhi,Online,2024-12-26
MER05017,MakeMyTrip 5017,Food Delivery,Kolkata,West Bengal,Online,2021-11-19
MER05018,BigBasket 5018,Electronics,,Uttar Pradesh,Online,2025-05-20
MER05019,Paytm 5019,Healthcare,Surat,Gujarat,Offline,2023-04-24
MER05020,Amazon India 5020,Entertainment,Pune,Maharashtra,Online,2025-06-19
MER05021,Swiggy 5021,Travel,Delhi,Delhi,Online,2025-02-06
MER05022,Reliance Digital 5022,Grocery,Kolkata,West Bengal,Online,2022-06-20
MER05023,Apollo Pharmacy 5023,Fashion,Noida,Uttar Pradesh,Online,
MER05024,BookMyShow 5024,Education,Surat,Gujarat,Online,2021-11-30
MER05025,,Utilities,Pune,Maharashtra,Online,2022-09-24
MER05026,Myntra 5026,Automotive,Delhi,Delhi,Online,2025-08-10
MER05027,MakeMyTrip 5027,Restaurants,Kolkata,West Bengal,Online,2024-06-16
MER05028,BigBasket 5028,Ecommerce,Noida,Uttar Pradesh,Offline,2022-09-03
MER05029,Paytm 5029,Food Delivery,Surat,Gujarat,Online,2023-07-24
MER05030,Amazon India 5030,Electronics,Pune,Maharashtra,Online,2023-01-07
MER05031,Swiggy 5031,Healthcare,Delhi,Delhi,Online,2025-05-06
MER05032,Reliance Digital 5032,Entertainment,Kolkata,West Bengal,Online,2022-03-20
MER05033,Apollo Pharmacy 5033,,Noida,Uttar Pradesh,Online,2024-09-05
MER05034,BookMyShow 5034,Grocery,SURAT,Gujarat,Online,2025-09-24
MER05035,Flipkart 5035,Fashion,Pune,Maharashtra,Offline,2025-07-04
MER05036,Myntra 5036,Education,Delhi,Delhi,Online,2023-06-10
MER05037,MakeMyTrip 5037,Utilities,Kolkata,West Bengal,Online,2025-05-21
MER05038,BigBasket 5038,Automotive,Noida,Uttar Pradesh,Offline,2021-01-30
MER05039,Paytm 5039,Restaurants,Surat,Gujarat,Online,2024-02-25
MER05040,Amazon India 5040,Ecommerce,,Maharashtra,Offline,2025-06-05
MER05041,Swiggy 5041,Food Delivery,Delhi,Delhi,,2021-03-19
MER05042,Reliance Digital 5042,Electronics,Kolkata,West Bengal,Online,2025-04-09
MER05043,Apollo Pharmacy 5043,Healthcare,Noida,Uttar Pradesh,Online,2022-01-21
MER05044,BookMyShow 5044,Entertainment,Surat,Gujarat,Online,2021-03-24
MER05045,Flipkart 5045,Travel,Pune,Maharashtra,Offline,2023-11-07
MER05046,Myntra 5046,Grocery,Delhi,Delhi,Offline,2022-05-07
MER05047,MakeMyTrip 5047,Fashion,Kolkata,West Bengal,Offline,2022-12-24
MER05048,BigBasket 5048,Education,Noida,Uttar Pradesh,Online,2024-02-27
MER06160,Amazon India 6160,Entertainment,Pune,Maharashtra,Offline,2025-06-24
MER05050,Amazon India 5050,Automotive,Pune,Maharashtra,Offline,
MER05051,Swiggy 5051,Restaurants,Delhi,Delhi,Online,2022-11-29
MER05052,Reliance Digital 5052,Ecommerce,Kolkata,West Bengal,Offline,2021-02-06
MER05053,Apollo Pharmacy 5053,Food Delivery,Noida,Uttar Pradesh,Online,2025-08-21
,BookMyShow 5054,Electronics,Surat,Gujarat,Online,2022-12-03
MER05055,Flipkart 5055,Healthcare,Pune,Maharashtra,Online,2022-02-23
MER05056,Myntra 5056,Entertainment,Delhi,Delhi,Offline,2021-09-06
MER05057,MakeMyTrip 5057,Travel,Kolkata,West Bengal,Online,2022-12-29
MER05058,BigBasket 5058,Grocery,Noida,Uttar Pradesh,Offline,2021-07-06
MER05059,Paytm 5059,Fashion,Surat,Gujarat,Online,2025-03-01
MER05060,Amazon India 5060,Education,Pune,Maharashtra,Online,2025-06-17
MER05061,Swiggy 5061,Utilities,Delhi,Delhi,online,2023-02-05
MER05062,Reliance Digital 5062,Automotive,Kolkata,West Bengal,Offline,2025-10-23
MER05063,Apollo Pharmacy 5063,Restaurants,NOIDA,Uttar Pradesh,Online,2022-02-04
MER05064,BookMyShow 5064,Ecommerce,Surat,Gujarat,Online,2025-10-29
MER05065,Flipkart 5065,Food Delivery,Pune,Maharashtra,Online,2022-02-09
MER05066,Myntra 5066,Electronics,Delhi,Delhi,Online,2023-12-17
MER05067,MakeMyTrip 5067,Healthcare,Kolkata,West Bengal,Online,2023-01-10
MER05068,BigBasket 5068,Entertainment,Noida,Uttar Pradesh,Offline,2021-08-17
MER05069,Paytm 5069,Travel,Surat,Gujarat,Online,2024-02-09
MER05070,Amazon India 5070,Grocery,Pune,Maharashtra,Offline,2022-03-23
MER05071,Swiggy 5071,Fashion,Delhi,Delhi,Online,2022-09-17
MER05072,Reliance Digital 5072,Education,Kolkata,West Bengal,Offline,2025-06-04
MER05073,Apollo Pharmacy 5073,Utilities,Noida,Uttar Pradesh,Online,2024-07-22
MER05074,BookMyShow 5074,Automotive,surat,Gujarat,Offline,2022-01-24
MER05075,Flipkart 5075,Restaurants,Pune,Maharashtra,Online,2024-02-01
MER05076,Myntra 5076,Ecommerce,Delhi,Delhi,Online,2024-11-14
MER05077,MakeMyTrip 5077,Food Delivery,Kolkata,West Bengal,Online,
MER05078,BigBasket 5078,Electronics,Noida,Uttar Pradesh,Online,2022-01-09
MER05079,Paytm 5079,Healthcare,Surat,Gujarat,Online,2023-02-09
MER05080,Amazon India 5080,Entertainment,Pune,,Online,2023-04-22
MER05081,Swiggy 5081,Travel,Delhi,Delhi,Offline,2021-03-31
MER05082,Reliance Digital 5082,Grocery,Kolkata,West Bengal,Online,2023-07-15
MER05083,Apollo Pharmacy 5083,Fashion,Noida,Uttar Pradesh,Online,2022-03-26
MER05084,BookMyShow 5084,Education,Surat,Gujarat,Offline,2025-06-04
MER05085,Flipkart 5085,Utilities,Pune,Maharashtra,Offline,
MER05086,Myntra 5086,Automotive,Delhi,Delhi,Online,2024-05-12
MER05087,MakeMyTrip 5087,Restaurants,Kolkata,West Bengal,Online,2025-08-26
MER05088,BigBasket 5088,Ecommerce,Noida,Uttar Pradesh,Offline,2025-02-02
MER05089,Paytm 5089,Food Delivery,Surat,Gujarat,Online,2024-11-29
MER05090,Amazon India 5090,Electronics,Pune,Maharashtra,Online,2021-10-02
MER05091,Swiggy 5091,Healthcare,Delhi,Delhi,Online,2022-11-04
MER05092,Reliance Digital 5092,Entertainment,Kolkata,West Bengal,Offline,2023-11-18
MER05093,Apollo Pharmacy 5093,Travel,Noida,Uttar Pradesh,Offline,2023-09-20
MER05094,BookMyShow 5094,Grocery,Surat,Gujarat,Online,2021-08-29
MER05095,Flipkart 5095,Fashion,Pune,Maharashtra,Online,2024-02-28
MER05096,Myntra 5096,Education,Delhi,Delhi,Offline,2025-09-20
MER05097,MakeMyTrip 5097,Utilities,Kolkata,West Bengal,Online,2022-10-25
MER05098,BigBasket 5098,Automotive,Noida,Uttar Pradesh,Online,
MER05099,Paytm 5099,Restaurants,Surat,Gujarat,Online,2022-04-21
MER05100,Amazon India 5100,Ecommerce,Pune,Maharashtra,Offline,2023-06-13
MER05101,Swiggy 5101,Food Delivery,,Delhi,Online,2024-09-13
MER05102,Reliance Digital 5102,Electronics,Kolkata,West Bengal,Offline,2024-09-05
MER05103,Apollo Pharmacy 5103,Healthcare,Noida,Uttar Pradesh,Offline,2022-01-29
MER05104,BookMyShow 5104,Entertainment,Surat,Gujarat,Online,2021-08-12
MER05105,Flipkart 5105,Travel,Pune,Maharashtra,Online,2024-09-28
MER05106,Myntra 5106,Grocery,Delhi,Delhi,Offline,2023-04-12
MER05107,MakeMyTrip 5107,Fashion,Kolkata,West Bengal,Online,2021-06-22
MER05108,BigBasket 5108,Education,Noida,Uttar Pradesh,Online,2021-03-18
MER05109,Paytm 5109,Utilities,Surat,Gujarat,Offline,2025-01-24
MER05110,Amazon India 5110,Automotive,Pune,Maharashtra,Offline,2023-04-22
MER05111,Swiggy 5111,Restaurants,Delhi,Delhi,Online,2021-12-12
MER05112,Reliance Digital 5112,Ecommerce,Kolkata,West Bengal,Online,2023-01-27
MER05113,Apollo Pharmacy 5113,Food Delivery,Noida,Uttar Pradesh,OFFLINE,2024-06-13
MER05114,BookMyShow 5114,Electronics,Surat,Gujarat,Online,2022-11-24
MER05115,Flipkart 5115,Healthcare,Pune,Maharashtra,Online,2024-09-01
MER05116,Myntra 5116,Entertainment,Delhi,Delhi,Offline,2021-12-30
MER05117,MakeMyTrip 5117,Travel,Kolkata,West Bengal,Online,2025-04-17
MER05118,BigBasket 5118,Grocery,Noida,Uttar Pradesh,Offline,2022-10-16
MER05119,Paytm 5119,Fashion,Surat,Gujarat,Online,2022-08-19
MER05120,Amazon India 5120,Education,Pune,Maharashtra,Online,2022-10-12
MER05121,Swiggy 5121,Utilities,Delhi,Delhi,Offline,2021-07-04
MER05122,Reliance Digital 5122,Automotive,Kolkata,West Bengal,Online,2023-05-25
MER05123,Apollo Pharmacy 5123,Restaurants,Noida,Uttar Pradesh,Online,2024-01-31
MER05124,BookMyShow 5124,Ecommerce,Surat,Gujarat,Offline,2023-05-20
MER05125,Flipkart 5125,Food Delivery,Pune,Maharashtra,Offline,2024-12-21
MER05126,,Electronics,Delhi,Delhi,Offline,2024-09-26
MER05127,MakeMyTrip 5127,Healthcare,Kolkata,West Bengal,Online,2024-11-22
MER05128,BigBasket 5128,Entertainment,Noida,Uttar Pradesh,Online,2023-12-16
MER05129,Paytm 5129,Travel,Surat,Gujarat,Offline,2024-01-07
MER05130,Amazon India 5130,Grocery,Pune,Maharashtra,Online,2025-03-25
MER05131,Swiggy 5131,Fashion,Delhi,Delhi,Online,2024-03-03
MER05132,Reliance Digital 5132,Education,Kolkata,West Bengal,Online,2025-02-01
MER05133,Apollo Pharmacy 5133,Utilities,Noida,Uttar Pradesh,Online,2023-09-02
MER05134,BookMyShow 5134,Automotive,Surat,,Offline,2023-04-26
MER05135,Flipkart 5135,Restaurants,Pune,Maharashtra,Offline,2025-09-08
MER05136,Myntra 5136,Ecommerce,Delhi,Delhi,Online,2023-02-12
MER05137,MakeMyTrip 5137,Food Delivery,Kolkata,West Bengal,Online,2022-02-13
MER05138,BigBasket 5138,Electronics,Noida,Uttar Pradesh,Online,2024-10-02
MER05139,Paytm 5139,Healthcare,Surat,Gujarat,Online,2022-07-27
MER05140,Amazon India 5140,Entertainment,Pune,Maharashtra,Offline,2025-02-27
MER05141,Swiggy 5141,Travel,Delhi,Delhi,Online,2024-06-25
,Reliance Digital 5142,Grocery,Kolkata,West Bengal,Online,2022-11-20
MER05143,Apollo Pharmacy 5143,Fashion,Noida,Uttar Pradesh,Online,2025-03-15
MER05144,BookMyShow 5144,Education,Surat,Gujarat,Offline,2023-06-21
MER05145,Flipkart 5145,Utilities,Pune,Maharashtra,Offline,2021-04-25
MER05146,Myntra 5146,Automotive,Delhi,delhi,Offline,2021-03-30
MER05147,MakeMyTrip 5147,Restaurants,Kolkata,West Bengal,Online,2023-05-04
MER05148,BigBasket 5148,Ecommerce,Noida,Uttar Pradesh,Online,2025-07-03
MER05149,Paytm 5149,Food Delivery,Surat,Gujarat,Online,
MER05150,Amazon India 5150,Electronics,Pune,Maharashtra,Offline,
MER05151,Swiggy 5151,Healthcare,Delhi,Delhi,Offline,2023-10-13
MER05152,Reliance Digital 5152,Entertainment,Kolkata,West Bengal,Online,2025-06-17
MER05153,Apollo Pharmacy 5153,Travel,Noida,Uttar Pradesh,Online,2023-09-13
MER05154,BookMyShow 5154,Grocery,Surat,Gujarat,Online,2022-09-24
MER05155,Flipkart 5155,Fashion,Pune,Maharashtra,Online,2022-09-26
MER05156,Myntra 5156,Education,Delhi,Delhi,Offline,2021-07-06
MER05157,MakeMyTrip 5157,Utilities,Kolkata,West Bengal,Offline,2024-07-08
MER05158,BigBasket 5158,Automotive,Noida,Uttar Pradesh,Offline,2023-08-27
MER05159,Paytm 5159,Restaurants,Surat,Gujarat,Online,2024-07-22
MER05160,Amazon India 5160,Ecommerce,Pune,Maharashtra,Online,2025-09-13
MER05161,Swiggy 5161,Food Delivery,Delhi,delhi,Online,2021-04-06
MER05162,Reliance Digital 5162,Electronics,Kolkata,West Bengal,Online,2025-08-03
MER05163,Apollo Pharmacy 5163,Healthcare,Noida,Uttar Pradesh,Online,2025-08-13
MER05164,BookMyShow 5164,Entertainment,Surat,Gujarat,Offline,2025-09-30
MER05165,Flipkart 5165,Travel,Pune,Maharashtra,Offline,2022-03-10
MER05166,Myntra 5166,Grocery,Delhi,Delhi,Online,2021-02-15
MER05167,MakeMyTrip 5167,Fashion,,West Bengal,Offline,2023-07-04
MER05168,BigBasket 5168,Education,Noida,Uttar Pradesh,Offline,2024-05-09
MER05169,Paytm 5169,Utilities,Surat,Gujarat,Online,2022-06-09
MER05170,Amazon India 5170,Automotive,Pune,Maharashtra,Online,2022-05-29
MER05171,Swiggy 5171,Restaurants,Delhi, Delhi ,Online,2024-11-20
MER05172,Reliance Digital 5172,Ecommerce,Kolkata,West Bengal,Online,2025-11-10
MER05173,Apollo Pharmacy 5173,Food Delivery,Noida,Uttar Pradesh,Online,2024-11-26
,BookMyShow 5174,Electronics,Surat,Gujarat,Online,2024-11-24
MER05175,Flipkart 5175,Healthcare,Pune,Maharashtra,Online,2024-11-01
MER05176,Myntra 5176,Entertainment,Delhi,Delhi,Offline,2023-01-30
MER05177,MakeMyTrip 5177,Travel,Kolkata,West Bengal,Online,2025-03-30
MER05178,BigBasket 5178,Grocery,Noida,Uttar Pradesh,Online,2024-05-02
MER05179,Paytm 5179,Fashion,Surat,Gujarat,Offline,2022-07-30
MER05180,Amazon India 5180,Education,Pune,Maharashtra,Online,2023-06-13
MER05181,Swiggy 5181,Utilities,Delhi,Delhi,Offline,2021-04-25
MER05182,Reliance Digital 5182,Automotive, Kolkata ,West Bengal,Offline,2024-01-31
MER05183,Apollo Pharmacy 5183,Restaurants,Noida,Uttar Pradesh,Online,2022-07-22
,BookMyShow 5184,Ecommerce,Surat,Gujarat,Online,2023-10-12
MER09608,BigBasket 9608,Education,Noida,Uttar Pradesh,Offline,2024-10-17
MER05186,Myntra 5186,,Delhi,Delhi,Online,2021-08-14
MER05187,MakeMyTrip 5187,Healthcare,Kolkata,West Bengal,Offline,2022-02-13
MER05188,BigBasket 5188,Entertainment,NOIDA,Uttar Pradesh,Online,2025-09-14
MER05189,Paytm 5189,,Surat,Gujarat,Online,2024-03-21
MER05190,Amazon India 5190,Grocery,Pune,Maharashtra,Offline,2021-12-22
MER05191,Swiggy 5191,Fashion,Delhi,Delhi,Offline,
MER05192,Reliance Digital 5192,Education,Kolkata,West Bengal,Online,2022-01-09
MER05193,Apollo Pharmacy 5193,Utilities,Noida,Uttar Pradesh,Online,2025-01-06
MER05194,BookMyShow 5194,Automotive,Surat,Gujarat,Online,2024-04-07
MER05195,Flipkart 5195,Restaurants,Pune,Maharashtra,Offline,2023-12-15
MER05196,Myntra 5196,Ecommerce,Delhi,Delhi,Offline,2025-07-16
MER05197,MakeMyTrip 5197,Food Delivery,Kolkata,West Bengal,Online,2023-06-30
MER05198,BigBasket 5198,Electronics,Noida,Uttar Pradesh,Offline,2025-05-30
MER05199,Paytm 5199,Healthcare,Surat,Gujarat,Online,2025-08-07
MER05200,Amazon India 5200,Entertainment,Pune,Maharashtra,Online,2024-09-02
MER05201,Swiggy 5201,Travel,Delhi,Delhi,Online,2025-03-15
MER05202,Reliance Digital 5202,Grocery,Kolkata,West Bengal,Offline,2023-08-17
MER05203,Apollo Pharmacy 5203,Fashion,Noida,Uttar Pradesh,Online,2025-07-23
MER05204,BookMyShow 5204,Education,Surat,Gujarat,Online,2021-02-18
MER05205,Flipkart 5205,Utilities,Pune,Maharashtra,Online,2024-08-06
MER05206,Myntra 5206,Automotive,Delhi,Delhi,Online,2024-11-10
MER05207,MakeMyTrip 5207,Restaurants,Kolkata,West Bengal,Online,2021-01-21
MER05208,BigBasket 5208,Ecommerce,Noida,Uttar Pradesh,Offline,2023-04-09
MER05209,Paytm 5209,Food Delivery,Surat,Gujarat,Online,2023-08-16
MER05210,Amazon India 5210,Electronics,Pune,Maharashtra,Online,2021-01-03
MER05211,Swiggy 5211,Healthcare,Delhi,Delhi,Offline,2022-11-20
MER05212,,Entertainment,Kolkata,West Bengal,Offline,2022-04-14
MER05213,Apollo Pharmacy 5213,Travel,Noida,Uttar Pradesh,Online,2023-09-08
MER05214,BookMyShow 5214,Grocery,Surat,Gujarat,Offline,2025-04-15
MER05215,Flipkart 5215,Fashion,Pune,Maharashtra,Online,2024-07-17
MER05216,Myntra 5216,Education,Delhi,Delhi,Online,2022-03-27
MER05217,MakeMyTrip 5217,Utilities,Kolkata,West Bengal,Offline,2025-11-13
MER05218,BigBasket 5218,Automotive,Noida,Uttar Pradesh,Online,2021-03-05
MER05219,Paytm 5219,Restaurants,Surat,Gujarat,Online,2023-06-23
MER05220,Amazon India 5220,Ecommerce,Pune,Maharashtra,Offline,2022-01-12
MER05221,Swiggy 5221,Food Delivery,Delhi,Delhi,Online,2023-04-24
MER05222,Reliance Digital 5222,Electronics,Kolkata,West Bengal,Offline,2024-05-27
MER05223,Apollo Pharmacy 5223,Healthcare,Noida,Uttar Pradesh,Online,2022-11-11
MER05224,BookMyShow 5224,Entertainment,Surat,Gujarat,Offline,2023-08-14
MER05225,Flipkart 5225,Travel,Pune,Maharashtra,Online,2021-09-11
MER05226,Myntra 5226,Grocery,Delhi,Delhi,Offline,2025-11-07
MER05227,MakeMyTrip 5227,Fashion,Kolkata,West Bengal,Online,2022-04-10
MER05228,BigBasket 5228,Education,Noida,Uttar Pradesh,Online,2025-07-11
MER05229,Paytm 5229,Utilities,Surat,Gujarat,Offline,2022-02-20
MER05230,Amazon India 5230,Automotive,Pune,Maharashtra,,2022-05-14
MER05231,Swiggy 5231,Restaurants,Delhi,Delhi,Online,2022-08-11
MER05232,Reliance Digital 5232,Ecommerce,Kolkata,West Bengal,Offline,2024-05-31
MER05233,Apollo Pharmacy 5233,Food Delivery,Noida,Uttar Pradesh,Online,2025-02-21
MER05234,BookMyShow 5234,Electronics,Surat,Gujarat,Online,2025-07-30
MER05235,Flipkart 5235,Healthcare,Pune,Maharashtra,Online,2025-02-26
MER05236,Myntra 5236,Entertainment,Delhi,Delhi,Online,2024-03-21
MER05237,MakeMyTrip 5237,Travel,Kolkata,West Bengal,Offline,2025-04-17
MER05238,BigBasket 5238,Grocery,Noida,Uttar Pradesh,Online,2025-01-22
,Paytm 5239,Fashion,Surat,Gujarat,Online,2025-05-24
MER05240,Amazon India 5240,Education,Pune,Maharashtra,Offline,2024-07-05
MER05241,Swiggy 5241,Utilities,Delhi,Delhi,Online,2022-06-29
MER05242,Reliance Digital 5242,Automotive,Kolkata,West Bengal,Online,2024-03-19
MER05243,Apollo Pharmacy 5243,Restaurants,Noida,Uttar Pradesh,Online,2025-12-03
MER05244,BookMyShow 5244,Ecommerce,Surat,Gujarat,Offline,2021-02-26
MER05245,Flipkart 5245,Food Delivery,Pune,Maharashtra,Offline,2023-04-21
MER05246,Myntra 5246,Electronics,Delhi,Delhi,Online,2025-03-12
MER05247,MakeMyTrip 5247,Healthcare,Kolkata,West Bengal,Online,2023-07-20
MER05248,BigBasket 5248,Entertainment,Noida,Uttar Pradesh,Offline,2024-03-25
MER05249,Paytm 5249,Travel,Surat,GUJARAT,Online,2024-05-28
MER05250,Amazon India 5250,Grocery,Pune,Maharashtra,Online,2021-03-04
MER05251,Swiggy 5251,Fashion,Delhi,Delhi,Offline,2022-02-28
MER05252,Reliance Digital 5252,Education,Kolkata,West Bengal,Online,2021-09-15
MER05253,Apollo Pharmacy 5253,Utilities,Noida,Uttar Pradesh,Online,2023-03-18
MER05254,BookMyShow 5254,Automotive,Surat,Gujarat,unknown,2023-01-23
MER05255,Flipkart 5255,Restaurants,Pune,Maharashtra,Offline,2025-05-15
MER05256,Myntra 5256,Ecommerce,Delhi,Delhi,Online,2025-04-22
MER05257,MakeMyTrip 5257,Food Delivery,Kolkata,West Bengal,Offline,2024-05-25
MER05258,BigBasket 5258,Electronics,Noida,Uttar Pradesh,Online,2024-05-25
MER05259,Paytm 5259,Healthcare,Surat,Gujarat,Online,2021-10-19
MER05260,Amazon India 5260,Entertainment,Pune,Maharashtra,Online,2023-06-13
MER05261,Swiggy 5261,Travel,Delhi,DELHI,Offline,2025-02-24
MER05262,Reliance Digital 5262,Grocery,Kolkata,West Bengal,Online,2022-11-09
MER05263,Apollo Pharmacy 5263,Fashion,Noida,Uttar Pradesh,Online,2023-04-15
MER05264,BookMyShow 5264,Education,Surat,Gujarat,Online,2025-05-11
MER05265,Flipkart 5265,Utilities,Pune,Maharashtra,Online,2021-12-18
MER05266,Myntra 5266,Automotive,Delhi,Delhi,Online,2022-08-17
MER05267,MakeMyTrip 5267,Restaurants,Kolkata,West Bengal,Online,2025-01-14
MER05268,BigBasket 5268,Ecommerce,Noida,Uttar Pradesh,Online,2023-04-17
MER05269,Paytm 5269,Food Delivery,Surat,Gujarat,Online,2022-04-04
MER05270,Amazon India 5270,Electronics,Pune,Maharashtra,Online,2024-03-02
,Swiggy 5271,Healthcare,Delhi,Delhi,Online,2025-04-02
MER05272,Reliance Digital 5272,Entertainment,Kolkata,West Bengal,Online,2021-12-11
MER05273,Apollo Pharmacy 5273,Travel,Noida,Uttar Pradesh,Online,2022-04-12
MER05274,BookMyShow 5274,Grocery,Surat,Gujarat,Offline,2022-10-23
MER05275,Flipkart 5275,Fashion,Pune,maharashtra,Online,2021-05-06
MER05276,Myntra 5276,Education,Delhi,Delhi,Online,2024-11-06
MER05277,MakeMyTrip 5277,Utilities,Kolkata,West Bengal,Offline,2025-11-29
MER05278,BigBasket 5278,Automotive, Noida ,Uttar Pradesh,Online,2024-09-26
MER05279,Paytm 5279,Restaurants,Surat,Gujarat,Online,2021-12-15
MER05280,Amazon India 5280,Ecommerce,Pune,Maharashtra,Online,2023-03-14
MER05281,Swiggy 5281,Food Delivery,Delhi,Delhi,Offline,2024-08-31
MER05282,,Electronics,Kolkata,West Bengal,Online,2022-02-01
MER05283,Apollo Pharmacy 5283,Healthcare,Noida,Uttar Pradesh,Online,2021-03-09
MER05284,BookMyShow 5284,Entertainment,Surat,Gujarat,Online,2021-09-14
MER05285,Flipkart 5285,Travel,Pune,Maharashtra,Online,2022-08-05
MER05286,Myntra 5286,Grocery,Delhi,Delhi,Offline,2023-09-01
MER05287,MakeMyTrip 5287,Fashion,KOLKATA,West Bengal,Online,2021-10-10
MER05288,BigBasket 5288,Education,Noida,Uttar Pradesh,Online,2023-10-19
MER05289,Paytm 5289,Utilities,Surat,GUJARAT,Online,2022-10-01
MER05290,Amazon India 5290,Automotive,Pune,Maharashtra,Offline,2023-05-28
MER05291,Swiggy 5291,Restaurants,Delhi,,Online,2021-08-25
MER05292,Reliance Digital 5292,,Kolkata,West Bengal,Offline,2022-09-02
MER05293,Apollo Pharmacy 5293,Food Delivery,Noida,Uttar Pradesh,Online,2022-02-15
MER05294,BookMyShow 5294,Electronics,Surat,Gujarat,Online,2025-08-30
MER05295,Flipkart 5295,Healthcare,Pune,Maharashtra,Online,2021-03-24
MER05296,Myntra 5296,Entertainment,Delhi,Delhi,Online,2022-08-07
MER05297,MakeMyTrip 5297,Travel,Kolkata,West Bengal,Online,2024-09-28
MER05298,BigBasket 5298,Grocery,Noida,Uttar Pradesh,Online,2021-12-20
MER05299,Paytm 5299,Fashion,SURAT,Gujarat,Offline,2022-07-16
MER05300,Amazon India 5300,Education,Pune,Maharashtra,Offline,2023-01-12
MER05301,Swiggy 5301,Utilities,Delhi,Delhi,Online,2022-12-16
MER05302,Reliance Digital 5302,Automotive,Kolkata,West Bengal,Online,2025-09-11
MER05303,Apollo Pharmacy 5303,Restaurants,Noida,Uttar Pradesh,Online,2022-03-09
MER05304,BookMyShow 5304,Ecommerce,Surat,Gujarat,Online,2025-11-02
MER05305,Flipkart 5305,Food Delivery,pune,Maharashtra,Online,2025-11-27
MER05306,Myntra 5306,Electronics,Delhi,Delhi,Online,2021-04-06
MER05307,MakeMyTrip 5307,Healthcare,Kolkata,West Bengal,Offline,2022-11-01
MER05308,BigBasket 5308,Entertainment,Noida,Uttar Pradesh,Online,2023-09-04
MER05309,Paytm 5309,Travel,Surat,gujarat,Online,2025-09-30
MER05310,Amazon India 5310,Grocery,Pune,Maharashtra,Online,2024-07-25
MER05311,Swiggy 5311,Fashion,Delhi,Delhi,Online,2025-08-23
MER05312,Reliance Digital 5312,Education,Kolkata,West Bengal,,2023-11-07
MER05313,Apollo Pharmacy 5313,Utilities,Noida,Uttar Pradesh,Online,2024-05-01
MER05314,BookMyShow 5314,Automotive,Surat,Gujarat,Offline,2025-07-30
MER05315,Flipkart 5315,Restaurants,Pune,Maharashtra,Offline,2022-05-13
MER05316,Myntra 5316,Ecommerce,Delhi,Delhi,Online,2024-11-05
MER05317,MakeMyTrip 5317,Food Delivery,Kolkata,West Bengal,Online,2022-02-12
MER05318,BigBasket 5318,Electronics,Noida,Uttar Pradesh,Online,2025-06-04
MER05319,Paytm 5319,Healthcare,Surat,Gujarat,Offline,2025-10-14
MER05320,Amazon India 5320,Entertainment,Pune,Maharashtra,Online,2021-11-16
MER05321,Swiggy 5321,Travel,Delhi,Delhi,Offline,2022-04-14
MER05322,Reliance Digital 5322,Grocery,Kolkata,West Bengal,Offline,2022-03-22
MER05323,Apollo Pharmacy 5323,Fashion,Noida,Uttar Pradesh,Online,2022-05-05
MER05324,BookMyShow 5324,Education,Surat,Gujarat,Offline,2022-11-17
MER05325,Flipkart 5325,Utilities,,Maharashtra,Online,2024-02-08
MER05326,Myntra 5326,Automotive,Delhi,Delhi,Online,2023-01-08
MER05327,MakeMyTrip 5327,Restaurants,Kolkata,West Bengal,Online,2022-11-28
MER05328,BigBasket 5328,Ecommerce,Noida,Uttar Pradesh,Online,2022-07-12
MER05329,Paytm 5329,Food Delivery,Surat,Gujarat,Offline,2021-03-18
MER05330,Amazon India 5330,Electronics,Pune,Maharashtra,Offline,2023-05-28
MER05331,Swiggy 5331,Healthcare,Delhi,DELHI,Online,2024-09-25
MER05332,,Entertainment,Kolkata,West Bengal,Online,2025-08-04
MER05333,Apollo Pharmacy 5333,Travel,Noida,Uttar Pradesh,Online,2024-09-27
MER05334,BookMyShow 5334,Grocery,Surat,Gujarat,Online,2021-04-29
MER05335,Flipkart 5335,Fashion,Pune,Maharashtra,Online,2021-05-20
MER05336,Myntra 5336,Education,Delhi,Delhi,Offline,2022-02-18
MER05337,MakeMyTrip 5337,Utilities,Kolkata,West Bengal,Online,2025-08-30
MER05338,BigBasket 5338,Automotive,Noida,Uttar Pradesh,Offline,2022-09-26
MER05339,Paytm 5339,Restaurants,Surat,Gujarat,Offline,2021-07-20
MER05340,Amazon India 5340,Ecommerce,Pune,Maharashtra,Online,2025-12-03
MER05341,Swiggy 5341,Food Delivery,Delhi,Delhi,Offline,2021-06-09
MER05342,Reliance Digital 5342,Electronics,Kolkata,West Bengal,Offline,2024-04-18
MER05343,Apollo Pharmacy 5343,Healthcare,Noida,Uttar Pradesh,Online,2024-10-05
MER05344,BookMyShow 5344,Entertainment,Surat,Gujarat,Online,2021-09-01
MER05345,Flipkart 5345,Travel,Pune,Maharashtra,Offline,2021-12-05
MER05346,Myntra 5346,Grocery,Delhi,Delhi,Offline,2022-03-23
MER05347,MakeMyTrip 5347,Fashion,Kolkata,West Bengal,Offline,2024-10-25
MER05348,BigBasket 5348,Education,NOIDA,Uttar Pradesh,Online,2023-12-14
MER05349,Paytm 5349,Utilities,Surat,Gujarat,Online,2025-06-15
MER05350,Amazon India 5350,Automotive,Pune,Maharashtra,Offline,2025-07-04
MER05351,Swiggy 5351,Restaurants,Delhi,Delhi,Online,2021-08-31
MER05352,Reliance Digital 5352,Ecommerce,Kolkata, West Bengal ,Offline,2024-02-10
MER05353,Apollo Pharmacy 5353,Food Delivery,Noida,Uttar Pradesh,unknown,2023-02-24
MER05354,BookMyShow 5354,Electronics,Surat,Gujarat,Offline,2023-04-10
MER05355,Flipkart 5355,Healthcare,Pune,Maharashtra,Offline,2023-06-10
MER05356,Myntra 5356,Entertainment,Delhi,Delhi,Offline,2021-06-03
MER05357,MakeMyTrip 5357,Travel,Kolkata,West Bengal,Online,2021-09-24
MER05358,BigBasket 5358,Grocery,Noida,Uttar Pradesh,Offline,2023-05-09
MER05359,Paytm 5359,Fashion,Surat,Gujarat,Online,2025-08-13
MER05360,Amazon India 5360,Education,Pune,Maharashtra,Online,2021-10-04
MER05361,Swiggy 5361,Utilities,Delhi,Delhi,Online,2023-10-20
MER05362,Reliance Digital 5362,Automotive,Kolkata,West Bengal,Online,2023-12-18
MER05363,Apollo Pharmacy 5363,Restaurants,Noida,Uttar Pradesh,Online,2025-09-22
MER05364,BookMyShow 5364,Ecommerce,Surat,Gujarat,Online,2024-07-21
MER05365,Flipkart 5365,Food Delivery,Pune,Maharashtra,Online,2021-03-18
MER05366,Myntra 5366,Electronics,Delhi,Delhi,Online,2025-12-04
MER05367,MakeMyTrip 5367,Healthcare,Kolkata,West Bengal,Offline,2022-11-30
MER05368,BigBasket 5368,Entertainment,Noida,Uttar Pradesh,Online,2025-03-18
MER05369,Paytm 5369,Travel,Surat,Gujarat,OFFLINE,2024-03-15
MER05370,Amazon India 5370,Grocery,Pune,Maharashtra,Offline,2023-10-09
MER05371,Swiggy 5371,Fashion,Delhi,Delhi,Offline,2025-04-03
MER05372,Reliance Digital 5372,Education,Kolkata,West Bengal,Offline,2022-03-06
MER05373,Apollo Pharmacy 5373,Utilities, Noida ,Uttar Pradesh,online,2021-05-24
MER05374,BookMyShow 5374,Automotive,Surat,Gujarat,Offline,2023-06-16
MER05375,Flipkart 5375,Restaurants,PUNE,Maharashtra,,2023-04-04
MER05376,Myntra 5376,Ecommerce,Delhi,Delhi,Offline,2025-05-31
MER05377,MakeMyTrip 5377,Food Delivery,Kolkata,West Bengal,Online,2025-07-31
,BigBasket 5378,Electronics,Noida,Uttar Pradesh,Offline,2023-02-10
MER05379,,Healthcare,Surat,Gujarat,Online,2025-06-30
MER05380,Amazon India 5380,Entertainment,Pune,Maharashtra,Online,2023-11-10
MER05381,Swiggy 5381,Travel,Delhi,Delhi,Online,2024-04-11
MER05382,Reliance Digital 5382,Grocery,Kolkata,West Bengal,Online,2025-07-28
MER05383,Apollo Pharmacy 5383,Fashion,Noida,Uttar Pradesh,Online,2021-12-21
MER05384,BookMyShow 5384,Education, Surat ,Gujarat,Online,2023-01-27
MER05385,Flipkart 5385,Utilities,Pune,Maharashtra,Online,2022-06-22
MER05386,Myntra 5386,Automotive,DELHI,Delhi,Online,2021-12-10
MER05387,MakeMyTrip 5387,Restaurants,Kolkata,West Bengal,Offline,2025-02-23
MER05388,BigBasket 5388,,Noida,Uttar Pradesh,Online,2022-01-26
MER05389,Paytm 5389,Food Delivery,Surat,Gujarat,Offline,2023-06-01
MER05390,Amazon India 5390,Electronics,Pune,Maharashtra,Offline,2023-11-09
MER05391,Swiggy 5391,Healthcare,Delhi,Delhi,Offline,2022-12-23
MER05392,Reliance Digital 5392,Entertainment,Kolkata,West Bengal,Online,2021-02-10
MER05393,Apollo Pharmacy 5393,Travel,Noida,Uttar Pradesh,Offline,2023-08-12
MER05394,BookMyShow 5394,Grocery,Surat,Gujarat,Online,2024-05-21
MER05395,Flipkart 5395,Fashion,Pune,Maharashtra,,2025-04-26
MER05396,Myntra 5396,Education,Delhi,Delhi,Offline,2025-09-19
MER05397,MakeMyTrip 5397,Utilities,Kolkata,West Bengal,Offline,2022-02-19
MER05398,BigBasket 5398,Automotive,Noida, Uttar Pradesh ,Offline,2024-11-12
MER05399,Paytm 5399,Restaurants,Surat,Gujarat,Offline,2025-01-28
MER05400,Amazon India 5400,Ecommerce,Pune,Maharashtra,Online,2022-11-26
MER05401,Swiggy 5401,Food Delivery,Delhi,Delhi,Offline,2023-01-01
MER05402,Reliance Digital 5402,Electronics,Kolkata,West Bengal,Online,2025-11-16
MER05403,Apollo Pharmacy 5403,Healthcare,Noida,Uttar Pradesh,Offline,2024-03-26
MER05404,BookMyShow 5404,Entertainment,Surat,Gujarat,,2022-09-16
MER05405,Flipkart 5405,Travel,Pune,Maharashtra,Offline,2025-09-24
MER05406,Myntra 5406,Grocery,Delhi,Delhi,Online,2022-09-04
MER05407,MakeMyTrip 5407,Fashion,Kolkata,West Bengal,Online,2022-07-16
MER05408,BigBasket 5408,Education,Noida,Uttar Pradesh,Online,2021-05-21
MER05409,Paytm 5409,Utilities,Surat,Gujarat,Online,2021-02-27
MER05410,Amazon India 5410,Automotive,Pune,Maharashtra,Offline,2022-07-04
MER05411,Swiggy 5411,Restaurants,Delhi,Delhi,Online,2025-03-29
MER05412,Reliance Digital 5412,Ecommerce,Kolkata,West Bengal,Offline,2022-05-23
MER05413,Apollo Pharmacy 5413,Food Delivery,Noida,Uttar Pradesh,Offline,2025-05-02
MER05414,BookMyShow 5414,Electronics,Surat,Gujarat,Online,2024-02-17
MER05415,Flipkart 5415,Healthcare,Pune,Maharashtra,Online,2021-08-28
MER05416,Myntra 5416,Entertainment,Delhi,Delhi,Online,2025-11-04
MER05417,MakeMyTrip 5417,Travel,Kolkata,West Bengal,Offline,2025-06-14
MER05418,BigBasket 5418,Grocery,Noida,Uttar Pradesh,Online,2025-06-28
MER05419,Paytm 5419,Fashion,Surat,Gujarat,Online,2024-11-30
MER05420,Amazon India 5420,Education,Pune,Maharashtra,Online,2023-08-18
MER05421,Swiggy 5421,,Delhi,Delhi,Offline,2023-12-31
MER05422,Reliance Digital 5422,Automotive,Kolkata,West Bengal,Online,2024-01-11
MER05423,Apollo Pharmacy 5423,Restaurants,Noida,Uttar Pradesh,Online,2023-05-11
MER05424,BookMyShow 5424,Ecommerce,Surat,Gujarat,Offline,2021-06-01
MER05425,Flipkart 5425,Food Delivery,Pune,Maharashtra,Online,2021-02-27
MER05426,Myntra 5426,Electronics,Delhi,Delhi,Online,2022-06-06
MER05427,MakeMyTrip 5427,Healthcare,Kolkata,West Bengal,Offline,2025-11-13
MER05428,BigBasket 5428,Entertainment,Noida,Uttar Pradesh,Offline,2022-01-09
MER05429,Paytm 5429,Travel,Surat,Gujarat,Offline,2024-11-06
MER05430,,Grocery,Pune,Maharashtra,Online,2025-09-25
MER05431,Swiggy 5431,Fashion,Delhi,Delhi,Online,2022-12-03
MER05432,Reliance Digital 5432,Education,Kolkata,West Bengal,Offline,2023-12-05
MER05433,Apollo Pharmacy 5433,Utilities,Noida,Uttar Pradesh,Online,2023-08-12
MER05434,BookMyShow 5434,Automotive,Surat,Gujarat,Online,2024-06-23
MER05435,Flipkart 5435,Restaurants,Pune,Maharashtra,Online,2022-07-18
MER05436,Myntra 5436,Ecommerce,Delhi,Delhi,Online,2024-02-14
MER05437,MakeMyTrip 5437,Food Delivery,Kolkata,West Bengal,Online,2022-03-10
,BigBasket 5438,,Noida,Uttar Pradesh,Online,2021-09-18
MER05439,Paytm 5439,Healthcare,Surat,Gujarat,Online,2021-08-27
MER05440,Amazon India 5440,Entertainment,Pune,Maharashtra,Online,2025-08-10
MER05441,Swiggy 5441,Travel,Delhi,Delhi,Offline,2021-04-30
MER05442,Reliance Digital 5442,Grocery,Kolkata,West Bengal,Online,2025-08-26
MER05443,Apollo Pharmacy 5443,Fashion,Noida,Uttar Pradesh,Online,2025-07-13
MER05444,BookMyShow 5444,Education,Surat,Gujarat,Online,2022-01-20
MER05445,Flipkart 5445,Utilities,Pune,,Online,2024-07-07
MER05446,Myntra 5446,Automotive,DELHI,Delhi,Offline,2025-03-14
MER05447,MakeMyTrip 5447,,Kolkata,West Bengal,Offline,
MER05448,,Ecommerce,Noida,,Online,2021-08-21
MER05449,Paytm 5449,Food Delivery,Surat,Gujarat,Online,2025-05-29
MER05450,Amazon India 5450,Electronics,Pune,Maharashtra,Offline,2022-08-17
MER05451,Swiggy 5451,Healthcare,Delhi,Delhi,Online,2024-02-21
MER05452,Reliance Digital 5452,Entertainment,KOLKATA,West Bengal,Offline,2021-05-27
MER05453,Apollo Pharmacy 5453,Travel,Noida,Uttar Pradesh,Offline,2025-02-17
MER05454,BookMyShow 5454,Grocery,Surat,Gujarat,Online,2024-04-28
MER05455,Flipkart 5455,Fashion,Pune,Maharashtra,Online,2022-04-30
MER05456,Myntra 5456,Education,Delhi,Delhi,Offline,2022-01-29
MER05457,MakeMyTrip 5457,Utilities,Kolkata,West Bengal,Online,2022-05-10
MER05458,BigBasket 5458,Automotive,Noida,Uttar Pradesh,Online,2022-11-06
MER05459,Paytm 5459,Restaurants,Surat,Gujarat,Online,2024-04-27
MER05460,Amazon India 5460,Ecommerce,Pune,Maharashtra,Online,2022-12-28
MER05461,Swiggy 5461,Food Delivery,Delhi,Delhi,Offline,2025-04-02
MER05462,Reliance Digital 5462,Electronics, Kolkata ,West Bengal,Offline,2023-12-03
MER05463,Apollo Pharmacy 5463,Healthcare,Noida,Uttar Pradesh,Online,2024-01-21
MER05464,BookMyShow 5464,Entertainment,Surat,Gujarat,Online,2025-09-07
MER05465,Flipkart 5465,Travel,Pune,Maharashtra,Online,2024-05-18
MER05466,Myntra 5466,Grocery, Delhi ,Delhi,Online,2025-05-02
MER05467,MakeMyTrip 5467,Fashion,Kolkata,West Bengal,Online,2025-09-03
MER05468,BigBasket 5468,Education,Noida,,Offline,2022-10-02
MER05469,Paytm 5469,Utilities,Surat,Gujarat,Offline,2024-11-24
MER05470,Amazon India 5470,Automotive,Pune,Maharashtra,Online,2022-02-17
MER05471,Swiggy 5471,Restaurants,Delhi,Delhi,Offline,2024-02-18
MER05472,Reliance Digital 5472,Ecommerce,Kolkata,West Bengal,Online,2022-12-06
MER05473,Apollo Pharmacy 5473,Food Delivery,Noida,Uttar Pradesh,Offline,2022-07-28
MER05474,BookMyShow 5474,Electronics,Surat,Gujarat,Offline,2021-08-03
MER05475,Flipkart 5475,Healthcare,Pune,Maharashtra,Offline,2024-03-16
MER05476,Myntra 5476,Entertainment,Delhi,Delhi,Online,2025-08-21
MER05477,MakeMyTrip 5477,Travel,Kolkata,West Bengal,Offline,2022-11-13
MER05478,BigBasket 5478,Grocery,Noida,Uttar Pradesh,Online,2021-02-07
MER05479,Paytm 5479,Fashion,Surat,gujarat,Online,2021-11-19
MER05480,Amazon India 5480,Education,Pune,Maharashtra,Online,2023-09-28
MER05481,Swiggy 5481,Utilities,Delhi,Delhi,Online,2021-06-17
MER05482,Reliance Digital 5482,Automotive,Kolkata,West Bengal,Online,2022-10-17
MER05483,Apollo Pharmacy 5483,Restaurants,Noida,,Online,2025-01-03
MER05484,BookMyShow 5484,,Surat,Gujarat,Online,2022-09-24
MER05485,Flipkart 5485,Food Delivery,Pune,Maharashtra,Offline,2021-04-29
MER05486,Myntra 5486,Electronics,Delhi,Delhi,Online,2025-11-27
,,Healthcare,Kolkata,West Bengal,Online,2023-04-26
MER05488,BigBasket 5488,Entertainment,Noida,Uttar Pradesh,Online,2022-02-28
MER05489,Paytm 5489,Travel,Surat,Gujarat,Online,2022-04-04
MER05490,Amazon India 5490,Grocery,Pune,Maharashtra,Offline,2024-08-31
MER05491,Swiggy 5491,,Delhi,Delhi,Offline,2021-03-19
MER05492,Reliance Digital 5492,Education,Kolkata,West Bengal,Online,2021-07-14
MER05493,Apollo Pharmacy 5493,Utilities,Noida,Uttar Pradesh,Online,2021-01-10
MER05494,BookMyShow 5494,Automotive,Surat,Gujarat,Online,2022-11-16
MER05495,Flipkart 5495,Restaurants,Pune,Maharashtra,Online,2021-05-15
MER05496,Myntra 5496,Ecommerce,Delhi,Delhi,Offline,2021-02-17
MER05497,MakeMyTrip 5497,Food Delivery,Kolkata,West Bengal,Online,2023-07-07
MER05498,BigBasket 5498,Electronics,Noida,Uttar Pradesh,Offline,2022-12-14
MER05499,Paytm 5499,Healthcare,Surat,Gujarat,Offline,2022-05-15
MER05500,Amazon India 5500,Entertainment,Pune,Maharashtra,Online,2022-03-14
MER05501,Swiggy 5501,Travel,Delhi,Delhi,Online,2021-10-22
MER05502,Reliance Digital 5502,Grocery,Kolkata,West Bengal,Online,2022-02-07
MER08322,Reliance Digital 8322,Grocery,Kolkata,West Bengal,Online,2025-12-01
MER05504,BookMyShow 5504,Education,Surat,Gujarat,Online,2023-02-03
MER05505,Flipkart 5505,Utilities,pune,Maharashtra,Online,2023-08-14
MER05506,Myntra 5506,Automotive,Delhi,Delhi,Offline,2023-01-31
MER05507,MakeMyTrip 5507,Restaurants,Kolkata,West Bengal,Online,2023-03-12
MER05508,BigBasket 5508,Ecommerce,Noida,Uttar Pradesh,Online,2022-02-28
MER05509,Paytm 5509,Food Delivery,Surat,Gujarat,Online,2025-09-01
MER05510,Amazon India 5510,Electronics,Pune,Maharashtra,Online,2022-09-28
MER05511,Swiggy 5511,Healthcare,Delhi,Delhi,Online,2024-06-15
MER05512,Reliance Digital 5512,Entertainment,Kolkata,West Bengal,Online,2021-11-29
MER05513,Apollo Pharmacy 5513,Travel,Noida,Uttar Pradesh,Online,2024-08-05
MER05514,BookMyShow 5514,Grocery,Surat,Gujarat,Offline,2022-09-26
MER05515,,Fashion,Pune,Maharashtra,Online,2025-01-21
MER05516,Myntra 5516,Education,Delhi,Delhi,Online,2021-06-03
MER05517,MakeMyTrip 5517,Utilities,Kolkata,West Bengal,Online,2022-01-03
MER05518,BigBasket 5518,Automotive,Noida,Uttar Pradesh,Online,2022-09-22
MER05519,Paytm 5519,Restaurants,Surat,Gujarat,Offline,2022-01-03
MER05520,Amazon India 5520,Ecommerce,Pune,Maharashtra,Offline,2025-06-12
MER05521,Swiggy 5521,Food Delivery,Delhi,Delhi,Online,2022-01-12
MER05522,Reliance Digital 5522,Electronics,Kolkata,West Bengal,Offline,2025-07-04
MER05523,Apollo Pharmacy 5523,Healthcare,Noida,Uttar Pradesh,Online,2022-07-11
MER05524,BookMyShow 5524,Entertainment,Surat,Gujarat,Online,2021-04-16
MER05525,Flipkart 5525,Travel,Pune,Maharashtra,Online,2023-08-07
MER05526,Myntra 5526,Grocery,Delhi,Delhi,Online,2023-12-25
MER05527,MakeMyTrip 5527,Fashion,Kolkata,West Bengal,Online,2022-10-16
MER05528,BigBasket 5528,Education,Noida,Uttar Pradesh,Offline,2021-04-03
MER02911,Swiggy 2911,Fashion,Delhi,Delhi,Online,2025-05-23
MER05530,Amazon India 5530,Automotive,Pune,Maharashtra,Online,2024-03-23
,Swiggy 5531,Restaurants,Delhi,Delhi,Online,2022-01-04
MER05532,Reliance Digital 5532,Ecommerce,Kolkata,West Bengal,Online,2021-12-25
MER05533,Apollo Pharmacy 5533,Food Delivery,Noida,Uttar Pradesh,Offline,2025-01-24
MER05534,BookMyShow 5534,Electronics,Surat,Gujarat,Online,2023-05-29
MER05535,Flipkart 5535,Healthcare,Pune,Maharashtra,Offline,2022-04-07
MER05536,Myntra 5536,Entertainment,Delhi,Delhi,Online,2025-12-02
MER05537,MakeMyTrip 5537,Travel,Kolkata,West Bengal,Online,2021-04-11
MER05538,BigBasket 5538,Grocery,noida,Uttar Pradesh,Online,2023-02-06
MER05539,Paytm 5539,Fashion,Surat,Gujarat,Online,2024-02-19
MER05540,Amazon India 5540,Education,Pune,Maharashtra,Offline,2021-09-24
MER05541,Swiggy 5541,Utilities,Delhi,Delhi,Online,2024-05-21
MER05542,,Automotive,Kolkata,West Bengal,Online,2024-05-05
MER05543,Apollo Pharmacy 5543,Restaurants,Noida,Uttar Pradesh,Offline,2025-07-27
MER05544,BookMyShow 5544,Ecommerce,Surat,Gujarat,Offline,2023-09-25
MER05545,Flipkart 5545,Food Delivery,Pune,Maharashtra,Offline,2021-09-15
MER05546,Myntra 5546,Electronics,Delhi,Delhi,Offline,2021-08-12
,MakeMyTrip 5547,Healthcare,Kolkata,West Bengal,Offline,2021-12-30
MER05548,BigBasket 5548,Entertainment,Noida,Uttar Pradesh,Offline,2021-10-29
MER05549,Paytm 5549,Travel,Surat,Gujarat,Offline,2021-03-05
MER05550,Amazon India 5550,Grocery,Pune,Maharashtra,Offline,2022-04-12
MER05551,Swiggy 5551,Fashion,Delhi,DELHI,Online,2021-09-01
MER05552,Reliance Digital 5552,Education,Kolkata,West Bengal,Offline,2023-07-23
MER05553,Apollo Pharmacy 5553,Utilities,Noida,Uttar Pradesh,Online,2022-11-29
MER05554,BookMyShow 5554,Automotive,Surat,Gujarat,Offline,2024-09-14
MER05555,Flipkart 5555,Restaurants,Pune,Maharashtra,Online,2025-07-07
MER05556,Myntra 5556,Ecommerce,Delhi,Delhi,Online,2024-07-17
MER05557,MakeMyTrip 5557,Food Delivery,Kolkata,West Bengal,Online,2023-04-05
MER05558,BigBasket 5558,Electronics,Noida,Uttar Pradesh,Online,2022-02-17
MER05559,Paytm 5559,Healthcare,Surat,gujarat,Online,2023-12-11
MER05560,Amazon India 5560,Entertainment,Pune,Maharashtra,Online,2021-03-21
MER05561,Swiggy 5561,Travel,Delhi,Delhi,Online,2024-01-21
MER05562,Reliance Digital 5562,Grocery,Kolkata,West Bengal,Online,2023-09-14
MER05563,Apollo Pharmacy 5563,Fashion,Noida,Uttar Pradesh,Online,2022-08-29
MER05564,BookMyShow 5564,Education,Surat,Gujarat,Online,2022-12-30
MER05565,Flipkart 5565,Utilities,Pune,Maharashtra,Online,2021-04-03
MER05566,Myntra 5566,Automotive,Delhi,Delhi,Online,2023-09-08
MER05567,MakeMyTrip 5567,Restaurants,Kolkata,West Bengal,Online,2024-07-26
MER05568,BigBasket 5568,Ecommerce,Noida,Uttar Pradesh,Online,2024-05-21
MER05569,Paytm 5569,Food Delivery,Surat,Gujarat,Online,2021-09-13
MER05570,Amazon India 5570,Electronics,Pune,Maharashtra,Online,2024-09-21
MER05571,Swiggy 5571,Healthcare,Delhi,Delhi,Offline,2023-01-25
MER05572,Reliance Digital 5572,Entertainment,Kolkata,West Bengal,Online,2021-07-13
,Apollo Pharmacy 5573,Travel,Noida,Uttar Pradesh,Online,2024-07-06
MER05574,BookMyShow 5574,Grocery,Surat,Gujarat,Online,2024-12-19
,Flipkart 5575,Fashion,Pune,Maharashtra,Online,2025-11-14
MER05576,Myntra 5576,Education,Delhi,Delhi,Online,2025-08-19
MER05577,MakeMyTrip 5577,Utilities,Kolkata,West Bengal,Offline,2022-04-21
MER05578,BigBasket 5578,Automotive,Noida,Uttar Pradesh,Online,2025-07-16
MER05579,Paytm 5579,Restaurants,Surat,Gujarat,Online,2023-05-02
MER05580,Amazon India 5580,Ecommerce,Pune,Maharashtra,Offline,2021-09-07
MER05581,Swiggy 5581,,Delhi,Delhi,Online,2024-09-28
MER05582,Reliance Digital 5582,,Kolkata,West Bengal,Online,2022-05-04
MER05583,Apollo Pharmacy 5583,Healthcare,Noida,Uttar Pradesh,Online,2025-11-09
MER05584,BookMyShow 5584,Entertainment,Surat,Gujarat,Offline,2024-10-17
MER05585,Flipkart 5585,Travel,Pune,Maharashtra,Online,2024-10-18
MER05586,Myntra 5586,Grocery,Delhi, Delhi ,Online,2025-10-02
MER05587,MakeMyTrip 5587,Fashion,Kolkata,West Bengal,Online,2024-09-01
MER05588,BigBasket 5588,Education,Noida,Uttar Pradesh,Offline,2023-10-10
MER05589,Paytm 5589,Utilities,Surat,Gujarat,Offline,2022-07-08
MER05590,Amazon India 5590,Automotive,Pune,Maharashtra,Online,2024-02-29
MER05591,Swiggy 5591,Restaurants,Delhi,Delhi,Online,2024-07-23
MER05592,Reliance Digital 5592,Ecommerce,Kolkata,West Bengal,Online,2021-02-04
MER05593,Apollo Pharmacy 5593,Food Delivery,Noida,Uttar Pradesh,Offline,2023-03-06
MER05594,BookMyShow 5594,Electronics,Surat,Gujarat,Online,2021-11-10
MER05595,Flipkart 5595,Healthcare,Pune,Maharashtra,Online,2022-10-20
MER05596,Myntra 5596,Entertainment,delhi,Delhi,Online,2024-11-06
MER05597,MakeMyTrip 5597,Travel,Kolkata,West Bengal,Offline,2023-01-11
MER05598,BigBasket 5598,Grocery,Noida,Uttar Pradesh,Online,2024-03-07
MER05599,Paytm 5599,Fashion,Surat,Gujarat,Online,2024-01-22
MER05600,Amazon India 5600,Education,Pune,Maharashtra,Online,2024-08-21
MER05601,Swiggy 5601,Utilities,Delhi,Delhi,Offline,2022-12-14
MER05602,Reliance Digital 5602,Automotive,Kolkata,West Bengal,Offline,2025-01-22
MER05603,Apollo Pharmacy 5603,Restaurants,Noida,Uttar Pradesh,Online,2024-06-15
MER05604,BookMyShow 5604,Ecommerce,Surat,Gujarat,Online,2025-04-25
MER05605,Flipkart 5605,Food Delivery,Pune,Maharashtra,Offline,2023-11-28
MER05606,Myntra 5606,Electronics,Delhi,Delhi,Online,2021-06-25
MER05607,MakeMyTrip 5607,Healthcare,Kolkata,West Bengal,Online,2022-11-17
MER05608,BigBasket 5608,Entertainment,Noida,Uttar Pradesh,,2023-01-09
MER05609,Paytm 5609,Travel,Surat,Gujarat,Offline,2024-10-22
MER05610,Amazon India 5610,Grocery,PUNE,Maharashtra,Online,2022-03-11
MER05611,Swiggy 5611,Fashion,Delhi,Delhi,Offline,2022-02-07
MER05612,Reliance Digital 5612,Education,Kolkata,West Bengal,Online,2022-01-24
MER05613,Apollo Pharmacy 5613,Utilities,Noida,Uttar Pradesh,Offline,2021-05-20
MER05614,BookMyShow 5614,Automotive,Surat,Gujarat,Offline,2021-01-22
MER05615,Flipkart 5615,Restaurants,Pune,Maharashtra,Offline,2021-10-19
MER05616,Myntra 5616,Ecommerce,Delhi,Delhi,Online,2024-10-15
MER05617,MakeMyTrip 5617,Food Delivery,Kolkata,West Bengal,Online,2022-04-11
MER05618,BigBasket 5618,Electronics,Noida,Uttar Pradesh,Online,2024-01-05
MER05619,Paytm 5619,Healthcare,Surat,Gujarat,Offline,2024-04-16
MER05620,Amazon India 5620,Entertainment,Pune,Maharashtra,Online,2022-02-09
MER05621,Swiggy 5621,Travel,Delhi,Delhi,Offline,2025-01-03
MER05622,Reliance Digital 5622,Grocery,Kolkata,West Bengal,Online,2022-07-03
MER05623,Apollo Pharmacy 5623,Fashion,Noida,Uttar Pradesh,Offline,2023-05-17
MER05624,BookMyShow 5624,Education,Surat,Gujarat,Online,2022-05-10
MER05625,Flipkart 5625,Utilities,Pune,Maharashtra,Online,2025-08-07
MER05626,Myntra 5626,Automotive,Delhi,Delhi,Online,2021-07-05
MER05627,MakeMyTrip 5627,Restaurants,Kolkata,West Bengal,Offline,2025-07-20
MER05628,BigBasket 5628,Ecommerce,Noida,Uttar Pradesh,Online,2025-04-04
MER05629,Paytm 5629,Food Delivery,Surat,Gujarat,Online,2025-02-16
MER05630,Amazon India 5630,Electronics,Pune,Maharashtra,Online,2021-10-28
MER05631,Swiggy 5631,Healthcare,,Delhi,Online,2022-11-20
MER05632,Reliance Digital 5632,Entertainment,Kolkata,West Bengal,Offline,2021-11-17
MER05633,Apollo Pharmacy 5633,Travel,Noida,Uttar Pradesh,Offline,2024-08-02
MER05634,BookMyShow 5634,Grocery,Surat,Gujarat,Offline,2021-07-08
MER05635,Flipkart 5635,Fashion,Pune,Maharashtra,Offline,2024-08-14
MER05636,Myntra 5636,Education,Delhi,Delhi,Online,
MER05637,MakeMyTrip 5637,Utilities,Kolkata,West Bengal,Offline,2025-08-21
MER05638,,Automotive,Noida,Uttar Pradesh,Online,2025-01-30
MER05639,Paytm 5639,Restaurants,Surat,Gujarat,Online,2025-02-07
MER05640,Amazon India 5640,Ecommerce,Pune,Maharashtra,Offline,2022-08-07
MER05641,Swiggy 5641,Food Delivery,Delhi,Delhi,Online,2024-02-01
MER05642,Reliance Digital 5642,Electronics,Kolkata,West Bengal,Online,2021-09-10
MER05643,Apollo Pharmacy 5643,Healthcare,Noida,Uttar Pradesh,Online,2021-06-03
MER05644,BookMyShow 5644,Entertainment,surat,Gujarat,Online,2025-09-20
MER05645,Flipkart 5645,Travel,Pune,Maharashtra,Online,2023-02-26
MER05646,Myntra 5646,Grocery,Delhi,Delhi,Offline,2024-07-14
MER05647,MakeMyTrip 5647,Fashion,Kolkata,West Bengal,Online,2024-02-07
MER05648,BigBasket 5648,Education,Noida,Uttar Pradesh,Online,2025-04-27
MER05649,Paytm 5649,Utilities,Surat,Gujarat,Online,2024-10-12
MER05650,Amazon India 5650,Automotive,Pune,Maharashtra,unknown,2023-11-16
MER05651,Swiggy 5651,Restaurants,Delhi,Delhi,Offline,2024-08-01
MER05652,Reliance Digital 5652,Ecommerce,Kolkata,West Bengal,Online,2023-09-07
MER05653,Apollo Pharmacy 5653,Food Delivery, Noida ,Uttar Pradesh,Online,2024-12-16
MER05654,BookMyShow 5654,Electronics,Surat,Gujarat,Online,2023-12-06
MER05655,Flipkart 5655,Healthcare,Pune,Maharashtra,Online,2024-05-07
MER05656,Myntra 5656,Entertainment,Delhi,Delhi,Online,2023-04-15
MER05657,MakeMyTrip 5657,Travel,Kolkata,West Bengal,Online,2024-07-03
MER05658,BigBasket 5658,Grocery,Noida,Uttar Pradesh,Online,2023-02-18
MER05659,Paytm 5659,Fashion,Surat,Gujarat,Online,2025-06-03
MER05660,Amazon India 5660,Education,Pune,Maharashtra,Online,2024-01-04
MER05661,Swiggy 5661,Utilities,Delhi,Delhi,Online,2021-04-24
MER05662,Reliance Digital 5662,Automotive,Kolkata,West Bengal,Online,2025-11-20
MER05663,Apollo Pharmacy 5663,Restaurants,Noida,Uttar Pradesh,Offline,2024-08-16
MER05664,BookMyShow 5664,Ecommerce,Surat,Gujarat,Online,2023-04-25
MER05665,,Food Delivery,Pune,Maharashtra,Offline,2022-02-12
MER05666,Myntra 5666,Electronics,Delhi,Delhi,Online,2025-05-20
MER05667,MakeMyTrip 5667,Healthcare,Kolkata,West Bengal,Online,2025-04-09
MER05668,BigBasket 5668,Entertainment,Noida,Uttar Pradesh,,2025-02-19
MER05669,Paytm 5669,Travel,Surat,Gujarat,Online,2021-10-22
MER05670,Amazon India 5670,Grocery,Pune,Maharashtra,Online,2022-06-19
MER05671,Swiggy 5671,,Delhi,Delhi,Online,2024-07-19
MER05672,Reliance Digital 5672,Education,Kolkata,West Bengal,Online,2025-12-03
MER05673,Apollo Pharmacy 5673,Utilities,Noida,Uttar Pradesh,Online,2022-10-07
MER05674,BookMyShow 5674,Automotive,Surat,Gujarat,Offline,2024-11-02
MER05675,Flipkart 5675,Restaurants,Pune,Maharashtra,Online,2021-03-29
MER05676,Myntra 5676,Ecommerce,Delhi,Delhi,Online,2023-07-30
MER05677,MakeMyTrip 5677,Food Delivery,Kolkata,West Bengal,Online,2021-10-16
MER05678,BigBasket 5678,Electronics,Noida,Uttar Pradesh,Online,2024-03-01
MER05679,Paytm 5679,Healthcare,Surat,Gujarat,Offline,2022-01-08
MER05680,Amazon India 5680,Entertainment,Pune,Maharashtra,Online,2021-05-22
MER05681,Swiggy 5681,Travel,Delhi,Delhi,Online,2021-10-23
MER05682,Reliance Digital 5682,Grocery,Kolkata,West Bengal,Online,2024-05-11
MER05683,Apollo Pharmacy 5683,Fashion,Noida, Uttar Pradesh ,Offline,2023-01-04
MER05684,BookMyShow 5684,Education,Surat,Gujarat,Offline,2023-02-23
MER05685,Flipkart 5685,Utilities,PUNE,Maharashtra,Offline,2021-07-28
MER05686,Myntra 5686,Automotive,,Delhi,Offline,2025-02-18
MER05687,MakeMyTrip 5687,Restaurants,Kolkata,West Bengal,Online,2022-12-05
MER05688,,Ecommerce,Noida,Uttar Pradesh,Offline,2022-08-09
MER05689,Paytm 5689,Food Delivery,Surat,Gujarat,Online,2024-05-18
MER05690,Amazon India 5690,Electronics,Pune,Maharashtra,Online,2021-02-15
MER05691,Swiggy 5691,Healthcare,Delhi,Delhi,Offline,2021-12-19
MER05692,Reliance Digital 5692,Entertainment,Kolkata,West Bengal,Online,2025-09-26
MER05693,Apollo Pharmacy 5693,Travel,Noida,Uttar Pradesh,Online,2023-05-06
MER05694,BookMyShow 5694,Grocery, Surat ,Gujarat,Online,2025-09-24
MER05695,Flipkart 5695,Fashion,Pune,Maharashtra,Online,2024-11-07
MER05696,Myntra 5696,Education,Delhi,Delhi,Online,2021-09-27
MER05697,MakeMyTrip 5697,Utilities,Kolkata, West Bengal ,Online,2023-05-09
MER05698,BigBasket 5698,Automotive,Noida,Uttar Pradesh,Online,2021-10-27
MER05699,Paytm 5699,Restaurants,Surat,,online,2022-12-08
MER05700,Amazon India 5700,Ecommerce,Pune,Maharashtra,Offline,2022-04-30
MER05701,Swiggy 5701,Food Delivery,Delhi,Delhi,Online,2025-07-25
MER05702,Reliance Digital 5702,Electronics,Kolkata,West Bengal,Online,2022-10-28
MER05703,Apollo Pharmacy 5703,Healthcare,Noida,Uttar Pradesh,Offline,2023-06-15
MER05704,BookMyShow 5704,Entertainment,Surat,Gujarat,Online,2021-08-03
MER05705,Flipkart 5705,Travel,Pune,Maharashtra,Online,2025-07-15
MER05706,Myntra 5706,Grocery,Delhi,Delhi,Online,2024-02-05
MER05707,MakeMyTrip 5707,Fashion,Kolkata,West Bengal,Online,2023-05-04
MER05708,BigBasket 5708,Education,Noida,Uttar Pradesh,Online,2023-04-02
MER05709,Paytm 5709,Utilities,Surat,Gujarat,Online,2024-12-07
MER05710,,Automotive,Pune,Maharashtra,Online,2022-11-07
MER05711,Swiggy 5711,Restaurants,Delhi,Delhi,Online,2022-03-18
MER05712,Reliance Digital 5712,Ecommerce,Kolkata, West Bengal ,Online,2022-11-14
MER05713,Apollo Pharmacy 5713,,Noida,Uttar Pradesh,Online,2024-03-11
MER05714,BookMyShow 5714,Electronics,Surat,Gujarat,Offline,2025-12-03
MER05715,Flipkart 5715,Healthcare,Pune,Maharashtra,Online,2021-12-29
MER05716,Myntra 5716,Entertainment,Delhi,Delhi,Offline,2022-03-29
MER05717,MakeMyTrip 5717,Travel,Kolkata,West Bengal,Offline,2022-01-14
MER05718,,Grocery,Noida,Uttar Pradesh,Online,2021-11-13
MER05719,Paytm 5719,Fashion,Surat,Gujarat,Offline,2024-01-22
,Amazon India 5720,Education,Pune,Maharashtra,Online,2021-04-24
MER05721,Swiggy 5721,Utilities,Delhi,Delhi,Online,2021-08-14
MER05722,Reliance Digital 5722,Automotive,Kolkata,West Bengal,Offline,2024-11-06
MER05723,Apollo Pharmacy 5723,Restaurants,Noida,Uttar Pradesh,Offline,2023-09-27
MER05724,BookMyShow 5724,Ecommerce,Surat,Gujarat,Online,2021-08-10
MER05725,Flipkart 5725,Food Delivery,Pune,Maharashtra,Online,2021-08-30
MER05726,Myntra 5726,Electronics,Delhi,Delhi,Offline,2025-08-06
MER05727,MakeMyTrip 5727,Healthcare,Kolkata,West Bengal,Online,2025-10-22
MER05728,BigBasket 5728,Entertainment,Noida,Uttar Pradesh,Online,2022-05-20
MER05729,Paytm 5729,Travel,Surat,Gujarat,Online,2025-03-03
MER05730,Amazon India 5730,Grocery,Pune,Maharashtra,Online,2022-12-22
MER05731,Swiggy 5731,Fashion,delhi,Delhi,unknown,2025-08-11
MER05732,Reliance Digital 5732,Education,,West Bengal,Online,2022-12-11
MER05733,Apollo Pharmacy 5733,Utilities,Noida,Uttar Pradesh,Online,2022-04-15
MER05734,BookMyShow 5734,Automotive,Surat,Gujarat,Offline,2025-10-18
,Flipkart 5735,Restaurants,Pune,Maharashtra,Online,2023-07-16
MER05736,Myntra 5736,Ecommerce,Delhi,Delhi,Offline,2021-02-23
MER05737,MakeMyTrip 5737,Food Delivery,Kolkata,West Bengal,Offline,2023-01-10
MER05738,BigBasket 5738,Electronics,Noida,Uttar Pradesh,Offline,2021-11-03
MER05739,Paytm 5739,,Surat,Gujarat,Online,2023-07-31
MER05740,Amazon India 5740,Entertainment,Pune,Maharashtra,online,2024-03-07
MER05741,Swiggy 5741,Travel,Delhi,Delhi,Online,2024-10-24
MER05742,Reliance Digital 5742,,Kolkata,West Bengal,Offline,2022-04-24
MER05743,Apollo Pharmacy 5743,Fashion,Noida,Uttar Pradesh,Online,2022-09-30
MER05744,BookMyShow 5744,Education,Surat,Gujarat,Offline,2021-06-17
MER05745,Flipkart 5745,Utilities,Pune,Maharashtra,Online,2025-09-11
MER05746,Myntra 5746,Automotive,Delhi,Delhi,Online,2021-05-31
MER05747,MakeMyTrip 5747,Restaurants,Kolkata,West Bengal,Offline,2025-06-16
MER05748,BigBasket 5748,Ecommerce,Noida,Uttar Pradesh,Offline,2024-04-20
MER05749,Paytm 5749,Food Delivery,Surat,Gujarat,Online,2023-03-14
,Amazon India 5750,Electronics,Pune,Maharashtra,Online,2024-01-14
MER05751,Swiggy 5751,Healthcare,Delhi,Delhi,Offline,2021-07-28
MER05752,Reliance Digital 5752,Entertainment,,West Bengal,Offline,2024-07-13
MER05753,Apollo Pharmacy 5753,Travel,Noida,Uttar Pradesh,Offline,2021-03-18
MER05754,BookMyShow 5754,Grocery,Surat,Gujarat,Online,2025-07-21
MER05755,Flipkart 5755,Fashion,Pune,Maharashtra,Online,2024-09-09
MER05756,Myntra 5756,Education,Delhi,Delhi,Offline,2025-04-07
MER05757,MakeMyTrip 5757,Utilities,Kolkata,West Bengal,Online,2023-07-28
MER05758,BigBasket 5758,Automotive,Noida,Uttar Pradesh,Online,2022-06-24
MER05759,Paytm 5759,Restaurants,Surat,Gujarat,Online,2024-10-03
MER05760,Amazon India 5760,Ecommerce,Pune,Maharashtra,Online,2021-10-09
MER05761,Swiggy 5761,Food Delivery,Delhi,Delhi,Offline,2023-12-19
MER05762,Reliance Digital 5762,Electronics,Kolkata,West Bengal,Online,2023-02-24
MER05763,Apollo Pharmacy 5763,Healthcare,Noida,Uttar Pradesh,Offline,2023-10-23
MER05764,BookMyShow 5764,Entertainment,Surat,Gujarat,Online,2022-09-13
MER05765,Flipkart 5765,Travel,Pune,Maharashtra,Online,2023-02-23
MER05766,Myntra 5766,Grocery,Delhi,Delhi,Offline,2021-09-03
MER05767,MakeMyTrip 5767,Fashion,Kolkata,West Bengal,Online,2024-08-30
MER05768,BigBasket 5768,Education,Noida,Uttar Pradesh,Online,2023-05-08
MER05769,Paytm 5769,Utilities,Surat,Gujarat,Online,2025-03-21
MER05770,Amazon India 5770,Automotive,Pune,,Online,2022-05-09
MER05771,Swiggy 5771,Restaurants,Delhi,Delhi,Offline,2025-04-14
MER05772,Reliance Digital 5772,Ecommerce,Kolkata,,Online,2022-08-16
MER05773,Apollo Pharmacy 5773,Food Delivery,Noida,Uttar Pradesh,Offline,2021-04-12
MER05774,BookMyShow 5774,Electronics,Surat,Gujarat,Online,2023-03-02
MER05775,,Healthcare,Pune,Maharashtra,Online,2025-02-21
MER05776,Myntra 5776,Entertainment, Delhi ,Delhi,Online,2021-07-21
MER05777,MakeMyTrip 5777,Travel,Kolkata,West Bengal,Online,2022-09-09
MER05778,BigBasket 5778,Grocery,Noida,Uttar Pradesh,Offline,2023-11-02
MER05779,Paytm 5779,Fashion,Surat,Gujarat,Online,2023-02-07
MER05780,Amazon India 5780,Education,Pune,Maharashtra,Online,2025-11-18
MER05781,Swiggy 5781,Utilities,Delhi,Delhi,Online,2025-01-02
MER05782,Reliance Digital 5782,Automotive,Kolkata,West Bengal,Online,2023-02-12
MER05783,Apollo Pharmacy 5783,Restaurants,Noida,Uttar Pradesh,Online,2025-07-30
MER05784,BookMyShow 5784,Ecommerce,Surat,Gujarat,Online,2023-02-08
MER05785,Flipkart 5785,Food Delivery,Pune,Maharashtra,Online,2021-01-24
MER05786,Myntra 5786,Electronics,Delhi,Delhi,OFFLINE,2023-12-24
MER05787,MakeMyTrip 5787,Healthcare,Kolkata,West Bengal,Online,2025-07-25
MER05788,BigBasket 5788,Entertainment,Noida,Uttar Pradesh,Online,2021-03-15
MER05789,Paytm 5789,Travel,Surat,Gujarat,Online,2025-02-11
MER05790,Amazon India 5790,Grocery,Pune,Maharashtra,Online,2023-05-31
MER05791,Swiggy 5791,Fashion,Delhi,Delhi,OFFLINE,2022-08-30
MER05792,Reliance Digital 5792,Education,Kolkata,West Bengal,Online,2023-02-14
MER05793,Apollo Pharmacy 5793,Utilities,Noida,Uttar Pradesh,Offline,2021-10-04
MER05794,BookMyShow 5794,Automotive,Surat,Gujarat,Online,2025-07-17
MER05795,Flipkart 5795,Restaurants,Pune,Maharashtra,Online,2025-10-27
MER05796,Myntra 5796,Ecommerce,Delhi,Delhi,Online,2022-07-12
MER05797,MakeMyTrip 5797,Food Delivery,Kolkata,West Bengal,Online,2021-06-13
MER05798,BigBasket 5798,Electronics,Noida,Uttar Pradesh,Online,2025-09-01
MER05799,Paytm 5799,Healthcare,Surat,Gujarat,Offline,2021-07-10
MER05800,Amazon India 5800,Entertainment,PUNE,Maharashtra,Online,2021-05-10
MER05801,Swiggy 5801,Travel,Delhi,Delhi,Online,2024-07-17
MER05802,Reliance Digital 5802,Grocery,Kolkata,West Bengal,Online,2021-03-20
MER05803,,Fashion,Noida,Uttar Pradesh,Online,2023-11-28
MER05804,BookMyShow 5804,Education,Surat,Gujarat,Online,2022-11-02
MER05805,Flipkart 5805,Utilities,Pune,Maharashtra,Online,2022-09-21
MER05806,Myntra 5806,Automotive,Delhi,Delhi,Offline,2022-05-24
MER05807,MakeMyTrip 5807,Restaurants,Kolkata,West Bengal,Online,2025-08-06
MER05808,BigBasket 5808,Ecommerce,,Uttar Pradesh,Online,2023-10-21
MER05809,Paytm 5809,Food Delivery,Surat,Gujarat,Online,2022-08-04
,Amazon India 5810,Electronics,Pune,Maharashtra,Online,2025-07-05
MER05811,Swiggy 5811,Healthcare,Delhi,Delhi,Online,2025-06-11
MER05812,Reliance Digital 5812,Entertainment,Kolkata,West Bengal,Online,2024-05-11
MER05813,Apollo Pharmacy 5813,Travel,Noida,Uttar Pradesh,,2023-07-03
MER05814,BookMyShow 5814,Grocery,Surat,Gujarat,Online,2021-08-19
MER05815,Flipkart 5815,Fashion,Pune,Maharashtra,Online,2023-11-20
MER05816,Myntra 5816,Education,Delhi,Delhi,Online,2023-07-19
MER05817,MakeMyTrip 5817,Utilities,Kolkata,West Bengal,Offline,2025-10-14
MER05818,,Automotive,Noida,Uttar Pradesh,Online,2021-06-11
MER05819,Paytm 5819,Restaurants,Surat,Gujarat,Offline,2021-09-13
MER05820,Amazon India 5820,Ecommerce,Pune,Maharashtra,Offline,2024-11-09
MER05821,Swiggy 5821,Food Delivery,Delhi,Delhi,Online,2025-06-03
MER05822,Reliance Digital 5822,Electronics,Kolkata,West Bengal,Online,2023-10-11
MER05823,Apollo Pharmacy 5823,Healthcare,Noida,Uttar Pradesh,Offline,2023-10-24
MER05824,BookMyShow 5824,Entertainment,Surat,Gujarat,Online,2021-11-24
MER05825,Flipkart 5825,Travel,Pune,Maharashtra,Online,2022-11-03
MER05826,Myntra 5826,Grocery,Delhi,Delhi,Online,2024-07-15
MER05827,MakeMyTrip 5827,Fashion,kolkata,West Bengal,Online,2021-05-05
MER05828,BigBasket 5828,Education,Noida,Uttar Pradesh,Online,2021-12-02
MER05829,Paytm 5829,Utilities,Surat,Gujarat,Online,2025-04-16
MER05830,Amazon India 5830,Automotive,Pune,Maharashtra,Online,2024-01-07
MER05831,Swiggy 5831,Restaurants,Delhi,Delhi,Online,2023-11-10
MER05832,Reliance Digital 5832,Ecommerce,Kolkata,West Bengal,Online,2025-09-15
MER05833,Apollo Pharmacy 5833,Food Delivery,Noida,Uttar Pradesh,,2025-08-17
,BookMyShow 5834,Electronics,Surat,Gujarat,Online,2022-07-26
MER05835,Flipkart 5835,Healthcare,Pune,Maharashtra,Offline,2022-10-13
MER05836,Myntra 5836,Entertainment,Delhi,DELHI,Online,2022-01-30
MER05837,MakeMyTrip 5837,Travel,Kolkata,West Bengal,Offline,2023-04-02
MER05838,BigBasket 5838,Grocery,Noida,uttar pradesh,Online,2021-08-03
MER05839,Paytm 5839,Fashion,Surat,Gujarat,Online,2025-05-06
MER05840,Amazon India 5840,Education,Pune,Maharashtra,Online,2023-04-13
MER05841,Swiggy 5841,Utilities,,Delhi,Offline,2023-02-17
MER05842,Reliance Digital 5842,Automotive,Kolkata,West Bengal,Offline,2024-10-04
MER05843,Apollo Pharmacy 5843,Restaurants,Noida,Uttar Pradesh,Online,2023-11-18
MER05844,BookMyShow 5844,Ecommerce,Surat,Gujarat,Online,2023-02-27
MER05845,Flipkart 5845,Food Delivery,Pune,Maharashtra,Online,2025-02-05
MER05846,Myntra 5846,Electronics,Delhi,Delhi,Online,2025-05-30
MER05847,MakeMyTrip 5847,Healthcare,Kolkata,West Bengal,Online,2023-12-20
MER05848,BigBasket 5848,Entertainment,Noida,Uttar Pradesh,Online,2023-02-15
MER05849,Paytm 5849,Travel,Surat,Gujarat,Online,2023-01-23
MER05850,Amazon India 5850,Grocery,Pune,Maharashtra,Offline,2023-07-09
MER05851,Swiggy 5851,,Delhi,Delhi,Online,2021-02-07
MER05852,Reliance Digital 5852,Education,Kolkata,West Bengal,Offline,2024-10-13
MER05853,Apollo Pharmacy 5853,Utilities,Noida,Uttar Pradesh,Online,2024-05-26
MER05854,BookMyShow 5854,Automotive,Surat,Gujarat,Offline,2024-08-11
MER05855,Flipkart 5855,Restaurants,Pune,Maharashtra,Offline,2025-04-07
MER05856,Myntra 5856,Ecommerce,Delhi,Delhi,Offline,2023-02-19
MER05857,MakeMyTrip 5857,Food Delivery,Kolkata,West Bengal,Online,2025-06-21
MER05858,BigBasket 5858,Electronics,Noida,Uttar Pradesh,Online,2023-04-03
MER05859,Paytm 5859,Healthcare,Surat,GUJARAT,Online,2024-09-27
MER05860,Amazon India 5860,Entertainment,Pune,Maharashtra,Online,2025-02-13
MER05861,Swiggy 5861,Travel,Delhi,Delhi,Offline,2023-04-03
MER05862,Reliance Digital 5862,Grocery,kolkata,West Bengal,Online,2021-06-15
MER05863,Apollo Pharmacy 5863,Fashion,Noida,Uttar Pradesh,Offline,2021-09-07
MER05864,BookMyShow 5864,Education,Surat,Gujarat,Online,2022-03-13
MER05865,Flipkart 5865,Utilities,Pune,Maharashtra,Online,2025-01-04
MER05866,Myntra 5866,Automotive,Delhi,Delhi,Offline,2021-03-18
MER05867,MakeMyTrip 5867,Restaurants,Kolkata,West Bengal,Online,2021-06-10
MER05868,BigBasket 5868,Ecommerce,Noida,Uttar Pradesh,Online,2022-08-28
MER05869,Paytm 5869,Food Delivery,Surat,Gujarat,Offline,2022-05-30
MER05870,Amazon India 5870,,Pune,Maharashtra,Online,2021-06-23
MER05871,Swiggy 5871,Healthcare,Delhi,Delhi,Online,2024-09-01
MER05872,Reliance Digital 5872,Entertainment,Kolkata,West Bengal,Offline,2022-10-01
MER05873,Apollo Pharmacy 5873,Travel,Noida,Uttar Pradesh,Online,2021-02-12
MER05874,BookMyShow 5874,Grocery,Surat,Gujarat,Offline,2021-02-20
MER05875,Flipkart 5875,Fashion,Pune,Maharashtra,Online,2025-10-13
MER05876,Myntra 5876,Education,Delhi,Delhi,Offline,2021-09-19
MER05877,MakeMyTrip 5877,,Kolkata,West Bengal,Offline,2023-11-21
MER05878,BigBasket 5878,Automotive,Noida,Uttar Pradesh,Offline,2021-02-20
MER05879,,Restaurants,Surat,Gujarat,Online,2023-02-05
MER05880,Amazon India 5880,Ecommerce,Pune,Maharashtra,Online,2021-07-06
MER05881,Swiggy 5881,Food Delivery,Delhi,Delhi,Online,2022-12-20
MER05882,Reliance Digital 5882,Electronics,Kolkata,West Bengal,Online,2021-02-16
MER05883,Apollo Pharmacy 5883,Healthcare,Noida,Uttar Pradesh,Offline,2023-05-10
MER05884,BookMyShow 5884,Entertainment,,Gujarat,Offline,2024-12-30
MER05885,Flipkart 5885,Travel,Pune,Maharashtra,Online,2025-02-01
MER05886,Myntra 5886,Grocery,Delhi,Delhi,Online,2024-11-25
MER05887,MakeMyTrip 5887,Fashion,Kolkata,West Bengal,Offline,2023-06-15
MER05888,BigBasket 5888,Education,Noida,Uttar Pradesh,Offline,2021-05-31
MER05889,Paytm 5889,Utilities,Surat,Gujarat,Offline,2022-06-27
MER05890,Amazon India 5890,Automotive, Pune ,Maharashtra,Online,2021-05-25
MER02567,,Restaurants,Kolkata,West Bengal,Online,2025-01-13
MER05892,Reliance Digital 5892,Ecommerce,Kolkata,West Bengal,Offline,2024-12-28
MER05893,Apollo Pharmacy 5893,Food Delivery,Noida,Uttar Pradesh,Online,2022-10-14
MER05894,BookMyShow 5894,Electronics,Surat,Gujarat,Online,2021-10-23
MER05895,Flipkart 5895,Healthcare,Pune,Maharashtra,Online,2024-09-07
MER05896,Myntra 5896,Entertainment,Delhi,Delhi,Online,2023-11-02
MER05897,MakeMyTrip 5897,Travel,Kolkata,West Bengal,Offline,2021-08-26
MER05898,BigBasket 5898,Grocery,Noida,Uttar Pradesh,Offline,2025-10-15
MER05899,Paytm 5899,Fashion,Surat,Gujarat,Offline,2022-01-10
MER05900,Amazon India 5900,Education,Pune,Maharashtra,Online,2024-05-05
MER05901,Swiggy 5901,Utilities,Delhi,Delhi,Offline,2025-08-29
MER05902,Reliance Digital 5902,Automotive,Kolkata,West Bengal,Online,2023-11-27
MER05903,Apollo Pharmacy 5903,Restaurants,Noida,Uttar Pradesh,Offline,2022-02-16
MER05904,BookMyShow 5904,Ecommerce,Surat,Gujarat,Online,2024-07-09
MER05905,Flipkart 5905,Food Delivery,Pune,Maharashtra,Online,2021-06-03
MER05906,Myntra 5906,Electronics,Delhi,Delhi,Offline,2022-07-03
MER05907,MakeMyTrip 5907,Healthcare,Kolkata,West Bengal,Offline,2024-12-26
MER05908,BigBasket 5908,Entertainment,Noida,Uttar Pradesh,Offline,2024-12-28
MER05909,Paytm 5909,Travel,Surat,Gujarat,Online,2025-02-06
MER05910,Amazon India 5910,Grocery,Pune,Maharashtra,Offline,2022-01-16
MER05911,,Fashion,Delhi,Delhi,Offline,2025-06-18
MER05912,Reliance Digital 5912,Education,Kolkata,West Bengal,Online,2025-09-26
MER05913,Apollo Pharmacy 5913,Utilities,Noida,Uttar Pradesh,Offline,2021-02-18
MER05914,BookMyShow 5914,Automotive,Surat,Gujarat,Online,2025-04-02
MER05915,Flipkart 5915,Restaurants,Pune,Maharashtra,Offline,2025-06-29
MER05916,Myntra 5916,,Delhi,Delhi,Offline,2021-03-28
MER05917,MakeMyTrip 5917,Food Delivery,Kolkata,West Bengal,Offline,2025-07-08
MER05918,BigBasket 5918,Electronics,Noida,Uttar Pradesh,Online,2025-05-19
MER05919,Paytm 5919,Healthcare,Surat,Gujarat,Online,2021-06-03
MER05920,Amazon India 5920,Entertainment,Pune,Maharashtra,Online,2025-05-01
MER05921,Swiggy 5921,Travel,Delhi,Delhi,Offline,2024-06-30
MER05922,Reliance Digital 5922,Grocery,Kolkata,West Bengal,Offline,2024-07-10
MER05923,,Fashion,Noida,Uttar Pradesh,Online,2023-04-02
MER05924,BookMyShow 5924,Education,Surat,Gujarat, Online ,2022-01-31
MER05925,Flipkart 5925,Utilities,Pune,Maharashtra,Online,2023-02-16
MER05926,Myntra 5926,Automotive,Delhi,Delhi,Online,2025-09-05
MER05927,MakeMyTrip 5927,Restaurants,Kolkata,West Bengal,Online,2021-01-19
MER05928,BigBasket 5928,Ecommerce,Noida,Uttar Pradesh,Online,2023-08-26
,Paytm 5929,Food Delivery,Surat,Gujarat,Offline,2022-08-09
MER05930,Amazon India 5930,Electronics,Pune,Maharashtra,Offline,2024-06-02
MER05931,Swiggy 5931,Healthcare,Delhi,Delhi,Offline,2021-01-04
MER05932,Reliance Digital 5932,Entertainment,Kolkata,West Bengal,Online,2022-04-21
MER05933,Apollo Pharmacy 5933,Travel,Noida, Uttar Pradesh ,Offline,2023-12-18
MER05934,BookMyShow 5934,Grocery,Surat,Gujarat,Online,2025-11-24
MER05935,Flipkart 5935,Fashion,Pune,Maharashtra,Online,2025-11-26
MER05936,Myntra 5936,Education,Delhi,Delhi,Offline,2024-01-17
MER05937,MakeMyTrip 5937,Utilities,Kolkata,West Bengal,Online,2022-12-08
MER05938,BigBasket 5938,Automotive,Noida,Uttar Pradesh,Online,2024-12-14
MER05939,Paytm 5939,Restaurants,Surat,Gujarat,Offline,2021-06-15
MER05940,Amazon India 5940,Ecommerce,Pune,Maharashtra,Offline,2021-08-12
MER05941,Swiggy 5941,Food Delivery,Delhi,Delhi,,2025-01-02
MER05942,Reliance Digital 5942,Electronics,Kolkata,West Bengal,Offline,2024-09-15
MER05943,Apollo Pharmacy 5943,Healthcare,Noida,Uttar Pradesh,Offline,2021-01-26
MER05944,BookMyShow 5944,Entertainment,Surat,Gujarat,Online,2025-08-25
MER05945,Flipkart 5945,Travel,Pune,Maharashtra,Online,2021-06-17
MER05946,Myntra 5946,,Delhi,Delhi,Online,2022-01-30
MER05947,MakeMyTrip 5947,Fashion,Kolkata,West Bengal,Online,2024-12-09
MER05948,BigBasket 5948,Education,Noida,Uttar Pradesh,Offline,2025-10-20
MER05949,Paytm 5949,Utilities,Surat,Gujarat,Online,2021-02-11
MER05950,Amazon India 5950,Automotive,Pune,Maharashtra,Offline,2023-01-14
MER05951,Swiggy 5951,Restaurants,Delhi,Delhi,Online,2024-04-15
MER05952,Reliance Digital 5952,Ecommerce,Kolkata,West Bengal,Online,2023-10-23
MER05953,Apollo Pharmacy 5953,Food Delivery,Noida,Uttar Pradesh,Online,2021-01-30
MER05954,BookMyShow 5954,Electronics,Surat,Gujarat,Online,2022-01-21
MER05955,Flipkart 5955,Healthcare,Pune,Maharashtra,Offline,2025-09-21
MER05956,Myntra 5956,Entertainment,Delhi,delhi,Online,2023-12-30
MER05957,MakeMyTrip 5957,Travel,Kolkata,West Bengal,Offline,2021-05-13
MER05958,BigBasket 5958,Grocery,Noida,uttar pradesh,Online,2022-11-26
MER05959,Paytm 5959,Fashion,Surat,Gujarat,Online,2024-04-20
MER05960,Amazon India 5960,Education,Pune,Maharashtra,Online,2024-11-13
MER05961,Swiggy 5961,Utilities,Delhi,Delhi,Online,2021-02-15
MER05962,Reliance Digital 5962,Automotive,Kolkata,WEST BENGAL,Online,2022-12-04
MER05963,Apollo Pharmacy 5963,Restaurants,Noida,,Online,2021-05-07
MER05964,BookMyShow 5964,Ecommerce,Surat,Gujarat,Offline,2021-08-04
MER05965,Flipkart 5965,Food Delivery,Pune,Maharashtra,Online,2025-10-23
MER05966,Myntra 5966,Electronics,Delhi,Delhi,Offline,2025-08-26
MER05967,MakeMyTrip 5967,Healthcare,Kolkata,West Bengal,Offline,2021-09-06
MER05968,BigBasket 5968,Entertainment,,Uttar Pradesh,,2021-06-17
MER05969,Paytm 5969,Travel,Surat,Gujarat,Online,2021-09-05
MER05970,Amazon India 5970,Grocery,Pune,Maharashtra,Online,2024-09-26
MER05971,Swiggy 5971,Fashion,Delhi,Delhi,Online,2021-02-11
MER05972,Reliance Digital 5972,Education,Kolkata,West Bengal,Offline,2025-02-04
MER05973,Apollo Pharmacy 5973,Utilities,Noida,Uttar Pradesh,Online,2024-11-25
MER05974,BookMyShow 5974,Automotive,Surat,Gujarat,Offline,2023-02-08
MER05975,Flipkart 5975,Restaurants,Pune,Maharashtra, Online ,2022-03-30
MER05976,Myntra 5976,Ecommerce,Delhi, Delhi ,Online,2022-07-12
MER05977,,Food Delivery,Kolkata,West Bengal,Online,2023-11-05
MER05978,BigBasket 5978,Electronics,NOIDA, Uttar Pradesh ,Offline,2021-02-15
MER05979,Paytm 5979,Healthcare,Surat,Gujarat,Offline,2025-08-24
MER05980,Amazon India 5980,Entertainment,Pune,Maharashtra,Online,2021-01-17
MER05981,Swiggy 5981,Travel,Delhi,Delhi,Online,2021-07-25
MER05982,Reliance Digital 5982,Grocery,Kolkata,West Bengal,Offline,2024-10-30
MER05983,Apollo Pharmacy 5983,Fashion,Noida,Uttar Pradesh,Online,2021-10-14
MER05984,BookMyShow 5984,Education,Surat,Gujarat,Online,2022-11-06
MER05985,Flipkart 5985,Utilities,pune,,Online,2022-04-10
MER05986,Myntra 5986,Automotive,Delhi,Delhi,Online,2022-04-01
MER05987,MakeMyTrip 5987,Restaurants,Kolkata,West Bengal,Offline,2023-02-28
MER05988,BigBasket 5988,Ecommerce,Noida,Uttar Pradesh,Online,2021-04-13
MER05989,Paytm 5989,Food Delivery,Surat,Gujarat,Online,2025-04-03
MER05990,Amazon India 5990,Electronics,Pune,Maharashtra,Online,2024-08-03
MER05991,Swiggy 5991,Healthcare,Delhi,Delhi,Online,2025-03-01
MER05992,Reliance Digital 5992,Entertainment,Kolkata,West Bengal,Online,2025-10-02
MER05993,Apollo Pharmacy 5993,Travel,Noida,Uttar Pradesh,Online,2024-12-18
MER05994,BookMyShow 5994,Grocery,Surat,Gujarat,Online,2023-07-23
MER05995,Flipkart 5995,Fashion,Pune,Maharashtra,Online,2024-06-01
MER05996,Myntra 5996,Education,Delhi,Delhi,Online,2021-08-16
MER05997,MakeMyTrip 5997,Utilities,Kolkata,West Bengal,Offline,2024-12-18
MER05998,BigBasket 5998,Automotive,Noida,Uttar Pradesh,Online,2021-05-23
MER05999,Paytm 5999,Restaurants,Surat,Gujarat,Online,2025-01-04
MER06000,Amazon India 6000,Ecommerce,Pune,Maharashtra,Offline,
MER06001,Swiggy 6001,Food Delivery,Delhi,Delhi,Offline,2021-07-18
MER06002,Reliance Digital 6002,Electronics,Kolkata,West Bengal,Online,2023-08-29
MER06003,Apollo Pharmacy 6003,Healthcare,Noida,Uttar Pradesh,Offline,2025-11-03
MER06004,BookMyShow 6004,Entertainment,Surat,Gujarat,Online,2022-08-16
MER06005,Flipkart 6005,Travel,Pune,Maharashtra,Online,2024-04-09
MER06006,Myntra 6006,Grocery,Delhi,Delhi,Online,2024-05-10
MER06007,MakeMyTrip 6007,Fashion,Kolkata,West Bengal,Online,2024-05-10
MER06008,BigBasket 6008,Education,Noida,Uttar Pradesh,Online,2024-10-13
MER06009,Paytm 6009,Utilities,Surat,Gujarat,Online,2023-08-25
MER06010,Amazon India 6010,Automotive,Pune,Maharashtra,Online,2021-04-27
MER06011,Swiggy 6011,Restaurants,Delhi,Delhi,Online,2023-01-29
MER06012,Reliance Digital 6012,Ecommerce,Kolkata,West Bengal,Online,2022-06-04
MER06013,Apollo Pharmacy 6013,Food Delivery,Noida,Uttar Pradesh,Online,2021-10-17
MER06014,BookMyShow 6014,Electronics,Surat,Gujarat,Online,2022-07-18
MER06015,Flipkart 6015,Healthcare,Pune,Maharashtra,Online,2022-11-02
MER06016,Myntra 6016,Entertainment,Delhi,Delhi,Offline,2021-07-09
MER06017,MakeMyTrip 6017,Travel,Kolkata,West Bengal,Online,2025-08-17
MER06018,BigBasket 6018,Grocery,Noida,Uttar Pradesh,Offline,2023-04-20
MER06019,Paytm 6019,Fashion,Surat,Gujarat,Online,2023-02-27
MER06020,Amazon India 6020,Education,Pune,Maharashtra,Offline,2025-10-25
MER06021,Swiggy 6021,,Delhi,Delhi,Online,2021-07-16
MER06022,Reliance Digital 6022,Automotive,Kolkata,West Bengal,Offline,2024-12-24
MER06023,Apollo Pharmacy 6023,Restaurants,Noida,Uttar Pradesh,Offline,2022-12-23
MER06024,BookMyShow 6024,Ecommerce,Surat,Gujarat,Online,2021-01-29
MER06025,Flipkart 6025,Food Delivery,Pune,Maharashtra,Online,2024-01-09
MER06026,Myntra 6026,Electronics,Delhi,Delhi,Online,2022-08-11
MER06027,MakeMyTrip 6027,Healthcare,Kolkata,West Bengal,Online,2021-10-05
MER06028,BigBasket 6028,Entertainment,Noida,Uttar Pradesh,Online,2023-03-31
MER06029,Paytm 6029,Travel,Surat,Gujarat,Offline,2021-07-25
MER06030,Amazon India 6030,Grocery,Pune,Maharashtra,Online,2022-11-30
MER06031,Swiggy 6031,Fashion,Delhi,Delhi,,2021-12-28
MER06032,Reliance Digital 6032,Education,Kolkata,West Bengal,Offline,2024-09-30
MER06033,Apollo Pharmacy 6033,Utilities,Noida,Uttar Pradesh,Online,2024-11-25
MER06034,BookMyShow 6034,Automotive,Surat,Gujarat,Online,2021-01-29
MER06035,Flipkart 6035,Restaurants,Pune,Maharashtra,Online,2022-09-06
MER06036,Myntra 6036,Ecommerce,Delhi,Delhi,Offline,2025-02-23
MER06037,MakeMyTrip 6037,Food Delivery,Kolkata,West Bengal,Online,2023-04-07
MER06038,BigBasket 6038,Electronics,NOIDA,Uttar Pradesh,Offline,2025-09-25
MER06039,Paytm 6039,Healthcare,Surat,Gujarat,Online,2021-08-31
MER06040,Amazon India 6040,Entertainment,Pune,Maharashtra,Online,2021-05-25
MER06041,Swiggy 6041,Travel,Delhi,Delhi,Online,2022-04-14
MER06042,Reliance Digital 6042,Grocery,Kolkata,West Bengal,Online,2022-03-28
MER06043,Apollo Pharmacy 6043,Fashion,Noida,Uttar Pradesh,Online,2023-11-09
MER06044,BookMyShow 6044,Education,Surat,Gujarat,Online,2024-10-21
MER06045,Flipkart 6045,Utilities,Pune,Maharashtra,Online,2021-01-06
MER06046,Myntra 6046,Automotive,Delhi,Delhi,Online,2025-11-07
MER06047,MakeMyTrip 6047,Restaurants,Kolkata,West Bengal,Online,2022-11-15
MER06048,BigBasket 6048,,Noida,Uttar Pradesh,Online,2025-06-24
MER06049,Paytm 6049,Food Delivery,Surat,Gujarat,Offline,2024-06-20
MER06050,Amazon India 6050,Electronics,Pune,Maharashtra,Offline,2021-07-26
MER06051,Swiggy 6051,Healthcare, Delhi ,Delhi,Online,2022-11-28
MER06052,Reliance Digital 6052,Entertainment,Kolkata,West Bengal,Offline,2024-11-06
MER06053,Apollo Pharmacy 6053,Travel,Noida,Uttar Pradesh,Online,2022-09-06
MER06054,BookMyShow 6054,Grocery,Surat,Gujarat,Offline,2023-01-23
MER06055,Flipkart 6055,Fashion,Pune,Maharashtra,Online,2022-08-30
MER06056,Myntra 6056,Education,Delhi,Delhi,Offline,2021-03-03
MER06057,MakeMyTrip 6057,Utilities,Kolkata,West Bengal,Offline,2022-08-01
MER06058,BigBasket 6058,Automotive,Noida,Uttar Pradesh,Offline,2025-01-25
MER06059,Paytm 6059,Restaurants,Surat,Gujarat,Offline,2022-11-30
MER06060,Amazon India 6060,Ecommerce,Pune,Maharashtra,Online,2024-02-08
MER06061,Swiggy 6061,Food Delivery,Delhi,Delhi,Offline,2021-08-09
MER06062,Reliance Digital 6062,Electronics,Kolkata,West Bengal,Online,2024-11-01
MER06063,Apollo Pharmacy 6063,Healthcare,Noida,Uttar Pradesh,Online,2023-12-18
MER06064,BookMyShow 6064,Entertainment,Surat,Gujarat,Online,2023-08-02
MER06065,Flipkart 6065,Travel,Pune,Maharashtra, Online ,2021-01-17
MER06066,Myntra 6066,Grocery,Delhi,Delhi,Offline,2024-07-25
MER06067,MakeMyTrip 6067,Fashion,Kolkata,West Bengal,Offline,2025-02-12
MER06068,BigBasket 6068,Education,Noida,Uttar Pradesh,Online,2023-07-17
MER06069,Paytm 6069,Utilities,Surat,Gujarat,Online,2021-01-27
MER06070,Amazon India 6070,Automotive,Pune,Maharashtra,Online,2024-12-13
MER06071,Swiggy 6071,Restaurants,Delhi,Delhi,Online,2024-06-06
MER01731,Swiggy 1731,Healthcare,Delhi,Delhi,Online,2024-03-10
MER06073,Apollo Pharmacy 6073,Food Delivery,Noida,Uttar Pradesh,Offline,2025-01-19
MER06074,BookMyShow 6074,Electronics,Surat,Gujarat,Offline,2023-10-20
MER06075,Flipkart 6075,Healthcare,Pune,Maharashtra,Online,2024-02-20
MER06076,Myntra 6076,Entertainment,Delhi,Delhi,Online,2024-07-04
MER06077,MakeMyTrip 6077,Travel,Kolkata,West Bengal,Online,2025-11-29
MER06078,BigBasket 6078,Grocery,Noida,Uttar Pradesh,Online,2024-11-03
MER06079,Paytm 6079,Fashion,Surat,Gujarat,Offline,2022-10-21
MER06080,Amazon India 6080,Education,Pune,Maharashtra,Online,2022-04-25
MER06081,Swiggy 6081,,Delhi,Delhi,Offline,2022-09-25
MER06082,Reliance Digital 6082,Automotive,Kolkata,West Bengal,Online,2021-04-24
MER06083,Apollo Pharmacy 6083,Restaurants,Noida,Uttar Pradesh,Online,2021-12-16
MER06084,BookMyShow 6084,Ecommerce,Surat,Gujarat,Online,2022-09-06
MER06085,Flipkart 6085,Food Delivery,Pune,Maharashtra,Online,2023-09-12
MER06086,Myntra 6086,Electronics,Delhi,Delhi,Offline,2024-11-02
MER06087,MakeMyTrip 6087,Healthcare,Kolkata,West Bengal,Offline,2024-04-01
MER06088,BigBasket 6088,Entertainment,Noida,Uttar Pradesh,Online,2021-09-16
MER06089,Paytm 6089,Travel,Surat,Gujarat,Online,2024-07-19
MER06090,Amazon India 6090,Grocery,Pune,Maharashtra,Online,2021-05-26
MER06091,Swiggy 6091,Fashion,Delhi,DELHI,Offline,2024-08-23
MER06092,Reliance Digital 6092,Education,Kolkata,West Bengal,Online,2024-05-24
MER06093,Apollo Pharmacy 6093,Utilities,Noida,Uttar Pradesh,Online,2024-11-11
MER06094,BookMyShow 6094,Automotive,Surat,Gujarat,Offline,2021-08-21
MER06095,Flipkart 6095,Restaurants,Pune,maharashtra,Online,2021-03-08
MER06096,Myntra 6096,Ecommerce,Delhi,Delhi,Offline,2024-09-22
MER06097,MakeMyTrip 6097,Food Delivery,Kolkata,West Bengal,Online,2023-07-13
MER06098,BigBasket 6098,Electronics,Noida,Uttar Pradesh,Online,2025-04-10
MER06099,Paytm 6099,Healthcare,Surat,Gujarat,Offline,2024-02-12
MER06100,Amazon India 6100,Entertainment,Pune,Maharashtra,Online,2025-02-10
MER06101,Swiggy 6101,Travel,Delhi,Delhi,Offline,2024-10-05
MER06102,Reliance Digital 6102,Grocery,Kolkata,West Bengal,Online,2021-03-07
MER06103,Apollo Pharmacy 6103,Fashion,Noida,Uttar Pradesh,Online,
MER06104,BookMyShow 6104,Education,Surat,Gujarat,Online,2021-04-30
MER06105,Flipkart 6105,Utilities,Pune,Maharashtra,Offline,2023-06-21
MER06106,Myntra 6106,Automotive,Delhi,Delhi,Online,2024-12-22
MER06107,MakeMyTrip 6107,Restaurants,Kolkata,West Bengal,Online,2024-10-27
MER06108,BigBasket 6108,Ecommerce,Noida,Uttar Pradesh,Offline,2025-03-20
MER06109,Paytm 6109,Food Delivery,Surat,Gujarat,Online,2025-05-15
MER06110,Amazon India 6110,Electronics,Pune,Maharashtra,Online,2021-09-13
MER06111,Swiggy 6111,Healthcare,Delhi,Delhi,Offline,2024-10-27
MER06112,Reliance Digital 6112,Entertainment,kolkata,,Offline,2024-01-08
,Apollo Pharmacy 6113,Travel,Noida,Uttar Pradesh,Online,2022-10-23
MER06114,BookMyShow 6114,Grocery,Surat,Gujarat,Online,2025-05-12
MER06115,Flipkart 6115,Fashion,Pune,Maharashtra,Online,2022-12-30
MER06116,Myntra 6116,Education,Delhi,Delhi,Online,2025-07-23
MER06117,MakeMyTrip 6117,Utilities,Kolkata,West Bengal,Online,2024-02-08
MER06118,BigBasket 6118,Automotive,Noida,Uttar Pradesh,Online,2025-02-08
MER06119,Paytm 6119,Restaurants,Surat,Gujarat,Online,2024-09-06
MER06120,Amazon India 6120,Ecommerce,Pune,Maharashtra,Offline,2021-06-12
MER06121,Swiggy 6121,Food Delivery,Delhi,Delhi,Online,2021-05-15
MER06122,Reliance Digital 6122,Electronics,Kolkata,West Bengal,Online,2021-08-24
MER06123,Apollo Pharmacy 6123,Healthcare,,Uttar Pradesh,Offline,2024-06-17
MER06124,BookMyShow 6124,Entertainment,Surat,Gujarat,Online,2023-10-26
MER06125,Flipkart 6125,Travel,Pune,Maharashtra,Offline,2021-02-13
MER06126,Myntra 6126,Grocery,Delhi,Delhi,Offline,2022-01-20
MER06127,MakeMyTrip 6127,Fashion,Kolkata,West Bengal,Online,2024-10-11
MER06128,BigBasket 6128,Education,Noida,Uttar Pradesh,Offline,2025-11-05
MER06129,Paytm 6129,Utilities,Surat,Gujarat,Online,2021-08-03
MER06130,Amazon India 6130,Automotive,Pune,Maharashtra,Online,2022-07-17
MER06131,Swiggy 6131,Restaurants,Delhi,Delhi, Online ,2021-07-05
MER06132,Reliance Digital 6132,Ecommerce,Kolkata,West Bengal,Online,2022-03-07
,Apollo Pharmacy 6133,Food Delivery,Noida,Uttar Pradesh,Online,2022-10-13
MER06134,BookMyShow 6134,Electronics,Surat,Gujarat,Online,2025-09-09
MER06135,Flipkart 6135,Healthcare,Pune,MAHARASHTRA,Online,2022-05-05
MER06136,Myntra 6136,Entertainment,delhi,Delhi,Online,2023-06-25
MER06137,MakeMyTrip 6137,Travel,Kolkata,West Bengal,Offline,2021-05-03
MER06138,BigBasket 6138,Grocery,Noida,Uttar Pradesh,Online,2024-11-22
MER06139,Paytm 6139,Fashion,Surat,Gujarat,Online,2024-11-20
MER06140,Amazon India 6140,Education,Pune,Maharashtra,Online,2021-02-17
MER06141,Swiggy 6141,Utilities,Delhi,Delhi,Online,2021-02-04
MER06142,Reliance Digital 6142,Automotive,Kolkata,West Bengal,Online,2025-09-10
MER06143,Apollo Pharmacy 6143,Restaurants,Noida,Uttar Pradesh,Online,2022-12-30
MER06144,BookMyShow 6144,Ecommerce,Surat,Gujarat,Online,2024-03-26
MER06145,Flipkart 6145,Food Delivery,Pune,Maharashtra,Online,2023-06-04
MER06146,Myntra 6146,Electronics,Delhi,Delhi,Online,2022-03-26
MER06147,MakeMyTrip 6147,Healthcare,Kolkata,West Bengal,Offline,2025-01-08
MER06148,BigBasket 6148,Entertainment,Noida,Uttar Pradesh,Offline,2021-06-28
MER06149,Paytm 6149,Travel,Surat,Gujarat,Offline,2023-06-20
MER06150,Amazon India 6150,Grocery,Pune,Maharashtra,Online,2021-10-13
MER06151,Swiggy 6151,Fashion,Delhi,Delhi,Online,2022-02-07
MER06152,Reliance Digital 6152,Education,Kolkata,West Bengal,Offline,2021-01-01
MER06153,Apollo Pharmacy 6153,Utilities,Noida,Uttar Pradesh,Offline,2025-03-01
MER06154,BookMyShow 6154,Automotive,Surat,Gujarat,Offline,2022-09-19
MER06155,Flipkart 6155,Restaurants,Pune,Maharashtra,Offline,2024-10-01
MER06156,Myntra 6156,Ecommerce,Delhi,Delhi,Offline,2022-02-24
MER06157,MakeMyTrip 6157,Food Delivery,Kolkata,West Bengal,Online,2025-07-15
MER06158,BigBasket 6158,Electronics,Noida,Uttar Pradesh,Online,2021-03-05
MER06159,Paytm 6159,Healthcare,Surat,Gujarat,Online,2021-03-07
MER06160,Amazon India 6160,Entertainment,Pune,Maharashtra,Offline,2025-06-24
MER06161,Swiggy 6161,Travel,Delhi,Delhi,Online,2023-04-19
MER06162,Reliance Digital 6162,Grocery,Kolkata,West Bengal,Online,2025-05-14
MER06163,Apollo Pharmacy 6163,Fashion,Noida,Uttar Pradesh,Online,2023-06-25
MER06164,,Education,Surat,Gujarat,Online,2023-09-03
MER06165,Flipkart 6165,Utilities,Pune,MAHARASHTRA,Offline,2023-02-18
MER06166,Myntra 6166,Automotive,Delhi,Delhi,Online,2022-09-29
MER06167,MakeMyTrip 6167,Restaurants,Kolkata,West Bengal,Online,2022-03-09
MER06168,BigBasket 6168,Ecommerce,Noida,Uttar Pradesh,Online,2025-07-22
MER06169,Paytm 6169,Food Delivery,Surat,Gujarat,Online,2025-05-31
,Amazon India 6170,Electronics,Pune,Maharashtra,unknown,
MER06171,Swiggy 6171,Healthcare,Delhi,Delhi,Online,2025-03-12
MER06172,Reliance Digital 6172,Entertainment,Kolkata,West Bengal,Offline,2025-09-24
MER06173,Apollo Pharmacy 6173,Travel,Noida,Uttar Pradesh,Offline,2022-07-02
MER06174,BookMyShow 6174,Grocery,Surat,Gujarat,Online,
MER06175,Flipkart 6175,Fashion,Pune,Maharashtra,Online,2025-08-04
MER06176,Myntra 6176,Education,Delhi,Delhi,Online,2023-04-26
MER06177,MakeMyTrip 6177,Utilities,Kolkata,West Bengal,Online,2022-03-03
MER06178,BigBasket 6178,Automotive,Noida,Uttar Pradesh,Offline,2023-02-08
MER06179,Paytm 6179,Restaurants,Surat,Gujarat,Online,2022-01-09
MER06180,Amazon India 6180,Ecommerce,Pune,Maharashtra,Offline,2024-05-09
MER06181,Swiggy 6181,Food Delivery,Delhi,Delhi,Online,2025-04-01
MER06182,Reliance Digital 6182,Electronics,Kolkata,West Bengal,Online,2024-05-05
,Apollo Pharmacy 6183,Healthcare,Noida,Uttar Pradesh,Online,2025-12-02
MER06184,BookMyShow 6184,Entertainment,Surat,Gujarat,Online,2024-11-18
MER06185,Flipkart 6185,Travel,Pune,Maharashtra,Online,2023-07-18
MER06186,Myntra 6186,Grocery,Delhi,Delhi,Online,2022-12-30
MER06187,MakeMyTrip 6187,Fashion,Kolkata,West Bengal,Offline,2024-10-18
MER06188,BigBasket 6188,Education,Noida,Uttar Pradesh,Online,2022-06-22
MER06189,Paytm 6189,Utilities,Surat,Gujarat,Online,2025-10-02
MER06190,Amazon India 6190,Automotive,Pune,Maharashtra,Online,2023-02-18
MER09487,MakeMyTrip 9487,Fashion,Kolkata,West Bengal,Offline,2021-10-21
MER06192,Reliance Digital 6192,Ecommerce,Kolkata,West Bengal,Online,2023-01-09
MER06193,Apollo Pharmacy 6193,Food Delivery,Noida,Uttar Pradesh,Online,2024-10-14
MER06194,BookMyShow 6194,Electronics,Surat,Gujarat,Online,2025-04-11
MER06195,Flipkart 6195,Healthcare,Pune,Maharashtra,Offline,2025-11-07
MER06196,Myntra 6196,Entertainment,Delhi,Delhi,Online,2023-05-22
MER06197,MakeMyTrip 6197,Travel,Kolkata,West Bengal,Online,2021-09-07
MER06198,BigBasket 6198,Grocery,Noida,Uttar Pradesh,Online,2025-04-09
MER06199,Paytm 6199,Fashion,Surat,Gujarat,Offline,2025-08-04
MER06200,Amazon India 6200,Education,Pune,Maharashtra,Online,2025-01-27
MER06201,Swiggy 6201,Utilities,Delhi,Delhi,Online,2021-06-08
MER06202,Reliance Digital 6202,Automotive,Kolkata,West Bengal,Online,2021-05-16
MER06203,Apollo Pharmacy 6203,Restaurants,Noida,Uttar Pradesh,Online,2022-12-17
MER06204,BookMyShow 6204,Ecommerce,Surat,Gujarat,Online,2021-12-20
MER06205,Flipkart 6205,Food Delivery,Pune,Maharashtra,Online,2021-08-29
MER06206,Myntra 6206,Electronics,Delhi,Delhi,Online,2022-06-26
MER06207,MakeMyTrip 6207,Healthcare,Kolkata,West Bengal,Offline,2025-04-27
MER06208,BigBasket 6208,Entertainment,Noida,Uttar Pradesh,Online,2024-07-30
MER06209,Paytm 6209,Travel,Surat,Gujarat,Online,2021-01-20
MER06210,Amazon India 6210,Grocery,Pune,Maharashtra,Online,2021-11-12
MER06211,Swiggy 6211,Fashion,Delhi,Delhi,Online,2022-02-11
MER06212,Reliance Digital 6212,Education,Kolkata,West Bengal,Online,2022-02-10
MER06213,Apollo Pharmacy 6213,Utilities,Noida,Uttar Pradesh,Online,2023-02-04
MER06214,BookMyShow 6214,Automotive,Surat,Gujarat,Online,2025-09-02
MER06215,Flipkart 6215,Restaurants,Pune,Maharashtra,Online,2022-08-21
MER06216,Myntra 6216,Ecommerce,Delhi,Delhi,Online,2025-06-22
MER06217,MakeMyTrip 6217,Food Delivery,Kolkata,West Bengal,Offline,2022-04-28
MER06218,BigBasket 6218,Electronics,Noida,Uttar Pradesh,Online,2021-09-03
MER06219,Paytm 6219,Healthcare,Surat,Gujarat,Online,2021-07-05
MER06220,Amazon India 6220,Entertainment,Pune,Maharashtra,Online,2024-02-20
MER06221,Swiggy 6221,Travel,Delhi,Delhi,Online,2022-03-01
MER06222,Reliance Digital 6222,Grocery,Kolkata,West Bengal,Online,2021-04-28
MER06223,Apollo Pharmacy 6223,Fashion,Noida,Uttar Pradesh,Offline,2022-03-03
MER06224,BookMyShow 6224,Education,Surat,Gujarat,OFFLINE,2024-04-24
MER06225,Flipkart 6225,Utilities,Pune,Maharashtra,Online,2025-02-04
MER06226,Myntra 6226,Automotive,Delhi,Delhi,Online,2025-02-17
MER06227,MakeMyTrip 6227,Restaurants,Kolkata,West Bengal,Online,2025-03-08
MER06228,BigBasket 6228,Ecommerce,Noida,Uttar Pradesh,Online,2022-08-12
MER06229,Paytm 6229,Food Delivery,Surat,Gujarat,Offline,2023-12-16
MER06230,Amazon India 6230,Electronics,Pune,Maharashtra,Offline,2024-11-02
MER06231,Swiggy 6231,Healthcare,Delhi,Delhi,Online,2025-06-25
MER06232,Reliance Digital 6232,Entertainment,Kolkata,West Bengal,Online,2021-10-10
MER06233,Apollo Pharmacy 6233,Travel,Noida,Uttar Pradesh, Online ,2023-11-23
MER06234,BookMyShow 6234,Grocery,Surat,Gujarat,,2023-01-11
MER06235,Flipkart 6235,Fashion,Pune,Maharashtra,,2024-05-12
MER06236,Myntra 6236,Education,Delhi,Delhi,Offline,2024-09-28
MER06237,MakeMyTrip 6237,Utilities,Kolkata,West Bengal,Online,2023-05-07
MER06238,BigBasket 6238,Automotive,Noida,Uttar Pradesh,Offline,2024-05-27
MER06239,Paytm 6239,Restaurants,Surat,Gujarat,Online,2023-06-01
MER06240,Amazon India 6240,Ecommerce,Pune,Maharashtra,Online,2022-12-17
MER06241,Swiggy 6241,Food Delivery,Delhi,Delhi,Online,2023-02-08
MER06242,Reliance Digital 6242,Electronics,Kolkata,West Bengal,Online,2022-09-12
MER06243,Apollo Pharmacy 6243,Healthcare,Noida,Uttar Pradesh,Offline,2022-01-18
MER06244,BookMyShow 6244,Entertainment,Surat,Gujarat,Online,2021-01-31
MER06245,Flipkart 6245,Travel,Pune,Maharashtra,Online,2022-10-22
MER06246,Myntra 6246,Grocery,Delhi,Delhi,Offline,2023-11-09
MER06247,MakeMyTrip 6247,Fashion,Kolkata,West Bengal,Online,2022-01-05
MER06248,BigBasket 6248,Education,Noida,Uttar Pradesh,Online,2025-10-28
MER06249,Paytm 6249,Utilities,Surat,Gujarat,Online,2025-08-05
MER06250,Amazon India 6250,Automotive,Pune,Maharashtra,Offline,2023-05-31
MER06251,Swiggy 6251,Restaurants,Delhi,Delhi,Offline,2025-05-28
MER06252,Reliance Digital 6252,Ecommerce,Kolkata,West Bengal,Online,2025-12-02
MER06253,Apollo Pharmacy 6253,Food Delivery,Noida,Uttar Pradesh,Online,2024-03-11
MER06254,BookMyShow 6254,Electronics,Surat,Gujarat,Online,2024-06-30
MER06255,Flipkart 6255,Healthcare,Pune,Maharashtra,Offline,2024-11-20
MER06256,Myntra 6256,Entertainment,Delhi,Delhi,Offline,2023-08-22
MER06257,MakeMyTrip 6257,Travel,Kolkata,West Bengal,Offline,2023-01-05
MER05775,,Healthcare,Pune,Maharashtra,Online,2025-02-21
MER06259,Paytm 6259,Fashion,Surat,Gujarat,Online,2021-02-11
MER06260,Amazon India 6260,Education,Pune,Maharashtra,Online,2024-01-10
MER06261,Swiggy 6261,Utilities,Delhi,DELHI,,2024-06-09
MER06262,Reliance Digital 6262,Automotive,Kolkata,West Bengal,Online,2024-08-28
MER06263,Apollo Pharmacy 6263,Restaurants,Noida,UTTAR PRADESH,Online,2022-01-31
MER06264,BookMyShow 6264,Ecommerce,Surat,Gujarat,Online,2025-01-21
MER06265,Flipkart 6265,Food Delivery,Pune,Maharashtra,Online,2025-05-10
MER06266,Myntra 6266,,Delhi,Delhi,Online,2024-10-26
MER06267,MakeMyTrip 6267,Healthcare,Kolkata,West Bengal,Offline,2024-04-21
MER06268,BigBasket 6268,Entertainment,Noida,Uttar Pradesh,Online,2022-09-26
MER06269,Paytm 6269,Travel,Surat,Gujarat,Online,2024-11-04
MER06270,Amazon India 6270,Grocery,Pune,Maharashtra,Online,2025-03-20
MER06271,Swiggy 6271,Fashion,Delhi,Delhi,Offline,2025-11-10
MER06272,Reliance Digital 6272,Education,Kolkata,West Bengal,Online,2022-02-21
MER06273,Apollo Pharmacy 6273,Utilities,Noida,Uttar Pradesh,Online,2024-04-26
MER06274,BookMyShow 6274,Automotive,Surat,Gujarat,Offline,2023-09-21
MER06275,Flipkart 6275,Restaurants,Pune,Maharashtra,Online,2025-01-05
MER06276,Myntra 6276,Ecommerce,Delhi,Delhi,Online,2024-08-19
MER06277,MakeMyTrip 6277,Food Delivery,Kolkata,West Bengal,Online,2025-10-02
MER06278,BigBasket 6278,Electronics,Noida,Uttar Pradesh,Offline,2023-05-31
MER06279,Paytm 6279,Healthcare,Surat,Gujarat,Offline,2022-08-22
MER06280,Amazon India 6280,Entertainment,,Maharashtra,Online,2021-09-07
MER06281,Swiggy 6281,Travel,Delhi,Delhi,Online,2023-11-21
MER06282,Reliance Digital 6282,Grocery,Kolkata,West Bengal,Online,2021-01-10
MER06283,Apollo Pharmacy 6283,Fashion,Noida,Uttar Pradesh,Online,2022-03-20
MER06284,BookMyShow 6284,Education,Surat,Gujarat,Online,2022-03-26
MER06285,Flipkart 6285,Utilities,Pune,Maharashtra,Online,2024-04-30
MER06286,Myntra 6286,,Delhi,Delhi,Offline,2024-11-07
MER06287,MakeMyTrip 6287,Restaurants,Kolkata,West Bengal,Offline,2023-10-27
MER06288,BigBasket 6288,Ecommerce,Noida,Uttar Pradesh,Online,2021-06-23
MER06289,Paytm 6289,Food Delivery,surat,Gujarat,Online,2023-11-13
MER06290,Amazon India 6290,Electronics,Pune,,Online,2025-04-07
MER06291,Swiggy 6291,Healthcare,Delhi,Delhi,Offline,2025-04-23
MER06292,Reliance Digital 6292,Entertainment,Kolkata,West Bengal,Offline,2025-02-14
MER06293,Apollo Pharmacy 6293,Travel,Noida,Uttar Pradesh,Offline,2025-07-27
MER06294,BookMyShow 6294,Grocery,Surat,Gujarat,Offline,2021-09-03
MER06295,Flipkart 6295,Fashion,Pune,Maharashtra,Online,2024-04-08
MER06296,Myntra 6296,Education,Delhi,Delhi,Online,2021-08-03
MER06297,MakeMyTrip 6297,Utilities,Kolkata,West Bengal,Online,2023-04-07
MER06298,BigBasket 6298,Automotive,Noida,Uttar Pradesh,Online,2022-07-05
MER06299,Paytm 6299,Restaurants,Surat,Gujarat,Offline,2023-10-27
MER06300,Amazon India 6300,Ecommerce,Pune,Maharashtra,Offline,2021-07-31
MER06301,Swiggy 6301,Food Delivery,Delhi,Delhi,Offline,2021-05-13
MER06302,Reliance Digital 6302,Electronics,Kolkata,West Bengal,Online,
MER06303,Apollo Pharmacy 6303,Healthcare,Noida,Uttar Pradesh,Online,2023-01-09
,BookMyShow 6304,Entertainment, Surat ,Gujarat,Online,2024-08-09
MER06305,Flipkart 6305,Travel,Pune,Maharashtra,Offline,2021-12-08
MER06306,Myntra 6306,Grocery,Delhi,Delhi,Online,2023-06-03
MER06307,MakeMyTrip 6307,,Kolkata,West Bengal,Online,2025-03-01
MER02405,Flipkart 2405,Travel,Pune,Maharashtra,Offline,2021-04-02
MER06309,Paytm 6309,Utilities,Surat,Gujarat, Online ,2025-10-03
MER06310,Amazon India 6310,Automotive,Pune,Maharashtra,Online,2023-06-08
MER06311,Swiggy 6311,Restaurants,Delhi,Delhi,Offline,2024-09-11
MER06312,Reliance Digital 6312,Ecommerce,Kolkata,West Bengal,Offline,2022-04-14
MER06313,Apollo Pharmacy 6313,Food Delivery,Noida,Uttar Pradesh,Offline,2022-05-03
MER06314,BookMyShow 6314,Electronics,Surat,Gujarat,Online,2023-07-15
MER06315,Flipkart 6315,Healthcare,Pune,Maharashtra,Online,2021-06-21
MER06316,Myntra 6316,Entertainment,Delhi,Delhi,Online,2024-03-09
MER06317,MakeMyTrip 6317,Travel,Kolkata,West Bengal,Online,2024-07-30
MER06318,BigBasket 6318,Grocery,Noida,Uttar Pradesh,,2023-01-08
MER06319,Paytm 6319,Fashion,Surat,Gujarat,Online,2025-07-01
MER06320,Amazon India 6320,Education,Pune,Maharashtra,Offline,2021-03-04
MER06321,Swiggy 6321,Utilities,Delhi,Delhi,,2023-01-27
MER06322,Reliance Digital 6322,Automotive,Kolkata,,Online,2024-11-14
MER06323,Apollo Pharmacy 6323,Restaurants,Noida,Uttar Pradesh,Online,2021-08-08
MER06324,BookMyShow 6324,Ecommerce,Surat,Gujarat,Online,2022-03-25
MER06325,,Food Delivery,Pune,Maharashtra,Online,2024-03-11
MER06326,Myntra 6326,Electronics,Delhi,,Online,2021-01-16
MER06327,MakeMyTrip 6327,Healthcare,Kolkata,West Bengal,Offline,2025-06-11
MER06328,BigBasket 6328,Entertainment,Noida,Uttar Pradesh,Online,2023-09-18
MER06329,Paytm 6329,Travel,Surat,Gujarat,Online,2025-08-23
MER06330,Amazon India 6330,Grocery,Pune,Maharashtra,Online,2023-09-09
MER06331,Swiggy 6331,Fashion,Delhi,Delhi,Online,2021-03-14
MER06332,Reliance Digital 6332,Education,Kolkata,West Bengal,Offline,2021-06-09
MER06333,Apollo Pharmacy 6333,Utilities,Noida,UTTAR PRADESH,Online,2022-09-01
MER06334,BookMyShow 6334,Automotive,Surat,Gujarat,Online,2021-01-06
MER06335,Flipkart 6335,Restaurants,Pune,Maharashtra,Online,2025-08-30
MER01188,BigBasket 1188,Ecommerce,Noida,Uttar Pradesh,Offline,2023-05-19
MER06337,MakeMyTrip 6337,Food Delivery,Kolkata,West Bengal,Online,2025-07-02
MER06338,BigBasket 6338,Electronics,Noida,,Offline,2024-01-28
MER06339,Paytm 6339,Healthcare,Surat,Gujarat,Online,2024-05-08
MER06340,Amazon India 6340,Entertainment,Pune,Maharashtra,Online,2024-01-28
MER06341,Swiggy 6341,Travel,Delhi,Delhi,Online,2024-08-17
MER06342,Reliance Digital 6342,Grocery,Kolkata,West Bengal,Online,2023-04-03
MER06343,Apollo Pharmacy 6343,Fashion,Noida,Uttar Pradesh,Offline,2023-07-30
MER06344,BookMyShow 6344,Education,Surat,Gujarat,Online,2024-08-11
MER06345,Flipkart 6345,Utilities,Pune,Maharashtra,Offline,2021-04-20
,Myntra 6346,Automotive,Delhi,Delhi,Offline,2025-10-30
MER06347,MakeMyTrip 6347,Restaurants,Kolkata,West Bengal,Offline,2023-03-01
MER06348,BigBasket 6348,Ecommerce,Noida,Uttar Pradesh,Offline,2025-03-12
MER06349,Paytm 6349,Food Delivery,Surat,Gujarat,Online,2022-08-12
MER06350,Amazon India 6350,Electronics,Pune,Maharashtra,Online,2021-09-26
MER06351,Swiggy 6351,Healthcare,Delhi,Delhi,Online,2023-05-15
MER06352,Reliance Digital 6352,Entertainment,Kolkata,West Bengal,Online,2021-04-05
MER06353,Apollo Pharmacy 6353,Travel,Noida,Uttar Pradesh,Online,2025-11-11
MER06354,BookMyShow 6354,Grocery,Surat,Gujarat,,2023-06-02
MER06355,Flipkart 6355,Fashion,Pune,Maharashtra,Online,2024-07-30
MER06356,Myntra 6356,Education,Delhi,Delhi,Offline,2023-02-04
MER06357,MakeMyTrip 6357,Utilities,Kolkata,West Bengal,Offline,2024-10-31
MER06358,BigBasket 6358,Automotive,Noida,Uttar Pradesh,Offline,2024-11-23
MER06359,Paytm 6359,Restaurants,Surat,Gujarat,Offline,2022-08-31
MER06360,Amazon India 6360,Ecommerce,Pune,Maharashtra,Online,2021-12-29
,Swiggy 6361,Food Delivery,Delhi,Delhi,Offline,2022-05-21
MER06362,Reliance Digital 6362,Electronics,KOLKATA,West Bengal,Online,2025-01-12
MER06363,,Healthcare,Noida,Uttar Pradesh,Online,2022-03-22
MER06364,BookMyShow 6364,Entertainment,Surat,Gujarat,Online,2021-07-03
MER06365,Flipkart 6365,Travel,Pune,Maharashtra,Offline,2025-02-08
,Myntra 6366,Grocery,Delhi,Delhi,Offline,2022-05-31
MER06367,MakeMyTrip 6367,Fashion,Kolkata,West Bengal,Online,
MER06368,BigBasket 6368,Education,Noida,Uttar Pradesh,Offline,2023-06-05
MER06369,Paytm 6369,,Surat,Gujarat,Online,2022-02-02
MER06370,Amazon India 6370,Automotive,Pune,Maharashtra,Offline,2023-07-21
MER06371,Swiggy 6371,Restaurants,Delhi,Delhi,Offline,2023-07-22
MER06372,Reliance Digital 6372,Ecommerce,Kolkata,West Bengal,Online,2025-08-07
MER06373,Apollo Pharmacy 6373,Food Delivery,Noida,Uttar Pradesh,Online,2024-07-24
MER06374,BookMyShow 6374,Electronics,Surat,Gujarat,Offline,2022-04-15
MER06375,Flipkart 6375,Healthcare,Pune,Maharashtra,Online,2025-03-20
MER06376,Myntra 6376,Entertainment,Delhi,Delhi,Offline,2022-10-07
MER06377,MakeMyTrip 6377,Travel,Kolkata,West Bengal,Online,2025-10-18
,BigBasket 6378,Grocery,Noida,Uttar Pradesh,Online,2022-06-04
MER06379,Paytm 6379,Fashion,Surat,Gujarat,Offline,2025-08-04
MER06380,Amazon India 6380,Education,Pune,Maharashtra,Offline,2022-02-27
MER06381,Swiggy 6381,Utilities,Delhi,Delhi,Offline,2024-07-30
MER06382,Reliance Digital 6382,Automotive,Kolkata,West Bengal,Online,2021-05-30
MER06383,Apollo Pharmacy 6383,Restaurants,Noida,Uttar Pradesh,Online,2023-08-19
MER06384,BookMyShow 6384,Ecommerce,Surat,Gujarat,Offline,2021-12-07
MER06385,Flipkart 6385,Food Delivery,Pune,Maharashtra,Online,2021-09-11
MER06386,Myntra 6386,,Delhi,Delhi,Offline,2021-11-14
MER06387,MakeMyTrip 6387,Healthcare,Kolkata,West Bengal,,2025-09-30
MER06388,BigBasket 6388,Entertainment,Noida,Uttar Pradesh,Offline,2022-12-31
MER06389,Paytm 6389,Travel,Surat,Gujarat,Online,2024-08-15
MER06390,Amazon India 6390,Grocery,Pune,Maharashtra,Offline,2024-04-23
MER06391,,Fashion,Delhi,Delhi,Online,2023-05-15
MER06392,Reliance Digital 6392,,Kolkata,West Bengal,Online,2021-01-22
MER06393,Apollo Pharmacy 6393,,Noida,Uttar Pradesh,Online,2025-10-10
MER06394,BookMyShow 6394,Automotive,Surat,Gujarat,Online,2024-01-05
MER06395,Flipkart 6395,Restaurants,Pune,Maharashtra,Online,2024-03-15
MER06396,Myntra 6396,Ecommerce,Delhi,DELHI,Online,2025-02-24
MER06397,MakeMyTrip 6397,Food Delivery,Kolkata,West Bengal,Online,2023-01-23
MER06398,BigBasket 6398,Electronics,Noida,Uttar Pradesh,Online,
MER06399,Paytm 6399,,Surat,Gujarat,Online,2024-07-28
MER06400,Amazon India 6400,Entertainment,Pune,Maharashtra,Online,2023-02-26
MER06401,Swiggy 6401,Travel,Delhi,Delhi,Online,2022-11-21
MER06402,Reliance Digital 6402,Grocery,Kolkata,West Bengal,Online,2021-09-18
MER06403,Apollo Pharmacy 6403,Fashion,Noida,Uttar Pradesh, Online ,2021-04-30
MER06404,BookMyShow 6404,Education,Surat,Gujarat,Offline,2023-02-05
MER06405,Flipkart 6405,Utilities,Pune,Maharashtra,Online,2025-11-20
MER06406,Myntra 6406,Automotive,Delhi,Delhi,Online,2023-11-21
MER06407,MakeMyTrip 6407,Restaurants,Kolkata,West Bengal,Offline,2022-05-25
MER06408,BigBasket 6408,Ecommerce,Noida,uttar pradesh,Online,2025-09-23
MER06409,Paytm 6409,Food Delivery,Surat,Gujarat,Online,2024-06-10
MER06410,Amazon India 6410,Electronics,Pune,Maharashtra,Online,2021-09-20
MER06411,Swiggy 6411,Healthcare,Delhi,Delhi,Online,2025-08-14
MER06412,Reliance Digital 6412,Entertainment,Kolkata,West Bengal,Online,2023-12-04
MER06413,Apollo Pharmacy 6413,Travel,Noida,Uttar Pradesh,Online,2021-07-16
MER06414,BookMyShow 6414,Grocery,Surat,Gujarat,Online,2022-05-01
MER06415,Flipkart 6415,Fashion,Pune,Maharashtra,Online,2024-07-23
MER06416,Myntra 6416,Education,Delhi,,Offline,2022-08-02
MER06417,MakeMyTrip 6417,Utilities,Kolkata,West Bengal,Online,2021-09-22
MER06418,BigBasket 6418,Automotive,Noida,Uttar Pradesh,Online,2022-05-31
MER06419,Paytm 6419,Restaurants,Surat,Gujarat,Online,2021-03-28
MER06420,Amazon India 6420,Ecommerce,Pune,Maharashtra,Offline,2022-08-24
MER06421,Swiggy 6421,Food Delivery,Delhi,Delhi,Online,2021-07-25
MER06422,Reliance Digital 6422,Electronics,Kolkata,West Bengal,Offline,2025-11-04
MER06423,Apollo Pharmacy 6423,Healthcare,Noida,Uttar Pradesh,Online,2025-06-08
MER06424,BookMyShow 6424,Entertainment,Surat,Gujarat,Online,2024-03-23
MER06425,Flipkart 6425,Travel,Pune,Maharashtra,Online,2021-01-05
,Myntra 6426,Grocery,Delhi,DELHI,Online,2023-02-12
MER06427,MakeMyTrip 6427,Fashion,Kolkata,West Bengal,Online,2023-07-20
MER06428,BigBasket 6428,Education,Noida,Uttar Pradesh,Online,2024-07-20
MER06429,Paytm 6429,Utilities,Surat,Gujarat,Offline,2021-12-21
MER06430,,Automotive,Pune,Maharashtra,Online,2021-02-11
MER06431,Swiggy 6431,Restaurants,Delhi,Delhi,Online,2025-11-18
MER06432,Reliance Digital 6432,Ecommerce,Kolkata,WEST BENGAL,Online,2025-08-02
MER06433,Apollo Pharmacy 6433,Food Delivery,Noida,Uttar Pradesh,Offline,2024-11-06
MER06434,BookMyShow 6434,Electronics,Surat,Gujarat,Online,2021-12-25
MER06435,Flipkart 6435,Healthcare,Pune,Maharashtra,Online,2021-05-28
MER06436,Myntra 6436,Entertainment,Delhi,Delhi,Online,2022-04-24
MER06437,MakeMyTrip 6437,Travel,Kolkata,West Bengal,Online,2023-01-14
MER06438,BigBasket 6438,Grocery,Noida,Uttar Pradesh,Offline,2021-08-27
MER06439,Paytm 6439,Fashion,Surat,GUJARAT,Online,2025-05-09
MER06440,Amazon India 6440,Education,Pune,Maharashtra,Online,
MER06441,Swiggy 6441,Utilities,Delhi,Delhi,Online,2024-07-18
MER06442,Reliance Digital 6442,Automotive,Kolkata,West Bengal,Online,2024-05-22
MER06443,Apollo Pharmacy 6443,Restaurants,Noida,Uttar Pradesh,Online,2023-01-15
MER06444,BookMyShow 6444,Ecommerce,Surat,Gujarat,Online,2024-07-19
MER06445,Flipkart 6445,Food Delivery,Pune,Maharashtra,Online,2024-11-23
MER06446,Myntra 6446,Electronics,Delhi,Delhi,Offline,2025-10-07
MER06447,MakeMyTrip 6447,Healthcare,Kolkata,West Bengal,Online,2021-01-13
MER06448,BigBasket 6448,Entertainment,Noida,Uttar Pradesh,Offline,2021-02-12
MER06449,Paytm 6449,Travel,Surat,Gujarat,Online,2023-12-26
MER06450,Amazon India 6450,Grocery,Pune,Maharashtra,Online,2021-10-24
MER06451,Swiggy 6451,Fashion,Delhi,Delhi,Online,2025-02-27
MER06452,Reliance Digital 6452,Education,Kolkata,West Bengal,Online,2024-06-14
MER06453,Apollo Pharmacy 6453,Utilities,Noida,Uttar Pradesh,Online,2025-02-03
MER06454,BookMyShow 6454,Automotive,Surat,gujarat,Offline,2024-10-31
MER06455,Flipkart 6455,Restaurants,Pune,Maharashtra,Online,2024-04-11
MER06456,Myntra 6456,Ecommerce,Delhi,Delhi,Online,2022-09-25
MER06457,MakeMyTrip 6457,Food Delivery,Kolkata,West Bengal,Online,2025-03-21
MER06458,BigBasket 6458,Electronics,Noida,Uttar Pradesh,Online,2022-09-16
MER06459,Paytm 6459,Healthcare,Surat,Gujarat,Offline,2023-09-06
MER06460,Amazon India 6460,Entertainment,Pune,Maharashtra,Offline,2024-04-17
MER06461,Swiggy 6461,Travel,Delhi,Delhi,Online,2024-07-19
MER06462,Reliance Digital 6462,Grocery,Kolkata,West Bengal,Offline,2023-08-14
MER06463,Apollo Pharmacy 6463,Fashion,Noida,Uttar Pradesh,Online,2021-10-07
MER06464,BookMyShow 6464,Education,Surat,Gujarat,Online,2024-12-11
MER06465,Flipkart 6465,Utilities,Pune,Maharashtra,Online,2024-09-02
MER06466,Myntra 6466,Automotive,Delhi,Delhi,Online,2022-04-24
MER06467,MakeMyTrip 6467,Restaurants,Kolkata,West Bengal,Online,2023-04-04
MER06468,BigBasket 6468,Ecommerce,Noida,Uttar Pradesh,Online,2025-08-31
MER06469,Paytm 6469,Food Delivery,Surat,Gujarat,Online,2023-07-10
MER06470,Amazon India 6470,Electronics,Pune,Maharashtra,Online,2025-08-18
MER06471,Swiggy 6471,Healthcare,Delhi,Delhi,Offline,2022-05-23
MER06472,Reliance Digital 6472,Entertainment,Kolkata,West Bengal,Online,2022-08-04
MER06473,Apollo Pharmacy 6473,Travel,Noida,Uttar Pradesh,Offline,2021-01-17
MER06474,BookMyShow 6474,Grocery,Surat,Gujarat,Online,2023-02-10
MER06475,Flipkart 6475,Fashion,Pune,Maharashtra,Offline,2021-03-20
MER06476,Myntra 6476,Education,Delhi,Delhi,Online,2021-05-01
MER06477,MakeMyTrip 6477,Utilities,Kolkata,West Bengal,Online,2024-12-13
MER06478,BigBasket 6478,Automotive,Noida, Uttar Pradesh ,Offline,2024-04-11
MER06479,Paytm 6479,Restaurants,Surat,Gujarat,Online,2023-09-01
MER06480,Amazon India 6480,Ecommerce, Pune ,Maharashtra,Online,2023-11-15
MER06481,Swiggy 6481,Food Delivery,Delhi,Delhi,Online,2025-02-16
MER06482,Reliance Digital 6482,Electronics,Kolkata,West Bengal,Online,2023-03-27
MER06483,Apollo Pharmacy 6483,Healthcare,Noida,Uttar Pradesh,Online,2024-04-02
MER06484,BookMyShow 6484,Entertainment,Surat,Gujarat,Online,2022-11-13
MER06485,Flipkart 6485,Travel,Pune,Maharashtra,online,2024-10-05
MER06486,Myntra 6486,Grocery,Delhi,Delhi,Offline,2025-06-19
MER06487,MakeMyTrip 6487,Fashion,Kolkata,West Bengal,Online,2021-09-22
MER06488,BigBasket 6488,Education,Noida, Uttar Pradesh ,Online,2023-03-12
MER06489,Paytm 6489,Utilities,Surat,Gujarat,Online,2025-02-05
MER06490,Amazon India 6490,Automotive,Pune,Maharashtra,Offline,2022-08-27
MER06491,Swiggy 6491,Restaurants,Delhi,Delhi,Online,2023-10-28
MER06492,Reliance Digital 6492,Ecommerce,Kolkata,West Bengal,online,2024-03-15
MER06493,Apollo Pharmacy 6493,Food Delivery,Noida,Uttar Pradesh,Offline,2021-08-30
MER06494,BookMyShow 6494,Electronics,Surat,Gujarat,Online,2024-09-10
MER06495,Flipkart 6495,Healthcare,Pune,Maharashtra,Online,2022-06-28
MER06496,Myntra 6496,Entertainment,Delhi,Delhi,Online,2022-02-01
MER06497,MakeMyTrip 6497,Travel,Kolkata,West Bengal,Online,2025-11-07
MER06498,BigBasket 6498,Grocery,Noida,Uttar Pradesh,Online,2021-12-08
MER06499,Paytm 6499,Fashion,Surat,Gujarat,Online,2022-10-27
MER06500,Amazon India 6500,Education,Pune,Maharashtra,Offline,2022-01-26
MER06501,Swiggy 6501,Utilities,Delhi,Delhi,Offline,2022-12-05
MER06502,Reliance Digital 6502,Automotive,Kolkata,West Bengal,Online,2025-09-09
MER06503,Apollo Pharmacy 6503,Restaurants,Noida,Uttar Pradesh,Online,2022-12-18
MER06504,BookMyShow 6504,Ecommerce,Surat,Gujarat,Online,2022-04-16
MER06505,Flipkart 6505,Food Delivery,Pune,Maharashtra,Online,2022-03-30
MER06506,Myntra 6506,Electronics,Delhi,Delhi,Online,2021-02-27
MER06507,MakeMyTrip 6507,Healthcare,Kolkata,West Bengal,Offline,2022-08-12
MER06508,BigBasket 6508,Entertainment,Noida,Uttar Pradesh,Online,2024-06-26
MER06509,Paytm 6509,Travel,Surat,Gujarat,Offline,2023-02-02
MER06510,Amazon India 6510,Grocery,Pune,Maharashtra,Offline,2024-09-02
MER06511,Swiggy 6511,Fashion,Delhi,Delhi,Online,2024-07-27
MER06512,Reliance Digital 6512,Education,Kolkata,West Bengal,Online,2025-01-29
MER06513,Apollo Pharmacy 6513,Utilities,Noida,Uttar Pradesh,Online,2021-02-26
MER06514,BookMyShow 6514,Automotive,Surat,Gujarat,Offline,2023-09-27
MER06515,Flipkart 6515,Restaurants,Pune,Maharashtra,Online,2021-11-11
MER06516,Myntra 6516,Ecommerce,Delhi,Delhi,Online,2025-11-22
MER06517,MakeMyTrip 6517,Food Delivery,Kolkata,West Bengal,Online,2023-06-06
MER06518,BigBasket 6518,Electronics,Noida,Uttar Pradesh,Online,2021-11-01
MER06519,Paytm 6519,Healthcare,Surat,Gujarat,Online,2021-01-08
MER06520,Amazon India 6520,Entertainment,Pune,Maharashtra,Online,2023-07-05
MER07314,BookMyShow 7314,Grocery,Surat, Gujarat ,Online,2022-04-29
MER06522,Reliance Digital 6522,Grocery,Kolkata,West Bengal,Online,2024-09-18
MER06523,Apollo Pharmacy 6523,Fashion,Noida,Uttar Pradesh,Online,2021-09-03
MER06524,BookMyShow 6524,Education,Surat,Gujarat,Offline,2021-10-12
MER06525,Flipkart 6525,Utilities,Pune,Maharashtra,Offline,2021-10-21
MER06526,Myntra 6526,Automotive,Delhi,Delhi,Online,2023-07-02
MER06527,MakeMyTrip 6527,Restaurants,,West Bengal,,2025-08-28
MER06528,BigBasket 6528,Ecommerce,noida,Uttar Pradesh,Online,2021-03-09
MER06529,Paytm 6529,Food Delivery,Surat,Gujarat,Online,2024-01-22
MER06530,,Electronics,Pune,Maharashtra,Offline,2022-09-09
MER06531,Swiggy 6531,Healthcare,Delhi,Delhi,Online,2023-02-22
MER06532,Reliance Digital 6532,Entertainment,Kolkata,West Bengal,Online,
MER06533,Apollo Pharmacy 6533,Travel,Noida,Uttar Pradesh,Online,2022-12-01
MER06534,BookMyShow 6534,Grocery,Surat,Gujarat,OFFLINE,2021-12-06
MER06535,Flipkart 6535,Fashion,Pune,MAHARASHTRA,Online,2024-04-23
MER06536,Myntra 6536,Education,Delhi,Delhi,Offline,2025-08-08
MER06537,MakeMyTrip 6537,Utilities,Kolkata,West Bengal,,2024-12-07
,BigBasket 6538,Automotive,noida,Uttar Pradesh,Offline,2025-12-04
MER06539,Paytm 6539,Restaurants,Surat,Gujarat,Online,2025-08-22
MER06540,Amazon India 6540,Ecommerce,Pune,Maharashtra,Offline,2022-07-09
MER08474,BookMyShow 8474,Electronics,Surat,Gujarat,Online,2024-02-04
MER06542,Reliance Digital 6542,Electronics,Kolkata,West Bengal,Online,2025-07-21
MER06543,Apollo Pharmacy 6543,Healthcare,Noida,Uttar Pradesh,Online,2022-12-08
MER06544,BookMyShow 6544,Entertainment,Surat,Gujarat,Offline,2021-02-17
MER06545,Flipkart 6545,Travel,Pune,Maharashtra,Online,2021-03-31
MER06546,Myntra 6546,Grocery,Delhi,Delhi,Online,2021-04-10
MER06547,MakeMyTrip 6547,Fashion,Kolkata,West Bengal,Online,2022-03-13
MER06548,BigBasket 6548,Education,Noida,Uttar Pradesh,Online,2022-05-25
MER06549,Paytm 6549,Utilities,Surat,Gujarat,Online,2022-04-24
MER06550,Amazon India 6550,Automotive,Pune,Maharashtra,Online,2024-03-29
MER06551,Swiggy 6551,Restaurants,Delhi,Delhi,Offline,2024-03-05
MER06552,Reliance Digital 6552,Ecommerce,kolkata,West Bengal,Online,2022-11-01
MER06553,Apollo Pharmacy 6553,Food Delivery,Noida,Uttar Pradesh,Online,2022-04-15
MER06554,BookMyShow 6554,Electronics,Surat,Gujarat,Online,2022-09-28
MER06555,Flipkart 6555,Healthcare,Pune,Maharashtra,Online,2025-10-01
MER06556,Myntra 6556,Entertainment,Delhi,Delhi,Offline,2024-12-15
MER06557,MakeMyTrip 6557,Travel,Kolkata,West Bengal,Online,2025-03-22
MER06558,BigBasket 6558,Grocery,Noida,Uttar Pradesh,Offline,2024-01-13
MER06559,Paytm 6559,Fashion,Surat,Gujarat,Online,2025-11-21
MER06560,Amazon India 6560,Education,Pune,Maharashtra,Offline,2021-07-18
MER06561,Swiggy 6561,Utilities,Delhi,Delhi,Online,2023-06-17
MER06562,Reliance Digital 6562,Automotive,Kolkata,West Bengal,Online,2024-01-07
MER06563,Apollo Pharmacy 6563,Restaurants,Noida,Uttar Pradesh,Online,2025-02-07
MER06564,BookMyShow 6564,Ecommerce,Surat,Gujarat,Online,2022-07-08
MER06565,Flipkart 6565,Food Delivery,Pune,Maharashtra,Online,2021-02-08
MER06566,Myntra 6566,Electronics,Delhi,Delhi,Offline,2023-12-15
MER06567,MakeMyTrip 6567,Healthcare,Kolkata,West Bengal,Online,2025-04-07
MER06568,BigBasket 6568,Entertainment,Noida, Uttar Pradesh ,Offline,2023-04-02
MER06569,Paytm 6569,Travel,Surat,Gujarat,Online,2022-01-04
MER06570,Amazon India 6570,Grocery,Pune,Maharashtra,Online,2023-03-13
MER06571,Swiggy 6571,Fashion,Delhi,Delhi,Online,2025-10-06
MER06572,Reliance Digital 6572,Education,Kolkata,West Bengal,Offline,2022-08-12
MER06573,Apollo Pharmacy 6573,Utilities,Noida,Uttar Pradesh,Offline,2021-07-05
MER06574,BookMyShow 6574,Automotive,Surat,Gujarat,Offline,2022-12-05
MER06575,Flipkart 6575,Restaurants,Pune,Maharashtra,Online,
MER06576,Myntra 6576,Ecommerce,Delhi,Delhi,Offline,2025-09-02
MER06577,MakeMyTrip 6577,Food Delivery,Kolkata,West Bengal,Online,2023-11-22
MER06578,BigBasket 6578,Electronics,Noida,Uttar Pradesh,Online,2023-11-15
MER06579,Paytm 6579,Healthcare,Surat,Gujarat,Online,2021-03-10
MER06580,Amazon India 6580,Entertainment,PUNE,Maharashtra,Online,2021-11-18
MER06581,Swiggy 6581,Travel,Delhi,Delhi,Online,2021-06-07
MER06582,Reliance Digital 6582,Grocery,Kolkata,West Bengal,Online,2021-11-24
MER06583,Apollo Pharmacy 6583,Fashion,Noida,Uttar Pradesh,Online,2024-12-14
MER06584,BookMyShow 6584,Education,Surat,Gujarat,Online,2022-07-01
MER06585,Flipkart 6585,Utilities,Pune,Maharashtra,Online,2024-01-01
MER06586,Myntra 6586,Automotive,Delhi,Delhi,Offline,2021-11-19
MER06587,MakeMyTrip 6587,Restaurants,Kolkata,West Bengal,Online,2023-11-29
MER06588,BigBasket 6588,Ecommerce,Noida,Uttar Pradesh,Online,
MER06589,Paytm 6589,Food Delivery,Surat,Gujarat,Online,2022-09-10
MER06590,Amazon India 6590,Electronics,Pune,Maharashtra,Online,2023-04-23
MER06591,Swiggy 6591,Healthcare,Delhi,Delhi,Online,2023-04-04
MER06592,Reliance Digital 6592,Entertainment,Kolkata,West Bengal,Offline,2025-03-04
MER06593,Apollo Pharmacy 6593,Travel,Noida,Uttar Pradesh,Online,2023-06-22
MER06594,BookMyShow 6594,Grocery,Surat,,Online,2022-02-26
MER06595,Flipkart 6595,Fashion,Pune,Maharashtra,Online,2023-07-26
MER06596,Myntra 6596,Education,Delhi,Delhi,Online,2022-02-25
MER06597,MakeMyTrip 6597,Utilities,Kolkata,West Bengal,Online,2023-06-22
MER06598,BigBasket 6598,Automotive,Noida,Uttar Pradesh,Online,2024-12-17
MER06599,Paytm 6599,Restaurants,Surat,Gujarat,Offline,2022-01-23
MER06600,Amazon India 6600,Ecommerce,Pune,Maharashtra,Online,2025-06-22
MER06601,Swiggy 6601,Food Delivery,Delhi,Delhi,Online,2024-08-16
MER06602,Reliance Digital 6602,Electronics,Kolkata,,Offline,2024-09-07
MER06603,Apollo Pharmacy 6603,Healthcare,Noida,Uttar Pradesh,Offline,2024-10-25
MER06604,BookMyShow 6604,Entertainment,Surat,Gujarat,Online,2025-04-15
MER06605,Flipkart 6605,Travel,Pune,Maharashtra,Online,2023-06-21
MER06606,Myntra 6606,Grocery,Delhi,Delhi,Online,2024-08-09
MER06607,MakeMyTrip 6607,Fashion,Kolkata,West Bengal,Online,2022-07-23
MER06608,BigBasket 6608,Education,Noida,Uttar Pradesh,Online,2025-08-16
MER06609,Paytm 6609,Utilities,Surat,Gujarat,Offline,2023-10-29
MER06610,Amazon India 6610,Automotive,Pune,Maharashtra,Offline,2024-10-21
MER06611,Swiggy 6611,Restaurants,Delhi,Delhi,Online,2022-11-20
MER06612,Reliance Digital 6612,Ecommerce,Kolkata,West Bengal,Online,2023-10-22
MER06613,Apollo Pharmacy 6613,Food Delivery,Noida,Uttar Pradesh,Online,2021-09-19
MER06614,BookMyShow 6614,Electronics,Surat,Gujarat,Offline,2022-05-31
MER06615,Flipkart 6615,Healthcare,Pune,Maharashtra,Online,2021-07-07
MER06616,Myntra 6616,Entertainment,Delhi,Delhi,Online,2025-08-28
MER06617,MakeMyTrip 6617,Travel,Kolkata,West Bengal,Online,2022-12-24
MER06618,BigBasket 6618,Grocery,Noida,Uttar Pradesh,Online,2022-01-18
MER06619,Paytm 6619,Fashion,Surat,Gujarat,Online,2024-08-25
MER06620,Amazon India 6620,Education,Pune,Maharashtra,Online,2024-08-12
MER06621,Swiggy 6621,,DELHI,Delhi,Offline,2022-01-02
MER06622,Reliance Digital 6622,Automotive,Kolkata,West Bengal,Online,2022-12-02
MER06623,Apollo Pharmacy 6623,Restaurants,Noida,Uttar Pradesh,Online,2021-03-15
MER06624,BookMyShow 6624,Ecommerce,Surat,Gujarat,Online,2021-05-08
MER06625,Flipkart 6625,Food Delivery,Pune,Maharashtra,Online,2022-11-07
MER06626,Myntra 6626,Electronics,Delhi,Delhi,Online,2025-06-24
MER06627,MakeMyTrip 6627,Healthcare,Kolkata,West Bengal,Offline,2025-08-12
MER06628,BigBasket 6628,Entertainment,Noida,Uttar Pradesh,Online,2022-01-27
MER06629,Paytm 6629,Travel,Surat,Gujarat,Online,
MER06630,Amazon India 6630,Grocery,Pune,Maharashtra,Online,2024-03-19
MER06631,Swiggy 6631,Fashion,Delhi,Delhi,Offline,2022-01-29
MER06632,Reliance Digital 6632,Education,Kolkata,West Bengal,Online,2022-01-14
MER06633,Apollo Pharmacy 6633,Utilities,Noida,Uttar Pradesh,Online,2022-08-10
MER06634,BookMyShow 6634,Automotive,Surat,Gujarat,Offline,2024-10-19
MER06635,,Restaurants,Pune,Maharashtra,Offline,2022-03-20
MER06636,Myntra 6636,Ecommerce,Delhi,Delhi,Offline,2024-08-18
MER06637,MakeMyTrip 6637,Food Delivery,Kolkata,West Bengal,Online,
MER06638,BigBasket 6638,Electronics,Noida,Uttar Pradesh,Online,2024-05-22
MER06639,Paytm 6639,Healthcare,Surat,Gujarat,Offline,2021-12-04
MER06640,Amazon India 6640,Entertainment,Pune,Maharashtra,Online,2024-06-04
MER06641,Swiggy 6641,Travel,Delhi,Delhi,Online,2022-04-15
MER06642,Reliance Digital 6642,Grocery,Kolkata,West Bengal,Offline,2022-06-20
MER06643,Apollo Pharmacy 6643,Fashion,Noida,Uttar Pradesh,Offline,2023-08-14
MER06644,BookMyShow 6644,Education,Surat,Gujarat,Online,2023-10-12
MER06645,Flipkart 6645,Utilities,Pune,Maharashtra,Online,2024-09-27
MER06646,Myntra 6646,Automotive,Delhi,Delhi,Online,2025-05-03
MER06647,MakeMyTrip 6647,,Kolkata,West Bengal,Offline,2023-06-03
MER06648,BigBasket 6648,Ecommerce, Noida ,Uttar Pradesh,Offline,2025-04-05
MER06649,Paytm 6649,Food Delivery,Surat,Gujarat,Online,2023-11-03
MER06650,Amazon India 6650,Electronics,Pune,Maharashtra,Offline,2024-02-28
MER06651,Swiggy 6651,Healthcare,Delhi,Delhi,Offline,2021-02-06
MER06652,Reliance Digital 6652,Entertainment,Kolkata,West Bengal,Offline,2023-07-14
MER06653,Apollo Pharmacy 6653,Travel,Noida,Uttar Pradesh,Online,2025-08-08
MER06654,BookMyShow 6654,Grocery,Surat,Gujarat,Online,2024-05-08
MER06655,Flipkart 6655,Fashion,Pune,Maharashtra,Online,2024-12-19
MER06656,Myntra 6656,Education,Delhi,Delhi,Offline,2023-09-26
MER06657,MakeMyTrip 6657,Utilities,Kolkata,West Bengal,Online,2023-10-11
MER06658,BigBasket 6658,Automotive,,Uttar Pradesh,Offline,2025-10-06
MER06659,Paytm 6659,Restaurants,Surat,Gujarat,Online,2022-01-30
MER06660,Amazon India 6660,Ecommerce,Pune,Maharashtra,Online,2021-06-25
MER06661,Swiggy 6661,Food Delivery,Delhi,Delhi,Offline,2022-11-09
MER06662,Reliance Digital 6662,Electronics,Kolkata,West Bengal,Offline,2021-12-21
MER06663,Apollo Pharmacy 6663,Healthcare,Noida,Uttar Pradesh,Offline,2022-04-17
MER06664,BookMyShow 6664,Entertainment,Surat,Gujarat,Online,2023-01-28
MER06665,Flipkart 6665,Travel,Pune,Maharashtra,Online,2021-07-26
MER06666,Myntra 6666,Grocery,Delhi,Delhi,Offline,2023-09-02
MER06667,MakeMyTrip 6667,Fashion,Kolkata,West Bengal,Online,2022-05-28
MER06668,BigBasket 6668,Education,Noida,Uttar Pradesh,Offline,2023-03-18
MER06669,Paytm 6669,Utilities,Surat,Gujarat,Offline,2024-12-31
MER06670,Amazon India 6670,Automotive,Pune,Maharashtra,Online,2022-03-24
MER06671,Swiggy 6671,Restaurants,Delhi,Delhi,Online,2022-11-05
MER06672,Reliance Digital 6672,Ecommerce,Kolkata,West Bengal,Online,2021-12-17
MER06673,Apollo Pharmacy 6673,Food Delivery,Noida,Uttar Pradesh,Online,2025-11-29
MER06674,BookMyShow 6674,Electronics,Surat,Gujarat,Online,2021-09-23
MER04191,Swiggy 4191,Healthcare,Delhi,Delhi,Online,2022-02-26
MER06676,Myntra 6676,Entertainment,Delhi,Delhi,Online,2023-03-18
MER06677,MakeMyTrip 6677,Travel,Kolkata,West Bengal,Offline,2023-12-18
MER06678,BigBasket 6678,Grocery,Noida,,Offline,2024-04-17
MER06679,Paytm 6679,Fashion,Surat,Gujarat,Online,2021-03-12
MER06680,Amazon India 6680,Education,Pune,Maharashtra,Offline,2021-07-31
MER06681,Swiggy 6681,,Delhi,Delhi,Online,2023-03-25
MER06682,Reliance Digital 6682,Automotive,Kolkata,West Bengal,Online,2024-04-25
MER06683,Apollo Pharmacy 6683,Restaurants,,Uttar Pradesh,Online,2022-12-14
MER06684,BookMyShow 6684,Ecommerce,Surat,Gujarat,Online,2022-01-11
MER06685,Flipkart 6685,Food Delivery,Pune,Maharashtra,Online,2021-03-10
MER06686,Myntra 6686,Electronics,Delhi,Delhi,Offline,2023-05-08
MER06687,MakeMyTrip 6687,Healthcare,Kolkata,West Bengal,Online,2023-02-15
MER06688,BigBasket 6688,Entertainment,Noida,Uttar Pradesh,Offline,2025-09-14
MER06689,Paytm 6689,Travel,Surat,gujarat,Online,2022-06-19
MER06690,Amazon India 6690,Grocery,Pune,Maharashtra,Offline,2022-12-07
MER06691,Swiggy 6691,Fashion,Delhi,Delhi,Offline,2024-03-01
MER06692,Reliance Digital 6692,Education,Kolkata,West Bengal,Offline,2025-02-03
MER06693,Apollo Pharmacy 6693,Utilities,Noida,Uttar Pradesh,Offline,2023-10-28
MER06694,BookMyShow 6694,Automotive,Surat,Gujarat,Offline,2021-05-12
MER06695,Flipkart 6695,Restaurants,Pune,Maharashtra,Offline,2023-03-11
MER06696,Myntra 6696,Ecommerce, Delhi ,Delhi,Online,2025-04-21
MER06697,MakeMyTrip 6697,Food Delivery,Kolkata,West Bengal,Online,2022-05-22
MER06698,BigBasket 6698,Electronics,Noida,Uttar Pradesh,Online,2025-11-22
MER06699,Paytm 6699,Healthcare,Surat,Gujarat,Online,
MER06700,Amazon India 6700,Entertainment,PUNE,Maharashtra,Online,
MER06701,Swiggy 6701,Travel,Delhi,Delhi,Online,2025-04-20
MER06702,Reliance Digital 6702,Grocery,Kolkata,West Bengal,Offline,2024-03-08
MER06703,Apollo Pharmacy 6703,Fashion,Noida,,Online,2021-01-13
MER06704,BookMyShow 6704,Education,Surat,Gujarat,Online,2024-02-06
MER06705,Flipkart 6705,Utilities,Pune,Maharashtra,Online,2023-01-17
MER06706,Myntra 6706,Automotive,Delhi,Delhi,Offline,2023-05-04
MER06707,MakeMyTrip 6707,Restaurants,Kolkata,West Bengal,Online,2021-04-04
MER06708,BigBasket 6708,Ecommerce,Noida,Uttar Pradesh,Online,2023-01-29
MER06709,Paytm 6709,Food Delivery,Surat,Gujarat,Offline,2025-04-05
MER06710,Amazon India 6710,Electronics,Pune,Maharashtra,Online,2021-05-14
,Swiggy 6711,Healthcare,Delhi,Delhi,Offline,2023-03-09
MER06712,Reliance Digital 6712,Entertainment,Kolkata,West Bengal,Online,2024-08-13
MER06713,Apollo Pharmacy 6713,Travel,Noida,Uttar Pradesh,Offline,2024-10-06
MER07296,Myntra 7296,Ecommerce,Delhi,Delhi,,2021-08-17
MER06715,Flipkart 6715,Fashion,Pune,Maharashtra,Offline,2021-11-13
MER06716,Myntra 6716,Education,Delhi,Delhi,Offline,2023-05-21
MER06717,MakeMyTrip 6717,Utilities,Kolkata,West Bengal,Online,2021-03-25
MER06718,BigBasket 6718,Automotive,Noida,Uttar Pradesh,Online,
MER05335,Flipkart 5335,Fashion,Pune,Maharashtra,Online,2021-05-20
MER06720,Amazon India 6720,Ecommerce,Pune,Maharashtra,Offline,2022-12-27
MER06721,Swiggy 6721,Food Delivery,Delhi,Delhi,Offline,2025-11-24
MER06722,Reliance Digital 6722,Electronics,Kolkata,West Bengal,Online,2025-02-22
MER06723,Apollo Pharmacy 6723,Healthcare,Noida,,Online,2022-12-16
MER06724,BookMyShow 6724,Entertainment,Surat,Gujarat,Online,2024-01-19
MER06725,Flipkart 6725,Travel,Pune,Maharashtra,Online,2022-07-28
MER06726,Myntra 6726,Grocery,Delhi,Delhi,Online,2023-12-20
MER06727,MakeMyTrip 6727,Fashion,Kolkata,West Bengal,Online,2025-09-07
MER06728,BigBasket 6728,Education,Noida,Uttar Pradesh,Online,2023-03-16
MER06729,Paytm 6729,Utilities,Surat,Gujarat,Online,2024-03-06
MER06730,Amazon India 6730,Automotive,Pune,Maharashtra,Offline,2022-09-09
MER06731,Swiggy 6731,Restaurants,Delhi,Delhi,Offline,2023-09-26
MER06732,Reliance Digital 6732,Ecommerce,Kolkata,West Bengal,Online,2021-10-19
MER06733,Apollo Pharmacy 6733,Food Delivery,Noida,Uttar Pradesh,Offline,2022-01-11
MER06734,BookMyShow 6734,Electronics,Surat,Gujarat,Online,2025-02-22
MER06735,Flipkart 6735,Healthcare,Pune,Maharashtra,Online,2023-02-11
MER06736,Myntra 6736,Entertainment,Delhi,Delhi,Online,2024-03-30
MER06737,MakeMyTrip 6737,Travel,Kolkata,West Bengal,Online,2024-08-27
MER06738,BigBasket 6738,Grocery,Noida,Uttar Pradesh,Offline,2023-03-03
MER06739,Paytm 6739,Fashion,surat,Gujarat,Online,2022-01-29
MER06740,Amazon India 6740,Education,Pune,Maharashtra,Online,2022-11-02
MER06741,Swiggy 6741,Utilities,Delhi,Delhi,Offline,2024-10-25
MER06742,Reliance Digital 6742,Automotive,Kolkata,West Bengal,Online,2021-08-16
MER06743,Apollo Pharmacy 6743,Restaurants,Noida,Uttar Pradesh,Online,2022-05-22
MER06744,BookMyShow 6744,Ecommerce,,Gujarat,Online,2024-04-14
MER06745,Flipkart 6745,Food Delivery,Pune,Maharashtra,Offline,2024-03-04
MER06746,Myntra 6746,Electronics,Delhi,Delhi,Online,2025-10-29
MER06747,MakeMyTrip 6747,Healthcare,Kolkata, West Bengal ,Online,2023-11-02
MER06748,BigBasket 6748,Entertainment,Noida,Uttar Pradesh,Online,2022-08-02
MER06749,Paytm 6749,Travel,Surat,Gujarat,Online,2021-02-08
MER06750,Amazon India 6750,Grocery,Pune,Maharashtra,Offline,2021-10-16
MER06751,Swiggy 6751,Fashion,Delhi,Delhi,Online,2023-03-21
MER06752,Reliance Digital 6752,Education,Kolkata,West Bengal,Online,2022-02-06
MER06753,Apollo Pharmacy 6753,Utilities,Noida,Uttar Pradesh,Offline,2022-05-26
MER06754,BookMyShow 6754,Automotive,Surat,Gujarat,Online,2021-02-03
MER06755,Flipkart 6755,Restaurants,Pune,,Offline,2023-07-09
MER06756,Myntra 6756,Ecommerce,Delhi,Delhi,Online,2021-10-23
MER06757,MakeMyTrip 6757,Food Delivery,Kolkata,West Bengal,Online,2025-07-23
MER06758,BigBasket 6758,Electronics,Noida,Uttar Pradesh,Online,2021-07-04
MER06759,Paytm 6759,Healthcare,Surat,Gujarat,Online,
MER06760,Amazon India 6760,Entertainment,Pune,Maharashtra,Offline,2021-01-31
MER06761,Swiggy 6761,Travel,delhi,Delhi,Offline,
MER06762,Reliance Digital 6762,Grocery,Kolkata,West Bengal,Offline,2021-06-03
MER06763,Apollo Pharmacy 6763,Fashion,Noida,Uttar Pradesh,Online,2022-09-01
MER06764,BookMyShow 6764,Education,Surat,Gujarat,Online,2023-07-23
MER06765,Flipkart 6765,Utilities,Pune,Maharashtra,Online,2021-12-26
MER06766,Myntra 6766,Automotive,Delhi,Delhi,Online,2025-11-29
MER06767,MakeMyTrip 6767,Restaurants,Kolkata,West Bengal,Online,2023-04-22
MER06768,BigBasket 6768,Ecommerce,Noida,Uttar Pradesh,Online,2023-11-24
MER06769,Paytm 6769,Food Delivery,Surat,Gujarat,Offline,2024-12-21
MER06770,Amazon India 6770,Electronics,Pune,Maharashtra,Online,2022-06-23
,Swiggy 6771,Healthcare,Delhi,Delhi,Offline,2023-01-16
MER06772,Reliance Digital 6772,Entertainment,Kolkata,West Bengal,Online,2022-03-23
MER06773,,Travel,Noida,Uttar Pradesh,Offline,2024-07-15
MER06774,BookMyShow 6774,Grocery,Surat,Gujarat,Online,2025-09-21
MER06775,Flipkart 6775,Fashion,Pune,Maharashtra,Offline,2024-07-21
MER06776,Myntra 6776,Education,Delhi,Delhi,Online,2025-01-27
MER06777,MakeMyTrip 6777,Utilities,Kolkata,West Bengal,Offline,2025-07-26
MER06778,BigBasket 6778,Automotive,Noida,Uttar Pradesh,unknown,2022-05-04
MER06779,Paytm 6779,Restaurants,Surat,Gujarat,Online,2024-06-12
MER06780,Amazon India 6780,Ecommerce,Pune,Maharashtra,Offline,2025-06-07
MER06781,Swiggy 6781,Food Delivery,Delhi, Delhi ,Offline,2021-07-11
MER06782,Reliance Digital 6782,Electronics,Kolkata,West Bengal,Online,2025-09-06
MER06783,Apollo Pharmacy 6783,Healthcare,Noida,Uttar Pradesh,Online,2023-07-16
MER06784,BookMyShow 6784,Entertainment,Surat,,Online,2022-02-10
MER06785,Flipkart 6785,Travel,Pune,Maharashtra,Online,2025-08-07
MER06786,Myntra 6786,Grocery,Delhi,delhi,Online,2025-03-24
MER06787,MakeMyTrip 6787,Fashion,Kolkata,West Bengal,Offline,2022-02-18
MER06788,BigBasket 6788,Education,Noida,Uttar Pradesh,Online,2025-04-28
MER06789,Paytm 6789,Utilities,Surat,Gujarat,Online,2022-05-31
MER06790,Amazon India 6790,Automotive,Pune,Maharashtra,Online,2021-06-04
MER06791,Swiggy 6791,Restaurants,Delhi,Delhi,Offline,2024-09-05
MER06792,Reliance Digital 6792,Ecommerce,Kolkata,West Bengal,Offline,2024-02-27
MER06793,Apollo Pharmacy 6793,Food Delivery,Noida,Uttar Pradesh,Offline,2024-09-26
MER06794,BookMyShow 6794,Electronics,Surat,Gujarat,Online,2021-01-11
MER06795,Flipkart 6795,Healthcare,Pune,maharashtra,Online,2022-11-30
MER06796,Myntra 6796,Entertainment,Delhi,Delhi,Offline,2025-04-07
MER06797,MakeMyTrip 6797,Travel,Kolkata,West Bengal,Online,2024-04-19
MER06798,BigBasket 6798,Grocery,Noida,Uttar Pradesh,Online,2024-09-09
MER06799,Paytm 6799,Fashion,Surat,Gujarat,Online,2025-06-28
MER06800,Amazon India 6800,Education,Pune,Maharashtra,Online,2025-01-05
MER06801,Swiggy 6801,Utilities,Delhi,Delhi,Online,2025-01-03
MER06802,Reliance Digital 6802,Automotive,Kolkata,West Bengal,Offline,2021-03-19
MER06803,Apollo Pharmacy 6803,Restaurants,Noida,Uttar Pradesh,Online,2024-01-31
MER06804,BookMyShow 6804,Ecommerce,Surat,Gujarat,Online,2024-05-07
MER06805,Flipkart 6805,Food Delivery,Pune,Maharashtra,Online,2022-11-05
MER06806,Myntra 6806,Electronics,Delhi,Delhi,Online,2021-03-21
MER06807,MakeMyTrip 6807,Healthcare,Kolkata,West Bengal,Online,2022-06-08
MER06808,BigBasket 6808,Entertainment,Noida,Uttar Pradesh,Online,2024-04-13
MER06809,Paytm 6809,Travel,Surat,Gujarat,Online,2024-12-19
MER06810,Amazon India 6810,Grocery,Pune,Maharashtra,Offline,2024-02-25
MER06811,Swiggy 6811,Fashion,Delhi,Delhi,Online,2025-01-29
MER06812,Reliance Digital 6812,Education,Kolkata,West Bengal,Offline,2021-04-10
MER06813,Apollo Pharmacy 6813,Utilities,Noida,Uttar Pradesh,Online,2023-09-02
MER06814,BookMyShow 6814,Automotive,Surat,Gujarat,Offline,2023-10-04
MER06815,Flipkart 6815,Restaurants,Pune,Maharashtra,Offline,2022-09-18
MER06816,Myntra 6816,Ecommerce,Delhi,delhi,Offline,2021-03-29
MER06817,MakeMyTrip 6817,Food Delivery,Kolkata,West Bengal,Online,2025-09-06
MER06818,BigBasket 6818,Electronics,Noida,Uttar Pradesh,Offline,2023-10-30
MER06819,Paytm 6819,Healthcare,Surat,Gujarat,Online,2021-02-24
MER06820,Amazon India 6820,Entertainment,Pune,Maharashtra,Online,2025-09-29
MER06821,Swiggy 6821,Travel,Delhi,Delhi,Online,2023-10-10
MER06822,Reliance Digital 6822,Grocery,Kolkata,West Bengal,Online,2023-12-20
MER06823,Apollo Pharmacy 6823,Fashion,Noida,Uttar Pradesh,Online,2024-02-18
MER06824,BookMyShow 6824,Education,Surat,Gujarat,Offline,2024-02-11
MER06825,Flipkart 6825,Utilities,Pune,Maharashtra,Online,2024-07-23
MER06826,Myntra 6826,Automotive,Delhi,Delhi,Online,2022-10-11
MER06827,MakeMyTrip 6827,Restaurants,Kolkata,West Bengal,Online,2021-01-27
MER06828,BigBasket 6828,Ecommerce,Noida,Uttar Pradesh,Online,2021-02-07
MER06829,Paytm 6829,Food Delivery,Surat,Gujarat,Offline,2024-12-27
MER06830,Amazon India 6830,Electronics,Pune,Maharashtra,Online,2022-02-20
MER06831,Swiggy 6831,Healthcare,Delhi,Delhi,Offline,2022-09-19
MER06832,Reliance Digital 6832,Entertainment,Kolkata,West Bengal,Online,2025-01-15
MER06833,Apollo Pharmacy 6833,Travel,Noida,Uttar Pradesh,Online,2024-10-07
MER06834,BookMyShow 6834,Grocery,Surat,Gujarat,Online,2021-12-27
MER06835,Flipkart 6835,Fashion,Pune,Maharashtra,,2022-04-30
MER06836,Myntra 6836,Education,Delhi,DELHI,Offline,2022-06-06
MER06837,MakeMyTrip 6837,Utilities,Kolkata,West Bengal,Online,
MER06838,BigBasket 6838,Automotive,Noida,Uttar Pradesh,Online,2024-06-05
MER06839,Paytm 6839,Restaurants,Surat,Gujarat,Offline,2025-03-01
MER06840,Amazon India 6840,Ecommerce,Pune,Maharashtra,Offline,2024-03-23
MER06841,Swiggy 6841,Food Delivery,Delhi,Delhi,Online,2025-03-18
MER06842,Reliance Digital 6842,Electronics,,West Bengal,Online,2023-04-27
MER06843,Apollo Pharmacy 6843,Healthcare,Noida,Uttar Pradesh,Online,2022-04-07
MER06844,BookMyShow 6844,Entertainment,Surat,Gujarat,Online,
MER06845,Flipkart 6845,Travel,Pune,Maharashtra,Online,2021-04-30
MER06846,Myntra 6846,Grocery,Delhi,Delhi,Offline,2021-06-21
MER06847,MakeMyTrip 6847,Fashion,Kolkata,West Bengal,Online,2025-04-24
MER06848,BigBasket 6848,Education, Noida ,Uttar Pradesh,Offline,2021-07-21
MER06849,Paytm 6849,Utilities,Surat,Gujarat,Online,2024-10-05
MER06850,Amazon India 6850,Automotive,Pune,Maharashtra,Online,2021-01-23
MER06851,Swiggy 6851,Restaurants,Delhi,Delhi,Online,2021-08-03
MER06852,Reliance Digital 6852,Ecommerce,Kolkata,West Bengal,Offline,2021-09-17
MER06853,Apollo Pharmacy 6853,Food Delivery,Noida,Uttar Pradesh,Online,2021-02-14
MER06854,BookMyShow 6854,Electronics,Surat,Gujarat,Offline,2024-02-24
MER06855,Flipkart 6855,Healthcare,Pune,Maharashtra,Online,2022-07-19
MER06856,Myntra 6856,Entertainment,Delhi,Delhi,Online,2023-06-08
MER06857,MakeMyTrip 6857,Travel,KOLKATA,West Bengal,Offline,2025-07-11
MER06858,BigBasket 6858,Grocery,Noida,Uttar Pradesh,Online,2025-04-07
MER06859,Paytm 6859,Fashion,Surat,Gujarat,Online,2021-04-25
MER06860,Amazon India 6860,Education,Pune,MAHARASHTRA,Online,2023-03-30
MER06861,Swiggy 6861,Utilities,Delhi,Delhi,Offline,2022-08-30
MER06862,Reliance Digital 6862,Automotive,Kolkata,West Bengal,Online,2024-08-16
MER06863,Apollo Pharmacy 6863,Restaurants,Noida,Uttar Pradesh,Offline,2025-01-07
MER06864,BookMyShow 6864,Ecommerce,Surat,Gujarat,Online,2023-07-23
MER06865,Flipkart 6865,Food Delivery,Pune,Maharashtra,Offline,2021-03-04
MER06866,Myntra 6866,Electronics,Delhi,Delhi,Offline,2021-01-18
MER06867,MakeMyTrip 6867,Healthcare,Kolkata,West Bengal,Online,2022-12-02
MER06868,BigBasket 6868,Entertainment,Noida,Uttar Pradesh,Online,2021-06-17
MER06869,Paytm 6869,Travel,Surat,Gujarat,Offline,2024-05-05
MER06870,Amazon India 6870,Grocery,Pune,Maharashtra,Online,2022-03-27
MER06871,Swiggy 6871,Fashion,Delhi,Delhi,Offline,2022-05-09
MER06872,Reliance Digital 6872,Education,Kolkata,West Bengal,Online,2024-06-27
MER06873,Apollo Pharmacy 6873,Utilities,Noida,Uttar Pradesh,Offline,2023-04-22
MER06874,BookMyShow 6874,Automotive,Surat,Gujarat,Online,2021-08-06
MER06875,Flipkart 6875,Restaurants,Pune,Maharashtra,Offline,2025-08-04
MER06876,Myntra 6876,Ecommerce,Delhi,Delhi,Online,2021-07-28
MER06877,MakeMyTrip 6877,Food Delivery,Kolkata,West Bengal,Online,2024-09-24
MER06878,BigBasket 6878,Electronics,Noida,Uttar Pradesh,Online,2021-09-05
MER06879,Paytm 6879,Healthcare,Surat,Gujarat,Online,2025-09-30
MER06880,Amazon India 6880,Entertainment,Pune,Maharashtra,Online,2023-06-02
MER06881,Swiggy 6881,Travel,Delhi,Delhi,Online,2023-06-06
MER06882,Reliance Digital 6882,Grocery,Kolkata,West Bengal,Offline,2023-01-02
MER06883,Apollo Pharmacy 6883,Fashion,Noida,Uttar Pradesh,Offline,2024-10-03
MER06884,BookMyShow 6884,Education,Surat,Gujarat, Online ,
MER06885,Flipkart 6885,Utilities,Pune,Maharashtra,Online,2022-05-23
MER06886,Myntra 6886,Automotive,Delhi,Delhi,Online,2021-05-14
MER06887,MakeMyTrip 6887,Restaurants,Kolkata,West Bengal,Online,2024-06-08
MER06888,BigBasket 6888,Ecommerce,Noida,Uttar Pradesh,Online,2025-07-15
MER06889,Paytm 6889,Food Delivery,Surat,Gujarat,Online,2023-05-28
MER06890,Amazon India 6890,Electronics,Pune,Maharashtra,Offline,2021-03-26
MER06891,Swiggy 6891,Healthcare, Delhi ,Delhi,Online,2022-01-07
MER06892,Reliance Digital 6892,Entertainment,Kolkata,West Bengal,Online,2021-09-08
,Apollo Pharmacy 6893,Travel,Noida,Uttar Pradesh,Online,2023-04-03
MER06894,BookMyShow 6894,Grocery,Surat,Gujarat,Online,2025-01-27
MER06895,Flipkart 6895,Fashion,Pune,Maharashtra,Offline,2024-10-07
MER06896,Myntra 6896,Education,Delhi,Delhi,Online,2023-03-16
MER06897,MakeMyTrip 6897,Utilities,Kolkata,West Bengal,,2025-06-14
MER06898,BigBasket 6898,Automotive,,Uttar Pradesh,Offline,2023-01-17
MER06899,Paytm 6899,Restaurants,Surat,Gujarat,,2021-12-25
MER06900,Amazon India 6900,Ecommerce,Pune,Maharashtra,Online,2022-01-04
MER06901,Swiggy 6901,Food Delivery,Delhi,Delhi,Online,2023-03-17
MER06902,Reliance Digital 6902,Electronics,Kolkata,West Bengal,Online,2024-03-08
MER06903,Apollo Pharmacy 6903,Healthcare,Noida,Uttar Pradesh,Online,2025-03-24
MER06904,BookMyShow 6904,Entertainment,Surat,Gujarat,Online,2023-12-24
MER06905,Flipkart 6905,Travel,Pune,Maharashtra,Online,2021-08-27
MER06906,Myntra 6906,Grocery,Delhi,Delhi,Online,2023-05-22
MER06907,MakeMyTrip 6907,Fashion,Kolkata,West Bengal,Online,2021-05-31
MER06908,BigBasket 6908,Education,Noida,Uttar Pradesh,Offline,2021-03-09
MER06909,Paytm 6909,Utilities,Surat,Gujarat,Online,2025-05-27
MER06910,Amazon India 6910,Automotive,Pune,Maharashtra,Offline,2025-08-26
MER06911,Swiggy 6911,Restaurants,Delhi,Delhi,Online,2025-07-12
MER06912,Reliance Digital 6912,Ecommerce,Kolkata,West Bengal,Online,2024-08-12
MER02105,Flipkart 2105,Travel,Pune,Maharashtra,Offline,2024-09-12
MER06914,BookMyShow 6914,Electronics,Surat,Gujarat,Offline,2022-07-25
MER06915,Flipkart 6915,Healthcare, Pune ,Maharashtra,Online,2024-03-03
MER06916,Myntra 6916,Entertainment,Delhi,Delhi,OFFLINE,2021-12-14
MER06917,MakeMyTrip 6917,Travel,Kolkata,West Bengal,Online,2025-08-21
MER06918,BigBasket 6918,Grocery,Noida,Uttar Pradesh,Offline,2024-01-21
MER06919,Paytm 6919,Fashion,Surat,Gujarat,Online,2023-12-05
MER06920,Amazon India 6920,Education,Pune,Maharashtra,Online,2022-01-15
MER06921,Swiggy 6921,Utilities,Delhi,Delhi,Online,2022-05-03
MER06922,Reliance Digital 6922,Automotive,Kolkata,West Bengal,Online,2023-08-11
MER06923,Apollo Pharmacy 6923,Restaurants,Noida,Uttar Pradesh,Online,2025-06-02
MER06924,BookMyShow 6924,Ecommerce,Surat,Gujarat,Online,2024-01-24
MER06925,Flipkart 6925,Food Delivery,Pune,Maharashtra,Online,2021-06-11
MER06926,Myntra 6926,Electronics,Delhi,Delhi,Offline,2022-07-31
MER00494,BookMyShow 494,Electronics,Surat,Gujarat,Offline,2022-08-06
MER06928,BigBasket 6928,Entertainment,Noida,Uttar Pradesh,Online,2023-09-06
MER06929,Paytm 6929,Travel,Surat,Gujarat,Online,2022-11-29
MER06930,Amazon India 6930,Grocery,Pune,Maharashtra,Online,2021-03-27
MER06931,Swiggy 6931,Fashion,Delhi,Delhi,Online,2023-03-28
MER06932,Reliance Digital 6932,Education,Kolkata,West Bengal,Online,2025-03-02
MER06933,Apollo Pharmacy 6933,Utilities,NOIDA,Uttar Pradesh,Offline,2022-11-12
MER06934,BookMyShow 6934,Automotive,Surat,Gujarat,Offline,2022-02-15
MER06935,Flipkart 6935,Restaurants,Pune,Maharashtra,Offline,2025-07-29
MER06936,Myntra 6936,Ecommerce,Delhi,Delhi,Online,2023-04-12
MER06937,MakeMyTrip 6937,Food Delivery,Kolkata,West Bengal,Online,2022-12-25
MER06938,BigBasket 6938,Electronics,Noida,Uttar Pradesh,Offline,2021-01-12
MER06939,Paytm 6939,Healthcare,Surat,Gujarat,Offline,2023-09-16
MER06940,Amazon India 6940,Entertainment,Pune,Maharashtra,Offline,2022-06-02
MER06941,Swiggy 6941,Travel,Delhi,Delhi,Online,2022-04-19
MER06942,Reliance Digital 6942,Grocery,Kolkata,West Bengal,Online,2021-12-30
MER06943,Apollo Pharmacy 6943,Fashion,Noida,Uttar Pradesh,Online,2021-03-21
MER06944,BookMyShow 6944,Education,Surat,Gujarat,Online,2023-02-27
MER06945,Flipkart 6945,Utilities,Pune,Maharashtra,Offline,2022-03-24
MER06946,Myntra 6946,Automotive,Delhi,Delhi,Online,2025-12-04
MER06947,MakeMyTrip 6947,Restaurants,Kolkata,West Bengal,Online,2023-06-23
MER06948,BigBasket 6948,Ecommerce,Noida,Uttar Pradesh,Online,2025-06-05
MER06949,Paytm 6949,,Surat,Gujarat,Offline,
MER06950,Amazon India 6950,Electronics,Pune,Maharashtra,Online,2023-12-09
MER06951,Swiggy 6951,Healthcare,Delhi,Delhi,Offline,2022-03-03
MER06952,Reliance Digital 6952,Entertainment,Kolkata,West Bengal,Offline,2024-01-26
MER06953,Apollo Pharmacy 6953,Travel,Noida,Uttar Pradesh,Offline,2024-02-22
MER06954,BookMyShow 6954,Grocery,Surat,Gujarat,Offline,2025-02-12
MER06955,Flipkart 6955,Fashion,Pune,Maharashtra,Online,2023-10-24
MER06956,Myntra 6956,Education,Delhi,Delhi,Offline,2024-03-30
MER06957,MakeMyTrip 6957,Utilities,Kolkata,West Bengal,Online,2024-04-20
MER06958,BigBasket 6958,Automotive,noida,Uttar Pradesh,Online,2021-01-14
MER06959,Paytm 6959,Restaurants,Surat,Gujarat,Offline,2024-07-20
MER06960,Amazon India 6960,Ecommerce,Pune,Maharashtra,Online,2022-05-07
MER06961,Swiggy 6961,Food Delivery,Delhi,Delhi,Offline,2023-01-29
MER06962,Reliance Digital 6962,Electronics,Kolkata,West Bengal,Online,2021-06-24
MER06963,Apollo Pharmacy 6963,Healthcare,Noida,Uttar Pradesh,Online,2022-05-31
MER06964,BookMyShow 6964,Entertainment,Surat,Gujarat,Offline,2021-11-05
MER06965,Flipkart 6965,Travel,Pune,Maharashtra,Online,2024-08-07
MER06966,Myntra 6966,Grocery,Delhi,Delhi,Online,2022-07-30
MER06967,MakeMyTrip 6967,Fashion,Kolkata,West Bengal,Online,2021-09-11
MER06968,BigBasket 6968,Education,Noida,Uttar Pradesh,Online,2024-09-22
MER06969,Paytm 6969,Utilities,Surat,Gujarat,Online,2022-09-09
MER06970,Amazon India 6970,Automotive,Pune,Maharashtra,Online,2022-05-23
MER06971,Swiggy 6971,Restaurants,Delhi,Delhi,Offline,
MER06972,Reliance Digital 6972,Ecommerce,Kolkata,West Bengal,Online,2023-06-17
MER06973,Apollo Pharmacy 6973,Food Delivery,Noida,Uttar Pradesh,Online,2021-03-27
MER06974,BookMyShow 6974,Electronics,Surat,Gujarat,Online,2024-02-11
MER06975,Flipkart 6975,Healthcare,Pune,Maharashtra,Online,2021-01-27
MER06976,Myntra 6976,Entertainment,Delhi,Delhi,Offline,2025-11-23
MER06977,MakeMyTrip 6977,Travel,Kolkata,West Bengal,Online,2022-04-01
MER06978,BigBasket 6978,Grocery,Noida,Uttar Pradesh,Online,2021-03-19
MER06979,Paytm 6979,Fashion,Surat,Gujarat,Offline,
MER06980,Amazon India 6980,Education,Pune,Maharashtra,Online,2024-04-17
MER06981,Swiggy 6981,Utilities,Delhi,Delhi,Offline,2025-01-09
MER06982,Reliance Digital 6982,Automotive,Kolkata,West Bengal,Online,2025-06-08
MER06983,Apollo Pharmacy 6983,Restaurants,Noida,Uttar Pradesh,Online,
MER06984,BookMyShow 6984,Ecommerce,Surat,Gujarat,Online,2021-05-03
MER06985,Flipkart 6985,Food Delivery,Pune,Maharashtra,Offline,2025-08-14
MER06986,Myntra 6986,Electronics,Delhi,Delhi,Online,2025-09-18
MER06987,MakeMyTrip 6987,Healthcare,Kolkata,West Bengal,Online,2022-12-18
MER06988,BigBasket 6988,Entertainment,Noida,Uttar Pradesh,Online,2023-05-12
MER06989,Paytm 6989,Travel,Surat,Gujarat,Online,2022-07-14
MER06990,Amazon India 6990,Grocery,Pune,Maharashtra,Online,2021-01-17
MER06991,Swiggy 6991,Fashion,Delhi,Delhi,Online,2021-09-11
MER06992,Reliance Digital 6992,Education,Kolkata,West Bengal,Online,2023-06-30
MER06993,Apollo Pharmacy 6993,Utilities,Noida,Uttar Pradesh,Online,2024-08-25
MER06994,BookMyShow 6994,Automotive,Surat,Gujarat,Offline,2024-02-19
MER06995,Flipkart 6995,Restaurants,Pune,Maharashtra,Offline,2024-11-19
MER06996,Myntra 6996,Ecommerce,Delhi,Delhi,Offline,2024-12-07
MER06997,MakeMyTrip 6997,Food Delivery,Kolkata,West Bengal,Online,2022-07-01
MER06998,BigBasket 6998,Electronics,Noida,Uttar Pradesh,Offline,2025-08-21
MER06999,Paytm 6999,Healthcare,Surat,Gujarat,Offline,2023-06-11
MER07000,Amazon India 7000,Entertainment,Pune,Maharashtra,Online,
MER07001,Swiggy 7001,Travel,Delhi,Delhi,Online,2024-12-20
MER07002,Reliance Digital 7002,Grocery,Kolkata,West Bengal,Offline,2025-06-15
MER07003,Apollo Pharmacy 7003,Fashion,Noida,Uttar Pradesh,Offline,2022-08-31
MER07004,BookMyShow 7004,Education,Surat,Gujarat,Online,2021-07-26
MER07005,Flipkart 7005,Utilities,Pune,Maharashtra,Offline,2021-06-03
MER07006,Myntra 7006,Automotive,DELHI,Delhi,Offline,2023-07-22
MER07007,MakeMyTrip 7007,Restaurants,Kolkata,West Bengal,Offline,2022-07-05
MER07008,BigBasket 7008,Ecommerce,Noida,Uttar Pradesh,Offline,2024-02-03
MER07009,Paytm 7009,Food Delivery,Surat,Gujarat,Online,2021-11-10
MER07010,Amazon India 7010,Electronics,,Maharashtra,Online,2021-07-01
MER07011,Swiggy 7011,Healthcare,Delhi,Delhi,Online,2022-01-15
MER07012,Reliance Digital 7012,Entertainment,Kolkata,West Bengal,Online,2023-03-21
MER07013,Apollo Pharmacy 7013,Travel,Noida,,Online,2025-05-20
MER07014,BookMyShow 7014,Grocery,Surat,Gujarat,Offline,2023-06-02
MER07015,Flipkart 7015,Fashion,Pune,Maharashtra,Online,2024-09-16
MER07016,Myntra 7016,Education,Delhi,Delhi,Online,2025-01-09
MER07017,MakeMyTrip 7017,Utilities,Kolkata,West Bengal,Online,2021-03-20
MER07018,BigBasket 7018,Automotive,Noida,Uttar Pradesh,Offline,2025-05-10
MER07019,Paytm 7019,Restaurants,Surat,Gujarat,Offline,2021-04-22
MER07020,Amazon India 7020,Ecommerce,Pune,maharashtra,Online,2023-09-03
MER07021,Swiggy 7021,Food Delivery,Delhi,Delhi,Online,2024-01-28
MER07022,Reliance Digital 7022,Electronics,Kolkata,West Bengal,Online,2024-05-22
MER07023,Apollo Pharmacy 7023,Healthcare,Noida,Uttar Pradesh,Online,2025-10-23
MER07024,BookMyShow 7024,Entertainment,Surat,Gujarat,Online,2023-09-29
MER07025,Flipkart 7025,Travel,Pune,Maharashtra,Online,2022-06-15
MER07026,Myntra 7026,Grocery,Delhi,Delhi,Offline,2022-03-30
MER07027,MakeMyTrip 7027,Fashion,Kolkata,West Bengal,Online,2024-06-14
MER07028,BigBasket 7028,Education,Noida,,Offline,2025-04-06
MER07029,Paytm 7029,Utilities,Surat,Gujarat,Online,2021-02-06
MER07030,Amazon India 7030,Automotive,Pune,Maharashtra,Online,2024-04-26
MER07031,Swiggy 7031,Restaurants,Delhi,Delhi,Online,2022-05-12
,Reliance Digital 7032,Ecommerce,Kolkata,West Bengal,Offline,2022-02-06
MER07033,Apollo Pharmacy 7033,Food Delivery,Noida,Uttar Pradesh,Offline,2025-09-07
MER07034,BookMyShow 7034,Electronics,Surat,Gujarat,Offline,2025-06-19
MER07035,Flipkart 7035,Healthcare,Pune,Maharashtra,Offline,2025-07-27
MER07036,Myntra 7036,Entertainment,Delhi,Delhi,Online,2021-12-04
MER07037,MakeMyTrip 7037,Travel,Kolkata,west bengal,Offline,2022-09-17
MER07038,BigBasket 7038,Grocery,Noida,Uttar Pradesh,Online,2023-08-14
MER07039,Paytm 7039,Fashion,Surat,Gujarat,Online,2021-06-29
MER07040,Amazon India 7040,Education,Pune,Maharashtra,Online,2023-03-23
MER07041,Swiggy 7041,Utilities,Delhi,Delhi,Offline,2025-11-04
MER07042,Reliance Digital 7042,Automotive,Kolkata,West Bengal,Online,2021-09-24
MER07043,Apollo Pharmacy 7043,Restaurants,Noida,Uttar Pradesh,Online,2021-11-24
MER07044,BookMyShow 7044,Ecommerce,Surat,Gujarat,Online,2024-02-06
MER07045,Flipkart 7045,Food Delivery,Pune,Maharashtra,Offline,2024-04-22
MER07046,Myntra 7046,Electronics,Delhi,Delhi,Online,2025-05-02
MER07047,MakeMyTrip 7047,Healthcare,Kolkata,West Bengal,Online,2021-04-06
MER07048,BigBasket 7048,Entertainment,Noida,Uttar Pradesh,Online,2021-07-01
MER07049,Paytm 7049,Travel,Surat,Gujarat,Online,2022-11-28
MER07050,Amazon India 7050,Grocery,Pune,Maharashtra,Offline,2023-10-29
MER07051,Swiggy 7051,Fashion,Delhi,Delhi,,2023-10-16
MER07052,Reliance Digital 7052,Education,Kolkata,West Bengal,Offline,2024-11-21
MER07053,Apollo Pharmacy 7053,Utilities,Noida,Uttar Pradesh,Online,2025-03-20
MER07054,BookMyShow 7054,Automotive,Surat,Gujarat,Online,2022-02-19
MER07055,Flipkart 7055,Restaurants,Pune,Maharashtra,Offline,2021-02-28
MER07056,Myntra 7056,Ecommerce,Delhi,Delhi,Online,2023-06-01
MER07057,MakeMyTrip 7057,Food Delivery,Kolkata,West Bengal,Online,2025-08-06
MER07058,BigBasket 7058,Electronics,Noida,Uttar Pradesh,Offline,2022-05-09
MER06259,Paytm 6259,Fashion,Surat,Gujarat,Online,2021-02-11
MER07060,Amazon India 7060,Entertainment,Pune,Maharashtra,Online,2025-09-01
MER07061,Swiggy 7061,Travel,Delhi,Delhi,Online,2025-06-27
MER07062,Reliance Digital 7062,Grocery,Kolkata,West Bengal,Offline,2022-02-18
MER07063,Apollo Pharmacy 7063,Fashion,Noida,Uttar Pradesh,Offline,2023-05-01
MER07064,BookMyShow 7064,Education,Surat,Gujarat,Online,2022-08-08
MER07065,Flipkart 7065,Utilities,Pune,Maharashtra,Offline,2021-12-10
MER07066,Myntra 7066,Automotive,Delhi,Delhi,Online,2024-03-09
MER07067,MakeMyTrip 7067,Restaurants,Kolkata,West Bengal,Online,2024-10-04
MER07068,BigBasket 7068,Ecommerce,Noida,Uttar Pradesh,Online,2022-07-03
MER07069,Paytm 7069,Food Delivery,Surat,Gujarat,Online,2023-08-12
MER07070,Amazon India 7070,Electronics,Pune,,Online,2024-02-13
MER07071,Swiggy 7071,Healthcare,Delhi,delhi,Online,2021-03-25
,Reliance Digital 7072,Entertainment,Kolkata,West Bengal,Online,2022-03-22
MER07073,Apollo Pharmacy 7073,Travel,Noida,Uttar Pradesh,unknown,2022-08-25
MER07074,BookMyShow 7074,Grocery,Surat,Gujarat,Offline,2021-10-03
MER07075,Flipkart 7075,Fashion,Pune,Maharashtra,Online,2023-10-28
MER07076,Myntra 7076,Education,Delhi,Delhi,Offline,2023-11-24
MER07077,MakeMyTrip 7077,Utilities,Kolkata,WEST BENGAL,Online,2025-04-01
MER07078,BigBasket 7078,Automotive,Noida,Uttar Pradesh,Online,2025-02-12
MER07079,Paytm 7079,Restaurants,Surat,Gujarat,Online,2023-10-30
MER07080,Amazon India 7080,Ecommerce,Pune,Maharashtra,Online,2025-04-24
MER07081,Swiggy 7081,Food Delivery,Delhi,Delhi,Online,2022-11-17
MER07082,Reliance Digital 7082,Electronics, Kolkata ,West Bengal,Offline,2024-05-22
MER07083,Apollo Pharmacy 7083,Healthcare,Noida,Uttar Pradesh,Offline,2025-10-19
MER07084,BookMyShow 7084,Entertainment,Surat,Gujarat,Offline,2024-01-24
MER07085,Flipkart 7085,Travel,Pune,Maharashtra,Offline,2021-07-26
MER07086,Myntra 7086,Grocery,Delhi,Delhi,Offline,2021-04-20
MER07087,MakeMyTrip 7087,Fashion,Kolkata,West Bengal,Online,2024-02-26
MER07088,BigBasket 7088,Education,Noida,Uttar Pradesh,Online,2021-02-21
MER07089,Paytm 7089,Utilities,Surat,Gujarat,Online,2021-12-14
MER07090,Amazon India 7090,Automotive,Pune,Maharashtra,Offline,2024-11-16
MER07091,Swiggy 7091,Restaurants,Delhi,Delhi,Offline,2022-03-15
MER07092,Reliance Digital 7092,Ecommerce,Kolkata,West Bengal,Offline,2025-04-15
MER07093,Apollo Pharmacy 7093,Food Delivery,Noida,Uttar Pradesh,Offline,2021-10-08
MER07094,BookMyShow 7094,Electronics,Surat,Gujarat,Online,2022-11-30
,Flipkart 7095,Healthcare,Pune,Maharashtra,Online,2022-03-27
MER07096,Myntra 7096,,Delhi,Delhi,Online,2022-07-21
MER07097,MakeMyTrip 7097,Travel,,West Bengal,Online,2021-08-24
MER07098,BigBasket 7098,Grocery,Noida,Uttar Pradesh,Offline,2023-03-04
MER07099,Paytm 7099,Fashion,Surat,Gujarat,Offline,2025-12-05
MER07100,Amazon India 7100,Education,Pune,Maharashtra,Online,2021-12-23
MER00010,Amazon India 10,Automotive,Pune,Maharashtra,Online,2022-12-07
MER07102,Reliance Digital 7102,Automotive,Kolkata,West Bengal,Online,2024-01-13
MER07103,Apollo Pharmacy 7103,Restaurants,Noida,Uttar Pradesh,Online,2024-05-17
MER07104,BookMyShow 7104,Ecommerce,Surat,Gujarat,Online,2022-12-22
MER07105,Flipkart 7105,Food Delivery,Pune,Maharashtra,Offline,2025-08-12
MER07106,Myntra 7106,Electronics,Delhi,Delhi,Online,2022-05-30
MER07107,MakeMyTrip 7107,Healthcare,Kolkata,West Bengal,Online,2021-03-06
MER07108,BigBasket 7108,Entertainment,Noida,Uttar Pradesh,Offline,2024-02-15
MER07109,Paytm 7109,Travel,Surat,Gujarat,Online,2023-04-30
MER07110,Amazon India 7110,Grocery,Pune,Maharashtra,Online,2023-11-05
MER07111,Swiggy 7111,Fashion,Delhi,Delhi,Offline,2023-03-26
MER07112,Reliance Digital 7112,Education,KOLKATA,West Bengal,Online,2024-06-16
MER07113,Apollo Pharmacy 7113,Utilities,Noida, Uttar Pradesh ,Online,2025-09-10
MER07114,BookMyShow 7114,Automotive, Surat ,Gujarat,Online,2025-04-01
MER07115,Flipkart 7115,Restaurants,Pune,Maharashtra,Online,2021-08-05
MER07116,Myntra 7116,Ecommerce,Delhi,Delhi,Offline,2022-05-17
MER07117,MakeMyTrip 7117,Food Delivery,Kolkata,West Bengal,Online,2022-12-09
MER07118,BigBasket 7118,Electronics,Noida,Uttar Pradesh,Online,2023-11-30
MER07119,Paytm 7119,Healthcare,Surat,Gujarat,Online,2023-12-08
MER07120,Amazon India 7120,Entertainment,,Maharashtra,Offline,2025-03-26
MER07121,Swiggy 7121,Travel,Delhi,Delhi,Online,2025-11-18
MER07122,Reliance Digital 7122,Grocery,Kolkata,West Bengal,Online,2023-07-06
MER07123,Apollo Pharmacy 7123,Fashion,Noida,Uttar Pradesh,Online,2024-05-01
MER07124,BookMyShow 7124,Education,Surat,Gujarat,Online,
MER07125,Flipkart 7125,Utilities,Pune,Maharashtra,Offline,2022-01-07
MER07126,Myntra 7126,Automotive,Delhi,Delhi,Online,2021-11-11
MER07127,,Restaurants,Kolkata,West Bengal,Offline,2024-02-26
MER07128,BigBasket 7128,Ecommerce,Noida,Uttar Pradesh,OFFLINE,2025-04-11
MER07129,Paytm 7129,Food Delivery,Surat,Gujarat,Online,2024-07-25
MER07130,Amazon India 7130,Electronics,Pune,Maharashtra,Online,2021-04-24
MER07131,Swiggy 7131,Healthcare,Delhi,Delhi,Online,2025-10-20
MER07132,Reliance Digital 7132,Entertainment,Kolkata,West Bengal,Online,2023-10-17
MER07133,Apollo Pharmacy 7133,Travel,Noida,Uttar Pradesh,Online,2022-08-17
MER07134,BookMyShow 7134,Grocery,Surat,Gujarat,Online,2021-05-20
MER07135,Flipkart 7135,Fashion, Pune ,Maharashtra,Online,2021-09-04
MER07136,Myntra 7136,Education,Delhi,Delhi,Online,2022-08-12
MER07137,MakeMyTrip 7137,Utilities,Kolkata,West Bengal,Offline,2021-07-08
MER07138,BigBasket 7138,Automotive,Noida,Uttar Pradesh,Online,2025-07-16
MER07139,Paytm 7139,Restaurants, Surat ,Gujarat,Offline,2024-01-21
MER07140,Amazon India 7140,Ecommerce,Pune,Maharashtra,Online,2021-09-30
MER07141,Swiggy 7141,Food Delivery,Delhi,Delhi,Online,2024-09-04
MER07142,Reliance Digital 7142,Electronics,Kolkata,West Bengal,Online,2023-02-14
MER07143,Apollo Pharmacy 7143,Healthcare,Noida,Uttar Pradesh,Online,2021-09-13
MER07144,BookMyShow 7144,Entertainment,Surat,Gujarat,Offline,2025-08-24
MER07145,,Travel,Pune,Maharashtra,Offline,2024-12-10
MER07146,Myntra 7146,Grocery,Delhi,DELHI,Online,2023-09-29
MER07147,MakeMyTrip 7147,Fashion,Kolkata,West Bengal,Online,
MER07148,BigBasket 7148,Education,Noida,Uttar Pradesh,Offline,2024-05-29
MER07149,Paytm 7149,Utilities,Surat,Gujarat,Online,2025-02-17
MER07150,Amazon India 7150,Automotive,Pune,Maharashtra,Online,2021-12-20
MER07151,Swiggy 7151,Restaurants,Delhi,Delhi,Online,2025-01-21
MER07152,Reliance Digital 7152,Ecommerce,Kolkata,West Bengal,Offline,2024-12-22
MER07153,Apollo Pharmacy 7153,Food Delivery,Noida,Uttar Pradesh,Online,2022-04-12
MER07154,BookMyShow 7154,Electronics,Surat,Gujarat,Online,2023-06-30
MER07155,Flipkart 7155,Healthcare,Pune,Maharashtra,Online,2024-12-24
MER07156,Myntra 7156,Entertainment,Delhi,Delhi,Offline,2025-02-14
MER07157,MakeMyTrip 7157,Travel, Kolkata ,West Bengal,Online,2024-06-22
MER07158,BigBasket 7158,Grocery,Noida,Uttar Pradesh,Online,2024-05-04
MER07159,Paytm 7159,Fashion,Surat,Gujarat,Online,2022-08-30
MER07160,Amazon India 7160,Education,Pune,Maharashtra,Online,2023-06-10
MER07161,Swiggy 7161,Utilities,Delhi,Delhi,Online,2023-11-14
MER07162,Reliance Digital 7162,Automotive,Kolkata,West Bengal,Online,2022-03-31
MER07163,Apollo Pharmacy 7163,Restaurants,Noida,Uttar Pradesh,Online,2021-07-01
MER07164,BookMyShow 7164,Ecommerce,Surat,Gujarat,Online,2022-07-21
MER07165,Flipkart 7165,Food Delivery,Pune,Maharashtra,Online,2024-12-21
MER07166,Myntra 7166,Electronics,Delhi,Delhi,Online,2024-07-12
MER07167,MakeMyTrip 7167,Healthcare,Kolkata,West Bengal,Offline,2021-10-03
MER07168,BigBasket 7168,Entertainment,Noida,Uttar Pradesh,Online,2023-12-23
MER07169,Paytm 7169,Travel,Surat,Gujarat,Online,2022-06-10
MER07170,Amazon India 7170,Grocery,Pune,Maharashtra,Online,2025-07-06
MER07171,Swiggy 7171,Fashion,Delhi,Delhi,Offline,2024-11-11
MER07172,Reliance Digital 7172,Education,Kolkata,West Bengal,Offline,
MER07173,Apollo Pharmacy 7173,Utilities,Noida,Uttar Pradesh,Online,2025-07-12
MER07174,BookMyShow 7174,Automotive,Surat,Gujarat,Offline,2025-12-01
MER07175,Flipkart 7175,Restaurants,Pune,Maharashtra,Offline,
MER07176,Myntra 7176,Ecommerce,Delhi,Delhi,Online,2024-10-04
MER07177,MakeMyTrip 7177,Food Delivery,Kolkata,West Bengal,Offline,2024-12-16
MER07178,BigBasket 7178,Electronics,Noida,Uttar Pradesh,Online,2025-02-05
MER07179,Paytm 7179,Healthcare,Surat,Gujarat,Online,2024-05-26
MER07180,Amazon India 7180,Entertainment,Pune,Maharashtra,Online,2024-11-26
MER07181,Swiggy 7181,Travel,Delhi,Delhi,Online,2024-12-16
,Reliance Digital 7182,Grocery,Kolkata,West Bengal, Online ,2023-09-01
MER07183,Apollo Pharmacy 7183,Fashion,Noida,Uttar Pradesh,Offline,2025-06-20
MER07184,BookMyShow 7184,Education,Surat,Gujarat,Online,2022-06-30
MER07185,Flipkart 7185,,Pune,Maharashtra,Online,2022-06-17
MER07186,Myntra 7186,Automotive,Delhi,Delhi,Online,2021-03-24
MER07187,MakeMyTrip 7187,Restaurants,Kolkata,West Bengal,Offline,2023-02-27
MER07188,BigBasket 7188,Ecommerce,Noida,Uttar Pradesh,Online,2024-01-01
MER07189,Paytm 7189,Food Delivery,,Gujarat,Online,2022-11-19
MER07190,Amazon India 7190,Electronics,Pune,Maharashtra,Online,2024-05-06
MER07191,Swiggy 7191,Healthcare,Delhi,,Online,2021-08-08
MER07192,Reliance Digital 7192,Entertainment,Kolkata,West Bengal,Online,2023-06-20
MER07193,Apollo Pharmacy 7193,Travel,Noida,Uttar Pradesh,Offline,2021-07-05
MER07194,BookMyShow 7194,Grocery,Surat,,Offline,2025-07-19
MER07195,,Fashion,Pune,Maharashtra,Offline,
MER07196,Myntra 7196,Education,Delhi,Delhi,Online,2025-10-24
MER07197,MakeMyTrip 7197,Utilities,Kolkata,West Bengal,Offline,2025-03-03
MER07198,,Automotive,Noida,Uttar Pradesh,Online,2021-05-16
MER07199,Paytm 7199,Restaurants,Surat,Gujarat,Online,2021-02-23
MER07200,Amazon India 7200,Ecommerce,Pune,Maharashtra,Online,2021-05-06
MER07201,Swiggy 7201,Food Delivery,Delhi,Delhi,Online,2024-05-25
MER07202,Reliance Digital 7202,,Kolkata,West Bengal,Offline,2024-01-11
MER07203,Apollo Pharmacy 7203,Healthcare,Noida,Uttar Pradesh,Online,2023-12-21
MER07204,BookMyShow 7204,Entertainment, Surat ,Gujarat,Offline,2025-04-21
MER07205,Flipkart 7205,Travel,Pune,Maharashtra,Offline,2024-09-20
MER07206,Myntra 7206,Grocery,,Delhi,Online,2025-07-14
MER07207,MakeMyTrip 7207,Fashion,Kolkata,West Bengal,Offline,2022-10-07
MER07208,BigBasket 7208,Education,Noida,Uttar Pradesh,,2024-01-02
MER07209,Paytm 7209,Utilities,Surat,Gujarat,Online,2021-08-15
MER07210,,Automotive,Pune,maharashtra,Offline,2024-09-17
MER07211,Swiggy 7211,Restaurants,Delhi,Delhi,Offline,2021-10-25
MER07212,Reliance Digital 7212,Ecommerce,Kolkata,West Bengal,Offline,2022-09-26
MER07213,Apollo Pharmacy 7213,Food Delivery,Noida,Uttar Pradesh,Offline,2022-12-08
MER07214,BookMyShow 7214,Electronics,Surat,Gujarat,Online,2022-06-27
MER07215,Flipkart 7215,Healthcare,Pune,Maharashtra,Offline,2024-11-05
MER07216,Myntra 7216,Entertainment,Delhi,Delhi,OFFLINE,2021-10-29
MER07217,MakeMyTrip 7217,Travel,Kolkata,West Bengal,Online,2021-05-02
MER07218,BigBasket 7218,Grocery,Noida,Uttar Pradesh,Online,2024-03-28
MER07219,Paytm 7219,Fashion,Surat,,Online,2021-03-14
MER07220,Amazon India 7220,Education,Pune,Maharashtra,Offline,2023-10-29
MER07221,Swiggy 7221,Utilities,Delhi,Delhi,Online,2025-04-22
MER07222,Reliance Digital 7222,Automotive, Kolkata ,West Bengal,Offline,2023-04-18
MER07223,,Restaurants,Noida,Uttar Pradesh,Online,2021-10-20
MER07224,BookMyShow 7224,,Surat,Gujarat,Online,2025-05-21
MER07225,Flipkart 7225,Food Delivery,Pune,Maharashtra,Online,2023-05-30
MER07226,Myntra 7226,Electronics,Delhi,Delhi,Online,2022-12-20
MER07227,MakeMyTrip 7227,Healthcare,Kolkata,WEST BENGAL,Online,2024-06-30
MER07228,BigBasket 7228,Entertainment,Noida,Uttar Pradesh,Online,2023-10-09
MER07229,Paytm 7229,Travel,Surat,Gujarat,Online,2021-06-03
MER07230,Amazon India 7230,Grocery,Pune,Maharashtra,Online,2025-05-08
MER07231,Swiggy 7231,Fashion,,Delhi,Online,2022-01-06
MER07232,Reliance Digital 7232,Education,Kolkata,West Bengal,Online,2025-05-24
MER07233,Apollo Pharmacy 7233,Utilities,Noida,Uttar Pradesh,Online,2022-05-02
MER07234,BookMyShow 7234,Automotive,Surat,Gujarat,Online,2022-06-02
MER07235,Flipkart 7235,Restaurants,Pune,Maharashtra,Online,2022-04-27
MER07236,Myntra 7236,Ecommerce,Delhi,Delhi,Online,2023-05-17
MER07237,MakeMyTrip 7237,Food Delivery,Kolkata,West Bengal,Online,2021-01-27
MER07238,BigBasket 7238,Electronics,Noida,Uttar Pradesh,Online,2025-01-10
MER07239,Paytm 7239,Healthcare,Surat,Gujarat,Offline,2022-04-08
MER07240,Amazon India 7240,Entertainment,Pune,Maharashtra,Offline,2023-08-26
MER07241,Swiggy 7241,Travel,Delhi,Delhi,Offline,2022-11-16
MER07242,Reliance Digital 7242,Grocery,Kolkata,West Bengal,unknown,2024-06-09
MER07243,Apollo Pharmacy 7243,Fashion,Noida,Uttar Pradesh,Online,2024-12-19
MER07244,BookMyShow 7244,Education,Surat, Gujarat ,Offline,2023-04-15
MER07245,Flipkart 7245,Utilities,Pune,Maharashtra,Offline,2025-10-31
MER07246,Myntra 7246,Automotive,Delhi,Delhi,Online,2021-01-05
MER07247,MakeMyTrip 7247,Restaurants,Kolkata,West Bengal,Online,2024-06-29
MER07248,BigBasket 7248,Ecommerce,Noida,Uttar Pradesh,,2025-05-30
MER07249,Paytm 7249,Food Delivery,Surat,Gujarat,Offline,2021-08-04
MER07250,Amazon India 7250,Electronics,Pune,Maharashtra,Online,2023-01-11
MER07251,Swiggy 7251,Healthcare,Delhi,Delhi,Online,2023-12-07
MER07252,Reliance Digital 7252,Entertainment,Kolkata,,Offline,2025-11-08
MER07253,Apollo Pharmacy 7253,Travel,Noida,Uttar Pradesh,Online,2024-12-18
MER07254,BookMyShow 7254,Grocery,Surat,Gujarat,Offline,2024-05-02
MER07255,Flipkart 7255,Fashion,Pune,Maharashtra,Online,2025-05-10
MER07256,Myntra 7256,Education,Delhi,Delhi,Online,2023-02-26
MER07257,MakeMyTrip 7257,Utilities,Kolkata,West Bengal,Offline,2022-01-30
MER07258,BigBasket 7258,Automotive,Noida,Uttar Pradesh,Online,2022-10-16
MER07259,Paytm 7259,Restaurants,Surat,Gujarat,Offline,2024-10-28
MER07260,Amazon India 7260,Ecommerce,Pune,Maharashtra,Offline,2021-04-06
MER07261,Swiggy 7261,Food Delivery,Delhi,Delhi,Online,2024-02-23
MER07262,Reliance Digital 7262,Electronics,Kolkata,West Bengal,Offline,2024-11-05
MER07263,Apollo Pharmacy 7263,Healthcare,Noida,Uttar Pradesh,Online,2025-09-29
MER07264,BookMyShow 7264,Entertainment,Surat,Gujarat,Online,2023-05-10
MER07265,Flipkart 7265,Travel,Pune,Maharashtra,Offline,2022-12-27
MER07266,Myntra 7266,Grocery,Delhi,Delhi,Online,2023-01-20
MER07267,MakeMyTrip 7267,Fashion,Kolkata,West Bengal,Online,2021-01-10
MER07268,BigBasket 7268,Education,Noida,Uttar Pradesh,Offline,2024-04-04
MER07269,Paytm 7269,Utilities,Surat,Gujarat,Offline,2021-04-02
MER07270,Amazon India 7270,Automotive,Pune,Maharashtra,Online,2024-12-05
MER07271,Swiggy 7271,Restaurants,Delhi,Delhi,Online,2025-01-26
MER07272,Reliance Digital 7272,Ecommerce,Kolkata,West Bengal,Online,2021-11-14
MER07273,Apollo Pharmacy 7273,Food Delivery,Noida,Uttar Pradesh,Online,2022-04-04
MER07274,BookMyShow 7274,Electronics,Surat,Gujarat,Online,2022-12-16
MER07275,Flipkart 7275,Healthcare,Pune,Maharashtra,Offline,2022-12-26
MER07276,Myntra 7276,Entertainment,Delhi,Delhi,Online,2023-04-30
MER07277,MakeMyTrip 7277,Travel,Kolkata,West Bengal,Online,2025-02-19
MER07278,,Grocery,Noida,Uttar Pradesh,Online,2024-09-22
MER07279,Paytm 7279,Fashion,Surat,Gujarat,Online,2025-08-12
MER07280,Amazon India 7280,Education,Pune,Maharashtra,Online,2023-06-01
MER07281,Swiggy 7281,Utilities,Delhi,Delhi,Online,2025-08-17
MER07282,Reliance Digital 7282,Automotive,Kolkata,West Bengal,Online,2023-07-15
MER07283,Apollo Pharmacy 7283,Restaurants,Noida,Uttar Pradesh,Online,2022-02-25
MER07284,BookMyShow 7284,Ecommerce,Surat,Gujarat,Online,2023-10-31
MER07285,Flipkart 7285,Food Delivery,Pune,Maharashtra,Offline,2022-10-22
MER07286,Myntra 7286,Electronics,Delhi,Delhi,Online,2021-01-01
MER07287,MakeMyTrip 7287,Healthcare,Kolkata,West Bengal,Online,2022-07-29
MER06260,Amazon India 6260,Education,Pune,Maharashtra,Online,2024-01-10
MER07289,Paytm 7289,Travel,Surat,Gujarat,Offline,2023-11-06
MER07290,Amazon India 7290,Grocery, Pune ,Maharashtra,Online,2025-01-04
MER07291,Swiggy 7291,Fashion,Delhi,Delhi,Online,2023-01-03
MER07292,Reliance Digital 7292,Education,Kolkata,west bengal,Offline,2021-01-07
MER07293,Apollo Pharmacy 7293,Utilities,Noida,Uttar Pradesh,Online,2025-03-06
MER09065,Flipkart 9065,Travel,Pune,Maharashtra,Offline,2025-09-13
MER07295,Flipkart 7295,Restaurants,Pune,Maharashtra,Online,2025-10-31
MER07296,Myntra 7296,Ecommerce,Delhi,Delhi,,2021-08-17
MER07297,MakeMyTrip 7297,Food Delivery,Kolkata,West Bengal,Online,2025-02-05
MER07298,BigBasket 7298,Electronics,Noida,Uttar Pradesh,Online,2021-02-22
MER07299,Paytm 7299,Healthcare,Surat,Gujarat,Online,2025-05-13
MER07300,Amazon India 7300,Entertainment,Pune,Maharashtra,Online,2022-07-19
MER07301,Swiggy 7301,Travel,Delhi,Delhi,Online,2023-05-22
MER07302,Reliance Digital 7302,Grocery,Kolkata,West Bengal,Online,2024-10-10
MER07303,Apollo Pharmacy 7303,Fashion,Noida,Uttar Pradesh,Online,2022-12-30
MER07304,BookMyShow 7304,Education, Surat ,Gujarat,Online,2025-03-02
MER07305,Flipkart 7305,Utilities,Pune,Maharashtra,Online,2022-11-13
MER07306,Myntra 7306,Automotive,Delhi,Delhi,Offline,2024-06-20
MER07307,MakeMyTrip 7307,Restaurants,Kolkata,West Bengal,Online,2024-12-12
MER07308,BigBasket 7308,Ecommerce,Noida,Uttar Pradesh,Offline,2024-06-18
MER07309,Paytm 7309,Food Delivery,Surat,Gujarat,Online,2024-01-16
MER07310,Amazon India 7310,Electronics,Pune,Maharashtra,Online,2023-10-05
MER07311,Swiggy 7311,Healthcare,Delhi,Delhi,Online,2022-08-28
MER07312,,Entertainment,Kolkata,,Online,2021-10-17
MER07313,Apollo Pharmacy 7313,Travel,Noida,Uttar Pradesh,Online,2024-11-23
MER07314,BookMyShow 7314,Grocery,Surat, Gujarat ,Online,2022-04-29
MER07315,Flipkart 7315,Fashion,Pune,Maharashtra,Online,2025-01-22
MER07316,Myntra 7316,Education,Delhi,,Online,2023-06-18
MER07317,MakeMyTrip 7317,Utilities,Kolkata,West Bengal,Offline,2021-04-13
MER07318,BigBasket 7318,Automotive,Noida,Uttar Pradesh,Online,2024-07-06
MER07319,Paytm 7319,Restaurants,Surat,,Online,2021-03-12
MER07320,Amazon India 7320,Ecommerce,Pune,Maharashtra,Online,2022-02-06
MER07321,Swiggy 7321,Food Delivery,Delhi,Delhi,Online,
MER07322,Reliance Digital 7322,Electronics,Kolkata,West Bengal,Offline,2021-01-15
MER07323,Apollo Pharmacy 7323,Healthcare,Noida,Uttar Pradesh,Online,2023-07-05
MER07324,BookMyShow 7324,Entertainment,Surat,Gujarat,Offline,2021-07-21
MER07325,Flipkart 7325,Travel,Pune,Maharashtra,Online,2022-09-01
MER07326,Myntra 7326,Grocery,Delhi,Delhi,Online,2023-08-24
MER07327,MakeMyTrip 7327,,Kolkata,West Bengal,Online,2024-08-03
MER07328,BigBasket 7328,Education,Noida,Uttar Pradesh,Online,2025-05-31
MER07329,Paytm 7329,Utilities,Surat,Gujarat,Offline,2021-05-19
MER07330,Amazon India 7330,Automotive,Pune,Maharashtra,Online,2022-04-06
MER07331,Swiggy 7331,Restaurants,Delhi, Delhi ,Online,2022-05-28
MER07332,Reliance Digital 7332,Ecommerce,Kolkata,West Bengal,Offline,2025-01-11
MER07333,Apollo Pharmacy 7333,Food Delivery,Noida,Uttar Pradesh,Online,2024-02-22
MER07334,BookMyShow 7334,Electronics,Surat,Gujarat,Online,2022-09-13
MER07335,Flipkart 7335,Healthcare,Pune,Maharashtra,Online,2022-12-14
MER07336,Myntra 7336,Entertainment,Delhi,Delhi,Offline,2021-07-03
MER07337,MakeMyTrip 7337,Travel,Kolkata,West Bengal,Online,2022-09-05
MER07338,BigBasket 7338,Grocery,Noida,uttar pradesh,Online,2021-07-18
MER07339,Paytm 7339,Fashion,Surat,Gujarat,Online,2021-07-13
MER07340,Amazon India 7340,Education,Pune,Maharashtra,Offline,2025-03-20
MER07341,Swiggy 7341,Utilities,Delhi,Delhi,Offline,2022-11-02
MER07342,Reliance Digital 7342,Automotive,Kolkata,West Bengal,Offline,2025-10-03
MER07343,Apollo Pharmacy 7343,Restaurants,Noida,Uttar Pradesh,Online,2023-11-24
MER07344,BookMyShow 7344,Ecommerce,Surat,,Online,2022-10-02
MER07345,Flipkart 7345,Food Delivery,Pune,Maharashtra,Online,2025-10-01
MER07346,Myntra 7346,Electronics,Delhi,Delhi,Offline,2025-06-18
MER07347,MakeMyTrip 7347,Healthcare,Kolkata,West Bengal,Offline,2022-09-19
MER07348,BigBasket 7348,Entertainment,Noida,UTTAR PRADESH,Online,2024-11-03
MER07349,Paytm 7349,Travel,Surat,Gujarat,Offline,2023-08-05
MER07350,Amazon India 7350,Grocery,Pune,Maharashtra,Online,2023-09-14
MER07351,Swiggy 7351,Fashion,Delhi,Delhi,Offline,2023-10-16
MER07352,Reliance Digital 7352,Education,Kolkata,West Bengal,Online,2022-11-25
MER07353,Apollo Pharmacy 7353,,Noida,Uttar Pradesh,Offline,2023-03-19
MER07354,BookMyShow 7354,Automotive,Surat,Gujarat,Online,2025-07-17
MER07355,Flipkart 7355,Restaurants,Pune,Maharashtra,Online,2021-03-14
MER07356,Myntra 7356,Ecommerce,Delhi,Delhi,Online,2021-10-26
MER07357,MakeMyTrip 7357,Food Delivery,Kolkata,West Bengal,Online,2022-11-19
MER07358,BigBasket 7358,Electronics,Noida,Uttar Pradesh,Online,
MER07359,Paytm 7359,Healthcare,Surat,Gujarat,Online,2024-12-20
MER07360,Amazon India 7360,Entertainment,Pune,Maharashtra,Offline,2024-06-12
MER07361,Swiggy 7361,Travel,Delhi,Delhi,Online,2022-10-14
MER07362,Reliance Digital 7362,Grocery,Kolkata,West Bengal,Offline,2024-04-08
MER07363,Apollo Pharmacy 7363,Fashion,Noida,Uttar Pradesh,Online,
MER07364,BookMyShow 7364,Education,Surat,Gujarat,Offline,2023-10-07
MER07365,Flipkart 7365,Utilities,Pune,Maharashtra,Offline,2022-08-19
MER07366,Myntra 7366,Automotive,Delhi,Delhi,Online,2024-04-17
MER07367,MakeMyTrip 7367,Restaurants,Kolkata,West Bengal,Online,2022-12-22
MER07368,BigBasket 7368,Ecommerce,Noida,Uttar Pradesh,Offline,2022-06-23
MER07369,Paytm 7369,Food Delivery,Surat,Gujarat,Online,2024-09-11
MER07370,Amazon India 7370,Electronics,Pune,Maharashtra,Online,2025-10-28
MER07371,Swiggy 7371,Healthcare,Delhi,Delhi,Online,2022-08-27
MER07372,Reliance Digital 7372,Entertainment,Kolkata,West Bengal,Offline,2021-04-01
MER07373,Apollo Pharmacy 7373,Travel,Noida,Uttar Pradesh,Online,2023-08-05
MER07374,BookMyShow 7374,Grocery,Surat,Gujarat,Offline,2021-12-20
MER07375,Flipkart 7375,Fashion,Pune,Maharashtra,,2021-01-22
MER07376,Myntra 7376,Education,Delhi,Delhi,Online,2021-10-13
MER07377,MakeMyTrip 7377,Utilities,Kolkata,West Bengal,Online,2022-05-18
MER07378,BigBasket 7378,Automotive,Noida,Uttar Pradesh,Online,2022-06-28
MER07379,Paytm 7379,Restaurants,Surat,Gujarat,Online,2021-03-11
MER07380,Amazon India 7380,Ecommerce,Pune,Maharashtra,OFFLINE,2025-05-07
MER07381,Swiggy 7381,Food Delivery,Delhi,Delhi,Online,2022-08-13
MER07382,Reliance Digital 7382,Electronics,Kolkata,West Bengal,Offline,2021-06-19
MER07383,Apollo Pharmacy 7383,Healthcare,Noida,Uttar Pradesh,Online,2025-02-18
MER07384,BookMyShow 7384,Entertainment,Surat,Gujarat,,2021-09-22
MER07385,Flipkart 7385,Travel,Pune,Maharashtra,Online,2023-04-20
MER07386,Myntra 7386,,Delhi,Delhi,Offline,2022-11-20
MER07387,MakeMyTrip 7387,Fashion,Kolkata,West Bengal,Online,2025-08-17
MER07388,BigBasket 7388,Education,Noida,Uttar Pradesh,Online,2024-01-03
MER07389,Paytm 7389,Utilities,Surat,Gujarat,Online,2023-12-17
MER07390,Amazon India 7390,Automotive,Pune,Maharashtra,Online,2021-12-20
MER07391,Swiggy 7391,Restaurants,Delhi,Delhi,Online,2022-04-22
MER07392,Reliance Digital 7392,Ecommerce,Kolkata,West Bengal,Online,2024-07-11
MER07393,Apollo Pharmacy 7393,Food Delivery,Noida,Uttar Pradesh,Online,2025-03-07
MER01312,Reliance Digital 1312,Entertainment,Kolkata,West Bengal,Online,2024-12-25
MER07395,Flipkart 7395,Healthcare,Pune,Maharashtra,Offline,2023-06-14
MER07396,Myntra 7396,Entertainment,Delhi,Delhi,Offline,2023-06-23
MER07397,MakeMyTrip 7397,Travel,Kolkata,West Bengal,Offline,2023-09-14
MER07398,BigBasket 7398,Grocery,Noida,Uttar Pradesh,Offline,
MER07399,Paytm 7399,Fashion,Surat,Gujarat,Offline,2025-01-15
MER07400,Amazon India 7400,Education,Pune,MAHARASHTRA,Online,2021-07-21
MER07401,Swiggy 7401,Utilities,Delhi,Delhi,Offline,2023-02-02
MER07402,Reliance Digital 7402,Automotive,Kolkata,West Bengal,Online,2021-02-17
MER07403,Apollo Pharmacy 7403,Restaurants,Noida,Uttar Pradesh,Offline,2023-07-31
MER07404,BookMyShow 7404,Ecommerce,Surat,Gujarat,Online,2025-06-24
MER07405,Flipkart 7405,Food Delivery,Pune,Maharashtra,Online,2023-07-27
MER07406,Myntra 7406,Electronics,Delhi,Delhi,Offline,2023-06-27
MER07407,MakeMyTrip 7407,Healthcare,Kolkata,West Bengal,Online,2024-09-04
MER07408,BigBasket 7408,Entertainment,Noida,Uttar Pradesh,,2023-06-05
MER07409,Paytm 7409,Travel,Surat,Gujarat,Online,2023-03-17
MER02651,Swiggy 2651,Restaurants,Delhi,Delhi,Online,2021-12-09
MER07411,Swiggy 7411,Fashion,Delhi,Delhi,Offline,2025-10-23
MER07412,Reliance Digital 7412,Education,Kolkata,West Bengal,Online,2022-07-18
MER07413,,Utilities,Noida,Uttar Pradesh,Online,
MER07414,BookMyShow 7414,Automotive,Surat,Gujarat,Online,2025-09-16
MER07415,Flipkart 7415,Restaurants,Pune,Maharashtra,Online,2021-07-05
MER07416,Myntra 7416,Ecommerce,Delhi,Delhi,Offline,2022-05-09
MER07417,MakeMyTrip 7417,Food Delivery,Kolkata,West Bengal,Offline,2022-10-19
MER07418,BigBasket 7418,Electronics,Noida,Uttar Pradesh,Offline,2021-01-15
MER07419,Paytm 7419,Healthcare,Surat,Gujarat,Online,2022-08-13
MER07420,Amazon India 7420,Entertainment,Pune, Maharashtra ,Online,2025-09-05
MER07421,Swiggy 7421,Travel,Delhi,Delhi,Online,2022-11-17
MER07422,Reliance Digital 7422,Grocery, Kolkata ,West Bengal,Offline,2023-10-05
MER07423,Apollo Pharmacy 7423,Fashion,Noida,UTTAR PRADESH,Online,2023-05-03
MER07424,BookMyShow 7424,Education,Surat,Gujarat,Online,2021-04-02
MER07425,Flipkart 7425,Utilities,Pune,Maharashtra,Online,2022-03-01
MER07426,Myntra 7426,Automotive,Delhi,Delhi,Online,2021-07-05
MER07427,MakeMyTrip 7427,Restaurants,Kolkata,West Bengal,Online,2025-09-04
MER07428,BigBasket 7428,Ecommerce,Noida,Uttar Pradesh,Online,2025-06-01
MER07429,Paytm 7429,Food Delivery,Surat,Gujarat,Offline,2025-04-22
MER08421,Swiggy 8421,Utilities,Delhi,Delhi,Offline,2023-01-02
MER07431,Swiggy 7431,Healthcare,Delhi,Delhi,Offline,2023-07-06
MER07432,Reliance Digital 7432,Entertainment,Kolkata,West Bengal,Offline,2024-02-03
MER07433,Apollo Pharmacy 7433,Travel,Noida,UTTAR PRADESH,Online,2025-01-28
MER07434,BookMyShow 7434,Grocery,Surat,Gujarat,Online,2021-08-17
MER07435,Flipkart 7435,Fashion,Pune,Maharashtra,Online,2021-12-07
MER07436,Myntra 7436,Education,Delhi,Delhi,Online,2021-04-16
MER07437,MakeMyTrip 7437,Utilities,Kolkata,West Bengal,Offline,2021-10-08
MER07438,BigBasket 7438,Automotive,Noida,Uttar Pradesh,Offline,2023-08-28
MER07439,Paytm 7439,Restaurants,SURAT,Gujarat,Offline,2021-11-26
MER07440,Amazon India 7440,Ecommerce,Pune,Maharashtra,Offline,2024-04-14
MER07441,Swiggy 7441,Food Delivery,Delhi,Delhi,Offline,2023-03-05
MER07442,Reliance Digital 7442,Electronics,Kolkata,West Bengal,Online,2021-06-16
MER07443,Apollo Pharmacy 7443,Healthcare,Noida,Uttar Pradesh,,2021-11-27
MER07444,BookMyShow 7444,Entertainment,Surat,Gujarat,Online,2025-10-04
MER07445,Flipkart 7445,Travel,Pune,Maharashtra,Online,2023-10-28
MER07446,Myntra 7446,Grocery,Delhi,Delhi,Offline,2023-05-02
MER07447,MakeMyTrip 7447,Fashion,Kolkata,West Bengal,Online,2025-07-12
MER07448,BigBasket 7448,,Noida,Uttar Pradesh,Online,2025-03-11
MER07449,Paytm 7449,Utilities,Surat,Gujarat,Online,2023-07-06
MER07450,Amazon India 7450,Automotive,Pune,Maharashtra,Online,2024-10-24
MER07451,Swiggy 7451,Restaurants,Delhi,Delhi,Online,2024-07-10
MER07452,Reliance Digital 7452,Ecommerce,Kolkata,West Bengal,Offline,2024-07-18
MER07453,Apollo Pharmacy 7453,Food Delivery,Noida,Uttar Pradesh,Offline,2022-03-03
MER07454,BookMyShow 7454,Electronics,Surat,Gujarat,Offline,2023-11-10
MER07455,Flipkart 7455,Healthcare,PUNE,Maharashtra,Online,2022-01-08
MER07456,Myntra 7456,Entertainment,Delhi,Delhi,Online,2023-01-15
MER07457,MakeMyTrip 7457,Travel,Kolkata,West Bengal,Online,2022-09-03
MER07458,BigBasket 7458,Grocery,Noida,Uttar Pradesh,Online,2025-01-01
MER07459,Paytm 7459,Fashion,Surat,Gujarat,Online,2024-11-25
MER07460,Amazon India 7460,Education,Pune,Maharashtra,Online,2024-05-03
MER07461,Swiggy 7461,Utilities, Delhi ,Delhi,Online,2025-03-01
MER07462,,Automotive,Kolkata,West Bengal,Online,2022-01-16
MER07463,Apollo Pharmacy 7463,Restaurants,Noida,Uttar Pradesh,Offline,2024-01-11
MER07464,BookMyShow 7464,Ecommerce,Surat,Gujarat,Online,2023-01-08
MER07465,Flipkart 7465,Food Delivery,Pune,Maharashtra,Online,2022-01-19
MER07466,Myntra 7466,Electronics,Delhi,Delhi,Online,2022-08-20
MER07467,MakeMyTrip 7467,Healthcare,Kolkata,West Bengal,Online,2021-09-29
MER07468,BigBasket 7468,Entertainment,Noida,Uttar Pradesh,Online,2024-09-20
MER07469,Paytm 7469,Travel,Surat,Gujarat,Online,2025-11-15
MER07470,Amazon India 7470,Grocery,Pune,Maharashtra,online,2024-04-03
MER07471,Swiggy 7471,Fashion,Delhi,Delhi,Offline,2025-11-05
MER07472,Reliance Digital 7472,Education,Kolkata,West Bengal,Offline,2021-12-17
MER07473,Apollo Pharmacy 7473,Utilities,Noida,Uttar Pradesh,Offline,2023-11-23
MER07474,BookMyShow 7474,Automotive,Surat,Gujarat,Online,2022-01-07
MER07475,Flipkart 7475,Restaurants,Pune,Maharashtra,Online,2022-07-14
MER07476,Myntra 7476,Ecommerce,Delhi,Delhi,Offline,2025-11-26
MER07477,MakeMyTrip 7477,Food Delivery,Kolkata,West Bengal,Online,2023-01-14
MER07478,BigBasket 7478,Electronics,Noida,Uttar Pradesh,Online,2022-10-04
MER07479,Paytm 7479,Healthcare,Surat,Gujarat,Online,2024-06-05
MER07480,Amazon India 7480,Entertainment,Pune,Maharashtra,Online,2022-09-23
MER07481,Swiggy 7481,Travel,Delhi,Delhi,Online,2022-02-06
MER07482,Reliance Digital 7482,Grocery,Kolkata,West Bengal,Offline,2024-04-03
MER07483,Apollo Pharmacy 7483,Fashion,Noida,Uttar Pradesh,Offline,2023-02-08
MER07484,BookMyShow 7484,Education,Surat,Gujarat,Online,2025-02-24
MER07485,Flipkart 7485,Utilities,Pune,Maharashtra,Online,2021-02-05
MER07486,Myntra 7486,Automotive,Delhi,Delhi,Offline,2022-07-16
MER07487,MakeMyTrip 7487,Restaurants,Kolkata,West Bengal,Offline,2023-02-22
MER07488,BigBasket 7488,Ecommerce,Noida,Uttar Pradesh,Online,2021-09-23
MER07489,Paytm 7489,Food Delivery,Surat,Gujarat,Online,2021-03-20
MER07490,Amazon India 7490,Electronics,Pune,Maharashtra,Online,2021-12-15
MER07491,Swiggy 7491,Healthcare,Delhi,Delhi,Offline,2023-11-08
MER07492,Reliance Digital 7492,Entertainment,Kolkata,West Bengal,Offline,2023-02-05
MER07493,Apollo Pharmacy 7493,Travel,Noida,Uttar Pradesh,Online,2024-02-24
MER07494,BookMyShow 7494,Grocery,Surat,Gujarat,Offline,2025-11-26
MER07495,Flipkart 7495,Fashion,,Maharashtra,Offline,2021-06-17
MER07496,Myntra 7496,Education,Delhi,Delhi,Online,2025-07-22
MER07497,MakeMyTrip 7497,Utilities,Kolkata,West Bengal,Offline,2022-08-04
MER07498,BigBasket 7498,Automotive,Noida,uttar pradesh,Online,2021-02-15
MER09346,Myntra 9346,Automotive,Delhi,Delhi,Offline,2023-03-24
MER07500,Amazon India 7500,Ecommerce,,Maharashtra,Online,2025-02-06
MER07501,,Food Delivery,Delhi,Delhi,Online,2024-02-29
MER07502,Reliance Digital 7502,Electronics,Kolkata,West Bengal,Online,2024-08-12
MER07503,Apollo Pharmacy 7503,Healthcare,Noida,,Offline,2021-02-08
,BookMyShow 7504,Entertainment,Surat,Gujarat,Online,2025-06-19
MER07505,Flipkart 7505,Travel,Pune,Maharashtra,Online,
MER07506,Myntra 7506,Grocery,Delhi,Delhi,Offline,2021-07-19
MER07507,MakeMyTrip 7507,Fashion,Kolkata,West Bengal,Offline,2023-06-12
MER07508,BigBasket 7508,Education,Noida,Uttar Pradesh,Online,2023-01-12
MER07509,Paytm 7509,Utilities,Surat,Gujarat,Online,2025-05-27
MER07510,Amazon India 7510,Automotive,Pune,Maharashtra,Online,2023-07-26
MER07511,Swiggy 7511,Restaurants,Delhi,DELHI,Offline,2021-08-22
MER07512,Reliance Digital 7512,Ecommerce,Kolkata,West Bengal,Offline,2022-05-11
MER07513,Apollo Pharmacy 7513,Food Delivery,Noida,uttar pradesh,Offline,2023-09-03
MER07514,BookMyShow 7514,Electronics,Surat,Gujarat,Online,2025-09-08
MER07515,Flipkart 7515,Healthcare,Pune,Maharashtra,Offline,2024-08-05
MER07516,Myntra 7516,Entertainment,Delhi,Delhi,Offline,2025-07-08
MER07517,MakeMyTrip 7517,Travel,Kolkata,West Bengal,Online,2023-04-29
MER07518,BigBasket 7518,Grocery,Noida,Uttar Pradesh,Online,2024-02-18
MER07519,Paytm 7519,Fashion,Surat,Gujarat,Offline,2025-04-25
MER07520,Amazon India 7520,Education,Pune,Maharashtra,,2023-08-06
MER07521,Swiggy 7521,Utilities,Delhi,Delhi,Online,2025-04-19
MER07522,Reliance Digital 7522,Automotive,Kolkata,West Bengal,Online,2021-12-01
MER07523,Apollo Pharmacy 7523,Restaurants,Noida,Uttar Pradesh,Offline,2023-09-13
MER07524,BookMyShow 7524,Ecommerce,Surat,Gujarat,Online,2023-03-22
MER07525,Flipkart 7525,,Pune,Maharashtra,Offline,2021-01-22
MER07526,Myntra 7526,Electronics,Delhi,,Online,2025-09-13
MER07527,MakeMyTrip 7527,Healthcare,Kolkata,West Bengal,Online,2023-05-07
MER07528,BigBasket 7528,Entertainment,Noida,Uttar Pradesh,Online,2021-05-22
MER07529,Paytm 7529,Travel,Surat,Gujarat,Online,
,Amazon India 7530,Grocery,Pune,Maharashtra,Offline,2021-12-10
MER07531,,Fashion, Delhi ,Delhi,Online,2024-03-18
,Reliance Digital 7532,Education,Kolkata,West Bengal,Online,2024-11-15
MER07533,Apollo Pharmacy 7533,Utilities,Noida,Uttar Pradesh,Offline,2023-02-25
MER07534,BookMyShow 7534,Automotive,Surat,Gujarat,,2021-03-12
MER07535,Flipkart 7535,Restaurants,Pune,Maharashtra,Online,2025-08-30
MER07536,Myntra 7536,Ecommerce,Delhi,Delhi,Online,2023-05-27
MER07537,MakeMyTrip 7537,Food Delivery,Kolkata,West Bengal,Online,2021-04-21
MER07538,BigBasket 7538,Electronics,Noida,Uttar Pradesh,Online,2023-03-25
MER07539,Paytm 7539,Healthcare,Surat,Gujarat,Offline,2022-12-17
MER07540,Amazon India 7540,Entertainment,Pune,Maharashtra,Offline,2021-05-31
MER07541,Swiggy 7541,Travel,,Delhi,Offline,2025-03-31
MER07542,Reliance Digital 7542,Grocery,Kolkata,West Bengal,Online,2023-07-19
MER07543,Apollo Pharmacy 7543,Fashion,Noida,Uttar Pradesh,Online,2022-03-18
MER07544,BookMyShow 7544,Education,Surat,Gujarat,Offline,2024-10-14
MER07545,Flipkart 7545,Utilities,Pune,Maharashtra,Online,2024-12-17
MER07546,Myntra 7546,Automotive,Delhi,Delhi,Online,2021-12-27
MER07547,MakeMyTrip 7547,Restaurants,Kolkata,West Bengal,,2025-06-19
MER07548,BigBasket 7548,Ecommerce,Noida,Uttar Pradesh, Online ,2023-08-27
MER07549,Paytm 7549,Food Delivery,SURAT,Gujarat,Online,2023-11-12
MER07550,Amazon India 7550,Electronics,Pune,Maharashtra,Online,2021-05-07
MER07551,Swiggy 7551,Healthcare,Delhi,Delhi,Online,2022-07-23
MER07552,Reliance Digital 7552,Entertainment,Kolkata,West Bengal,Online,2024-05-22
MER07553,Apollo Pharmacy 7553,Travel,Noida,Uttar Pradesh,Offline,2023-12-16
,BookMyShow 7554,Grocery,Surat,Gujarat,Online,2021-01-27
MER07555,Flipkart 7555,Fashion,Pune,Maharashtra,Offline,2025-09-11
MER07556,Myntra 7556,Education,Delhi,Delhi,Online,2024-12-31
MER07557,MakeMyTrip 7557,Utilities,Kolkata,West Bengal,Online,2023-05-08
MER07558,BigBasket 7558,Automotive,Noida,Uttar Pradesh,Online,2023-03-28
MER07559,Paytm 7559,Restaurants,Surat,Gujarat,Online,2024-11-13
MER07560,Amazon India 7560,Ecommerce,Pune,Maharashtra,Offline,2021-05-11
MER07561,Swiggy 7561,Food Delivery,Delhi,Delhi,Offline,2022-03-08
MER07562,Reliance Digital 7562,Electronics,kolkata,West Bengal,Offline,2025-10-06
MER07563,Apollo Pharmacy 7563,Healthcare,Noida,Uttar Pradesh,Offline,2024-09-25
MER07564,BookMyShow 7564,Entertainment,Surat,Gujarat,Offline,2025-11-17
MER07565,Flipkart 7565,Travel,Pune,Maharashtra,Online,2023-04-01
MER07566,Myntra 7566,Grocery,Delhi,Delhi,Offline,2022-10-03
MER07567,MakeMyTrip 7567,Fashion,Kolkata,West Bengal,Online,2023-04-04
MER07568,BigBasket 7568,Education,Noida,Uttar Pradesh,Online,2024-10-10
MER07569,Paytm 7569,Utilities,Surat,Gujarat,Online,2025-03-23
MER07570,Amazon India 7570,Automotive,Pune,Maharashtra,Online,2021-09-15
MER07571,Swiggy 7571,Restaurants,Delhi,Delhi,Online,2022-12-03
MER07572,Reliance Digital 7572,Ecommerce,Kolkata,West Bengal,Offline,2022-06-14
MER07573,Apollo Pharmacy 7573,,Noida,Uttar Pradesh,Online,2024-03-29
MER07574,BookMyShow 7574,Electronics,Surat,Gujarat,Online,2021-07-13
MER07575,Flipkart 7575,Healthcare,Pune,Maharashtra,Offline,2021-10-09
,BookMyShow 3724,Entertainment,Surat,Gujarat,Offline,2024-04-04
MER07577,MakeMyTrip 7577,Travel,Kolkata,West Bengal,Online,2021-12-13
MER07578,BigBasket 7578,Grocery,Noida,Uttar Pradesh,Offline,2025-09-28
MER07579,Paytm 7579,Fashion,Surat,Gujarat,Online,2023-12-06
MER07580,Amazon India 7580,Education,Pune,Maharashtra,Online,2024-01-09
MER07581,Swiggy 7581,Utilities,Delhi,Delhi,Offline,2021-08-11
MER07582,Reliance Digital 7582,Automotive,Kolkata,West Bengal,Online,2021-02-20
MER07583,Apollo Pharmacy 7583,Restaurants,Noida,Uttar Pradesh,Online,2025-09-18
MER07584,BookMyShow 7584,Ecommerce,Surat,Gujarat,Offline,2024-06-18
MER07585,Flipkart 7585,Food Delivery,Pune,Maharashtra,Online,2022-04-09
MER07586,Myntra 7586,Electronics,Delhi,Delhi,Online,2024-06-22
MER07587,MakeMyTrip 7587,Healthcare,kolkata,West Bengal,Online,2022-11-12
MER07588,BigBasket 7588,Entertainment,Noida,Uttar Pradesh,Offline,2023-02-24
MER07589,Paytm 7589,Travel,Surat,Gujarat,Online,2024-12-03
MER07590,Amazon India 7590,Grocery,Pune,Maharashtra,unknown,2025-07-31
MER07591,Swiggy 7591,Fashion,Delhi,Delhi,Offline,2021-04-19
MER07592,Reliance Digital 7592,Education,Kolkata,WEST BENGAL,Online,2022-02-22
MER07593,Apollo Pharmacy 7593,Utilities,Noida,Uttar Pradesh,Online,2021-06-20
MER07594,BookMyShow 7594,Automotive,Surat,Gujarat,Offline,2024-11-22
MER07595,Flipkart 7595,Restaurants,Pune,Maharashtra,Online,2023-02-21
MER07596,Myntra 7596,Ecommerce,Delhi,Delhi,Online,2021-06-24
MER07597,MakeMyTrip 7597,Food Delivery,Kolkata,West Bengal,Online,2022-07-21
MER07598,BigBasket 7598,Electronics, Noida ,Uttar Pradesh,Online,2025-09-12
MER07599,Paytm 7599,Healthcare,Surat,Gujarat,Online,2023-09-26
MER07600,Amazon India 7600,Entertainment,Pune,Maharashtra,Online,2023-04-07
MER07601,Swiggy 7601,Travel,Delhi,Delhi,Online,2025-06-30
MER07602,Reliance Digital 7602,Grocery,Kolkata,West Bengal,Offline,2024-04-13
MER07603,Apollo Pharmacy 7603,Fashion,Noida,Uttar Pradesh,Online,2021-01-14
MER07604,BookMyShow 7604,Education,Surat,Gujarat,Online,2025-05-23
MER07605,Flipkart 7605,Utilities,Pune,Maharashtra,Online,2024-09-19
MER00184,BookMyShow 184,Entertainment,Surat,Gujarat,Online,2023-07-26
MER07607,MakeMyTrip 7607,Restaurants,Kolkata,West Bengal,Offline,2022-11-24
MER07608,BigBasket 7608,Ecommerce,Noida,Uttar Pradesh,Offline,2024-10-14
MER07609,Paytm 7609,Food Delivery,Surat,Gujarat,Online,2022-08-03
MER07610,Amazon India 7610,Electronics,Pune,Maharashtra,Online,2022-04-02
MER07611,Swiggy 7611,Healthcare,Delhi,Delhi,Offline,2023-06-27
MER07612,Reliance Digital 7612,Entertainment,Kolkata,West Bengal,Online,2023-04-07
MER07613,Apollo Pharmacy 7613,Travel,Noida,Uttar Pradesh,Online,2025-01-02
MER07614,BookMyShow 7614,Grocery,Surat,Gujarat,Online,2024-05-13
MER07615,Flipkart 7615,Fashion,Pune,Maharashtra,Offline,2022-12-23
MER07616,Myntra 7616,Education,Delhi,Delhi,Online,2024-10-10
MER07617,MakeMyTrip 7617,Utilities,Kolkata,West Bengal,Online,2022-09-16
,BigBasket 7618,Automotive,Noida,Uttar Pradesh,Online,2023-03-07
MER07619,Paytm 7619,Restaurants,Surat,Gujarat,Online,2025-10-23
MER07620,Amazon India 7620,Ecommerce,Pune,Maharashtra,Online,2025-12-04
MER07621,Swiggy 7621,Food Delivery,Delhi,Delhi,Online,2024-10-01
MER07622,Reliance Digital 7622,Electronics,Kolkata,West Bengal,Online,2023-10-25
MER07623,Apollo Pharmacy 7623,Healthcare,Noida,Uttar Pradesh,Online,2021-11-29
MER07624,BookMyShow 7624,Entertainment,Surat,Gujarat,Online,
MER07625,Flipkart 7625,Travel,Pune,Maharashtra,Online,2023-02-14
MER07626,Myntra 7626,Grocery,Delhi,Delhi,Online,2025-09-13
MER07627,MakeMyTrip 7627,Fashion,Kolkata,West Bengal,Online,2024-01-08
MER07628,BigBasket 7628,Education,Noida,Uttar Pradesh,Offline,2022-09-20
MER07629,Paytm 7629,Utilities,Surat,Gujarat,,2021-08-27
MER07630,Amazon India 7630,Automotive,Pune,Maharashtra,Online,2025-02-26
MER07631,Swiggy 7631,Restaurants,Delhi,Delhi,Online,2023-11-17
MER07632,Reliance Digital 7632,Ecommerce,Kolkata,West Bengal,Offline,2023-05-07
MER07633,Apollo Pharmacy 7633,Food Delivery,Noida,Uttar Pradesh,Offline,2021-03-15
MER07634,BookMyShow 7634,Electronics,Surat,Gujarat,Online,2022-04-02
MER07635,Flipkart 7635,Healthcare,Pune,Maharashtra,Offline,2022-04-02
MER07636,Myntra 7636,Entertainment,Delhi,Delhi,Online,2024-07-03
MER07637,MakeMyTrip 7637,Travel,Kolkata,West Bengal,Offline,2021-11-06
MER07638,BigBasket 7638,Grocery,Noida,Uttar Pradesh,Offline,2024-09-02
MER07639,Paytm 7639,Fashion,Surat,Gujarat,Online,2024-11-12
MER07640,Amazon India 7640,Education,Pune,Maharashtra,Offline,2022-02-12
MER07641,Swiggy 7641,Utilities,Delhi,Delhi,Offline,2023-11-26
MER07642,Reliance Digital 7642,Automotive,Kolkata,West Bengal,Offline,2021-05-04
MER07643,Apollo Pharmacy 7643,Restaurants,Noida,,Online,2024-11-10
MER07644,BookMyShow 7644,Ecommerce,Surat,Gujarat,Online,2024-04-22
MER07645,Flipkart 7645,Food Delivery,Pune,Maharashtra,Online,2024-01-14
MER07646,Myntra 7646,Electronics,Delhi,Delhi,Online,2025-03-13
MER07647,MakeMyTrip 7647,Healthcare,Kolkata,West Bengal,Online,2022-11-25
MER07648,BigBasket 7648,,Noida,Uttar Pradesh,Online,2024-07-26
MER07649,Paytm 7649,Travel,Surat,Gujarat,Online,2022-09-06
MER07650,Amazon India 7650,Grocery,pune,Maharashtra,Offline,2022-06-14
MER07651,Swiggy 7651,Fashion,Delhi,Delhi,Online,2021-06-13
MER07652,Reliance Digital 7652,Education,Kolkata,West Bengal,Online,2022-02-25
MER07039,Paytm 7039,Fashion,Surat,Gujarat,Online,2021-06-29
MER07654,BookMyShow 7654,Automotive,Surat,Gujarat,Online,2024-04-04
MER07655,Flipkart 7655,Restaurants,Pune,Maharashtra,Offline,2023-11-22
MER07656,Myntra 7656,Ecommerce,Delhi,Delhi,Offline,2023-06-09
MER07657,MakeMyTrip 7657,Food Delivery,Kolkata,West Bengal,Offline,2022-10-12
MER07658,BigBasket 7658,Electronics,Noida,Uttar Pradesh,Online,2023-10-20
MER07659,Paytm 7659,Healthcare,Surat,Gujarat,Online,2024-08-13
MER07660,Amazon India 7660,Entertainment,Pune,Maharashtra,online,2022-05-22
MER07661,Swiggy 7661,Travel,Delhi,Delhi,Online,2022-07-12
MER07662,Reliance Digital 7662,Grocery,Kolkata,West Bengal,Offline,2023-08-02
MER07663,Apollo Pharmacy 7663,Fashion,Noida,Uttar Pradesh,Offline,2021-03-30
MER07664,BookMyShow 7664,Education,Surat,Gujarat,Offline,2021-01-21
MER07665,Flipkart 7665,Utilities,Pune,Maharashtra,Online,2022-05-15
MER07666,Myntra 7666,Automotive,Delhi,Delhi,Online,2025-11-03
MER07667,MakeMyTrip 7667,Restaurants,Kolkata,West Bengal,Online,2022-09-16
MER07668,BigBasket 7668,Ecommerce,Noida,Uttar Pradesh,Offline,2022-06-17
MER07669,Paytm 7669,Food Delivery,Surat,Gujarat,Offline,2023-12-13
MER07670,Amazon India 7670,Electronics,Pune,Maharashtra,Offline,2022-12-27
MER07671,Swiggy 7671,Healthcare,Delhi,Delhi,Online,2024-12-29
MER07672,Reliance Digital 7672,Entertainment,Kolkata,West Bengal,Online,2023-05-22
MER07673,Apollo Pharmacy 7673,Travel,Noida,Uttar Pradesh,Online,2022-02-06
MER07674,BookMyShow 7674,Grocery,Surat,Gujarat,Online,2025-11-03
MER07675,Flipkart 7675,Fashion,Pune,Maharashtra,Online,2025-09-28
MER07676,Myntra 7676,Education,Delhi,Delhi,Online,2022-01-07
MER07677,MakeMyTrip 7677,Utilities,Kolkata,West Bengal,Online,2025-05-15
MER07678,BigBasket 7678,Automotive,Noida,Uttar Pradesh,Online,2024-04-30
MER07679,Paytm 7679,Restaurants,Surat,Gujarat,Online,2023-09-08
,Amazon India 7680,Ecommerce,PUNE,Maharashtra,Online,2025-04-11
MER07681,Swiggy 7681,Food Delivery,Delhi,Delhi,Offline,2025-09-28
MER07682,Reliance Digital 7682,Electronics,Kolkata,West Bengal,Offline,2021-10-12
MER07683,Apollo Pharmacy 7683,Healthcare,Noida,Uttar Pradesh,Online,2024-04-29
MER07684,BookMyShow 7684,Entertainment,Surat,Gujarat,Online,2021-03-28
MER07685,Flipkart 7685,Travel,Pune,Maharashtra,Online,2024-11-23
MER07686,Myntra 7686,Grocery,Delhi,Delhi,Online,2025-02-26
MER07687,MakeMyTrip 7687,Fashion,Kolkata,West Bengal,Offline,2025-08-12
MER07688,BigBasket 7688,Education,Noida,Uttar Pradesh,Offline,2022-12-15
MER07689,Paytm 7689,Utilities,surat,Gujarat,Offline,2022-08-11
MER07690,Amazon India 7690,Automotive,Pune,Maharashtra,Online,2024-07-20
MER07691,Swiggy 7691,Restaurants,Delhi,Delhi, Online ,2022-10-05
MER07692,Reliance Digital 7692,Ecommerce,Kolkata,west bengal,Offline,2022-06-20
MER05613,Apollo Pharmacy 5613,Utilities,Noida,Uttar Pradesh,Offline,2021-05-20
MER07694,BookMyShow 7694,Electronics,Surat,Gujarat,Online,2024-08-11
MER07695,Flipkart 7695,Healthcare,Pune,Maharashtra,Online,2021-06-27
MER07696,Myntra 7696,Entertainment,Delhi,Delhi,Online,2023-09-19
MER07697,MakeMyTrip 7697,Travel,Kolkata,West Bengal,Offline,2023-03-08
MER07698,BigBasket 7698,Grocery,NOIDA,Uttar Pradesh,Online,2021-06-17
MER07699,Paytm 7699,Fashion,Surat,Gujarat,Online,2022-08-27
MER07700,Amazon India 7700,Education,Pune,Maharashtra,Offline,2022-03-23
MER07701,Swiggy 7701,Utilities,Delhi,,Online,2021-10-14
MER07702,Reliance Digital 7702,Automotive,Kolkata,West Bengal,Offline,2021-12-23
MER07703,Apollo Pharmacy 7703,Restaurants,Noida,Uttar Pradesh,Online,2024-03-23
MER07704,BookMyShow 7704,Ecommerce,Surat,Gujarat,Online,2022-08-07
MER07705,Flipkart 7705,Food Delivery,Pune,Maharashtra,Online,2025-03-08
MER07820,Amazon India 7820,Education,pune,Maharashtra,Online,2025-07-10
MER07707,MakeMyTrip 7707,Healthcare,Kolkata,West Bengal,Offline,2024-08-22
MER07708,BigBasket 7708,Entertainment,,Uttar Pradesh,Online,
MER07709,Paytm 7709,Travel,Surat,Gujarat,Offline,2022-01-04
MER07710,Amazon India 7710,Grocery,Pune,Maharashtra,Offline,2024-03-21
MER07711,Swiggy 7711,Fashion,Delhi,Delhi,Online,2025-04-20
MER07712,Reliance Digital 7712,Education,Kolkata,West Bengal,Offline,2024-03-03
MER07713,Apollo Pharmacy 7713,Utilities,Noida,Uttar Pradesh,Offline,2023-05-03
MER07714,BookMyShow 7714,Automotive,Surat,Gujarat,Online,2023-11-16
MER07715,,Restaurants,Pune,Maharashtra,Online,2024-07-04
MER07716,Myntra 7716,Ecommerce,Delhi,Delhi,Online,2024-07-23
MER07717,MakeMyTrip 7717,Food Delivery,Kolkata,West Bengal,Online,2025-05-19
MER07718,BigBasket 7718,Electronics,Noida,Uttar Pradesh,Offline,2023-05-10
MER07719,Paytm 7719,Healthcare,Surat,Gujarat,Offline,2025-06-16
MER07720,Amazon India 7720,Entertainment,Pune,Maharashtra,Online,2023-04-28
MER07721,Swiggy 7721,Travel,Delhi,Delhi,Online,2023-02-10
MER07722,Reliance Digital 7722,Grocery,Kolkata,West Bengal,Online,2022-08-02
MER07723,Apollo Pharmacy 7723,Fashion,Noida,Uttar Pradesh,Online,2024-12-04
MER07724,BookMyShow 7724,Education,Surat,Gujarat, Online ,2021-12-14
MER07725,Flipkart 7725,Utilities,Pune,Maharashtra,Online,2022-07-24
MER07726,Myntra 7726,Automotive,Delhi,Delhi,Offline,2023-09-09
MER07727,MakeMyTrip 7727,Restaurants,Kolkata,West Bengal,Online,2023-01-26
MER07728,BigBasket 7728,Ecommerce,Noida,Uttar Pradesh,Online,2023-01-30
MER07729,Paytm 7729,Food Delivery,Surat,Gujarat,Online,2025-05-03
MER07730,Amazon India 7730,Electronics,pune,Maharashtra,Online,2025-06-03
MER07731,Swiggy 7731,Healthcare,Delhi,Delhi,Online,2023-05-29
MER07732,Reliance Digital 7732,Entertainment,Kolkata,West Bengal,Online,2021-01-20
MER07733,Apollo Pharmacy 7733,Travel,Noida,Uttar Pradesh,Online,2022-01-03
MER07734,BookMyShow 7734,Grocery,Surat,Gujarat,Online,2023-09-27
MER07735,Flipkart 7735,Fashion,Pune,Maharashtra,Offline,2024-08-16
MER07736,Myntra 7736,Education,Delhi,Delhi,Online,2024-04-22
MER07737,MakeMyTrip 7737,Utilities,Kolkata,West Bengal,,2023-06-04
MER07738,BigBasket 7738,Automotive,Noida,Uttar Pradesh,Online,2024-06-10
MER07739,Paytm 7739,Restaurants,Surat,Gujarat,Offline,2024-07-02
MER07740,Amazon India 7740,Ecommerce,Pune,Maharashtra,Online,2023-10-10
MER07741,Swiggy 7741,Food Delivery,,Delhi,Offline,2022-08-05
MER07742,Reliance Digital 7742,Electronics,Kolkata,West Bengal,Online,2022-02-03
MER07743,Apollo Pharmacy 7743,Healthcare,Noida,Uttar Pradesh,Online,2024-08-06
MER07744,BookMyShow 7744,Entertainment,,Gujarat,Online,2024-08-25
MER07745,Flipkart 7745,Travel,Pune,Maharashtra,Online,2023-10-31
MER07746,Myntra 7746,Grocery,Delhi,Delhi,Offline,2022-09-11
MER07747,MakeMyTrip 7747,Fashion,Kolkata,West Bengal,Online,2024-11-30
MER07748,BigBasket 7748,Education,Noida,UTTAR PRADESH,Online,2024-04-08
MER07749,Paytm 7749,Utilities,Surat,Gujarat,Offline,2021-08-30
MER07750,Amazon India 7750,Automotive,Pune,Maharashtra,Online,2023-08-05
MER07751,Swiggy 7751,Restaurants,Delhi,Delhi,Offline,2021-02-18
MER07752,Reliance Digital 7752,Ecommerce,Kolkata,West Bengal,Online,2023-01-08
MER07753,Apollo Pharmacy 7753,Food Delivery,Noida,Uttar Pradesh,Offline,2023-09-17
MER07754,BookMyShow 7754,Electronics,Surat,Gujarat,Online,2024-11-28
MER07755,Flipkart 7755,Healthcare,Pune,Maharashtra,Online,2023-05-11
MER07756,Myntra 7756,Entertainment,Delhi,Delhi,Offline,2024-08-06
MER07757,MakeMyTrip 7757,Travel,Kolkata,West Bengal,Online,2024-06-23
MER07758,BigBasket 7758,Grocery,Noida,Uttar Pradesh,Online,2021-12-31
MER07759,Paytm 7759,Fashion,Surat,Gujarat,Online,2025-01-26
MER07760,Amazon India 7760,Education,Pune,Maharashtra,Offline,
MER07761,Swiggy 7761,Utilities,Delhi,Delhi,Online,2021-01-21
MER07762,Reliance Digital 7762,Automotive,Kolkata,West Bengal,Online,2022-07-04
MER04860,Amazon India 4860,Ecommerce,Pune,Maharashtra,Online,
MER07764,BookMyShow 7764,Ecommerce,Surat, Gujarat ,Online,2025-11-06
MER07765,Flipkart 7765,Food Delivery,Pune,Maharashtra,Online,2025-09-01
MER07766,Myntra 7766,Electronics,Delhi,Delhi,Online,2023-03-20
MER07767,MakeMyTrip 7767,Healthcare,Kolkata,West Bengal,Online,2022-07-23
MER07768,BigBasket 7768,Entertainment,Noida,Uttar Pradesh,Online,2021-03-17
MER07769,Paytm 7769,Travel,Surat,Gujarat,Online,2024-07-12
MER07770,Amazon India 7770,Grocery,Pune,Maharashtra,Online,2022-10-21
MER07771,Swiggy 7771,Fashion,Delhi,Delhi,Online,2022-08-20
MER07772,Reliance Digital 7772,Education,Kolkata,West Bengal,Online,2025-03-15
MER07773,Apollo Pharmacy 7773,Utilities,Noida,Uttar Pradesh,Offline,2023-06-14
MER07774,BookMyShow 7774,Automotive,Surat,Gujarat,Online,2022-04-25
MER07775,Flipkart 7775,Restaurants,Pune,Maharashtra,Online,2021-08-30
MER07776,Myntra 7776,Ecommerce,Delhi,Delhi,Online,2021-01-19
MER07777,MakeMyTrip 7777,Food Delivery,Kolkata,West Bengal,Online,2024-07-11
MER07778,BigBasket 7778,Electronics,Noida,Uttar Pradesh,Online,2023-06-17
MER07779,Paytm 7779,Healthcare,Surat,Gujarat,Offline,2024-04-03
MER07780,Amazon India 7780,Entertainment,Pune,Maharashtra,Offline,2021-12-10
MER07781,Swiggy 7781,Travel,Delhi,Delhi,Offline,2025-10-16
MER07782,Reliance Digital 7782,Grocery,Kolkata,West Bengal,Offline,2023-03-18
MER07783,Apollo Pharmacy 7783,Fashion,Noida,Uttar Pradesh,Offline,2023-06-07
MER07784,BookMyShow 7784,Education,,Gujarat,Online,2023-01-21
MER07785,Flipkart 7785,Utilities,Pune,Maharashtra,Offline,2023-08-19
MER07786,Myntra 7786,Automotive,Delhi,Delhi,Offline,2023-01-07
MER07787,MakeMyTrip 7787,Restaurants,Kolkata,West Bengal,Online,2022-02-24
MER07788,BigBasket 7788,Ecommerce,Noida,Uttar Pradesh,Online,2023-05-25
MER07789,Paytm 7789,Food Delivery,Surat,Gujarat,Online,2021-08-11
MER07790,Amazon India 7790,Electronics,Pune,,Online,2021-06-18
MER07791,Swiggy 7791,Healthcare,Delhi,Delhi,Online,2025-06-15
MER07792,Reliance Digital 7792,Entertainment,Kolkata,West Bengal,Offline,2023-05-18
MER07793,Apollo Pharmacy 7793,Travel,Noida,Uttar Pradesh,Online,2021-07-18
MER07794,BookMyShow 7794,Grocery,Surat,Gujarat,Online,2025-08-26
MER07795,Flipkart 7795,Fashion,Pune,Maharashtra,Online,2022-01-21
MER00802,Reliance Digital 802,Automotive,Kolkata,West Bengal,Offline,2021-11-19
MER07797,MakeMyTrip 7797,Utilities,Kolkata,west bengal,Online,2025-05-13
MER07798,BigBasket 7798,Automotive,Noida,Uttar Pradesh,Offline,2022-10-20
MER07799,Paytm 7799,Restaurants,Surat,Gujarat,Online,2024-08-10
MER07800,Amazon India 7800,Ecommerce,Pune,Maharashtra,Online,
MER07801,Swiggy 7801,Food Delivery,Delhi,Delhi,Online,2023-05-13
MER07802,Reliance Digital 7802,Electronics, Kolkata ,West Bengal,Offline,2022-11-06
MER07803,Apollo Pharmacy 7803,Healthcare,Noida,Uttar Pradesh,Online,2024-03-09
MER07804,BookMyShow 7804,Entertainment,Surat,Gujarat,Online,2022-03-24
MER07805,Flipkart 7805,Travel,Pune,maharashtra,Online,2023-05-19
MER07806,Myntra 7806,Grocery,Delhi,Delhi,Online,2021-12-02
MER07807,MakeMyTrip 7807,Fashion,Kolkata,West Bengal,Online,2025-08-06
MER07808,BigBasket 7808,Education,Noida,,Offline,2024-12-02
MER07809,Paytm 7809,Utilities,Surat,Gujarat,Offline,2023-10-09
MER07810,Amazon India 7810,Automotive,Pune,Maharashtra,Online,2021-03-28
MER07811,Swiggy 7811,Restaurants,Delhi,Delhi,Offline,2021-10-23
MER07812,Reliance Digital 7812,Ecommerce,Kolkata,West Bengal,Online,2023-10-11
MER07813,Apollo Pharmacy 7813,Food Delivery,Noida,Uttar Pradesh,Online,2021-02-19
MER07814,BookMyShow 7814,Electronics,Surat,Gujarat,Offline,2025-07-08
MER07815,Flipkart 7815,Healthcare,Pune,Maharashtra,Offline,2024-03-20
MER07816,Myntra 7816,Entertainment,Delhi,Delhi,Offline,2025-04-28
MER07817,MakeMyTrip 7817,Travel,Kolkata,West Bengal,Online,2024-01-30
MER07818,BigBasket 7818,Grocery,Noida,Uttar Pradesh,Offline,2022-04-11
MER07819,Paytm 7819,Fashion,Surat,Gujarat,Offline,2023-03-23
MER07820,Amazon India 7820,Education,pune,Maharashtra,Online,2025-07-10
MER07821,Swiggy 7821,Utilities,Delhi,Delhi,Offline,2022-09-12
MER07822,Reliance Digital 7822,Automotive,Kolkata,West Bengal,Offline,2025-08-05
MER07823,Apollo Pharmacy 7823,Restaurants,,Uttar Pradesh,Offline,2022-02-05
MER07824,BookMyShow 7824,Ecommerce,Surat,Gujarat,Online,2023-09-01
MER07825,Flipkart 7825,Food Delivery,Pune,Maharashtra,Offline,2021-09-30
MER07826,Myntra 7826,Electronics,Delhi,Delhi,Online,2022-09-04
MER07827,MakeMyTrip 7827,Healthcare,Kolkata,West Bengal,Online,2023-12-17
MER07828,BigBasket 7828,Entertainment,Noida,Uttar Pradesh,Offline,2024-02-24
MER07829,Paytm 7829,Travel,Surat,Gujarat,Online,2022-10-14
MER07830,Amazon India 7830,Grocery,Pune,Maharashtra,Online,2025-05-19
MER07831,Swiggy 7831,Fashion,Delhi,Delhi,Online,2025-05-04
MER07832,Reliance Digital 7832,Education,Kolkata,West Bengal,Online,2021-08-29
MER07833,Apollo Pharmacy 7833,Utilities,Noida,Uttar Pradesh,Online,2023-03-14
MER07834,BookMyShow 7834,Automotive,Surat,Gujarat,Offline,2024-02-09
MER07835,Flipkart 7835,Restaurants,Pune,Maharashtra,Offline,2022-11-21
MER07836,Myntra 7836,Ecommerce,Delhi,Delhi,Online,2022-12-21
MER07837,MakeMyTrip 7837,Food Delivery,Kolkata,WEST BENGAL,Offline,2024-04-10
MER07838,BigBasket 7838,Electronics,Noida,Uttar Pradesh,Online,2021-05-17
MER07839,Paytm 7839,Healthcare,Surat,Gujarat,Offline,2025-02-01
MER07840,Amazon India 7840,Entertainment,Pune,Maharashtra,Offline,2021-08-06
MER07841,Swiggy 7841,Travel,Delhi,Delhi,Offline,2024-11-28
MER07842,Reliance Digital 7842,Grocery,Kolkata,West Bengal,Offline,2024-08-24
MER07843,Apollo Pharmacy 7843,Fashion,Noida,Uttar Pradesh,Online,2023-12-01
MER07844,BookMyShow 7844,Education,Surat,Gujarat,Offline,2023-04-19
MER07845,Flipkart 7845,Utilities,Pune,Maharashtra,Online,2022-05-07
MER07846,Myntra 7846,Automotive,Delhi,Delhi,Online,2021-07-18
MER07847,MakeMyTrip 7847,Restaurants,Kolkata,West Bengal,Online,2022-08-19
MER07848,BigBasket 7848,Ecommerce,Noida,Uttar Pradesh,Offline,2025-09-08
MER07849,Paytm 7849,Food Delivery,Surat,Gujarat,Online,2024-10-07
MER07850,Amazon India 7850,Electronics,Pune,Maharashtra,Online,2024-01-27
MER07851,Swiggy 7851,Healthcare,Delhi,Delhi,Online,2023-12-04
MER07852,Reliance Digital 7852,Entertainment,Kolkata,West Bengal,Offline,2021-10-09
MER07853,Apollo Pharmacy 7853,Travel,Noida,Uttar Pradesh,Online,2025-01-01
MER07854,BookMyShow 7854,Grocery,Surat,Gujarat,Offline,2024-09-16
MER07855,Flipkart 7855,Fashion,Pune,MAHARASHTRA,Online,2021-12-14
MER07856,Myntra 7856,Education,Delhi,Delhi,Online,2025-02-19
MER07857,MakeMyTrip 7857,Utilities,Kolkata,West Bengal,Online,2024-04-23
MER07858,BigBasket 7858,Automotive,Noida,Uttar Pradesh,Online,2023-06-27
MER07859,Paytm 7859,Restaurants,Surat,Gujarat,Online,2024-03-21
MER07860,Amazon India 7860,Ecommerce,Pune,Maharashtra,Offline,2024-10-09
MER07861,Swiggy 7861,Food Delivery,Delhi,,Offline,2021-11-30
MER07862,Reliance Digital 7862,Electronics,Kolkata,West Bengal,Offline,2022-03-29
MER07863,Apollo Pharmacy 7863,,Noida,Uttar Pradesh,Online,2023-08-17
MER07864,BookMyShow 7864,Entertainment,,Gujarat,Online,2022-07-29
MER07865,Flipkart 7865,Travel,Pune,Maharashtra,Online,2021-02-18
MER07866,Myntra 7866,Grocery,Delhi,Delhi,Online,2023-02-20
MER07867,MakeMyTrip 7867,Fashion,kolkata, West Bengal ,Offline,2025-11-15
MER07868,BigBasket 7868,Education,Noida,Uttar Pradesh,Offline,2024-05-14
MER07869,Paytm 7869,Utilities,Surat,Gujarat,Online,2025-08-26
MER07870,Amazon India 7870,Automotive,Pune,Maharashtra,Online,2022-09-13
MER07871,Swiggy 7871,Restaurants,Delhi,,Offline,2024-08-25
MER07872,Reliance Digital 7872,Ecommerce,Kolkata,West Bengal,Offline,2021-01-20
MER07873,Apollo Pharmacy 7873,Food Delivery,Noida,Uttar Pradesh,unknown,2025-11-26
MER07874,BookMyShow 7874,Electronics,Surat,Gujarat,Offline,2022-09-14
MER07875,Flipkart 7875,Healthcare,Pune,Maharashtra,Offline,2021-07-20
MER07876,Myntra 7876,Entertainment,Delhi,Delhi,Online,2021-03-08
MER07877,MakeMyTrip 7877,Travel,Kolkata,West Bengal,Offline,2023-11-02
MER07878,BigBasket 7878,Grocery,Noida,Uttar Pradesh,Online,2023-05-12
MER07879,Paytm 7879,Fashion,Surat,Gujarat,Offline,2021-07-20
MER07880,Amazon India 7880,Education,Pune,Maharashtra,Offline,2022-03-08
MER07881,Swiggy 7881,Utilities,Delhi,Delhi,Online,
MER02890,Amazon India 2890,Automotive,Pune,Maharashtra,Online,2021-04-19
MER07883,Apollo Pharmacy 7883,Restaurants,Noida,UTTAR PRADESH,Online,2021-06-03
MER07884,BookMyShow 7884,Ecommerce,Surat,Gujarat,Online,2022-10-08
MER07885,Flipkart 7885,Food Delivery,Pune,Maharashtra,Online,2022-05-29
MER07886,Myntra 7886,Electronics,Delhi,Delhi,Offline,2021-12-04
MER07887,MakeMyTrip 7887,Healthcare,Kolkata,West Bengal,Offline,2023-11-15
MER07888,BigBasket 7888,Entertainment,Noida,Uttar Pradesh,Offline,2023-07-06
MER07889,Paytm 7889,Travel,Surat,Gujarat,Online,
MER07890,Amazon India 7890,Grocery,Pune,Maharashtra,Online,2022-03-03
MER07891,Swiggy 7891,Fashion,Delhi,Delhi,Online,2024-12-26
MER07892,Reliance Digital 7892,Education,Kolkata,West Bengal,Online,2022-12-10
MER07893,Apollo Pharmacy 7893,Utilities,Noida,Uttar Pradesh,Online,2023-07-02
MER07894,BookMyShow 7894,Automotive,Surat,Gujarat,Offline,2022-02-05
MER07895,Flipkart 7895,Restaurants,Pune,Maharashtra,Offline,2021-12-27
MER07896,Myntra 7896,Ecommerce,Delhi,Delhi,Offline,2023-10-02
MER07897,MakeMyTrip 7897,Food Delivery,Kolkata,West Bengal,Online,2022-12-24
MER07898,BigBasket 7898,Electronics,Noida,Uttar Pradesh,Online,2021-03-01
MER07899,Paytm 7899,Healthcare,Surat,Gujarat,Offline,2021-11-19
MER07900,Amazon India 7900,Entertainment,Pune,Maharashtra,Online,2021-04-27
MER07901,Swiggy 7901,Travel,Delhi,Delhi,Online,2022-05-28
MER07902,Reliance Digital 7902,Grocery,Kolkata,West Bengal,Offline,2023-01-16
MER07903,Apollo Pharmacy 7903,Fashion,Noida,Uttar Pradesh,Online,2023-06-23
MER07904,BookMyShow 7904,Education,Surat,Gujarat,Online,2024-12-08
MER07905,Flipkart 7905,Utilities,Pune,Maharashtra,Online,2024-03-16
MER07906,Myntra 7906,Automotive,Delhi,Delhi,Online,2025-05-30
,MakeMyTrip 7907,Restaurants,Kolkata,West Bengal,Online,2025-01-18
MER07908,BigBasket 7908,Ecommerce,Noida,Uttar Pradesh,Online,2021-01-30
MER07909,Paytm 7909,Food Delivery,Surat,Gujarat,Online,2021-05-04
MER07910,,Electronics,Pune,MAHARASHTRA,Offline,2022-12-19
MER07911,Swiggy 7911,Healthcare,Delhi,Delhi,Offline,2025-02-04
MER07912,Reliance Digital 7912,Entertainment,Kolkata,West Bengal,Online,2024-12-11
MER07913,Apollo Pharmacy 7913,Travel,Noida,Uttar Pradesh,Online,2024-01-26
MER07914,BookMyShow 7914,Grocery,Surat,Gujarat,Offline,2022-09-14
MER07915,Flipkart 7915,Fashion,Pune,Maharashtra,Offline,2021-06-27
MER07916,Myntra 7916,Education,Delhi,delhi,Online,2024-01-16
MER07917,MakeMyTrip 7917,Utilities,Kolkata,West Bengal,Online,2025-01-08
MER07918,BigBasket 7918,Automotive, Noida ,Uttar Pradesh,Online,2024-07-02
,Paytm 7919,Restaurants,Surat,Gujarat,Online,2024-04-04
MER07920,Amazon India 7920,Ecommerce,Pune,Maharashtra,Online,2023-10-07
MER07921,Swiggy 7921,Food Delivery,Delhi,Delhi,Offline,2024-09-28
MER01362,Reliance Digital 1362,Grocery,Kolkata,West Bengal,Online,2025-10-18
MER07923,Apollo Pharmacy 7923,Healthcare,Noida, Uttar Pradesh ,Online,2023-10-23
MER07924,BookMyShow 7924,Entertainment,Surat,Gujarat,Online,2025-03-18
MER07925,Flipkart 7925,Travel,Pune,Maharashtra,Online,2021-12-27
MER07926,Myntra 7926,Grocery,Delhi,Delhi,Online,2021-08-20
MER07927,MakeMyTrip 7927,Fashion,Kolkata,West Bengal,Offline,2024-08-25
MER07928,BigBasket 7928,Education,Noida,Uttar Pradesh,Online,2022-09-20
MER07929,Paytm 7929,Utilities,Surat,Gujarat,Online,2021-03-20
MER07930,Amazon India 7930,Automotive,Pune,Maharashtra,Offline,2025-06-01
MER07931,Swiggy 7931,Restaurants,Delhi,Delhi,Online,2021-02-16
MER07932,Reliance Digital 7932,Ecommerce,Kolkata,West Bengal,Online,2021-08-29
MER07933,Apollo Pharmacy 7933,Food Delivery,Noida,,Online,2021-01-24
MER07934,BookMyShow 7934,Electronics,Surat,Gujarat,Online,2024-05-23
MER07935,Flipkart 7935,Healthcare,Pune,Maharashtra,Offline,2024-01-19
MER07936,Myntra 7936,Entertainment,,Delhi,Offline,2023-09-22
MER07937,MakeMyTrip 7937,Travel, Kolkata ,West Bengal,Online,2022-07-21
MER07938,BigBasket 7938,Grocery,Noida,Uttar Pradesh,Online,2025-02-17
MER07939,Paytm 7939,Fashion,Surat,Gujarat,Offline,2021-12-18
MER07940,Amazon India 7940,Education,Pune,Maharashtra,Online,2023-04-13
MER07941,Swiggy 7941,Utilities,Delhi,Delhi,Offline,2023-05-20
MER07942,Reliance Digital 7942,Automotive,Kolkata,West Bengal,Offline,2024-02-06
MER07943,Apollo Pharmacy 7943,Restaurants,Noida,Uttar Pradesh,Online,2023-08-30
MER07944,BookMyShow 7944,Ecommerce,Surat,Gujarat,Online,2025-09-02
MER07945,Flipkart 7945,Food Delivery,Pune,Maharashtra,Online,2021-01-19
MER07946,Myntra 7946,Electronics,Delhi,Delhi,Online,2024-12-10
MER07947,MakeMyTrip 7947,Healthcare,Kolkata,West Bengal,Offline,2021-01-16
MER07948,BigBasket 7948,Entertainment,Noida, Uttar Pradesh ,Offline,2021-06-29
MER07949,Paytm 7949,Travel,Surat,Gujarat,Offline,
MER07950,Amazon India 7950,Grocery,Pune,Maharashtra,Online,2024-09-07
MER07951,Swiggy 7951,Fashion,Delhi,Delhi,Online,2021-01-02
MER07952,Reliance Digital 7952,Education,, West Bengal ,Offline,2022-01-17
MER07953,Apollo Pharmacy 7953,Utilities,Noida,Uttar Pradesh,Online,2021-07-11
MER07954,BookMyShow 7954,Automotive,Surat,Gujarat,Online,2023-07-07
MER07955,Flipkart 7955,Restaurants,Pune,Maharashtra,Online,2021-06-01
MER07956,Myntra 7956,Ecommerce,Delhi,Delhi,Online,2021-04-24
MER07957,MakeMyTrip 7957,Food Delivery,Kolkata,West Bengal,Online,2022-12-23
MER07958,BigBasket 7958,Electronics,Noida,Uttar Pradesh,Online,2024-09-22
MER07959,Paytm 7959,Healthcare,Surat,Gujarat,Offline,2021-07-25
MER07960,Amazon India 7960,Entertainment,Pune, Maharashtra ,Offline,2025-01-18
MER07961,Swiggy 7961,Travel,Delhi,Delhi,Online,2025-11-26
MER07962,Reliance Digital 7962,Grocery,Kolkata,West Bengal,Online,2024-01-11
MER07963,Apollo Pharmacy 7963,Fashion,Noida,Uttar Pradesh,Online,2023-01-04
MER07964,BookMyShow 7964,Education,Surat,Gujarat,Online,2022-09-25
MER07965,Flipkart 7965,Utilities,Pune,Maharashtra,Online,2025-07-09
MER07966,Myntra 7966,Automotive,Delhi,Delhi,Online,2023-08-20
MER07967,MakeMyTrip 7967,Restaurants,Kolkata,West Bengal,Online,2025-03-01
MER07968,BigBasket 7968,Ecommerce,Noida,Uttar Pradesh,Online,2023-03-04
MER07969,Paytm 7969,Food Delivery,Surat,Gujarat,Online,2022-01-30
MER07970,Amazon India 7970,Electronics,Pune,Maharashtra,Online,2024-02-19
MER07971,Swiggy 7971,Healthcare,Delhi,Delhi,Online,2023-11-15
MER07972,Reliance Digital 7972,Entertainment,Kolkata,West Bengal,Online,2024-04-15
MER07973,Apollo Pharmacy 7973,Travel,Noida,Uttar Pradesh,Offline,2021-02-15
MER07974,BookMyShow 7974,Grocery,Surat,Gujarat,Online,2021-05-24
MER07975,Flipkart 7975,Fashion, Pune ,Maharashtra,Online,2021-04-22
MER07976,Myntra 7976,Education,Delhi,Delhi,Online,2024-08-10
MER07977,MakeMyTrip 7977,Utilities,Kolkata,West Bengal,Online,2022-02-19
MER07978,BigBasket 7978,Automotive,NOIDA,Uttar Pradesh,Online,2024-01-22
MER07979,Paytm 7979,Restaurants,Surat,Gujarat,Online,2023-01-07
MER07980,Amazon India 7980,Ecommerce,Pune,Maharashtra,Online,2021-09-08
MER07981,Swiggy 7981,Food Delivery,Delhi,Delhi,Offline,2021-01-31
MER07982,Reliance Digital 7982,Electronics,Kolkata,West Bengal,Online,2022-04-01
MER07983,Apollo Pharmacy 7983,Healthcare,Noida,Uttar Pradesh,,2023-10-23
MER07984,BookMyShow 7984,Entertainment,Surat,Gujarat,Online,2023-04-29
MER07985,Flipkart 7985,Travel,Pune,Maharashtra,Offline,2021-12-21
MER07986,Myntra 7986,Grocery,Delhi,Delhi,Online,2024-04-08
MER07987,MakeMyTrip 7987,Fashion,KOLKATA,West Bengal,Online,2022-07-20
MER07988,BigBasket 7988,Education,Noida,Uttar Pradesh,Online,2022-01-25
MER07989,Paytm 7989,Utilities,Surat,Gujarat,Online,2024-12-24
MER07990,Amazon India 7990,Automotive,Pune,Maharashtra,Online,2021-05-24
MER07991,Swiggy 7991,Restaurants,Delhi,Delhi,Online,2024-04-18
MER07992,Reliance Digital 7992,Ecommerce,Kolkata,West Bengal,Online,2021-11-07
MER07993,Apollo Pharmacy 7993,Food Delivery,Noida,Uttar Pradesh,Online,
MER07994,BookMyShow 7994,Electronics,Surat,Gujarat,Online,2022-10-11
MER07995,Flipkart 7995,Healthcare,Pune,Maharashtra,Offline,2023-02-25
MER07996,Myntra 7996,Entertainment,Delhi,Delhi,Online,2021-10-25
MER07997,MakeMyTrip 7997,Travel,Kolkata,West Bengal,Online,2023-06-09
MER07998,BigBasket 7998,Grocery,Noida,Uttar Pradesh,Offline,2024-05-07
MER07999,Paytm 7999,Fashion,Surat,Gujarat,Online,
MER08000,Amazon India 8000,Education,Pune,Maharashtra,Online,2021-12-04
MER08001,Swiggy 8001,Utilities,Delhi,Delhi,Offline,2022-12-11
MER08002,Reliance Digital 8002,Automotive,Kolkata,West Bengal,Offline,2022-05-12
MER08003,Apollo Pharmacy 8003,Restaurants,Noida,Uttar Pradesh,Online,2023-03-23
MER08004,BookMyShow 8004,Ecommerce,Surat,Gujarat,Online,2021-08-17
MER08005,Flipkart 8005,Food Delivery,Pune,Maharashtra,Online,2023-07-21
MER08006,Myntra 8006,Electronics,Delhi,Delhi,Online,2022-06-08
MER08007,MakeMyTrip 8007,Healthcare,Kolkata,West Bengal,Offline,2025-08-24
MER08008,BigBasket 8008,Entertainment,Noida,Uttar Pradesh,Online,2025-06-29
MER08009,Paytm 8009,Travel,Surat,Gujarat,Online,2022-01-18
MER08010,Amazon India 8010,Grocery,Pune, Maharashtra ,Online,2021-02-28
MER08011,Swiggy 8011,Fashion,delhi,Delhi,Online,2025-11-21
MER08012,Reliance Digital 8012,,Kolkata,West Bengal,Online,2023-11-04
MER08013,Apollo Pharmacy 8013,Utilities,Noida,Uttar Pradesh,Online,2023-03-12
MER08014,BookMyShow 8014,Automotive,Surat,Gujarat,Online,2021-05-25
MER08015,Flipkart 8015,Restaurants,Pune,Maharashtra,Offline,2024-08-20
MER08016,Myntra 8016,Ecommerce,Delhi,Delhi,Online,2021-05-25
MER08017,MakeMyTrip 8017,Food Delivery,Kolkata,West Bengal,Offline,2023-05-07
MER08018,BigBasket 8018,Electronics,Noida,Uttar Pradesh,Offline,2023-09-24
MER08019,Paytm 8019,Healthcare, Surat ,Gujarat,Online,2022-07-06
MER08020,Amazon India 8020,Entertainment,Pune,Maharashtra,Online,2023-06-27
MER08021,Swiggy 8021,Travel,Delhi,Delhi,Online,2022-02-12
MER08022,Reliance Digital 8022,Grocery,Kolkata,West Bengal,Online,2025-05-24
MER08023,Apollo Pharmacy 8023,Fashion,Noida,Uttar Pradesh,Online,2024-06-26
MER08024,BookMyShow 8024,Education,Surat,Gujarat,Offline,2023-05-06
MER08025,Flipkart 8025,Utilities,Pune,Maharashtra,Online,2025-11-16
MER08026,Myntra 8026,Automotive,delhi,Delhi,Online,2024-04-21
MER08027,MakeMyTrip 8027,Restaurants,Kolkata,West Bengal,Offline,2022-11-14
MER08028,BigBasket 8028,Ecommerce,Noida,Uttar Pradesh,Offline,2024-11-05
MER08029,Paytm 8029,Food Delivery,Surat,Gujarat,Offline,2024-04-17
MER08030,Amazon India 8030,Electronics,Pune,Maharashtra,Offline,2023-11-22
MER08031,Swiggy 8031,Healthcare,,DELHI,Online,2022-03-29
MER08032,Reliance Digital 8032,Entertainment,Kolkata,West Bengal,Online,2021-10-10
MER08033,Apollo Pharmacy 8033,Travel,Noida,Uttar Pradesh,Online,2023-12-01
MER08034,BookMyShow 8034,Grocery,Surat,Gujarat,Offline,2024-06-03
MER08035,Flipkart 8035,Fashion,Pune,Maharashtra,Offline,2023-08-25
MER08036,Myntra 8036,Education,Delhi,Delhi,Offline,2022-09-13
MER08037,MakeMyTrip 8037,Utilities,Kolkata,West Bengal,Offline,2024-05-17
MER08038,BigBasket 8038,Automotive,Noida,Uttar Pradesh,Online,2025-12-04
MER08039,Paytm 8039,Restaurants,Surat,Gujarat,Online,2025-01-25
MER08040,Amazon India 8040,Ecommerce,Pune,Maharashtra,Online,2022-08-28
MER08041,Swiggy 8041,Food Delivery,Delhi,Delhi,Offline,2024-01-25
MER08042,Reliance Digital 8042,Electronics,Kolkata,West Bengal,Online,2022-03-01
MER08043,Apollo Pharmacy 8043,Healthcare,Noida,Uttar Pradesh,Offline,2023-03-22
MER08044,BookMyShow 8044,Entertainment,Surat,Gujarat,Online,2024-01-23
MER08045,Flipkart 8045,Travel,Pune,Maharashtra,Online,2021-10-05
MER08046,Myntra 8046,Grocery,Delhi,Delhi,Offline,2023-03-14
MER08047,MakeMyTrip 8047,Fashion,Kolkata,West Bengal,Online,2022-05-01
MER08048,BigBasket 8048,Education,Noida,Uttar Pradesh,Offline,2023-08-14
MER08049,Paytm 8049,Utilities,Surat,Gujarat,Offline,2024-09-08
MER08050,Amazon India 8050,Automotive,Pune,Maharashtra,Online,2021-02-15
MER08051,Swiggy 8051,Restaurants,Delhi,Delhi,Online,2025-09-30
MER08052,Reliance Digital 8052,Ecommerce,Kolkata,West Bengal,Online,2023-05-16
MER08053,Apollo Pharmacy 8053,Food Delivery,Noida,Uttar Pradesh,Online,2025-06-21
MER08054,BookMyShow 8054,Electronics,Surat,Gujarat,Online,2024-10-18
MER08055,Flipkart 8055,Healthcare,Pune,Maharashtra,Offline,2025-10-25
MER08056,Myntra 8056,Entertainment,Delhi,Delhi,Online,2021-02-09
MER08057,MakeMyTrip 8057,Travel,Kolkata,West Bengal,Online,2025-02-21
MER08058,BigBasket 8058,Grocery,Noida,Uttar Pradesh,Offline,2024-10-02
MER08059,Paytm 8059,Fashion,Surat,Gujarat,Online,2021-06-03
MER08060,Amazon India 8060,Education,Pune,Maharashtra,Offline,2025-09-20
MER08061,Swiggy 8061,Utilities,Delhi,Delhi,Online,2023-08-05
MER08062,Reliance Digital 8062,Automotive,Kolkata,West Bengal,Offline,2021-04-30
MER08063,Apollo Pharmacy 8063,Restaurants,Noida,Uttar Pradesh,Offline,2024-05-18
MER08064,BookMyShow 8064,Ecommerce,Surat,Gujarat,Online,2022-02-16
MER08065,Flipkart 8065,Food Delivery,Pune,Maharashtra,Offline,2025-08-02
MER08066,Myntra 8066,Electronics,Delhi,Delhi,Online,2023-04-10
MER08067,MakeMyTrip 8067,Healthcare,Kolkata,West Bengal,Offline,2024-12-11
MER08068,BigBasket 8068,Entertainment,Noida,Uttar Pradesh,Offline,2025-03-01
MER08069,Paytm 8069,Travel,Surat,Gujarat,Online,2022-12-31
MER08070,Amazon India 8070,Grocery,Pune,Maharashtra,Online,2024-08-25
MER08071,Swiggy 8071,Fashion,Delhi,Delhi,Offline,2025-04-20
MER08072,Reliance Digital 8072,Education,Kolkata,West Bengal,Offline,2025-11-22
MER08073,Apollo Pharmacy 8073,Utilities,Noida,Uttar Pradesh,Online,2022-05-17
MER08074,BookMyShow 8074,Automotive,Surat,Gujarat,Offline,2023-02-24
MER08075,Flipkart 8075,Restaurants,Pune,Maharashtra,Online,2023-02-22
MER08076,Myntra 8076,Ecommerce,Delhi,Delhi,Online,2022-03-09
MER08077,MakeMyTrip 8077,Food Delivery,Kolkata,West Bengal,Online,2025-03-09
MER08078,BigBasket 8078,Electronics,Noida,Uttar Pradesh,unknown,2021-01-26
MER08079,Paytm 8079,Healthcare,Surat,Gujarat,Offline,2025-11-18
MER08080,Amazon India 8080,Entertainment,Pune,Maharashtra,Online,2024-06-26
MER08081,Swiggy 8081,Travel,Delhi,Delhi,Online,2021-08-11
MER08082,Reliance Digital 8082,Grocery,Kolkata,West Bengal,Online,2021-06-14
MER08083,Apollo Pharmacy 8083,Fashion,Noida,Uttar Pradesh,OFFLINE,2022-06-27
MER08084,BookMyShow 8084,Education,Surat,Gujarat,Online,2021-08-28
MER08085,Flipkart 8085,Utilities,Pune,Maharashtra,Online,2022-02-13
MER08086,Myntra 8086,Automotive,Delhi,,Offline,2024-07-31
MER08087,MakeMyTrip 8087,Restaurants,Kolkata,West Bengal,Online,2025-08-31
MER08088,BigBasket 8088,Ecommerce,Noida,Uttar Pradesh,Online,2021-08-22
MER08089,Paytm 8089,Food Delivery,Surat,Gujarat,Online,2022-08-12
MER08090,Amazon India 8090,Electronics,Pune,Maharashtra,Offline,2023-08-08
MER08091,Swiggy 8091,Healthcare,Delhi,Delhi,Online,2025-04-30
MER08092,Reliance Digital 8092,Entertainment,Kolkata,West Bengal,Online,2022-07-30
MER08093,Apollo Pharmacy 8093,Travel,Noida,Uttar Pradesh,Offline,2022-07-25
MER08094,BookMyShow 8094,Grocery,Surat,GUJARAT,Online,2024-09-05
MER08095,Flipkart 8095,Fashion,Pune,Maharashtra,Offline,2022-07-17
MER08096,Myntra 8096,Education,Delhi,Delhi,Online,2023-09-07
MER08097,MakeMyTrip 8097,Utilities,Kolkata,West Bengal,Online,2022-08-05
MER08098,BigBasket 8098,Automotive,Noida,Uttar Pradesh,Offline,2022-05-31
,Paytm 8099,Restaurants,Surat,Gujarat,Online,2024-04-22
MER08100,Amazon India 8100,Ecommerce,Pune,Maharashtra,Online,2021-11-23
MER08101,Swiggy 8101,Food Delivery,Delhi,Delhi,Online,
MER08102,Reliance Digital 8102,Electronics,Kolkata,West Bengal,Offline,2021-08-17
MER08103,Apollo Pharmacy 8103,Healthcare,Noida,Uttar Pradesh,Online,2021-06-09
MER08104,BookMyShow 8104,Entertainment,Surat,Gujarat,Online,2023-10-24
MER08105,Flipkart 8105,Travel,Pune,Maharashtra,Online,2025-02-19
MER08106,Myntra 8106,Grocery,Delhi,Delhi,Offline,2021-12-11
MER08107,MakeMyTrip 8107,Fashion,Kolkata,West Bengal,Online,2022-06-14
MER08108,BigBasket 8108,Education,Noida,Uttar Pradesh,Online,2025-12-02
MER08109,Paytm 8109,Utilities,Surat,Gujarat,Online,2024-02-15
MER08110,Amazon India 8110,Automotive,Pune,Maharashtra,Online,2023-02-12
MER08111,Swiggy 8111,Restaurants,Delhi,Delhi,Online,2025-03-08
MER08112,Reliance Digital 8112,Ecommerce,Kolkata,West Bengal,Online,2022-05-12
MER08113,Apollo Pharmacy 8113,Food Delivery,Noida,Uttar Pradesh,Online,2023-11-22
MER08114,BookMyShow 8114,Electronics,Surat,Gujarat,Offline,2025-05-26
MER08115,Flipkart 8115,Healthcare,Pune,Maharashtra,Offline,2024-11-06
MER08116,Myntra 8116,Entertainment,Delhi,Delhi,Online,2025-08-18
MER08117,MakeMyTrip 8117,Travel,Kolkata,West Bengal,Online,2022-05-04
MER08118,BigBasket 8118,Grocery,Noida,Uttar Pradesh,Online,2023-11-08
MER08119,Paytm 8119,Fashion,Surat,Gujarat,Offline,2025-04-24
MER08120,Amazon India 8120,Education,Pune,Maharashtra,Online,2022-02-16
MER08121,Swiggy 8121,Utilities,Delhi,Delhi,Offline,2025-06-03
MER08122,Reliance Digital 8122,Automotive,Kolkata,West Bengal,Online,2025-02-06
MER08123,Apollo Pharmacy 8123,Restaurants,Noida,Uttar Pradesh,Offline,2023-05-06
MER08124,BookMyShow 8124,Ecommerce,Surat,Gujarat,Offline,2022-10-27
MER08125,Flipkart 8125,Food Delivery,Pune,Maharashtra,Offline,2022-06-01
MER08126,Myntra 8126,Electronics,Delhi,Delhi,Online,2023-01-09
MER08127,MakeMyTrip 8127,Healthcare,Kolkata,West Bengal,Online,2023-10-07
MER08128,BigBasket 8128,Entertainment,Noida,Uttar Pradesh,Offline,2025-07-10
MER08129,Paytm 8129,Travel,Surat,GUJARAT,Online,2021-06-10
MER08130,Amazon India 8130,Grocery,Pune,maharashtra,Online,2025-04-28
MER08131,Swiggy 8131,Fashion,Delhi,Delhi,Offline,2023-11-11
MER08132,Reliance Digital 8132,Education,Kolkata,West Bengal,Online,2021-05-11
MER08133,Apollo Pharmacy 8133,Utilities,Noida,Uttar Pradesh,Online,2024-12-31
MER08134,BookMyShow 8134,Automotive,Surat,,Online,2022-06-25
MER08135,Flipkart 8135,Restaurants,Pune,Maharashtra,Offline,2025-06-03
MER08136,Myntra 8136,Ecommerce,Delhi,Delhi,Online,2021-09-26
MER08137,MakeMyTrip 8137,Food Delivery,Kolkata,West Bengal,Offline,2024-03-06
MER08138,BigBasket 8138,Electronics,Noida,Uttar Pradesh,Offline,2024-07-25
MER08139,Paytm 8139,Healthcare,Surat,Gujarat,Online,2022-02-14
MER08140,Amazon India 8140,Entertainment,Pune,Maharashtra,,2021-02-01
MER08141,Swiggy 8141,Travel,,Delhi,Online,2024-04-17
MER08142,Reliance Digital 8142,Grocery,Kolkata,West Bengal,Online,2022-06-29
MER08143,Apollo Pharmacy 8143,Fashion,Noida,Uttar Pradesh,Online,2022-07-22
MER08144,BookMyShow 8144,Education,Surat,Gujarat,Online,2024-03-10
MER08145,,Utilities,Pune,Maharashtra,Online,2025-02-18
MER08146,,Automotive,Delhi,Delhi,Offline,2024-04-08
MER08147,MakeMyTrip 8147,Restaurants,Kolkata,West Bengal,Online,2021-05-10
MER08148,BigBasket 8148,Ecommerce,Noida,Uttar Pradesh,Offline,2024-01-25
MER08149,Paytm 8149,Food Delivery,Surat,,Offline,2023-09-30
MER08150,Amazon India 8150,Electronics,Pune,Maharashtra,Online,2021-04-11
MER08151,Swiggy 8151,Healthcare,Delhi, Delhi ,Offline,2023-11-10
MER08152,Reliance Digital 8152,Entertainment,Kolkata,West Bengal,Online,2025-10-21
MER08153,Apollo Pharmacy 8153,Travel,Noida,Uttar Pradesh,Online,2025-10-06
MER08154,BookMyShow 8154,Grocery,Surat,Gujarat,Offline,2021-12-27
MER08155,Flipkart 8155,Fashion,Pune,Maharashtra,Online,2023-08-10
MER08156,Myntra 8156,Education,Delhi,Delhi,Online,2022-06-08
MER08157,MakeMyTrip 8157,Utilities,kolkata,West Bengal,Online,2023-03-04
MER08158,BigBasket 8158,Automotive,Noida,Uttar Pradesh,Online,2022-11-04
MER08159,Paytm 8159,Restaurants,Surat,Gujarat,Online,2023-01-28
MER08160,Amazon India 8160,Ecommerce,Pune,Maharashtra,Offline,2023-09-23
MER08161,Swiggy 8161,Food Delivery,Delhi,Delhi,Online,2021-10-26
MER08162,Reliance Digital 8162,Electronics,Kolkata,West Bengal,Offline,2024-03-18
MER08163,Apollo Pharmacy 8163,Healthcare,Noida,Uttar Pradesh,Offline,2023-10-17
MER08164,BookMyShow 8164,Entertainment,Surat,Gujarat,Online,2022-01-20
MER08165,Flipkart 8165,Travel,Pune,Maharashtra,Offline,2023-11-10
MER08166,Myntra 8166,Grocery, Delhi ,Delhi,Offline,2022-07-04
MER08167,MakeMyTrip 8167,Fashion,Kolkata,West Bengal,Online,2021-06-20
MER08168,BigBasket 8168,Education,Noida,Uttar Pradesh,Online,2024-04-27
MER08169,Paytm 8169,Utilities,Surat,Gujarat,Offline,2023-07-05
MER08170,Amazon India 8170,Automotive,Pune,Maharashtra,Online,2025-06-27
MER08171,Swiggy 8171,Restaurants,Delhi,Delhi,Online,2024-07-04
MER08172,Reliance Digital 8172,Ecommerce,Kolkata,West Bengal,Online,2025-07-08
MER08173,Apollo Pharmacy 8173,Food Delivery,Noida,Uttar Pradesh,Online,2021-10-28
MER08174,BookMyShow 8174,Electronics,Surat,Gujarat,Offline,2022-05-11
MER08175,Flipkart 8175,Healthcare,Pune,Maharashtra,Online,2024-01-04
MER08176,Myntra 8176,Entertainment,Delhi, Delhi ,Online,2023-11-05
MER08177,MakeMyTrip 8177,Travel,Kolkata,West Bengal,Online,2024-05-29
MER08178,BigBasket 8178,Grocery,Noida,Uttar Pradesh,Online,2024-02-10
MER08179,Paytm 8179,Fashion,Surat,Gujarat,Online,2022-03-09
MER08180,Amazon India 8180,Education,Pune,Maharashtra,Online,2021-10-27
MER08181,Swiggy 8181,Utilities,Delhi,Delhi,,2021-01-06
MER08182,Reliance Digital 8182,Automotive,Kolkata,West Bengal,Online,2024-12-26
MER08183,Apollo Pharmacy 8183,Restaurants,Noida,Uttar Pradesh,Online,2021-01-24
MER08184,BookMyShow 8184,Ecommerce,Surat,Gujarat,Online,2022-03-26
MER08185,Flipkart 8185,Food Delivery,Pune,Maharashtra,Online,2024-03-25
MER08186,Myntra 8186,Electronics,Delhi,Delhi,Offline,2023-03-03
MER08187,MakeMyTrip 8187,Healthcare,Kolkata,West Bengal,,2022-01-24
MER08188,BigBasket 8188,Entertainment,Noida,Uttar Pradesh,Online,2023-07-12
MER08189,Paytm 8189,Travel,Surat,Gujarat,Online,2024-03-02
MER08190,Amazon India 8190,Grocery,Pune,Maharashtra,Online,2022-08-11
MER08191,Swiggy 8191,Fashion,Delhi,Delhi,Online,2023-10-12
MER08192,Reliance Digital 8192,Education,Kolkata,West Bengal,Online,2025-12-05
MER08193,Apollo Pharmacy 8193,Utilities,Noida,Uttar Pradesh, Online ,2025-01-16
MER08194,BookMyShow 8194,Automotive,,Gujarat,Online,2024-10-20
MER08195,Flipkart 8195,Restaurants,Pune,Maharashtra,unknown,2022-11-22
MER08196,Myntra 8196,Ecommerce,Delhi,Delhi,Online,2025-03-30
MER08197,MakeMyTrip 8197,Food Delivery,Kolkata,West Bengal,Online,2025-09-09
MER08198,BigBasket 8198,Electronics,Noida,Uttar Pradesh,Online,2021-08-21
MER08199,Paytm 8199,Healthcare,Surat,Gujarat,Online,2025-11-04
MER08200,Amazon India 8200,Entertainment,Pune,Maharashtra,Online,2023-07-06
MER08201,Swiggy 8201,Travel,Delhi,Delhi,Online,2024-01-03
MER08202,Reliance Digital 8202,Grocery,Kolkata,West Bengal,Online,2024-11-24
MER08203,Apollo Pharmacy 8203,Fashion,Noida,Uttar Pradesh,Offline,2021-07-05
MER08204,BookMyShow 8204,Education,Surat,Gujarat,Online,2025-04-04
MER08205,Flipkart 8205,Utilities,Pune,,Online,2022-09-30
MER08206,Myntra 8206,Automotive,Delhi,Delhi,OFFLINE,2021-11-28
MER08207,MakeMyTrip 8207,Restaurants,Kolkata,West Bengal,Online,2024-06-22
MER08208,BigBasket 8208,Ecommerce,Noida,Uttar Pradesh,Offline,2022-02-07
MER08209,Paytm 8209,Food Delivery,Surat,Gujarat,Online,2024-03-17
MER08210,Amazon India 8210,Electronics,Pune,Maharashtra,Online,2023-11-08
MER08211,Swiggy 8211,Healthcare,Delhi,Delhi,Online,2023-12-13
MER08212,Reliance Digital 8212,Entertainment,Kolkata,West Bengal,Online,2023-11-05
MER08213,Apollo Pharmacy 8213,Travel,Noida,Uttar Pradesh,Online,2022-01-22
MER08214,BookMyShow 8214,Grocery,Surat,Gujarat,Offline,2021-06-06
MER08215,Flipkart 8215,Fashion,Pune,Maharashtra,Offline,2023-10-30
MER08216,Myntra 8216,Education,Delhi,Delhi,Offline,2023-03-05
MER08217,MakeMyTrip 8217,Utilities,Kolkata,West Bengal,Online,2022-07-31
MER08218,BigBasket 8218,Automotive,Noida,Uttar Pradesh,Offline,2024-09-05
MER08219,Paytm 8219,Restaurants,Surat,Gujarat,Online,2024-10-14
MER08220,Amazon India 8220,Ecommerce,Pune,Maharashtra,Offline,2024-04-25
MER08221,Swiggy 8221,Food Delivery,Delhi,Delhi,Offline,2025-03-21
MER08222,Reliance Digital 8222,Electronics,Kolkata,West Bengal,Online,2021-10-26
MER08223,Apollo Pharmacy 8223,Healthcare,Noida,Uttar Pradesh,Online,2025-02-15
MER08224,BookMyShow 8224,Entertainment,Surat,Gujarat,Offline,2022-04-24
MER08225,Flipkart 8225,Travel,Pune,Maharashtra,Offline,2022-05-30
MER08226,Myntra 8226,,Delhi,Delhi,Offline,2024-03-30
MER08227,MakeMyTrip 8227,Fashion,Kolkata,West Bengal,Offline,2024-09-09
MER08228,BigBasket 8228,Education,Noida,Uttar Pradesh,Online,2024-05-31
MER08229,Paytm 8229,Utilities,Surat,Gujarat,Offline,2023-09-17
MER08230,Amazon India 8230,Automotive,Pune,Maharashtra,Online,2025-05-01
MER08231,Swiggy 8231,Restaurants,Delhi,Delhi,Offline,2022-06-17
MER08232,Reliance Digital 8232,Ecommerce,Kolkata,West Bengal,Offline,2024-09-05
MER08233,Apollo Pharmacy 8233,Food Delivery,Noida,Uttar Pradesh,Online,2024-01-30
MER08234,BookMyShow 8234,Electronics,Surat,Gujarat,Online,2024-08-30
MER08235,Flipkart 8235,Healthcare,Pune,Maharashtra,Offline,2021-08-19
MER08236,Myntra 8236,Entertainment,Delhi,Delhi,Offline,2021-02-11
MER08237,MakeMyTrip 8237,Travel,Kolkata,West Bengal,Online,2025-07-23
MER08238,BigBasket 8238,Grocery,Noida,Uttar Pradesh,Offline,2022-09-18
MER08239,Paytm 8239,Fashion,Surat,Gujarat,Online,2023-07-19
MER08240,Amazon India 8240,Education,Pune,Maharashtra,Online,2024-03-29
MER08241,Swiggy 8241,Utilities,Delhi,DELHI,Online,2023-01-27
MER08242,Reliance Digital 8242,Automotive,Kolkata,West Bengal,Online,2025-07-15
MER08243,Apollo Pharmacy 8243,Restaurants,Noida,Uttar Pradesh,Offline,2021-09-01
MER08244,BookMyShow 8244,Ecommerce,Surat,Gujarat,Online,2024-01-23
MER08245,Flipkart 8245,Food Delivery,Pune,Maharashtra,Online,2025-10-17
MER08246,Myntra 8246,Electronics,,Delhi,Online,2021-01-31
MER08247,MakeMyTrip 8247,Healthcare,Kolkata,West Bengal,Online,2023-06-23
MER08248,BigBasket 8248,Entertainment,Noida,Uttar Pradesh,Online,2022-01-03
MER08249,Paytm 8249,Travel,Surat,Gujarat,Online,2021-09-25
MER08250,Amazon India 8250,Grocery,Pune,Maharashtra,Online,2022-12-09
MER08251,Swiggy 8251,Fashion,Delhi,Delhi,Online,2023-01-17
MER08252,Reliance Digital 8252,Education,Kolkata,West Bengal,Online,2021-03-16
MER05376,Myntra 5376,Ecommerce,Delhi,Delhi,Offline,2025-05-31
MER08254,BookMyShow 8254,Automotive,Surat,Gujarat,Online,2022-04-17
MER08255,Flipkart 8255,Restaurants,Pune,Maharashtra,Offline,2022-03-20
MER08256,Myntra 8256,Ecommerce,Delhi,Delhi,Offline,2025-10-23
MER08257,MakeMyTrip 8257,Food Delivery,Kolkata,West Bengal,Online,2021-11-14
MER08258,BigBasket 8258,Electronics,Noida,Uttar Pradesh,Online,2025-04-18
MER08259,Paytm 8259,Healthcare,Surat,Gujarat,Online,2025-06-07
MER08260,Amazon India 8260,Entertainment,Pune,Maharashtra,Online,2021-07-27
MER08261,Swiggy 8261,Travel,Delhi,Delhi,Offline,2024-05-13
,Reliance Digital 8262,Grocery,Kolkata,West Bengal,Online,2022-07-01
MER08263,Apollo Pharmacy 8263,Fashion,Noida,Uttar Pradesh,Offline,2021-08-12
MER08264,BookMyShow 8264,Education,Surat,Gujarat,Online,2022-10-28
MER08265,Flipkart 8265,Utilities,Pune,Maharashtra,,2025-08-02
MER08266,Myntra 8266,Automotive,Delhi,Delhi,Offline,
MER08267,MakeMyTrip 8267,Restaurants,Kolkata,West Bengal,Online,2023-03-03
MER08268,BigBasket 8268,Ecommerce,Noida,Uttar Pradesh,Online,2023-11-15
MER08269,Paytm 8269,Food Delivery,Surat,Gujarat,Online,2021-10-15
MER08270,Amazon India 8270,Electronics,Pune,Maharashtra,Online,2022-03-11
MER08271,Swiggy 8271,Healthcare,Delhi,Delhi,OFFLINE,2024-09-18
MER08272,Reliance Digital 8272,Entertainment,Kolkata,West Bengal,Online,2021-11-26
MER08273,Apollo Pharmacy 8273,Travel,Noida,Uttar Pradesh,Online,2021-02-04
MER08274,BookMyShow 8274,Grocery,Surat,Gujarat,Offline,2024-09-05
MER06707,MakeMyTrip 6707,Restaurants,Kolkata,West Bengal,Online,2021-04-04
MER08276,Myntra 8276,Education,Delhi,Delhi,Offline,2024-06-17
MER08277,MakeMyTrip 8277,Utilities,Kolkata,West Bengal,Online,2025-03-07
MER08278,BigBasket 8278,Automotive,Noida,Uttar Pradesh,Offline,2023-04-24
MER08279,Paytm 8279,Restaurants,Surat,Gujarat,Online,2023-05-23
MER08280,Amazon India 8280,Ecommerce,Pune,Maharashtra,Offline,2024-08-10
MER08281,Swiggy 8281,Food Delivery,Delhi,Delhi,Online,2024-11-29
MER08282,Reliance Digital 8282,Electronics,Kolkata,West Bengal,Online,2022-02-27
MER08283,Apollo Pharmacy 8283,Healthcare,Noida,Uttar Pradesh,Online,2025-01-09
MER08284,BookMyShow 8284,Entertainment,Surat,Gujarat,Offline,2024-11-30
MER08285,Flipkart 8285,Travel,Pune,Maharashtra,Online,2021-09-17
MER08286,Myntra 8286,Grocery,Delhi,Delhi,Offline,2025-07-11
MER08287,MakeMyTrip 8287,Fashion,Kolkata,West Bengal,Offline,2022-04-20
MER08288,BigBasket 8288,Education,Noida,Uttar Pradesh,,2025-04-03
MER08289,Paytm 8289,Utilities,Surat,Gujarat,Online,2024-06-09
MER08290,Amazon India 8290,Automotive,Pune,Maharashtra,Online,2022-02-21
MER08291,Swiggy 8291,Restaurants,Delhi,Delhi,Online,2025-05-21
MER08292,Reliance Digital 8292,Ecommerce,Kolkata,West Bengal,Online,2025-07-06
MER08293,Apollo Pharmacy 8293,Food Delivery,Noida,Uttar Pradesh,Online,2021-05-13
MER08294,BookMyShow 8294,Electronics, Surat ,Gujarat,Online,
MER08295,Flipkart 8295,Healthcare,Pune,Maharashtra,Online,2025-09-10
MER08296,Myntra 8296,Entertainment,Delhi,Delhi,Online,2025-10-11
MER08297,MakeMyTrip 8297,Travel,Kolkata,West Bengal,Offline,2023-06-18
MER08298,BigBasket 8298,Grocery,Noida,Uttar Pradesh,Online,2023-01-14
MER08299,Paytm 8299,Fashion,Surat,Gujarat,Online,2023-11-25
MER08300,Amazon India 8300,Education,Pune,Maharashtra,Offline,2021-03-15
MER08301,Swiggy 8301,Utilities,Delhi,Delhi,Online,2022-03-07
MER08302,Reliance Digital 8302,Automotive,Kolkata,West Bengal,Online,2023-08-28
MER08303,Apollo Pharmacy 8303,Restaurants,Noida,Uttar Pradesh,Online,2025-08-28
,BookMyShow 8304,Ecommerce,Surat,Gujarat,Offline,2021-05-16
MER08305,Flipkart 8305,Food Delivery,Pune,Maharashtra,Offline,2023-02-07
MER08306,Myntra 8306,Electronics,Delhi,Delhi,Online,2024-03-12
MER08307,MakeMyTrip 8307,Healthcare,Kolkata,West Bengal,Online,2021-03-01
MER08308,BigBasket 8308,Entertainment,Noida,Uttar Pradesh,Offline,2022-02-11
MER08309,Paytm 8309,Travel,Surat,Gujarat,Online,2022-04-15
MER08310,Amazon India 8310,Grocery,Pune,Maharashtra,Online,2025-02-13
MER08311,Swiggy 8311,Fashion,Delhi,Delhi,Online,2021-08-10
MER08312,Reliance Digital 8312,Education, Kolkata ,West Bengal,Online,2025-01-26
MER08313,Apollo Pharmacy 8313,Utilities,Noida,Uttar Pradesh,Online,2024-12-06
MER08314,BookMyShow 8314,Automotive,Surat,Gujarat,Online,2023-05-25
MER08315,Flipkart 8315,Restaurants,Pune,Maharashtra,Online,2021-12-04
MER08316,Myntra 8316,Ecommerce,Delhi,Delhi,Offline,2021-03-21
MER08317,MakeMyTrip 8317,Food Delivery,Kolkata,West Bengal,Online,2021-01-01
MER08318,BigBasket 8318,Electronics,Noida,Uttar Pradesh,Offline,2023-06-06
MER08319,Paytm 8319,Healthcare,Surat,Gujarat,Online,2022-01-20
MER08320,Amazon India 8320,Entertainment,Pune,Maharashtra,Offline,2022-12-11
MER08321,Swiggy 8321,Travel,Delhi,Delhi,Online,2022-08-19
MER08322,Reliance Digital 8322,Grocery,Kolkata,West Bengal,Online,2025-12-01
MER08323,Apollo Pharmacy 8323,Fashion,Noida,Uttar Pradesh,Online,2024-10-25
MER08324,BookMyShow 8324,Education,Surat,Gujarat,Offline,2025-01-23
MER08325,Flipkart 8325,Utilities,Pune,Maharashtra,Online,2023-04-15
MER08326,Myntra 8326,,Delhi,Delhi,Online,2024-07-28
MER08327,MakeMyTrip 8327,Restaurants,Kolkata,West Bengal,Online,2023-01-19
MER08328,BigBasket 8328,Ecommerce,Noida,Uttar Pradesh,OFFLINE,2024-12-13
MER08329,Paytm 8329,Food Delivery,Surat,Gujarat,Offline,2021-05-09
MER08330,Amazon India 8330,Electronics,Pune,Maharashtra,Online,2025-07-16
MER08331,Swiggy 8331,Healthcare,Delhi,Delhi,Offline,2022-04-24
MER08332,Reliance Digital 8332,Entertainment,Kolkata,West Bengal,Online,2022-06-25
MER08333,Apollo Pharmacy 8333,Travel,Noida,Uttar Pradesh,Offline,2024-01-29
MER08334,BookMyShow 8334,Grocery,Surat,Gujarat,Offline,2023-03-05
MER08335,Flipkart 8335,Fashion,Pune,Maharashtra,Online,2024-04-26
MER08336,Myntra 8336,Education,Delhi,Delhi,Online,2022-10-20
MER08337,MakeMyTrip 8337,Utilities,Kolkata,West Bengal,Offline,2021-01-24
MER08338,BigBasket 8338,Automotive,,Uttar Pradesh,Online,2021-08-09
MER08339,Paytm 8339,Restaurants,Surat,Gujarat,Online,2024-12-07
MER08340,Amazon India 8340,Ecommerce,Pune,Maharashtra,Offline,2023-01-09
MER08341,Swiggy 8341,Food Delivery,Delhi,Delhi,Online,2022-04-21
MER08342,Reliance Digital 8342,Electronics,Kolkata,West Bengal,Offline,2024-12-02
MER08343,Apollo Pharmacy 8343,Healthcare,Noida,Uttar Pradesh,Online,2025-11-13
MER08344,BookMyShow 8344,Entertainment,Surat,Gujarat,Online,2024-10-05
MER08345,Flipkart 8345,Travel,Pune,Maharashtra,Offline,2023-03-26
MER08346,Myntra 8346,Grocery,Delhi,Delhi,Online,2024-01-29
MER08347,MakeMyTrip 8347,Fashion,Kolkata,West Bengal,Offline,2021-03-13
MER08348,BigBasket 8348,Education,Noida,Uttar Pradesh,Offline,2024-09-18
MER08349,Paytm 8349,Utilities,Surat,Gujarat,Online,2025-01-21
MER08350,Amazon India 8350,Automotive,Pune,Maharashtra,Online,2024-05-18
MER08351,Swiggy 8351,Restaurants,Delhi,Delhi,Offline,2024-09-29
MER08352,Reliance Digital 8352,Ecommerce,Kolkata,West Bengal,Online,2025-03-08
MER08353,Apollo Pharmacy 8353,Food Delivery,Noida,Uttar Pradesh,Online,2024-10-17
MER08354,BookMyShow 8354,Electronics,Surat,Gujarat,Offline,2025-03-15
MER08355,Flipkart 8355,Healthcare,Pune,Maharashtra,Online,2022-05-15
MER08356,Myntra 8356,Entertainment,Delhi,Delhi,online,2023-01-24
MER08357,MakeMyTrip 8357,Travel,Kolkata,West Bengal,Offline,2025-04-23
MER08358,BigBasket 8358,Grocery,noida,Uttar Pradesh,Online,2023-05-26
MER08359,Paytm 8359,Fashion,Surat,Gujarat,Online,2023-11-01
MER08360,Amazon India 8360,Education,Pune,Maharashtra,Online,2022-02-13
MER08361,Swiggy 8361,Utilities,Delhi,delhi,Online,2024-08-04
MER08362,Reliance Digital 8362,Automotive,Kolkata,West Bengal,Online,2025-06-15
MER08363,Apollo Pharmacy 8363,Restaurants,Noida,Uttar Pradesh,Online,2024-05-06
MER08364,BookMyShow 8364,Ecommerce,Surat,Gujarat,Online,2023-03-29
MER08365,Flipkart 8365,Food Delivery,Pune,Maharashtra,Online,2022-10-25
MER08366,Myntra 8366,Electronics,Delhi,Delhi,Offline,2022-12-07
MER08367,MakeMyTrip 8367,Healthcare,Kolkata,West Bengal,Online,2024-02-13
MER08368,BigBasket 8368,Entertainment,Noida,Uttar Pradesh,Offline,2022-05-02
MER08369,Paytm 8369,Travel,Surat,Gujarat,Online,2023-03-19
MER08370,Amazon India 8370,Grocery,Pune,Maharashtra,Online,2023-01-04
MER08371,,Fashion,Delhi,Delhi,Online,2021-06-28
MER08372,Reliance Digital 8372,Education,Kolkata,West Bengal,Offline,2024-12-29
MER08373,Apollo Pharmacy 8373,Utilities,Noida,Uttar Pradesh,Online,2022-04-28
MER08374,BookMyShow 8374,Automotive,Surat,Gujarat,Online,2021-11-15
MER08375,Flipkart 8375,Restaurants,Pune,Maharashtra,Online,2021-03-16
MER08376,Myntra 8376,Ecommerce,Delhi,Delhi,Online,2023-04-03
MER08377,MakeMyTrip 8377,Food Delivery,Kolkata,West Bengal,Online,2024-12-01
MER08378,BigBasket 8378,Electronics,Noida,Uttar Pradesh,Online,2021-09-09
MER08379,Paytm 8379,Healthcare,Surat,Gujarat,Online,2021-11-30
MER08380,Amazon India 8380,Entertainment,Pune,Maharashtra,Offline,2021-09-07
MER08381,Swiggy 8381,Travel,Delhi,Delhi,Offline,2022-11-10
MER08382,Reliance Digital 8382,Grocery,Kolkata,West Bengal,Online,2024-08-12
MER08383,Apollo Pharmacy 8383,Fashion,Noida,Uttar Pradesh,Online,2025-04-13
MER08384,,Education,Surat,Gujarat,Online,2025-09-16
MER08385,Flipkart 8385,Utilities,Pune,Maharashtra,Offline,2021-03-27
MER08386,Myntra 8386,Automotive,Delhi,Delhi,Offline,2024-02-11
MER08387,MakeMyTrip 8387,Restaurants,Kolkata,West Bengal,Online,2021-01-06
MER08388,,Ecommerce,Noida,Uttar Pradesh,Online,2025-06-18
MER08389,Paytm 8389,Food Delivery,Surat,Gujarat,Online,2025-05-09
MER08390,Amazon India 8390,Electronics,Pune,Maharashtra,Online,2022-11-06
MER08391,Swiggy 8391,Healthcare,Delhi,Delhi,Online,2025-10-29
MER08392,Reliance Digital 8392,Entertainment,Kolkata,West Bengal,Online,2022-03-15
MER08393,Apollo Pharmacy 8393,Travel,Noida,Uttar Pradesh,Online,2024-10-04
MER08394,BookMyShow 8394,Grocery,Surat,Gujarat,Online,2021-12-23
MER08395,Flipkart 8395,Fashion,Pune,Maharashtra,Offline,2024-10-09
MER08396,Myntra 8396,Education,Delhi,Delhi,Online,2024-05-17
MER08397,MakeMyTrip 8397,Utilities,Kolkata,West Bengal,Online,2021-04-19
MER08398,BigBasket 8398,Automotive,Noida,Uttar Pradesh,Online,2022-08-23
MER08399,Paytm 8399,Restaurants,Surat,Gujarat,Offline,2023-04-21
MER08400,Amazon India 8400,Ecommerce,Pune,Maharashtra,Offline,2022-07-18
MER08401,Swiggy 8401,Food Delivery,Delhi,Delhi,Online,2021-03-02
MER08402,Reliance Digital 8402,Electronics,Kolkata,West Bengal,Online,2025-11-04
MER08403,Apollo Pharmacy 8403,Healthcare,Noida,Uttar Pradesh,Online,2024-11-10
MER08404,BookMyShow 8404,Entertainment,Surat,,Online,2023-08-26
MER08405,Flipkart 8405,Travel,Pune,Maharashtra,Offline,2023-02-28
MER08406,Myntra 8406,Grocery,Delhi,Delhi,online,2021-12-03
,MakeMyTrip 8407,Fashion,Kolkata,West Bengal,Online,2022-07-02
MER08408,BigBasket 8408,Education,Noida,Uttar Pradesh,Online,2024-05-23
MER08409,Paytm 8409,Utilities,Surat,Gujarat,Online,2023-02-15
MER08410,Amazon India 8410,Automotive,Pune,Maharashtra,Online,2023-10-02
MER08411,Swiggy 8411,Restaurants,Delhi,Delhi,Offline,2021-08-28
MER08412,Reliance Digital 8412,Ecommerce,Kolkata,West Bengal,Online,2021-09-15
MER08413,Apollo Pharmacy 8413,Food Delivery,Noida,Uttar Pradesh,Online,2021-06-29
MER08414,BookMyShow 8414,Electronics,Surat,Gujarat,Offline,2025-02-24
MER08415,Flipkart 8415,Healthcare,Pune,Maharashtra,Offline,2023-04-20
MER08416,Myntra 8416,Entertainment,Delhi,Delhi,Online,2023-01-20
MER08417,MakeMyTrip 8417,Travel,Kolkata,West Bengal,Offline,2022-05-11
MER08418,BigBasket 8418,Grocery,Noida,Uttar Pradesh,Online,2025-08-27
MER08419,Paytm 8419,Fashion,Surat,Gujarat,Online,2022-07-31
MER08420,Amazon India 8420,Education,Pune,Maharashtra,Online,2024-04-27
MER08421,Swiggy 8421,Utilities,Delhi,Delhi,Offline,2023-01-02
MER08422,Reliance Digital 8422,Automotive,Kolkata,West Bengal,Online,2022-08-21
MER08491,Swiggy 8491,Fashion,Delhi,Delhi,Online,2024-02-15
MER08424,BookMyShow 8424,Ecommerce,Surat,Gujarat,Online,2025-06-28
MER08425,Flipkart 8425,Food Delivery,Pune,Maharashtra,Offline,2021-09-04
MER08426,Myntra 8426,Electronics,Delhi,Delhi,Online,2025-10-12
MER08427,MakeMyTrip 8427,Healthcare,Kolkata,West Bengal,Offline,2022-02-25
MER08428,BigBasket 8428,Entertainment,Noida,Uttar Pradesh,Online,2021-12-30
MER08429,Paytm 8429,Travel,Surat,Gujarat,Online,2023-03-11
MER08430,Amazon India 8430,Grocery,Pune,Maharashtra,Offline,2024-12-10
MER08431,Swiggy 8431,Fashion,Delhi,Delhi,Online,2023-07-19
MER08432,Reliance Digital 8432,Education,Kolkata,West Bengal,Online,2024-08-02
MER08433,Apollo Pharmacy 8433,Utilities,Noida,Uttar Pradesh,Online,2025-05-22
MER08434,BookMyShow 8434,Automotive,Surat,Gujarat,Offline,2025-08-23
MER08435,Flipkart 8435,Restaurants,Pune,Maharashtra,Offline,2021-03-09
MER08436,Myntra 8436,Ecommerce,Delhi,Delhi,Online,2025-04-20
MER08437,MakeMyTrip 8437,Food Delivery,Kolkata,West Bengal,Online,2025-03-28
MER08438,BigBasket 8438,Electronics,Noida,Uttar Pradesh,Online,2024-11-10
MER08439,Paytm 8439,Healthcare,Surat,Gujarat,Offline,2021-12-03
MER08440,Amazon India 8440,Entertainment,Pune,Maharashtra,Offline,2025-01-05
MER08441,Swiggy 8441,Travel,Delhi,Delhi,Offline,2021-03-02
MER08442,Reliance Digital 8442,Grocery,Kolkata,West Bengal,Online,2024-08-02
MER08443,Apollo Pharmacy 8443,Fashion,Noida,Uttar Pradesh,Online,2021-09-28
MER08444,BookMyShow 8444,Education,Surat,Gujarat,Online,2022-02-14
MER08445,Flipkart 8445,Utilities,Pune,Maharashtra,Online,2021-06-11
MER08446,Myntra 8446,Automotive,Delhi,Delhi,Offline,2023-05-12
MER08447,MakeMyTrip 8447,Restaurants,Kolkata,West Bengal,Online,2025-06-30
MER08448,BigBasket 8448,Ecommerce,Noida,Uttar Pradesh,Offline,2022-04-12
MER08449,Paytm 8449,Food Delivery,Surat,Gujarat,Online,2025-07-05
MER08450,Amazon India 8450,Electronics,Pune,Maharashtra,Online,2025-04-04
MER08451,Swiggy 8451,Healthcare,Delhi,Delhi,Offline,2022-03-21
MER08452,Reliance Digital 8452,Entertainment,Kolkata,West Bengal,Offline,2025-01-12
MER08453,Apollo Pharmacy 8453,Travel,Noida,Uttar Pradesh,Online,2022-04-16
MER08454,BookMyShow 8454,Grocery,Surat,Gujarat,Offline,2023-12-10
MER08455,Flipkart 8455,Fashion,Pune,Maharashtra,Online,2023-08-08
MER08456,Myntra 8456,Education,Delhi,Delhi,Online,2025-03-07
MER08457,MakeMyTrip 8457,Utilities,Kolkata,West Bengal,Offline,2023-07-11
MER08458,BigBasket 8458,Automotive,Noida,Uttar Pradesh,Online,2022-08-11
MER08459,Paytm 8459,Restaurants,Surat,Gujarat,Offline,2024-04-22
MER08460,Amazon India 8460,Ecommerce,Pune,Maharashtra,Offline,2022-08-07
MER08461,Swiggy 8461,Food Delivery,,Delhi,Online,2021-12-23
MER08462,Reliance Digital 8462,Electronics,Kolkata,West Bengal,Online,2023-10-15
MER08463,Apollo Pharmacy 8463,Healthcare,Noida,Uttar Pradesh,Online,2023-04-03
MER08464,BookMyShow 8464,Entertainment,Surat,Gujarat,Online,2021-09-25
MER08465,Flipkart 8465,Travel,Pune,Maharashtra,Online,2024-07-29
MER08466,Myntra 8466,Grocery,Delhi,Delhi,Online,2021-08-07
MER08467,MakeMyTrip 8467,Fashion,Kolkata,West Bengal,Offline,2022-03-01
MER08468,BigBasket 8468,Education,Noida,Uttar Pradesh,Offline,2025-01-27
MER08469,Paytm 8469,Utilities,Surat,Gujarat,Online,2022-09-30
MER08470,Amazon India 8470,Automotive,Pune,Maharashtra,Online,2024-03-21
MER08471,Swiggy 8471,Restaurants,Delhi,Delhi,Online,2022-09-30
MER08472,Reliance Digital 8472,Ecommerce,Kolkata,West Bengal,Online,2025-04-27
MER08473,Apollo Pharmacy 8473,Food Delivery,,Uttar Pradesh,Offline,2022-07-01
MER08474,BookMyShow 8474,Electronics,Surat,Gujarat,Online,2024-02-04
MER08475,Flipkart 8475,Healthcare,Pune,Maharashtra,Online,2025-05-02
MER08476,Myntra 8476,Entertainment,Delhi,Delhi,Online,2022-04-06
MER08477,MakeMyTrip 8477,Travel,Kolkata,West Bengal,Online,2023-03-27
MER08478,BigBasket 8478,Grocery,Noida,Uttar Pradesh,,2025-11-12
MER08479,Paytm 8479,Fashion,Surat,Gujarat,,2022-05-10
MER08480,Amazon India 8480,Education,Pune,Maharashtra,Online,2025-10-06
MER08481,Swiggy 8481,Utilities,Delhi,Delhi,Online,2025-01-25
MER08482,Reliance Digital 8482,Automotive,Kolkata,West Bengal,Online,2024-04-30
MER08483,Apollo Pharmacy 8483,Restaurants,Noida,Uttar Pradesh,Online,2023-07-12
MER08484,BookMyShow 8484,Ecommerce,Surat,Gujarat,Online,2021-12-24
MER08485,Flipkart 8485,Food Delivery,Pune,Maharashtra,Online,2023-02-16
MER08486,Myntra 8486,Electronics,Delhi,Delhi,Online,2023-08-11
MER08487,MakeMyTrip 8487,Healthcare,Kolkata,West Bengal,unknown,2022-09-02
MER08488,BigBasket 8488,Entertainment, Noida ,Uttar Pradesh,Online,2022-05-24
MER08489,Paytm 8489,Travel,Surat,Gujarat,Online,2023-11-05
MER08490,,Grocery,Pune,Maharashtra,Offline,2024-02-07
MER08491,Swiggy 8491,Fashion,Delhi,Delhi,Online,2024-02-15
MER08492,,,Kolkata,West Bengal,Offline,2021-05-23
MER08493,Apollo Pharmacy 8493,Utilities,Noida,Uttar Pradesh,Online,2024-02-27
MER08494,BookMyShow 8494,Automotive,Surat,Gujarat,Offline,2025-03-20
MER08495,Flipkart 8495,Restaurants,Pune,Maharashtra,Offline,2024-06-22
MER08496,Myntra 8496,Ecommerce,Delhi, Delhi ,Offline,2024-06-03
MER08497,MakeMyTrip 8497,Food Delivery,Kolkata,West Bengal,Online,2021-03-23
MER08498,BigBasket 8498,Electronics,Noida,Uttar Pradesh,Offline,2021-01-01
MER08499,Paytm 8499,Healthcare,Surat,Gujarat,Online,2024-10-05
MER08500,Amazon India 8500,Entertainment,Pune,Maharashtra,Offline,2022-10-03
MER08501,Swiggy 8501,Travel,Delhi,Delhi,Offline,2022-10-31
MER08502,Reliance Digital 8502,Grocery,Kolkata,West Bengal,Online,2023-11-06
MER08503,Apollo Pharmacy 8503,Fashion,Noida,Uttar Pradesh,Offline,2023-10-10
MER08504,BookMyShow 8504,Education,Surat,Gujarat,Offline,2022-07-18
MER08505,Flipkart 8505,Utilities,Pune,Maharashtra,Online,2024-12-17
MER08506,,Automotive,Delhi,Delhi,Offline,
MER08507,MakeMyTrip 8507,Restaurants,Kolkata,West Bengal,Offline,2024-11-05
MER08508,BigBasket 8508,Ecommerce,Noida,Uttar Pradesh,Online,2021-07-16
MER08509,Paytm 8509,Food Delivery,Surat,Gujarat,Offline,2023-03-17
MER08510,Amazon India 8510,Electronics,Pune,Maharashtra,Online,2021-01-13
MER08511,Swiggy 8511,Healthcare,Delhi,Delhi,Online,2023-09-23
MER08512,Reliance Digital 8512,Entertainment,Kolkata,West Bengal,Offline,2021-05-01
MER08513,Apollo Pharmacy 8513,Travel,Noida,Uttar Pradesh,Online,2022-01-23
MER08514,BookMyShow 8514,Grocery,Surat,Gujarat,Online,2025-11-17
MER08515,Flipkart 8515,Fashion,Pune,Maharashtra,Offline,2024-08-14
MER08516,Myntra 8516,Education,Delhi,Delhi,Online,2022-04-21
MER08517,MakeMyTrip 8517,Utilities,Kolkata,West Bengal,Online,2023-04-13
MER08518,BigBasket 8518,Automotive,NOIDA,Uttar Pradesh,Online,2021-01-22
MER08519,Paytm 8519,Restaurants,Surat,Gujarat,Offline,2024-02-21
MER08520,Amazon India 8520,Ecommerce,Pune,Maharashtra,Offline,2024-05-26
MER08521,Swiggy 8521,Food Delivery,Delhi,Delhi,Offline,2023-10-20
MER08522,Reliance Digital 8522,Electronics,Kolkata,West Bengal,Offline,2023-12-08
MER08523,Apollo Pharmacy 8523,Healthcare,Noida,Uttar Pradesh,Offline,2022-05-28
MER08524,BookMyShow 8524,Entertainment,Surat,Gujarat,Online,2021-10-09
MER08525,Flipkart 8525,Travel,Pune,Maharashtra,Offline,2023-08-25
MER08526,Myntra 8526,Grocery,Delhi,Delhi,Online,2025-11-17
MER08527,MakeMyTrip 8527,Fashion,Kolkata,West Bengal,Online,2021-06-26
MER08528,BigBasket 8528,,Noida,Uttar Pradesh,Offline,
MER08529,Paytm 8529,Utilities,Surat,Gujarat,Online,2024-11-15
MER08530,Amazon India 8530,Automotive,Pune,Maharashtra,Offline,2025-08-05
MER08531,Swiggy 8531,Restaurants,Delhi,Delhi,Online,2021-08-15
MER08532,Reliance Digital 8532,Ecommerce,Kolkata,West Bengal,Offline,2021-12-11
MER08533,Apollo Pharmacy 8533,Food Delivery,Noida,Uttar Pradesh,Offline,2021-06-04
MER08534,BookMyShow 8534,Electronics,Surat,Gujarat,Online,2023-06-30
MER08535,Flipkart 8535,Healthcare,Pune,Maharashtra,Online,2022-06-23
MER08536,Myntra 8536,Entertainment,Delhi,Delhi,Online,2024-03-19
MER08537,MakeMyTrip 8537,Travel,Kolkata,West Bengal,Offline,2023-10-19
MER08538,BigBasket 8538,Grocery,Noida,Uttar Pradesh,Online,2022-09-11
MER08539,Paytm 8539,Fashion,Surat,Gujarat,Online,2023-02-14
MER08540,Amazon India 8540,Education,Pune,Maharashtra,Offline,2023-11-12
MER08541,Swiggy 8541,Utilities,DELHI,Delhi,Online,2023-11-05
MER08542,Reliance Digital 8542,Automotive,Kolkata,West Bengal,Online,2021-08-23
MER08543,Apollo Pharmacy 8543,Restaurants,Noida,uttar pradesh,Online,2025-08-25
MER08544,BookMyShow 8544,Ecommerce,Surat,Gujarat,Online,2025-09-27
MER08545,Flipkart 8545,Food Delivery,Pune,Maharashtra,Offline,2023-10-30
MER08546,Myntra 8546,Electronics,Delhi,Delhi,Online,2022-06-16
MER08547,MakeMyTrip 8547,Healthcare,Kolkata,West Bengal,Online,2023-05-07
MER08548,BigBasket 8548,Entertainment,Noida,Uttar Pradesh,Online,2023-03-18
,Paytm 8549,Travel,,Gujarat,Offline,2024-04-19
MER08550,Amazon India 8550,Grocery,Pune,Maharashtra,Online,2024-11-26
MER08551,Swiggy 8551,Fashion,Delhi,Delhi,Offline,2023-12-10
MER08552,Reliance Digital 8552,Education,Kolkata,West Bengal,Online,2024-11-12
MER08553,Apollo Pharmacy 8553,Utilities,Noida,Uttar Pradesh,Offline,2025-07-15
,BookMyShow 8554,Automotive,Surat,Gujarat,Online,2022-08-01
MER08555,Flipkart 8555,Restaurants,Pune,Maharashtra,Online,2021-01-30
MER08556,Myntra 8556,Ecommerce,Delhi,Delhi,Online,2023-08-13
MER08557,MakeMyTrip 8557,Food Delivery,Kolkata,West Bengal,Online,2021-09-21
MER08558,BigBasket 8558,Electronics,Noida,Uttar Pradesh,Offline,2021-03-21
MER08559,Paytm 8559,Healthcare,Surat,Gujarat,Offline,2024-12-07
MER08560,Amazon India 8560,Entertainment,Pune,Maharashtra,Online,2025-11-16
MER08561,Swiggy 8561,Travel,Delhi,Delhi,Online,2024-03-18
MER08562,Reliance Digital 8562,Grocery,Kolkata,West Bengal,Offline,2023-07-13
MER08563,Apollo Pharmacy 8563,Fashion,Noida,Uttar Pradesh,Online,2022-11-05
MER08564,BookMyShow 8564,Education,Surat,Gujarat,Offline,2025-06-16
MER08565,Flipkart 8565,Utilities,Pune,Maharashtra,Online,2023-07-17
MER08566,Myntra 8566,Automotive,Delhi,Delhi,Offline,2025-11-16
MER08567,MakeMyTrip 8567,Restaurants,Kolkata,West Bengal,Online,2022-12-01
MER08568,BigBasket 8568,Ecommerce,Noida,Uttar Pradesh,Offline,2023-02-14
MER08569,Paytm 8569,Food Delivery,Surat,Gujarat,Online,2022-07-03
MER08570,Amazon India 8570,Electronics,Pune,Maharashtra,,2024-04-19
MER08571,Swiggy 8571,Healthcare,Delhi,Delhi,Online,2022-05-06
MER08572,Reliance Digital 8572,Entertainment,Kolkata,West Bengal,Online,2021-05-18
MER08573,Apollo Pharmacy 8573,Travel,Noida,Uttar Pradesh,Online,2021-04-13
MER08574,BookMyShow 8574,Grocery,Surat,Gujarat,Offline,2024-05-13
MER08575,Flipkart 8575,Fashion,Pune,Maharashtra,Online,2023-08-11
MER08576,Myntra 8576,Education,Delhi,Delhi,Offline,2021-04-21
MER08577,MakeMyTrip 8577,Utilities,Kolkata,West Bengal,Offline,2025-11-10
MER08578,BigBasket 8578,Automotive,Noida,Uttar Pradesh,Online,2023-10-06
MER08579,Paytm 8579,Restaurants,Surat,Gujarat,Offline,2022-04-26
MER08580,Amazon India 8580,Ecommerce,Pune,Maharashtra,Online,2021-11-21
MER08581,Swiggy 8581,Food Delivery,,Delhi,Online,2025-10-19
MER08582,Reliance Digital 8582,Electronics,Kolkata,West Bengal,Offline,2023-10-10
MER08583,Apollo Pharmacy 8583,Healthcare,Noida,Uttar Pradesh,Online,2022-11-14
MER08584,BookMyShow 8584,Entertainment,Surat, Gujarat ,Offline,
MER08585,Flipkart 8585,Travel,Pune,Maharashtra,Online,2025-01-07
MER08586,Myntra 8586,Grocery,Delhi,Delhi,Online,2021-12-03
MER08587,,Fashion,Kolkata,West Bengal,Online,2021-01-24
MER08588,BigBasket 8588,Education,Noida,Uttar Pradesh,Online,2021-03-04
MER08589,Paytm 8589,Utilities,Surat,gujarat,Online,2023-07-29
MER08590,Amazon India 8590,Automotive,Pune,Maharashtra,Online,2025-06-25
MER08591,Swiggy 8591,Restaurants,Delhi,Delhi,Online,2024-02-22
MER08592,Reliance Digital 8592,Ecommerce,Kolkata,West Bengal,Online,2021-03-18
MER08593,Apollo Pharmacy 8593,Food Delivery,Noida,Uttar Pradesh,Online,
MER08594,BookMyShow 8594,Electronics,Surat,Gujarat,Online,2023-07-14
MER08595,Flipkart 8595,Healthcare,Pune,Maharashtra,Online,
MER08596,Myntra 8596,Entertainment,Delhi,Delhi,Online,2021-11-14
MER08597,MakeMyTrip 8597,Travel,Kolkata,West Bengal,Online,2021-09-12
MER07866,Myntra 7866,Grocery,Delhi,Delhi,Online,2023-02-20
MER08599,Paytm 8599,Fashion,Surat,Gujarat,Online,2021-09-02
MER08600,Amazon India 8600,Education,Pune,Maharashtra,Online,2021-03-14
MER08601,Swiggy 8601,Utilities,Delhi,,Offline,2024-11-30
MER08602,Reliance Digital 8602,Automotive,Kolkata,West Bengal,Offline,2024-05-27
MER08603,Apollo Pharmacy 8603,Restaurants,Noida,Uttar Pradesh,Online,2024-05-02
MER08604,BookMyShow 8604,Ecommerce,Surat,Gujarat,Online,2021-08-17
MER08605,Flipkart 8605,Food Delivery,Pune,Maharashtra,Offline,2021-12-03
MER08606,,Electronics,Delhi,Delhi,Online,2024-11-11
MER08607,MakeMyTrip 8607,Healthcare,Kolkata,West Bengal,Offline,2025-01-11
MER08608,BigBasket 8608,Entertainment,Noida,Uttar Pradesh,Online,2025-06-10
MER08609,Paytm 8609,Travel,Surat,Gujarat,Online,2021-07-05
MER08610,Amazon India 8610,Grocery,Pune,Maharashtra,Offline,2023-06-05
MER08611,Swiggy 8611,,Delhi,Delhi,Online,2022-10-06
MER08612,Reliance Digital 8612,Education,Kolkata,West Bengal,Offline,2024-05-30
MER08613,Apollo Pharmacy 8613,Utilities,Noida,Uttar Pradesh,Offline,2023-09-16
MER08614,BookMyShow 8614,Automotive,Surat,Gujarat,Online,2022-04-25
MER08615,Flipkart 8615,Restaurants,Pune,Maharashtra,Offline,2023-02-26
,Myntra 8616,Ecommerce,Delhi,Delhi,Online,2024-06-18
MER08617,MakeMyTrip 8617,Food Delivery,Kolkata,West Bengal,Offline,2024-04-09
MER08618,BigBasket 8618,Electronics,Noida,Uttar Pradesh,Online,2023-02-05
MER08619,Paytm 8619,Healthcare,Surat,,Online,2025-07-01
MER08620,Amazon India 8620,Entertainment,Pune,Maharashtra,Offline,2025-09-27
MER08621,,Travel,Delhi,Delhi,Online,2024-11-06
MER08622,Reliance Digital 8622,Grocery,Kolkata,West Bengal,Online,2021-09-07
MER08623,Apollo Pharmacy 8623,Fashion,Noida,Uttar Pradesh,Online,2022-03-12
MER08624,BookMyShow 8624,Education,Surat,Gujarat,Offline,2025-09-08
MER08625,Flipkart 8625,Utilities,Pune,Maharashtra,Online,2023-04-03
MER08626,Myntra 8626,Automotive,Delhi,Delhi,Online,2022-03-08
MER08627,MakeMyTrip 8627,Restaurants,Kolkata,West Bengal,,2025-04-01
MER08628,BigBasket 8628,Ecommerce,Noida,Uttar Pradesh,Online,2023-10-27
MER08629,Paytm 8629,Food Delivery,Surat,Gujarat,Online,2022-09-02
MER08630,Amazon India 8630,Electronics,Pune,Maharashtra,Online,2023-11-15
MER08631,Swiggy 8631,Healthcare,Delhi,Delhi,Offline,2024-08-15
MER08632,Reliance Digital 8632,Entertainment,Kolkata,West Bengal,Online,2025-03-23
MER08633,Apollo Pharmacy 8633,Travel,Noida,Uttar Pradesh,Online,2022-02-28
MER08634,BookMyShow 8634,Grocery,Surat,Gujarat,Offline,2021-02-26
MER08635,Flipkart 8635,Fashion,Pune,Maharashtra,Offline,2025-09-13
MER08636,Myntra 8636,Education,Delhi,Delhi,Online,2024-02-21
MER08637,MakeMyTrip 8637,Utilities, Kolkata ,West Bengal,Online,2023-01-02
MER08638,BigBasket 8638,Automotive,Noida,Uttar Pradesh,Online,2022-08-08
MER08639,Paytm 8639,Restaurants,Surat,Gujarat,Online,2025-07-17
MER08640,Amazon India 8640,Ecommerce,Pune,Maharashtra,Online,2021-11-29
MER08641,Swiggy 8641,Food Delivery,Delhi,Delhi,,2021-03-05
MER08642,Reliance Digital 8642,Electronics,Kolkata,West Bengal,,2024-02-18
MER08643,Apollo Pharmacy 8643,Healthcare,Noida,Uttar Pradesh,Online,2021-10-02
MER08644,BookMyShow 8644,Entertainment,Surat,Gujarat,Online,2021-12-20
MER08645,Flipkart 8645,Travel,Pune,Maharashtra,Online,2024-08-17
MER08646,Myntra 8646,Grocery,Delhi,Delhi,Offline,2023-04-30
MER08647,MakeMyTrip 8647,Fashion,Kolkata,West Bengal,Offline,2024-07-23
MER08648,BigBasket 8648,Education,Noida,Uttar Pradesh,Online,2024-09-25
MER08649,Paytm 8649,Utilities,Surat,Gujarat,Online,2023-06-03
MER08650,Amazon India 8650,Automotive,Pune,Maharashtra,Online,2022-08-09
MER08651,Swiggy 8651,Restaurants,Delhi,Delhi,Online,2021-12-04
MER08652,Reliance Digital 8652,Ecommerce,Kolkata,West Bengal,Offline,2023-03-19
MER08653,Apollo Pharmacy 8653,Food Delivery,Noida,Uttar Pradesh,Online,2021-07-05
MER08654,BookMyShow 8654,Electronics,Surat,Gujarat,Online,2021-07-27
MER08655,Flipkart 8655,Healthcare,Pune,Maharashtra,Offline,2021-11-21
MER08656,Myntra 8656,Entertainment,Delhi,Delhi,Online,2025-09-29
MER08657,MakeMyTrip 8657,Travel,Kolkata,West Bengal,Online,2024-04-07
MER08658,BigBasket 8658,Grocery,Noida,Uttar Pradesh,Offline,2022-03-19
MER08659,Paytm 8659,Fashion,Surat,Gujarat,Online,2021-06-16
MER08660,Amazon India 8660,Education,Pune,Maharashtra,Online,2021-11-22
MER08661,Swiggy 8661,Utilities,Delhi,Delhi,Online,2024-03-19
MER08662,Reliance Digital 8662,Automotive,Kolkata,West Bengal,Online,2022-10-30
MER08663,Apollo Pharmacy 8663,Restaurants,Noida,Uttar Pradesh,Online,2024-01-28
MER08664,BookMyShow 8664,Ecommerce,Surat,Gujarat,Online,2023-12-16
MER08665,Flipkart 8665,Food Delivery,Pune,Maharashtra,Online,2022-11-07
MER08666,Myntra 8666,Electronics,Delhi,Delhi,Online,2022-05-30
MER08667,MakeMyTrip 8667,Healthcare,Kolkata,West Bengal,Online,2022-12-13
MER08668,BigBasket 8668,Entertainment,Noida,Uttar Pradesh,Online,
MER08669,Paytm 8669,Travel,Surat,Gujarat,Online,2023-09-24
MER08670,Amazon India 8670,Grocery,Pune,Maharashtra,Online,2021-03-31
MER08671,Swiggy 8671,Fashion,Delhi,Delhi,Online,2022-12-23
MER08672,Reliance Digital 8672,Education,Kolkata,West Bengal,Offline,2021-02-16
MER08673,Apollo Pharmacy 8673,Utilities,,Uttar Pradesh,Online,2024-04-08
MER08674,BookMyShow 8674,Automotive,Surat,Gujarat,Online,2022-01-30
MER08675,Flipkart 8675,Restaurants,Pune,Maharashtra,Online,2024-12-14
MER08676,Myntra 8676,Ecommerce,Delhi,Delhi,Online,2023-09-21
MER08677,MakeMyTrip 8677,Food Delivery,Kolkata,West Bengal,Online,2025-05-14
MER08678,BigBasket 8678,Electronics,Noida,Uttar Pradesh,online,2025-07-28
MER08679,Paytm 8679,Healthcare,Surat,Gujarat,Online,2025-10-04
MER08680,Amazon India 8680,Entertainment,Pune,Maharashtra,Offline,2022-01-31
MER08681,Swiggy 8681,Travel,Delhi,Delhi,Offline,2025-10-15
MER08682,,Grocery,Kolkata,West Bengal,Offline,2021-12-28
MER08683,Apollo Pharmacy 8683,Fashion,Noida,Uttar Pradesh,Online,2024-02-29
MER08684,BookMyShow 8684,Education,Surat,Gujarat,Offline,2025-04-15
MER08685,Flipkart 8685,,Pune,Maharashtra,Offline,2024-09-08
MER08686,Myntra 8686,Automotive,Delhi,Delhi,Online,2024-11-08
MER08687,MakeMyTrip 8687,Restaurants,Kolkata,West Bengal,Offline,2023-12-18
MER08688,BigBasket 8688,Ecommerce,Noida,Uttar Pradesh,Offline,2022-04-08
MER08689,Paytm 8689,Food Delivery,Surat,Gujarat,Online,2021-08-20
MER08690,Amazon India 8690,Electronics,Pune,Maharashtra,Online,2023-02-15
MER08691,Swiggy 8691,Healthcare,Delhi,Delhi,Online,2023-11-20
MER08692,Reliance Digital 8692,Entertainment,Kolkata,West Bengal,Offline,2022-06-30
MER08693,Apollo Pharmacy 8693,Travel,Noida,Uttar Pradesh,Online,2021-02-21
MER08694,BookMyShow 8694,Grocery,Surat,Gujarat,Offline,2022-08-07
MER08695,Flipkart 8695,Fashion,Pune,Maharashtra,Offline,2021-04-16
MER07654,BookMyShow 7654,Automotive,Surat,Gujarat,Online,2024-04-04
MER08697,MakeMyTrip 8697,Utilities,,West Bengal,Online,2024-04-06
MER08698,BigBasket 8698,Automotive,Noida,Uttar Pradesh,Offline,2021-11-10
MER08699,Paytm 8699,Restaurants,Surat,Gujarat,Offline,2021-04-16
MER08700,Amazon India 8700,Ecommerce,Pune,,Online,2025-03-22
MER08701,Swiggy 8701,Food Delivery,Delhi,Delhi,Online,2021-07-29
MER08702,Reliance Digital 8702,Electronics,Kolkata,West Bengal,Online,2021-03-18
MER08703,Apollo Pharmacy 8703,Healthcare,Noida,Uttar Pradesh,Online,2022-03-11
MER08704,BookMyShow 8704,Entertainment,Surat,Gujarat,Online,2024-08-21
MER08705,Flipkart 8705,Travel,Pune,Maharashtra,,2025-05-08
MER08706,Myntra 8706,Grocery,Delhi,Delhi,Online,2024-01-20
MER08707,MakeMyTrip 8707,Fashion,Kolkata,West Bengal,Online,2021-11-13
MER08708,BigBasket 8708,Education,Noida,Uttar Pradesh,Offline,2024-06-04
MER08709,Paytm 8709,Utilities,Surat,Gujarat,Online,2025-10-22
MER08710,Amazon India 8710,Automotive,Pune,Maharashtra,Online,2024-12-13
MER08711,Swiggy 8711,Restaurants,Delhi,Delhi,Offline,2021-05-22
MER08712,Reliance Digital 8712,Ecommerce,Kolkata,West Bengal,Online,2021-12-10
MER08713,Apollo Pharmacy 8713,Food Delivery,Noida,Uttar Pradesh,Online,2023-07-08
MER08714,,Electronics,Surat,Gujarat,Offline,2021-11-06
MER08715,Flipkart 8715,Healthcare,Pune,Maharashtra,Online,2022-12-04
,Myntra 8716,Entertainment,Delhi,Delhi,online,2025-11-14
MER08717,MakeMyTrip 8717,Travel,Kolkata,West Bengal,Offline,2021-12-05
MER08718,BigBasket 8718,Grocery,Noida,Uttar Pradesh,Offline,2024-05-04
MER08719,Paytm 8719,Fashion,Surat,Gujarat,Online,2024-05-06
MER08720,Amazon India 8720,Education,Pune,Maharashtra,Online,2023-02-06
MER08721,,Utilities,Delhi,Delhi,Online,2022-03-25
MER08722,Reliance Digital 8722,Automotive,Kolkata, West Bengal ,Offline,2023-06-22
MER08723,Apollo Pharmacy 8723,Restaurants,Noida,Uttar Pradesh,Online,2025-01-19
MER08724,BookMyShow 8724,Ecommerce,Surat,Gujarat,Online,2022-03-31
MER08725,Flipkart 8725,Food Delivery,Pune,Maharashtra,Online,2022-02-22
MER08726,Myntra 8726,Electronics,Delhi,Delhi,Offline,2024-12-01
MER08727,MakeMyTrip 8727,Healthcare,Kolkata,West Bengal,Online,2024-02-01
MER08728,BigBasket 8728,Entertainment,Noida,Uttar Pradesh,,2022-08-17
MER00664,BookMyShow 664,Entertainment,Surat,Gujarat,Online,2023-08-02
MER08730,Amazon India 8730,Grocery,Pune,Maharashtra,Offline,2021-09-22
MER08731,,Fashion,Delhi,Delhi,Online,2025-11-14
MER08732,Reliance Digital 8732,Education,Kolkata,West Bengal,Online,2023-12-13
MER08733,Apollo Pharmacy 8733,Utilities,Noida,Uttar Pradesh,Online,2021-03-09
MER08734,BookMyShow 8734,Automotive,Surat,Gujarat,Online,2025-03-11
MER08735,Flipkart 8735,Restaurants,Pune,Maharashtra,Online,2022-10-16
MER08736,Myntra 8736,Ecommerce,Delhi,Delhi,Online,2025-07-24
MER08737,MakeMyTrip 8737,Food Delivery,Kolkata,West Bengal,Offline,2021-04-10
MER08738,BigBasket 8738,Electronics,Noida,Uttar Pradesh,Offline,2022-11-21
MER08739,Paytm 8739,Healthcare,Surat,Gujarat,Online,2022-11-15
MER08740,Amazon India 8740,Entertainment,Pune,Maharashtra,Offline,2023-12-06
MER08741,Swiggy 8741,Travel,Delhi,Delhi,Offline,2021-11-10
MER08742,Reliance Digital 8742,Grocery,Kolkata,West Bengal,Online,2023-11-30
MER08743,Apollo Pharmacy 8743,Fashion,Noida,Uttar Pradesh,Online,2024-01-24
MER08744,BookMyShow 8744,Education,Surat,Gujarat,Offline,2023-10-09
MER08745,Flipkart 8745,Utilities,Pune,Maharashtra,Offline,2024-08-04
MER08746,Myntra 8746,Automotive,delhi,Delhi,Online,2024-01-10
MER08747,MakeMyTrip 8747,Restaurants,Kolkata,West Bengal,Offline,2023-04-13
MER08748,BigBasket 8748,Ecommerce,Noida,Uttar Pradesh,Online,2024-05-27
MER08749,Paytm 8749,Food Delivery,Surat,Gujarat,Online,2024-07-02
MER08750,Amazon India 8750,Electronics,Pune,Maharashtra,Offline,2024-10-22
MER08751,Swiggy 8751,Healthcare,Delhi,Delhi,Offline,2022-04-25
MER08752,Reliance Digital 8752,Entertainment,Kolkata,West Bengal,Online,2021-10-22
MER08753,Apollo Pharmacy 8753,Travel,Noida,Uttar Pradesh,Offline,2021-09-21
MER08754,BookMyShow 8754,Grocery,Surat,Gujarat,Online,2021-11-25
MER08755,Flipkart 8755,Fashion,Pune,Maharashtra,Online,2025-09-05
MER08756,Myntra 8756,Education,Delhi,Delhi,Online,2025-08-13
MER03990,Amazon India 3990,Grocery,Pune,Maharashtra,Online,2023-05-27
MER08758,BigBasket 8758,Automotive,Noida,Uttar Pradesh, Online ,2021-02-20
MER08759,Paytm 8759,Restaurants,Surat,Gujarat,Online,2024-08-25
MER08760,Amazon India 8760,Ecommerce,Pune,Maharashtra,Online,
MER08761,Swiggy 8761,Food Delivery,Delhi,Delhi,Offline,2021-06-13
MER08762,Reliance Digital 8762,Electronics,Kolkata,West Bengal,Online,2023-01-02
MER08763,Apollo Pharmacy 8763,Healthcare,Noida,Uttar Pradesh,Online,2021-10-12
MER08764,BookMyShow 8764,Entertainment,Surat,Gujarat,Offline,2023-12-11
MER08765,Flipkart 8765,,Pune,Maharashtra,Offline,2021-07-19
MER08766,Myntra 8766,Grocery,Delhi,Delhi,Online,2022-04-03
MER08767,MakeMyTrip 8767,Fashion,, West Bengal ,Online,2022-10-05
MER08768,BigBasket 8768,Education,Noida,Uttar Pradesh,Offline,2025-01-08
MER08769,Paytm 8769,Utilities,Surat,Gujarat,Online,2021-09-18
MER08770,Amazon India 8770,Automotive,Pune,Maharashtra,Online,2025-09-11
MER08771,,Restaurants,Delhi,Delhi,Online,2024-06-02
MER08772,Reliance Digital 8772,Ecommerce,Kolkata,West Bengal,Online,2022-07-08
MER08773,Apollo Pharmacy 8773,Food Delivery,Noida,Uttar Pradesh,Online,2023-07-15
MER08774,BookMyShow 8774,Electronics,Surat,Gujarat,Online,2024-03-31
MER02870,Amazon India 2870,Electronics,Pune,Maharashtra,Online,2024-03-31
MER08776,Myntra 8776,Entertainment,Delhi,Delhi,Online,2023-01-13
MER08777,MakeMyTrip 8777,Travel,Kolkata,West Bengal,Online,2022-07-01
MER08778,BigBasket 8778,Grocery,Noida,Uttar Pradesh,Online,2021-10-17
MER08779,Paytm 8779,Fashion,Surat,Gujarat,Online,2024-08-28
MER08780,Amazon India 8780,Education,Pune,Maharashtra,Online,2021-05-21
MER08781,Swiggy 8781,,Delhi,Delhi,Online,2025-01-22
MER08782,Reliance Digital 8782,Automotive,Kolkata,West Bengal,Online,2021-10-09
MER08783,Apollo Pharmacy 8783,Restaurants,Noida,Uttar Pradesh,Offline,2023-11-02
MER08784,BookMyShow 8784,Ecommerce,Surat,Gujarat,Online,2021-06-08
MER08785,Flipkart 8785,Food Delivery,Pune,Maharashtra,Online,2025-11-27
MER08786,Myntra 8786,Electronics,Delhi,Delhi,Online,2024-10-09
MER08787,MakeMyTrip 8787,Healthcare,Kolkata,West Bengal,Online,2024-04-24
MER08788,BigBasket 8788,Entertainment,Noida,Uttar Pradesh,Offline,2024-10-18
MER08789,Paytm 8789,Travel,Surat,Gujarat,Offline,2021-08-26
MER08790,Amazon India 8790,Grocery,Pune,Maharashtra,Online,2023-04-16
MER08791,Swiggy 8791,Fashion,Delhi,Delhi,unknown,2022-11-24
MER08792,Reliance Digital 8792,Education,,West Bengal,Online,2024-03-03
MER08793,Apollo Pharmacy 8793,Utilities,Noida,Uttar Pradesh,Offline,2024-05-13
MER08794,BookMyShow 8794,Automotive,Surat,Gujarat,,2025-11-17
MER08795,Flipkart 8795,Restaurants,Pune,Maharashtra,Online,2021-12-19
MER08796,Myntra 8796,Ecommerce,Delhi,Delhi,Online,2021-10-11
MER08797,MakeMyTrip 8797,Food Delivery,Kolkata,West Bengal,Offline,2024-11-13
MER08798,BigBasket 8798,Electronics,Noida,Uttar Pradesh,Online,2023-09-25
MER08799,Paytm 8799,Healthcare,Surat,Gujarat,Offline,2021-07-28
MER08800,Amazon India 8800,Entertainment,Pune,Maharashtra,Offline,2024-02-03
MER08801,Swiggy 8801,Travel,Delhi,Delhi,Online,2025-06-25
MER08802,Reliance Digital 8802,Grocery,Kolkata,West Bengal,Offline,2021-03-06
MER08803,Apollo Pharmacy 8803,Fashion,Noida,Uttar Pradesh,Online,2024-05-10
MER08804,BookMyShow 8804,Education,Surat,Gujarat,Online,2025-04-23
MER08805,Flipkart 8805,Utilities,Pune,Maharashtra,Online,2022-02-05
MER08806,Myntra 8806,Automotive,Delhi,Delhi,Offline,
MER08807,MakeMyTrip 8807,Restaurants,Kolkata,West Bengal,Online,2022-05-08
MER08808,BigBasket 8808,Ecommerce,Noida,Uttar Pradesh,Offline,2021-02-18
MER08809,Paytm 8809,Food Delivery,Surat,Gujarat,Online,2021-03-19
MER08810,Amazon India 8810,Electronics,Pune,Maharashtra,Online,2022-08-29
MER08811,Swiggy 8811,Healthcare,Delhi,Delhi,Online,2022-11-24
MER08812,Reliance Digital 8812,Entertainment,Kolkata,West Bengal,Online,2023-05-21
MER08813,Apollo Pharmacy 8813,Travel,Noida,Uttar Pradesh,Online,2021-01-01
MER09766,Myntra 9766,Automotive,Delhi,Delhi,Online,2021-05-18
MER08815,Flipkart 8815,Fashion,Pune,Maharashtra,Online,2022-02-12
MER08816,Myntra 8816,Education,Delhi,delhi,Online,2022-10-20
MER08817,MakeMyTrip 8817,Utilities,Kolkata,West Bengal,Offline,2023-11-26
MER08818,BigBasket 8818,Automotive,Noida,Uttar Pradesh,Offline,2021-12-21
MER08819,Paytm 8819,Restaurants,Surat,Gujarat,Online,2024-04-22
MER08820,Amazon India 8820,Ecommerce,Pune,,Online,2023-10-26
MER08821,Swiggy 8821,Food Delivery,Delhi,Delhi,Offline,2024-05-05
MER08822,Reliance Digital 8822,Electronics,Kolkata,West Bengal,Online,2024-10-19
MER08823,Apollo Pharmacy 8823,Healthcare,Noida,Uttar Pradesh,Online,2025-05-15
MER08824,BookMyShow 8824,Entertainment,surat,Gujarat,Online,2022-09-13
MER08825,Flipkart 8825,Travel,Pune,Maharashtra,Offline,2022-03-11
MER08826,Myntra 8826,Grocery,Delhi,Delhi,Online,2023-03-02
,MakeMyTrip 8827,Fashion,Kolkata,West Bengal,Online,2025-05-15
MER08828,BigBasket 8828,Education,Noida,Uttar Pradesh,Online,2023-04-19
MER08829,Paytm 8829,Utilities,Surat,Gujarat,Online,2023-04-09
MER08830,Amazon India 8830,Automotive,Pune,Maharashtra,Online,2024-09-14
MER08831,Swiggy 8831,Restaurants,Delhi,Delhi,Online,2023-10-20
MER08832,Reliance Digital 8832,Ecommerce,Kolkata,West Bengal,Online,2024-07-01
,Apollo Pharmacy 8833,Food Delivery,Noida,Uttar Pradesh,Online,2024-08-24
MER08834,BookMyShow 8834,Electronics,Surat,Gujarat,Offline,2025-03-31
MER08835,Flipkart 8835,Healthcare,Pune,Maharashtra,Online,2023-03-01
MER08836,Myntra 8836,Entertainment,Delhi,Delhi,Offline,2023-08-17
MER08837,MakeMyTrip 8837,Travel,Kolkata,West Bengal,Offline,2025-09-16
MER08838,BigBasket 8838,Grocery,Noida,Uttar Pradesh,Online,2025-08-11
MER08839,Paytm 8839,Fashion,Surat,Gujarat,Online,2025-02-20
MER08840,Amazon India 8840,Education,Pune,Maharashtra,Online,2024-04-03
MER08841,Swiggy 8841,Utilities,Delhi,Delhi,Offline,2025-06-16
MER08842,Reliance Digital 8842,Automotive,Kolkata,West Bengal,Offline,2021-07-04
MER08843,Apollo Pharmacy 8843,Restaurants,Noida,Uttar Pradesh,Online,2025-01-30
MER08844,BookMyShow 8844,Ecommerce,Surat,Gujarat,,2024-02-20
MER08845,Flipkart 8845,Food Delivery,Pune,Maharashtra,Offline,2021-11-16
MER08846,Myntra 8846,Electronics,Delhi,Delhi,Online,2021-06-16
MER08847,MakeMyTrip 8847,Healthcare,Kolkata,West Bengal,Offline,2023-01-28
MER08848,BigBasket 8848,Entertainment,Noida,Uttar Pradesh,Online,2021-07-10
MER08849,Paytm 8849,Travel,Surat,Gujarat,Online,2024-10-28
MER08850,Amazon India 8850,Grocery,Pune,Maharashtra,Online,2022-09-02
MER08851,Swiggy 8851,Fashion,Delhi,Delhi,Offline,2021-11-20
MER08852,Reliance Digital 8852,Education,Kolkata,West Bengal,Online,2021-05-09
MER03697,MakeMyTrip 3697,Food Delivery,Kolkata,West Bengal,Online,2024-09-20
MER08854,BookMyShow 8854,Automotive,Surat,Gujarat,Offline,2024-12-03
MER08855,Flipkart 8855,Restaurants,Pune,Maharashtra,Online,2025-06-13
MER08856,Myntra 8856,Ecommerce,Delhi,Delhi,Online,2025-06-23
MER08857,MakeMyTrip 8857,Food Delivery,Kolkata,West Bengal,Online,2025-01-16
MER08858,BigBasket 8858,Electronics,Noida,Uttar Pradesh,Online,2022-05-02
MER09121,Swiggy 9121,Food Delivery,Delhi,Delhi,Online,2023-07-28
MER08860,Amazon India 8860,Entertainment,Pune,Maharashtra,Online,2024-12-13
MER08861,Swiggy 8861,Travel,Delhi,Delhi,Offline,2025-10-23
MER08862,Reliance Digital 8862,Grocery,Kolkata,West Bengal,Offline,2025-03-27
MER08863,Apollo Pharmacy 8863,Fashion,Noida,Uttar Pradesh,Online,2021-09-15
MER08864,BookMyShow 8864,Education,Surat, Gujarat ,Online,2023-11-29
MER08865,Flipkart 8865,Utilities,Pune,Maharashtra,Online,2024-04-10
MER08866,Myntra 8866,Automotive,Delhi,Delhi,Offline,2025-06-05
MER08867,MakeMyTrip 8867,Restaurants,Kolkata,West Bengal,Online,2024-11-08
MER08868,BigBasket 8868,Ecommerce,Noida,Uttar Pradesh,Online,2024-01-31
MER08869,,Food Delivery,Surat,Gujarat,Online,2023-05-06
MER08870,Amazon India 8870,Electronics,Pune,Maharashtra,Online,2022-02-01
MER08871,Swiggy 8871,Healthcare,Delhi,Delhi,Offline,2023-10-08
MER08872,Reliance Digital 8872,Entertainment,Kolkata,West Bengal,Offline,2025-07-21
MER08873,Apollo Pharmacy 8873,Travel,Noida,Uttar Pradesh,Offline,2025-07-20
MER08874,BookMyShow 8874,Grocery,Surat,Gujarat,Online,2022-10-09
MER08875,Flipkart 8875,Fashion,Pune,Maharashtra,,2023-08-08
MER08876,Myntra 8876,Education,Delhi,Delhi,Online,2025-11-12
MER08877,MakeMyTrip 8877,Utilities,Kolkata,West Bengal,Offline,2025-08-04
MER08878,BigBasket 8878,Automotive,Noida,Uttar Pradesh,Offline,2023-12-19
MER08879,Paytm 8879,Restaurants,Surat, Gujarat ,Online,
MER08880,,Ecommerce,Pune,Maharashtra,Offline,2021-05-27
MER08881,Swiggy 8881,Food Delivery,Delhi,Delhi,Online,2022-07-06
MER08882,Reliance Digital 8882,Electronics,Kolkata,West Bengal,Online,2025-10-14
MER08883,Apollo Pharmacy 8883,Healthcare,Noida,Uttar Pradesh,Online,2022-04-13
MER08884,BookMyShow 8884,Entertainment,Surat,Gujarat,Online,2021-03-07
MER08885,Flipkart 8885,Travel,Pune,Maharashtra,Offline,2022-04-04
MER08886,Myntra 8886,Grocery,Delhi,Delhi,Online,2023-09-24
MER08887,MakeMyTrip 8887,Fashion,Kolkata,West Bengal,Offline,2025-06-02
MER08888,BigBasket 8888,Education,Noida,Uttar Pradesh,Online,2023-12-11
MER08889,Paytm 8889,Utilities,Surat,Gujarat,Online,2025-05-22
MER08890,Amazon India 8890,Automotive,Pune,Maharashtra,Offline,2023-02-02
MER08891,Swiggy 8891,Restaurants,Delhi,Delhi,Offline,2024-12-06
,Reliance Digital 8892,Ecommerce,Kolkata,West Bengal,Online,2024-02-11
MER08893,Apollo Pharmacy 8893,Food Delivery,Noida,Uttar Pradesh,Offline,2023-11-06
MER08894,BookMyShow 8894,Electronics,Surat,Gujarat,Online,2022-10-30
MER08895,Flipkart 8895,Healthcare,Pune,Maharashtra,Online,2024-11-04
MER08896,Myntra 8896,Entertainment,Delhi,Delhi,Online,2023-02-13
MER08897,MakeMyTrip 8897,Travel,Kolkata,West Bengal,Online,2025-08-24
MER08898,BigBasket 8898,Grocery,Noida,Uttar Pradesh,Online,2021-10-16
MER08899,Paytm 8899,Fashion,Surat,Gujarat,Online,2025-07-12
MER08900,Amazon India 8900,Education,Pune,Maharashtra,Online,2025-03-11
MER08901,Swiggy 8901,Utilities,Delhi,Delhi,Offline,2023-08-23
MER08902,,Automotive,Kolkata,West Bengal,Online,2023-06-22
MER08903,Apollo Pharmacy 8903,Restaurants,Noida,Uttar Pradesh,unknown,2022-04-11
MER08904,BookMyShow 8904,Ecommerce,Surat,Gujarat,Online,2024-07-08
MER08905,Flipkart 8905,Food Delivery, Pune ,Maharashtra,Offline,2024-11-11
MER08906,Myntra 8906,Electronics,Delhi,Delhi,Online,
MER08907,MakeMyTrip 8907,Healthcare,Kolkata,West Bengal,Online,2022-09-09
MER08908,BigBasket 8908,Entertainment,Noida,Uttar Pradesh,Online,2022-07-04
MER08909,Paytm 8909,,Surat,Gujarat,,2023-03-23
MER08910,Amazon India 8910,Grocery,Pune,,Online,2022-12-27
MER08911,Swiggy 8911,Fashion,Delhi,Delhi,Online,2025-11-26
MER08912,Reliance Digital 8912,Education,Kolkata,West Bengal,Offline,2021-08-14
MER08913,Apollo Pharmacy 8913,Utilities,Noida,Uttar Pradesh,Online,2025-06-11
MER08914,BookMyShow 8914,Automotive,Surat,Gujarat,Offline,2024-05-24
MER08915,Flipkart 8915,Restaurants,Pune,Maharashtra,Offline,2025-11-05
MER08916,Myntra 8916,Ecommerce,Delhi,Delhi,Online,2023-12-24
MER08917,MakeMyTrip 8917,Food Delivery,Kolkata,West Bengal,Online,2024-07-12
MER08918,BigBasket 8918,Electronics,,Uttar Pradesh,Offline,2023-07-20
MER08919,Paytm 8919,Healthcare,Surat,Gujarat,Online,2021-10-05
MER08920,Amazon India 8920,Entertainment,Pune,Maharashtra,,2025-07-27
MER08921,Swiggy 8921,Travel,Delhi,Delhi,Online,2021-12-12
MER08922,Reliance Digital 8922,Grocery,Kolkata,West Bengal,Online,2023-08-28
MER08923,Apollo Pharmacy 8923,Fashion,Noida,Uttar Pradesh,Offline,2024-09-27
MER08924,BookMyShow 8924,Education,Surat,Gujarat,Online,2023-04-11
MER08925,Flipkart 8925,Utilities,Pune,Maharashtra,Online,2023-09-05
MER08926,Myntra 8926,Automotive,Delhi,Delhi,Offline,2023-04-13
MER08927,MakeMyTrip 8927,Restaurants,Kolkata,West Bengal,Online,2025-06-06
MER08928,BigBasket 8928,Ecommerce,Noida,Uttar Pradesh,Online,2021-05-23
MER08929,Paytm 8929,Food Delivery,Surat,Gujarat,Online,2023-10-08
MER08930,Amazon India 8930,Electronics,Pune,Maharashtra,Online,2025-10-05
MER08931,Swiggy 8931,Healthcare,Delhi,Delhi,,2023-04-16
MER08932,Reliance Digital 8932,Entertainment,Kolkata,West Bengal,Offline,2024-02-08
MER08933,Apollo Pharmacy 8933,Travel,Noida,Uttar Pradesh,Offline,2021-08-09
MER08934,BookMyShow 8934,Grocery,Surat,Gujarat,Online,2025-01-19
MER08935,Flipkart 8935,Fashion,Pune,Maharashtra,Online,2023-09-16
MER08936,Myntra 8936,Education,Delhi,Delhi,Offline,2021-01-31
MER08937,MakeMyTrip 8937,Utilities,Kolkata,West Bengal,Offline,2025-07-17
MER08938,BigBasket 8938,Automotive,Noida, Uttar Pradesh ,Offline,2021-12-14
MER08939,,Restaurants,,Gujarat,Online,2023-06-21
MER08940,Amazon India 8940,Ecommerce,Pune,Maharashtra,Online,2024-07-28
MER08941,Swiggy 8941,Food Delivery,Delhi,Delhi,Online,2024-06-15
MER08942,Reliance Digital 8942,Electronics,Kolkata,West Bengal,Online,2021-05-07
MER08943,Apollo Pharmacy 8943,,Noida,Uttar Pradesh,Online,2024-06-08
MER08944,BookMyShow 8944,Entertainment,Surat,Gujarat,Online,2022-02-21
MER08945,Flipkart 8945,Travel,Pune,Maharashtra,Online,2025-09-27
MER08946,Myntra 8946,Grocery,Delhi,Delhi,Online,2022-10-15
MER08947,MakeMyTrip 8947,Fashion,Kolkata,West Bengal,Online,2025-10-06
MER08948,BigBasket 8948,Education,Noida,Uttar Pradesh,Online,2022-05-15
MER08949,Paytm 8949,Utilities,Surat,Gujarat,Online,2025-08-14
MER08950,Amazon India 8950,Automotive,Pune,Maharashtra,Online,2024-10-28
MER08951,Swiggy 8951,Restaurants,Delhi,Delhi,Online,2023-12-05
MER08952,Reliance Digital 8952,Ecommerce,Kolkata,West Bengal,Online,2023-01-15
MER08953,Apollo Pharmacy 8953,Food Delivery,Noida,Uttar Pradesh,Online,2025-06-19
MER08954,,Electronics,SURAT,Gujarat,Online,2024-02-12
MER08955,,Healthcare,Pune,Maharashtra,Online,2022-04-03
MER08956,Myntra 8956,Entertainment,Delhi,Delhi,,2021-02-21
MER08957,MakeMyTrip 8957,Travel,Kolkata,West Bengal,Online,2023-07-04
MER08958,BigBasket 8958,Grocery,Noida,Uttar Pradesh,Online,2025-08-20
MER02578,BigBasket 2578,Automotive,Noida,Uttar Pradesh,Offline,2021-06-04
MER08960,Amazon India 8960,Education,Pune,Maharashtra,Online,2022-01-31
MER08961,Swiggy 8961,Utilities,Delhi,Delhi,Online,2024-01-09
,Reliance Digital 8962,Automotive,Kolkata,West Bengal,Offline,2024-09-12
MER08963,Apollo Pharmacy 8963,Restaurants,Noida,Uttar Pradesh,Online,2022-05-24
MER08964,BookMyShow 8964,Ecommerce,Surat,Gujarat,Offline,2021-07-10
MER08965,Flipkart 8965,Food Delivery,Pune,Maharashtra,Online,2022-10-13
MER08966,Myntra 8966,Electronics,Delhi,Delhi,Offline,2024-02-09
MER08967,MakeMyTrip 8967,Healthcare,Kolkata,West Bengal,Offline,2021-08-18
MER08968,BigBasket 8968,Entertainment,Noida,Uttar Pradesh,Offline,2022-03-22
MER08969,Paytm 8969,Travel,Surat,Gujarat,Offline,2024-06-17
MER08970,Amazon India 8970,Grocery,Pune,Maharashtra,Online,2025-03-22
MER08971,Swiggy 8971,,DELHI,Delhi,Offline,2023-03-04
MER08972,Reliance Digital 8972,Education,Kolkata,West Bengal,Online,2024-12-08
MER08973,Apollo Pharmacy 8973,Utilities,Noida,Uttar Pradesh,Online,2025-04-16
MER08974,BookMyShow 8974,Automotive,Surat,Gujarat,Online,2021-09-07
MER08975,Flipkart 8975,Restaurants,Pune,,Online,2024-09-24
MER08976,Myntra 8976,Ecommerce,Delhi,Delhi,Online,2023-09-02
MER06156,Myntra 6156,Ecommerce,Delhi,Delhi,Offline,2022-02-24
MER08978,BigBasket 8978,Electronics,Noida,Uttar Pradesh,Offline,2023-10-15
MER08979,Paytm 8979,Healthcare,Surat,Gujarat,Online,2025-04-11
MER08980,Amazon India 8980,Entertainment,Pune,Maharashtra, Online ,2022-01-25
MER08981,Swiggy 8981,Travel,Delhi,Delhi,Online,2024-06-11
MER08982,Reliance Digital 8982,Grocery,Kolkata,West Bengal,Online,2024-06-26
MER08983,Apollo Pharmacy 8983,Fashion,Noida,Uttar Pradesh,Online,2025-04-15
MER08984,BookMyShow 8984,Education,Surat,Gujarat,Offline,2024-02-22
MER08985,Flipkart 8985,Utilities,Pune,Maharashtra,Online,2021-09-20
MER08986,Myntra 8986,Automotive,Delhi,Delhi,Online,2024-01-02
MER08987,MakeMyTrip 8987,Restaurants,Kolkata,West Bengal,Online,2023-11-02
MER08988,BigBasket 8988,Ecommerce,Noida,Uttar Pradesh,Online,2023-11-26
MER08989,Paytm 8989,Food Delivery,Surat,Gujarat,Online,2024-10-24
MER08990,Amazon India 8990,Electronics,Pune,Maharashtra,Offline,2024-08-12
MER08991,Swiggy 8991,Healthcare,Delhi,Delhi,Offline,2023-01-05
MER08992,Reliance Digital 8992,Entertainment,Kolkata,West Bengal,Online,2024-02-15
MER08993,Apollo Pharmacy 8993,Travel,Noida,Uttar Pradesh,Online,2021-09-27
MER08994,BookMyShow 8994,Grocery,Surat,Gujarat,Online,2025-03-19
MER08995,Flipkart 8995,Fashion,Pune,Maharashtra,Online,2022-12-08
MER08996,Myntra 8996,Education,Delhi,Delhi,Online,2025-08-11
MER08997,MakeMyTrip 8997,Utilities,Kolkata,West Bengal,Offline,2025-03-15
MER08998,BigBasket 8998,Automotive,Noida,Uttar Pradesh,Online,2025-06-08
MER08999,Paytm 8999,Restaurants,Surat,Gujarat,Online,2022-08-23
MER09000,Amazon India 9000,Ecommerce,Pune,Maharashtra,Offline,2022-04-24
MER09001,Swiggy 9001,Food Delivery,Delhi,Delhi,Offline,2023-11-21
MER09002,Reliance Digital 9002,Electronics,Kolkata,West Bengal,Offline,2025-07-30
MER09003,Apollo Pharmacy 9003,Healthcare,Noida,Uttar Pradesh,Online,2025-10-16
MER09004,BookMyShow 9004,Entertainment,Surat,Gujarat,Online,2022-06-07
MER09005,Flipkart 9005,Travel,Pune,Maharashtra,Online,2024-05-04
MER09006,Myntra 9006,Grocery,Delhi,Delhi,Online,2025-05-19
MER09007,MakeMyTrip 9007,Fashion,Kolkata,West Bengal,Online,2022-07-18
MER09008,BigBasket 9008,Education,Noida,Uttar Pradesh,Online,2023-10-28
MER09009,Paytm 9009,Utilities,Surat,Gujarat,Online,2025-04-27
MER09010,Amazon India 9010,Automotive,Pune,Maharashtra,Online,2021-08-24
MER09011,Swiggy 9011,Restaurants,Delhi,Delhi,Online,2022-07-10
MER09012,Reliance Digital 9012,Ecommerce,Kolkata,West Bengal,Online,2024-08-02
MER09013,Apollo Pharmacy 9013,Food Delivery,Noida,Uttar Pradesh,Offline,2023-09-02
MER09014,BookMyShow 9014,Electronics,Surat,Gujarat,Online,2021-01-22
MER09015,Flipkart 9015,Healthcare,Pune,Maharashtra,Online,2024-08-15
MER09016,Myntra 9016,Entertainment,Delhi,Delhi,Online,2025-08-27
MER09017,MakeMyTrip 9017,Travel,Kolkata,West Bengal,Offline,2023-05-28
MER09018,BigBasket 9018,Grocery,Noida,Uttar Pradesh,Online,2024-12-11
MER09019,Paytm 9019,Fashion,Surat,Gujarat,Online,2021-10-31
MER09020,Amazon India 9020,Education,Pune,Maharashtra,Online,2025-09-28
MER09021,Swiggy 9021,Utilities,Delhi,Delhi,Online,2024-09-23
MER09022,Reliance Digital 9022,Automotive, Kolkata ,West Bengal,Online,2022-10-02
MER09023,Apollo Pharmacy 9023,Restaurants,Noida,Uttar Pradesh,Offline,2022-05-09
MER09024,BookMyShow 9024,Ecommerce,Surat,Gujarat,Online,2022-10-30
MER09025,Flipkart 9025,Food Delivery,Pune,Maharashtra,Online,2025-02-06
MER09026,Myntra 9026,Electronics,Delhi,Delhi,Offline,2025-10-24
MER09027,MakeMyTrip 9027,Healthcare,Kolkata,West Bengal,Online,2021-08-20
MER09028,BigBasket 9028,Entertainment,Noida,Uttar Pradesh,Online,2022-11-14
MER09029,Paytm 9029,Travel,Surat,Gujarat,Online,2024-04-20
MER09030,Amazon India 9030,Grocery,Pune,Maharashtra,Online,2025-05-03
MER09031,Swiggy 9031,Fashion,Delhi,Delhi,Online,2021-04-01
MER09032,Reliance Digital 9032,Education,Kolkata,West Bengal,Online,2024-07-04
MER09033,Apollo Pharmacy 9033,Utilities,Noida,Uttar Pradesh,Online,2021-02-15
MER09034,BookMyShow 9034,Automotive,Surat,Gujarat,Offline,2023-05-31
MER09035,Flipkart 9035,Restaurants,Pune,Maharashtra,Online,2021-05-24
MER09036,,Ecommerce,,Delhi,Online,2021-12-11
MER09037,MakeMyTrip 9037,Food Delivery,Kolkata,West Bengal,Offline,2025-02-05
MER09038,BigBasket 9038,Electronics,Noida,Uttar Pradesh,Online,2023-10-16
MER09039,Paytm 9039,Healthcare,Surat,Gujarat,Online,2024-12-09
MER09040,Amazon India 9040,Entertainment,Pune,Maharashtra,Online,2021-10-14
MER09041,Swiggy 9041,Travel,Delhi,Delhi,Online,2024-02-26
MER09042,Reliance Digital 9042,Grocery,Kolkata,West Bengal,Online,2021-10-15
MER09043,Apollo Pharmacy 9043,Fashion,Noida,Uttar Pradesh,Offline,2021-05-03
MER09044,BookMyShow 9044,,Surat,Gujarat,Offline,2023-02-11
MER09045,Flipkart 9045,Utilities,Pune,Maharashtra,Online,2023-02-26
MER09046,Myntra 9046,Automotive,Delhi,Delhi,Offline,2022-10-26
MER09047,MakeMyTrip 9047,Restaurants,Kolkata,West Bengal,Online,2021-01-30
MER09048,BigBasket 9048,Ecommerce,Noida,Uttar Pradesh,Online,2021-01-08
MER06525,Flipkart 6525,Utilities,Pune,Maharashtra,Offline,2021-10-21
MER09050,Amazon India 9050,Electronics,Pune,Maharashtra,Online,2021-05-07
MER09051,Swiggy 9051,Healthcare,Delhi,Delhi,Offline,2021-08-31
MER09052,Reliance Digital 9052,Entertainment,Kolkata,West Bengal,Offline,2024-07-14
MER09053,Apollo Pharmacy 9053,Travel,Noida,Uttar Pradesh,Online,2023-02-14
MER09054,BookMyShow 9054,Grocery,Surat,Gujarat,Offline,2024-03-08
MER09055,Flipkart 9055,Fashion, Pune ,Maharashtra,Online,2022-10-20
MER09056,Myntra 9056,Education,Delhi,Delhi,Online,2022-11-02
MER09057,MakeMyTrip 9057,Utilities,Kolkata,West Bengal,Online,2025-10-11
MER09058,BigBasket 9058,Automotive,Noida,Uttar Pradesh,Offline,2025-01-28
MER09059,Paytm 9059,Restaurants,Surat,Gujarat,Offline,2022-05-15
MER09060,Amazon India 9060,Ecommerce,Pune,maharashtra,Online,2021-07-24
MER09061,Swiggy 9061,Food Delivery,Delhi,Delhi,unknown,2025-11-08
,Reliance Digital 9062,Electronics,Kolkata,West Bengal,Online,2024-08-16
MER09063,Apollo Pharmacy 9063,Healthcare,Noida,Uttar Pradesh,Online,2022-03-08
MER09064,BookMyShow 9064,Entertainment,surat,Gujarat,Online,2024-04-19
MER09065,Flipkart 9065,Travel,Pune,Maharashtra,Offline,2025-09-13
MER09066,Myntra 9066,Grocery,Delhi,Delhi,Online,2024-06-23
MER09067,MakeMyTrip 9067,Fashion,Kolkata,West Bengal,Offline,2021-09-07
MER09068,BigBasket 9068,Education,Noida,Uttar Pradesh,Offline,2024-09-01
MER09069,Paytm 9069,Utilities,Surat,Gujarat,Offline,2024-10-08
MER09070,Amazon India 9070,Automotive,Pune,Maharashtra,Online,2023-08-27
MER09071,Swiggy 9071,Restaurants,Delhi,Delhi,Online,2024-02-26
MER09072,Reliance Digital 9072,Ecommerce,Kolkata,West Bengal,Online,2021-06-09
MER09073,Apollo Pharmacy 9073,Food Delivery,Noida,Uttar Pradesh,Online,2021-10-06
MER09074,BookMyShow 9074,Electronics,Surat,Gujarat,Offline,2025-11-13
MER09075,Flipkart 9075,Healthcare,Pune,Maharashtra,Online,2023-12-08
MER09076,Myntra 9076,Entertainment,Delhi,Delhi,Online,2024-06-15
MER09077,MakeMyTrip 9077,Travel,Kolkata,West Bengal,Online,2025-03-24
MER09078,BigBasket 9078,Grocery,Noida,Uttar Pradesh,Online,2023-09-20
MER09079,Paytm 9079,Fashion,Surat,,Online,2024-03-07
MER09080,Amazon India 9080,Education,Pune,Maharashtra,Online,2024-04-05
MER09081,Swiggy 9081,Utilities,Delhi,Delhi,Online,2022-09-30
MER09082,Reliance Digital 9082,Automotive,Kolkata,West Bengal,Online,2023-09-20
MER09083,Apollo Pharmacy 9083,Restaurants,Noida,Uttar Pradesh,Offline,2024-02-07
MER09084,BookMyShow 9084,Ecommerce,Surat,Gujarat,Offline,2022-03-29
MER09085,Flipkart 9085,Food Delivery,Pune,Maharashtra,Online,2025-08-09
MER09086,Myntra 9086,Electronics,Delhi,Delhi,Online,2025-10-31
MER09087,MakeMyTrip 9087,Healthcare,Kolkata,West Bengal,Online,2025-11-15
MER09088,BigBasket 9088,Entertainment,Noida,Uttar Pradesh,Offline,2022-08-24
MER09089,Paytm 9089,Travel,Surat,Gujarat,Online,2022-12-12
MER09090,Amazon India 9090,Grocery,Pune,Maharashtra,Offline,2021-12-06
MER09091,Swiggy 9091,Fashion,Delhi,Delhi,online,2022-10-04
MER09092,Reliance Digital 9092,Education,Kolkata,West Bengal,Online,2025-05-31
MER09093,Apollo Pharmacy 9093,Utilities,Noida,Uttar Pradesh,Online,2024-10-05
MER09094,BookMyShow 9094,Automotive,Surat,Gujarat,Online,2023-10-08
MER09095,Flipkart 9095,Restaurants,Pune,Maharashtra,Online,2021-07-30
MER09096,Myntra 9096,Ecommerce,Delhi,Delhi,Online,2025-02-14
MER09097,MakeMyTrip 9097,Food Delivery,Kolkata,West Bengal,Online,2022-05-03
MER09098,BigBasket 9098,Electronics,Noida,Uttar Pradesh,Online,2021-03-16
MER09099,Paytm 9099,Healthcare,Surat,Gujarat,Online,2021-12-11
MER09100,Amazon India 9100,Entertainment,Pune,Maharashtra,Offline,2025-01-29
MER09101,Swiggy 9101,Travel,Delhi,Delhi,Online,2024-10-19
MER09102,Reliance Digital 9102,Grocery,Kolkata,West Bengal,Online,2021-11-23
MER09103,Apollo Pharmacy 9103,Fashion,Noida,Uttar Pradesh,Online,2022-02-08
MER09104,BookMyShow 9104,Education,Surat,Gujarat,Offline,2022-10-11
MER09105,Flipkart 9105,Utilities,Pune,Maharashtra,Online,2023-08-14
MER09106,Myntra 9106,Automotive,Delhi,Delhi,Online,2025-03-10
MER09107,MakeMyTrip 9107,Restaurants,Kolkata,West Bengal,Online,2021-06-14
MER09108,BigBasket 9108,Ecommerce,Noida,Uttar Pradesh,Online,2024-12-28
MER09109,Paytm 9109,Food Delivery,Surat,Gujarat,Online,2021-01-28
MER09110,Amazon India 9110,Electronics,Pune,Maharashtra,Online,2025-04-29
MER09111,Swiggy 9111,Healthcare,Delhi,Delhi,Online,2023-08-10
MER09112,Reliance Digital 9112,Entertainment,Kolkata,West Bengal,Online,2025-04-05
MER09113,Apollo Pharmacy 9113,Travel,,Uttar Pradesh,Online,2021-01-19
MER09114,BookMyShow 9114,Grocery,SURAT,Gujarat,Online,2023-06-20
MER09115,Flipkart 9115,Fashion,Pune,Maharashtra,Offline,2022-06-18
MER09116,Myntra 9116,Education,Delhi,Delhi,Offline,2023-03-09
MER09117,MakeMyTrip 9117,Utilities,Kolkata,West Bengal,Online,2021-01-19
MER09118,BigBasket 9118,Automotive,Noida,Uttar Pradesh,Online,2025-10-20
MER09119,Paytm 9119,Restaurants,Surat,Gujarat,Offline,2025-07-20
MER09120,Amazon India 9120,Ecommerce,Pune,Maharashtra,Online,2022-08-14
MER09121,Swiggy 9121,Food Delivery,Delhi,Delhi,Online,2023-07-28
MER09122,Reliance Digital 9122,Electronics,Kolkata,West Bengal,Offline,2024-01-16
MER09123,Apollo Pharmacy 9123,Healthcare,Noida,Uttar Pradesh,Offline,2023-06-27
MER09124,BookMyShow 9124,Entertainment,Surat,Gujarat,Online,2025-05-01
MER09125,Flipkart 9125,Travel,Pune,Maharashtra,Offline,2023-12-14
MER09126,Myntra 9126,Grocery,Delhi,Delhi,Online,2021-06-06
MER09127,MakeMyTrip 9127,Fashion,Kolkata,West Bengal,Online,2024-03-08
MER09128,BigBasket 9128,Education,Noida,Uttar Pradesh,Online,2024-07-24
MER09129,Paytm 9129,Utilities,Surat,Gujarat,Online,2024-09-18
MER09130,Amazon India 9130,Automotive,Pune,Maharashtra,Online,2025-04-03
MER09131,Swiggy 9131,Restaurants,Delhi,Delhi,Offline,2023-02-11
MER09132,Reliance Digital 9132,Ecommerce,Kolkata,West Bengal,Online,2021-04-15
MER09133,Apollo Pharmacy 9133,Food Delivery,Noida,Uttar Pradesh,Offline,2024-03-31
MER09134,BookMyShow 9134,Electronics,Surat,Gujarat,Offline,2025-03-06
MER09135,Flipkart 9135,Healthcare,Pune,Maharashtra,Offline,2024-07-29
MER09136,Myntra 9136,Entertainment,Delhi,Delhi,Online,2024-05-20
MER09137,MakeMyTrip 9137,Travel,Kolkata,West Bengal,Online,2024-04-17
,BigBasket 9138,Grocery,Noida,Uttar Pradesh,Offline,2024-11-04
MER09139,Paytm 9139,Fashion,,Gujarat,Online,2024-07-19
,Amazon India 9140,Education,Pune,Maharashtra,Online,2023-05-26
MER09141,Swiggy 9141,Utilities,Delhi,Delhi,Offline,2024-06-05
MER09142,Reliance Digital 9142,Automotive,Kolkata,West Bengal,Online,2022-03-21
MER09143,Apollo Pharmacy 9143,Restaurants,noida, Uttar Pradesh ,Online,2021-04-09
MER09144,BookMyShow 9144,Ecommerce,Surat,Gujarat,Online,2022-11-27
MER09145,Flipkart 9145,Food Delivery,pune, Maharashtra ,Online,2021-04-19
MER09146,Myntra 9146,Electronics,Delhi,Delhi,Online,2023-06-23
MER09147,MakeMyTrip 9147,Healthcare,Kolkata,West Bengal,Online,2021-12-04
MER09148,BigBasket 9148,Entertainment,Noida,Uttar Pradesh,Online,2024-01-31
MER09149,Paytm 9149,Travel,Surat,Gujarat,Offline,2022-01-19
MER09150,Amazon India 9150,Grocery,Pune,Maharashtra,Online,2025-03-13
MER09151,Swiggy 9151,Fashion,Delhi,Delhi,Online,2022-01-12
MER09152,Reliance Digital 9152,Education,Kolkata,West Bengal,Online,2024-04-06
MER09153,Apollo Pharmacy 9153,Utilities,Noida,Uttar Pradesh,Online,2024-08-02
MER09154,BookMyShow 9154,Automotive,Surat,Gujarat,Online,2024-10-23
MER09155,Flipkart 9155,Restaurants,Pune,Maharashtra,Online,2024-09-07
MER09156,Myntra 9156,Ecommerce,Delhi,Delhi,Offline,2023-01-12
MER09157,MakeMyTrip 9157,Food Delivery,Kolkata,West Bengal,Offline,2025-08-13
MER09158,BigBasket 9158,Electronics,Noida,Uttar Pradesh,Online,2025-11-18
MER09159,Paytm 9159,Healthcare,Surat,Gujarat,Online,2024-05-19
MER09160,Amazon India 9160,Entertainment,Pune,Maharashtra,Offline,2024-01-11
MER09161,Swiggy 9161,Travel,Delhi,Delhi,Offline,2024-07-23
MER09162,Reliance Digital 9162,Grocery,Kolkata,West Bengal,Online,2024-05-03
MER09163,Apollo Pharmacy 9163,Fashion,Noida,Uttar Pradesh,Offline,2022-12-06
MER09164,BookMyShow 9164,Education,Surat,Gujarat,Online,2023-05-31
MER09165,Flipkart 9165,Utilities,,Maharashtra,Online,2023-04-20
MER09166,Myntra 9166,Automotive,Delhi,Delhi,Offline,2022-02-01
MER09167,MakeMyTrip 9167,Restaurants,Kolkata,West Bengal,Online,2023-08-13
MER09168,BigBasket 9168,Ecommerce,Noida,Uttar Pradesh,Offline,2021-03-26
MER09169,Paytm 9169,Food Delivery,Surat,Gujarat,Online,2024-07-31
MER09170,Amazon India 9170,Electronics,Pune,Maharashtra,Offline,2025-07-02
MER09171,Swiggy 9171,Healthcare,Delhi,Delhi,Online,2022-12-27
MER09172,Reliance Digital 9172,Entertainment,Kolkata,West Bengal,Offline,2024-11-15
MER09173,Apollo Pharmacy 9173,Travel,NOIDA,Uttar Pradesh,Online,2022-01-29
MER09174,BookMyShow 9174,Grocery,Surat,Gujarat,Online,2025-07-16
MER09175,Flipkart 9175,Fashion,Pune,Maharashtra,Offline,2022-10-13
MER09176,Myntra 9176,Education,Delhi,Delhi,Offline,2022-05-05
MER09177,MakeMyTrip 9177,Utilities,Kolkata,West Bengal,Online,2024-11-27
MER09178,BigBasket 9178,Automotive,Noida,UTTAR PRADESH,Online,2025-10-08
MER09179,Paytm 9179,Restaurants,Surat,Gujarat,Online,2023-03-20
MER09180,,Ecommerce,Pune,Maharashtra,Online,2022-03-31
MER09181,Swiggy 9181,Food Delivery,Delhi,Delhi,Online,2022-09-11
MER09182,Reliance Digital 9182,Electronics,Kolkata,West Bengal,Online,2024-09-11
MER09183,Apollo Pharmacy 9183,Healthcare,Noida,Uttar Pradesh,Offline,2024-11-22
MER09184,BookMyShow 9184,Entertainment,Surat,Gujarat,Offline,2025-03-03
MER09185,Flipkart 9185,Travel,Pune,Maharashtra,Online,2023-04-22
MER09186,Myntra 9186,Grocery,Delhi,Delhi,Online,2025-04-18
MER09187,MakeMyTrip 9187,Fashion,Kolkata,West Bengal,Offline,2022-01-13
MER09188,BigBasket 9188,Education,Noida,Uttar Pradesh,Offline,2021-12-31
MER09189,Paytm 9189,Utilities,Surat,Gujarat,Online,2023-02-23
MER09190,Amazon India 9190,Automotive,Pune,Maharashtra,Online,2024-10-27
MER09191,Swiggy 9191,Restaurants,Delhi,Delhi,Online,2023-10-03
MER09192,Reliance Digital 9192,Ecommerce,Kolkata,West Bengal,Offline,2025-11-06
MER09193,Apollo Pharmacy 9193,Food Delivery,Noida,Uttar Pradesh,Online,2025-09-30
MER09194,BookMyShow 9194,Electronics,Surat, Gujarat ,Online,2022-01-29
MER09195,Flipkart 9195,Healthcare,Pune,Maharashtra,Online,2021-03-07
MER09196,Myntra 9196,Entertainment,Delhi,Delhi,Offline,2021-09-10
,MakeMyTrip 9197,Travel,Kolkata,West Bengal,Offline,2023-07-26
MER09198,BigBasket 9198,Grocery,Noida,Uttar Pradesh,Online,2024-10-03
MER09199,Paytm 9199,Fashion,Surat,Gujarat,Online,
MER09200,Amazon India 9200,Education,Pune,Maharashtra,Online,2024-05-22
MER09201,Swiggy 9201,Utilities,Delhi,Delhi,Online,2022-02-04
MER09202,Reliance Digital 9202,Automotive,Kolkata,West Bengal,Online,2025-10-14
MER09203,Apollo Pharmacy 9203,Restaurants,Noida,Uttar Pradesh,,2024-02-19
MER09204,BookMyShow 9204,Ecommerce,Surat,Gujarat,Offline,2025-02-24
MER09205,Flipkart 9205,Food Delivery,Pune,Maharashtra,Offline,2022-10-14
MER09206,Myntra 9206,Electronics,Delhi,Delhi,Online,2023-12-26
MER09207,MakeMyTrip 9207,Healthcare,Kolkata,West Bengal,Offline,2024-08-16
MER09208,BigBasket 9208,Entertainment,Noida,Uttar Pradesh,Online,2022-09-25
MER09209,Paytm 9209,Travel,Surat,Gujarat,Offline,2023-12-29
MER09210,,Grocery,Pune,Maharashtra,Online,2022-06-15
MER09211,Swiggy 9211,Fashion,,Delhi,Offline,2022-05-17
MER09212,Reliance Digital 9212,Education,Kolkata,West Bengal,Offline,2024-11-04
MER09213,Apollo Pharmacy 9213,Utilities,Noida,Uttar Pradesh,Online,2025-09-08
MER09214,BookMyShow 9214,Automotive,Surat, Gujarat ,Offline,2024-08-17
MER09215,Flipkart 9215,Restaurants,Pune,Maharashtra,Online,2022-10-05
MER09216,Myntra 9216,Ecommerce,Delhi,Delhi,Online,2021-10-28
MER09217,MakeMyTrip 9217,Food Delivery,Kolkata,West Bengal,Online,2023-07-22
MER09218,BigBasket 9218,Electronics,Noida,Uttar Pradesh,Online,2021-09-25
MER09219,Paytm 9219,Healthcare,Surat,Gujarat,Online,2023-06-20
MER09220,Amazon India 9220,Entertainment,Pune,Maharashtra,Online,2022-12-04
MER09221,Swiggy 9221,Travel,Delhi,Delhi,Online,2021-08-25
MER09222,Reliance Digital 9222,Grocery,Kolkata,West Bengal,Offline,2023-05-28
MER09223,Apollo Pharmacy 9223,Fashion,Noida,Uttar Pradesh,Offline,2023-09-30
MER09224,BookMyShow 9224,Education,Surat,Gujarat,Offline,2021-12-29
MER09225,Flipkart 9225,Utilities,Pune,Maharashtra,Offline,2021-06-15
MER09226,Myntra 9226,Automotive,Delhi,Delhi,Offline,2021-06-29
MER09227,MakeMyTrip 9227,Restaurants,Kolkata,West Bengal,Online,2021-11-14
MER09228,BigBasket 9228,Ecommerce,Noida,Uttar Pradesh,Online,2023-02-16
MER09229,Paytm 9229,Food Delivery,Surat,Gujarat,Online,2021-06-14
MER09230,Amazon India 9230,Electronics,Pune,Maharashtra,Online,2022-05-21
MER09231,Swiggy 9231,Healthcare,,DELHI,Online,2024-10-16
MER09232,Reliance Digital 9232,Entertainment,Kolkata,West Bengal,Online,2025-11-16
MER09233,Apollo Pharmacy 9233,Travel,Noida,Uttar Pradesh,Offline,2024-03-25
MER09234,BookMyShow 9234,Grocery,Surat,Gujarat,Online,2023-03-28
MER09235,Flipkart 9235,,Pune,,Online,2023-01-06
MER09236,Myntra 9236,Education,Delhi,Delhi,Online,2023-11-08
MER09237,MakeMyTrip 9237,Utilities,Kolkata,West Bengal,Online,2022-12-23
MER09238,,Automotive,Noida,Uttar Pradesh,Offline,2021-04-20
MER09239,Paytm 9239,Restaurants,Surat,Gujarat,Offline,2023-10-15
MER09240,Amazon India 9240,Ecommerce,Pune,Maharashtra,Online,2023-12-20
MER09241,Swiggy 9241,Food Delivery,Delhi,Delhi,Offline,2021-01-06
MER09242,Reliance Digital 9242,Electronics,Kolkata,West Bengal,Online,2023-08-11
MER09243,Apollo Pharmacy 9243,Healthcare,Noida,Uttar Pradesh,Online,2025-12-02
MER09244,BookMyShow 9244,Entertainment,Surat,Gujarat,Offline,2022-10-20
MER09245,Flipkart 9245,Travel,Pune,Maharashtra,Online,2022-12-26
MER09246,Myntra 9246,Grocery,Delhi,Delhi,Offline,
MER09247,MakeMyTrip 9247,Fashion,Kolkata,West Bengal,Online,2024-05-01
MER09248,BigBasket 9248,Education,Noida,Uttar Pradesh,Offline,2022-11-21
MER09249,Paytm 9249,Utilities,Surat,Gujarat,Offline,2025-09-14
MER09250,Amazon India 9250,Automotive,Pune,Maharashtra,Online,2022-06-09
MER09251,Swiggy 9251,Restaurants,Delhi,Delhi,Online,2024-02-10
MER09252,Reliance Digital 9252,Ecommerce,Kolkata,West Bengal,Offline,2022-06-01
MER09253,Apollo Pharmacy 9253,Food Delivery,Noida,Uttar Pradesh,Offline,2025-05-17
MER09254,BookMyShow 9254,Electronics,Surat,Gujarat,Offline,2022-05-29
MER09255,Flipkart 9255,Healthcare,Pune,Maharashtra,Online,2025-11-13
MER09256,Myntra 9256,Entertainment,Delhi,Delhi,Online,2023-09-25
MER09257,MakeMyTrip 9257,Travel,Kolkata,West Bengal,Online,2023-02-02
MER09258,BigBasket 9258,Grocery,Noida,Uttar Pradesh,Offline,2021-04-18
MER09259,Paytm 9259,Fashion,Surat,Gujarat,Online,2022-04-30
MER09260,Amazon India 9260,Education,Pune,Maharashtra,Offline,2025-01-18
MER09261,Swiggy 9261,Utilities,Delhi,Delhi,Online,2024-09-26
MER09262,Reliance Digital 9262,Automotive,Kolkata,West Bengal,Offline,2025-03-01
MER09263,Apollo Pharmacy 9263,Restaurants,,Uttar Pradesh,Offline,2025-05-16
MER09264,BookMyShow 9264,Ecommerce,Surat,Gujarat,Online,2023-07-23
MER09265,Flipkart 9265,Food Delivery,Pune,Maharashtra,Offline,2023-03-31
MER09266,Myntra 9266,Electronics,Delhi,Delhi,Offline,2022-06-27
MER09267,MakeMyTrip 9267,Healthcare,Kolkata,West Bengal,Offline,2022-05-13
MER09268,BigBasket 9268,Entertainment,Noida,Uttar Pradesh,Offline,2021-04-23
MER09269,Paytm 9269,Travel,Surat,Gujarat,Online,2023-04-22
MER09270,Amazon India 9270,Grocery,Pune,Maharashtra,Online,2022-04-21
MER09271,Swiggy 9271,Fashion,Delhi,Delhi,Online,2024-10-13
MER09272,Reliance Digital 9272,,Kolkata,West Bengal,Offline,2024-03-07
MER09273,Apollo Pharmacy 9273,Utilities,Noida,Uttar Pradesh,Offline,2024-03-22
MER09274,BookMyShow 9274,Automotive,Surat,Gujarat,Offline,2022-10-19
MER09275,Flipkart 9275,Restaurants,Pune,Maharashtra,Online,2021-06-04
MER09276,Myntra 9276,Ecommerce,Delhi,Delhi,Online,2023-05-05
MER09277,,Food Delivery,Kolkata,West Bengal,Online,2024-09-30
MER09278,BigBasket 9278,Electronics,Noida,Uttar Pradesh,Offline,2022-01-27
MER09279,Paytm 9279,Healthcare,Surat,Gujarat,Offline,2023-04-23
MER09280,,Entertainment,Pune,Maharashtra,Online,2022-09-20
MER09281,Swiggy 9281,Travel,Delhi,Delhi,Offline,2025-11-17
MER09282,Reliance Digital 9282,Grocery,Kolkata, West Bengal ,Offline,2021-07-13
MER09283,Apollo Pharmacy 9283,Fashion,Noida,Uttar Pradesh,Online,2021-02-11
MER09284,BookMyShow 9284,Education,Surat,Gujarat,Online,2021-10-07
MER09285,Flipkart 9285,Utilities,Pune,Maharashtra,Online,2021-05-10
MER09286,Myntra 9286,Automotive,Delhi,Delhi,Online,2024-07-21
MER09287,MakeMyTrip 9287,Restaurants,Kolkata,West Bengal,Offline,2022-01-27
MER09288,BigBasket 9288,Ecommerce,Noida,Uttar Pradesh,Online,2023-10-19
MER09289,Paytm 9289,Food Delivery,Surat,Gujarat,Online,2024-04-17
MER09290,Amazon India 9290,Electronics,Pune,Maharashtra,Online,2021-06-23
MER09291,Swiggy 9291,Healthcare,Delhi,Delhi,Offline,2025-02-11
MER09292,Reliance Digital 9292,Entertainment,Kolkata,West Bengal,Offline,2022-02-11
MER09293,Apollo Pharmacy 9293,Travel,Noida,Uttar Pradesh,Offline,2024-01-09
MER09294,BookMyShow 9294,Grocery,Surat,Gujarat,Online,
MER09295,Flipkart 9295,Fashion,Pune,Maharashtra,Offline,2023-10-27
MER09296,Myntra 9296,Education,Delhi,Delhi,Online,2021-05-10
MER09297,MakeMyTrip 9297,Utilities,Kolkata,West Bengal,Online,2025-08-26
MER09298,BigBasket 9298,Automotive,Noida,Uttar Pradesh,Offline,2021-11-27
MER09299,Paytm 9299,Restaurants,Surat,Gujarat,Offline,2025-10-17
MER09300,Amazon India 9300,Ecommerce,Pune,Maharashtra,Offline,2023-01-20
MER09301,Swiggy 9301,Food Delivery,Delhi,Delhi,Online,2024-12-07
MER09302,Reliance Digital 9302,Electronics,Kolkata,West Bengal,Offline,2025-07-03
MER09303,Apollo Pharmacy 9303,Healthcare,Noida,Uttar Pradesh,Offline,2022-10-10
MER09304,BookMyShow 9304,Entertainment,Surat,Gujarat,Online,2025-09-22
MER09305,Flipkart 9305,Travel,Pune,Maharashtra,Offline,2024-02-28
MER09306,Myntra 9306,Grocery,Delhi,Delhi,Offline,2025-01-03
MER09307,,Fashion,Kolkata,West Bengal,Online,2024-11-10
MER09308,BigBasket 9308,Education,Noida,Uttar Pradesh,Online,2021-03-04
MER09309,Paytm 9309,Utilities,Surat,Gujarat,Online,2021-08-07
MER09310,Amazon India 9310,Automotive,Pune,Maharashtra,Online,2022-10-27
MER09311,Swiggy 9311,Restaurants,Delhi,Delhi,Online,2022-01-03
MER09312,Reliance Digital 9312,Ecommerce,Kolkata,West Bengal,Online,2025-02-11
MER09313,Apollo Pharmacy 9313,Food Delivery,Noida,Uttar Pradesh,Offline,2021-07-23
MER09314,BookMyShow 9314,Electronics,Surat,Gujarat,Online,2025-07-01
MER09315,Flipkart 9315,Healthcare,Pune,Maharashtra,Offline,2022-05-26
MER09316,Myntra 9316,Entertainment,Delhi,Delhi,Online,2023-02-26
MER09317,MakeMyTrip 9317,Travel,Kolkata,West Bengal,Offline,2023-03-26
MER09318,BigBasket 9318,Grocery,Noida,Uttar Pradesh,Online,2025-07-27
MER09319,Paytm 9319,Fashion,Surat,Gujarat,Online,2025-07-02
MER09320,Amazon India 9320,Education,Pune,Maharashtra,Offline,2022-02-01
MER09321,Swiggy 9321,Utilities,Delhi,Delhi,Offline,2022-01-10
MER09322,Reliance Digital 9322,Automotive,Kolkata,West Bengal,Online,2025-05-02
MER09323,Apollo Pharmacy 9323,Restaurants,Noida,Uttar Pradesh,Offline,2024-12-13
MER09324,BookMyShow 9324,Ecommerce,Surat,Gujarat,Offline,2024-08-01
MER09325,Flipkart 9325,Food Delivery,Pune,Maharashtra,Offline,2021-06-18
MER09326,Myntra 9326,Electronics,Delhi,Delhi,Online,2023-12-30
MER09327,MakeMyTrip 9327,Healthcare,Kolkata,West Bengal,Online,2021-03-12
MER09328,BigBasket 9328,Entertainment,,Uttar Pradesh,Offline,2022-11-07
MER09329,Paytm 9329,Travel,Surat,Gujarat,Online,2021-04-06
MER09330,Amazon India 9330,Grocery,Pune,Maharashtra,Online,2023-03-22
MER09331,Swiggy 9331,Fashion,Delhi,Delhi,Offline,2024-03-16
MER09332,Reliance Digital 9332,Education,Kolkata,West Bengal,Offline,2024-07-30
MER09333,Apollo Pharmacy 9333,Utilities,Noida,Uttar Pradesh,Online,2024-02-22
MER09334,BookMyShow 9334,Automotive,Surat,Gujarat,Offline,2022-10-02
MER09335,Flipkart 9335,Restaurants,Pune,Maharashtra,Offline,2021-03-06
MER09336,Myntra 9336,Ecommerce,Delhi,Delhi,Online,2021-01-24
MER09337,MakeMyTrip 9337,Food Delivery,Kolkata,West Bengal,Offline,2022-10-18
MER09338,BigBasket 9338,Electronics,Noida,Uttar Pradesh,Offline,2022-03-06
MER09339,Paytm 9339,Healthcare,Surat,Gujarat,Offline,2025-04-13
,Amazon India 9340,Entertainment,Pune,Maharashtra,Offline,2024-08-11
MER09341,Swiggy 9341,Travel,Delhi,Delhi,Online,2025-05-20
MER09342,Reliance Digital 9342,Grocery,Kolkata,West Bengal,Offline,2024-04-05
MER09343,Apollo Pharmacy 9343,Fashion,Noida,,Offline,2024-04-26
MER09344,BookMyShow 9344,Education,Surat,Gujarat,Offline,2023-12-05
MER09345,Flipkart 9345,Utilities,Pune,Maharashtra,Online,2022-12-03
MER09346,Myntra 9346,Automotive,Delhi,Delhi,Offline,2023-03-24
MER09347,MakeMyTrip 9347,Restaurants,Kolkata,West Bengal,Offline,2021-03-22
MER03195,Flipkart 3195,Healthcare,Pune,Maharashtra,Online,2024-10-05
MER09349,Paytm 9349,Food Delivery,Surat,Gujarat,Online,2024-12-10
MER09350,Amazon India 9350,Electronics,Pune,Maharashtra,Offline,2021-07-06
MER06327,MakeMyTrip 6327,Healthcare,Kolkata,West Bengal,Offline,2025-06-11
,Reliance Digital 9352,Entertainment,Kolkata,West Bengal,Offline,2022-04-20
MER09353,Apollo Pharmacy 9353,Travel,Noida,UTTAR PRADESH,Offline,2023-12-07
MER09354,BookMyShow 9354,Grocery,Surat,Gujarat,Online,2025-09-05
MER09355,Flipkart 9355,Fashion,Pune,Maharashtra,Online,2024-12-14
MER09356,Myntra 9356,Education,Delhi,Delhi,Offline,2025-07-31
MER09357,MakeMyTrip 9357,Utilities,Kolkata,West Bengal,Online,2022-01-21
MER09358,BigBasket 9358,Automotive,Noida,Uttar Pradesh,Online,2025-10-17
MER09359,Paytm 9359,Restaurants,Surat,Gujarat,Online,2023-03-17
MER09360,Amazon India 9360,Ecommerce,Pune,Maharashtra,Online,2023-06-28
MER09361,Swiggy 9361,Food Delivery,Delhi, Delhi ,Online,2022-03-05
MER09362,Reliance Digital 9362,Electronics,Kolkata,West Bengal,Online,2021-07-28
MER09363,Apollo Pharmacy 9363,Healthcare,Noida,Uttar Pradesh,Online,2024-02-24
MER09364,BookMyShow 9364,Entertainment,Surat,Gujarat,Offline,2023-12-09
MER09365,Flipkart 9365,Travel,Pune,Maharashtra,Online,2021-05-01
MER09366,Myntra 9366,Grocery,Delhi,Delhi,Offline,2022-04-06
MER09367,MakeMyTrip 9367,Fashion,Kolkata,West Bengal,Online,2024-06-26
MER09368,BigBasket 9368,Education,Noida,Uttar Pradesh,Online,2024-01-14
MER09369,Paytm 9369,,Surat,Gujarat,Offline,2021-01-01
MER09370,Amazon India 9370,Automotive,Pune,Maharashtra,Offline,2021-06-18
MER09371,Swiggy 9371,Restaurants,Delhi,Delhi,Online,2022-07-28
MER09372,Reliance Digital 9372,Ecommerce,Kolkata,West Bengal,Offline,2023-03-30
MER09373,Apollo Pharmacy 9373,Food Delivery,Noida,Uttar Pradesh,Offline,2023-03-12
MER09374,BookMyShow 9374,Electronics,Surat,Gujarat,Online,
MER09375,Flipkart 9375,Healthcare,Pune,Maharashtra,Online,2024-08-05
MER09376,Myntra 9376,Entertainment,Delhi,Delhi,Online,2022-07-18
MER09377,MakeMyTrip 9377,Travel,Kolkata,West Bengal,Online,2022-08-16
MER09378,BigBasket 9378,Grocery,Noida,Uttar Pradesh,Online,2021-01-24
MER09379,Paytm 9379,Fashion,Surat,Gujarat,Offline,2023-09-08
MER09380,Amazon India 9380,Education,Pune,Maharashtra,Online,2024-10-09
MER09381,Swiggy 9381,Utilities,DELHI,Delhi,Online,2023-07-01
MER09382,Reliance Digital 9382,Automotive,Kolkata,West Bengal,Offline,2022-02-03
MER09383,Apollo Pharmacy 9383,Restaurants,Noida,Uttar Pradesh,Online,2021-08-15
MER09384,BookMyShow 9384,Ecommerce,Surat,Gujarat,Offline,2022-05-24
MER09385,Flipkart 9385,Food Delivery,Pune,Maharashtra,Online,2024-04-16
MER09386,Myntra 9386,Electronics,Delhi,Delhi,Online,
MER09387,MakeMyTrip 9387,Healthcare,Kolkata,West Bengal,Online,2025-07-23
MER09388,BigBasket 9388,Entertainment,Noida,Uttar Pradesh,Online,2025-12-01
MER09389,Paytm 9389,Travel,Surat,Gujarat,Online,2023-08-08
MER09390,Amazon India 9390,Grocery,Pune,Maharashtra,Online,2024-12-08
MER09391,Swiggy 9391,Fashion,Delhi,Delhi,Online,2021-07-12
MER09392,Reliance Digital 9392,Education,Kolkata,West Bengal,unknown,2022-12-02
MER09393,Apollo Pharmacy 9393,Utilities,Noida,Uttar Pradesh,Online,2022-04-29
MER09394,BookMyShow 9394,Automotive,Surat,Gujarat,Offline,2023-09-14
MER09395,Flipkart 9395,Restaurants,Pune,Maharashtra,Online,2025-04-18
MER09396,Myntra 9396,Ecommerce,Delhi,Delhi,Offline,2024-12-13
MER09397,MakeMyTrip 9397,Food Delivery,Kolkata,West Bengal,Online,2022-05-18
MER09398,BigBasket 9398,Electronics,Noida,Uttar Pradesh,Online,2023-01-30
MER09399,Paytm 9399,Healthcare,Surat,Gujarat,Online,2023-07-28
MER09400,Amazon India 9400,Entertainment,Pune,Maharashtra,Online,2023-05-04
MER09401,Swiggy 9401,Travel,Delhi,Delhi,Offline,2025-03-28
MER09402,Reliance Digital 9402,Grocery,kolkata,West Bengal,Offline,2024-02-07
MER09403,Apollo Pharmacy 9403,Fashion,Noida,Uttar Pradesh,Offline,2021-08-02
MER09404,BookMyShow 9404,Education,SURAT,Gujarat,Online,2024-09-22
MER09405,Flipkart 9405,Utilities,Pune,,Offline,2021-02-11
MER09406,Myntra 9406,Automotive,Delhi,Delhi,Online,2023-01-17
MER09407,MakeMyTrip 9407,Restaurants,Kolkata,West Bengal,Online,2025-08-05
MER09408,BigBasket 9408,Ecommerce,Noida,Uttar Pradesh,Online,2025-04-14
MER09409,Paytm 9409,Food Delivery,Surat,Gujarat,Online,2021-04-26
MER09410,Amazon India 9410,Electronics,Pune,Maharashtra,Offline,2023-05-20
MER09411,Swiggy 9411,Healthcare,Delhi,delhi,Online,2021-05-23
MER09412,Reliance Digital 9412,Entertainment,Kolkata,West Bengal,Online,2022-01-19
MER09413,Apollo Pharmacy 9413,Travel,Noida,Uttar Pradesh,Offline,2021-10-01
MER09414,BookMyShow 9414,,Surat,gujarat,Offline,2021-11-22
MER09415,Flipkart 9415,Fashion,Pune,Maharashtra,Offline,2021-03-01
MER09416,Myntra 9416,Education,Delhi,DELHI,Online,2021-12-26
MER09417,MakeMyTrip 9417,Utilities,Kolkata,West Bengal,Online,2023-09-21
MER09418,BigBasket 9418,Automotive,Noida,Uttar Pradesh,Online,2025-01-04
MER09419,Paytm 9419,Restaurants,Surat,Gujarat,Online,2021-12-05
MER09420,Amazon India 9420,Ecommerce,Pune,Maharashtra,Online,2023-02-04
MER09421,Swiggy 9421,Food Delivery,Delhi,Delhi,Online,2024-09-10
MER09422,Reliance Digital 9422,Electronics,Kolkata,West Bengal,Offline,2024-07-11
MER09423,Apollo Pharmacy 9423,Healthcare,Noida,Uttar Pradesh,Online,2023-09-05
MER09424,BookMyShow 9424,Entertainment,Surat,Gujarat,Online,2022-11-12
MER09425,Flipkart 9425,Travel,Pune,Maharashtra,Offline,2021-06-24
MER09426,Myntra 9426,Grocery,Delhi,Delhi,Offline,2023-08-24
MER09427,MakeMyTrip 9427,Fashion,Kolkata,West Bengal,Online,2025-11-06
MER09428,BigBasket 9428,Education,Noida,Uttar Pradesh,Offline,2023-02-15
MER09429,Paytm 9429,Utilities,Surat,Gujarat,Online,2025-12-03
MER09430,Amazon India 9430,Automotive,Pune,Maharashtra,Online,2023-09-04
MER09431,Swiggy 9431,Restaurants,DELHI,Delhi,Offline,2025-04-30
MER09432,Reliance Digital 9432,Ecommerce,Kolkata,West Bengal,Online,2021-03-19
MER09433,Apollo Pharmacy 9433,Food Delivery,Noida,Uttar Pradesh,Offline,2023-09-20
MER09434,BookMyShow 9434,Electronics,Surat,Gujarat,Offline,2023-04-28
MER09435,Flipkart 9435,Healthcare,Pune,Maharashtra,Online,2024-09-18
MER09436,Myntra 9436,Entertainment,Delhi,Delhi,Offline,2024-08-25
MER09437,MakeMyTrip 9437,Travel,Kolkata,West Bengal,Online,2025-03-16
MER09438,BigBasket 9438,Grocery,Noida,Uttar Pradesh,Online,2021-03-12
MER09439,Paytm 9439,Fashion,Surat,Gujarat,Online,2021-04-06
MER09440,Amazon India 9440,Education,Pune,Maharashtra,Online,2021-05-28
MER09441,Swiggy 9441,Utilities,Delhi,Delhi,Online,2021-09-02
MER09442,Reliance Digital 9442,Automotive,Kolkata,West Bengal,Offline,2021-03-27
MER09443,Apollo Pharmacy 9443,Restaurants,Noida,Uttar Pradesh,Offline,2025-09-11
MER09444,BookMyShow 9444,Ecommerce,Surat,Gujarat,Offline,2022-03-11
MER09445,Flipkart 9445,Food Delivery,Pune,Maharashtra,Online,2021-11-17
MER09446,Myntra 9446,Electronics,Delhi,Delhi,Online,2024-12-18
MER09447,MakeMyTrip 9447,Healthcare,Kolkata,West Bengal,,2024-02-23
MER09448,BigBasket 9448,Entertainment,Noida,Uttar Pradesh,Online,2021-09-06
MER09449,Paytm 9449,Travel,Surat,Gujarat,Online,2025-01-19
MER09450,Amazon India 9450,Grocery,Pune,Maharashtra,Online,2022-03-11
MER09451,Swiggy 9451,Fashion,Delhi,Delhi,Online,2022-04-24
MER09452,Reliance Digital 9452,Education,Kolkata,West Bengal,Offline,2024-06-21
MER09453,Apollo Pharmacy 9453,Utilities,Noida,Uttar Pradesh,Online,2021-07-20
MER09454,BookMyShow 9454,Automotive,Surat,Gujarat,Offline,2025-08-30
MER09455,Flipkart 9455,Restaurants,Pune,Maharashtra,Offline,2021-07-09
MER09456,Myntra 9456,Ecommerce,Delhi,Delhi,Online,2021-05-07
MER09457,MakeMyTrip 9457,Food Delivery,Kolkata,West Bengal,Online,2024-11-07
MER09458,BigBasket 9458,Electronics,Noida,Uttar Pradesh,,2021-03-23
MER09459,Paytm 9459,Healthcare,Surat,Gujarat,Offline,2021-03-04
MER09460,Amazon India 9460,Entertainment,Pune,Maharashtra,Online,2024-05-22
MER09461,Swiggy 9461,Travel,Delhi,Delhi,Offline,2024-03-06
MER09462,Reliance Digital 9462,Grocery,Kolkata,West Bengal,Online,2022-08-02
MER09463,Apollo Pharmacy 9463,Fashion,Noida,Uttar Pradesh,Online,2023-10-18
MER09464,BookMyShow 9464,,Surat,Gujarat,Online,2022-05-24
MER09465,Flipkart 9465,Utilities,Pune,Maharashtra,Online,2022-05-12
MER09466,Myntra 9466,Automotive,Delhi,Delhi,Online,2022-07-14
MER09467,MakeMyTrip 9467,Restaurants,Kolkata,,Online,2023-11-10
MER09468,BigBasket 9468,Ecommerce,Noida,Uttar Pradesh,Online,2021-10-14
MER09469,Paytm 9469,Food Delivery,Surat,Gujarat,Online,2022-04-01
MER09470,Amazon India 9470,Electronics,Pune,Maharashtra,Offline,2025-07-18
MER09471,Swiggy 9471,Healthcare, Delhi ,Delhi,Online,2022-01-10
MER09472,Reliance Digital 9472,Entertainment,Kolkata,West Bengal,Offline,2021-02-01
MER09473,Apollo Pharmacy 9473,Travel,Noida,Uttar Pradesh,Offline,2021-11-24
MER09474,BookMyShow 9474,Grocery,Surat,Gujarat,Offline,2022-10-16
MER09475,Flipkart 9475,Fashion,Pune,Maharashtra,Online,2024-12-27
MER09476,Myntra 9476,Education,delhi,Delhi,Online,2022-05-13
MER09477,MakeMyTrip 9477,Utilities,Kolkata,West Bengal,Online,2022-11-23
MER09478,BigBasket 9478,Automotive,Noida,Uttar Pradesh,Online,2021-11-16
MER09479,Paytm 9479,Restaurants,Surat,Gujarat,Online,2022-01-27
MER09480,Amazon India 9480,Ecommerce,Pune,Maharashtra,Online,2024-09-10
MER09481,Swiggy 9481,Food Delivery,Delhi,Delhi,Online,2025-10-23
MER09482,Reliance Digital 9482,Electronics,Kolkata,West Bengal,unknown,
MER09483,Apollo Pharmacy 9483,Healthcare,,Uttar Pradesh,Offline,2022-12-31
MER09484,BookMyShow 9484,Entertainment,Surat,Gujarat,Online,2024-06-03
MER09485,Flipkart 9485,Travel,Pune,Maharashtra,Offline,2025-01-20
MER09486,Myntra 9486,Grocery,Delhi,Delhi,Offline,2025-11-11
MER09487,MakeMyTrip 9487,Fashion,Kolkata,West Bengal,Offline,2021-10-21
MER09488,BigBasket 9488,Education,Noida,Uttar Pradesh,Offline,2021-06-16
MER09489,Paytm 9489,Utilities,Surat,Gujarat,Online,2022-06-12
MER09490,Amazon India 9490,Automotive,Pune,Maharashtra,,2023-09-22
MER09491,Swiggy 9491,Restaurants,Delhi,Delhi,Offline,2024-03-12
MER09492,Reliance Digital 9492,Ecommerce,Kolkata,West Bengal,Online,2024-10-28
MER09493,Apollo Pharmacy 9493,Food Delivery,Noida,Uttar Pradesh,Online,2022-11-06
MER09494,BookMyShow 9494,Electronics,Surat,Gujarat,Offline,2021-10-31
MER09495,Flipkart 9495,Healthcare,Pune,Maharashtra,Offline,2025-05-10
MER09496,Myntra 9496,Entertainment,Delhi,Delhi,Online,2023-04-12
MER09497,MakeMyTrip 9497,Travel,Kolkata,West Bengal,Offline,2021-07-22
MER09498,BigBasket 9498,Grocery,Noida,Uttar Pradesh,Online,
MER09499,Paytm 9499,Fashion,Surat,Gujarat,Online,2021-02-23
MER09500,Amazon India 9500,Education,Pune,Maharashtra,Online,2021-06-22
MER09501,Swiggy 9501,Utilities,Delhi,Delhi,Online,2025-08-30
MER09502,Reliance Digital 9502,Automotive, Kolkata ,West Bengal,Online,2023-11-24
MER09503,Apollo Pharmacy 9503,Restaurants,Noida,UTTAR PRADESH,Offline,2024-11-13
MER09504,BookMyShow 9504,Ecommerce,Surat,Gujarat,Online,2021-11-29
MER09505,Flipkart 9505,Food Delivery,Pune,Maharashtra,Offline,2021-08-02
MER09506,Myntra 9506,Electronics,Delhi,Delhi,Online,2023-08-10
MER09507,MakeMyTrip 9507,Healthcare,Kolkata,West Bengal,Offline,2022-10-14
MER09508,BigBasket 9508,Entertainment,Noida,Uttar Pradesh,Offline,2023-12-17
MER09509,Paytm 9509,Travel,Surat,Gujarat,Online,2023-05-08
MER09510,Amazon India 9510,Grocery,Pune,Maharashtra,Offline,2025-11-25
MER09511,Swiggy 9511,Fashion,Delhi,Delhi,Online,2023-09-15
MER09512,Reliance Digital 9512,Education,Kolkata,West Bengal,Offline,2022-10-10
MER09513,Apollo Pharmacy 9513,Utilities,Noida,Uttar Pradesh,Online,2024-05-22
MER09514,BookMyShow 9514,Automotive,Surat,Gujarat,Online,2022-12-28
MER09515,Flipkart 9515,Restaurants,Pune,Maharashtra,Offline,2022-08-12
MER09516,Myntra 9516,Ecommerce,Delhi,Delhi,Offline,2025-09-04
MER09517,MakeMyTrip 9517,Food Delivery,Kolkata,West Bengal,Online,2022-05-07
MER09518,BigBasket 9518,Electronics,Noida,Uttar Pradesh,Online,2023-03-04
MER09519,Paytm 9519,Healthcare,Surat,Gujarat,Online,2024-08-31
MER09520,Amazon India 9520,Entertainment,PUNE,Maharashtra,Online,2024-05-18
MER09521,Swiggy 9521,Travel,Delhi,Delhi,Online,2025-01-18
MER09522,Reliance Digital 9522,Grocery,Kolkata,West Bengal,Offline,2023-12-07
MER09523,Apollo Pharmacy 9523,Fashion,Noida,Uttar Pradesh,Offline,2024-12-16
MER09524,BookMyShow 9524,Education,Surat,Gujarat,Online,2021-01-20
MER09525,Flipkart 9525,Utilities,Pune,Maharashtra,Offline,2023-04-16
MER09526,Myntra 9526,Automotive,Delhi,Delhi,Online,2025-09-14
MER09527,MakeMyTrip 9527,Restaurants,Kolkata,West Bengal,Online,2022-01-02
MER09528,BigBasket 9528,Ecommerce,Noida,Uttar Pradesh,Online,2021-09-26
MER09529,Paytm 9529,Food Delivery,Surat,Gujarat,Offline,2023-01-03
MER09530,Amazon India 9530,Electronics,Pune,Maharashtra,Online,2024-02-08
MER09531,Swiggy 9531,Healthcare,Delhi,Delhi,Online,2023-01-03
MER09532,Reliance Digital 9532,Entertainment,Kolkata,West Bengal,Offline,2023-04-07
MER09533,Apollo Pharmacy 9533,Travel,Noida,Uttar Pradesh,Online,2023-02-20
MER09534,BookMyShow 9534,Grocery,Surat,Gujarat,Online,2024-08-16
MER09535,Flipkart 9535,Fashion,Pune,Maharashtra,Offline,2023-08-19
MER09536,Myntra 9536,Education,Delhi,Delhi,Online,2024-11-13
MER09537,MakeMyTrip 9537,Utilities,Kolkata,West Bengal,Online,2023-08-18
MER09538,BigBasket 9538,Automotive,Noida,Uttar Pradesh,Offline,2023-04-19
MER09539,Paytm 9539,Restaurants,Surat,Gujarat,Online,2023-11-14
MER09540,Amazon India 9540,Ecommerce,Pune,Maharashtra,Online,2024-09-15
MER09541,Swiggy 9541,Food Delivery,Delhi,Delhi,Online,2024-02-09
MER09542,Reliance Digital 9542,Electronics,Kolkata,West Bengal,Online,2024-01-06
MER09543,Apollo Pharmacy 9543,Healthcare,Noida,Uttar Pradesh,Online,2022-07-30
MER09544,BookMyShow 9544,Entertainment, Surat ,Gujarat,Online,2025-10-13
MER09545,Flipkart 9545,Travel,Pune,Maharashtra,Online,2022-09-17
MER09546,Myntra 9546,Grocery, Delhi ,Delhi,Online,2025-06-01
MER09547,MakeMyTrip 9547,Fashion,Kolkata,West Bengal,Online,2024-06-12
MER09548,BigBasket 9548,Education,Noida,Uttar Pradesh,Offline,2025-08-16
MER09549,Paytm 9549,Utilities,Surat,Gujarat,Online,2021-08-26
MER09550,Amazon India 9550,Automotive,Pune,Maharashtra,Online,2024-03-23
MER09551,Swiggy 9551,Restaurants,Delhi,Delhi,Online,2023-12-16
MER09552,Reliance Digital 9552,Ecommerce,Kolkata,West Bengal,Online,2021-04-28
MER09553,Apollo Pharmacy 9553,Food Delivery,Noida,Uttar Pradesh,Online,2022-07-06
MER09554,BookMyShow 9554,Electronics,Surat,Gujarat,Online,2023-01-16
MER09555,Flipkart 9555,Healthcare,Pune,Maharashtra,Online,2024-07-06
MER03726,Myntra 3726,Grocery,Delhi,Delhi,Offline,2024-07-07
MER09557,MakeMyTrip 9557,Travel,Kolkata,West Bengal,Online,2025-06-19
MER09558,BigBasket 9558,Grocery,Noida,Uttar Pradesh,Online,2021-04-30
MER09559,Paytm 9559,Fashion,Surat,Gujarat,Online,2022-11-03
MER09560,Amazon India 9560,Education,Pune,Maharashtra,Online,2025-02-27
MER09561,Swiggy 9561,Utilities,Delhi,Delhi,Online,2022-11-21
MER09562,Reliance Digital 9562,Automotive,Kolkata,West Bengal,Online,2021-02-27
MER09563,Apollo Pharmacy 9563,Restaurants,Noida,Uttar Pradesh,Offline,2025-01-22
MER09564,BookMyShow 9564,Ecommerce,Surat,Gujarat,Online,2024-07-17
MER09565,Flipkart 9565,Food Delivery,Pune, Maharashtra ,Online,2025-06-12
MER09566,Myntra 9566,Electronics,Delhi,Delhi,Offline,2023-01-22
MER09567,MakeMyTrip 9567,Healthcare,Kolkata,West Bengal,Offline,2022-10-07
MER09568,BigBasket 9568,Entertainment,Noida,Uttar Pradesh,Offline,2023-06-09
MER09569,Paytm 9569,Travel,Surat,Gujarat,Online,2021-11-07
MER09570,Amazon India 9570,Grocery,Pune,Maharashtra,Online,2024-06-26
MER09571,,Fashion,Delhi,Delhi,Offline,2023-05-28
MER09572,Reliance Digital 9572,Education,Kolkata,West Bengal,Online,2023-05-30
MER09573,Apollo Pharmacy 9573,Utilities,Noida,Uttar Pradesh,Offline,2025-07-20
MER09574,BookMyShow 9574,Automotive,Surat,Gujarat,Online,2022-07-21
MER09575,Flipkart 9575,Restaurants,Pune,Maharashtra,Offline,2025-07-22
MER09576,Myntra 9576,Ecommerce,Delhi,Delhi,Online,2022-02-07
MER09577,MakeMyTrip 9577,Food Delivery,Kolkata,West Bengal,Online,2022-11-17
MER09578,BigBasket 9578,Electronics,Noida,Uttar Pradesh,Online,2024-09-01
MER09579,Paytm 9579,Healthcare,Surat,Gujarat,Online,2024-10-17
MER05913,Apollo Pharmacy 5913,Utilities,Noida,Uttar Pradesh,Offline,2021-02-18
MER09581,Swiggy 9581,Travel,Delhi,Delhi,Offline,2023-11-24
MER09582,Reliance Digital 9582,Grocery,Kolkata,West Bengal,Online,2024-09-28
MER09583,Apollo Pharmacy 9583,Fashion,Noida,Uttar Pradesh,Online,2021-02-07
MER09584,BookMyShow 9584,Education,Surat,Gujarat,Online,2023-08-12
MER09585,Flipkart 9585,Utilities,Pune,Maharashtra,Offline,2022-10-02
MER09586,Myntra 9586,Automotive,Delhi,Delhi,Online,2024-04-19
MER09587,MakeMyTrip 9587,Restaurants,Kolkata,West Bengal,Online,2022-01-25
MER09588,BigBasket 9588,Ecommerce,Noida,Uttar Pradesh,Online,2022-12-31
MER09589,Paytm 9589,Food Delivery,Surat,Gujarat,Offline,2022-11-12
MER09590,Amazon India 9590,Electronics,pune,Maharashtra,Online,2023-07-16
MER09591,Swiggy 9591,Healthcare,Delhi,Delhi,Online,2025-05-29
MER09592,Reliance Digital 9592,Entertainment,Kolkata,West Bengal,Offline,2024-02-06
MER09593,Apollo Pharmacy 9593,Travel,Noida,Uttar Pradesh,Online,2024-03-05
MER09594,BookMyShow 9594,Grocery,Surat,Gujarat,Offline,2024-04-11
MER09595,Flipkart 9595,Fashion,pune,Maharashtra,Online,2024-07-25
MER09596,Myntra 9596,Education,Delhi,Delhi,Online,2023-01-23
MER09597,MakeMyTrip 9597,Utilities,Kolkata,West Bengal,Online,2024-06-18
MER09598,BigBasket 9598,Automotive,Noida,Uttar Pradesh,Online,2021-03-25
MER09599,Paytm 9599,Restaurants,Surat,Gujarat,Online,2024-12-17
MER09600,Amazon India 9600,Ecommerce,Pune,Maharashtra,Online,2023-10-31
MER09601,Swiggy 9601,Food Delivery,Delhi,Delhi,Online,2021-07-25
MER09602,Reliance Digital 9602,Electronics,Kolkata,West Bengal,Online,2023-09-02
MER09603,Apollo Pharmacy 9603,Healthcare,Noida,Uttar Pradesh,Offline,2025-06-10
MER09604,BookMyShow 9604,Entertainment,Surat,Gujarat,Online,2025-03-21
MER09605,Flipkart 9605,,Pune,Maharashtra,Online,2021-03-27
MER09606,Myntra 9606,Grocery,Delhi,Delhi,Online,2023-06-01
MER09607,MakeMyTrip 9607,Fashion,Kolkata,West Bengal,Online,2024-08-30
MER09608,BigBasket 9608,Education,Noida,Uttar Pradesh,Offline,2024-10-17
MER09609,Paytm 9609,Utilities,Surat,Gujarat,Offline,2023-04-05
MER09610,Amazon India 9610,Automotive,Pune,Maharashtra,Online,2024-02-08
MER09611,Swiggy 9611,Restaurants,Delhi,Delhi,Offline,2022-03-31
MER09612,Reliance Digital 9612,Ecommerce,Kolkata,West Bengal,Offline,2021-07-10
MER09613,Apollo Pharmacy 9613,Food Delivery,Noida,Uttar Pradesh,Online,2023-10-17
MER09614,BookMyShow 9614,Electronics,,Gujarat,Offline,2021-08-24
MER09372,Reliance Digital 9372,Ecommerce,Kolkata,West Bengal,Offline,2023-03-30
MER09616,Myntra 9616,Entertainment,Delhi,Delhi,Online,2023-08-18
MER09617,MakeMyTrip 9617,Travel,Kolkata,West Bengal,,2024-05-26
MER09618,BigBasket 9618,Grocery,Noida,Uttar Pradesh,Offline,2023-12-05
MER09619,Paytm 9619,Fashion,Surat,Gujarat,Online,2023-02-07
MER09620,Amazon India 9620,Education,Pune,Maharashtra,,2024-11-06
MER09621,Swiggy 9621,Utilities,Delhi,Delhi,Offline,2023-05-06
MER09622,Reliance Digital 9622,Automotive,Kolkata,West Bengal,Offline,2022-05-06
MER09623,Apollo Pharmacy 9623,Restaurants,Noida,Uttar Pradesh,Online,2022-02-17
MER09624,BookMyShow 9624,Ecommerce,Surat,,Online,2025-08-18
MER09625,Flipkart 9625,Food Delivery,Pune,Maharashtra,Offline,2021-11-21
MER09626,Myntra 9626,Electronics,Delhi,Delhi,Online,2024-02-20
MER09627,MakeMyTrip 9627,Healthcare,Kolkata,West Bengal,Online,2021-11-04
MER09628,BigBasket 9628,Entertainment,Noida,Uttar Pradesh,Online,
MER01237,MakeMyTrip 1237,Food Delivery,Kolkata,West Bengal,Online,2021-11-25
MER09630,Amazon India 9630,Grocery,Pune,Maharashtra,Online,2021-04-18
MER09631,Swiggy 9631,Fashion,Delhi,Delhi,Online,2025-08-13
MER09632,Reliance Digital 9632,Education,Kolkata,West Bengal,Offline,2024-03-07
MER09633,Apollo Pharmacy 9633,Utilities,Noida,Uttar Pradesh,Offline,2024-09-25
MER09634,BookMyShow 9634,Automotive,Surat,Gujarat,Online,2023-12-13
MER09635,Flipkart 9635,Restaurants,Pune,Maharashtra,Online,2024-05-08
MER09636,Myntra 9636,Ecommerce,Delhi,Delhi,Online,2022-05-09
,Apollo Pharmacy 6183,Healthcare,Noida,Uttar Pradesh,Online,2025-12-02
MER09638,BigBasket 9638,Electronics,Noida,Uttar Pradesh,Online,2022-01-06
MER09639,Paytm 9639,Healthcare,Surat,Gujarat,Offline,2023-08-16
MER09640,,Entertainment,Pune,,Online,2023-10-22
MER09641,Swiggy 9641,Travel,Delhi,Delhi,Online,2024-06-22
MER09642,Reliance Digital 9642,Grocery,Kolkata,West Bengal,Online,2024-11-06
MER09643,Apollo Pharmacy 9643,Fashion,Noida,Uttar Pradesh,Online,2021-04-22
MER09644,BookMyShow 9644,Education,surat,Gujarat,Offline,2024-02-06
,Flipkart 9645,Utilities,Pune,Maharashtra,Offline,2021-11-17
MER09646,Myntra 9646,Automotive,Delhi,DELHI,Online,2021-02-14
MER09647,MakeMyTrip 9647,Restaurants,Kolkata,West Bengal,Offline,2024-11-17
MER09648,BigBasket 9648,Ecommerce,Noida,Uttar Pradesh,Offline,2025-03-25
MER09649,Paytm 9649,Food Delivery,Surat,,Offline,2024-12-21
MER09650,Amazon India 9650,Electronics,Pune,Maharashtra,Offline,2022-04-18
MER09651,Swiggy 9651,Healthcare,Delhi,Delhi,Online,2022-02-12
MER09652,Reliance Digital 9652,Entertainment,Kolkata,West Bengal,Offline,2021-05-11
MER09653,Apollo Pharmacy 9653,Travel,Noida,Uttar Pradesh,Online,2023-05-03
MER09654,BookMyShow 9654,Grocery,Surat,Gujarat,Online,2022-08-21
MER09655,,Fashion,Pune,Maharashtra,Online,2024-05-12
MER09656,Myntra 9656,Education,Delhi,Delhi,Online,2022-03-10
MER09657,MakeMyTrip 9657,Utilities,Kolkata,West Bengal,Online,2023-07-24
MER09658,BigBasket 9658,Automotive,Noida,Uttar Pradesh,Online,2023-12-28
MER09659,Paytm 9659,Restaurants,Surat,Gujarat,Online,2023-01-07
MER09660,Amazon India 9660,Ecommerce,Pune,Maharashtra,Online,2025-08-22
MER09661,Swiggy 9661,Food Delivery,Delhi,Delhi,Offline,2025-01-05
MER09662,Reliance Digital 9662,Electronics,Kolkata,West Bengal,Offline,2024-04-21
MER09663,Apollo Pharmacy 9663,Healthcare,Noida,Uttar Pradesh,Online,2021-09-30
MER09664,BookMyShow 9664,Entertainment,Surat,Gujarat,Offline,2025-06-06
MER09665,Flipkart 9665,Travel,Pune,Maharashtra,Online,2024-05-30
MER09666,Myntra 9666,Grocery,Delhi,Delhi,Online,2023-12-30
MER09667,MakeMyTrip 9667,Fashion,KOLKATA,West Bengal,Offline,2021-12-01
MER09668,BigBasket 9668,Education,Noida,Uttar Pradesh,Offline,2021-05-01
MER09669,Paytm 9669,Utilities,Surat,Gujarat,Online,2023-05-11
MER09670,Amazon India 9670,Automotive,Pune,Maharashtra,Offline,2022-09-09
MER09671,Swiggy 9671,Restaurants,,Delhi,Online,2024-10-31
,Reliance Digital 9672,Ecommerce,Kolkata,West Bengal,Online,2024-04-14
MER09673,Apollo Pharmacy 9673,Food Delivery,Noida,Uttar Pradesh,Online,2022-09-09
MER09674,BookMyShow 9674,Electronics,Surat,Gujarat,Online,2024-02-04
MER09675,Flipkart 9675,Healthcare,Pune,Maharashtra,Online,2021-08-05
MER09676,Myntra 9676,Entertainment,Delhi,Delhi,Online,2022-01-13
MER09677,MakeMyTrip 9677,Travel,Kolkata,West Bengal,Offline,2024-05-15
MER09678,BigBasket 9678,Grocery,Noida,Uttar Pradesh,Online,2023-10-13
MER09679,Paytm 9679,Fashion,Surat,Gujarat,Online,2025-10-24
MER09680,Amazon India 9680,Education,Pune,Maharashtra,Offline,2023-11-26
MER09681,Swiggy 9681,Utilities,Delhi,Delhi,Online,
MER09682,Reliance Digital 9682,Automotive,Kolkata,West Bengal,Online,2024-11-02
MER09683,Apollo Pharmacy 9683,Restaurants,Noida,Uttar Pradesh,Online,2023-08-26
MER09684,BookMyShow 9684,Ecommerce,Surat,Gujarat,Online,2025-06-28
MER09685,Flipkart 9685,Food Delivery,Pune,Maharashtra,Offline,2025-09-15
MER09686,Myntra 9686,Electronics,Delhi,Delhi,Offline,2022-03-05
MER09687,MakeMyTrip 9687,Healthcare,KOLKATA,West Bengal,Offline,2022-12-08
MER09688,BigBasket 9688,Entertainment,Noida,Uttar Pradesh,Online,2021-03-11
MER09689,Paytm 9689,Travel,Surat,Gujarat,Offline,2023-01-24
MER09690,Amazon India 9690,Grocery,Pune,Maharashtra,Offline,2024-01-26
MER09691,Swiggy 9691,Fashion,Delhi,Delhi,Online,2025-07-06
MER09692,Reliance Digital 9692,Education,Kolkata,West Bengal,Offline,2025-07-26
MER09693,Apollo Pharmacy 9693,Utilities,Noida,UTTAR PRADESH,Offline,2024-11-21
MER09694,BookMyShow 9694,Automotive,Surat,Gujarat,Online,2021-08-29
MER09695,Flipkart 9695,Restaurants,Pune,Maharashtra,Offline,2024-05-07
MER09696,Myntra 9696,Ecommerce,Delhi,Delhi,Online,2021-09-06
MER09697,MakeMyTrip 9697,Food Delivery,Kolkata,West Bengal,Online,2025-01-17
MER09698,BigBasket 9698,Electronics,Noida,Uttar Pradesh,Online,2024-02-19
MER09699,Paytm 9699,Healthcare,Surat,Gujarat,Online,2022-09-15
MER09700,Amazon India 9700,Entertainment,Pune,Maharashtra,Offline,2023-08-01
MER09701,Swiggy 9701,Travel,Delhi,Delhi,Online,2023-11-10
MER09702,Reliance Digital 9702,Grocery,Kolkata,West Bengal,Offline,2023-04-19
MER09703,Apollo Pharmacy 9703,Fashion,Noida,Uttar Pradesh,Online,2024-12-11
MER09704,BookMyShow 9704,Education,Surat,Gujarat,Online,2022-06-29
MER09705,Flipkart 9705,Utilities,Pune,Maharashtra,Online,2022-04-26
MER09706,Myntra 9706,Automotive,Delhi,Delhi,Online,2024-10-13
MER09707,MakeMyTrip 9707,Restaurants,Kolkata,West Bengal,Offline,2024-04-05
MER09708,BigBasket 9708,,Noida,Uttar Pradesh,Online,2025-02-19
MER09709,Paytm 9709,Food Delivery,Surat,Gujarat,Online,2022-02-22
MER09710,Amazon India 9710,Electronics,Pune,Maharashtra,Offline,2021-06-13
MER09711,Swiggy 9711,Healthcare,Delhi,Delhi,Offline,2021-04-09
MER09712,Reliance Digital 9712,Entertainment,Kolkata,West Bengal,Online,2023-08-19
MER09713,Apollo Pharmacy 9713,Travel,Noida,Uttar Pradesh,Online,2021-04-25
MER09714,BookMyShow 9714,Grocery,surat,Gujarat,Online,2021-04-11
MER09715,Flipkart 9715,Fashion,Pune,Maharashtra,Online,2025-12-01
MER09716,Myntra 9716,Education,Delhi,Delhi,Offline,2021-01-27
MER09717,MakeMyTrip 9717,Utilities,Kolkata,West Bengal,Online,2021-09-17
MER09718,BigBasket 9718,Automotive,Noida,Uttar Pradesh,Offline,2023-08-02
MER09719,Paytm 9719,Restaurants,surat,Gujarat,Online,2025-11-22
MER09720,Amazon India 9720,Ecommerce,Pune,Maharashtra,Online,2024-07-23
MER09721,Swiggy 9721,Food Delivery,Delhi,,Online,2023-06-27
MER09722,Reliance Digital 9722,Electronics,Kolkata,West Bengal,Online,2025-10-15
MER09723,Apollo Pharmacy 9723,Healthcare,Noida,Uttar Pradesh,Offline,2021-09-02
MER09724,BookMyShow 9724,Entertainment,Surat,Gujarat,Online,2021-01-30
MER09725,Flipkart 9725,Travel,Pune,Maharashtra,Online,2024-02-08
MER09726,Myntra 9726,Grocery,Delhi,Delhi,Online,2021-08-28
MER09727,MakeMyTrip 9727,Fashion,Kolkata,West Bengal,Offline,2024-05-29
MER09728,BigBasket 9728,Education,Noida,Uttar Pradesh,Online,2023-08-19
MER09729,Paytm 9729,Utilities,Surat,Gujarat,Online,2022-10-21
MER09730,Amazon India 9730,Automotive,Pune,Maharashtra,Online,2023-05-01
MER09731,Swiggy 9731,Restaurants,Delhi,Delhi,Online,2024-07-06
MER09732,Reliance Digital 9732,Ecommerce,Kolkata,West Bengal,Online,2022-11-26
MER09733,Apollo Pharmacy 9733,Food Delivery,Noida,Uttar Pradesh,Online,2023-11-16
MER09734,BookMyShow 9734,Electronics,Surat,Gujarat,Online,2022-01-27
MER09735,Flipkart 9735,Healthcare,Pune,Maharashtra,Offline,2024-10-30
MER09736,Myntra 9736,Entertainment,Delhi,Delhi,Online,2024-04-07
MER09737,MakeMyTrip 9737,Travel,Kolkata,West Bengal,Online,2021-12-14
MER09738,BigBasket 9738,Grocery,Noida,Uttar Pradesh,Online,2024-09-07
MER09739,Paytm 9739,Fashion,Surat,Gujarat,Online,2025-01-09
MER09740,Amazon India 9740,Education,Pune,Maharashtra,Online,2025-07-08
MER09741,Swiggy 9741,Utilities,Delhi,Delhi,Online,2025-01-13
MER09742,Reliance Digital 9742,Automotive,Kolkata,West Bengal,Online,2023-12-30
MER09743,Apollo Pharmacy 9743,Restaurants,Noida,Uttar Pradesh,Online,2022-05-05
MER09744,,Ecommerce,Surat,Gujarat,Online,2021-07-09
MER09745,Flipkart 9745,Food Delivery,Pune,Maharashtra,Offline,2024-06-28
MER09746,Myntra 9746,Electronics,Delhi,Delhi,Online,2025-06-02
MER09747,MakeMyTrip 9747,Healthcare,Kolkata,West Bengal,Online,2021-08-04
MER09748,BigBasket 9748,Entertainment,Noida,Uttar Pradesh,Offline,2022-04-18
MER09749,Paytm 9749,Travel,Surat,Gujarat,Offline,2024-04-16
MER09750,Amazon India 9750,Grocery,Pune,Maharashtra,Online,2023-11-18
MER09751,Swiggy 9751,Fashion,Delhi,Delhi,Online,2024-11-05
MER09752,Reliance Digital 9752,Education,Kolkata,West Bengal,,2023-12-16
MER09753,Apollo Pharmacy 9753,,,Uttar Pradesh,Online,2025-10-28
MER09754,BookMyShow 9754,Automotive,Surat,Gujarat,Online,2021-06-25
MER09755,Flipkart 9755,Restaurants,,Maharashtra,Offline,2024-02-09
MER09756,Myntra 9756,Ecommerce,Delhi,Delhi,Online,2024-10-20
MER09757,MakeMyTrip 9757,Food Delivery,kolkata,West Bengal,Online,2022-05-27
MER09758,BigBasket 9758,Electronics, Noida ,Uttar Pradesh,Online,2022-08-02
MER09759,Paytm 9759,Healthcare,Surat,Gujarat,Offline,2021-11-23
MER09760,Amazon India 9760,Entertainment,Pune,,Online,2021-03-13
MER09761,Swiggy 9761,Travel,Delhi,Delhi,Online,2025-05-18
MER09762,Reliance Digital 9762,Grocery,Kolkata,West Bengal,Offline,2025-01-19
MER09763,Apollo Pharmacy 9763,Fashion,Noida,Uttar Pradesh,Offline,2023-08-18
MER09764,BookMyShow 9764,Education,Surat,Gujarat,Online,2022-02-28
MER09765,Flipkart 9765,Utilities,Pune,Maharashtra,Online,2024-06-04
MER09766,Myntra 9766,Automotive,Delhi,Delhi,Online,2021-05-18
MER09767,MakeMyTrip 9767,Restaurants,Kolkata,West Bengal,Offline,2023-05-18
MER09768,BigBasket 9768,Ecommerce,Noida,Uttar Pradesh,Online,2024-05-16
MER09769,Paytm 9769,Food Delivery,Surat,Gujarat,Online,2021-10-06
MER09770,Amazon India 9770,Electronics,Pune,Maharashtra,Online,2024-04-01
MER09771,Swiggy 9771,Healthcare,Delhi,Delhi,Offline,2025-06-05
MER09772,Reliance Digital 9772,Entertainment,Kolkata,West Bengal,Offline,2021-10-16
MER09773,Apollo Pharmacy 9773,Travel,Noida,Uttar Pradesh,Offline,2021-04-05
MER09774,BookMyShow 9774,Grocery,Surat,Gujarat,Online,2024-03-05
MER09775,Flipkart 9775,Fashion,Pune,Maharashtra,Online,2021-11-25
MER09776,Myntra 9776,Education,Delhi,Delhi,Online,2022-08-13
MER09777,MakeMyTrip 9777,Utilities,Kolkata,West Bengal,Offline,2021-09-07
MER05737,MakeMyTrip 5737,Food Delivery,Kolkata,West Bengal,Offline,2023-01-10
MER09779,Paytm 9779,,Surat,Gujarat,Online,2025-06-29
MER09780,Amazon India 9780,Ecommerce,Pune,Maharashtra,Offline,2024-02-05
MER09781,Swiggy 9781,Food Delivery,Delhi,Delhi,Online,2021-06-06
MER09782,Reliance Digital 9782,Electronics,Kolkata,West Bengal,Online,2025-07-13
MER09783,Apollo Pharmacy 9783,Healthcare,Noida,Uttar Pradesh,Online,2024-04-01
MER09784,BookMyShow 9784,Entertainment,Surat,Gujarat,Offline,2021-01-08
MER09785,Flipkart 9785,Travel,Pune,Maharashtra,Offline,2025-07-28
MER09786,Myntra 9786,Grocery,,Delhi,Offline,2022-10-23
MER09787,MakeMyTrip 9787,Fashion,Kolkata,West Bengal,Online,2024-01-01
MER09788,BigBasket 9788,Education,Noida,Uttar Pradesh,Online,2025-11-05
MER09789,Paytm 9789,Utilities,Surat,Gujarat,Offline,2025-06-06
MER09790,Amazon India 9790,Automotive,Pune,Maharashtra,Offline,2022-01-27
MER09791,Swiggy 9791,Restaurants,Delhi,Delhi,Offline,2023-04-12
MER09792,Reliance Digital 9792,Ecommerce,Kolkata,West Bengal,Online,2025-09-08
MER09793,Apollo Pharmacy 9793,Food Delivery,Noida,Uttar Pradesh,Online,2023-04-21
MER09794,BookMyShow 9794,Electronics,Surat,Gujarat,Online,2021-06-22
MER09795,Flipkart 9795,Healthcare,Pune,Maharashtra,Offline,2023-10-01
MER09796,Myntra 9796,Entertainment,Delhi,Delhi,Offline,2025-07-30
MER09797,MakeMyTrip 9797,Travel,Kolkata,West Bengal,Online,2025-07-26
MER09798,BigBasket 9798,Grocery,Noida,Uttar Pradesh,Offline,2023-12-07
MER09799,Paytm 9799,Fashion,Surat,Gujarat,Offline,2023-12-29
MER09800,Amazon India 9800,Education,Pune,Maharashtra,Online,2021-06-17
MER09801,Swiggy 9801,Utilities,Delhi,Delhi,Online,2021-11-24
MER09802,Reliance Digital 9802,Automotive,Kolkata,West Bengal,Online,2021-11-07
MER09803,Apollo Pharmacy 9803,Restaurants,Noida,UTTAR PRADESH,Online,2023-11-17
MER09804,BookMyShow 9804,Ecommerce,Surat,Gujarat,Online,2025-06-20
MER09805,Flipkart 9805,Food Delivery,Pune,Maharashtra,Online,2025-03-02
MER09806,Myntra 9806,Electronics,Delhi,Delhi,Offline,2024-04-17
MER09807,MakeMyTrip 9807,Healthcare,Kolkata,,Online,2025-07-11
MER09808,BigBasket 9808,Entertainment,Noida,Uttar Pradesh,Online,2024-12-13
MER09809,Paytm 9809,Travel,Surat,Gujarat,Offline,2024-08-18
MER09810,Amazon India 9810,Grocery,Pune,Maharashtra,,2021-04-10
MER09811,Swiggy 9811,Fashion,Delhi,Delhi,Offline,2025-04-22
MER09812,Reliance Digital 9812,Education,Kolkata,West Bengal,Online,2022-04-16
MER09813,Apollo Pharmacy 9813,Utilities,Noida,Uttar Pradesh,Online,2024-05-03
MER09814,BookMyShow 9814,Automotive,Surat,Gujarat,Online,2023-02-01
MER09815,Flipkart 9815,Restaurants,Pune,Maharashtra,Offline,2021-01-04
MER09816,Myntra 9816,Ecommerce,Delhi,Delhi,Online,2024-07-02
MER09817,,Food Delivery,Kolkata,West Bengal,Online,2024-08-26
MER09818,BigBasket 9818,Electronics,Noida,Uttar Pradesh,Online,2022-01-09
MER09819,Paytm 9819,Healthcare,Surat,Gujarat,Offline,2022-08-29
MER09820,Amazon India 9820,Entertainment,Pune,Maharashtra,Online,2023-07-22
MER09821,Swiggy 9821,Travel,Delhi,Delhi,Online,2022-06-09
MER09822,Reliance Digital 9822,Grocery,Kolkata,West Bengal,Online,2023-05-18
MER09823,Apollo Pharmacy 9823,Fashion,Noida,Uttar Pradesh,Online,2021-03-04
MER09824,BookMyShow 9824,Education,Surat,Gujarat,Offline,2021-07-14
MER09825,Flipkart 9825,Utilities,Pune, Maharashtra ,Offline,2022-07-06
MER09826,Myntra 9826,Automotive,Delhi,Delhi,Online,2025-01-13
MER09827,MakeMyTrip 9827,Restaurants,Kolkata,West Bengal,Offline,2025-10-04
MER09828,BigBasket 9828,Ecommerce,Noida,Uttar Pradesh,Online,2022-01-07
MER09829,Paytm 9829,Food Delivery,Surat,Gujarat,online,2023-05-07
MER09830,Amazon India 9830,Electronics, Pune ,Maharashtra,Online,2021-02-22
MER09831,Swiggy 9831,Healthcare,Delhi,Delhi,Offline,2022-08-19
MER09832,Reliance Digital 9832,Entertainment,Kolkata,West Bengal,Offline,2022-07-13
MER09833,Apollo Pharmacy 9833,Travel,Noida,Uttar Pradesh,Online,
MER09834,BookMyShow 9834,,Surat,Gujarat,Online,2024-06-05
MER09835,Flipkart 9835,Fashion,Pune,Maharashtra,Online,2023-04-04
MER09836,Myntra 9836,Education,,Delhi,Offline,2024-04-29
MER09837,MakeMyTrip 9837,Utilities,Kolkata,West Bengal,Offline,2025-08-11
MER09838,BigBasket 9838,Automotive,Noida,Uttar Pradesh,Offline,2024-02-18
MER09839,Paytm 9839,Restaurants,,Gujarat,Online,2024-02-06
MER09840,Amazon India 9840,Ecommerce,Pune,Maharashtra,Online,2025-08-16
MER09841,Swiggy 9841,Food Delivery,Delhi,Delhi,Online,2021-11-10
MER09842,Reliance Digital 9842,Electronics,Kolkata,West Bengal,Online,2025-11-14
MER09843,Apollo Pharmacy 9843,Healthcare,Noida,Uttar Pradesh,Online,2022-12-13
MER09844,BookMyShow 9844,Entertainment,Surat,Gujarat,Online,2025-11-27
MER09845,Flipkart 9845,Travel,Pune,Maharashtra,Online,2025-04-02
MER09846,Myntra 9846,Grocery,Delhi,Delhi,Online,2025-06-20
MER09847,MakeMyTrip 9847,Fashion,Kolkata,West Bengal,Online,2021-01-05
MER09848,BigBasket 9848,Education,Noida,Uttar Pradesh,Online,2022-04-29
MER09849,Paytm 9849,Utilities,Surat,Gujarat,Online,
MER09850,Amazon India 9850,Automotive,Pune,Maharashtra,OFFLINE,2025-05-19
MER09851,Swiggy 9851,Restaurants,Delhi,Delhi,Online,2021-10-10
MER09852,Reliance Digital 9852,Ecommerce,Kolkata,West Bengal,Offline,2021-03-13
MER09853,Apollo Pharmacy 9853,Food Delivery,Noida,Uttar Pradesh,Online,2023-10-28
MER09854,BookMyShow 9854,Electronics,Surat,Gujarat,Offline,2023-02-21
MER09855,Flipkart 9855,Healthcare,Pune,Maharashtra,Online,2021-09-15
MER09856,Myntra 9856,Entertainment,Delhi,Delhi,Online,2022-04-04
MER09857,MakeMyTrip 9857,Travel,Kolkata,West Bengal,Online,2024-01-13
MER09858,BigBasket 9858,Grocery,Noida,Uttar Pradesh,Offline,2023-12-02
MER09859,Paytm 9859,Fashion,Surat,Gujarat,Online,2024-07-21
MER09860,Amazon India 9860,Education,Pune,Maharashtra,Offline,2024-08-09
MER09861,Swiggy 9861,Utilities,Delhi,,Online,
MER09862,Reliance Digital 9862,Automotive,Kolkata,West Bengal,Offline,2022-11-01
MER09863,Apollo Pharmacy 9863,Restaurants,Noida,Uttar Pradesh,Offline,2023-12-13
MER09864,BookMyShow 9864,Ecommerce,Surat,Gujarat,Offline,2022-03-30
MER09865,Flipkart 9865,Food Delivery,Pune,Maharashtra,Online,2023-08-18
MER09866,Myntra 9866,Electronics,Delhi,Delhi,Online,2023-08-15
MER09867,MakeMyTrip 9867,Healthcare,Kolkata,West Bengal,Offline,2022-04-16
MER09868,BigBasket 9868,,Noida,Uttar Pradesh,Online,2023-08-16
MER09869,Paytm 9869,Travel,Surat,Gujarat,Online,2025-10-09
MER09870,Amazon India 9870,Grocery,pune,Maharashtra,Offline,2025-02-14
MER09871,Swiggy 9871,Fashion,Delhi,Delhi,Online,2021-09-18
MER09872,Reliance Digital 9872,Education,Kolkata,West Bengal,Offline,2022-02-06
MER09873,Apollo Pharmacy 9873,Utilities,Noida,Uttar Pradesh,Online,2023-03-05
MER09874,BookMyShow 9874,Automotive,Surat,Gujarat,Online,2025-10-31
MER09875,Flipkart 9875,Restaurants,Pune,Maharashtra,Online,2022-06-20
MER09876,Myntra 9876,Ecommerce,Delhi,Delhi,Offline,2021-04-04
MER09877,MakeMyTrip 9877,Food Delivery,Kolkata,West Bengal,Online,2021-03-31
MER09878,BigBasket 9878,Electronics,Noida,Uttar Pradesh,Online,2021-09-08
MER09879,Paytm 9879,Healthcare,Surat,Gujarat,Online,2023-11-15
MER09880,Amazon India 9880,Entertainment,Pune,Maharashtra,Online,2022-04-11
MER00771,Swiggy 771,Healthcare,Delhi,Delhi,Online,2025-06-04
MER09882,Reliance Digital 9882,Grocery,Kolkata,West Bengal,unknown,2025-09-25
MER09883,Apollo Pharmacy 9883,Fashion,Noida,Uttar Pradesh,Offline,2022-05-19
MER09884,BookMyShow 9884,Education,Surat,Gujarat,Online,2024-08-02
MER09885,Flipkart 9885,Utilities,Pune,Maharashtra,Online,2022-04-07
MER09886,Myntra 9886,Automotive,Delhi,Delhi,Online,2021-08-22
,MakeMyTrip 9887,Restaurants,Kolkata,West Bengal,Online,2022-06-12
MER09888,BigBasket 9888,Ecommerce,Noida,Uttar Pradesh,Offline,2023-12-21
MER09889,Paytm 9889,Food Delivery,Surat,Gujarat,Online,2023-05-25
MER09890,Amazon India 9890,Electronics, Pune ,Maharashtra,Offline,2025-05-10
MER09891,Swiggy 9891,Healthcare,Delhi,Delhi,Online,2023-06-01
MER09892,Reliance Digital 9892,Entertainment,Kolkata,West Bengal,Online,2025-07-21
MER09893,Apollo Pharmacy 9893,Travel,Noida,Uttar Pradesh,Online,2023-11-03
MER09894,BookMyShow 9894,Grocery,surat,Gujarat,Online,2023-08-31
MER09895,Flipkart 9895,Fashion,Pune,Maharashtra,Online,2022-11-22
MER09896,Myntra 9896,Education,Delhi,Delhi,Online,2021-11-25
MER09897,MakeMyTrip 9897,Utilities,Kolkata,West Bengal,Online,2024-11-26
MER09898,BigBasket 9898,Automotive,Noida,Uttar Pradesh,Offline,2023-09-05
MER09899,Paytm 9899,Restaurants,Surat,Gujarat,Online,2022-07-17
MER09900,Amazon India 9900,Ecommerce,Pune,Maharashtra,Offline,2022-08-06
MER09901,Swiggy 9901,Food Delivery,Delhi,,Online,2021-09-24
MER09902,Reliance Digital 9902,Electronics,Kolkata,West Bengal,Online,2024-08-29
MER09903,Apollo Pharmacy 9903,Healthcare,Noida,Uttar Pradesh,Online,2023-06-29
MER09904,BookMyShow 9904,Entertainment,Surat,Gujarat,Offline,2025-03-04
MER09905,Flipkart 9905,Travel,Pune,Maharashtra,Offline,2023-06-19
MER09906,Myntra 9906,Grocery,Delhi,Delhi,Offline,2021-11-30
MER09907,MakeMyTrip 9907,Fashion,Kolkata,West Bengal,Online,2022-12-22
MER09908,BigBasket 9908,Education,Noida,Uttar Pradesh,Online,2025-04-07
MER09909,Paytm 9909,Utilities,Surat,Gujarat,Online,2023-05-12
MER09910,Amazon India 9910,Automotive,Pune,Maharashtra,Online,2022-09-11
MER09911,Swiggy 9911,Restaurants,Delhi,Delhi,Online,2022-02-28
MER09912,Reliance Digital 9912,Ecommerce,Kolkata,West Bengal,Offline,2023-02-27
MER09913,Apollo Pharmacy 9913,Food Delivery,Noida,Uttar Pradesh,Offline,2021-06-06
MER09914,BookMyShow 9914,Electronics,Surat,Gujarat,Offline,2023-11-13
MER09915,Flipkart 9915,Healthcare,Pune,Maharashtra,Online,2024-09-26
MER09916,Myntra 9916,Entertainment,Delhi,delhi,Online,2021-11-27
MER09917,MakeMyTrip 9917,Travel,Kolkata,West Bengal,Offline,2025-11-02
MER09918,BigBasket 9918,Grocery,Noida,Uttar Pradesh,Online,2021-10-01
MER09919,Paytm 9919,Fashion,Surat,,Online,2024-03-03
MER09920,Amazon India 9920,Education,Pune,Maharashtra,Online,2021-06-29
MER09921,Swiggy 9921,Utilities,Delhi,Delhi,Offline,2023-03-27
MER09922,Reliance Digital 9922,Automotive,Kolkata,West Bengal,Online,2025-04-02
MER09923,Apollo Pharmacy 9923,Restaurants,Noida,Uttar Pradesh,Online,2023-07-14
MER09924,BookMyShow 9924,Ecommerce,Surat,Gujarat,Online,2023-10-24
MER09925,Flipkart 9925,Food Delivery,Pune,Maharashtra,Online,2023-07-01
MER09926,Myntra 9926,Electronics,Delhi,Delhi,Online,2024-04-14
MER09927,MakeMyTrip 9927,Healthcare,Kolkata,West Bengal,Online,2025-01-10
MER09928,BigBasket 9928,Entertainment,Noida,Uttar Pradesh,Online,2024-03-14
MER09929,Paytm 9929,Travel,Surat,Gujarat,Online,2022-06-18
MER09930,Amazon India 9930,Grocery,Pune,Maharashtra,Online,2023-07-18
MER09931,Swiggy 9931,Fashion,Delhi,Delhi,Online,2024-06-16
MER09932,Reliance Digital 9932,Education,Kolkata,West Bengal,Online,2025-05-06
MER09933,Apollo Pharmacy 9933,Utilities,Noida,Uttar Pradesh,Online,2024-04-11
MER09934,BookMyShow 9934,Automotive,Surat,Gujarat,Online,2021-12-14
MER09935,Flipkart 9935,Restaurants,Pune,Maharashtra,Online,2022-07-14
MER09936,Myntra 9936,,Delhi,Delhi,Online,2023-09-23
MER09937,MakeMyTrip 9937,Food Delivery,Kolkata,West Bengal,Online,2022-02-10
MER09938,BigBasket 9938,Electronics,Noida,Uttar Pradesh,Offline,2025-05-23
MER09939,Paytm 9939,Healthcare,surat,Gujarat,Online,2024-09-04
MER09940,Amazon India 9940,Entertainment,Pune,Maharashtra,Online,2024-08-02
MER09941,Swiggy 9941,Travel,Delhi,Delhi,Offline,2025-08-18
MER09942,Reliance Digital 9942,Grocery,Kolkata,West Bengal,Online,2023-10-11
MER09943,Apollo Pharmacy 9943,Fashion,Noida,Uttar Pradesh,Offline,2023-02-10
MER09944,BookMyShow 9944,Education,Surat,Gujarat,Offline,2022-03-27
MER09945,Flipkart 9945,Utilities,Pune,Maharashtra,Online,2025-11-22
MER09946,Myntra 9946,Automotive,Delhi,Delhi,Online,2023-01-30
MER09947,MakeMyTrip 9947,Restaurants,Kolkata,West Bengal,Online,2025-03-23
MER09948,BigBasket 9948,Ecommerce,Noida,Uttar Pradesh,Offline,2021-07-04
MER09949,Paytm 9949,Food Delivery,Surat,Gujarat,Online,2024-03-27
MER09950,Amazon India 9950,Electronics,Pune,Maharashtra,Online,2022-09-19
MER09951,Swiggy 9951,Healthcare,Delhi,Delhi,Offline,2025-07-06
MER09952,Reliance Digital 9952,Entertainment,KOLKATA,West Bengal,Offline,2022-01-24
MER09953,Apollo Pharmacy 9953,Travel,Noida,Uttar Pradesh,Online,2022-02-27
MER09954,BookMyShow 9954,Grocery,Surat,Gujarat,Online,2024-02-13
MER09955,Flipkart 9955,Fashion,Pune,Maharashtra,Offline,2025-01-24
MER09956,Myntra 9956,Education,Delhi,Delhi,Online,2024-03-15
MER09957,MakeMyTrip 9957,Utilities,Kolkata,West Bengal,Online,2022-11-23
MER09958,BigBasket 9958,Automotive,Noida,Uttar Pradesh,Offline,2025-10-22
MER09959,Paytm 9959,Restaurants,Surat,Gujarat,Online,2022-11-17
MER09960,Amazon India 9960,Ecommerce,Pune,Maharashtra,Online,2022-03-10
MER09961,Swiggy 9961,Food Delivery,Delhi,Delhi,Online,2024-06-13
MER09962,Reliance Digital 9962,Electronics,Kolkata,West Bengal,Offline,2023-07-18
MER09963,Apollo Pharmacy 9963,Healthcare,Noida,Uttar Pradesh,Online,2021-12-04
MER09964,BookMyShow 9964,Entertainment,Surat,Gujarat,Online,2023-04-08
MER09965,Flipkart 9965,Travel,Pune,Maharashtra,Online,2024-07-10
MER09966,Myntra 9966,Grocery,Delhi,Delhi,Offline,2024-04-11
MER09967,MakeMyTrip 9967,Fashion,Kolkata,West Bengal,Online,2022-02-14
MER09968,BigBasket 9968,Education,Noida,UTTAR PRADESH,Online,2024-07-01
MER09969,Paytm 9969,Utilities,Surat,Gujarat,,2025-06-08
MER09970,Amazon India 9970,Automotive,Pune, Maharashtra ,Online,2021-12-23
MER09971,Swiggy 9971,Restaurants,Delhi,Delhi,Online,
MER09972,Reliance Digital 9972,Ecommerce,Kolkata,West Bengal,Online,2022-12-02
MER09973,Apollo Pharmacy 9973,Food Delivery,Noida,Uttar Pradesh,Online,2022-09-14
MER09974,BookMyShow 9974,Electronics,Surat,Gujarat,Online,2023-12-21
MER09975,Flipkart 9975,Healthcare,Pune,Maharashtra,Online,2021-12-29
MER09976,Myntra 9976,Entertainment,Delhi,Delhi,Offline,2025-05-31
MER09977,MakeMyTrip 9977,Travel,Kolkata,West Bengal,Offline,2021-06-08
MER09978,BigBasket 9978,Grocery,Noida,Uttar Pradesh,Offline,2025-01-10
MER09979,Paytm 9979,Fashion,Surat,Gujarat,Offline,2022-11-29
MER09980,Amazon India 9980,Education,Pune,Maharashtra,Online,2022-10-03
MER09981,Swiggy 9981,Utilities,Delhi,Delhi,Online,2025-07-30
MER09982,Reliance Digital 9982,Automotive,Kolkata,,Online,2022-04-03
MER09983,Apollo Pharmacy 9983,Restaurants,Noida,Uttar Pradesh,Online,2021-06-01
MER09984,BookMyShow 9984,Ecommerce,Surat,Gujarat,Offline,2025-07-14
MER09985,Flipkart 9985,Food Delivery,Pune,Maharashtra,Offline,2025-01-11
MER09986,Myntra 9986,Electronics,Delhi,Delhi,Offline,2024-02-05
MER09987,MakeMyTrip 9987,Healthcare,Kolkata,West Bengal,Online,2022-12-30
MER09988,BigBasket 9988,,,Uttar Pradesh,Offline,2023-07-01
MER09989,Paytm 9989,Travel,Surat,Gujarat,Online,2024-03-02
MER09990,Amazon India 9990,Grocery,Pune,Maharashtra,Offline,2023-03-05
MER09991,Swiggy 9991,Fashion,Delhi,Delhi,Offline,2022-08-27
MER09992,Reliance Digital 9992,Education,Kolkata,West Bengal,Online,2024-08-12
MER09993,Apollo Pharmacy 9993,Utilities,Noida,Uttar Pradesh,Offline,2024-01-10
MER09994,BookMyShow 9994,Automotive,Surat,Gujarat,Online,2024-01-14
MER09995,Flipkart 9995,Restaurants,Pune,Maharashtra,Offline,2022-07-23
MER09996,Myntra 9996,Ecommerce,Delhi,Delhi,Offline,2022-01-12
MER09997,MakeMyTrip 9997,Food Delivery,,West Bengal,Online,2025-02-04
MER09998,BigBasket 9998,Electronics,Noida,Uttar Pradesh,Offline,2021-01-05
MER09999,Paytm 9999,Healthcare,Surat,Gujarat,Online,2021-04-18
MER10000,Amazon India 10000,Entertainment,Pune,Maharashtra,Online,2022-07-05
