payment_method_id,customer_id,method_type,provider,last_four_digits,is_default,created_date
PM00001,CUST07008,Net Banking,ICICI Bank,6211,true,2024-12-19
PM00002,CUST03088,Debit Card,HDFC Bank,6337,false,2024-07-25
PM00003,CUST04595,Net Banking,SBI,3686,false,2023-06-07
PM00004,CUST05188,Debit Card,SBI,0773,,2024-04-12
,CUST05725,Debit Card,SBI,8439,true,2024-10-31
PM00006,CUST03821,UPI,PhonePe,4652,false,2023-07-04
PM00007,CUST09970,Net Banking,ICICI Bank,3415,false,2024-09-20
PM00008,CUST05711,Credit Card,SBI,1252,true,2025-03-13
PM00009,CUST06148,Credit Card,ICICI Bank,9397,false,2025-07-20
PM00010,CUST08897,Net Banking,SBI,8098,true,2024-03-24
PM00011,CUST08000,Credit Card,Axis Bank,4462,false,2024-03-05
PM00012,CUST00417,UPI,GooglePay,3112,true,2024-06-20
PM00013,CUST02853,UPI,GooglePay,6559,true,2024-05-15
PM00014,CUST08370,Credit Card,SBI,4002,true,2024-09-27
PM00015,CUST00428,UPI,,2538,true,2023-06-28
PM00016,CUST09116,UPI,PhonePe,2340,true,2023-02-07
PM00017,CUST02162,Credit Card,Axis Bank,9440,true,2023-12-28
PM00018,CUST05497,Credit Card,ICICI Bank,3711,true,2024-04-04
PM00019,CUST04801,UPI,GooglePay,4301,true,2023-02-18
PM00020,CUST07827,UPI,PhonePe,0267,true,2024-06-26
PM00021,CUST07589,Credit Card,ICICI Bank,,true,2025-01-22
PM00022,CUST05942,UPI,BHIM,4206,false,2025-02-27
PM00023,CUST04284,Credit Card,SBI,8378,false,
PM00024,CUST08543,Debit Card,HDFC Bank,1047,true,2024-03-02
PM00025,CUST02166,UPI,GooglePay,6336,true,2023-09-15
PM00026,CUST02806,Net Banking,HDFC Bank,1830,false,2024-04-05
PM00027,CUST05270,UPI,PhonePe,6599,true,
PM00028,CUST06295,UPI,PhonePe,7150,true,2023-02-25
PM00029,CUST00332,Credit Card,SBI,0275,false,2024-10-16
PM00030,CUST01427,UPI,GooglePay,2192,true,2023-11-25
PM00031,CUST02546,Net Banking,ICICI Bank,0402,false,2024-08-19
PM00032,CUST09615,Debit Card,Axis Bank,2504,false,2024-05-16
PM00033,CUST07707,UPI,Paytm,3281,false,2023-05-27
PM00034,CUST05836,Credit Card,Axis Bank,0428,false,2023-09-23
PM00035,CUST00853,,HDFC Bank,8941,true,2023-02-07
PM00036,CUST07243,,ICICI Bank,1817,true,2024-03-31
PM00037,CUST01006,UPI,BHIM,0851,false,2025-03-31
PM00038,CUST01657,UPI,PhonePe,1763,true,2025-06-26
PM00039,CUST02703,Credit Card,SBI,0595,false,2024-10-28
PM00040,CUST02111,UPI,PhonePe,3053,true,2023-06-17
PM00041,CUST03324,Credit Card,Axis Bank,8792,true,2024-09-03
PM00042,CUST08671,Credit Card,SBI,2124,false,2025-03-27
PM00043,CUST01357,Debit Card,ICICI Bank,2043,true,2023-04-09
PM00044,CUST08376,Net Banking,HDFC Bank,1831,true,2024-05-21
PM00045,CUST01493,UPI,Paytm,5421,false,2024-01-28
PM00046,CUST02552,UPI,Paytm,2295,true,2024-05-21
PM00047,CUST08826,UPI,PhonePe,6979,,2023-10-30
PM00048,CUST04279,Net Banking,HDFC Bank,6998,true,2023-02-12
PM00049,CUST06485,Credit Card,SBI,3072,true,2025-04-25
PM00050,,UPI,BHIM,2680,false,2024-12-18
PM00051,CUST04816,Credit Card,ICICI Bank,9170,true,2024-03-22
PM00052,CUST09636,UPI,BHIM,2057,false,2025-09-10
PM00053,CUST03461,UPI,PhonePe,7381,true,2024-05-10
PM00054,CUST09753,Debit Card,ICICI Bank,1993,true,2024-05-23
PM00055,CUST01440,Credit Card,Axis Bank,7248,true,2024-03-01
PM00056,CUST03533,Net Banking,ICICI Bank,1954,false,2023-06-20
PM00057,CUST05626,UPI,GooglePay,1023,true,2024-12-08
PM00058,CUST07136,UPI,PhonePe,7843,true,2024-03-11
PM00059,CUST02474,UPI,BHIM,2535,true,2023-01-22
PM00060,CUST05245,Credit Card,ICICI Bank,5620,false,2023-12-21
PM00061,CUST09909,UPI,Paytm,4324,true,2024-12-10
PM00062,CUST00566,Debit Card,ICICI Bank,1502,true,2024-06-03
PM00063,CUST02452,Credit Card,Axis Bank,6654,true,2024-01-26
PM00064,CUST06507,Credit Card,HDFC Bank,4840,,2024-08-01
PM00065,CUST07652,UPI,GooglePay,5314,true,2023-01-11
PM00066,CUST07305,Debit Card,Axis Bank,0239,true,2023-07-04
PM00067,CUST09526,UPI,GooglePay,2916,false,2024-07-15
PM00068,CUST04011,UPI,PhonePe,1848,true,2024-03-09
PM00069,CUST07356,Debit Card,HDFC Bank,4906,false,2023-03-06
PM00070,CUST05647,Credit Card,Axis Bank,3358,true,2024-04-10
PM00071,CUST03056,Credit Card,HDFC Bank,0215,true,2024-11-15
PM00072,CUST01668,UPI,Paytm,3268,false,2025-05-18
PM00073,CUST00093,Debit Card,HDFC Bank,0561,true,2024-03-26
PM00074,CUST07357,Credit Card,SBI,4294,true,2023-04-17
PM00075,CUST06097,Credit Card,ICICI Bank,3726,true,2023-05-10
PM00076,CUST05338,UPI,Paytm,8170,true,2025-08-11
PM00077,CUST01219,UPI,BHIM,7690,true,2024-09-09
PM00078,CUST08953,UPI,GooglePay,3052,true,2024-02-16
PM00079,CUST03624,Debit Card,SBI,2057,false,2025-02-11
PM00080,CUST03188,Credit Card,HDFC Bank,4132,true,2023-09-22
PM00081,CUST03721,Debit Card,ICICI Bank,6677,false,2023-08-24
PM00082,CUST02715,UPI,PhonePe,1318,true,2025-05-03
PM00083,CUST01907,Credit Card,Axis Bank,,true,2025-07-04
PM00084,CUST04685,UPI,BHIM,5955,true,2023-12-24
PM00085,CUST06318,Debit Card,SBI,8650,true,2025-01-23
PM00086,CUST01693,Credit Card,HDFC Bank,5467,true,2025-05-12
,CUST09664,UPI,Paytm,4193,false,2024-12-22
PM00088,CUST02803,UPI,Paytm,5350,true,2023-09-20
PM00089,CUST01767,Debit Card,Axis Bank,7329,true,2024-07-30
PM03215,CUST09578,Debit Card,SBI,2371,false,2024-07-10
PM00091,CUST08371,Debit Card,Axis Bank,8238,false,2025-07-10
PM00092,CUST03650,Credit Card,ICICI Bank,7412,true,2025-05-03
PM00093,CUST07031,Debit Card,SBI,3985,true,2023-09-27
PM00094,CUST08678,UPI,PhonePe,8424,true,2024-04-18
PM00095,CUST04410,Credit Card,Axis Bank,5071,true,2024-10-23
PM00096,CUST06740,Credit Card,SBI,0956,true,2023-02-28
PM00097,CUST02524,UPI,BHIM,8026,false,2025-01-07
PM00098,CUST03661,Debit Card,ICICI Bank,0781,false,2025-01-08
PM00099,CUST07026,UPI,BHIM,1805,true,2023-07-27
PM00100,CUST01638,Debit Card,Axis Bank,3946,true,2025-03-08
PM00101,CUST07297,UPI,BHIM,4374,true,2023-01-11
PM00102,CUST03487,Credit Card,SBI,1129,true,2025-06-18
PM00103,CUST04181,Credit Card,HDFC Bank,1045,false,2024-12-02
PM00104,CUST07537,UPI,GooglePay,1870,true,2024-06-19
PM00105,CUST06697,UPI,PhonePe,6472,true,2024-12-01
PM00106,CUST02131,UPI,GooglePay,6616,true,2023-01-17
,CUST03518,UPI,PhonePe,0937,true,2023-04-25
PM00108,CUST08103,UPI,PhonePe,1630,true,2024-06-01
PM00109,CUST01873,UPI,BHIM,6434,true,
PM00110,CUST01862,Net Banking,SBI,4753,false,2023-01-31
PM00111,CUST04200,Debit Card,HDFC Bank,9796,false,2024-03-16
PM00112,CUST09287,UPI,,5346,false,2025-01-09
PM00113,CUST05437,Net Banking,SBI,8661,true,2024-01-29
PM00114,CUST06426,Debit Card,Axis Bank,2529,true,2023-01-14
PM00115,CUST06054,Credit Card,ICICI Bank,1522,false,2025-08-22
PM00116,CUST03595,Debit Card,ICICI Bank,6022,true,2023-12-31
PM00117,CUST02401,Net Banking,HDFC Bank,0502,true,2024-12-18
PM00118,CUST06774,UPI,BHIM,6531,false,2023-09-09
PM00119,CUST09588,UPI,BHIM,0266,false,2024-02-04
PM00120,CUST07372,Debit Card,Axis Bank,5374,false,2024-09-29
PM00121,CUST04358,Credit Card,ICICI Bank,2778,true,2025-06-18
PM00122,CUST07488,Credit Card,Axis Bank,9470,true,2025-04-08
PM00123,CUST06880,Debit Card,Axis Bank,7165,false,2024-06-12
PM00124,CUST05913,UPI,PhonePe,9454,true,2023-04-17
PM00125,CUST08236,UPI,GooglePay,8603,true,2025-05-16
PM00126,CUST06175,Debit Card,ICICI Bank,3549,true,2024-02-09
PM00127,CUST08541,UPI,GooglePay,2346,true,2025-01-18
PM00128,CUST07040,Credit Card,HDFC Bank,5729,true,2025-04-16
PM00129,CUST01487,UPI,BHIM,4990,true,2025-03-01
PM00130,CUST03083,Credit Card,ICICI Bank,0615,true,2025-01-11
PM00131,CUST03909,UPI,Paytm,5762,true,2025-06-27
PM00132,CUST05784,Debit Card,SBI,2218,true,2024-07-22
PM00133,CUST01524,Debit Card,Axis Bank,3002,true,2025-07-15
PM00134,CUST02058,UPI,PhonePe,5980,true,2023-12-15
PM00135,CUST04732,UPI,Paytm,7126,false,2023-09-28
PM00136,CUST00027,Debit Card,Axis Bank,9096,true,2025-08-20
PM00137,CUST04480,Net Banking,SBI,3018,true,2024-11-17
PM00138,CUST00782,UPI,PhonePe,8351,true,2024-12-26
PM00139,CUST04517,Debit Card,HDFC Bank,0697,true,2024-06-30
PM00140,CUST00472,Credit Card,HDFC Bank,2617,FALSE,2024-04-12
PM00141,CUST04777,UPI,BHIM,0456,false,2025-06-04
PM00142,CUST06578,Debit Card,SBI,4728,false,2024-05-11
PM00143,CUST04267,UPI,GooglePay,1894,true,2025-02-18
PM00144,CUST02053,Debit Card,ICICI Bank,8847,true,2023-10-17
PM00145,CUST08565,Debit Card,HDFC Bank,5700,true,2025-09-19
PM00146,CUST01472,Credit Card,SBI,1304,true,2025-09-23
PM00147,CUST08005,Debit Card,HDFC Bank,6314,true,2024-02-08
PM00148,CUST05029,Debit Card,SBI,2354,false,2024-05-07
PM00149,CUST01022,Credit Card,ICICI Bank,8095,false,2023-11-24
PM00150,CUST06889,UPI,PhonePe,7190,true,2024-05-19
PM00151,CUST03911,Debit Card,ICICI Bank,9669,true,2024-02-25
PM00152,CUST02603,Debit Card,Axis Bank,5280,false,2024-03-25
PM00153,CUST00415,UPI,PhonePe,4420,true,2023-03-02
PM00154,CUST01531,Debit Card,ICICI Bank,8648,false,2023-03-03
PM00155,CUST09694,Credit Card,ICICI Bank,9910,true,2023-06-28
PM00156,CUST03827,UPI,PhonePe,0808,false,2023-03-03
PM00157,CUST06969,Debit Card,HDFC Bank,6882,true,
PM00158,CUST06488,Net Banking,SBI,5033,true,2024-08-26
PM00159,CUST01980,UPI,BHIM,9642,true,2024-04-14
PM00160,CUST06618,UPI,Paytm,6557,false,2025-09-23
PM00161,CUST09529,Credit Card,Axis Bank,6770,true,2025-05-27
PM00162,CUST00180,Credit Card,HDFC Bank,6905,true,2023-07-10
PM00163,CUST07763,Credit Card,ICICI Bank,4183,true,2024-12-25
PM00164,CUST02530,UPI,,6827,true,2025-03-12
PM00165,CUST06414,UPI,BHIM,,true,2023-09-18
PM00166,CUST08012,Debit Card,Axis Bank,7964,true,2023-11-01
PM00167,CUST08738,Net Banking,SBI,3038,true,2023-10-29
PM00168,CUST05637,UPI,PhonePe,3158,true,2023-08-28
PM00169,CUST02372,UPI,BHIM,6218,false,2024-11-04
PM00170,CUST08858,Credit Card,Axis Bank,0915,false,2023-08-31
PM00171,CUST00217,UPI,GooglePay,4469,true,2023-08-19
PM00172,CUST03216,UPI,BHIM,2238,false,2025-01-29
PM00173,CUST06579,Debit Card,ICICI Bank,5749,true,2025-04-19
PM00174,CUST06914,Debit Card,SBI,6846,true,2025-06-13
PM00175,CUST05387,Credit Card,ICICI Bank,4782,true,2024-03-27
PM00176,CUST03526,UPI,PhonePe,6862,true,2025-08-06
PM00177,CUST05645,UPI,BHIM,9657,true,2024-03-08
PM00178,CUST01713,UPI,Paytm,8631,1,2025-03-30
PM00179,CUST05188,Credit Card,HDFC Bank,5007,true,2025-08-23
PM00180,CUST09303,Credit Card,HDFC Bank,6149,true,2024-09-11
PM00181,CUST09598,UPI,BHIM,5184,true,2023-12-23
PM00182,CUST02967,Net Banking,SBI,3347,false,2023-05-22
PM00183,CUST04506,UPI,Paytm,9504,false,2025-05-06
PM00184,CUST04430,UPI,PhonePe,4422,true,2024-05-26
PM00185,CUST06900,Net Banking,ICICI Bank,4044,true,2023-01-25
PM00186,CUST05279,Net Banking,SBI,6361,true,2025-05-12
PM00187,CUST04721,UPI,PhonePe,9338,true,2024-01-28
PM00188,CUST01687,Credit Card,SBI,6475,true,2023-10-09
PM00189,CUST05053,Credit Card,HDFC Bank,6232,No,2025-08-20
PM00190,CUST09525,Debit Card,SBI,1719,true,2025-02-25
PM00191,CUST07370,UPI,PhonePe,9821,true,2025-09-13
PM00192,CUST08940,UPI,PhonePe,5594,true,2025-09-20
PM00193,CUST08550,Credit Card,ICICI Bank,4338,true,2024-11-05
PM00194,CUST02537,UPI,Paytm,6298,true,2024-06-20
PM00195,,Net Banking,SBI,5453,true,2024-11-11
PM00196,CUST04885,UPI,GooglePay,5319,true,2023-03-20
PM00197,CUST02289,Net Banking,SBI,9715,false,2023-02-27
PM00198,CUST02655,Debit Card,HDFC Bank,7841,true,2023-04-17
PM00199,CUST00405,UPI,GooglePay,6183,true,2024-02-25
,CUST06397,UPI,Paytm,7218,true,2024-10-24
PM00201,CUST09302,Debit Card,ICICI Bank,0260,false,2023-10-12
PM00202,CUST07351,UPI,Paytm,3609,true,2024-04-15
PM00203,CUST09596,UPI,GooglePay,3855,true,2025-02-10
PM00204,CUST00275,UPI,PhonePe,2938,,2024-12-27
PM00205,CUST02446,Debit Card,SBI,9327,true,2024-12-07
PM00206,CUST04945,UPI,BHIM,1815,true,2024-08-09
PM00207,CUST08625,UPI,BHIM,5590,true,2023-11-28
PM00208,CUST09864,UPI,PhonePe,3311,true,2023-06-05
PM00209,CUST03484,UPI,GooglePay,6919,true,2023-04-12
PM00210,CUST00516,UPI,Paytm,8994,true,2024-01-25
PM00211,CUST01693,UPI,BHIM,3877,false,2024-10-23
PM00212,CUST08992,Credit Card,SBI,3450,true,2025-02-24
PM00213,CUST09428,,ICICI Bank,0443,true,2025-01-24
PM00214,CUST04951,UPI,Paytm,7449,true,2024-04-02
PM00215,CUST00372,UPI,PhonePe,0623,true,2023-07-07
PM03726,CUST02465,UPI,PhonePe,6360,false,2023-01-03
PM00217,CUST04111,Credit Card,ICICI Bank,4085,true,2025-03-11
PM00218,CUST07544,UPI,BHIM,7852,false,2023-05-30
PM00219,CUST03983,UPI,GooglePay,6058,true,2024-12-16
PM00220,CUST06085,Credit Card,SBI,2571,true,
PM00221,CUST02420,Debit Card,HDFC Bank,,false,2025-01-06
PM00222,CUST04006,UPI,Paytm,3580,true,2023-03-31
PM00223,CUST01562,UPI,GooglePay,2627,true,2024-01-05
PM00224,CUST03917,UPI,Paytm,0106,true,2023-07-20
PM00225,CUST02238,UPI,BHIM,8378,true,2023-07-28
PM00226,CUST08015,UPI,GooglePay,6576,true,2023-02-02
PM00227,CUST08635,UPI,BHIM,9082,true,2023-12-03
PM00228,CUST05174,Credit Card,ICICI Bank,0581,true,2023-11-21
PM00229,CUST09432,Credit Card,ICICI Bank,9819,true,2023-08-24
PM00230,CUST01143,Credit Card,HDFC Bank,6908,true,2025-04-12
PM00231,,Credit Card,HDFC Bank,2159,false,2025-01-12
PM00232,,UPI,BHIM,8259,true,2024-11-03
PM00233,CUST05911,Credit Card,Axis Bank,1480,true,2025-01-14
PM00234,CUST06545,UPI,Paytm,1225,true,2024-12-06
PM00235,CUST01472,UPI,Paytm,8169,true,2025-09-10
PM00236,CUST06900,UPI,Paytm,6205,true,2025-04-25
PM00237,CUST07075,Credit Card,HDFC Bank,2067,false,2023-05-18
PM00238,CUST01169,Credit Card,Axis Bank,8434,true,2023-09-28
PM00239,CUST06223,Debit Card,Axis Bank,0725,true,2025-02-08
PM00240,CUST00376,Credit Card,ICICI Bank,1174,false,2024-12-09
PM00241,CUST02820,Debit Card,ICICI Bank,1344,true,2025-05-09
PM00242,CUST02599,Debit Card,ICICI Bank,2645,true,2024-09-01
PM05029,CUST06083,Credit Card,HDFC Bank,9047,true,2023-09-26
PM00244,CUST03123,Credit Card,HDFC Bank,5883,true,2024-04-21
PM00245,CUST08881,UPI,GooglePay,0400,true,2024-08-26
PM00246,CUST03002,UPI,Paytm,7870,false,2023-06-04
PM00247,CUST01785,UPI,Paytm,6590,false,2025-03-19
PM08825,CUST08778,UPI,Paytm,3243,false,2023-05-01
PM00249,CUST05671,Net Banking,SBI,9307,true,2023-01-09
PM00250,CUST06569,UPI,PhonePe,5428,true,2025-05-21
PM00251,CUST02815,Net Banking,SBI,5498,false,2024-06-22
PM00252,CUST07553,UPI,Paytm,2314,TRUE,2025-08-16
PM00253,CUST02068,UPI,GooglePay,0744,false,2024-05-13
PM00254,CUST08476,UPI,BHIM,1305,true,2024-09-30
PM00255,CUST06557,UPI,PhonePe,3842,false,2024-09-28
PM00256,CUST04271,UPI,GooglePay,5284,true,2024-12-10
PM00257,CUST06526,UPI,BHIM,2584,true,2023-02-14
PM00258,CUST05313,UPI,GooglePay,2595,false,2023-05-24
PM00259,CUST08295,UPI,GooglePay,3433,false,2024-05-17
PM00260,CUST07479,Net Banking,SBI,5992,true,2024-05-20
PM00261,CUST00203,Debit Card,Axis Bank,2683,true,2023-11-15
PM00262,CUST04669,UPI,BHIM,0601,false,2023-06-13
PM00263,CUST03711,UPI,PhonePe,1434,true,2023-01-05
PM00264,CUST05169,UPI,GooglePay,2183,true,2025-08-10
PM00265,CUST05457,Credit Card,HDFC Bank,5028,true,2023-09-09
PM00010,CUST08897,Net Banking,SBI,8098,true,2024-03-24
PM00267,CUST02907,UPI,BHIM,1420,true,2025-04-15
PM00268,CUST07579,Credit Card,Axis Bank,9718,false,2023-07-08
PM00269,CUST05886,Credit Card,Axis Bank,3744,false,2024-05-08
PM00270,CUST04497,UPI,BHIM,9925,false,2023-11-02
PM00271,CUST00334,UPI,Paytm,2330,true,2025-04-17
PM00272,CUST06998,UPI,PhonePe,1894,true,2024-10-20
PM00273,CUST07275,UPI,GooglePay,8765,true,2023-03-27
PM00274,CUST05285,UPI,PhonePe,8912,false,2023-09-12
PM00275,CUST04478,Net Banking,SBI,9272,true,2024-10-14
PM00276,CUST07363,UPI,GooglePay,7345,true,
PM00277,CUST06906,UPI,GooglePay,4737,true,2023-12-29
PM00278,CUST08527,Credit Card,HDFC Bank,5826,true,2023-02-11
PM00279,CUST09047,Debit Card,,8495,false,2023-06-19
PM00280,CUST07064,UPI,PhonePe,6619,true,2023-06-04
PM00281,CUST07516,UPI,PhonePe,6542,true,2024-08-26
PM00282,CUST03086,UPI,PhonePe,4239,true,2023-09-24
PM00283,CUST07832,Net Banking,HDFC Bank,3308,,2025-05-22
PM00284,CUST04711,Debit Card,SBI,3216,true,2023-08-04
PM00285,CUST06398,UPI,BHIM,1137,true,2023-09-25
PM00286,CUST07068,Net Banking,SBI,3986,false,2024-10-13
PM00287,CUST05480,UPI,BHIM,6340,true,2024-10-23
PM00288,CUST07359,UPI,BHIM,3337,true,2024-08-01
PM00289,CUST05483,UPI,BHIM,5675,true,
PM00290,CUST07035,Credit Card,Axis Bank,3904,false,2025-06-13
PM00291,CUST04732,UPI,PhonePe,2601,false,2023-11-12
PM00292,CUST02506,Debit Card,Axis Bank,3238,true,2024-02-26
PM00293,CUST05738,,Paytm,6318,,2024-03-13
PM00294,CUST01687,Net Banking,SBI,8358,true,2025-07-24
PM00295,CUST01617,Net Banking,ICICI Bank,7410,,2024-08-22
PM00296,CUST03723,Debit Card,HDFC Bank,6212,true,2023-08-11
PM00297,CUST05008,UPI,PhonePe,1795,true,2024-12-14
PM00298,CUST02970,UPI,PhonePe,7433,true,2024-06-24
PM00299,CUST03267,Debit Card,SBI,9538,true,2024-04-24
PM00300,CUST09961,UPI,PhonePe,3285,false,2024-02-27
PM00301,CUST06526,Credit Card,HDFC Bank,6709,false,2025-06-24
PM00302,CUST02502,Credit Card,SBI,1052,true,2023-03-13
PM00303,CUST03892,Credit Card,HDFC Bank,8003,true,2024-01-10
PM00304,CUST02576,UPI,BHIM,8591,true,2023-12-27
PM00305,CUST07820,UPI,BHIM,3549,true,2024-08-26
PM00306,CUST02028,UPI,Paytm,3624,true,2024-12-27
PM00307,CUST05561,Credit Card,HDFC Bank,1343,true,
PM00308,CUST03046,Credit Card,,1327,true,2024-09-28
PM00309,CUST03343,UPI,GooglePay,9636,true,2023-09-23
PM00310,CUST06834,UPI,PhonePe,5598,true,2025-06-20
PM00311,CUST05075,Credit Card,ICICI Bank,2339,true,2024-07-29
PM00312,CUST05584,UPI,PhonePe,5224,true,2024-03-27
PM00313,CUST07214,UPI,GooglePay,7405,true,2025-09-11
PM00314,CUST05953,Net Banking,SBI,9024,true,2025-05-03
PM00315,CUST04478,Debit Card,ICICI Bank,9591,true,2023-12-24
PM00316,CUST07915,Credit Card,ICICI Bank,7323,false,2024-08-16
PM00317,CUST05380,Debit Card,Axis Bank,9261,true,2024-06-23
PM00318,CUST06134,Net Banking,ICICI Bank,2378,true,2023-01-26
PM00319,CUST07368,Debit Card,Axis Bank,6218,true,2023-10-26
PM00320,CUST09568,Debit Card,ICICI Bank,2955,false,2024-07-12
PM00321,CUST05739,Net Banking,HDFC Bank,3497,true,2025-03-04
PM00322,CUST03633,Net Banking,HDFC Bank,1814,true,2025-08-17
PM00323,CUST03224,UPI,BHIM,1959,false,2023-03-08
PM00324,CUST06253,Debit Card,SBI,5837,false,2024-05-15
PM00325,CUST09027,Debit Card,SBI,2983,true,2025-09-19
PM00326,CUST07817,Credit Card,HDFC Bank,8891,true,2025-03-23
PM00327,CUST07632,Credit Card,HDFC Bank,4994,false,2024-05-21
PM00328,CUST09592,UPI,Paytm,4089,true,2023-11-25
PM00329,CUST06230,Net Banking,SBI,0487,false,2024-02-10
PM00330,CUST07071,Debit Card,HDFC Bank,0078,true,2023-09-14
PM00331,CUST07830,UPI,Paytm,6936,true,2024-07-24
PM00332,CUST05390,Credit Card,ICICI Bank,4422,true,2023-12-06
PM00333,CUST05420,UPI,BHIM,1172,true,2025-02-14
PM00334,CUST05178,UPI,BHIM,8771,false,2024-07-03
PM00335,CUST05531,UPI,Paytm,9245,false,2023-01-08
PM00336,CUST09956,Debit Card,HDFC Bank,3681,true,2024-07-13
PM00337,CUST02613,Debit Card,HDFC Bank,3278,true,2023-12-11
PM00338,CUST06858,UPI,BHIM,1396,true,2025-07-27
PM00339,CUST04016,Debit Card,SBI,2922,true,2024-02-01
PM00340,CUST07197,Debit Card,ICICI Bank,3813,true,2025-09-03
PM00341,CUST04894,Debit Card,SBI,0902,true,2023-01-19
PM00342,CUST09852,Credit Card,SBI,4022,true,2024-08-26
PM00343,CUST01457,Debit Card,HDFC Bank,6077,false,2024-11-01
PM00344,CUST02694,Net Banking,SBI,6463,false,2024-02-08
PM00345,CUST09976,UPI,Paytm,,false,2024-07-23
PM00346,CUST00447,Debit Card,Axis Bank,6149,false,2023-08-26
PM00347,CUST03721,Debit Card,SBI,1532,true,2023-07-24
PM00348,CUST07708,UPI,PhonePe,1650,true,2023-02-11
PM00349,CUST07736,UPI,GooglePay,8205,true,2023-10-30
PM00350,CUST00105,UPI,GooglePay,8212,true,2025-02-03
PM00351,CUST02694,UPI,BHIM,7495,true,2023-04-13
PM00352,CUST04920,Debit Card,SBI,6927,false,2023-06-24
PM00353,CUST06375,Credit Card,Axis Bank,0199,false,2023-01-28
PM00354,CUST05352,UPI,PhonePe,4819,true,2024-01-13
PM00355,CUST09400,Debit Card,HDFC Bank,,true,2023-10-11
PM00356,CUST02252,Net Banking,HDFC Bank,6833,true,2025-02-20
PM00357,CUST05238,Debit Card,Axis Bank,9387,false,2023-02-13
PM00358,CUST06949,UPI,Paytm,9235,true,2024-12-04
PM00359,CUST00166,Credit Card,HDFC Bank,9341,true,
PM00360,CUST04791,Net Banking,SBI,3277,true,2024-05-03
PM00361,CUST06274,Credit Card,SBI,5679,true,2025-04-24
PM00362,CUST00736,UPI,BHIM,2882,true,2024-11-14
PM00363,CUST01341,Net Banking,SBI,1805,true,2025-08-24
PM00364,CUST01710,Debit Card,ICICI Bank,1375,,2025-01-19
PM00365,CUST08661,UPI,PhonePe,7149,true,2023-07-01
PM00366,CUST06100,Debit Card,ICICI Bank,3801,true,2023-02-16
PM00367,CUST08718,Debit Card,HDFC Bank,9159,true,2023-01-02
PM00368,CUST04188,Credit Card,ICICI Bank,3638,true,2023-04-28
PM00369,CUST06562,UPI,BHIM,9251,true,2023-09-16
PM00370,CUST02112,Credit Card,ICICI Bank,,true,2025-01-13
PM00371,CUST03575,UPI,BHIM,8170,true,2024-03-17
PM00372,CUST04830,UPI,Paytm,1811,true,2025-08-12
PM00373,CUST09099,Net Banking,HDFC Bank,6599,,2024-07-23
PM00374,CUST00746,Debit Card,HDFC Bank,5799,true,2023-05-16
PM00375,CUST02054,Credit Card,Axis Bank,9416,true,2024-09-18
PM00376,CUST04350,Credit Card,Axis Bank,5364,true,2023-01-08
PM00377,CUST03182,UPI,Paytm,1161,true,2024-06-16
PM00378,CUST07294,Credit Card,ICICI Bank,4167,true,2023-05-01
PM00379,CUST02914,Credit Card,ICICI Bank,3164,true,2023-09-12
PM00380,CUST04505,UPI,PhonePe,4067,true,2025-03-15
PM00381,CUST04536,Debit Card,ICICI Bank,2757,true,
PM00382,CUST07954,UPI,PhonePe,,true,2024-04-26
PM00383,CUST05794,,Paytm,9955,true,2025-01-14
PM00384,CUST07064,UPI,Paytm,5417,true,2023-06-12
PM00385,CUST06052,UPI,GooglePay,3671,true,2024-08-28
PM00386,CUST06951,Credit Card,Axis Bank,3873,true,2023-02-03
PM00387,CUST02089,UPI,Paytm,5262,true,2024-07-02
PM00388,CUST02999,UPI,Paytm,7902,true,2024-07-31
PM00389,CUST01146,Credit Card,ICICI Bank,2279,true,2024-11-05
PM00390,CUST04724,UPI,PhonePe,5049,true,2023-02-20
PM00391,CUST07378,Credit Card,Axis Bank,5474,false,2025-05-13
PM00392,CUST00300,Debit Card,HDFC Bank,7603,true,2023-08-13
PM00393,CUST03168,Debit Card,Axis Bank,3237,true,2024-10-03
PM00394,CUST04278,Net Banking,HDFC Bank,9539,true,2025-07-22
PM00395,CUST00640,UPI,Paytm,3000,true,2025-05-29
PM00396,CUST03844,UPI,BHIM,5946,true,2023-07-23
PM00397,CUST06953,Credit Card,ICICI Bank,9107,true,2025-07-23
PM00398,CUST00052,UPI,GooglePay,5226,true,2025-04-10
PM00399,CUST05389,UPI,BHIM,1166,true,2024-03-23
PM00400,CUST01639,Net Banking,ICICI Bank,6441,true,2023-06-29
PM00401,CUST09049,UPI,BHIM,4217,false,2024-01-17
PM00402,CUST08804,Debit Card,HDFC Bank,3553,true,2024-04-18
PM00403,CUST01599,UPI,PhonePe,6679,false,2023-07-15
PM00404,CUST01473,Debit Card,ICICI Bank,1956,true,2024-07-27
,CUST04722,UPI,PhonePe,1219,true,2024-11-21
PM00406,CUST09238,Net Banking,SBI,5843,true,2024-12-05
PM00407,CUST04394,Debit Card,Axis Bank,3637,false,2024-07-06
PM00408,CUST01362,Credit Card,HDFC Bank,3717,true,2025-04-11
PM00409,CUST00354,UPI,Paytm,7860,true,2025-07-04
PM00410,CUST06957,UPI,PhonePe,0905,true,2024-12-13
PM00411,CUST02876,UPI,PhonePe,3566,false,2023-10-27
PM00412,CUST04137,Net Banking,HDFC Bank,6311,true,2025-04-29
PM00413,CUST08357,Debit Card,ICICI Bank,4644,false,2025-08-10
PM00414,CUST01573,,BHIM,8858,true,2025-04-23
PM00415,CUST09364,UPI,GooglePay,4424,true,2024-01-05
PM00416,CUST06460,Credit Card,Axis Bank,3498,false,2024-04-04
PM00417,CUST02537,UPI,,9744,true,2025-02-23
PM00418,CUST06145,Credit Card,SBI,7434,false,2023-05-28
PM00419,CUST05058,UPI,GooglePay,6893,true,2023-01-04
PM00420,CUST09662,,,1113,true,2023-05-13
PM00421,CUST03079,Credit Card,Axis Bank,3820,true,2025-06-24
PM00422,CUST08174,Credit Card,SBI,0006,true,2023-09-01
PM00423,CUST01165,UPI,Paytm,4615,true,2024-06-29
PM00424,CUST08584,Debit Card,ICICI Bank,2489,false,2023-05-29
PM00425,CUST07139,UPI,BHIM,3035,false,2025-05-06
PM00426,CUST01738,Net Banking,HDFC Bank,2274,true,2023-03-31
PM00427,CUST03744,UPI,Paytm,8256,false,2025-08-17
PM00428,CUST00654,Debit Card,ICICI Bank,2879,true,2024-06-13
PM00429,CUST02003,UPI,BHIM,8567,true,2023-09-01
PM00430,CUST08032,Debit Card,ICICI Bank,9899,true,2023-03-05
PM00431,CUST09542,Credit Card,SBI,7065,false,2024-06-09
PM00432,CUST01110,UPI,GooglePay,0397,false,2025-08-26
PM03005,CUST05550,Credit Card,SBI,8261,true,2023-07-31
PM00802,CUST05895,Debit Card,,7243,FALSE,2025-08-27
PM00435,CUST00225,Debit Card,SBI,7182,false,2025-05-24
PM00436,CUST00522,Debit Card,SBI,3134,true,2024-11-14
PM00437,CUST08519,Credit Card,ICICI Bank,6164,true,2025-06-17
PM00438,CUST05383,Net Banking,SBI,5608,true,2023-02-24
PM00439,CUST07355,Debit Card,Axis Bank,4020,true,2023-02-11
PM00440,CUST06525,UPI,GooglePay,9675,true,2025-09-19
PM00441,CUST02814,Debit Card,HDFC Bank,9440,0,2025-04-24
PM00442,CUST00331,UPI,Paytm,3217,false,2025-04-23
PM00443,CUST04767,Credit Card,HDFC Bank,6087,true,2023-05-04
PM00444,CUST09895,Net Banking,SBI,8827,true,2025-03-02
PM00445,CUST03517,Net Banking,SBI,7213,true,
PM00446,CUST08294,Debit Card,SBI,0657,true,2025-08-20
,CUST07035,Debit Card,ICICI Bank,1439,true,2024-07-31
PM00448,CUST09656,UPI,GooglePay,3044,true,2023-02-09
PM00449,CUST07179,Debit Card,SBI,4896,true,2024-09-21
PM00450,CUST00655,UPI,Paytm,4639,true,2024-11-30
PM00451,CUST06689,UPI,,0757,true,2023-01-25
PM00452,CUST09227,UPI,Paytm,4856,true,2023-02-08
PM00453,CUST05192,UPI,Paytm,2963,false,2023-12-02
PM00454,CUST04661,Debit Card,HDFC Bank,5334,false,2023-02-19
PM00455,CUST00237,UPI,PhonePe,1007,true,2024-03-22
PM00456,CUST00041,Debit Card,Axis Bank,3451,false,2025-02-16
PM00457,CUST06617,UPI,PhonePe,2152,true,2025-06-05
PM00458,CUST04467,Credit Card,Axis Bank,3430,false,2025-03-16
PM00459,CUST02928,Credit Card,ICICI Bank,7300,true,2023-08-31
PM00460,CUST01755,UPI,BHIM,4023,true,2023-01-07
PM00461,CUST00634,UPI,PhonePe,4140,false,2025-08-11
PM00462,CUST00021,UPI,PhonePe,0647,false,2023-07-29
PM00463,CUST00866,Credit Card,ICICI Bank,6238,true,2023-09-20
PM00464,CUST06642,Debit Card,Axis Bank,2149,false,2025-06-11
PM00465,CUST02736,Credit Card,ICICI Bank,9659,false,2024-10-09
PM00466,CUST06146,Debit Card,Axis Bank,7620,true,2023-10-20
PM00467,CUST09485,Net Banking,SBI,8726,TRUE,2025-03-22
PM00468,CUST01651,Debit Card,ICICI Bank,9883,true,2024-08-22
PM00469,CUST06048,UPI,Paytm,7209,false,2023-01-12
PM00470,CUST08202,Net Banking,HDFC Bank,8241,true,2023-01-22
PM00471,CUST00888,Credit Card,HDFC Bank,0996,true,2023-05-03
PM00472,CUST06671,Debit Card,SBI,2646,true,2023-01-19
PM00473,CUST04785,UPI,BHIM,0050,true,2024-03-18
,CUST07602,UPI,BHIM,2839,false,2025-01-06
PM00475,CUST03947,UPI,PhonePe,7822,false,2023-06-06
PM00476,CUST06732,Debit Card,ICICI Bank,2216,false,2024-08-29
PM00477,CUST01608,Debit Card,SBI,9356,true,2023-09-18
PM00478,CUST00196,UPI,GooglePay,4804,false,2023-09-23
PM00479,CUST02164,UPI,BHIM,4816,true,2025-03-31
PM00480,CUST04047,Net Banking,SBI,8685,false,2023-08-06
PM00481,CUST08659,Net Banking,ICICI Bank,7371,false,2023-02-18
PM00482,CUST06537,Debit Card,HDFC Bank,7507,true,2023-08-06
PM00483,CUST00251,UPI,BHIM,3107,true,2024-01-03
PM00484,CUST01028,Credit Card,SBI,6860,true,2025-03-08
PM00485,CUST09864,Debit Card,SBI,3263,true,2025-08-30
PM00486,CUST09355,Debit Card,HDFC Bank,5632,false,2023-10-06
PM00487,CUST01436,Credit Card,SBI,3181,true,2023-06-08
PM00488,CUST04889,UPI,GooglePay,1824,true,2024-01-04
PM00489,CUST03912,UPI,Paytm,8883,false,2025-02-26
PM00490,CUST07463,UPI,BHIM,6500,true,2023-03-03
PM00491,CUST00938,Net Banking,ICICI Bank,7529,true,2024-01-17
PM00492,CUST02304,Credit Card,SBI,8697,false,2024-12-22
PM00493,CUST01739,UPI,Paytm,3763,true,2023-03-10
PM00494,CUST06909,Net Banking,SBI,3250,true,2025-02-01
PM00495,CUST01789,UPI,Paytm,5926,true,2023-07-18
PM00496,CUST08206,Debit Card,HDFC Bank,1016,true,2024-11-18
PM00497,CUST01798,UPI,PhonePe,9513,true,2025-01-17
PM00498,CUST09200,UPI,BHIM,1747,true,2025-04-13
PM00499,CUST07737,UPI,BHIM,2759,true,2024-01-20
PM00500,CUST09004,Credit Card,Axis Bank,7915,true,2025-06-27
PM00501,CUST06598,UPI,,9794,true,2025-05-05
PM00502,CUST04175,UPI,Paytm,6843,true,2024-09-07
PM00503,CUST07824,UPI,PhonePe,5207,true,2024-01-07
PM00504,CUST00900,Debit Card,SBI,2162,true,
PM00505,CUST07823,Net Banking,ICICI Bank,9984,true,2023-12-17
PM00506,CUST03436,UPI,GooglePay,6942,true,
PM00507,CUST02087,Debit Card,SBI,4185,true,2024-01-12
PM00508,CUST05872,Debit Card,Axis Bank,5802,true,2024-02-17
PM00509,CUST07983,Net Banking,ICICI Bank,6132,true,2025-09-04
PM00510,CUST09931,UPI,BHIM,1879,true,2023-05-17
PM00511,CUST00257,Credit Card,SBI,8638,true,2024-06-05
PM00512,CUST06475,UPI,GooglePay,0463,true,2023-06-27
PM00513,CUST04841,Net Banking,ICICI Bank,6534,true,2025-06-17
PM00514,CUST07176,Credit Card,Axis Bank,3409,false,2024-09-29
PM00515,CUST00609,UPI,PhonePe,4989,true,2024-03-03
PM00516,CUST00972,Credit Card,SBI,,true,2025-01-11
PM00517,CUST07062,Net Banking,HDFC Bank,5219,false,2023-12-10
PM00518,CUST03062,Debit Card,ICICI Bank,8266,true,2023-01-31
PM00519,CUST05987,Credit Card,ICICI Bank,1189,true,2024-08-14
PM00520,CUST09060,Credit Card,ICICI Bank,1798,false,2023-10-08
PM00521,CUST05643,UPI,BHIM,9707,true,2025-08-25
PM00522,CUST05176,Credit Card,ICICI Bank,3755,true,2024-09-13
PM00523,CUST07235,UPI,PhonePe,8000,true,2024-07-11
,CUST07046,UPI,GooglePay,5910,true,2024-04-09
PM00525,CUST08132,UPI,PhonePe,9859,true,2023-09-19
PM00526,,UPI,PhonePe,7351,false,2024-12-02
PM00527,CUST03315,Debit Card,HDFC Bank,9811,true,2025-04-12
PM00528,CUST02170,UPI,PhonePe,8440,false,2023-03-07
PM00529,CUST01342,UPI,BHIM,5149,true,2023-03-20
PM00530,CUST07766,UPI,GooglePay,9884,false,2023-02-11
PM00531,,Credit Card,HDFC Bank,0496,true,2025-04-01
PM00532,CUST05714,Credit Card,HDFC Bank,7893,true,2023-07-15
PM00533,CUST06730,Debit Card,SBI,5028,,2023-04-19
PM00534,CUST09545,UPI,GooglePay,8795,true,2025-08-05
PM00535,CUST02742,Credit Card,ICICI Bank,4379,true,2023-07-13
PM00536,CUST02334,Debit Card,ICICI Bank,6705,false,2025-05-14
PM00537,,UPI,GooglePay,0521,true,2023-02-24
PM00538,CUST09889,UPI,GooglePay,0023,true,2024-05-25
PM00539,CUST00857,Debit Card,,9580,true,2023-07-04
PM08276,CUST03706,Credit Card,SBI,5358,false,2024-11-19
PM00541,CUST00763,UPI,GooglePay,3903,true,2025-02-05
PM00542,CUST08694,Credit Card,ICICI Bank,7941,true,2024-08-22
PM00543,CUST09686,Debit Card,Axis Bank,7646,true,2025-06-05
PM00544,CUST07266,UPI,GooglePay,6013,true,2025-03-27
,CUST01267,UPI,BHIM,6612,true,2023-09-09
PM00546,CUST02035,UPI,PhonePe,7878,false,2023-06-30
PM00547,CUST01315,,HDFC Bank,8235,true,2023-10-14
PM00548,CUST00633,Debit Card,SBI,2744,false,2023-03-19
PM00549,CUST00475,UPI,GooglePay,1594,true,2023-09-28
PM00550,CUST00875,UPI,BHIM,6167,,2023-06-30
PM00551,CUST01454,UPI,BHIM,9185,true,
PM00552,CUST09198,UPI,GooglePay,0530,true,2024-12-21
PM00553,CUST04655,UPI,BHIM,7746,true,2023-02-24
PM00554,CUST06325,Credit Card,Axis Bank,2478,,2023-08-12
PM00555,CUST05897,Net Banking,SBI,1133,false,2023-09-19
PM00556,CUST06350,Debit Card,Axis Bank,8735,true,2023-03-14
PM00557,CUST08902,UPI,GooglePay,2405,false,2025-01-06
PM00558,CUST09440,Credit Card,ICICI Bank,5168,true,2023-07-08
PM00559,CUST02840,Debit Card,SBI,7723,true,2024-11-28
PM00560,CUST03893,Debit Card,SBI,3678,true,2025-02-09
PM00561,CUST07336,Net Banking,ICICI Bank,7083,true,2025-05-22
PM00562,CUST06648,Net Banking,SBI,6240,true,2024-06-14
PM00563,CUST01544,UPI,Paytm,9957,true,2023-02-21
PM00564,CUST09667,UPI,GooglePay,0007,true,2024-10-04
PM00565,CUST07375,Debit Card,Axis Bank,5192,,2024-02-23
PM00566,CUST02797,UPI,GooglePay,4767,false,2024-07-29
PM00567,,Credit Card,Axis Bank,0385,true,2024-07-31
PM00568,CUST03189,UPI,Paytm,2786,true,2024-10-04
PM00569,CUST08109,UPI,Paytm,9540,true,2025-02-12
PM00570,CUST08669,Debit Card,Axis Bank,3481,true,2024-12-02
PM00571,CUST00015,Credit Card,Axis Bank,8134,true,2023-07-21
PM00572,CUST02077,Credit Card,ICICI Bank,1589,false,2023-10-20
PM00573,CUST07219,Debit Card,ICICI Bank,7658,true,2024-12-16
PM00574,CUST01030,UPI,GooglePay,5020,true,2023-05-28
PM00575,CUST05895,UPI,Paytm,6594,true,2025-01-29
PM00576,CUST09948,Credit Card,HDFC Bank,5369,true,2024-05-15
PM00577,CUST02613,UPI,PhonePe,4114,true,2024-10-31
PM00578,CUST04225,UPI,,4974,true,2024-12-30
PM00579,CUST02061,Net Banking,ICICI Bank,5000,true,2023-03-03
PM00580,CUST03453,UPI,PhonePe,7958,true,2024-01-20
PM00581,CUST08993,Net Banking,ICICI Bank,7859,false,2023-08-19
PM00582,CUST09056,Net Banking,HDFC Bank,3705,true,2024-07-18
PM00583,CUST07579,UPI,BHIM,1278,false,2025-06-06
PM00584,CUST01774,UPI,Paytm,5888,true,2024-06-29
PM00585,CUST07285,UPI,PhonePe,2432,true,2023-07-24
PM00586,CUST00042,UPI,Paytm,1188,true,2023-10-04
PM00587,CUST09119,UPI,Paytm,7272,false,2024-12-21
PM00588,CUST04598,,ICICI Bank,0995,true,2023-03-05
PM00589,CUST07799,Debit Card,SBI,6022,true,2023-02-02
PM00590,CUST00974,,Axis Bank,5270,true,2023-04-01
PM00591,CUST04162,UPI,PhonePe,9481,true,2023-10-12
PM00592,CUST01070,UPI,GooglePay,7215,true,2023-02-10
PM00593,CUST03676,Credit Card,ICICI Bank,8351,true,2025-08-14
PM00594,CUST08678,Debit Card,ICICI Bank,4516,false,2024-05-17
PM00595,CUST03998,Credit Card,ICICI Bank,9631,false,2024-09-20
PM00596,CUST09363,Credit Card,SBI,8072,true,2023-12-23
PM00597,CUST01461,UPI,BHIM,4707,true,2025-07-25
PM00598,CUST02274,Debit Card,Axis Bank,0104,false,2024-08-02
PM00599,CUST08870,Credit Card,Axis Bank,5342,true,2025-06-26
PM00600,CUST03973,Credit Card,SBI,1565,false,2025-04-28
,CUST09149,Credit Card,ICICI Bank,7606,true,2024-03-28
PM00602,CUST00334,UPI,Paytm,1815,true,2023-11-04
PM00603,CUST07264,UPI,PhonePe,3026,false,2025-07-28
PM00604,CUST00469,UPI,Paytm,3563,false,2023-11-08
PM00605,CUST03745,Net Banking,SBI,2023,true,2023-04-22
PM00606,CUST08407,UPI,Paytm,6985,true,2024-05-12
PM00607,CUST07091,Debit Card,ICICI Bank,9602,true,2024-03-18
PM00608,CUST02146,Debit Card,Axis Bank,2594,true,2024-10-13
PM00609,CUST01926,,Paytm,3987,true,2024-12-14
PM00610,CUST06986,Net Banking,SBI,0959,false,2023-10-08
PM00611,CUST02549,UPI,GooglePay,0362,true,2023-02-22
PM00612,CUST09778,Debit Card,ICICI Bank,5929,true,2023-12-24
PM00613,CUST07571,Debit Card,ICICI Bank,3868,true,2025-04-10
PM00614,CUST06946,UPI,BHIM,8927,true,2023-03-16
PM00615,CUST04969,Debit Card,ICICI Bank,4079,true,2024-05-29
PM00616,CUST00404,UPI,Paytm,7949,true,2024-08-01
PM00617,CUST02386,UPI,Paytm,3466,true,
PM00618,CUST07811,UPI,BHIM,9995,true,2025-02-06
PM00619,CUST07356,Debit Card,HDFC Bank,6198,true,2023-06-22
PM00620,CUST07086,Credit Card,HDFC Bank,4216,true,2024-12-24
PM05613,CUST02424,Credit Card,Axis Bank,8073,true,2024-02-27
PM00622,CUST07034,UPI,GooglePay,5210,false,2024-04-22
PM00623,CUST00542,UPI,PhonePe,1743,true,2025-08-15
PM00624,CUST00672,UPI,Paytm,5336,true,2025-07-01
PM00625,CUST03850,Debit Card,HDFC Bank,0488,true,2024-09-03
PM00626,CUST04857,UPI,PhonePe,7436,true,2023-04-02
PM00627,CUST06059,Debit Card,Axis Bank,2626,true,2025-04-01
PM00628,CUST09642,Debit Card,Axis Bank,7323,true,2024-01-16
PM00629,CUST07368,Debit Card,SBI,8551,false,2025-03-05
PM00630,CUST02260,UPI,PhonePe,8418,true,2024-07-12
PM00631,CUST08545,UPI,BHIM,3141,false,2023-02-12
PM00632,CUST07363,Credit Card,SBI,4251,false,2024-11-20
PM00633,CUST05079,Credit Card,SBI,6528,true,2024-03-21
PM00634,CUST03002,UPI,Paytm,0024,true,2025-08-29
PM00635,CUST02871,UPI,Paytm,0398,true,2025-05-20
PM00636,CUST00144,Credit Card,HDFC Bank,1864,true,2023-07-03
PM00637,CUST05747,UPI,Paytm,3102,true,2024-04-20
PM00638,CUST05106,Credit Card,,3611,false,2024-09-02
PM00639,CUST03061,UPI,Paytm,1209,false,2023-07-05
PM00640,CUST04330,UPI,GooglePay,6387,true,2025-01-10
PM00641,CUST06970,Credit Card,SBI,3176,false,2024-03-12
PM00642,,,HDFC Bank,9854,true,2024-05-22
PM00643,CUST08565,UPI,PhonePe,8112,true,2024-10-01
PM00644,CUST02291,UPI,GooglePay,8042,true,2025-07-16
PM00645,CUST09787,Credit Card,ICICI Bank,4188,false,2024-06-22
PM00646,CUST00240,UPI,BHIM,7195,true,2025-08-12
PM00647,CUST01648,UPI,BHIM,6709,false,2023-05-18
PM03195,CUST05745,UPI,GooglePay,6391,true,2025-03-15
PM00649,CUST00692,Credit Card,ICICI Bank,0222,true,2024-02-16
PM00650,CUST02164,Net Banking,HDFC Bank,9786,false,2023-01-24
PM00651,CUST09993,Net Banking,HDFC Bank,5910,true,2024-10-28
PM00652,CUST01957,Net Banking,HDFC Bank,6719,true,2025-07-13
PM00653,CUST04694,Credit Card,HDFC Bank,3217,true,2025-04-23
PM00654,CUST04545,UPI,GooglePay,4608,true,2024-12-07
PM00655,CUST09714,Debit Card,HDFC Bank,1166,false,2024-05-04
PM00656,CUST04298,UPI,Paytm,2913,false,2023-01-30
PM00657,CUST04040,UPI,Paytm,0672,true,2024-12-10
PM00658,CUST09183,Credit Card,Axis Bank,1005,false,2024-10-15
PM00659,,Debit Card,HDFC Bank,5597,true,2023-06-01
PM00660,CUST03984,UPI,BHIM,7919,false,2023-10-23
PM00661,CUST00005,Credit Card,SBI,0882,true,2024-07-11
PM00662,CUST01561,Debit Card,SBI,1828,true,2024-02-11
PM00663,CUST03236,UPI,BHIM,6666,true,2025-08-12
PM00664,CUST07553,Credit Card,Axis Bank,4332,true,2024-03-06
PM00665,,UPI,GooglePay,0112,true,2023-03-20
PM00666,CUST08016,Credit Card,ICICI Bank,1828,true,2025-02-02
PM00667,CUST05648,UPI,Paytm,4488,true,2023-12-21
PM00668,CUST01450,Debit Card,Axis Bank,9440,false,2025-01-25
PM00669,CUST01693,UPI,PhonePe,5377,true,2023-07-08
PM00670,CUST01859,UPI,BHIM,6890,true,2023-03-31
PM00671,CUST09447,Credit Card,ICICI Bank,7340,true,2023-09-20
PM00672,CUST09804,UPI,Paytm,9193,true,2024-05-17
PM00673,CUST06203,Credit Card,ICICI Bank,1766,true,2023-07-19
PM00674,CUST02084,UPI,PhonePe,2235,true,2023-02-07
PM00675,CUST07789,UPI,GooglePay,2358,true,2023-08-14
PM00676,CUST00804,UPI,GooglePay,7534,1,2025-04-30
PM00677,CUST00562,UPI,PhonePe,8628,false,2024-12-07
PM00678,CUST09856,UPI,BHIM,7593,true,2025-04-30
PM00679,CUST01672,Credit Card,ICICI Bank,6548,true,2025-06-12
PM00680,CUST08325,Credit Card,SBI,2924,true,2024-07-21
PM00681,CUST03865,Net Banking,,3070,false,2025-06-16
PM00682,CUST02121,Credit Card,SBI,1076,true,2024-05-28
PM00683,CUST09597,UPI,BHIM,2609,true,2023-05-30
PM00684,CUST04792,UPI,BHIM,6279,true,2025-07-09
,CUST09898,UPI,GooglePay,0762,true,2025-08-06
PM00686,CUST02084,Net Banking,ICICI Bank,7775,true,2025-05-07
PM00687,CUST05262,UPI,Paytm,8939,true,2024-11-22
PM00688,CUST03840,Net Banking,HDFC Bank,4937,true,2025-07-22
PM00689,CUST06313,Debit Card,HDFC Bank,8754,true,2023-02-22
PM00690,CUST06586,Net Banking,HDFC Bank,1081,TRUE,2023-11-01
PM00691,CUST08531,UPI,GooglePay,1229,true,2024-05-06
PM00692,CUST02044,UPI,GooglePay,0080,false,2024-01-03
PM00693,CUST02857,Debit Card,SBI,6524,true,2023-11-24
PM00694,CUST06381,Credit Card,Axis Bank,5884,true,2024-10-31
PM00695,CUST05220,Credit Card,Axis Bank,3267,true,2025-09-10
PM00696,CUST08835,UPI,PhonePe,3206,true,2025-02-17
PM00697,CUST05422,UPI,,8643,true,2024-02-15
PM00698,CUST00543,Net Banking,ICICI Bank,1046,true,2023-04-16
PM00699,CUST04140,UPI,BHIM,5891,true,2025-01-08
PM00700,CUST07973,UPI,PhonePe,5435,true,2023-06-28
PM00701,CUST05575,UPI,GooglePay,6384,true,2025-08-29
PM00702,CUST08983,Debit Card,ICICI Bank,,false,2023-01-03
PM00703,CUST04765,UPI,Paytm,8372,true,2023-08-23
PM00704,CUST00355,Credit Card,Axis Bank,7687,true,2025-04-03
PM00705,CUST09365,UPI,BHIM,0282,true,2025-08-24
PM00706,CUST08652,UPI,PhonePe,0232,true,2023-10-29
PM00707,CUST06703,UPI,PhonePe,4448,true,2024-02-21
PM00708,CUST00866,Debit Card,Axis Bank,7934,true,2023-11-18
PM00709,CUST01452,,Axis Bank,2749,false,2024-04-13
PM00710,CUST08454,UPI,BHIM,1659,false,2025-03-07
PM00711,CUST02683,Credit Card,ICICI Bank,8397,false,2023-10-12
PM00712,CUST09211,UPI,PhonePe,5139,true,2025-01-14
PM00713,CUST04706,UPI,Paytm,3803,true,2025-04-10
PM00714,CUST06490,Credit Card,ICICI Bank,6044,true,2024-09-22
PM00715,CUST04176,Net Banking,SBI,8413,true,2025-05-02
PM00716,CUST01665,Debit Card,SBI,8242,false,2023-09-24
PM00717,CUST03387,UPI,Paytm,6197,true,2025-01-05
PM00718,CUST00210,Credit Card,Axis Bank,6566,false,2025-05-25
PM00719,CUST09790,UPI,BHIM,0925,false,2023-01-22
PM00720,CUST05369,Credit Card,ICICI Bank,9965,true,2023-06-28
PM00721,CUST03836,UPI,PhonePe,4699,true,2023-08-27
PM00722,CUST02728,Net Banking,SBI,6099,true,2025-01-30
PM00723,CUST07652,Credit Card,Axis Bank,3217,,2024-10-06
PM00724,CUST00278,UPI,BHIM,8581,false,2024-02-05
PM00725,CUST07975,Net Banking,ICICI Bank,8546,true,2023-06-14
PM00726,CUST06031,Debit Card,Axis Bank,6141,true,2024-05-20
PM00727,CUST06998,UPI,PhonePe,1457,true,2025-09-11
PM00728,CUST05629,UPI,PhonePe,9538,true,2024-10-04
PM00729,CUST00613,UPI,PhonePe,9952,true,2024-07-22
PM00730,CUST09788,Debit Card,HDFC Bank,3407,true,2023-11-09
PM00731,CUST06035,UPI,BHIM,9663,true,2024-11-04
PM00732,CUST07936,UPI,PhonePe,,true,2025-03-20
PM00733,CUST03030,Credit Card,SBI,3826,true,2023-06-15
PM00734,CUST00766,Debit Card,Axis Bank,8279,true,2025-01-24
PM00735,CUST02164,UPI,Paytm,4278,true,2024-05-15
PM00736,CUST06603,Net Banking,HDFC Bank,3702,true,2023-04-01
PM00737,CUST04548,UPI,Paytm,4242,true,2023-04-04
PM00738,CUST01195,Net Banking,HDFC Bank,7651,false,2023-11-05
PM00739,CUST09806,Net Banking,ICICI Bank,6698,true,2024-05-09
PM00740,CUST07333,Net Banking,ICICI Bank,6074,true,2025-09-21
PM00741,CUST07467,UPI,BHIM,7258,true,2025-01-29
PM00742,CUST06072,UPI,GooglePay,9851,true,2025-07-05
PM00743,CUST03246,Debit Card,HDFC Bank,9569,true,2024-05-04
PM00744,CUST02965,Debit Card,Axis Bank,0052,true,2024-06-08
PM00745,CUST09699,Debit Card,SBI,3202,true,2024-12-07
PM00746,CUST06990,Debit Card,Axis Bank,9941,true,2024-04-16
PM00747,CUST06518,UPI,GooglePay,9759,true,2023-01-28
PM00748,CUST05836,UPI,BHIM,7949,true,2024-01-09
PM00749,CUST08435,UPI,GooglePay,8553,true,2024-01-10
PM00750,CUST04784,Credit Card,Axis Bank,6202,true,2023-09-27
PM00751,CUST05313,Debit Card,ICICI Bank,9732,true,2024-06-15
PM00752,CUST08464,UPI,GooglePay,4603,true,2024-04-23
PM00753,CUST00712,Credit Card,Axis Bank,6236,true,2023-06-24
PM00754,CUST01409,UPI,PhonePe,9839,true,2023-11-16
PM00755,CUST00244,,BHIM,1973,true,2024-11-19
PM00756,CUST09725,UPI,PhonePe,6704,true,2024-06-26
,CUST05323,Net Banking,ICICI Bank,0620,true,2024-09-05
PM00758,CUST06472,Credit Card,SBI,1522,false,2023-02-13
PM00759,CUST05286,Credit Card,Axis Bank,2073,false,2023-06-07
PM00760,CUST03279,Debit Card,Axis Bank,3849,true,2025-03-13
PM00761,CUST00972,Debit Card,ICICI Bank,3308,true,2023-08-12
PM00762,CUST00543,UPI,BHIM,1136,false,2024-03-17
PM00763,,UPI,BHIM,1616,true,2024-11-26
PM00764,CUST02384,UPI,BHIM,9606,false,2024-09-28
PM00765,CUST05882,Net Banking,SBI,4834,false,2023-08-02
PM00766,CUST07507,Credit Card,HDFC Bank,2406,true,2023-01-06
PM00767,CUST07655,UPI,BHIM,4359,true,2023-01-08
PM00768,CUST06208,Debit Card,Axis Bank,6623,false,2023-12-26
PM00769,CUST03601,UPI,PhonePe,8307,false,2023-11-15
PM00770,CUST07715,UPI,BHIM,2444,true,
PM00771,CUST00176,UPI,Paytm,8351,false,2025-02-20
PM00772,CUST07355,Credit Card,HDFC Bank,6276,true,2024-05-10
PM00773,CUST00131,Net Banking,HDFC Bank,4955,true,
PM00774,CUST01900,UPI,GooglePay,0121,true,2025-04-11
PM00775,CUST03474,UPI,GooglePay,7215,false,2024-03-01
PM00776,CUST00154,UPI,GooglePay,5991,false,2025-03-12
PM00777,CUST02262,UPI,PhonePe,9316,true,2025-05-09
PM00778,CUST07739,UPI,GooglePay,8718,true,2023-06-09
PM00779,CUST08532,Debit Card,Axis Bank,6567,true,2025-09-19
PM00780,CUST08287,UPI,GooglePay,3494,false,2024-09-05
PM00781,CUST04430,UPI,Paytm,9610,false,2024-07-28
PM00782,CUST06842,Credit Card,ICICI Bank,6465,true,2025-01-29
PM00783,CUST04973,Debit Card,ICICI Bank,9681,true,2025-02-05
PM00784,CUST01250,UPI,GooglePay,2259,true,2024-11-09
PM00785,CUST03080,Debit Card,Axis Bank,2367,true,2024-01-24
PM00786,CUST08335,Debit Card,SBI,3099,true,2023-11-04
PM00787,CUST06897,UPI,GooglePay,0159,,2025-08-09
PM00788,CUST00848,UPI,GooglePay,6282,true,2023-02-07
PM00789,CUST02354,UPI,Paytm,2675,true,2025-02-16
PM00790,CUST05730,UPI,BHIM,7472,true,2025-06-21
PM00791,CUST01333,UPI,PhonePe,1214,true,2025-01-19
PM00792,CUST01196,Debit Card,HDFC Bank,6649,,2025-04-27
PM00793,CUST02525,UPI,BHIM,2911,true,2024-12-31
PM00794,CUST01025,UPI,PhonePe,4008,true,2025-07-14
PM00795,CUST02151,UPI,Paytm,7059,true,2023-10-01
PM00796,CUST09464,Debit Card,SBI,5731,true,2023-07-12
PM00797,CUST07201,UPI,PhonePe,7582,true,2024-11-11
PM00798,CUST00385,UPI,BHIM,2739,true,2025-01-10
PM00799,CUST08896,Debit Card,Axis Bank,4008,true,2025-06-30
PM00800,CUST00566,Credit Card,HDFC Bank,6959,true,2023-01-13
PM00801,CUST01802,UPI,PhonePe,5247,true,2023-10-26
PM00802,CUST05895,Debit Card,,7243,false,2025-08-27
PM00803,CUST06184,Credit Card,SBI,7330,true,2024-07-31
PM00804,CUST00632,Credit Card,HDFC Bank,6834,true,2023-07-21
PM00805,CUST04760,UPI,BHIM,6157,false,2023-07-24
PM00806,CUST08732,Net Banking,HDFC Bank,4864,true,2025-08-30
PM00807,CUST03921,UPI,Paytm,8067,true,2023-06-20
PM00808,CUST01694,UPI,BHIM,0358,true,2024-02-10
PM00809,CUST05935,Credit Card,ICICI Bank,8793,true,2025-04-02
PM00810,CUST07068,UPI,BHIM,1347,true,2023-04-22
PM00811,CUST09948,Debit Card,Axis Bank,3701,true,2023-04-10
PM00812,CUST07534,Debit Card,HDFC Bank,3299,true,2024-09-15
PM00813,CUST03086,Credit Card,ICICI Bank,8156,false,2024-05-14
PM00814,CUST00666,Net Banking,ICICI Bank,9424,true,2024-09-06
PM00815,CUST03491,UPI,BHIM,7149,true,2024-08-16
PM00816,CUST08190,UPI,Paytm,2316,true,2025-07-25
PM00817,CUST03820,Net Banking,HDFC Bank,2063,true,2023-07-20
PM00818,CUST08980,Debit Card,HDFC Bank,4833,true,2023-07-22
PM00819,CUST02979,Debit Card,Axis Bank,0358,true,2023-10-21
PM00820,CUST05927,UPI,GooglePay,4633,true,2023-01-19
PM00821,CUST05785,UPI,GooglePay,7542,true,2024-12-25
PM00822,CUST03472,Net Banking,SBI,8574,true,2023-09-02
PM00823,CUST06884,UPI,GooglePay,1107,false,2024-05-13
PM00824,CUST09276,UPI,Paytm,5069,true,2024-09-27
PM00825,CUST04417,Debit Card,ICICI Bank,5723,true,2023-04-23
PM00826,CUST09538,UPI,PhonePe,1451,true,2024-06-13
PM00827,CUST07375,Credit Card,ICICI Bank,1672,false,2023-09-14
PM00828,CUST06898,Net Banking,HDFC Bank,9236,false,2025-07-16
PM00829,CUST00086,UPI,BHIM,3507,true,2024-10-08
PM00830,CUST02526,UPI,PhonePe,8103,true,
PM00831,CUST01715,Debit Card,ICICI Bank,7395,false,2024-04-22
PM00832,CUST01059,UPI,BHIM,7169,true,2023-09-18
PM00833,CUST06238,UPI,Paytm,3118,true,2025-09-04
PM00834,CUST08023,Debit Card,Axis Bank,1980,false,2023-08-13
PM00835,CUST04297,Net Banking,SBI,8333,true,2024-01-24
PM00836,CUST06493,UPI,BHIM,9434,false,2024-05-06
PM00837,CUST02976,UPI,GooglePay,9350,true,2024-11-03
PM00838,CUST00852,Credit Card,Axis Bank,2889,0,2024-09-07
PM00839,CUST02055,Debit Card,SBI,0837,true,2023-09-03
PM00840,,UPI,PhonePe,4884,,2024-09-02
PM00841,CUST03052,UPI,GooglePay,4740,true,2025-09-09
PM00842,CUST03731,Debit Card,ICICI Bank,5459,true,2024-03-30
PM00843,CUST03687,Credit Card,SBI,4542,true,2024-01-10
PM00844,CUST03816,Debit Card,ICICI Bank,5302,true,2025-06-12
PM00845,CUST02017,,Paytm,6365,true,2024-12-08
PM00846,CUST08721,Debit Card,HDFC Bank,2558,true,2025-06-23
PM00847,,Net Banking,HDFC Bank,3614,false,2024-07-06
PM00848,CUST01661,UPI,GooglePay,5692,true,2024-08-30
PM00849,CUST04406,UPI,Paytm,0920,true,2025-01-02
PM00850,CUST04157,UPI,Paytm,4966,true,2023-01-06
PM00851,CUST04090,Credit Card,SBI,2477,true,2023-05-15
PM00852,CUST08773,Debit Card,HDFC Bank,1126,true,2025-05-18
PM00853,CUST05392,Credit Card,SBI,2452,false,2023-04-22
PM00854,CUST02909,Credit Card,HDFC Bank,7072,true,2025-05-15
PM00855,CUST04666,UPI,PhonePe,5161,true,2023-02-09
PM00856,CUST02703,Credit Card,Axis Bank,8437,false,2025-04-24
PM00857,CUST02276,Net Banking,HDFC Bank,4308,true,2025-04-15
PM00858,CUST01741,Net Banking,SBI,9550,true,2024-07-07
,CUST05328,UPI,GooglePay,1775,true,2024-02-02
,CUST09824,UPI,BHIM,2128,true,2023-02-18
PM00861,CUST02169,UPI,PhonePe,3615,true,2024-06-28
PM00862,CUST04034,UPI,GooglePay,4615,true,2024-08-12
PM00863,CUST04945,Credit Card,HDFC Bank,8240,true,2025-08-07
PM00864,CUST05506,UPI,BHIM,5878,true,2023-04-02
PM00865,CUST03091,UPI,BHIM,8673,true,2025-08-20
PM00866,CUST02504,UPI,BHIM,0882,true,2024-06-05
PM00867,CUST02785,UPI,GooglePay,9921,true,2024-06-06
PM00868,CUST06427,UPI,GooglePay,4646,true,2023-03-05
PM00869,CUST02823,Credit Card,Axis Bank,9435,true,2024-08-05
PM00870,CUST07778,Debit Card,Axis Bank,,true,2025-04-01
PM00871,CUST09521,UPI,BHIM,0774,true,2025-03-31
PM00872,CUST05992,UPI,BHIM,0645,true,2023-03-24
PM00873,CUST05289,UPI,PhonePe,9448,true,2024-10-10
PM00874,CUST05818,UPI,Paytm,0152,true,2024-09-28
PM00875,,UPI,PhonePe,0779,true,2024-07-25
PM00876,CUST00904,UPI,BHIM,3883,true,2023-09-16
PM00877,CUST09665,Net Banking,SBI,8279,false,2024-10-21
PM00878,CUST04228,Net Banking,HDFC Bank,4827,true,2024-11-12
PM00879,CUST08283,UPI,Paytm,3912,true,2023-10-16
PM00880,CUST09742,Debit Card,HDFC Bank,3151,false,2024-11-09
PM00881,CUST06206,UPI,PhonePe,6458,true,2024-10-13
PM00882,CUST02358,UPI,Paytm,6834,true,2025-04-29
PM00883,CUST04101,UPI,GooglePay,1310,true,2024-01-20
PM00884,CUST03840,UPI,BHIM,3256,false,2025-01-01
PM00885,CUST03643,Credit Card,Axis Bank,1913,false,2023-02-28
PM00886,CUST04458,Debit Card,HDFC Bank,3224,true,2024-07-30
PM00887,CUST05139,Credit Card,Axis Bank,9039,false,2023-07-14
PM00888,CUST07941,UPI,PhonePe,,true,2024-11-25
PM00889,CUST03261,Net Banking,SBI,3003,true,2024-04-23
PM00890,CUST00769,UPI,GooglePay,5430,true,2023-10-04
PM00891,CUST03567,UPI,BHIM,9839,false,2023-03-21
PM00892,CUST09840,UPI,BHIM,9357,,2024-08-21
PM00893,CUST03434,UPI,Paytm,0371,true,2023-12-20
PM00894,CUST07558,Credit Card,ICICI Bank,9272,true,2023-02-15
PM00895,CUST05302,UPI,GooglePay,3314,true,2025-09-08
,CUST06177,UPI,GooglePay,4260,true,2025-06-10
PM00897,CUST06412,Debit Card,Axis Bank,5886,false,2024-02-18
PM00898,CUST09547,UPI,Paytm,2092,true,2023-02-28
PM00899,CUST07956,,SBI,4466,true,2023-04-07
PM00900,CUST01902,UPI,BHIM,2551,Yes,2023-01-14
PM00901,CUST03943,Credit Card,Axis Bank,1667,true,2025-05-02
PM00902,CUST06926,UPI,GooglePay,4943,true,2024-03-01
PM00903,CUST01198,UPI,PhonePe,1900,true,2023-09-18
PM00904,CUST06640,Credit Card,Axis Bank,9612,true,2023-06-04
PM00905,CUST08785,Credit Card,HDFC Bank,9951,true,2025-03-07
PM00906,CUST06837,Debit Card,HDFC Bank,7611,true,2023-08-10
PM00907,CUST05791,UPI,BHIM,3682,true,2023-12-09
PM00908,CUST03289,UPI,BHIM,4016,false,2024-08-07
PM00909,CUST06797,Net Banking,ICICI Bank,2230,false,2024-05-21
PM00910,CUST09202,UPI,GooglePay,2741,true,2025-03-27
PM00911,CUST01722,Debit Card,ICICI Bank,4870,true,2024-04-20
,CUST05768,Credit Card,ICICI Bank,2537,true,2025-02-05
PM00913,CUST07949,UPI,Paytm,9828,true,2025-01-07
PM00914,CUST08404,UPI,GooglePay,7147,true,2025-02-11
PM00915,CUST05764,UPI,Paytm,3558,false,2025-04-13
PM00916,CUST02393,UPI,BHIM,6732,,2025-02-09
PM00917,CUST07965,Debit Card,SBI,7824,true,2024-11-17
PM00918,CUST01700,UPI,Paytm,2059,false,2023-12-25
PM00919,CUST06875,Credit Card,,5234,true,2023-05-24
PM00920,CUST09594,,Axis Bank,5869,true,2024-01-20
PM00921,CUST00913,Debit Card,Axis Bank,1298,true,2024-11-29
PM00922,CUST03180,Credit Card,HDFC Bank,9387,true,2024-06-11
PM00923,CUST02943,UPI,Paytm,3098,true,2024-05-15
PM00924,CUST09120,Credit Card,Axis Bank,0915,false,2024-07-29
PM00925,CUST00990,Credit Card,ICICI Bank,2298,true,2025-02-26
PM00926,CUST08030,Credit Card,SBI,,true,2024-12-10
PM00927,CUST00894,Credit Card,ICICI Bank,1434,true,2024-05-31
PM00928,CUST01441,UPI,Paytm,5518,true,2025-03-11
PM00929,CUST08386,Credit Card,Axis Bank,8139,false,2023-10-27
PM00930,CUST04727,UPI,BHIM,1297,true,2024-04-28
PM00931,CUST07539,Debit Card,Axis Bank,0270,true,2023-06-03
PM00932,CUST00364,Net Banking,SBI,2542,true,2025-03-31
PM00933,CUST09659,UPI,BHIM,3150,true,2024-01-11
PM00934,CUST07734,Credit Card,ICICI Bank,9961,true,2024-11-18
PM00935,CUST06140,UPI,PhonePe,6659,false,2025-03-03
PM00936,CUST09852,UPI,PhonePe,7297,true,2025-04-26
PM00937,CUST04462,Credit Card,Axis Bank,2541,true,2024-06-01
PM00938,CUST07117,Credit Card,HDFC Bank,1889,true,2023-06-26
PM00939,CUST08663,UPI,Paytm,8646,true,2024-06-10
PM00940,CUST07078,Net Banking,SBI,5502,false,2023-03-26
PM00941,CUST01123,Credit Card,Axis Bank,4833,false,2025-08-02
PM00942,CUST03368,UPI,PhonePe,0279,true,2025-01-18
PM00943,CUST04688,UPI,PhonePe,2742,false,2025-02-16
PM00944,CUST08951,Debit Card,ICICI Bank,5603,true,2025-01-07
PM00945,CUST07554,UPI,PhonePe,0441,true,2023-09-10
PM00946,CUST04213,UPI,GooglePay,2552,true,2023-07-30
PM00947,CUST09926,Debit Card,HDFC Bank,9854,true,2025-06-13
PM00948,CUST09509,Debit Card,Axis Bank,7129,false,2024-11-18
PM00949,CUST04728,UPI,Paytm,2681,true,2025-05-04
PM00950,CUST01820,Debit Card,HDFC Bank,1227,true,2024-02-10
PM00951,CUST04029,Net Banking,SBI,,false,2023-06-10
PM00952,CUST05290,UPI,Paytm,0043,true,2024-09-08
PM00953,CUST01605,Credit Card,SBI,4220,true,2024-02-15
PM00954,CUST07125,Debit Card,HDFC Bank,4112,true,2023-11-27
PM00955,CUST04147,Net Banking,ICICI Bank,8195,false,2023-08-07
PM00956,CUST06679,Net Banking,ICICI Bank,1529,true,2025-09-24
PM00957,CUST09390,Credit Card,HDFC Bank,4451,true,2023-10-07
PM00958,CUST03531,Debit Card,ICICI Bank,0206,true,2024-02-14
PM00959,CUST08120,Debit Card,Axis Bank,5575,false,2023-11-21
PM00960,CUST05861,Credit Card,HDFC Bank,5203,false,2023-04-01
PM00961,CUST09682,UPI,Paytm,9843,true,2023-08-23
PM00962,CUST01882,UPI,GooglePay,8505,true,2025-06-23
PM00963,CUST02548,Net Banking,SBI,5075,false,2023-03-27
PM00964,CUST04568,Debit Card,ICICI Bank,4464,true,2024-07-02
PM00965,CUST08870,Credit Card,HDFC Bank,8741,true,2023-03-30
PM00966,CUST03913,UPI,PhonePe,3181,false,2024-04-13
PM00967,CUST09951,Debit Card,HDFC Bank,2888,TRUE,2025-02-04
PM00968,CUST08915,UPI,GooglePay,6702,true,2023-04-12
PM00969,CUST01697,UPI,BHIM,9100,true,2024-05-06
PM00970,CUST08729,UPI,GooglePay,8259,true,2024-06-22
PM00971,CUST03017,UPI,BHIM,1567,true,2025-07-29
PM00972,CUST02442,Debit Card,Axis Bank,3047,false,2023-07-13
PM00973,CUST01980,Credit Card,SBI,3870,false,2025-06-13
PM00974,CUST05961,Credit Card,HDFC Bank,2565,true,2024-04-12
PM00975,CUST09396,UPI,BHIM,5477,false,2023-07-12
PM00976,CUST02720,UPI,Paytm,7769,true,2023-07-08
PM00977,CUST08181,Debit Card,Axis Bank,1461,false,2024-10-31
PM00978,CUST01619,UPI,BHIM,7200,true,2024-11-07
PM00979,CUST03704,Credit Card,SBI,,true,2024-04-15
PM00980,CUST01422,Debit Card,ICICI Bank,3842,true,2024-06-06
PM00981,,Debit Card,Axis Bank,5774,true,2025-01-01
PM00982,CUST08690,Credit Card,SBI,,true,2025-01-24
PM00983,CUST04896,UPI,GooglePay,0673,true,2023-05-31
PM00984,CUST07327,UPI,PhonePe,0538,true,2023-09-16
PM00985,CUST07328,Debit Card,SBI,7897,true,2023-10-10
PM00986,CUST05242,UPI,BHIM,1162,true,2025-06-18
PM00987,CUST09919,Debit Card,HDFC Bank,,true,2023-01-06
PM00988,CUST05138,Net Banking,HDFC Bank,2554,true,2023-01-19
PM00989,CUST07797,UPI,PhonePe,4594,true,2023-12-09
PM00990,CUST08857,UPI,Paytm,5082,false,2024-04-23
PM00991,CUST05881,Debit Card,ICICI Bank,8069,true,2023-01-16
PM00992,CUST09901,Debit Card,Axis Bank,9684,true,2024-09-22
PM00993,CUST08563,UPI,GooglePay,0984,false,2023-06-21
PM09438,CUST04830,Debit Card,SBI,,true,2024-08-13
PM00995,CUST05941,UPI,BHIM,5779,false,2024-06-22
PM00996,CUST07802,Net Banking,HDFC Bank,2226,true,2024-09-16
PM00997,CUST01652,UPI,Paytm,4603,false,2024-06-10
PM00998,CUST05523,UPI,GooglePay,3686,true,2024-09-06
PM00999,CUST08376,Debit Card,SBI,5001,true,2024-08-14
PM01000,CUST08411,UPI,PhonePe,7620,,2025-06-23
PM01001,CUST01524,Credit Card,HDFC Bank,9137,true,2025-08-15
PM01002,CUST08608,Credit Card,SBI,4024,false,2025-06-23
PM01003,CUST02528,UPI,GooglePay,7650,true,2025-01-01
PM01004,CUST06162,Credit Card,Axis Bank,8719,true,2023-03-11
PM01005,CUST05866,Credit Card,HDFC Bank,8128,true,2025-08-30
PM01006,CUST04749,UPI,PhonePe,2160,,2023-03-31
PM01007,CUST08100,Debit Card,Axis Bank,8387,false,2023-03-26
PM01008,CUST02836,Debit Card,ICICI Bank,3997,,2025-04-28
PM01009,CUST01073,UPI,GooglePay,7744,true,2023-11-16
PM01010,CUST06686,Debit Card,SBI,9141,true,2024-09-03
PM01011,CUST04955,UPI,BHIM,1794,true,2024-05-01
PM01012,CUST01668,UPI,GooglePay,7652,true,2023-05-22
PM01013,CUST03455,Credit Card,HDFC Bank,2956,true,2025-03-31
PM01014,CUST05892,UPI,BHIM,8765,true,2025-03-28
PM01015,CUST05968,Debit Card,Axis Bank,5838,true,2024-01-13
PM01016,CUST09669,Debit Card,Axis Bank,5201,true,2023-05-23
PM01017,CUST08761,Net Banking,HDFC Bank,3155,true,2025-08-08
PM01018,CUST08858,UPI,Paytm,5313,true,2025-02-18
PM01019,CUST00958,Net Banking,HDFC Bank,3611,true,2023-05-25
PM01020,CUST00460,UPI,BHIM,5479,true,2025-01-12
PM01021,CUST04433,UPI,PhonePe,5542,true,2025-09-02
PM01022,CUST07802,Debit Card,Axis Bank,7840,true,2024-08-03
PM01023,CUST06112,Debit Card,ICICI Bank,7850,false,2025-05-23
PM01024,CUST03255,Credit Card,SBI,4135,true,2023-07-28
PM01025,CUST02164,Credit Card,SBI,9987,false,2024-08-09
PM01026,CUST00923,Credit Card,ICICI Bank,7814,true,2025-06-16
PM01027,CUST04206,UPI,BHIM,1995,true,2023-06-25
PM01028,CUST02268,UPI,PhonePe,6717,true,2025-01-21
PM01029,CUST07586,Net Banking,ICICI Bank,6207,true,2024-06-21
PM01030,CUST03364,UPI,BHIM,5487,true,2023-11-21
PM01031,CUST03010,UPI,GooglePay,3008,true,2023-12-11
PM01032,CUST07845,Debit Card,Axis Bank,3513,true,2023-08-02
PM01033,CUST09047,UPI,GooglePay,3891,true,2024-07-29
PM01034,CUST06889,Debit Card,HDFC Bank,8870,true,2024-03-30
,,Debit Card,HDFC Bank,7447,false,2024-09-11
PM01036,CUST01498,UPI,GooglePay,6560,true,2023-06-12
PM01037,CUST02965,Net Banking,HDFC Bank,9075,false,2024-09-25
PM01038,CUST00970,Debit Card,ICICI Bank,1784,true,2023-10-30
PM01039,CUST08630,Debit Card,HDFC Bank,4998,false,2023-10-10
PM01040,CUST06830,Debit Card,HDFC Bank,4678,false,2024-02-04
PM01041,CUST09233,UPI,BHIM,6811,true,2023-11-16
PM01042,CUST09016,Credit Card,SBI,7362,false,2023-01-06
PM01043,CUST00341,UPI,Paytm,9211,false,2023-12-25
PM01044,CUST05908,Net Banking,SBI,9091,true,2024-03-05
PM01045,CUST03569,UPI,PhonePe,0497,true,2023-09-04
PM01046,CUST01828,Credit Card,Axis Bank,5585,true,2025-02-04
PM01047,CUST02665,Debit Card,ICICI Bank,8392,true,2024-07-08
PM01048,CUST06750,UPI,PhonePe,1015,true,2023-05-01
PM01049,CUST05350,UPI,Paytm,1540,true,2024-11-05
PM01050,CUST07003,UPI,BHIM,6341,true,2024-05-03
PM01051,CUST04529,Net Banking,SBI,1486,true,2023-07-05
PM01052,CUST07055,Credit Card,ICICI Bank,,false,2023-08-03
PM01053,CUST08368,Debit Card,SBI,0324,true,2023-02-18
PM01054,CUST04078,UPI,Paytm,8505,true,2023-05-11
PM01055,CUST04351,UPI,PhonePe,0288,true,2025-01-25
PM01056,CUST06790,Debit Card,Axis Bank,3027,true,2024-01-16
PM01057,CUST08709,UPI,PhonePe,0526,false,2025-06-22
PM01058,CUST06218,UPI,BHIM,3000,true,2023-07-06
PM01059,CUST09825,UPI,PhonePe,9639,true,2024-04-14
PM01060,,Net Banking,ICICI Bank,1709,true,2024-05-13
PM01061,CUST02161,UPI,PhonePe,1610,true,2023-04-09
PM01062,CUST02370,,ICICI Bank,0692,true,2025-05-15
PM01063,CUST03500,UPI,PhonePe,4795,true,2023-11-19
PM01064,CUST01055,UPI,BHIM,2018,true,2024-12-20
PM01065,CUST02354,UPI,BHIM,,true,2025-08-16
PM01066,CUST08667,Debit Card,ICICI Bank,7403,true,2024-01-09
PM01067,CUST03599,UPI,PhonePe,0169,true,2025-08-09
PM01068,CUST05271,Debit Card,SBI,3242,true,2024-03-01
PM01069,CUST08287,Credit Card,SBI,1573,true,2023-09-06
PM01070,CUST05981,Credit Card,Axis Bank,9001,true,2023-08-24
PM01071,CUST08789,UPI,PhonePe,5867,false,2024-08-26
PM01072,CUST02830,UPI,GooglePay,6645,false,2024-02-04
PM01073,CUST03770,UPI,GooglePay,4807,true,2025-04-13
PM01074,CUST03927,UPI,PhonePe,2203,false,2024-01-31
PM01075,CUST03140,Credit Card,ICICI Bank,3492,true,2023-03-01
PM01076,CUST00255,Credit Card,ICICI Bank,4301,true,2023-10-24
PM01077,CUST02857,UPI,GooglePay,5815,true,2023-04-04
PM01078,CUST01454,Debit Card,SBI,9901,true,2023-12-02
PM01079,CUST09554,Net Banking,ICICI Bank,0071,false,2023-11-14
,CUST08965,Credit Card,ICICI Bank,6981,false,2024-05-27
PM01081,CUST07681,Credit Card,HDFC Bank,6976,true,2024-05-27
PM01082,CUST00859,Debit Card,SBI,5966,true,2023-07-24
PM01083,CUST06240,Debit Card,HDFC Bank,1976,true,
PM01084,CUST04903,Credit Card,HDFC Bank,1716,true,2025-09-15
PM01085,CUST06623,Debit Card,HDFC Bank,6761,true,2023-02-15
PM01086,CUST08478,Debit Card,ICICI Bank,3166,true,2024-03-17
PM01087,CUST05293,UPI,BHIM,7699,false,2023-06-12
,CUST05638,UPI,PhonePe,7276,true,2024-01-26
PM01089,CUST02178,Credit Card,SBI,2032,false,2024-09-13
PM01090,CUST04217,UPI,GooglePay,6549,true,2025-02-19
PM01091,CUST01998,Credit Card,ICICI Bank,7489,true,2024-12-18
PM01092,CUST05472,UPI,BHIM,0064,true,2023-12-14
PM01093,CUST02526,Net Banking,ICICI Bank,7323,true,2024-06-01
PM01094,CUST05165,Credit Card,SBI,3847,true,2025-08-21
PM01095,CUST03243,Credit Card,HDFC Bank,3383,true,2023-04-14
PM01096,CUST03224,UPI,GooglePay,0872,true,2025-09-01
PM01097,CUST05257,UPI,Paytm,9084,true,2024-08-25
PM01098,CUST09228,Credit Card,Axis Bank,2740,true,2023-08-16
PM01099,CUST07424,Debit Card,Axis Bank,1351,false,2024-12-31
PM01100,CUST01806,UPI,GooglePay,9936,false,2024-08-25
PM01101,CUST05330,UPI,GooglePay,9086,true,2024-07-09
PM01102,CUST01784,Credit Card,Axis Bank,9306,true,2023-06-25
PM01103,CUST02852,UPI,BHIM,9753,true,2023-02-15
PM01104,CUST09138,UPI,GooglePay,7968,true,2025-07-05
PM01105,CUST02261,Credit Card,Axis Bank,8998,true,2025-02-22
PM01106,CUST00055,UPI,Paytm,8406,true,2024-02-26
PM01107,CUST01416,UPI,Paytm,3995,true,2023-11-02
PM01108,CUST05908,,GooglePay,7517,true,2025-04-01
PM01109,CUST00120,UPI,Paytm,4145,true,2024-09-09
PM01110,CUST07184,Net Banking,SBI,1927,true,2025-05-29
PM01111,CUST02831,Credit Card,SBI,1831,true,2023-01-09
PM01112,CUST04070,Credit Card,Axis Bank,7706,true,2025-07-10
PM01113,CUST05246,UPI,GooglePay,2216,true,2023-03-06
PM01114,CUST07689,Credit Card,SBI,4174,false,2023-01-07
,CUST04555,UPI,GooglePay,3549,false,2025-08-11
PM01116,CUST08486,UPI,BHIM,1925,false,2023-10-04
,CUST00382,UPI,BHIM,5399,false,2023-05-26
PM01118,CUST00526,Credit Card,ICICI Bank,2352,true,2024-12-13
PM01119,CUST09686,Credit Card,HDFC Bank,8675,false,2023-11-13
PM01120,CUST03435,,SBI,4031,true,2023-06-22
PM01121,CUST09906,Net Banking,ICICI Bank,7107,true,2023-08-12
PM01122,CUST03282,Credit Card,HDFC Bank,5545,true,2024-01-23
PM01123,,UPI,GooglePay,3804,true,2024-08-02
PM01124,CUST01315,UPI,,9088,false,2024-02-29
PM01125,CUST09312,UPI,GooglePay,3747,true,2023-07-10
PM01126,,Credit Card,SBI,8855,true,2025-02-15
PM01127,CUST03232,UPI,BHIM,5515,true,2023-01-06
PM01128,CUST09621,UPI,GooglePay,5243,true,2023-08-29
,CUST00627,Net Banking,SBI,4032,true,2023-10-30
PM01130,CUST04122,UPI,BHIM,4660,false,2023-12-13
PM01131,CUST07379,UPI,BHIM,7232,true,2025-09-20
PM01132,CUST03512,UPI,Paytm,4204,true,2023-04-18
PM01133,CUST00408,UPI,PhonePe,1981,true,2024-08-28
PM01134,CUST03728,UPI,BHIM,3437,true,2024-10-21
PM01135,CUST06134,UPI,BHIM,0407,true,2024-05-18
PM01136,CUST01968,UPI,Paytm,5670,true,2024-01-13
PM01137,CUST06834,Net Banking,HDFC Bank,6622,true,2023-06-26
PM01138,CUST02119,Debit Card,Axis Bank,,true,2024-06-09
PM01139,CUST00497,Debit Card,Axis Bank,8493,true,
PM01140,CUST09526,UPI,PhonePe,9079,true,2023-12-25
PM01141,CUST08196,UPI,PhonePe,8174,false,2024-10-25
PM01142,CUST03467,UPI,BHIM,0539,true,2024-02-01
PM00494,CUST06909,Net Banking,SBI,3250,true,2025-02-01
PM01144,,Debit Card,ICICI Bank,8238,true,2023-11-08
PM01145,CUST01682,Debit Card,HDFC Bank,1667,true,2024-02-09
PM01146,CUST07705,Debit Card,HDFC Bank,2244,true,2025-04-15
PM01147,CUST02128,Credit Card,Axis Bank,5049,true,2024-12-11
PM01148,CUST01628,Net Banking,HDFC Bank,4318,false,2024-04-04
PM01149,CUST07890,Credit Card,Axis Bank,6628,true,2023-12-04
PM01150,CUST03438,Credit Card,HDFC Bank,4226,true,2024-10-05
PM01151,CUST09231,Net Banking,HDFC Bank,4144,false,2024-12-01
PM01152,CUST09345,Debit Card,Axis Bank,7648,true,2023-02-16
PM01153,CUST07786,Debit Card,SBI,3486,true,2025-09-10
PM01154,CUST06388,Net Banking,SBI,6339,true,2023-01-29
PM01155,CUST04898,Credit Card,SBI,1210,true,2025-05-06
PM01156,CUST09454,UPI,Paytm,0928,true,2024-10-31
PM01157,CUST03721,UPI,GooglePay,9790,,2025-04-23
PM01158,CUST03426,UPI,BHIM,1893,false,2024-08-22
PM01159,CUST08749,UPI,Paytm,3975,true,2023-03-24
PM01160,CUST04609,Credit Card,Axis Bank,6600,false,2023-03-28
PM01161,CUST07382,UPI,BHIM,2385,true,2025-01-13
PM01162,CUST07341,UPI,BHIM,7972,false,2023-07-20
PM01163,CUST01205,UPI,GooglePay,7943,true,2024-03-03
PM01164,CUST09726,UPI,Paytm,3106,FALSE,2024-02-09
PM01165,CUST00873,UPI,PhonePe,1571,true,2023-10-22
PM01166,CUST08495,UPI,Paytm,8858,true,2023-11-17
PM01167,CUST07366,Net Banking,ICICI Bank,4435,true,2023-11-19
PM01168,CUST01795,Debit Card,HDFC Bank,3445,false,2024-07-29
PM01169,,UPI,GooglePay,3666,true,2023-10-14
PM01170,CUST07141,UPI,GooglePay,7918,true,2023-09-24
PM01171,CUST08782,UPI,PhonePe,4077,true,2024-08-31
PM01172,CUST07518,Debit Card,ICICI Bank,3957,true,2024-12-06
PM01173,CUST09201,UPI,PhonePe,9610,true,2023-11-17
PM01174,CUST05762,Credit Card,SBI,4571,false,2024-05-28
PM01175,CUST02035,Debit Card,ICICI Bank,6704,true,2023-03-06
PM01176,CUST09932,Net Banking,ICICI Bank,0389,true,2025-05-06
PM01177,CUST05039,Debit Card,Axis Bank,3464,true,2023-09-06
PM01178,CUST04307,UPI,GooglePay,2799,true,2025-02-04
PM01179,CUST08128,UPI,Paytm,2040,true,2023-04-13
PM01180,CUST04606,Credit Card,SBI,2743,true,2025-03-15
PM01181,CUST00741,UPI,PhonePe,0513,true,2023-01-04
PM01182,CUST04225,UPI,BHIM,8027,false,2024-09-21
PM01183,CUST03793,UPI,BHIM,2867,true,2023-10-11
PM01184,CUST09771,Debit Card,Axis Bank,4974,true,2025-07-24
PM01185,CUST06667,Debit Card,Axis Bank,5047,true,2024-07-23
PM01186,CUST01343,UPI,BHIM,6021,true,2025-04-24
PM01187,CUST01201,UPI,BHIM,8800,true,2025-02-27
PM01188,CUST01421,Debit Card,HDFC Bank,0644,false,2025-03-23
PM01189,CUST07537,Debit Card,ICICI Bank,5939,true,2024-02-05
PM01190,CUST06470,Credit Card,SBI,2857,true,2024-10-26
PM01191,CUST02714,Net Banking,ICICI Bank,0840,false,2023-09-21
PM01192,CUST04367,UPI,BHIM,0210,true,2023-05-28
PM01193,CUST03141,UPI,Paytm,7718,false,2024-06-27
PM01194,CUST03048,Credit Card,Axis Bank,4804,true,2023-01-23
PM01195,CUST06866,Credit Card,SBI,6943,false,2023-11-22
PM01196,CUST09868,UPI,GooglePay,5312,false,2025-05-13
PM01197,CUST02181,UPI,Paytm,4142,false,2023-05-17
PM01198,CUST04707,Credit Card,Axis Bank,2643,false,2025-05-24
PM01199,CUST05755,UPI,BHIM,8366,true,2024-04-08
PM01200,CUST07515,Credit Card,SBI,1333,true,2024-11-01
PM01201,CUST04925,Debit Card,ICICI Bank,0332,true,2024-07-30
PM01202,CUST08940,Net Banking,SBI,1761,true,
PM01203,CUST06056,UPI,GooglePay,4203,true,2024-03-24
PM01204,CUST00929,UPI,BHIM,1243,true,2024-07-26
PM01205,CUST02809,UPI,BHIM,8377,true,2025-03-19
PM01206,CUST04134,Debit Card,SBI,9595,true,2023-02-18
PM01207,CUST02693,UPI,GooglePay,1289,true,2023-10-04
PM01208,CUST09376,UPI,PhonePe,3536,false,2024-11-05
PM01209,CUST00348,UPI,PhonePe,3405,true,2023-04-11
PM01210,CUST00441,Credit Card,ICICI Bank,8189,false,2025-08-02
PM01211,CUST07734,Net Banking,ICICI Bank,4138,false,2023-12-08
PM01212,CUST05432,Debit Card,HDFC Bank,4448,true,2024-05-07
PM01213,CUST05579,UPI,BHIM,2858,true,2023-11-13
PM01214,CUST04519,Net Banking,SBI,6263,false,2024-12-26
PM01215,CUST04001,Net Banking,SBI,8347,true,
PM01216,CUST00388,UPI,PhonePe,2760,true,2023-04-08
PM01217,CUST04593,UPI,Paytm,7151,true,2024-03-01
PM01218,CUST06611,Debit Card,SBI,9085,true,2023-11-25
PM01219,CUST05964,UPI,BHIM,3465,false,2025-08-23
PM01220,CUST02273,Debit Card,HDFC Bank,3656,true,2023-11-18
PM01221,CUST04911,Debit Card,HDFC Bank,4032,false,2023-06-23
PM01222,CUST07656,UPI,PhonePe,6471,true,2024-12-09
PM01223,CUST02054,UPI,GooglePay,8175,false,2023-10-18
PM01224,CUST04128,Debit Card,ICICI Bank,8911,true,2025-03-20
PM01225,CUST04963,Credit Card,HDFC Bank,1400,true,2023-01-18
PM01226,CUST00178,UPI,BHIM,4142,false,2024-07-15
PM01227,CUST05565,UPI,GooglePay,9969,true,2023-11-28
PM01228,CUST06619,UPI,PhonePe,7072,true,2025-02-24
PM01229,CUST02202,Debit Card,SBI,9320,0,2025-01-21
PM01230,CUST00333,UPI,BHIM,3542,false,2024-10-30
PM01231,CUST03625,Credit Card,ICICI Bank,9617,true,2023-12-06
PM01232,CUST05089,UPI,BHIM,6703,true,2024-04-11
PM01233,CUST09124,Credit Card,,0418,true,2023-10-16
PM01234,CUST07298,UPI,Paytm,4849,true,2023-06-14
PM01235,CUST09262,Net Banking,ICICI Bank,4120,true,2024-10-04
PM01236,CUST07559,Net Banking,HDFC Bank,0957,true,2024-09-11
PM01237,CUST05981,UPI,PhonePe,3657,true,2023-01-02
PM01238,CUST05909,UPI,Paytm,1918,true,2025-03-20
PM01239,CUST00632,Debit Card,HDFC Bank,0168,true,2023-10-18
PM01240,CUST06426,UPI,Paytm,0497,true,2025-06-19
PM01241,CUST09181,UPI,BHIM,5440,true,2024-09-27
PM01242,CUST03030,Debit Card,HDFC Bank,6787,true,2023-06-09
PM01243,CUST06284,Credit Card,HDFC Bank,8622,true,2024-05-05
PM01244,CUST08877,Credit Card,SBI,3812,true,2023-11-11
PM01245,CUST07602,UPI,GooglePay,1918,true,2024-01-05
PM01246,CUST00415,UPI,BHIM,0697,true,2025-09-08
PM01247,CUST07330,Debit Card,Axis Bank,,true,2025-04-21
PM01248,CUST00229,Credit Card,HDFC Bank,3268,true,2024-04-28
PM01249,CUST07205,Net Banking,ICICI Bank,3192,false,2023-04-28
PM01250,CUST09158,Debit Card,SBI,9036,false,2023-08-31
PM01251,CUST06975,Credit Card,SBI,3819,true,2023-06-08
PM01252,CUST07489,UPI,PhonePe,4350,true,2023-11-15
PM01253,CUST04649,Credit Card,Axis Bank,8182,true,2024-05-07
PM01254,CUST07957,UPI,BHIM,6792,true,2023-03-29
PM01255,CUST02653,Debit Card,ICICI Bank,3316,true,2024-08-18
PM01256,CUST07697,Net Banking,ICICI Bank,3387,false,2023-10-09
PM01257,CUST03648,UPI,Paytm,7041,false,2024-06-05
PM01258,CUST02237,UPI,Paytm,4950,true,2025-02-10
PM01259,CUST04654,Debit Card,ICICI Bank,7206,true,2024-05-18
PM01260,CUST04501,UPI,BHIM,7643,false,2023-03-08
PM01261,CUST03614,UPI,BHIM,9117,true,2024-08-07
PM01262,CUST03005,Net Banking,SBI,8420,true,2023-07-03
PM01263,CUST02305,UPI,,8054,true,2023-09-14
PM01264,CUST05432,Credit Card,ICICI Bank,9140,true,2023-08-26
PM01265,CUST01473,UPI,PhonePe,,true,2024-08-19
PM01266,CUST06875,Credit Card,SBI,1690,true,
PM01267,CUST07903,UPI,BHIM,8237,false,2025-04-22
PM01268,CUST03303,Credit Card,SBI,6672,true,2023-07-14
PM01269,CUST04901,UPI,PhonePe,5617,true,2023-11-02
PM01270,CUST08335,UPI,Paytm,0213,true,2024-06-19
PM01271,CUST02350,Net Banking,ICICI Bank,3963,true,2025-01-30
PM01272,CUST08172,Credit Card,HDFC Bank,8382,true,2024-06-13
PM01273,CUST09021,UPI,,0200,true,2024-09-11
PM01274,CUST09927,Credit Card,ICICI Bank,5439,true,
PM01275,CUST01636,Credit Card,HDFC Bank,7074,false,2024-10-10
PM01276,CUST01215,UPI,BHIM,9851,false,2023-01-14
PM01277,CUST01331,UPI,GooglePay,7625,false,2025-06-19
PM01278,CUST09283,UPI,Paytm,1920,true,2023-09-15
PM01279,CUST04578,Net Banking,HDFC Bank,4224,true,2024-10-31
PM01280,CUST05949,UPI,PhonePe,8403,false,2024-03-23
PM01281,CUST08595,Net Banking,HDFC Bank,8964,true,2023-08-06
PM01282,CUST09631,Net Banking,ICICI Bank,8133,true,2025-05-12
PM01283,CUST02305,UPI,Paytm,9740,true,2023-12-19
PM01284,CUST01654,UPI,GooglePay,6411,No,2023-06-14
PM01285,CUST00532,UPI,PhonePe,4208,false,2024-12-13
PM01286,CUST05032,Net Banking,ICICI Bank,6443,true,2023-05-26
PM01287,CUST03310,Credit Card,ICICI Bank,0502,true,2024-03-24
PM01288,CUST06022,Debit Card,ICICI Bank,1421,true,2023-09-09
PM01289,CUST03723,Credit Card,Axis Bank,8413,true,2025-07-24
PM01290,CUST03852,Debit Card,Axis Bank,5815,true,2025-01-12
PM01291,CUST00677,UPI,Paytm,7348,true,2025-06-04
PM01292,CUST02978,UPI,Paytm,4233,true,2023-01-12
PM01293,CUST08592,Debit Card,SBI,2268,true,2023-06-30
PM01294,CUST00055,UPI,PhonePe,1262,true,2023-10-20
PM01295,CUST08041,Debit Card,SBI,9380,true,2024-07-18
PM01296,CUST00624,UPI,PhonePe,8756,true,2024-09-17
PM01297,CUST02251,Net Banking,SBI,3442,TRUE,2023-01-27
PM01298,,UPI,BHIM,2017,false,2024-06-08
PM01299,CUST04584,Net Banking,HDFC Bank,6245,true,2025-06-19
PM01300,CUST00485,UPI,BHIM,4842,true,2023-05-09
PM01301,CUST08454,Debit Card,HDFC Bank,3530,true,2024-09-09
PM01302,CUST08060,UPI,PhonePe,7722,true,2025-07-31
PM01303,CUST06883,UPI,Paytm,8231,true,2023-03-27
PM01304,CUST09210,Net Banking,SBI,2955,true,2023-08-07
PM01305,CUST02517,Credit Card,SBI,6585,true,2023-09-09
PM01306,CUST05979,UPI,Paytm,6524,false,2024-12-15
PM01307,CUST05393,UPI,Paytm,4942,true,2024-03-29
PM01308,CUST07902,UPI,BHIM,5273,true,2024-12-21
PM01309,CUST02035,Net Banking,SBI,5025,true,2025-09-10
PM01310,CUST01914,UPI,Paytm,6734,false,2023-12-31
PM01311,CUST09511,UPI,BHIM,9490,false,2024-08-28
PM01312,CUST02679,UPI,Paytm,1966,true,
PM01313,CUST02812,UPI,Paytm,0175,true,2023-12-22
PM01314,CUST06191,Debit Card,SBI,5360,false,2025-07-17
PM01315,CUST02506,UPI,GooglePay,0014,false,2025-01-19
PM01316,CUST00290,Debit Card,SBI,5174,true,2023-06-19
PM01317,CUST07785,Net Banking,HDFC Bank,6232,true,2025-08-18
PM01318,CUST02422,UPI,BHIM,5669,true,2024-07-29
PM01319,CUST04171,Debit Card,ICICI Bank,3357,true,2023-08-16
PM01320,CUST01145,Debit Card,Axis Bank,9136,true,2023-01-20
PM01321,CUST00301,Net Banking,HDFC Bank,7612,true,2024-09-25
PM01322,CUST04651,Credit Card,Axis Bank,0180,true,2024-09-07
PM01323,CUST00532,UPI,Paytm,3296,true,2024-07-14
PM01324,CUST01706,UPI,PhonePe,8996,true,2025-09-16
PM01325,CUST00170,Debit Card,ICICI Bank,8253,true,2023-07-26
PM01326,CUST01897,UPI,PhonePe,9620,true,2023-03-17
PM01327,CUST09762,Credit Card,Axis Bank,6446,true,2024-09-05
PM01328,CUST07836,Credit Card,SBI,5415,true,2023-04-19
PM01329,CUST05778,UPI,Paytm,6224,true,2024-01-12
PM01330,CUST09829,Credit Card,Axis Bank,7407,true,2024-07-08
PM01331,CUST04698,UPI,BHIM,6525,true,2023-03-22
PM01332,CUST03028,UPI,PhonePe,2303,false,2024-03-10
PM01333,CUST01128,Debit Card,HDFC Bank,1191,true,2025-08-21
PM01334,CUST00642,Credit Card,Axis Bank,4023,0,2024-08-20
PM01335,CUST09824,UPI,GooglePay,1180,true,2024-01-09
PM01336,CUST09883,Debit Card,SBI,0785,true,2025-08-20
PM01337,CUST08086,Net Banking,ICICI Bank,4016,true,2025-03-30
PM01338,CUST01183,UPI,GooglePay,0381,false,2023-06-02
PM01339,CUST02281,Net Banking,HDFC Bank,4058,true,2023-09-23
PM01340,CUST09995,UPI,Paytm,6974,true,2023-07-13
,CUST07456,Credit Card,Axis Bank,5037,true,2025-05-26
PM01342,CUST02511,UPI,Paytm,1006,true,2025-05-27
PM01343,CUST07240,Debit Card,SBI,7163,true,2024-02-26
PM01344,CUST04536,Debit Card,SBI,3024,true,2023-09-11
PM01345,CUST07065,UPI,GooglePay,7145,true,2024-10-05
PM01346,CUST00087,Debit Card,SBI,6773,true,2025-03-28
PM01347,CUST00752,UPI,BHIM,0884,false,2023-08-04
PM01348,CUST06277,Debit Card,Axis Bank,2856,true,2023-09-03
PM01349,CUST03555,Credit Card,Axis Bank,8862,true,2025-02-25
PM01350,CUST00317,UPI,Paytm,2313,false,2023-03-15
PM01351,CUST05034,Debit Card,Axis Bank,3630,false,2024-11-30
PM01352,CUST02935,UPI,PhonePe,6288,true,2023-03-12
PM01353,CUST06859,Credit Card,SBI,5861,false,2025-04-27
PM01354,CUST01995,UPI,Paytm,8722,true,2025-01-17
PM01355,CUST07038,,HDFC Bank,6665,false,2023-04-09
PM01356,CUST02661,Debit Card,HDFC Bank,6027,true,2025-01-12
PM01357,CUST05370,UPI,PhonePe,8163,true,2024-10-10
PM01358,CUST03128,UPI,BHIM,0979,true,2024-10-01
PM01359,CUST00505,Debit Card,SBI,8639,true,2023-12-16
PM01360,CUST07714,UPI,Paytm,7658,true,2025-01-29
PM01361,CUST04063,UPI,GooglePay,4859,true,2023-01-15
PM01362,CUST04560,Net Banking,SBI,9784,true,2025-01-13
PM01363,,UPI,BHIM,4563,true,2025-07-02
PM01364,CUST06882,UPI,Paytm,9291,true,2024-05-27
PM01365,CUST04375,UPI,BHIM,8738,true,2025-06-24
PM01366,CUST09963,UPI,Paytm,6409,true,2024-08-10
PM01367,CUST09781,Credit Card,Axis Bank,7142,true,2023-10-11
PM01368,CUST04370,UPI,PhonePe,5454,false,2023-05-13
PM01369,CUST04030,Net Banking,ICICI Bank,4658,false,2023-11-22
PM01370,CUST01457,Net Banking,HDFC Bank,6747,true,2025-09-23
PM01371,CUST02298,UPI,PhonePe,4078,true,2024-06-11
PM01372,CUST01095,Credit Card,SBI,3157,true,2024-10-06
PM01373,CUST09542,UPI,BHIM,7206,true,2023-12-22
PM01374,CUST08499,Credit Card,HDFC Bank,3549,true,2024-01-07
PM01375,CUST05235,Credit Card,Axis Bank,8577,true,2024-02-07
PM01376,CUST01733,Credit Card,HDFC Bank,4664,true,2023-11-14
PM01377,CUST01767,Credit Card,Axis Bank,6419,true,2023-08-20
PM01378,CUST06061,UPI,BHIM,9864,false,2025-07-26
PM01379,CUST08644,Credit Card,Axis Bank,3049,true,2025-05-05
PM01380,CUST06649,UPI,BHIM,8119,false,2023-10-24
PM01381,CUST08735,UPI,PhonePe,8786,true,2025-07-21
PM01382,CUST03914,UPI,Paytm,4998,true,2025-02-11
PM01383,CUST02870,Debit Card,ICICI Bank,7879,true,2024-12-05
PM01384,CUST07927,UPI,BHIM,7731,true,2023-11-23
PM01385,CUST02142,UPI,GooglePay,1945,false,2025-06-05
PM01386,CUST05763,Credit Card,Axis Bank,6694,false,2025-02-26
PM01387,CUST06743,Debit Card,Axis Bank,0917,false,2023-08-20
PM01388,CUST03126,Debit Card,SBI,,true,2025-03-11
PM01389,CUST09080,UPI,PhonePe,,FALSE,2023-04-01
PM01390,CUST03448,Net Banking,ICICI Bank,3637,true,2023-08-21
PM01391,CUST02326,Debit Card,ICICI Bank,7403,true,2025-06-08
PM01392,CUST03585,Debit Card,Axis Bank,3929,true,2023-09-05
PM01393,CUST00957,UPI,BHIM,5153,false,2023-07-17
PM01394,CUST03132,UPI,GooglePay,2450,true,
PM01395,CUST06082,Net Banking,SBI,4376,true,2023-03-22
PM01396,CUST00667,Credit Card,HDFC Bank,8073,true,2024-03-07
PM01397,CUST06677,UPI,BHIM,4707,true,2023-08-10
PM01398,CUST05692,UPI,BHIM,2882,false,2023-12-11
PM01399,CUST05496,Debit Card,Axis Bank,4282,true,2025-06-03
PM01400,CUST00842,UPI,PhonePe,7843,true,2023-08-16
PM01401,CUST00141,UPI,PhonePe,2149,true,2024-08-05
PM01402,CUST04098,Net Banking,HDFC Bank,9328,true,2024-01-23
PM01403,CUST01243,UPI,Paytm,6664,true,2023-07-01
PM01404,CUST07850,UPI,GooglePay,4252,true,2023-04-29
PM01405,CUST07031,Credit Card,HDFC Bank,2183,true,2024-03-10
PM01406,CUST04502,Debit Card,SBI,8741,false,2025-05-19
PM01407,CUST06300,Credit Card,HDFC Bank,7849,true,2023-09-19
PM01408,CUST01186,Net Banking,,0394,true,2023-05-13
PM01409,CUST03166,UPI,GooglePay,4639,true,2023-02-19
PM01410,CUST06093,UPI,BHIM,9430,true,2024-05-28
PM01411,CUST04243,UPI,Paytm,5470,true,2024-01-23
PM01412,CUST03317,UPI,Paytm,5332,true,2025-03-17
PM01413,CUST02369,Credit Card,SBI,1852,true,2024-10-15
PM01414,CUST00641,,GooglePay,7057,true,2024-07-17
PM01415,CUST01584,Debit Card,HDFC Bank,3012,true,2025-03-29
PM01416,CUST09495,Credit Card,SBI,1135,true,2024-12-11
PM01417,CUST00484,Credit Card,HDFC Bank,3883,true,2023-10-06
PM01418,CUST08385,Net Banking,SBI,8537,false,2025-09-25
PM01419,CUST02585,Credit Card,SBI,4675,true,2025-02-23
PM01420,CUST09591,UPI,Paytm,5891,true,2024-11-10
PM01421,CUST08227,UPI,PhonePe,8572,true,2025-06-13
PM01422,CUST07351,UPI,PhonePe,9983,true,2024-08-10
PM01423,,Credit Card,ICICI Bank,0448,true,2025-03-25
PM01424,CUST01018,Debit Card,Axis Bank,9149,false,2023-06-19
PM01425,CUST07266,Credit Card,Axis Bank,5111,true,2023-01-14
,CUST09293,UPI,PhonePe,0317,true,2023-01-07
PM01427,CUST03590,Debit Card,Axis Bank,4095,true,2023-10-30
PM01428,CUST06937,Credit Card,ICICI Bank,0197,false,2023-06-17
PM01429,CUST02668,Credit Card,Axis Bank,4579,true,2025-09-14
PM01430,CUST05093,Credit Card,HDFC Bank,8412,true,2023-07-06
PM01431,CUST01331,Net Banking,ICICI Bank,5075,true,2024-02-22
PM01432,CUST03348,UPI,GooglePay,3995,true,2025-09-15
PM01433,CUST01594,UPI,GooglePay,5274,true,2023-07-09
PM01434,CUST05279,Net Banking,ICICI Bank,9377,true,2023-02-14
PM01435,CUST09498,UPI,BHIM,9411,true,
PM01436,CUST08053,UPI,BHIM,7182,true,2023-07-09
PM01437,CUST09072,UPI,GooglePay,7053,false,2025-04-04
PM01438,CUST09971,Debit Card,Axis Bank,7011,true,2023-07-06
PM01439,CUST05723,UPI,GooglePay,2642,true,2025-07-22
PM01440,CUST04726,UPI,Paytm,6748,true,2025-06-02
PM01441,CUST04614,UPI,Paytm,5646,true,2024-07-26
PM01442,CUST08491,UPI,PhonePe,7571,true,2023-01-21
PM01443,CUST08998,Net Banking,HDFC Bank,7438,true,2024-04-23
PM01444,CUST07977,Net Banking,ICICI Bank,9749,true,2024-02-02
PM01445,CUST00399,Debit Card,SBI,3936,true,2025-05-17
PM01446,CUST06236,UPI,Paytm,5863,true,2023-05-26
PM01447,CUST03336,UPI,GooglePay,5124,true,2024-12-02
PM01448,CUST08167,UPI,Paytm,2047,true,2024-11-21
PM01449,CUST08781,Debit Card,Axis Bank,1529,true,2023-10-12
PM01450,CUST07589,,SBI,0320,true,2023-02-26
PM01451,CUST02363,Debit Card,HDFC Bank,1086,true,2023-01-14
PM01452,CUST09033,UPI,GooglePay,4186,true,2025-09-06
PM01453,CUST08307,Debit Card,SBI,5228,true,2023-03-23
PM01454,CUST07593,UPI,GooglePay,6949,true,2023-11-09
PM01455,CUST02803,UPI,GooglePay,1217,true,2024-11-20
PM01456,CUST07651,UPI,Paytm,8039,true,2025-06-03
PM01457,CUST08611,UPI,GooglePay,7172,true,2023-01-05
PM01458,CUST03574,UPI,PhonePe,7188,true,2025-06-09
PM01459,CUST05539,UPI,Paytm,3224,true,2024-07-06
PM01460,CUST02336,Debit Card,HDFC Bank,0684,true,2024-02-09
PM01461,CUST06627,UPI,Paytm,9224,false,2023-04-11
PM01462,,Credit Card,ICICI Bank,7304,true,2023-06-17
PM01463,CUST03694,UPI,PhonePe,9555,true,2025-09-16
PM01464,CUST04584,UPI,Paytm,2197,true,2023-11-14
PM01465,CUST00430,UPI,Paytm,4515,true,2024-11-30
PM01466,CUST00885,UPI,Paytm,4931,true,2024-12-21
PM01467,CUST00310,Debit Card,Axis Bank,4353,true,2023-07-03
PM01468,CUST05024,UPI,Paytm,2496,false,2025-06-02
PM01469,CUST00025,UPI,GooglePay,0871,false,2023-12-29
PM01470,CUST03485,Credit Card,Axis Bank,9949,false,2024-10-12
PM01471,CUST06115,Debit Card,SBI,2873,false,2025-06-16
PM01472,CUST08626,Net Banking,,6053,true,2024-11-22
PM01473,CUST06413,Credit Card,HDFC Bank,6185,true,2024-02-21
PM01474,CUST07867,UPI,BHIM,4751,false,2023-01-15
PM01475,CUST06019,Net Banking,SBI,1820,true,2023-02-07
PM01476,CUST06074,UPI,Paytm,4944,true,2025-03-06
PM01477,CUST07187,Net Banking,HDFC Bank,4636,true,2023-10-17
PM01478,CUST05220,Credit Card,,3860,true,2024-05-17
PM01479,CUST04136,UPI,BHIM,3255,true,2024-04-11
PM01480,CUST04729,Credit Card,ICICI Bank,9718,true,2025-01-11
PM01481,CUST01022,UPI,BHIM,9526,true,2024-09-27
PM01482,CUST03496,UPI,PhonePe,8561,false,2025-06-17
PM01483,CUST07947,Credit Card,ICICI Bank,2849,true,2023-08-13
PM01484,CUST07742,Credit Card,SBI,3688,true,2024-05-29
PM01485,CUST09574,Debit Card,Axis Bank,1305,false,2023-01-20
PM01486,CUST02637,UPI,GooglePay,7652,false,2024-10-03
PM01487,CUST03711,UPI,PhonePe,1487,true,2024-10-16
PM01488,CUST04162,UPI,BHIM,1227,true,2024-08-11
PM01489,CUST03501,Net Banking,ICICI Bank,5802,true,2024-11-17
PM01490,CUST08075,UPI,GooglePay,5376,false,2023-08-22
PM01491,CUST01927,UPI,PhonePe,8450,true,2023-04-10
PM01492,CUST06880,UPI,PhonePe,0925,false,2024-10-08
PM01493,CUST06497,UPI,PhonePe,1555,false,2023-10-24
PM01494,CUST03076,UPI,PhonePe,5391,true,2023-10-24
PM01495,CUST00058,UPI,PhonePe,2230,false,2024-06-05
PM01496,CUST02724,Net Banking,HDFC Bank,6801,true,2025-01-06
PM01497,CUST01135,UPI,BHIM,7357,true,2024-09-25
PM01498,CUST04276,Net Banking,HDFC Bank,4478,true,2023-12-24
PM01499,CUST09702,UPI,GooglePay,2771,true,2025-09-16
PM01500,CUST05524,Net Banking,ICICI Bank,8756,false,2024-01-06
PM01501,CUST09620,Net Banking,SBI,,true,2024-11-13
PM01502,CUST04267,UPI,BHIM,4345,false,2023-07-22
PM01503,CUST03561,Credit Card,ICICI Bank,6644,true,2025-03-24
PM01504,CUST06191,Debit Card,SBI,4026,true,2025-09-02
PM01505,CUST08454,Debit Card,HDFC Bank,9873,false,2023-09-06
PM01506,CUST06370,UPI,PhonePe,5277,true,2023-11-14
PM01507,CUST09129,Debit Card,ICICI Bank,1196,false,2025-04-03
PM01508,CUST03550,UPI,PhonePe,9924,true,2023-01-03
PM01509,CUST09325,Credit Card,Axis Bank,2304,true,2024-09-22
PM01510,,UPI,BHIM,0161,false,2025-01-12
PM01511,CUST06939,UPI,PhonePe,8093,false,2023-11-28
PM01512,CUST09352,UPI,Paytm,8991,true,2023-02-16
PM01513,CUST01802,Debit Card,SBI,2541,true,2024-12-12
PM01514,CUST04665,Net Banking,SBI,3715,true,2025-05-18
PM01515,CUST04195,Credit Card,ICICI Bank,9290,true,2024-01-31
PM01516,CUST00837,UPI,GooglePay,2481,true,2024-07-25
PM01517,CUST04083,Debit Card,ICICI Bank,0113,true,2024-02-11
PM01518,CUST03880,UPI,Paytm,6392,false,2024-04-20
PM01519,CUST04708,UPI,GooglePay,7517,true,2024-03-24
PM01520,CUST00299,UPI,BHIM,5060,true,2024-01-28
PM01521,CUST09182,UPI,Paytm,8450,true,2024-03-23
PM01522,CUST08282,UPI,Paytm,2533,true,2024-01-07
PM01523,CUST07300,UPI,GooglePay,3994,true,2024-05-24
PM01524,CUST03095,Debit Card,SBI,6457,true,2024-08-27
PM01525,CUST00504,UPI,Paytm,5098,true,2023-08-03
PM01526,CUST04996,Debit Card,SBI,7162,true,2024-08-13
PM01527,CUST09176,Credit Card,ICICI Bank,8234,true,2023-09-02
PM01528,CUST01125,Credit Card,HDFC Bank,3981,true,2023-04-15
PM01529,CUST00618,Credit Card,HDFC Bank,9302,false,2025-03-05
PM01530,CUST08111,UPI,PhonePe,2774,true,2023-03-24
PM01531,CUST04544,UPI,GooglePay,8124,true,2023-09-28
PM01532,CUST08101,Credit Card,ICICI Bank,0074,false,2023-01-11
PM01533,CUST08644,UPI,PhonePe,0591,true,2025-05-04
PM01534,CUST02643,Debit Card,Axis Bank,6890,true,2023-11-12
PM01535,CUST00267,Debit Card,SBI,3653,true,2023-01-03
PM01536,CUST06286,UPI,Paytm,5529,true,2025-08-06
PM01537,CUST08917,Credit Card,HDFC Bank,4242,false,2024-01-16
PM01538,CUST05805,UPI,BHIM,1084,true,2025-09-26
PM01539,CUST06504,UPI,BHIM,0345,true,2024-01-12
PM01540,CUST09839,UPI,PhonePe,3577,false,2025-01-24
PM01541,CUST04936,Credit Card,HDFC Bank,2950,true,2024-11-07
PM01542,CUST00575,Net Banking,SBI,0769,true,2024-02-01
PM01543,CUST02286,UPI,PhonePe,8490,true,2023-04-18
PM01544,CUST09592,Debit Card,,0446,true,2024-01-07
PM01545,CUST08548,Debit Card,SBI,5161,true,2023-09-11
,CUST08624,UPI,PhonePe,9093,false,2024-04-23
PM01547,CUST02136,UPI,GooglePay,1629,false,2023-06-06
PM01548,CUST06971,UPI,GooglePay,9613,true,2023-04-10
PM01549,CUST00398,Debit Card,HDFC Bank,4448,false,2025-06-19
PM01550,CUST07195,Net Banking,ICICI Bank,9880,true,2024-03-18
PM01551,CUST04032,Debit Card,HDFC Bank,2408,true,
PM01552,CUST02549,UPI,GooglePay,2265,true,2024-06-12
PM01553,CUST08702,Credit Card,HDFC Bank,3605,true,2023-01-22
PM01554,CUST05401,UPI,Paytm,2019,true,2023-07-09
PM01555,CUST09190,Debit Card,HDFC Bank,8792,false,2025-04-24
PM01556,CUST01721,,PhonePe,6307,true,2023-06-11
PM01557,CUST09226,UPI,PhonePe,2731,true,2025-05-15
PM01558,CUST08672,UPI,GooglePay,8159,,2024-11-22
PM01559,CUST09798,Credit Card,HDFC Bank,3657,false,2024-04-02
PM01560,CUST06875,Credit Card,ICICI Bank,4644,false,2024-08-24
PM01561,CUST08116,,PhonePe,4221,true,2025-08-21
PM01562,CUST03859,Credit Card,HDFC Bank,9555,true,2024-02-10
PM01563,CUST05929,UPI,GooglePay,8761,true,2024-01-28
PM01564,CUST04048,UPI,BHIM,8657,false,2023-12-08
PM01565,CUST09600,UPI,Paytm,8102,true,2025-07-08
PM01566,CUST01362,UPI,GooglePay,6613,true,
PM01567,CUST05716,Net Banking,ICICI Bank,,true,2024-05-07
PM01568,CUST03392,Credit Card,HDFC Bank,4732,false,2023-12-06
PM01569,CUST01597,Net Banking,HDFC Bank,3225,true,2023-08-12
PM00664,CUST07553,Credit Card,Axis Bank,4332,true,2024-03-06
PM01571,CUST08594,UPI,PhonePe,4638,false,2025-01-03
PM01572,CUST04188,Credit Card,HDFC Bank,7682,true,2025-03-09
PM01573,CUST08658,Debit Card,SBI,4843,false,2023-08-02
PM01574,CUST06805,UPI,GooglePay,8555,true,2023-09-08
PM01575,CUST07173,Credit Card,HDFC Bank,3151,true,2024-04-18
PM01576,CUST05182,Credit Card,HDFC Bank,6063,true,2025-03-20
PM01577,CUST04209,Credit Card,SBI,0490,true,2025-01-05
PM01578,CUST00663,Credit Card,HDFC Bank,4640,false,2023-08-04
PM01579,CUST07914,Credit Card,SBI,2746,true,2025-09-14
PM01580,CUST07793,UPI,PhonePe,8762,false,2023-11-10
PM01581,CUST08887,Net Banking,SBI,5674,false,2025-01-14
PM01582,CUST09293,Net Banking,ICICI Bank,1334,true,2023-09-19
PM01583,CUST00039,UPI,Paytm,5097,true,2024-05-05
PM01584,CUST02260,UPI,Paytm,9585,false,2023-09-03
PM01585,CUST07800,UPI,GooglePay,9319,true,2023-06-16
PM01586,CUST05628,UPI,Paytm,8789,true,2024-08-07
PM01587,CUST08991,UPI,PhonePe,0183,true,2023-11-10
PM01588,CUST02191,UPI,BHIM,6168,true,2024-04-06
PM01589,CUST04290,UPI,BHIM,0002,true,2023-01-08
PM01590,CUST07312,Credit Card,SBI,9784,true,2025-04-28
PM01591,CUST08787,,SBI,7502,false,2025-01-28
PM01592,CUST07215,Credit Card,HDFC Bank,5508,true,2024-10-26
PM01593,CUST01808,Net Banking,ICICI Bank,8610,true,2024-03-26
PM01594,CUST08682,UPI,GooglePay,3666,true,2023-07-21
PM01595,CUST05786,Debit Card,,5633,false,2024-08-23
PM01596,CUST07931,Net Banking,ICICI Bank,8045,true,2024-11-30
PM01597,CUST02506,Credit Card,Axis Bank,1892,true,2023-03-15
PM01598,CUST07530,UPI,BHIM,9312,true,2024-08-06
PM01599,CUST06473,UPI,PhonePe,4007,true,2023-09-18
PM01600,CUST06121,UPI,GooglePay,3108,true,2024-02-16
PM01601,CUST02835,UPI,Paytm,3999,true,2024-06-18
PM01602,CUST02288,Credit Card,ICICI Bank,8130,false,2023-10-13
PM01603,CUST05276,Credit Card,ICICI Bank,8043,true,2024-03-23
PM01604,CUST04089,Debit Card,Axis Bank,2629,true,2024-03-10
PM01605,CUST02924,Debit Card,Axis Bank,8344,true,2024-09-01
PM01606,CUST00973,UPI,Paytm,6151,true,2023-09-07
PM01607,CUST01147,Net Banking,HDFC Bank,1934,true,2023-05-23
PM01608,CUST09552,Credit Card,ICICI Bank,1998,true,2024-09-08
PM01609,CUST01356,Credit Card,Axis Bank,8248,true,2025-06-29
PM01610,CUST00810,UPI,PhonePe,9793,false,2023-09-17
PM01611,CUST00394,Debit Card,HDFC Bank,8702,false,2024-09-12
PM01612,CUST00182,Net Banking,ICICI Bank,4469,true,2024-04-03
PM01613,CUST00974,UPI,PhonePe,5935,true,2023-11-15
PM01614,CUST03067,Debit Card,SBI,4084,true,2023-07-23
PM01615,CUST04437,UPI,Paytm,9005,true,2025-06-27
PM01616,CUST03209,UPI,BHIM,4090,true,2023-09-15
PM01617,CUST02288,UPI,PhonePe,9320,true,2023-12-03
PM01618,CUST05019,UPI,BHIM,5243,true,2023-01-22
PM01619,CUST00280,UPI,BHIM,6126,false,2023-08-06
PM01620,CUST06689,Credit Card,SBI,3826,true,2024-06-01
,CUST01218,UPI,BHIM,4388,true,2025-04-15
PM01622,CUST02542,Debit Card,HDFC Bank,4939,true,2023-06-04
PM01623,CUST01507,Debit Card,ICICI Bank,3303,true,2023-01-10
PM01624,,Credit Card,Axis Bank,0593,true,2025-06-28
PM01625,CUST08289,UPI,PhonePe,8443,true,2024-10-07
PM01626,CUST00313,Debit Card,HDFC Bank,5963,false,2024-08-25
PM01627,CUST01172,UPI,PhonePe,9924,false,2023-12-18
PM01628,CUST01540,Credit Card,ICICI Bank,8671,true,2023-05-29
PM01629,CUST02886,Credit Card,HDFC Bank,8020,true,2025-03-19
PM01630,CUST08863,UPI,BHIM,5444,true,2023-07-15
PM01631,CUST05365,Credit Card,ICICI Bank,9210,true,
PM01632,CUST02688,Net Banking,ICICI Bank,1557,true,2023-11-03
PM01633,CUST08587,Credit Card,ICICI Bank,9757,false,2023-10-01
PM01634,CUST09730,UPI,Paytm,7378,true,2024-01-04
PM01635,CUST04782,UPI,Paytm,6949,true,2023-07-09
PM01636,CUST07986,UPI,PhonePe,3239,,2025-02-02
PM01637,CUST03638,Debit Card,HDFC Bank,5784,true,2023-05-18
PM01638,CUST06968,Credit Card,Axis Bank,6823,false,2024-09-21
PM01639,CUST09531,Credit Card,HDFC Bank,7957,false,2024-12-26
PM01640,CUST00324,UPI,GooglePay,0648,true,2025-05-31
PM01641,CUST01057,,SBI,7084,true,2023-06-25
PM01642,CUST03013,Credit Card,HDFC Bank,1673,false,2025-01-10
PM01643,CUST06544,UPI,PhonePe,3119,true,2023-12-15
PM01644,CUST02899,UPI,PhonePe,7647,true,2024-05-11
PM01645,CUST09688,Debit Card,ICICI Bank,0540,false,2024-01-11
PM01646,CUST07312,Debit Card,ICICI Bank,6592,false,2025-06-07
PM01647,CUST00264,Net Banking,SBI,7067,true,2025-03-27
PM01648,CUST04946,UPI,BHIM,9254,true,2024-03-22
PM01649,CUST02620,UPI,Paytm,,true,2024-11-25
PM01650,CUST01056,,ICICI Bank,5002,true,2023-10-29
PM01651,CUST03904,UPI,PhonePe,6919,true,2024-03-25
PM01652,CUST04933,UPI,BHIM,2398,false,2024-08-27
PM01653,CUST08891,Credit Card,SBI,7146,true,2023-03-31
PM01654,CUST06536,UPI,PhonePe,2994,1,2025-03-04
PM01655,CUST01164,,PhonePe,0769,true,2023-01-27
PM01656,CUST05905,UPI,PhonePe,0918,false,2025-04-25
PM01657,CUST03133,Credit Card,Axis Bank,1451,false,2023-12-04
PM01658,CUST04655,UPI,GooglePay,8998,true,2024-06-15
PM01659,CUST07173,UPI,BHIM,6511,true,2025-07-09
PM01660,CUST04145,Debit Card,ICICI Bank,4546,,2024-09-14
PM01661,CUST03053,UPI,Paytm,,false,2023-05-01
PM01662,CUST02215,UPI,GooglePay,3544,true,2023-05-05
PM01663,CUST04401,UPI,BHIM,4118,true,2025-07-16
PM01664,CUST05358,Debit Card,SBI,7254,false,2025-07-29
PM01665,CUST01892,Debit Card,HDFC Bank,1462,true,2024-04-02
PM01666,CUST09554,Net Banking,ICICI Bank,0930,true,2024-09-22
PM01667,CUST04599,UPI,Paytm,5391,true,2024-09-16
PM01668,CUST07715,UPI,BHIM,7416,true,2023-08-09
PM01669,CUST01147,UPI,BHIM,9530,true,2023-10-28
PM01670,CUST02478,Credit Card,HDFC Bank,2322,false,2025-03-06
PM01671,CUST09779,UPI,PhonePe,1486,true,2025-09-20
PM01672,CUST08313,Debit Card,ICICI Bank,9108,false,2023-09-10
PM01673,CUST01554,UPI,PhonePe,7116,true,2025-02-07
PM01674,CUST01139,,HDFC Bank,9379,true,2023-03-11
PM01675,CUST01519,Credit Card,Axis Bank,2832,true,2024-10-22
PM01676,CUST07334,Credit Card,HDFC Bank,1803,true,2025-08-18
PM01677,CUST02969,,,3125,true,2024-01-05
PM01678,CUST07176,UPI,GooglePay,8684,true,2023-10-17
PM01679,CUST06462,Debit Card,SBI,7542,true,2024-12-12
PM01680,CUST01248,Credit Card,Axis Bank,1127,,2025-09-25
PM01681,CUST01106,Debit Card,Axis Bank,5953,true,2024-12-08
PM01682,CUST02013,UPI,BHIM,3390,false,2024-11-10
PM01683,CUST09670,UPI,BHIM,9816,,2024-05-02
PM01684,CUST06571,Debit Card,Axis Bank,4714,true,2023-01-12
PM01685,CUST04161,UPI,BHIM,3446,true,2024-06-21
PM01686,CUST06776,Debit Card,ICICI Bank,5362,,2024-07-15
PM01687,CUST03703,Debit Card,HDFC Bank,4815,true,2023-12-27
PM01688,CUST01911,UPI,PhonePe,4057,true,2024-08-16
PM01689,CUST03333,UPI,PhonePe,3138,true,2024-02-29
PM01690,CUST08783,UPI,BHIM,2972,true,2023-04-04
PM01691,CUST08821,Debit Card,Axis Bank,8897,false,2025-01-02
PM01692,CUST08409,UPI,BHIM,9034,true,2023-04-30
PM01693,CUST05793,UPI,Paytm,2930,true,2023-03-23
PM01694,CUST09796,Credit Card,HDFC Bank,4284,true,2025-05-09
PM01695,CUST02780,Credit Card,Axis Bank,8721,true,2024-01-13
PM01696,CUST03119,Credit Card,SBI,4238,true,2025-07-20
PM01697,CUST06495,UPI,GooglePay,3325,true,2023-12-11
PM01698,CUST03410,Credit Card,ICICI Bank,5015,true,2023-07-19
PM01699,CUST03115,Credit Card,HDFC Bank,9450,true,2023-04-29
PM01700,,Debit Card,HDFC Bank,4617,true,2023-01-05
PM01701,CUST00790,Debit Card,HDFC Bank,6045,false,2023-08-08
PM01702,CUST09942,UPI,Paytm,3097,true,2024-04-15
PM01703,CUST04959,UPI,Paytm,7396,true,2024-10-02
PM01704,CUST05609,Debit Card,HDFC Bank,4533,true,2025-03-30
PM01705,CUST00608,Credit Card,SBI,3092,false,2025-08-06
PM01706,CUST02948,UPI,Paytm,4390,false,2025-03-26
PM01707,CUST01189,Credit Card,HDFC Bank,3634,true,2025-05-23
PM01708,CUST00087,UPI,GooglePay,8223,true,2025-04-21
PM01709,CUST02791,Net Banking,SBI,6173,true,2025-02-18
PM01710,CUST01275,UPI,BHIM,4396,true,2024-06-01
PM01711,CUST08979,,GooglePay,,true,2023-08-09
PM01712,CUST02361,Debit Card,SBI,0741,true,2024-12-20
PM01713,CUST06337,Debit Card,HDFC Bank,8648,true,2023-01-29
PM01714,CUST03448,UPI,BHIM,3812,true,2023-02-20
PM01715,CUST06488,UPI,PhonePe,6768,true,2023-07-30
PM01716,CUST09558,UPI,BHIM,8282,false,2024-07-08
PM01717,CUST02398,UPI,PhonePe,7867,true,2024-03-11
PM01718,CUST00501,Net Banking,HDFC Bank,3089,true,2023-06-19
PM01719,CUST07691,UPI,GooglePay,0538,true,2024-12-28
,CUST07168,Credit Card,Axis Bank,8801,false,2025-04-03
PM01721,CUST03294,Credit Card,SBI,6784,true,2025-06-23
PM01722,CUST02911,Credit Card,SBI,9124,true,2025-01-31
PM01723,CUST02613,UPI,Paytm,8170,true,2023-03-23
PM01724,CUST05784,UPI,Paytm,0006,true,2023-02-03
PM01725,CUST06799,Debit Card,SBI,2636,true,2023-10-25
PM01726,CUST01603,Net Banking,HDFC Bank,1277,true,2024-03-16
PM01727,CUST04000,UPI,PhonePe,4954,true,2024-05-27
PM01728,CUST08958,Credit Card,ICICI Bank,6214,true,2025-09-16
PM01729,CUST07178,UPI,Paytm,2583,true,2024-10-02
PM01730,CUST01584,UPI,Paytm,6970,true,2024-10-08
PM01731,CUST05014,Credit Card,SBI,4595,true,2023-12-21
PM01732,CUST06033,Credit Card,Axis Bank,4186,true,2023-02-20
PM01733,CUST03054,UPI,BHIM,9756,false,2025-07-23
PM01734,CUST02449,Debit Card,HDFC Bank,0972,true,2023-10-22
PM01735,,Net Banking,SBI,1901,false,2025-02-02
PM01736,CUST09827,Credit Card,Axis Bank,2980,true,2025-01-17
PM01737,CUST03924,Credit Card,SBI,7983,true,2025-01-15
PM01738,CUST01256,UPI,PhonePe,5096,false,2024-10-13
PM01739,CUST01148,UPI,Paytm,3366,true,2023-04-16
PM01740,CUST06801,Net Banking,ICICI Bank,4630,false,2025-04-10
PM01741,,UPI,BHIM,0035,true,
PM01742,CUST06357,,HDFC Bank,9848,true,2024-05-10
PM01743,CUST04540,UPI,BHIM,3030,false,2024-08-25
PM01744,CUST06836,UPI,Paytm,,true,2025-06-28
PM01745,CUST05718,Credit Card,Axis Bank,3939,true,2024-10-21
PM01746,CUST09225,UPI,BHIM,3484,true,2025-01-19
PM01747,CUST02169,Debit Card,SBI,6422,false,2024-10-25
PM01748,CUST09266,Debit Card,Axis Bank,9108,true,2025-01-20
PM01749,CUST02376,UPI,BHIM,6497,false,2025-07-05
PM01750,CUST06302,Credit Card,ICICI Bank,2753,true,2023-01-03
PM01751,CUST02327,Debit Card,SBI,2900,true,2025-02-08
PM01752,CUST00962,Credit Card,Axis Bank,4127,true,2023-02-15
PM01753,CUST08834,Credit Card,Axis Bank,4176,false,2025-02-19
PM01754,CUST08409,Credit Card,HDFC Bank,8762,false,2024-07-06
PM01755,CUST09161,Credit Card,HDFC Bank,2555,true,2023-04-03
PM01756,CUST00543,UPI,GooglePay,0805,true,2025-02-22
PM01757,CUST06012,,SBI,3505,true,2025-09-03
PM01758,CUST06054,Debit Card,HDFC Bank,8219,false,2023-06-05
PM01759,CUST08890,Debit Card,ICICI Bank,5325,true,2024-01-17
PM01760,CUST03098,Net Banking,HDFC Bank,1265,true,2024-07-27
PM01761,CUST00058,Credit Card,Axis Bank,8283,true,2024-09-22
PM01762,CUST07310,Credit Card,HDFC Bank,9685,false,2023-07-05
PM01763,CUST05129,Credit Card,HDFC Bank,3117,false,2023-08-07
PM01764,CUST01825,Debit Card,ICICI Bank,9732,true,2024-06-24
PM01765,CUST06327,UPI,BHIM,8665,true,2024-08-04
PM01766,CUST03215,Credit Card,ICICI Bank,4019,true,2025-01-28
PM01767,CUST02915,Credit Card,HDFC Bank,8714,true,2023-08-08
PM01768,CUST00093,UPI,PhonePe,9668,true,2024-01-23
PM01769,CUST06741,UPI,GooglePay,5385,true,2024-02-17
PM01770,CUST06696,Credit Card,ICICI Bank,7249,true,2023-01-12
PM01771,CUST04540,UPI,GooglePay,9997,true,2023-01-06
PM01772,CUST05467,Net Banking,ICICI Bank,6747,true,2024-04-14
PM01773,CUST07504,UPI,GooglePay,9296,false,2023-09-16
PM01774,CUST03667,Credit Card,ICICI Bank,1160,false,2024-02-24
PM01775,CUST00433,UPI,BHIM,6546,true,2024-05-18
PM01776,,UPI,PhonePe,9706,true,2024-06-04
PM01777,CUST00083,Debit Card,SBI,4222,true,2025-07-03
PM01778,CUST05223,Net Banking,,1042,true,2024-09-14
PM01779,CUST01304,Net Banking,ICICI Bank,2826,true,2024-01-17
PM01780,CUST09724,Credit Card,HDFC Bank,0843,true,
PM01781,CUST01008,UPI,GooglePay,4943,true,2023-07-20
PM01782,CUST00666,Net Banking,SBI,0384,true,2024-08-06
PM01783,CUST05830,UPI,Paytm,1238,true,2025-09-02
PM01784,CUST05694,Credit Card,SBI,6177,true,2025-05-08
PM01785,CUST08746,Credit Card,HDFC Bank,4910,true,2024-12-08
PM09346,CUST05178,UPI,PhonePe,5180,true,2024-03-27
PM01787,,Credit Card,ICICI Bank,2713,true,2024-07-28
PM01788,CUST06570,Credit Card,SBI,2704,true,2025-01-20
PM01789,CUST04871,UPI,BHIM,5451,false,2023-02-21
PM01790,CUST00118,Debit Card,ICICI Bank,5725,true,2025-05-29
PM01791,CUST02411,Credit Card,ICICI Bank,7378,true,2023-03-19
PM01792,CUST03346,Credit Card,HDFC Bank,2123,true,2023-06-05
PM01793,CUST02905,Debit Card,Axis Bank,0422,true,2024-11-05
PM01794,CUST03073,Credit Card,Axis Bank,4477,true,2023-05-27
PM01795,CUST00550,Debit Card,Axis Bank,2850,true,2023-09-07
PM01796,CUST08653,UPI,Paytm,1518,true,2025-05-28
PM01797,CUST09756,UPI,Paytm,8095,true,2023-02-28
PM01798,CUST05982,UPI,GooglePay,9294,true,2025-04-26
,CUST00578,UPI,PhonePe,5169,true,2023-02-14
PM01800,CUST05928,Debit Card,ICICI Bank,2054,true,2024-04-30
PM01801,CUST06427,Credit Card,SBI,2994,true,2024-01-27
PM01802,CUST09700,Credit Card,ICICI Bank,4022,true,2023-07-05
PM01803,CUST02463,Debit Card,SBI,2549,true,2025-05-22
PM01804,CUST04254,UPI,GooglePay,6659,true,2025-04-28
PM01805,CUST08196,Debit Card,Axis Bank,2977,true,2024-01-26
PM01806,CUST00343,Debit Card,Axis Bank,7004,true,2025-04-10
PM09961,CUST02273,UPI,GooglePay,7190,true,2024-06-05
PM01808,CUST01246,UPI,GooglePay,9349,false,2025-05-09
PM01809,CUST09082,Debit Card,ICICI Bank,5565,true,2024-08-30
PM01810,CUST07416,Debit Card,SBI,2420,true,2024-09-10
PM01811,CUST06125,UPI,Paytm,4194,true,2023-05-15
PM01812,CUST04899,UPI,BHIM,6372,true,2023-03-25
PM01813,CUST06613,Debit Card,Axis Bank,3217,false,2023-09-18
PM01814,CUST04273,UPI,BHIM,0064,true,2023-05-27
PM01815,CUST07939,Credit Card,ICICI Bank,5592,true,2024-08-21
PM01816,CUST01816,UPI,PhonePe,5018,true,2024-12-03
PM01817,CUST05199,Net Banking,SBI,6751,true,2024-12-10
PM01818,CUST08421,UPI,,2118,false,2023-11-01
PM01819,CUST03531,Credit Card,Axis Bank,9670,true,2025-02-13
PM01820,CUST04289,Credit Card,SBI,2531,false,2025-06-07
PM01821,CUST02684,Credit Card,HDFC Bank,1465,true,2025-03-07
PM01822,CUST06303,Debit Card,Axis Bank,1891,true,2025-07-17
PM01823,CUST00374,,Paytm,6705,true,2024-03-11
PM01824,CUST05810,UPI,Paytm,4939,true,2024-06-15
PM01825,CUST03249,Debit Card,HDFC Bank,8193,false,2024-03-05
PM01826,CUST01556,UPI,BHIM,9105,true,2025-02-09
PM01827,CUST07257,UPI,GooglePay,6153,true,2024-05-06
PM01828,CUST05813,UPI,Paytm,2605,true,2023-09-25
PM01829,CUST00734,Debit Card,ICICI Bank,4617,true,2024-10-27
PM01830,CUST07323,UPI,Paytm,1677,true,2024-12-27
PM01831,CUST01536,Debit Card,SBI,0103,true,2025-07-06
PM01832,CUST07629,UPI,Paytm,6373,true,2024-11-09
PM01833,CUST00188,UPI,PhonePe,,false,2025-01-03
PM01834,CUST04862,Credit Card,Axis Bank,9992,true,2023-12-24
PM01835,CUST00605,Net Banking,SBI,4097,true,2023-01-02
PM01836,CUST03721,Debit Card,HDFC Bank,5848,false,2024-02-10
PM01837,CUST07694,UPI,GooglePay,1247,true,2025-01-25
PM01838,CUST04263,UPI,Paytm,9955,true,2025-03-10
PM01839,CUST07533,Debit Card,Axis Bank,5278,true,2024-01-19
PM01840,CUST05501,Debit Card,Axis Bank,6183,true,2023-04-27
PM01841,CUST04756,Net Banking,HDFC Bank,0260,true,2023-04-10
PM01842,CUST05782,Debit Card,,3888,true,2025-02-18
PM01843,CUST02477,Net Banking,ICICI Bank,8940,false,2023-05-12
PM01844,CUST09444,UPI,BHIM,8204,true,
PM04167,CUST02434,UPI,Paytm,8940,true,2023-10-12
PM01846,CUST06104,UPI,PhonePe,8536,true,2024-04-18
PM01847,CUST05006,Net Banking,ICICI Bank,3572,true,2025-04-12
PM01848,CUST01312,UPI,Paytm,0568,false,2025-03-26
PM01849,CUST09018,UPI,GooglePay,1712,false,2023-07-25
PM01850,CUST09816,Debit Card,Axis Bank,9341,false,2023-10-05
PM01851,CUST00363,UPI,PhonePe,8023,true,2023-08-09
PM01852,CUST08888,Credit Card,Axis Bank,9585,true,2024-03-21
PM01853,CUST09212,Net Banking,SBI,2496,true,2025-04-29
PM01854,CUST05224,Debit Card,SBI,8047,true,2023-07-12
PM01855,CUST06067,Credit Card,ICICI Bank,7632,true,2023-04-25
PM01856,CUST04770,UPI,BHIM,0394,true,2024-11-26
PM01857,CUST02179,Debit Card,Axis Bank,0064,true,2024-04-27
PM01858,CUST08681,Debit Card,SBI,1203,false,2024-03-10
PM01859,CUST02256,Credit Card,SBI,0613,false,2025-01-05
PM05110,CUST07186,UPI,BHIM,5725,true,2023-04-17
PM01861,CUST01253,UPI,PhonePe,2218,true,2023-05-03
PM01862,CUST02127,Debit Card,Axis Bank,5381,true,2024-08-09
PM01863,,Credit Card,SBI,5243,false,2025-03-22
PM01864,CUST02199,UPI,Paytm,6128,true,2025-04-17
PM01865,CUST00257,Credit Card,SBI,8244,true,2024-03-28
PM01866,CUST03856,UPI,PhonePe,0600,,2024-11-08
PM01867,CUST02410,UPI,Paytm,0285,true,2024-04-12
PM01868,CUST09784,UPI,BHIM,0587,false,2025-07-17
PM01869,CUST02634,Net Banking,ICICI Bank,7158,true,2025-04-25
PM01870,CUST07740,Credit Card,Axis Bank,5145,true,2023-12-28
PM01871,CUST00576,Debit Card,Axis Bank,6092,true,2025-06-17
PM01872,CUST06478,Debit Card,ICICI Bank,2454,true,2024-08-27
PM01873,CUST07083,Net Banking,HDFC Bank,5290,true,2024-11-23
PM01874,CUST02776,Credit Card,ICICI Bank,5164,true,2023-08-15
PM01875,CUST04793,Net Banking,SBI,1153,false,2024-09-16
PM01876,CUST04727,UPI,Paytm,7459,true,2024-03-20
PM01877,CUST08622,UPI,PhonePe,1850,false,2024-07-30
PM01878,CUST00041,UPI,BHIM,2724,true,2023-02-06
PM01879,CUST02461,UPI,PhonePe,7261,true,2024-10-06
PM01880,CUST04282,UPI,PhonePe,4111,false,2023-09-07
PM01881,,UPI,GooglePay,6823,true,2023-03-02
PM01882,CUST07865,Debit Card,ICICI Bank,6476,true,2024-03-02
PM01883,CUST03176,Credit Card,ICICI Bank,1063,false,2025-01-14
PM01884,CUST02602,Debit Card,Axis Bank,4406,false,2024-06-25
PM01885,CUST06081,UPI,PhonePe,4050,true,2024-12-28
PM01886,CUST04455,Net Banking,ICICI Bank,5372,false,
PM01887,CUST00556,UPI,GooglePay,2411,false,2025-03-14
PM01888,CUST08054,UPI,GooglePay,6638,true,
PM01889,CUST00261,Credit Card,ICICI Bank,1590,true,2024-08-06
PM00144,CUST02053,Debit Card,ICICI Bank,8847,true,2023-10-17
PM01891,CUST09835,Debit Card,SBI,8818,true,2025-09-05
PM01892,CUST08642,Debit Card,SBI,4841,true,2025-07-09
,CUST01161,Debit Card,Axis Bank,6059,true,2024-06-24
PM01894,CUST08659,UPI,,5988,true,2023-06-30
PM01895,CUST02551,UPI,Paytm,0758,false,2023-08-15
PM01896,CUST02025,Credit Card,ICICI Bank,4227,false,2023-10-17
PM01897,CUST08324,Debit Card,ICICI Bank,5837,1,2024-01-18
PM01898,CUST01140,UPI,GooglePay,9343,true,2023-12-16
PM01899,CUST00680,Debit Card,SBI,1552,false,2023-03-07
PM01900,CUST09262,Debit Card,ICICI Bank,2547,false,2023-03-02
PM01901,CUST02139,Credit Card,,1909,false,2023-04-15
PM01902,CUST04953,UPI,Paytm,5922,true,2025-04-28
PM01903,CUST06370,UPI,Paytm,7951,true,2025-03-19
PM01904,CUST01738,UPI,GooglePay,1787,true,2023-01-19
PM01905,CUST06351,Credit Card,SBI,8816,true,2024-12-07
PM01906,CUST07779,Credit Card,ICICI Bank,5854,true,2023-07-12
PM01907,CUST09214,Debit Card,ICICI Bank,9884,,2025-07-07
PM01908,CUST00253,UPI,Paytm,2450,true,2023-02-16
PM01909,CUST06819,Debit Card,SBI,6735,true,2023-03-14
PM01910,CUST02661,Debit Card,HDFC Bank,4834,true,2024-10-25
PM01911,CUST08752,Debit Card,ICICI Bank,4906,true,2023-08-09
PM01912,CUST00071,UPI,Paytm,9928,false,2025-04-24
PM01913,CUST07638,UPI,PhonePe,0218,true,2023-05-24
,CUST00584,Credit Card,,2721,true,2023-12-09
PM01915,CUST03482,Credit Card,HDFC Bank,1127,,2024-07-05
PM01916,CUST04631,Net Banking,HDFC Bank,,true,2023-03-04
PM01917,CUST05476,UPI,PhonePe,3777,true,2023-07-31
PM01918,CUST02818,Credit Card,HDFC Bank,1492,true,2024-01-25
PM01919,CUST09940,UPI,PhonePe,9436,true,2024-06-08
PM01920,CUST05497,Credit Card,Axis Bank,9016,true,2025-07-29
PM01921,CUST05246,UPI,PhonePe,8741,true,2023-11-30
PM01922,CUST02820,UPI,GooglePay,5634,true,2025-03-12
PM01923,CUST09248,Debit Card,ICICI Bank,9716,true,2023-09-18
PM01924,CUST09407,Credit Card,HDFC Bank,6181,false,2023-08-10
,CUST09620,Credit Card,HDFC Bank,2653,true,
PM01926,CUST03950,Net Banking,HDFC Bank,8167,false,2025-01-14
PM01927,CUST09689,UPI,GooglePay,7351,true,2024-06-14
PM01928,CUST06348,Debit Card,Axis Bank,3131,true,2023-01-02
PM01929,CUST09451,UPI,PhonePe,5865,true,2025-05-07
PM01930,CUST04845,UPI,,3867,true,2023-04-30
PM01931,CUST07124,UPI,PhonePe,7767,true,2023-07-02
PM01932,CUST03553,UPI,Paytm,4643,true,2023-11-22
PM01933,CUST05212,UPI,GooglePay,9629,true,2023-02-15
PM01934,CUST09382,Credit Card,SBI,1795,false,2023-05-22
PM01935,CUST03775,UPI,BHIM,7461,true,2025-04-15
PM01936,CUST06496,UPI,Paytm,0288,true,2024-02-27
PM01937,CUST00310,Credit Card,SBI,1851,false,2025-06-22
PM01938,CUST00677,UPI,Paytm,2430,true,2023-01-24
PM01939,CUST06194,UPI,PhonePe,7156,true,2025-01-16
PM01940,CUST07139,Debit Card,Axis Bank,0766,true,2025-08-25
PM01941,CUST09851,UPI,PhonePe,5056,true,2023-08-24
PM01942,CUST09439,UPI,GooglePay,1981,true,2025-04-13
PM01943,CUST09475,Credit Card,SBI,,,2025-06-27
PM01944,CUST09042,Credit Card,ICICI Bank,0583,true,2025-07-08
PM01945,CUST06226,UPI,Paytm,9888,true,2023-07-31
PM01946,CUST04689,UPI,GooglePay,6097,Yes,2025-03-04
PM01947,CUST01726,UPI,BHIM,0158,true,2024-02-21
PM04191,CUST08598,Net Banking,SBI,5232,true,2024-05-13
PM01949,CUST09320,UPI,PhonePe,9926,false,2025-04-10
PM01950,CUST04769,Net Banking,ICICI Bank,8382,true,2024-03-12
PM01951,CUST00354,UPI,GooglePay,2496,true,2023-07-27
PM01952,CUST08959,Debit Card,HDFC Bank,8527,true,2025-03-19
PM01953,CUST00698,UPI,BHIM,7005,true,2023-04-20
PM01954,CUST04801,Debit Card,,8948,true,2024-04-28
PM01955,CUST07769,Credit Card,Axis Bank,7705,true,2024-01-17
PM01956,CUST08340,UPI,Paytm,5433,true,2024-07-24
PM01957,CUST05740,UPI,BHIM,7259,true,2025-05-12
PM01958,CUST08044,UPI,GooglePay,6358,true,2024-10-21
PM01959,CUST03191,UPI,BHIM,5528,true,2024-11-21
PM01960,CUST09799,Debit Card,Axis Bank,0183,true,2024-12-27
PM01961,CUST06223,UPI,BHIM,8333,true,2023-04-15
PM01962,CUST09519,UPI,BHIM,3561,true,2023-05-11
PM01963,CUST00885,Credit Card,SBI,9858,true,2024-10-15
PM01964,CUST08516,Net Banking,HDFC Bank,6659,true,2025-08-12
PM01965,CUST09030,Debit Card,Axis Bank,3662,true,2023-10-22
PM01966,CUST08742,UPI,GooglePay,9536,true,2025-08-10
PM01967,CUST08268,UPI,GooglePay,6574,true,2024-07-30
PM01968,CUST05613,Debit Card,Axis Bank,1300,true,2024-08-17
PM01969,CUST05711,UPI,BHIM,9848,true,2025-04-30
PM01970,CUST03394,Credit Card,HDFC Bank,7906,true,2025-08-11
PM01971,CUST06710,UPI,Paytm,7630,true,2024-03-20
PM01972,CUST06828,UPI,Paytm,9739,true,2023-07-10
PM01973,CUST09844,Credit Card,ICICI Bank,0923,false,2023-04-29
PM01974,CUST04706,UPI,GooglePay,7767,true,2024-02-05
PM01975,CUST02076,Net Banking,HDFC Bank,2688,true,2023-02-28
PM01976,CUST09757,Credit Card,Axis Bank,5620,true,2023-10-28
PM01977,CUST07459,Debit Card,SBI,5221,true,2023-02-13
PM01978,CUST05932,Credit Card,SBI,2252,true,2023-01-07
PM01979,CUST09139,UPI,Paytm,0537,true,2023-06-05
PM01980,CUST09380,Debit Card,SBI,7108,true,2023-11-01
PM01981,CUST09053,Credit Card,HDFC Bank,1344,true,2024-09-14
PM01982,CUST05217,Credit Card,Axis Bank,4443,true,2024-05-20
PM01983,CUST02484,Net Banking,HDFC Bank,9949,true,2023-02-15
PM01984,CUST02445,UPI,BHIM,6871,true,2023-12-05
PM01985,CUST02906,Credit Card,HDFC Bank,9662,false,2024-11-21
PM01986,CUST02733,UPI,PhonePe,3679,true,2025-05-25
PM01987,CUST08516,UPI,BHIM,8542,true,2024-07-12
PM01988,CUST04519,UPI,BHIM,1851,false,2024-05-21
PM01989,CUST08724,UPI,GooglePay,8982,false,2023-01-09
PM01990,CUST00837,Credit Card,HDFC Bank,4417,true,2024-08-04
PM01991,CUST07069,UPI,PhonePe,9836,true,2024-11-27
PM01992,CUST09683,Credit Card,SBI,8901,true,2024-10-16
PM01993,CUST05005,Credit Card,ICICI Bank,2787,true,2025-08-01
PM01994,CUST05490,Debit Card,SBI,8790,0,2024-11-04
PM01995,CUST06374,UPI,BHIM,0805,true,2023-12-14
PM01996,CUST06366,Credit Card,ICICI Bank,1546,false,2023-12-28
PM01997,CUST03649,Debit Card,ICICI Bank,1765,true,2025-06-18
PM01998,CUST09974,Debit Card,ICICI Bank,2992,true,2024-05-12
PM01999,CUST03261,Credit Card,SBI,5980,true,2023-10-06
PM02000,CUST07197,Credit Card,ICICI Bank,7845,true,2024-02-17
PM02001,CUST06292,Net Banking,SBI,9952,true,2024-04-20
PM02002,CUST09623,UPI,GooglePay,9750,true,2025-04-11
PM02003,CUST02066,UPI,PhonePe,1538,true,2024-01-15
PM02004,CUST06238,UPI,,2996,false,2025-08-11
PM02005,CUST01924,Net Banking,SBI,2410,false,2024-04-17
PM02006,CUST04512,UPI,GooglePay,6472,true,2024-01-05
PM02007,CUST09208,Credit Card,ICICI Bank,1550,true,2024-09-06
PM02008,CUST07891,Debit Card,HDFC Bank,8047,false,2024-04-08
PM02009,CUST07821,UPI,BHIM,1168,true,2025-09-22
PM02010,CUST06510,Net Banking,HDFC Bank,1747,true,2023-09-30
PM02011,CUST07380,UPI,BHIM,2360,true,2023-03-03
PM02012,CUST02333,Credit Card,HDFC Bank,8365,true,2025-03-20
,CUST09060,UPI,GooglePay,2635,true,2024-12-27
PM02014,CUST02858,UPI,Paytm,1096,true,2023-05-20
PM02015,CUST02996,Debit Card,SBI,4661,true,2024-09-01
PM02016,CUST05677,UPI,Paytm,1916,true,2025-08-05
PM02017,CUST06112,Debit Card,SBI,8021,true,2023-11-20
PM02018,CUST06173,Debit Card,SBI,7381,true,2023-05-31
PM02019,CUST08559,UPI,PhonePe,5381,false,2024-04-29
PM02020,CUST02150,UPI,Paytm,6403,true,2023-03-10
PM02021,CUST03083,Credit Card,ICICI Bank,0908,false,
PM02022,CUST03771,UPI,PhonePe,6584,true,2024-11-25
PM02023,CUST05654,Credit Card,SBI,0667,true,2025-02-26
PM02024,CUST04199,Credit Card,Axis Bank,1410,true,2023-06-29
PM02025,CUST03029,Debit Card,ICICI Bank,2843,,2023-03-03
PM02026,CUST00111,Credit Card,Axis Bank,3090,false,2024-03-29
PM02027,CUST06616,Credit Card,ICICI Bank,8223,false,2023-06-17
PM02028,CUST05277,UPI,Paytm,2982,true,2024-11-26
PM02029,CUST07159,Debit Card,Axis Bank,0113,true,2024-03-09
PM02030,CUST09717,Credit Card,ICICI Bank,7932,false,2025-01-29
PM02031,CUST02241,Credit Card,ICICI Bank,9619,true,2023-05-08
PM02032,CUST06125,Credit Card,SBI,0815,true,2025-07-31
PM02033,CUST03561,Credit Card,Axis Bank,7458,true,2025-04-15
PM02034,CUST02306,UPI,GooglePay,5387,true,2023-01-29
PM02035,CUST01977,Debit Card,ICICI Bank,0076,true,2024-02-15
PM02036,CUST09293,Credit Card,HDFC Bank,1825,false,2024-09-24
PM02037,CUST04460,UPI,,1179,true,2025-02-09
PM02038,CUST01756,Debit Card,HDFC Bank,9572,true,2025-02-11
PM02039,CUST00284,Net Banking,SBI,5001,true,2024-09-17
PM02040,CUST05206,UPI,PhonePe,4131,true,2023-10-04
PM02041,CUST04830,Debit Card,HDFC Bank,6981,true,2023-05-24
PM02042,CUST06967,Debit Card,Axis Bank,8191,true,2023-08-01
PM02043,CUST09004,UPI,PhonePe,1315,true,2023-02-15
PM02044,CUST04170,UPI,GooglePay,8805,true,2025-01-05
PM02045,CUST06407,UPI,BHIM,6330,true,2025-08-29
PM02046,CUST02819,Net Banking,HDFC Bank,2415,true,2024-06-02
PM02047,CUST09257,Debit Card,ICICI Bank,0356,true,
PM02048,CUST02871,Debit Card,ICICI Bank,5614,true,2024-08-31
PM02049,CUST05367,UPI,BHIM,2126,true,2024-07-11
PM02050,CUST06255,Credit Card,ICICI Bank,3247,true,2023-03-12
PM02051,CUST09143,Credit Card,ICICI Bank,7392,true,2023-10-05
PM02052,CUST00783,UPI,Paytm,2894,true,2023-06-23
PM02053,CUST07235,Net Banking,ICICI Bank,0188,true,
PM02054,CUST04257,UPI,Paytm,5708,true,2023-05-11
PM02055,CUST01462,UPI,PhonePe,7189,true,2024-06-26
PM02056,CUST01078,Debit Card,HDFC Bank,0601,true,2025-01-14
PM02057,CUST08541,Net Banking,ICICI Bank,1582,true,2023-12-30
PM02058,CUST07446,Debit Card,HDFC Bank,2412,true,2023-01-20
PM02059,CUST08048,UPI,BHIM,1065,true,2025-02-12
PM02060,CUST01300,Credit Card,HDFC Bank,7877,true,2024-03-03
PM02061,CUST08329,UPI,BHIM,6068,false,2023-08-05
PM02062,CUST00756,UPI,GooglePay,2088,true,2023-10-28
PM02063,CUST04475,Credit Card,SBI,3591,true,2024-05-02
PM02064,CUST04108,Credit Card,ICICI Bank,7439,true,2024-03-03
PM02065,CUST07043,Debit Card,HDFC Bank,1719,false,2023-04-07
PM02066,CUST09059,UPI,PhonePe,5101,true,2025-01-20
PM02067,CUST02835,UPI,Paytm,3948,false,2024-01-16
PM02068,CUST00260,Credit Card,HDFC Bank,9742,true,2023-12-13
PM02069,CUST07567,Debit Card,Axis Bank,7563,TRUE,2023-06-28
PM02070,CUST07182,Net Banking,HDFC Bank,8182,true,2024-01-31
PM02071,CUST04626,UPI,BHIM,6248,true,2024-12-01
PM01188,CUST01421,Debit Card,HDFC Bank,0644,false,2025-03-23
PM02073,CUST03538,Debit Card,ICICI Bank,9015,true,2025-02-12
PM02074,CUST07596,UPI,PhonePe,3336,false,2024-08-27
PM02075,CUST09111,,HDFC Bank,5388,true,2025-03-07
PM02076,CUST04465,UPI,BHIM,1656,,2023-08-28
PM02077,CUST00798,UPI,Paytm,4305,1,2023-07-22
PM02078,CUST03186,UPI,GooglePay,0733,false,2024-12-19
PM02079,CUST08174,UPI,BHIM,5653,,2024-07-04
PM02080,CUST05499,UPI,Paytm,0527,true,2024-05-03
PM02081,CUST00754,Credit Card,Axis Bank,3323,true,2025-01-15
PM02082,CUST04989,Debit Card,HDFC Bank,3154,true,2024-10-25
PM02083,CUST06187,Credit Card,HDFC Bank,3756,true,2025-09-17
PM02084,CUST09264,Debit Card,Axis Bank,0742,false,
PM02085,CUST07542,UPI,PhonePe,8013,false,2024-05-07
PM02086,CUST06554,UPI,BHIM,1229,false,2023-01-24
PM02087,CUST03198,Debit Card,Axis Bank,6656,true,2023-06-14
PM02088,CUST06573,Debit Card,Axis Bank,2479,true,2023-12-09
PM02089,CUST09791,Credit Card,HDFC Bank,5952,true,2023-11-06
PM02090,CUST08702,Credit Card,Axis Bank,1369,true,2023-06-13
PM02091,CUST05450,UPI,Paytm,0735,true,2024-02-19
PM02092,CUST06442,UPI,Paytm,7365,true,2023-04-23
PM02093,CUST05678,UPI,GooglePay,,true,2025-03-21
PM02094,CUST03189,Net Banking,HDFC Bank,1274,true,2023-09-05
PM02095,CUST09256,Credit Card,ICICI Bank,7133,true,2024-05-18
PM02096,CUST08739,UPI,Paytm,1933,true,2023-09-09
PM02097,CUST09241,UPI,Paytm,3341,true,2024-05-29
PM02098,CUST07624,Credit Card,ICICI Bank,6075,false,2024-10-07
PM02099,CUST00223,UPI,BHIM,6234,false,2023-09-26
PM02100,CUST05946,UPI,GooglePay,4018,true,2023-05-20
PM02101,CUST06261,Credit Card,,7114,false,2023-09-14
PM02102,CUST08803,UPI,BHIM,4760,true,2025-04-23
PM02103,CUST08824,Debit Card,SBI,9231,true,2025-08-18
PM02104,CUST04034,UPI,PhonePe,7212,true,2024-10-26
PM02105,CUST00317,Credit Card,SBI,9308,false,2023-05-30
PM02106,CUST09272,UPI,PhonePe,4601,true,2023-04-27
PM02107,CUST06120,Credit Card,ICICI Bank,6376,false,2023-02-01
PM02108,CUST09548,Debit Card,Axis Bank,4208,true,2025-06-30
PM02109,CUST05769,Net Banking,ICICI Bank,8684,true,
PM02110,,Credit Card,ICICI Bank,9304,true,2024-09-04
PM02111,CUST05673,UPI,BHIM,7680,true,2023-08-07
PM02112,CUST01454,UPI,GooglePay,5171,true,2023-10-02
PM02113,CUST09834,UPI,PhonePe,8409,true,2025-06-17
PM02114,CUST09630,UPI,GooglePay,5058,false,2023-02-11
PM02115,CUST04316,Debit Card,Axis Bank,8840,true,2023-02-14
PM02116,CUST01080,Credit Card,Axis Bank,4899,true,2023-01-10
PM02117,CUST07575,Credit Card,SBI,4438,true,2023-04-24
PM02118,CUST07570,Credit Card,HDFC Bank,9505,true,2024-07-28
PM02119,CUST06837,UPI,BHIM,5232,true,2025-02-02
PM02120,CUST04288,Net Banking,ICICI Bank,2485,true,
PM02121,CUST05191,,SBI,6964,true,2023-04-22
PM02122,CUST03726,Credit Card,ICICI Bank,5709,false,2025-09-07
PM02123,CUST04715,Credit Card,ICICI Bank,9128,true,2025-01-23
PM02124,CUST00049,UPI,Paytm,8906,true,2025-05-07
PM02125,CUST03859,UPI,BHIM,4265,true,2023-11-22
PM02126,CUST08109,Debit Card,ICICI Bank,3884,true,2025-08-13
PM02127,CUST07233,UPI,GooglePay,9837,true,2023-02-02
PM02128,CUST01560,Net Banking,SBI,2698,false,2023-11-08
PM02129,CUST00690,Credit Card,ICICI Bank,0582,,2024-05-27
PM02130,CUST02389,Debit Card,SBI,2377,true,2024-08-19
PM02131,CUST05951,UPI,Paytm,5344,true,2023-11-07
PM02132,CUST06879,Credit Card,SBI,9822,true,2025-05-26
PM02133,CUST08419,Debit Card,ICICI Bank,9443,true,2024-07-06
PM02134,CUST03796,UPI,GooglePay,2180,true,2023-11-18
PM02135,,UPI,PhonePe,2764,1,2025-03-05
PM02136,CUST05974,UPI,GooglePay,5748,true,2023-01-25
PM02137,CUST02567,Debit Card,HDFC Bank,4652,true,2024-02-02
PM02138,CUST00823,Net Banking,HDFC Bank,9757,true,2023-06-06
PM02139,CUST04406,UPI,GooglePay,7371,true,2023-05-27
PM02140,CUST02411,Credit Card,SBI,1764,true,2025-06-18
PM02141,CUST01046,Credit Card,ICICI Bank,4337,true,2023-12-07
PM02142,CUST02729,Debit Card,HDFC Bank,7663,true,2024-04-20
PM02143,CUST04640,UPI,BHIM,4166,true,2024-06-30
PM02144,CUST01778,UPI,BHIM,4575,true,2023-07-18
PM02145,CUST02461,Credit Card,Axis Bank,0401,false,2024-03-21
PM02146,CUST08909,Debit Card,Axis Bank,0229,true,2023-08-11
PM02147,CUST01548,UPI,BHIM,2547,true,2023-05-14
PM02148,CUST02861,Debit Card,SBI,8568,true,2024-03-30
PM02149,CUST09464,Credit Card,HDFC Bank,7858,true,2023-12-16
PM02150,CUST03692,Credit Card,ICICI Bank,9863,true,2024-12-24
PM02151,CUST08729,UPI,GooglePay,8186,true,2025-07-19
PM02152,CUST04443,Net Banking,SBI,9595,true,2023-09-06
PM02153,CUST09011,UPI,Paytm,5669,false,2024-10-20
PM02154,CUST01200,Net Banking,ICICI Bank,5545,true,
PM02155,CUST07002,Debit Card,Axis Bank,1982,true,2024-04-20
PM02156,CUST02024,Net Banking,SBI,5578,true,2023-12-19
PM02157,CUST09505,UPI,Paytm,5147,true,2024-02-20
PM02158,CUST01286,Credit Card,ICICI Bank,3009,true,2025-01-12
PM02159,CUST00495,UPI,Paytm,3521,true,
PM02160,CUST03159,Debit Card,ICICI Bank,4904,false,2025-05-31
,CUST07973,UPI,BHIM,4073,false,2025-03-21
PM02162,CUST07731,Credit Card,SBI,3113,true,2023-12-06
PM02163,CUST06961,UPI,BHIM,9427,false,2024-10-30
PM02164,CUST07009,Credit Card,ICICI Bank,4936,true,2025-01-11
PM02165,CUST04812,UPI,BHIM,0984,true,2023-11-26
PM02166,CUST08446,UPI,GooglePay,4130,true,2024-12-24
PM02167,CUST08716,UPI,BHIM,1259,true,2024-05-31
PM02168,CUST06258,UPI,BHIM,7765,true,2024-05-24
PM02169,CUST00531,UPI,Paytm,4225,true,2025-08-08
PM02170,CUST03416,UPI,GooglePay,2747,true,2023-07-28
PM02171,CUST09726,UPI,BHIM,7953,true,2023-07-24
PM02172,CUST05091,UPI,BHIM,7607,true,2024-01-01
PM02173,CUST09191,UPI,BHIM,4635,true,2025-05-17
PM02174,CUST07277,Debit Card,SBI,5559,true,2023-11-16
PM02175,CUST03096,Credit Card,Axis Bank,5314,true,2025-05-18
PM02176,CUST05110,Credit Card,ICICI Bank,9067,true,2023-07-01
PM02177,CUST03229,Net Banking,HDFC Bank,8233,true,2023-03-31
PM02178,CUST08312,Credit Card,ICICI Bank,,true,2023-10-25
PM02179,CUST08219,UPI,PhonePe,8216,true,2023-08-09
PM02180,CUST00807,UPI,PhonePe,1236,true,2024-01-30
PM02181,CUST09500,UPI,GooglePay,5814,true,2024-09-11
PM02182,CUST09367,UPI,BHIM,0313,true,2025-05-25
PM02183,CUST05571,Credit Card,SBI,5219,true,2024-11-30
PM02184,CUST08008,Debit Card,HDFC Bank,6573,true,2024-08-15
PM02185,CUST05373,Credit Card,Axis Bank,6233,true,2023-03-19
PM02186,CUST04875,UPI,PhonePe,6022,true,2025-06-13
PM02187,CUST03670,UPI,PhonePe,7304,false,2025-08-15
PM02188,CUST05950,Net Banking,ICICI Bank,9056,true,2024-03-07
PM02189,CUST06381,UPI,Paytm,8385,true,2024-09-16
,CUST00805,Credit Card,Axis Bank,3645,true,2023-06-05
PM02191,CUST03262,Debit Card,SBI,5020,,2025-08-09
PM02192,CUST04345,Credit Card,HDFC Bank,6589,true,2025-03-30
PM02193,CUST05448,UPI,,4027,false,2023-06-01
PM02194,CUST04694,UPI,BHIM,1103,true,2023-12-08
PM02195,CUST09527,UPI,Paytm,0104,,2023-08-24
PM02196,CUST03198,Debit Card,SBI,0363,true,2023-12-24
PM02197,CUST07910,Net Banking,HDFC Bank,9034,false,2024-11-12
PM02198,CUST07806,UPI,PhonePe,7638,false,2025-03-23
PM02199,CUST04230,Credit Card,Axis Bank,8544,false,2025-03-06
PM02200,CUST05986,Net Banking,HDFC Bank,3019,false,2023-05-28
PM02201,CUST06198,UPI,PhonePe,8148,true,2024-07-24
PM02202,CUST08567,UPI,PhonePe,1897,true,2023-07-21
PM02203,CUST01483,UPI,GooglePay,1944,true,2024-11-13
PM02204,CUST06208,Credit Card,SBI,1294,TRUE,2024-01-15
PM02205,CUST09727,Credit Card,ICICI Bank,1344,false,2023-02-14
PM02206,CUST02474,Credit Card,Axis Bank,1715,true,2023-09-29
PM02207,CUST08689,Credit Card,ICICI Bank,2092,true,2024-10-18
PM02208,CUST06591,UPI,PhonePe,3961,false,2023-06-29
PM02209,CUST02041,Credit Card,ICICI Bank,0000,false,2023-11-06
PM02210,CUST06854,Credit Card,SBI,9345,true,2024-02-17
PM02211,CUST01959,UPI,PhonePe,5433,true,2023-03-27
PM02212,CUST03094,UPI,BHIM,5280,true,2024-12-03
PM02213,CUST05678,Credit Card,SBI,5701,true,2024-12-16
PM02214,CUST02282,UPI,GooglePay,4647,false,
PM02215,CUST09705,UPI,BHIM,4606,false,2025-08-08
PM02216,CUST00078,Net Banking,HDFC Bank,2932,true,2023-07-04
PM02217,CUST00309,Credit Card,ICICI Bank,0570,No,2024-02-16
PM02218,CUST06041,Credit Card,SBI,7211,true,2024-05-01
PM02219,CUST03342,UPI,BHIM,2055,true,2024-05-19
PM02220,CUST08807,Debit Card,Axis Bank,5589,false,2024-08-26
PM02221,CUST08056,Debit Card,HDFC Bank,4402,true,2025-07-16
PM02222,CUST05393,Credit Card,Axis Bank,6619,true,2024-02-13
PM02223,CUST04491,Debit Card,Axis Bank,7161,false,2024-12-24
PM02224,CUST08298,UPI,BHIM,6394,false,2023-11-17
PM02225,CUST05324,Credit Card,HDFC Bank,7684,false,2024-05-18
PM02226,CUST06779,Net Banking,ICICI Bank,4879,true,2023-04-11
PM02227,CUST06260,Credit Card,Axis Bank,7158,false,2023-03-28
PM02228,CUST08710,UPI,BHIM,5429,true,2023-06-13
PM02229,CUST02176,UPI,Paytm,1310,true,2024-01-09
PM02230,CUST05771,,Paytm,0346,true,2025-05-27
PM02231,CUST01623,UPI,PhonePe,6073,true,2025-01-08
PM02232,CUST00231,Credit Card,Axis Bank,4215,true,2025-05-04
PM02233,CUST08334,Debit Card,Axis Bank,9941,true,2024-02-01
PM02234,CUST08682,Net Banking,SBI,0297,true,2025-04-21
PM02235,CUST06504,UPI,GooglePay,5298,true,2025-05-09
PM02236,CUST09149,UPI,GooglePay,1741,true,2023-12-27
PM02237,CUST01219,UPI,PhonePe,9434,true,2025-09-25
PM02238,CUST03324,UPI,Paytm,5469,false,2023-11-15
PM02239,CUST00602,UPI,BHIM,8816,false,2024-04-16
PM02240,CUST09229,Credit Card,SBI,4935,true,2023-06-14
PM02241,CUST03492,,HDFC Bank,2849,false,2023-09-07
PM02242,CUST08384,UPI,BHIM,5281,true,2024-12-20
PM02243,CUST00396,Debit Card,SBI,3464,true,2024-01-06
PM02244,CUST06363,UPI,PhonePe,3452,true,2024-01-30
PM02245,CUST09685,UPI,Paytm,1779,true,2025-08-23
PM02246,CUST07516,Credit Card,ICICI Bank,3919,true,2025-05-30
PM02247,CUST03639,UPI,PhonePe,5786,true,2025-05-09
PM02248,CUST00477,Debit Card,,0113,false,2025-09-23
PM02249,CUST00056,UPI,BHIM,9827,true,2025-09-24
PM02250,CUST09904,UPI,Paytm,0441,true,2025-07-06
PM02251,CUST09740,Credit Card,ICICI Bank,2785,false,2024-06-11
PM02252,CUST07527,UPI,BHIM,2926,true,2024-01-13
PM02253,CUST08852,UPI,BHIM,5486,1,2024-07-16
PM02254,CUST06108,UPI,GooglePay,3996,false,2024-08-29
PM02255,CUST06342,UPI,PhonePe,9652,true,2024-04-08
PM02256,CUST06834,Debit Card,ICICI Bank,8272,false,2025-09-22
PM02257,CUST00723,Debit Card,Axis Bank,0788,true,2025-08-07
PM02258,CUST03696,UPI,GooglePay,4979,true,2023-04-13
PM02259,CUST06759,Credit Card,Axis Bank,6469,true,2025-03-23
PM02260,CUST01514,Debit Card,SBI,3819,false,2025-05-23
PM02261,CUST01901,UPI,PhonePe,4007,true,2024-07-14
PM02262,CUST07383,UPI,PhonePe,2925,true,2023-07-07
PM02263,CUST08085,Debit Card,Axis Bank,7994,true,2024-12-19
PM02264,CUST03211,UPI,BHIM,9454,true,2025-06-06
PM02265,CUST05420,Credit Card,SBI,5603,true,2024-08-31
PM02266,CUST09915,Debit Card,Axis Bank,4425,false,2024-10-01
PM02267,CUST03159,UPI,PhonePe,8852,false,2024-05-17
PM02268,CUST00002,Debit Card,SBI,1858,false,2023-12-08
PM02269,CUST00553,Credit Card,SBI,6497,false,2025-01-04
PM02270,CUST08946,UPI,Paytm,1302,true,2025-07-15
PM02271,CUST07808,Debit Card,ICICI Bank,3858,true,2025-04-19
PM02272,CUST03994,Net Banking,ICICI Bank,5156,true,2023-01-28
PM02273,CUST06415,Debit Card,ICICI Bank,4956,true,2025-01-12
PM02274,CUST08656,UPI,Paytm,9198,false,2023-04-01
PM02275,CUST06968,UPI,PhonePe,7020,,2025-06-14
PM02276,CUST03276,Debit Card,SBI,7219,false,2023-02-16
PM02277,CUST08833,UPI,BHIM,6149,true,2025-09-05
PM02278,CUST05754,UPI,Paytm,7865,true,2023-07-02
PM02279,CUST05257,Credit Card,ICICI Bank,7847,false,2024-04-16
PM02280,CUST03500,Credit Card,Axis Bank,6814,true,2023-06-01
PM02281,CUST04334,Net Banking,HDFC Bank,5670,true,2024-11-18
PM02282,CUST03843,,ICICI Bank,2836,true,2023-02-23
PM02283,CUST08922,Net Banking,SBI,7121,true,2023-03-13
PM02284,CUST04955,UPI,Paytm,2164,true,2023-04-23
PM02285,CUST02751,UPI,Paytm,5123,true,2023-08-03
PM02286,CUST00439,Net Banking,SBI,7265,false,2023-03-11
PM02287,CUST05216,Credit Card,ICICI Bank,4912,false,2023-03-12
PM02288,CUST06578,Credit Card,ICICI Bank,1429,true,2023-03-13
PM02289,CUST02412,UPI,PhonePe,6463,true,2025-06-03
PM02290,CUST03509,Debit Card,ICICI Bank,6092,false,2023-07-06
PM02291,CUST04348,UPI,Paytm,8374,true,2025-06-19
PM02292,CUST07038,Net Banking,SBI,7074,true,2023-11-01
PM02293,CUST05915,UPI,GooglePay,4064,true,2024-05-25
PM02294,,UPI,PhonePe,8171,false,2025-09-09
PM02295,CUST08159,Credit Card,Axis Bank,6473,false,2024-07-27
PM02296,CUST08109,Debit Card,SBI,8673,true,2023-05-17
PM02297,CUST08285,Credit Card,ICICI Bank,2168,true,2023-05-11
PM02298,CUST01656,UPI,Paytm,3616,true,2023-07-24
PM02299,CUST06100,Net Banking,SBI,8610,false,2024-04-15
PM02300,CUST08887,Debit Card,ICICI Bank,1657,true,2023-09-27
PM02301,CUST01953,UPI,PhonePe,0914,true,2023-12-18
,CUST01823,Credit Card,ICICI Bank,9423,true,2025-08-07
PM02303,CUST03208,Credit Card,ICICI Bank,1225,false,2025-02-21
PM02304,CUST01385,Debit Card,Axis Bank,2295,false,2023-10-18
PM02305,CUST04866,Net Banking,HDFC Bank,9702,false,2025-08-29
PM02306,CUST06211,Credit Card,ICICI Bank,3970,false,2023-06-22
PM02307,CUST01699,UPI,GooglePay,6745,true,2024-06-12
PM02308,CUST03461,UPI,GooglePay,7564,true,2023-06-03
PM02309,CUST01335,Credit Card,ICICI Bank,9287,false,2024-09-04
PM02310,CUST07555,UPI,PhonePe,1681,true,2024-12-25
PM02311,CUST02687,UPI,Paytm,6196,false,2025-02-14
PM02312,CUST02310,UPI,Paytm,7803,true,2023-05-03
PM02313,CUST01623,Credit Card,Axis Bank,5058,false,
PM02314,CUST07522,Net Banking,SBI,6912,true,2023-11-20
PM02315,CUST08870,Debit Card,SBI,4203,false,2023-03-01
PM02316,CUST04022,Debit Card,ICICI Bank,8699,true,2023-01-14
PM02317,CUST05227,Debit Card,HDFC Bank,0960,true,2023-04-09
PM02318,CUST05317,UPI,BHIM,6824,true,2023-09-04
PM02319,CUST00726,UPI,Paytm,4312,true,2024-09-07
PM02320,CUST02705,Credit Card,ICICI Bank,7555,true,2023-09-12
PM02321,CUST02854,Debit Card,SBI,9264,true,2025-04-10
PM02322,CUST05615,,SBI,4042,true,2025-07-08
PM02323,CUST04564,UPI,,8573,true,2025-04-22
PM02324,CUST09995,Debit Card,ICICI Bank,1854,true,
PM02325,CUST02382,UPI,Paytm,7296,true,2024-12-16
PM02326,CUST03421,Debit Card,Axis Bank,9190,true,2024-06-09
PM02327,CUST07092,Debit Card,Axis Bank,8988,true,2023-12-30
PM07314,CUST08986,Credit Card,SBI,3709,true,2025-02-11
PM02329,CUST07254,Debit Card,Axis Bank,1315,true,2024-05-27
PM02330,CUST02173,UPI,Paytm,3291,true,2023-03-15
PM02331,CUST03045,,SBI,1413,true,2023-06-12
PM02332,CUST01425,Credit Card,Axis Bank,0758,true,2025-05-18
PM02333,CUST01134,Credit Card,SBI,8149,true,2025-08-06
PM02334,CUST04098,Debit Card,Axis Bank,0860,true,2024-02-10
PM02335,CUST09900,Net Banking,SBI,9498,false,2024-05-31
PM02336,CUST09738,UPI,PhonePe,4464,true,2025-01-10
PM02337,CUST04839,Debit Card,SBI,0425,true,2023-07-06
PM02338,CUST02368,UPI,PhonePe,1765,true,2023-04-09
PM02339,CUST03019,UPI,BHIM,5010,true,2024-03-27
PM02340,CUST07534,Debit Card,Axis Bank,7326,true,2023-07-17
PM02341,CUST00444,Debit Card,ICICI Bank,8813,true,2024-07-24
PM02342,CUST07370,Debit Card,ICICI Bank,2982,false,2024-01-27
PM02343,CUST02403,Debit Card,HDFC Bank,6098,false,2024-05-21
PM02344,CUST01294,UPI,Paytm,9995,true,2024-08-29
PM02345,CUST01670,UPI,GooglePay,4034,true,2025-09-22
PM02346,CUST01577,Debit Card,ICICI Bank,9936,true,2024-12-11
PM02347,CUST08669,,ICICI Bank,8643,true,2023-03-19
PM02348,CUST08206,Credit Card,HDFC Bank,8719,true,2024-05-19
PM02349,CUST05745,UPI,PhonePe,9879,true,2024-01-26
PM02350,CUST08522,UPI,PhonePe,2481,false,2025-03-11
PM02351,CUST09029,UPI,Paytm,5038,true,2025-07-05
PM02352,CUST01094,Debit Card,HDFC Bank,0261,true,2024-01-16
PM02353,CUST05282,Credit Card,Axis Bank,1289,true,2023-12-22
PM02354,CUST08490,Credit Card,Axis Bank,1041,true,2024-10-24
PM02355,CUST09590,Credit Card,SBI,6908,false,2024-06-10
PM02356,CUST00470,Debit Card,Axis Bank,0629,true,2024-10-14
PM02357,CUST04083,Credit Card,Axis Bank,9709,true,2025-08-22
PM02358,CUST02738,Net Banking,HDFC Bank,3237,false,2023-02-04
PM02359,CUST09000,Net Banking,ICICI Bank,6558,true,2024-02-25
PM02360,CUST07340,Credit Card,SBI,9604,true,2024-05-27
PM02890,CUST06386,Debit Card,ICICI Bank,3220,true,2025-09-12
PM02362,,UPI,PhonePe,7176,false,2025-03-12
PM02363,CUST00001,UPI,Paytm,8916,false,2024-03-17
PM02364,CUST01911,Debit Card,SBI,0378,false,2024-03-03
PM02365,CUST02716,UPI,GooglePay,7601,false,2024-06-30
PM02366,CUST01818,Credit Card,ICICI Bank,9513,true,2024-03-23
PM02367,CUST03492,UPI,BHIM,5281,true,2023-02-25
PM02368,CUST01540,,Paytm,6153,true,2024-08-12
PM02369,CUST08602,UPI,Paytm,8017,true,2025-05-15
PM02370,CUST07472,Credit Card,HDFC Bank,7062,false,2024-03-28
PM02371,CUST03020,UPI,Paytm,8540,true,2025-01-30
PM02372,CUST09841,Debit Card,SBI,6241,true,2024-12-02
PM02373,CUST06877,Credit Card,ICICI Bank,4413,true,2025-05-29
PM02374,CUST05788,UPI,BHIM,0675,true,2025-07-26
PM02375,CUST05842,UPI,BHIM,7830,true,2023-09-15
PM02376,CUST03246,Debit Card,SBI,1071,true,2024-03-15
PM02377,CUST05949,Debit Card,HDFC Bank,0024,true,2023-07-11
PM02378,CUST01012,UPI,PhonePe,2316,true,2023-07-27
PM02379,CUST08457,UPI,PhonePe,1328,true,2023-03-09
PM02380,CUST06374,UPI,PhonePe,8082,true,2025-03-25
PM02381,CUST06542,UPI,PhonePe,9256,true,2024-10-30
PM02382,CUST03062,UPI,PhonePe,7903,true,2023-04-19
PM02383,CUST07629,UPI,PhonePe,3039,true,2023-04-13
PM02384,CUST07833,UPI,Paytm,9125,true,2024-08-13
PM02385,CUST04436,UPI,BHIM,7145,false,2024-10-01
PM02386,CUST00011,Debit Card,HDFC Bank,2325,false,2025-09-14
PM02387,CUST09079,UPI,PhonePe,2197,true,2024-03-12
PM02388,CUST09848,Credit Card,HDFC Bank,5069,true,2025-09-07
PM02389,CUST02533,UPI,BHIM,8278,true,2024-07-07
PM02390,CUST06980,Credit Card,SBI,7280,true,2025-02-28
PM02391,CUST07199,Debit Card,ICICI Bank,4333,true,2024-10-22
PM02392,CUST00815,Net Banking,SBI,5967,,2023-09-24
PM02393,CUST06848,Net Banking,ICICI Bank,2930,true,2025-01-01
PM02394,CUST01588,Credit Card,Axis Bank,6593,true,2023-06-15
PM02395,CUST01166,UPI,BHIM,9036,true,2024-12-27
PM02396,CUST07697,UPI,Paytm,7316,true,2023-10-18
PM02397,CUST08097,UPI,PhonePe,3009,false,2023-02-23
PM02398,CUST04044,Debit Card,SBI,2735,true,2024-07-17
PM02399,CUST01722,Debit Card,,4753,false,2023-01-26
PM02400,CUST06276,Debit Card,SBI,5956,true,2025-05-07
PM02401,CUST05796,UPI,BHIM,5012,false,2024-09-01
PM02402,CUST01440,UPI,BHIM,2924,true,2023-08-10
PM02403,CUST02799,UPI,GooglePay,5234,false,2024-07-25
PM02404,CUST01342,Credit Card,HDFC Bank,2243,true,2024-02-18
PM02405,CUST06509,UPI,BHIM,2958,true,2025-03-22
PM02406,CUST06892,Credit Card,ICICI Bank,7676,,2023-07-17
PM02407,CUST05194,UPI,BHIM,4685,true,2025-05-24
PM02408,CUST00846,UPI,PhonePe,5583,true,2023-06-16
PM02409,CUST00713,Credit Card,Axis Bank,9988,true,2025-05-28
PM02410,CUST05423,UPI,GooglePay,9619,false,2025-08-31
PM02411,CUST06157,UPI,BHIM,2771,true,2025-01-14
PM02412,CUST04815,UPI,BHIM,4319,true,2023-06-13
PM02413,CUST06587,,HDFC Bank,4280,true,2024-09-21
PM02414,CUST07838,UPI,Paytm,6165,false,2025-03-14
PM02415,CUST03954,UPI,PhonePe,0598,true,2024-04-25
PM02416,CUST09256,UPI,Paytm,3347,true,2024-08-03
PM02417,CUST00008,Credit Card,Axis Bank,0668,true,2025-06-08
PM02418,CUST02469,UPI,PhonePe,7781,true,2024-12-22
PM02419,CUST08908,Credit Card,ICICI Bank,6464,,
PM02420,CUST00674,UPI,Paytm,5030,true,2023-07-30
PM02421,CUST06367,UPI,PhonePe,5847,true,2023-05-20
PM02422,CUST03016,Debit Card,SBI,2108,true,2024-02-13
PM02423,CUST08713,Net Banking,ICICI Bank,6195,true,2023-10-06
PM02424,CUST05323,Debit Card,Axis Bank,8906,true,2025-07-01
PM02425,CUST01061,UPI,GooglePay,0105,true,2024-11-14
PM02426,CUST05949,UPI,GooglePay,3258,true,2024-03-23
PM02427,CUST06923,Credit Card,ICICI Bank,8743,true,2024-06-06
PM02428,CUST09080,UPI,Paytm,5818,true,2023-05-11
PM02429,CUST05706,Credit Card,ICICI Bank,3267,false,2024-12-04
PM02430,CUST05643,UPI,GooglePay,4021,true,2023-02-20
PM02431,CUST04101,UPI,GooglePay,5250,true,2024-02-14
PM02432,CUST04322,UPI,Paytm,3668,true,2025-03-22
PM02433,CUST06782,Debit Card,SBI,2819,true,2024-01-29
PM02434,CUST01802,UPI,BHIM,4026,true,2024-12-02
PM02435,CUST06414,Debit Card,ICICI Bank,8494,true,2025-07-30
PM02436,CUST04649,Credit Card,Axis Bank,,true,2023-02-02
PM02437,CUST09009,Debit Card,Axis Bank,6409,true,2023-11-17
PM02438,CUST05623,UPI,GooglePay,7005,true,2024-07-22
PM02439,CUST02140,UPI,PhonePe,7617,true,2025-02-18
PM02440,CUST06370,UPI,PhonePe,9076,true,2025-07-31
PM02441,CUST00219,Credit Card,Axis Bank,9689,true,2024-04-10
PM02442,CUST01492,UPI,GooglePay,6242,true,2024-05-27
PM02443,CUST00264,UPI,GooglePay,6297,true,2024-06-06
,CUST00171,Credit Card,SBI,6349,true,2023-05-02
PM02445,CUST06095,Debit Card,Axis Bank,7837,false,2023-09-17
PM02446,CUST08809,Net Banking,HDFC Bank,,true,2023-03-15
PM02447,CUST02078,UPI,Paytm,8259,true,2023-02-28
PM02448,CUST06610,UPI,BHIM,,true,2025-09-23
PM02449,CUST05244,Debit Card,SBI,4469,true,
PM02450,CUST00352,Credit Card,ICICI Bank,7162,true,2024-06-04
PM02451,CUST04331,UPI,Paytm,7780,false,2024-10-03
PM02452,CUST07746,UPI,PhonePe,7004,true,
PM02453,CUST01501,UPI,BHIM,1708,true,2023-07-17
PM02454,CUST09400,UPI,PhonePe,3465,false,2024-12-05
PM02455,CUST01959,Credit Card,HDFC Bank,0468,false,2024-05-30
PM02456,CUST03016,UPI,PhonePe,2068,false,
PM02457,CUST00053,UPI,BHIM,7629,true,2023-10-08
PM02458,CUST08864,Credit Card,Axis Bank,4312,false,2025-06-30
PM02459,CUST08159,Debit Card,Axis Bank,6931,true,2023-01-07
PM02460,CUST01525,UPI,BHIM,1472,true,2023-01-04
PM02461,CUST01564,UPI,PhonePe,8364,true,2024-04-05
PM02462,CUST03947,Debit Card,Axis Bank,4710,true,2024-07-25
PM02463,CUST05892,Net Banking,SBI,4549,true,2024-04-21
PM02464,CUST07310,Credit Card,HDFC Bank,6768,true,2025-05-23
PM02465,CUST02182,UPI,BHIM,5606,true,2023-04-24
PM02466,CUST00945,UPI,BHIM,4689,true,2025-01-14
PM02467,CUST02225,UPI,GooglePay,4255,true,2023-02-10
PM02468,CUST00708,Credit Card,Axis Bank,2112,false,2024-03-11
PM02469,CUST02248,Credit Card,Axis Bank,5311,true,2024-06-07
PM02470,CUST04144,UPI,GooglePay,,true,2024-06-15
PM02471,CUST07061,Credit Card,Axis Bank,2528,true,2025-03-02
PM02472,CUST01851,UPI,BHIM,8758,false,2023-08-29
PM02473,CUST04410,Credit Card,Axis Bank,1820,Yes,2023-12-08
PM02474,CUST04663,Credit Card,ICICI Bank,,true,2023-06-09
PM02475,CUST03735,UPI,PhonePe,0155,true,2024-02-12
PM02476,CUST01005,UPI,PhonePe,1439,true,2023-07-16
PM02477,CUST02084,UPI,Paytm,9222,true,2023-03-22
PM02478,CUST05418,UPI,BHIM,9984,false,2024-04-18
PM02479,CUST08940,UPI,Paytm,4315,false,2023-08-11
PM02480,CUST00839,UPI,BHIM,9661,true,2023-05-16
PM02481,CUST02494,Credit Card,Axis Bank,3792,true,2024-08-12
PM02482,CUST04547,Credit Card,HDFC Bank,5154,true,2024-04-28
PM02483,CUST01818,UPI,Paytm,5355,true,2023-05-01
PM02484,CUST06166,Net Banking,SBI,1498,true,2024-04-27
PM02485,CUST05449,Debit Card,SBI,3639,true,2024-10-31
PM02486,CUST07239,Net Banking,ICICI Bank,8161,true,2023-10-11
PM02487,CUST02767,UPI,GooglePay,0019,true,2024-01-28
PM02488,CUST00774,Credit Card,SBI,3495,true,2023-06-03
PM02489,CUST07954,Debit Card,HDFC Bank,0291,true,2025-07-06
PM02490,CUST09806,UPI,GooglePay,0116,true,2024-01-22
PM02491,CUST05834,Debit Card,,1905,true,2024-12-06
PM02492,CUST04944,Debit Card,ICICI Bank,8028,true,2023-02-02
PM02493,CUST02748,Net Banking,ICICI Bank,2282,true,2025-01-01
PM02494,,UPI,BHIM,7262,true,2024-10-06
PM02495,CUST01377,UPI,BHIM,6343,true,2025-06-26
PM02496,CUST00864,Debit Card,ICICI Bank,0764,true,2024-10-09
PM02497,CUST02537,UPI,GooglePay,9478,true,2023-02-28
PM02498,CUST08003,UPI,Paytm,8012,true,2024-05-19
PM02499,CUST07131,UPI,PhonePe,6678,true,2025-01-08
PM02500,CUST06056,Debit Card,HDFC Bank,6494,true,2023-03-29
PM02501,CUST08178,Debit Card,HDFC Bank,6193,true,2023-04-03
PM02502,CUST04674,Credit Card,ICICI Bank,0027,true,2024-08-05
PM02503,CUST01163,Debit Card,Axis Bank,8718,true,2024-02-08
PM02504,CUST04189,Debit Card,HDFC Bank,1917,true,2024-09-01
PM02505,CUST05176,UPI,Paytm,8687,true,2023-03-20
PM02506,CUST07017,Credit Card,ICICI Bank,6648,true,2024-03-04
PM02507,CUST06816,Credit Card,HDFC Bank,7867,true,2025-08-11
PM02508,CUST07493,UPI,GooglePay,8855,true,2023-02-03
PM02509,CUST07253,Credit Card,HDFC Bank,2690,true,2023-05-01
PM02510,CUST01321,Debit Card,HDFC Bank,8431,true,2025-04-20
PM02511,CUST06420,Debit Card,ICICI Bank,7729,true,2023-09-20
PM02512,CUST01116,UPI,BHIM,8072,true,2024-10-02
PM02513,CUST04184,Credit Card,SBI,2270,true,2024-08-28
PM02514,CUST02488,Credit Card,ICICI Bank,2995,true,2023-12-25
PM02515,CUST04622,Net Banking,SBI,5052,true,2023-09-08
PM02516,CUST01168,UPI,GooglePay,4486,true,2023-10-11
PM02517,CUST03906,Debit Card,SBI,8954,false,2023-06-08
PM02518,CUST03561,UPI,Paytm,0561,true,2025-01-30
PM02519,CUST02299,UPI,GooglePay,0172,true,2023-02-24
PM02520,CUST03564,Debit Card,Axis Bank,1334,false,2023-09-14
PM02521,CUST07091,Debit Card,SBI,7290,true,2023-10-01
PM02522,CUST09685,UPI,PhonePe,7408,true,2023-11-22
PM02523,CUST01100,Credit Card,HDFC Bank,3538,,2024-07-24
PM02524,CUST08322,Net Banking,SBI,2291,false,2024-10-14
PM02525,CUST07279,Debit Card,SBI,0739,true,2024-03-31
PM02526,CUST06796,UPI,BHIM,1486,true,2023-07-26
PM02527,CUST06304,Credit Card,HDFC Bank,6319,true,2025-04-07
PM02528,CUST01001,Credit Card,ICICI Bank,5040,true,2023-07-06
PM02529,CUST09334,Credit Card,HDFC Bank,8202,false,2025-06-02
PM02530,CUST05998,Debit Card,ICICI Bank,3073,true,2023-08-28
,CUST05237,Credit Card,ICICI Bank,0964,false,2023-03-15
PM02532,CUST00098,Debit Card,SBI,1328,true,2023-02-15
PM02533,CUST00141,Net Banking,SBI,2606,true,2024-01-05
,CUST00018,UPI,GooglePay,3860,true,2024-01-12
PM02535,CUST05428,Credit Card,ICICI Bank,9975,true,2025-08-01
PM02536,CUST04046,Credit Card,Axis Bank,7362,true,2025-09-20
PM02537,CUST08471,UPI,Paytm,0083,true,2023-04-02
PM02538,CUST08798,UPI,GooglePay,0673,true,2025-03-08
PM02539,CUST08478,Debit Card,ICICI Bank,3358,true,2024-08-29
PM02540,CUST09073,Credit Card,HDFC Bank,1537,false,2023-08-06
PM02541,CUST02636,Net Banking,ICICI Bank,3712,true,2023-01-03
PM02542,CUST03746,UPI,Paytm,0349,true,2024-04-12
PM02543,CUST00789,UPI,Paytm,8871,true,2023-05-24
PM02544,CUST04429,Credit Card,Axis Bank,9837,false,2024-11-13
PM02545,CUST01165,UPI,PhonePe,6561,true,2023-11-14
PM02546,CUST04397,UPI,GooglePay,8962,true,2025-08-30
PM02547,CUST00290,UPI,GooglePay,4269,true,2024-03-05
PM02548,CUST02748,Credit Card,ICICI Bank,9487,true,2025-09-21
PM02549,CUST00372,Credit Card,SBI,8609,true,2025-06-29
PM02550,CUST04391,UPI,PhonePe,2854,true,2023-05-24
PM02551,CUST08803,Credit Card,ICICI Bank,3109,true,2025-07-06
PM02552,CUST05174,UPI,GooglePay,1778,No,2024-10-03
PM02553,CUST05787,Credit Card,HDFC Bank,3442,true,2025-08-17
PM02554,CUST00349,UPI,BHIM,7576,true,
PM02555,CUST01049,UPI,Paytm,6337,false,2023-03-25
PM02556,CUST02916,UPI,BHIM,6385,true,2025-07-06
PM02557,CUST07113,Net Banking,ICICI Bank,4945,true,2025-08-24
PM05376,CUST08544,UPI,Paytm,4538,true,2024-12-27
PM02559,CUST08259,Credit Card,SBI,5063,true,2023-07-18
PM02560,CUST01318,Credit Card,ICICI Bank,6977,true,2025-06-13
PM02561,CUST09026,UPI,PhonePe,3681,true,2024-10-05
PM02562,CUST03893,UPI,,6110,true,2025-06-23
PM02563,CUST01391,UPI,BHIM,0193,true,2025-02-16
PM02564,CUST02546,Credit Card,ICICI Bank,4026,true,2024-07-07
PM02565,CUST08840,Credit Card,ICICI Bank,5354,false,2025-04-29
PM02566,CUST03670,UPI,PhonePe,7473,TRUE,2023-03-28
PM02567,CUST03450,Credit Card,HDFC Bank,3677,true,2025-08-02
PM02568,CUST05766,UPI,Paytm,1810,true,2025-01-06
PM02569,CUST07139,UPI,GooglePay,,true,2024-03-19
PM02570,CUST06665,UPI,BHIM,3157,true,2024-11-07
PM02571,CUST07037,Debit Card,Axis Bank,7799,true,2025-01-27
PM02572,CUST02197,UPI,GooglePay,9412,true,2024-10-14
PM02573,CUST07872,Debit Card,ICICI Bank,6205,true,2024-09-08
PM02574,CUST06435,Credit Card,SBI,6187,true,2023-09-01
PM02575,CUST07412,UPI,GooglePay,0590,true,2023-04-07
PM08322,CUST08771,Credit Card,HDFC Bank,6531,true,2023-06-09
PM02577,CUST08760,UPI,Paytm,9541,true,2025-02-03
PM02578,CUST08109,Credit Card,SBI,4288,true,2024-07-14
PM02579,CUST05010,Credit Card,ICICI Bank,8145,true,2023-02-07
PM02580,CUST00758,Credit Card,Axis Bank,7287,true,2025-08-18
PM02581,CUST06076,Credit Card,HDFC Bank,8704,false,2025-02-17
PM02582,CUST04841,UPI,BHIM,8094,true,2025-05-23
PM02583,CUST09076,UPI,BHIM,0055,true,2023-07-06
PM02584,CUST06239,Credit Card,Axis Bank,8172,false,2024-05-10
PM02585,CUST05838,Credit Card,Axis Bank,7840,true,2024-09-19
PM02586,CUST04830,UPI,GooglePay,2825,true,2024-03-02
PM02587,CUST02798,UPI,Paytm,2420,false,2023-04-09
PM02588,CUST06663,Credit Card,HDFC Bank,4445,true,2024-08-09
PM02589,CUST04070,UPI,Paytm,7591,true,2025-08-19
PM02590,CUST08226,Credit Card,Axis Bank,7274,true,2023-11-26
PM02591,CUST07093,UPI,Paytm,9975,true,2023-02-16
PM02592,CUST03447,UPI,,8581,false,2023-01-22
PM02593,CUST04967,UPI,PhonePe,3776,true,2024-05-28
PM02594,CUST06179,UPI,BHIM,1822,true,2023-01-27
PM02595,CUST04673,UPI,BHIM,3516,true,2023-07-10
PM02596,CUST03048,UPI,PhonePe,9590,true,2024-08-14
PM02597,CUST00619,UPI,Paytm,8194,true,2025-05-30
PM02598,CUST04782,UPI,GooglePay,4003,true,2023-06-27
PM02599,CUST06654,Credit Card,Axis Bank,0824,true,2024-12-21
,CUST00249,Debit Card,Axis Bank,9033,true,2023-07-04
PM02601,CUST07066,Debit Card,Axis Bank,,false,2025-04-12
PM02602,CUST06939,UPI,GooglePay,2953,true,
PM02603,CUST01209,Credit Card,SBI,9467,true,2024-02-08
PM02604,CUST07944,Debit Card,HDFC Bank,2776,true,2024-06-12
PM02605,CUST01308,Credit Card,ICICI Bank,2062,false,2024-09-11
PM02606,CUST05771,Debit Card,HDFC Bank,3117,false,2025-09-10
PM02607,CUST06158,Credit Card,ICICI Bank,2450,true,2023-07-22
PM02608,CUST05923,UPI,GooglePay,2812,true,2025-07-05
PM02609,CUST09209,UPI,PhonePe,0720,false,2023-07-11
PM02610,CUST04959,UPI,BHIM,3687,true,2023-04-12
PM02611,CUST00111,Credit Card,HDFC Bank,0286,true,2023-01-27
PM02612,CUST06844,UPI,GooglePay,6132,true,2025-08-18
PM02613,CUST05391,Debit Card,ICICI Bank,6172,true,2024-07-07
PM02614,CUST07076,Credit Card,ICICI Bank,0080,false,2025-07-25
PM02615,CUST09256,UPI,BHIM,8615,false,2023-04-02
PM02616,CUST00025,Debit Card,Axis Bank,6269,true,2024-01-11
PM02617,CUST05752,UPI,Paytm,8394,true,2025-08-13
PM02618,,Debit Card,SBI,8885,,2024-03-11
PM02619,CUST02851,UPI,BHIM,1295,true,2025-08-16
PM02620,CUST03253,UPI,BHIM,4186,true,2024-09-02
PM02621,CUST08284,Credit Card,SBI,3663,true,2023-05-24
PM02622,CUST04494,UPI,PhonePe,9830,true,2023-01-23
PM02623,CUST04020,UPI,GooglePay,1651,true,2023-08-26
PM02624,CUST00463,UPI,PhonePe,5245,true,2023-11-04
PM02625,CUST06848,UPI,Paytm,1415,true,2023-04-15
PM02626,CUST03830,UPI,GooglePay,8063,true,2024-11-24
PM02627,CUST04349,UPI,BHIM,8181,false,2023-02-28
PM02628,CUST01546,UPI,PhonePe,,true,2023-09-13
PM02629,CUST07169,Credit Card,ICICI Bank,7216,true,2024-10-28
PM02630,CUST01067,UPI,GooglePay,6486,true,2023-03-11
PM02631,CUST08912,UPI,PhonePe,3825,false,2024-08-21
PM02632,CUST01667,UPI,GooglePay,9934,false,2023-12-27
,CUST06465,UPI,PhonePe,3172,true,2024-08-10
PM02634,CUST06945,UPI,Paytm,8543,true,2023-03-30
PM02635,CUST08723,UPI,Paytm,0721,true,2024-01-20
PM02636,CUST07317,UPI,GooglePay,8627,true,2025-02-16
PM02637,CUST00691,Credit Card,ICICI Bank,9988,false,2023-04-24
PM02638,CUST06966,UPI,Paytm,3887,true,2023-03-29
PM02639,CUST03581,Debit Card,Axis Bank,5043,true,2025-02-02
PM02640,CUST04199,UPI,PhonePe,6197,true,2023-08-02
PM02641,CUST09148,Credit Card,ICICI Bank,5746,false,2024-02-25
PM02642,CUST05545,Credit Card,SBI,5696,true,2025-06-27
PM02643,CUST09038,Debit Card,ICICI Bank,7473,true,2023-07-04
PM02644,CUST01316,UPI,GooglePay,8821,true,2023-12-01
PM02645,CUST01635,Debit Card,HDFC Bank,7151,false,2023-11-12
PM06160,CUST07750,Credit Card,Axis Bank,9941,false,2025-02-05
PM02647,CUST06817,Credit Card,ICICI Bank,3434,true,2025-02-13
PM02648,CUST05336,UPI,GooglePay,5772,true,2023-10-17
PM02649,CUST07299,UPI,Paytm,3119,false,2025-09-03
PM02650,CUST07015,Credit Card,Axis Bank,4848,false,2024-04-13
PM02651,,UPI,GooglePay,,false,2023-04-18
PM02652,CUST02414,UPI,PhonePe,8806,true,2023-07-18
PM02653,CUST07536,UPI,BHIM,1297,true,2024-06-15
PM02654,CUST06274,UPI,GooglePay,7175,true,2024-01-21
PM02655,CUST08368,UPI,GooglePay,9392,false,2024-07-03
PM02656,CUST05212,,PhonePe,6546,true,2023-10-12
PM02657,CUST03630,Net Banking,ICICI Bank,6662,TRUE,2023-01-09
PM02658,CUST09811,UPI,BHIM,9912,true,2023-10-08
PM02659,CUST06523,Debit Card,SBI,5679,true,2025-08-28
PM02660,CUST05076,UPI,PhonePe,8261,true,2025-02-13
PM02661,CUST05892,Debit Card,HDFC Bank,9142,true,2025-02-04
PM02662,CUST07480,,BHIM,8967,true,2023-08-24
PM02663,CUST03027,Net Banking,ICICI Bank,9214,false,2025-03-29
PM02664,CUST09448,UPI,Paytm,2469,false,2023-10-27
PM02665,CUST05619,Net Banking,ICICI Bank,1873,false,2025-08-06
PM02666,CUST09448,UPI,GooglePay,3777,true,2024-05-19
PM02667,CUST09000,Credit Card,HDFC Bank,7095,true,2023-03-05
PM02668,CUST04466,UPI,PhonePe,7774,true,2025-06-04
PM02669,CUST04512,UPI,PhonePe,3972,false,2023-09-22
PM02670,CUST06712,UPI,Paytm,5882,true,2024-07-24
PM02671,,Debit Card,SBI,4314,true,2024-11-23
PM02672,CUST06727,UPI,BHIM,8283,false,2024-02-12
PM02673,CUST07857,Credit Card,HDFC Bank,5679,true,2025-08-26
PM02674,CUST05543,Credit Card,ICICI Bank,3513,true,2024-08-13
PM02675,CUST01848,Debit Card,SBI,1450,false,2025-01-12
PM02676,CUST01415,Debit Card,Axis Bank,6230,true,2024-11-04
PM02677,CUST01124,Net Banking,ICICI Bank,6706,true,2025-08-28
PM02678,CUST05865,Debit Card,Axis Bank,2483,TRUE,2023-11-17
PM02679,CUST01007,Debit Card,,5296,true,2023-12-14
PM02680,CUST04922,Net Banking,HDFC Bank,2659,true,2025-08-29
PM02681,CUST09553,Debit Card,SBI,3073,false,2025-02-01
PM02682,CUST09607,Credit Card,Axis Bank,3968,true,2024-10-19
PM02683,CUST07957,UPI,GooglePay,9550,true,2025-07-28
PM02684,CUST02843,UPI,PhonePe,8886,true,2024-07-15
PM02685,CUST03430,UPI,PhonePe,6199,false,2025-02-06
PM02686,CUST04965,UPI,PhonePe,0906,true,2023-04-13
PM02687,CUST05504,Net Banking,SBI,5711,false,2024-01-29
PM02688,CUST00138,UPI,Paytm,4897,true,2023-10-20
PM02689,CUST03302,UPI,Paytm,8979,true,2024-02-13
PM02690,CUST03969,UPI,PhonePe,2605,,2023-12-10
PM02691,CUST00090,UPI,PhonePe,1137,true,2024-06-14
PM02692,CUST09715,Credit Card,SBI,3575,true,2023-01-12
PM02693,CUST09756,UPI,Paytm,9288,true,2024-01-27
PM02694,CUST04246,Debit Card,SBI,5915,false,2025-07-09
PM02695,CUST01032,Debit Card,Axis Bank,4444,true,2024-04-15
PM02696,CUST02935,Net Banking,HDFC Bank,4127,false,2024-10-20
PM02697,CUST02077,UPI,Paytm,1753,false,2025-07-09
PM02698,CUST06469,UPI,Paytm,7572,true,2024-06-23
PM02699,CUST07554,Debit Card,SBI,2398,true,2025-05-27
PM02700,CUST08685,Net Banking,HDFC Bank,3828,true,2024-02-09
PM02701,CUST05015,Net Banking,SBI,7252,false,2023-04-23
PM02702,CUST00448,Credit Card,Axis Bank,9198,true,2025-04-26
PM02703,CUST06504,Debit Card,HDFC Bank,2971,false,2025-09-13
PM02704,CUST06054,UPI,GooglePay,5327,false,2025-06-10
PM02705,CUST09373,Debit Card,SBI,5241,true,2023-10-22
PM02706,CUST00153,Debit Card,HDFC Bank,7640,false,
PM02707,CUST07382,UPI,Paytm,3817,false,2024-11-23
PM02708,CUST08032,Debit Card,ICICI Bank,9044,true,2024-06-22
PM02709,CUST04694,UPI,Paytm,5754,true,2024-11-13
PM02710,CUST08285,UPI,Paytm,7983,true,2023-12-29
PM02711,CUST07920,UPI,PhonePe,1825,true,2025-08-01
PM02712,CUST07518,UPI,PhonePe,4095,false,2025-03-13
PM02713,CUST01819,Credit Card,HDFC Bank,7899,true,2024-08-08
PM02714,CUST02695,Credit Card,Axis Bank,0977,false,2025-01-15
PM02715,CUST06702,Credit Card,HDFC Bank,2482,true,2025-03-03
PM02716,CUST08138,Net Banking,SBI,5225,true,2024-05-23
PM02717,CUST02265,UPI,GooglePay,3237,true,2024-01-05
PM02718,CUST09149,UPI,GooglePay,7224,true,2024-11-24
PM02719,,Net Banking,SBI,7024,false,2025-03-04
PM02720,CUST04354,Debit Card,HDFC Bank,8100,true,2023-11-08
PM02721,CUST04385,Debit Card,Axis Bank,0505,false,2023-06-23
PM02722,CUST05731,UPI,Paytm,1277,true,2024-02-03
PM02723,CUST05561,UPI,Paytm,9322,true,2024-06-07
PM02724,CUST08977,Debit Card,Axis Bank,3083,true,2023-10-30
PM02725,CUST04360,UPI,PhonePe,2325,true,2025-02-25
PM02726,CUST07380,UPI,Paytm,5132,true,2025-09-13
PM02727,CUST08543,UPI,GooglePay,2311,false,2024-06-16
PM02728,CUST07245,UPI,GooglePay,2096,true,2023-02-05
PM02729,CUST08045,UPI,PhonePe,2748,true,2023-03-01
PM02730,CUST09267,Debit Card,ICICI Bank,0780,true,2024-11-10
PM02731,CUST00921,Debit Card,ICICI Bank,8423,false,2024-03-14
PM02732,CUST08192,Debit Card,Axis Bank,9812,false,2023-01-04
PM02733,CUST00994,,Paytm,5944,true,2024-06-27
PM02734,CUST05032,UPI,PhonePe,7343,true,2023-11-27
PM02735,CUST03878,UPI,Paytm,0281,true,2023-07-04
PM02736,CUST04062,UPI,Paytm,1880,true,2025-07-26
,CUST07715,UPI,PhonePe,2481,true,2023-05-03
PM02738,CUST08520,Credit Card,HDFC Bank,4615,true,2023-12-09
PM02739,CUST05007,Credit Card,HDFC Bank,8823,false,2024-01-23
PM02740,CUST06056,Credit Card,ICICI Bank,4646,true,2023-03-04
PM02741,CUST08326,UPI,GooglePay,8074,true,2024-02-03
PM02742,CUST07951,Debit Card,ICICI Bank,4868,false,2024-10-06
PM02743,CUST09443,UPI,GooglePay,1237,false,2023-06-30
PM02744,CUST09264,Credit Card,HDFC Bank,5756,true,2023-09-12
PM02745,CUST04254,UPI,Paytm,6859,true,
PM02746,CUST04589,UPI,Paytm,8292,1,2025-08-07
PM05244,CUST02749,Debit Card,ICICI Bank,4031,true,2023-11-25
PM02748,CUST08001,Net Banking,HDFC Bank,1219,true,2023-02-09
PM02749,CUST06706,Net Banking,ICICI Bank,7929,true,2025-02-25
PM02750,CUST00535,Credit Card,SBI,1709,true,2025-02-04
PM02751,CUST08202,,ICICI Bank,2940,true,2024-02-03
PM02752,CUST00604,Credit Card,SBI,6500,true,2024-07-25
PM02753,CUST07028,UPI,PhonePe,1190,false,2025-07-03
PM02754,CUST08323,UPI,GooglePay,7747,true,2023-05-11
PM02755,CUST04888,UPI,PhonePe,0402,true,2023-08-16
PM02756,CUST03720,UPI,BHIM,0078,Yes,2024-12-01
PM02757,CUST05285,UPI,GooglePay,7714,true,2025-09-14
PM02758,CUST08780,UPI,Paytm,2707,true,2023-02-04
PM02759,CUST07997,Debit Card,Axis Bank,3164,true,2025-06-08
PM02760,CUST05123,Debit Card,ICICI Bank,7454,true,2025-01-25
PM02761,CUST09819,Debit Card,ICICI Bank,6682,true,2025-07-22
PM02762,CUST09532,Debit Card,Axis Bank,6310,true,2024-03-27
PM02763,CUST03715,Debit Card,Axis Bank,8388,true,2023-10-04
PM02764,CUST03703,UPI,BHIM,9487,true,2024-09-05
PM02765,CUST09628,UPI,Paytm,0734,true,2023-12-30
PM02766,CUST07889,UPI,Paytm,7947,true,2024-07-16
PM02767,CUST06547,Credit Card,ICICI Bank,4284,true,2023-03-10
PM02768,CUST00408,UPI,PhonePe,1726,true,2025-03-08
PM02769,CUST07113,UPI,Paytm,3472,true,2024-06-01
PM02770,CUST04795,Debit Card,SBI,4961,true,2023-02-20
PM02771,CUST04977,Net Banking,SBI,7232,true,2023-11-30
PM02772,CUST00684,UPI,BHIM,6871,true,2023-12-19
PM02773,CUST06355,Credit Card,Axis Bank,2697,true,2023-06-07
PM02774,CUST08201,Debit Card,HDFC Bank,2446,true,2025-05-28
PM02775,CUST05494,Net Banking,HDFC Bank,6112,true,2025-08-03
PM02776,CUST05340,UPI,BHIM,8199,true,2023-09-28
PM02777,CUST01943,UPI,PhonePe,9548,true,2025-01-19
PM02778,CUST07750,UPI,BHIM,8319,true,2025-03-08
PM02779,CUST05672,UPI,PhonePe,6133,false,2024-01-11
PM02780,CUST01689,UPI,GooglePay,1490,true,2025-09-26
PM02781,CUST04614,UPI,Paytm,3634,true,2023-03-29
PM02782,CUST08793,UPI,Paytm,1284,true,2025-06-24
PM02783,CUST06849,UPI,GooglePay,7680,true,2025-08-10
PM02784,CUST00979,UPI,Paytm,8522,true,2025-07-14
PM02785,CUST02072,Credit Card,SBI,5113,true,2025-06-05
PM02786,CUST01631,UPI,BHIM,3675,true,2024-04-09
PM02787,CUST04240,Debit Card,HDFC Bank,8086,true,2025-07-16
PM02788,CUST00907,UPI,BHIM,0222,true,2025-04-30
PM02789,CUST05964,Credit Card,HDFC Bank,9629,,2025-04-21
PM02790,CUST08861,Credit Card,HDFC Bank,5311,true,2025-06-11
PM02791,CUST04499,Debit Card,Axis Bank,6401,true,2024-11-28
PM02792,CUST08567,Credit Card,Axis Bank,3429,true,2023-06-01
PM02793,CUST05537,Net Banking,HDFC Bank,7676,true,2024-12-30
PM02794,CUST09391,UPI,GooglePay,8029,true,2025-06-09
,CUST07009,Debit Card,SBI,2713,true,2024-02-07
PM02796,CUST06141,UPI,GooglePay,5016,false,2023-12-05
PM02797,CUST04122,UPI,PhonePe,9247,false,2024-12-23
PM02798,CUST02076,UPI,PhonePe,7484,false,2024-05-05
PM02799,CUST09183,Net Banking,ICICI Bank,3912,true,2023-08-11
PM02800,CUST07846,UPI,BHIM,4975,true,2024-11-08
PM02801,CUST07544,Net Banking,HDFC Bank,9224,true,2023-09-01
PM02802,,Credit Card,Axis Bank,7602,true,2024-11-04
PM02803,CUST03806,UPI,PhonePe,3568,false,2023-12-17
PM02804,CUST07482,UPI,PhonePe,8328,false,2024-11-08
PM02805,CUST00736,UPI,Paytm,5610,true,2023-03-23
PM02806,CUST01323,Net Banking,ICICI Bank,4943,false,2024-08-15
PM02807,CUST03044,Net Banking,HDFC Bank,2072,true,2023-06-24
PM02808,CUST07117,Debit Card,HDFC Bank,4248,true,2024-06-02
PM02809,CUST00221,Credit Card,SBI,7592,true,2024-10-16
PM02810,CUST00209,UPI,PhonePe,,true,2024-12-30
PM02811,CUST07931,UPI,Paytm,3742,true,2024-10-21
PM02812,CUST02382,Debit Card,HDFC Bank,6421,false,2024-08-08
PM02813,CUST06752,UPI,BHIM,2510,false,2024-12-16
PM02814,CUST05141,Net Banking,,8629,true,2023-02-09
PM02815,CUST07772,,HDFC Bank,9561,true,2023-11-30
PM02870,CUST07500,UPI,BHIM,4495,true,2024-05-14
PM02817,CUST06749,UPI,PhonePe,5336,true,2024-11-28
PM02818,CUST09397,UPI,BHIM,3035,true,2024-08-14
PM02819,CUST09514,UPI,BHIM,4368,true,2024-08-22
PM02820,CUST05621,UPI,BHIM,7414,Yes,2023-06-06
PM02821,CUST08494,Debit Card,ICICI Bank,3265,false,2024-05-24
PM02822,CUST03943,Debit Card,ICICI Bank,2359,true,2025-09-21
PM02823,CUST07559,Credit Card,Axis Bank,9941,false,2024-04-04
PM02824,CUST05619,UPI,Paytm,6999,true,2024-11-17
PM02825,CUST08772,Credit Card,Axis Bank,1137,true,2024-02-10
PM02826,CUST07254,Net Banking,HDFC Bank,4669,true,2023-01-18
PM02827,CUST06161,UPI,PhonePe,9071,true,2024-06-24
PM02828,CUST02617,UPI,Paytm,7250,true,2023-01-17
PM02829,CUST00475,UPI,BHIM,2586,false,2024-07-15
PM02830,CUST06905,Credit Card,HDFC Bank,7385,false,2025-07-09
PM02831,CUST06823,Debit Card,ICICI Bank,6840,true,2025-03-22
PM02832,CUST08721,Debit Card,HDFC Bank,8319,false,2023-01-27
PM02833,CUST01060,Credit Card,Axis Bank,4158,false,2024-01-09
PM02834,CUST03189,Debit Card,SBI,9892,true,2023-12-18
PM02835,CUST01666,Debit Card,SBI,6994,true,2024-08-16
PM02836,CUST07002,Credit Card,HDFC Bank,9881,false,2023-11-17
PM02837,CUST03487,Credit Card,Axis Bank,8516,true,2023-04-27
PM02838,CUST07317,Net Banking,ICICI Bank,3858,false,2024-10-07
PM02839,CUST09086,UPI,PhonePe,0170,true,2024-06-27
PM02840,CUST09690,Credit Card,Axis Bank,7264,true,2025-05-07
PM02841,CUST02662,Credit Card,Axis Bank,8237,true,2024-09-04
PM02842,CUST09076,Credit Card,SBI,4116,true,2025-09-11
PM02843,CUST03997,UPI,GooglePay,7521,false,2025-07-24
PM02844,CUST08350,UPI,BHIM,7538,true,2025-02-05
PM02845,CUST01736,Credit Card,ICICI Bank,0287,true,2024-07-12
PM02846,CUST02033,Credit Card,ICICI Bank,1113,,2025-07-03
PM02847,CUST02456,UPI,GooglePay,4180,true,2024-11-13
PM02848,CUST07137,Credit Card,HDFC Bank,2788,false,2024-07-12
PM02849,CUST02683,UPI,GooglePay,4406,true,2025-04-30
PM02850,CUST03995,Credit Card,Axis Bank,3688,true,2025-05-16
PM02851,CUST06742,Credit Card,SBI,8355,true,2025-03-17
PM02852,CUST04805,Credit Card,SBI,8298,true,2023-01-27
PM02853,CUST07455,UPI,,6823,true,2025-05-18
PM02854,CUST00771,Credit Card,SBI,9247,true,2024-01-13
PM02855,CUST01234,Net Banking,SBI,2730,true,2023-03-17
PM02856,CUST09531,Net Banking,SBI,3153,false,2024-04-06
PM02857,CUST06716,UPI,GooglePay,6192,true,2025-02-14
PM02858,CUST07095,UPI,GooglePay,4851,,2024-06-05
PM02859,CUST07559,UPI,BHIM,5217,true,2025-01-15
PM02860,CUST02912,UPI,Paytm,0965,true,2024-06-13
PM02861,CUST08302,Debit Card,SBI,1174,true,2023-03-14
PM02862,CUST08159,Credit Card,HDFC Bank,2837,true,2023-05-13
PM02863,CUST07647,Debit Card,HDFC Bank,5173,true,2023-04-06
PM02864,CUST05886,Credit Card,HDFC Bank,4353,true,2023-01-10
PM02865,CUST06590,UPI,Paytm,0903,false,2025-02-09
PM02866,CUST03710,Credit Card,ICICI Bank,1858,true,2024-01-08
PM02867,CUST05825,UPI,Paytm,9360,true,2024-02-19
PM02868,CUST00092,UPI,BHIM,7435,,2023-05-28
PM02869,CUST03479,Credit Card,Axis Bank,3965,true,2023-05-05
PM02870,CUST07500,UPI,BHIM,4495,true,2024-05-14
PM02871,CUST02599,UPI,BHIM,1128,true,2025-09-09
PM02872,CUST06482,UPI,GooglePay,3617,false,2023-12-01
PM02873,CUST03681,Credit Card,HDFC Bank,3046,true,2025-03-02
PM02874,CUST06943,Net Banking,SBI,4264,false,2025-09-12
PM02875,CUST04146,Net Banking,SBI,8343,false,2024-03-02
PM02876,CUST02060,Debit Card,SBI,1949,true,2025-04-06
PM02877,CUST08831,Net Banking,ICICI Bank,7132,true,2025-08-01
PM02878,CUST01283,UPI,PhonePe,2549,TRUE,2024-04-17
PM02879,CUST04449,Credit Card,SBI,9746,true,2025-07-24
PM02880,CUST09029,UPI,Paytm,9888,false,2023-04-23
PM02881,CUST01661,Debit Card,HDFC Bank,6391,true,2024-09-07
PM02882,CUST09618,UPI,BHIM,9840,false,2025-03-05
PM02883,CUST00950,Debit Card,ICICI Bank,3608,true,2023-08-04
PM02884,CUST08938,Credit Card,Axis Bank,3567,true,2024-12-06
PM02885,CUST08435,Credit Card,ICICI Bank,9931,true,2024-02-05
PM02886,CUST03677,Credit Card,ICICI Bank,7078,true,2024-03-25
PM02887,CUST07784,UPI,Paytm,0756,true,2025-01-22
PM02888,CUST09147,Credit Card,HDFC Bank,4259,true,2023-11-25
PM02889,CUST00635,Debit Card,SBI,0224,true,2023-09-18
PM02890,CUST06386,Debit Card,ICICI Bank,3220,true,2025-09-12
PM02891,CUST02012,Credit Card,SBI,0287,true,2025-01-31
PM02892,CUST04233,UPI,BHIM,9052,true,2024-04-06
PM02893,CUST06886,UPI,BHIM,9719,true,2025-01-12
PM02894,CUST02073,Credit Card,ICICI Bank,3092,true,2023-10-31
PM02895,CUST02910,UPI,PhonePe,5253,false,2023-06-03
PM02896,CUST07027,Debit Card,SBI,8718,true,2023-12-29
PM02897,CUST07779,Credit Card,Axis Bank,2286,true,2025-04-10
PM02898,CUST03396,UPI,Paytm,7360,false,2024-08-26
PM02899,CUST00504,Debit Card,Axis Bank,6753,true,2024-09-27
PM02900,CUST02601,Credit Card,HDFC Bank,9949,true,2024-08-27
PM02901,CUST02167,Net Banking,ICICI Bank,7013,true,2025-06-15
PM02902,CUST08937,Credit Card,HDFC Bank,6306,true,2023-04-04
PM02903,CUST01028,UPI,PhonePe,5356,false,2023-05-01
PM02904,CUST08753,UPI,PhonePe,2664,true,2023-10-27
PM02905,CUST06728,UPI,PhonePe,0383,true,2024-07-27
PM02906,CUST00298,Credit Card,ICICI Bank,9103,false,2023-10-13
PM02907,CUST00811,UPI,BHIM,4940,true,2024-05-04
PM02908,CUST05957,Credit Card,SBI,6773,true,2025-07-14
PM02909,CUST06223,Credit Card,Axis Bank,0781,true,2023-01-08
PM02910,CUST09411,Net Banking,SBI,4637,true,2025-05-29
PM02911,CUST05552,UPI,GooglePay,5984,true,2025-01-03
PM02912,CUST04563,UPI,PhonePe,4285,true,2025-02-19
PM02913,CUST08284,UPI,BHIM,8578,true,2024-06-25
PM02914,CUST02919,Debit Card,SBI,9130,true,2024-08-21
PM06259,CUST02306,UPI,Paytm,8302,true,2023-10-07
PM02916,CUST09058,UPI,GooglePay,0414,true,2025-04-12
PM02917,CUST08230,Debit Card,HDFC Bank,2602,true,2025-07-06
PM02918,CUST02969,UPI,Paytm,5864,true,2025-09-05
PM02919,CUST06501,Debit Card,HDFC Bank,1318,true,2024-12-24
PM02920,CUST01094,UPI,BHIM,1651,true,2023-01-18
PM02921,CUST04504,UPI,PhonePe,9795,true,2023-09-26
PM02922,CUST05299,Net Banking,ICICI Bank,5474,true,2024-07-08
,CUST01066,UPI,BHIM,5380,true,2024-10-02
PM02924,CUST07928,Debit Card,Axis Bank,5795,true,2023-04-21
PM02925,CUST01919,Debit Card,ICICI Bank,9416,true,2024-12-31
PM02926,CUST01722,Debit Card,HDFC Bank,7653,true,2025-05-12
PM02927,,UPI,Paytm,9219,true,2023-11-05
PM02928,CUST06555,Net Banking,ICICI Bank,7214,true,2025-07-24
PM02929,CUST00504,Credit Card,Axis Bank,0059,true,2025-03-21
PM02930,CUST00552,UPI,BHIM,6682,false,2023-01-30
PM02931,CUST09016,Debit Card,SBI,9794,true,2024-08-14
PM02932,CUST05071,UPI,Paytm,0969,true,2025-08-02
PM02933,CUST09173,Credit Card,HDFC Bank,3528,true,2024-11-22
PM02934,CUST03028,Credit Card,SBI,6713,false,2025-07-10
PM02935,CUST05099,UPI,Paytm,4219,true,2025-07-22
PM02936,CUST05095,UPI,BHIM,7673,false,2023-07-18
PM02937,CUST06455,Credit Card,Axis Bank,7902,false,2025-07-15
PM02938,CUST08600,Debit Card,SBI,6343,true,2025-05-12
PM02939,CUST06820,Debit Card,HDFC Bank,8411,true,2024-04-11
PM02940,CUST01193,Net Banking,HDFC Bank,2208,true,2023-12-17
PM02941,CUST07447,UPI,BHIM,7055,false,2023-05-20
PM02942,CUST06153,Credit Card,ICICI Bank,1126,true,2023-10-31
PM02943,CUST07017,UPI,BHIM,7409,true,2023-12-09
PM02944,CUST09377,Net Banking,SBI,0053,true,2024-12-15
PM02945,CUST02211,Credit Card,HDFC Bank,0442,true,2024-06-23
PM02946,CUST04612,UPI,PhonePe,5701,true,2024-05-06
PM02947,CUST09733,Credit Card,HDFC Bank,2810,true,2024-04-02
PM02948,CUST00294,Net Banking,ICICI Bank,2763,true,2024-01-28
PM02949,CUST08203,UPI,PhonePe,6121,true,2024-04-07
PM02950,CUST03132,Net Banking,HDFC Bank,9581,true,2024-01-02
PM02951,CUST02249,Debit Card,SBI,1982,true,2025-03-26
PM02952,CUST08026,UPI,PhonePe,4610,true,2024-06-05
PM02953,CUST01750,Debit Card,Axis Bank,0378,true,2025-04-30
PM02954,CUST07866,UPI,BHIM,0578,true,2023-08-17
PM02955,CUST01126,Debit Card,Axis Bank,6005,true,2024-08-19
PM02956,CUST04114,Debit Card,Axis Bank,8583,true,2025-09-08
PM02957,CUST00175,UPI,GooglePay,8293,true,2024-09-16
PM02958,,UPI,Paytm,3571,,2024-07-26
PM02959,CUST08435,Net Banking,ICICI Bank,3916,true,2024-02-10
PM02960,CUST00369,Debit Card,ICICI Bank,4327,true,2024-04-08
PM02961,CUST07080,Credit Card,SBI,4490,true,2024-05-13
PM02962,CUST03435,Debit Card,SBI,1814,true,2023-07-29
PM02963,CUST09500,Debit Card,HDFC Bank,3029,true,2024-07-09
PM02964,CUST00849,UPI,GooglePay,0356,true,2024-02-21
PM02965,CUST04632,UPI,Paytm,0499,,2025-06-26
PM02966,CUST06491,Credit Card,SBI,5721,true,2023-02-02
PM02967,CUST01864,UPI,BHIM,9826,true,2025-08-31
PM02968,CUST07225,Debit Card,SBI,3238,false,2025-05-21
PM02969,CUST01000,UPI,Paytm,4452,true,2025-04-05
PM02970,CUST07677,UPI,PhonePe,4833,true,2023-06-11
PM02971,CUST01995,UPI,PhonePe,4387,false,2023-08-21
PM02972,CUST03604,Credit Card,Axis Bank,6391,TRUE,2024-04-03
PM02973,CUST01346,Net Banking,HDFC Bank,9681,true,2024-05-31
PM02974,CUST07344,Credit Card,HDFC Bank,9196,false,2023-04-25
PM02975,CUST03709,Debit Card,SBI,6001,false,2025-03-22
PM02976,CUST03752,Credit Card,Axis Bank,4670,false,2025-01-23
PM02977,CUST00443,UPI,GooglePay,2797,false,2025-07-12
PM02978,CUST01463,UPI,PhonePe,8407,true,2023-03-17
PM02979,CUST03408,Credit Card,Axis Bank,0407,true,2023-06-01
PM02980,CUST04370,UPI,GooglePay,1079,true,2025-06-10
PM02981,CUST04436,UPI,BHIM,9955,true,2024-01-03
PM02982,CUST07989,UPI,BHIM,9078,true,2023-10-25
PM02983,CUST01052,Debit Card,Axis Bank,8936,false,2023-08-04
PM02984,CUST06241,UPI,PhonePe,4308,true,2024-10-27
PM02985,CUST07889,Net Banking,ICICI Bank,1393,false,2024-04-11
PM02986,CUST01549,Debit Card,ICICI Bank,,true,2025-07-04
PM02987,CUST08156,UPI,Paytm,2098,true,2024-07-16
PM02988,CUST09094,,GooglePay,3314,true,2025-08-12
PM02989,CUST01691,UPI,BHIM,4229,true,2024-11-17
PM02990,CUST06150,Debit Card,ICICI Bank,5503,false,2024-12-13
PM02991,CUST09910,,GooglePay,3440,true,2025-08-26
PM02992,,Net Banking,SBI,0941,false,2024-04-16
PM02993,CUST01482,Credit Card,ICICI Bank,1966,true,2024-10-02
PM02994,CUST02783,UPI,PhonePe,8958,true,2024-03-16
PM02995,CUST09969,UPI,GooglePay,3771,true,2023-03-20
PM02996,CUST01021,UPI,PhonePe,6556,true,2025-06-03
PM02997,CUST08308,UPI,BHIM,7722,true,2024-08-17
PM02998,CUST04021,UPI,Paytm,8718,true,2023-07-24
PM02999,CUST02282,,ICICI Bank,8330,true,2023-11-18
PM03000,CUST05410,Credit Card,HDFC Bank,8668,true,2023-04-07
PM03001,CUST09806,UPI,BHIM,8225,true,2024-12-22
PM03002,CUST03174,Debit Card,SBI,7510,,2025-08-03
PM03003,CUST07174,Credit Card,SBI,7260,false,2023-10-30
PM03004,CUST03958,UPI,PhonePe,6158,true,2025-02-20
PM03005,CUST05550,Credit Card,SBI,8261,true,2023-07-31
PM03006,CUST06569,Debit Card,,6888,true,2024-10-22
PM03007,CUST04737,UPI,BHIM,9197,true,2024-08-14
PM03008,CUST06624,UPI,PhonePe,0605,true,2024-11-27
PM03009,CUST02289,UPI,PhonePe,2280,true,2024-10-17
PM03010,CUST09037,UPI,GooglePay,2466,true,2023-06-25
PM03011,CUST00099,Debit Card,SBI,5377,false,2024-08-03
PM03012,CUST04800,UPI,GooglePay,9189,false,2024-08-30
PM03724,CUST05050,Net Banking,SBI,4467,true,2024-05-24
PM03014,CUST00541,UPI,PhonePe,7466,,2023-08-08
PM03015,CUST00366,Debit Card,HDFC Bank,2634,true,2024-11-11
PM03016,CUST02952,UPI,BHIM,9720,true,2025-02-05
PM03017,CUST08645,Net Banking,HDFC Bank,,true,2023-12-20
PM06893,CUST09711,Debit Card,ICICI Bank,9042,true,2025-05-24
PM03019,CUST05982,UPI,Paytm,5501,true,2023-09-01
PM03020,CUST05813,UPI,BHIM,3398,false,2023-12-12
PM03021,CUST08979,Net Banking,ICICI Bank,9859,true,2024-06-09
PM03022,CUST01778,UPI,PhonePe,5688,false,2023-04-16
PM03023,CUST00240,UPI,PhonePe,7941,true,2023-08-07
PM03024,CUST06514,Debit Card,Axis Bank,3141,true,2024-09-12
PM03025,CUST09823,Debit Card,Axis Bank,6387,false,2024-04-02
PM03026,CUST03985,Net Banking,SBI,0699,false,2025-08-05
PM03027,CUST06607,UPI,GooglePay,9438,false,2025-01-02
PM03028,CUST05035,UPI,GooglePay,4809,true,2024-05-25
PM03029,CUST08390,Credit Card,,6393,true,2023-03-21
PM03030,CUST09810,UPI,GooglePay,0097,true,2023-02-17
PM03031,CUST00357,UPI,PhonePe,6257,false,2023-07-17
PM03032,CUST08719,Debit Card,Axis Bank,6972,true,2023-07-22
PM03033,CUST09222,UPI,PhonePe,6164,true,2023-10-08
PM03034,CUST09861,UPI,BHIM,1667,true,2023-02-20
PM03035,CUST02050,Credit Card,Axis Bank,4850,true,2025-07-09
PM03036,CUST01799,UPI,GooglePay,8155,true,2023-12-04
PM03037,CUST07244,UPI,PhonePe,3559,1,2023-06-07
PM03038,CUST03354,UPI,Paytm,3003,false,2023-03-21
PM03039,CUST04215,Debit Card,Axis Bank,8947,true,2025-05-02
PM03040,CUST05061,UPI,PhonePe,8846,true,2024-01-29
PM03041,CUST00599,UPI,PhonePe,0469,false,2023-08-16
PM03042,CUST01363,Credit Card,ICICI Bank,7564,false,2025-02-08
PM03043,CUST01714,Credit Card,ICICI Bank,4679,false,2025-07-03
PM03044,CUST03566,Net Banking,HDFC Bank,2004,false,2024-03-15
PM03045,CUST05369,UPI,Paytm,6959,false,2025-03-25
PM03046,CUST05786,UPI,BHIM,8197,true,2024-08-27
PM03047,CUST04977,Debit Card,ICICI Bank,7612,true,2025-04-16
PM03048,,Credit Card,HDFC Bank,4591,true,2025-06-09
PM03049,CUST06558,Credit Card,ICICI Bank,1481,true,
PM03050,CUST07355,Debit Card,HDFC Bank,1604,false,2025-05-06
PM03051,CUST02226,UPI,BHIM,4826,true,2024-07-04
PM03052,CUST09271,UPI,BHIM,7489,false,2024-03-25
PM03053,CUST02241,UPI,BHIM,4156,true,2023-03-20
PM03054,CUST07267,Credit Card,HDFC Bank,1528,true,2025-04-19
PM03055,CUST01882,Debit Card,SBI,0670,false,2024-05-26
PM03056,CUST04870,,SBI,7104,true,2023-09-02
PM03057,CUST01017,UPI,BHIM,7912,true,2024-02-26
PM03058,CUST00078,Credit Card,ICICI Bank,8240,true,2024-04-05
PM03059,CUST04004,Net Banking,ICICI Bank,1677,true,2025-06-18
PM03060,CUST07426,UPI,GooglePay,5088,true,2024-02-06
PM03061,CUST00473,UPI,GooglePay,6284,false,2025-06-16
PM03062,CUST02214,UPI,PhonePe,6049,false,2025-01-02
PM03063,CUST01682,UPI,Paytm,7074,true,2024-05-07
PM03064,CUST09162,UPI,GooglePay,8043,,2024-07-17
PM03065,CUST03575,Debit Card,SBI,0815,true,2023-05-20
PM03066,CUST07819,Credit Card,HDFC Bank,7865,false,2024-09-05
PM03067,CUST07033,Debit Card,HDFC Bank,9745,true,2024-10-20
PM03068,CUST03366,Debit Card,Axis Bank,9972,true,2024-05-09
PM03069,CUST02039,Credit Card,HDFC Bank,7752,true,
PM03070,CUST02963,Credit Card,Axis Bank,9374,false,2023-01-12
PM03071,CUST01977,UPI,Paytm,9205,true,2024-01-08
PM03072,CUST09752,Credit Card,ICICI Bank,3843,true,2024-10-22
PM03073,CUST01671,Credit Card,SBI,3001,false,2024-03-09
PM03074,CUST03317,Credit Card,HDFC Bank,2448,false,2025-05-04
PM03075,CUST06387,Credit Card,HDFC Bank,3907,true,2025-03-29
PM03076,,Credit Card,HDFC Bank,1542,false,2024-07-09
PM03077,CUST04266,UPI,PhonePe,6468,true,2024-07-26
PM03078,CUST03917,Net Banking,ICICI Bank,7142,true,2023-04-27
PM03079,CUST09423,Debit Card,HDFC Bank,2827,true,2025-04-21
PM03080,CUST09405,Debit Card,Axis Bank,9097,false,2024-07-17
PM03081,CUST02855,Credit Card,HDFC Bank,0609,true,2023-09-30
PM03082,CUST03328,UPI,PhonePe,2774,false,2023-06-08
PM03083,CUST06557,Debit Card,Axis Bank,1348,true,2025-04-07
PM03084,CUST00418,UPI,GooglePay,4992,true,2024-11-09
PM03085,,,HDFC Bank,0356,false,2023-04-10
PM03086,CUST05398,UPI,PhonePe,7199,true,2023-04-22
PM03087,CUST00403,UPI,PhonePe,6779,false,2023-05-28
PM03088,CUST08638,UPI,BHIM,3536,true,2025-09-20
PM03089,CUST01861,Credit Card,HDFC Bank,2090,true,2024-08-31
PM03090,CUST09779,Debit Card,HDFC Bank,0935,false,2023-12-23
PM03091,CUST02063,UPI,PhonePe,6404,true,2025-09-01
PM03092,CUST05510,UPI,Paytm,7084,true,2024-10-03
PM03093,CUST02500,UPI,GooglePay,6268,true,2024-06-16
PM03094,CUST00481,UPI,Paytm,4677,true,2025-02-15
PM03095,CUST09252,UPI,GooglePay,3994,true,2024-01-19
PM03096,CUST00284,UPI,Paytm,2828,true,2023-05-29
PM03097,CUST09663,UPI,PhonePe,9492,true,2025-09-12
PM03098,CUST02677,Debit Card,SBI,6162,false,2023-02-09
PM03099,CUST01428,UPI,PhonePe,2523,true,2025-01-20
PM03100,CUST01659,UPI,PhonePe,5932,true,2025-01-19
PM03101,CUST04639,UPI,BHIM,0349,1,2024-10-09
PM03102,CUST09124,Credit Card,HDFC Bank,3901,true,2025-05-03
PM03103,CUST05393,UPI,PhonePe,2139,false,2025-09-16
PM03104,CUST01394,UPI,GooglePay,0733,false,2023-10-30
PM03105,CUST03463,,Paytm,5078,true,2024-11-07
PM03106,CUST07543,UPI,BHIM,8133,false,2024-05-03
PM03107,CUST01005,Net Banking,ICICI Bank,8930,false,2025-03-09
PM03108,CUST00436,Debit Card,ICICI Bank,2085,true,2024-06-21
PM03109,CUST01813,UPI,GooglePay,9038,true,2025-08-06
PM03110,CUST03037,UPI,BHIM,6803,false,2024-06-03
PM03111,CUST06414,Credit Card,SBI,,false,2024-03-10
PM03112,CUST03271,UPI,PhonePe,0442,false,2024-05-30
PM03113,CUST04795,UPI,Paytm,2384,true,2024-10-13
PM03114,CUST01520,Debit Card,SBI,5237,true,2023-10-07
PM03115,CUST07349,UPI,BHIM,0894,true,
PM03116,CUST01989,Credit Card,HDFC Bank,2916,true,2024-03-31
PM03117,CUST05006,,Paytm,9040,true,2024-08-15
PM03118,CUST06959,UPI,GooglePay,2024,true,2025-04-23
PM03119,CUST07633,UPI,Paytm,1248,false,2023-06-29
,CUST09283,UPI,Paytm,0219,false,2024-07-30
PM03121,CUST09122,Credit Card,SBI,0406,true,2025-06-11
PM03122,CUST00524,UPI,BHIM,1623,false,2024-08-02
PM03123,CUST08117,Debit Card,HDFC Bank,1074,true,2024-04-19
PM03124,CUST03985,Credit Card,SBI,9086,true,2023-08-27
PM03125,CUST02976,Debit Card,SBI,2174,true,2024-01-05
PM03126,CUST03285,Credit Card,SBI,7994,false,2024-09-04
PM03127,CUST05860,UPI,BHIM,0063,true,2023-12-03
PM03128,CUST07200,Debit Card,SBI,6369,true,2024-10-09
PM03129,CUST03804,UPI,GooglePay,6562,true,2023-05-05
PM03130,CUST02474,Debit Card,ICICI Bank,7585,true,2025-04-16
PM03131,CUST04239,UPI,Paytm,0497,false,2024-03-14
PM03132,CUST04846,UPI,Paytm,8732,true,2023-12-04
PM03133,CUST09729,Credit Card,HDFC Bank,5191,true,2024-02-22
PM03134,CUST06022,Credit Card,HDFC Bank,0628,true,2025-08-07
PM03135,CUST01622,UPI,BHIM,7316,true,2024-02-28
PM03136,CUST00716,UPI,GooglePay,1519,1,2024-05-08
PM03137,CUST09918,Credit Card,SBI,1538,true,2024-05-03
PM01362,CUST04560,Net Banking,SBI,9784,true,2025-01-13
PM03139,CUST01087,UPI,GooglePay,9501,false,2025-03-19
PM03140,CUST05927,Credit Card,HDFC Bank,2355,true,2025-04-25
PM03141,CUST05543,UPI,BHIM,6325,true,2023-08-25
PM03142,CUST07382,Credit Card,ICICI Bank,5933,false,2024-03-01
PM03143,CUST00357,UPI,Paytm,7628,true,2023-09-17
PM03144,,UPI,PhonePe,0587,true,2023-01-16
PM03145,CUST06205,Debit Card,Axis Bank,0633,true,2024-01-06
PM03146,CUST01393,UPI,PhonePe,5461,true,2023-04-28
PM03147,CUST04804,UPI,BHIM,0228,true,2023-03-31
PM03148,CUST05210,UPI,BHIM,7282,true,2024-06-18
PM03149,CUST02104,UPI,GooglePay,1451,false,2023-04-09
PM02609,CUST09209,UPI,PhonePe,0720,false,2023-07-11
,CUST05880,UPI,PhonePe,1098,false,2025-09-05
PM05219,CUST01697,UPI,PhonePe,3141,true,2023-12-01
PM03153,CUST06482,Credit Card,Axis Bank,3588,false,2023-11-23
PM03154,CUST01237,Credit Card,ICICI Bank,5206,,2024-05-12
PM03155,CUST05135,Credit Card,HDFC Bank,7118,true,2023-12-13
PM03156,CUST03353,UPI,BHIM,0374,true,2023-01-27
PM03157,CUST06445,Credit Card,ICICI Bank,9739,true,2025-03-29
PM03158,CUST00367,Credit Card,SBI,8821,false,2024-07-20
PM03159,CUST01041,Debit Card,ICICI Bank,5034,true,2025-06-26
PM03160,CUST05609,Credit Card,HDFC Bank,8240,false,2023-05-22
PM03161,CUST00726,Credit Card,ICICI Bank,8435,true,2025-03-24
PM03162,CUST02015,Debit Card,SBI,8312,true,2024-04-22
PM03163,CUST09977,UPI,GooglePay,6616,true,2025-01-11
PM03164,CUST02793,Credit Card,ICICI Bank,4883,true,2024-05-20
PM03165,CUST00826,,Paytm,9808,true,2024-01-08
PM03166,CUST02131,Debit Card,ICICI Bank,3739,true,2023-07-22
PM03167,CUST03561,UPI,Paytm,1057,true,2025-05-27
PM03168,CUST06724,UPI,Paytm,8883,true,2023-07-28
PM03169,CUST07601,UPI,GooglePay,4432,true,2024-12-21
PM03170,CUST09855,Debit Card,ICICI Bank,3295,true,2023-02-12
PM03171,CUST05960,Net Banking,SBI,2769,false,2025-01-06
PM03172,CUST02892,UPI,BHIM,6837,false,2025-03-06
PM03173,CUST08181,Credit Card,SBI,4268,true,2025-09-04
PM03174,CUST04396,Credit Card,SBI,2895,true,2023-12-23
PM03175,CUST04991,Credit Card,SBI,5192,false,2025-09-25
PM03176,CUST07559,UPI,GooglePay,6066,true,2024-08-13
PM03177,CUST08073,UPI,PhonePe,0201,false,2023-05-18
PM03178,CUST01472,UPI,PhonePe,6353,false,2024-03-11
PM03179,CUST00838,UPI,GooglePay,1152,true,2025-08-02
PM03180,CUST07467,UPI,PhonePe,6466,true,
PM03181,CUST08288,UPI,BHIM,8390,true,2023-06-09
PM03182,CUST09655,UPI,PhonePe,5668,true,2024-10-03
PM03183,CUST03054,Net Banking,SBI,8002,true,2023-05-26
PM03184,CUST09484,UPI,BHIM,1170,true,2025-05-31
PM03185,CUST04904,Credit Card,Axis Bank,9729,true,2025-07-26
PM03186,CUST02162,Debit Card,Axis Bank,7623,true,2023-10-14
PM03187,CUST04389,UPI,Paytm,1240,true,2024-01-22
PM03188,CUST09950,UPI,GooglePay,1586,true,2023-04-20
PM03189,CUST03091,Debit Card,SBI,9679,true,2023-09-26
PM03190,CUST06148,Debit Card,ICICI Bank,1938,false,2023-04-12
PM03191,CUST04927,Credit Card,Axis Bank,9125,true,2024-07-07
PM03192,CUST09789,UPI,GooglePay,3950,true,2025-08-15
PM03193,CUST06458,Credit Card,Axis Bank,6320,false,2024-01-30
PM03194,CUST02680,Credit Card,SBI,7800,false,2025-08-25
PM03195,CUST05745,UPI,GooglePay,6391,true,2025-03-15
PM03196,CUST02527,Debit Card,SBI,4027,true,2024-04-18
PM03197,CUST01748,UPI,Paytm,8427,false,2025-02-21
PM03198,CUST02468,Debit Card,SBI,2991,true,2024-11-23
PM03199,CUST03750,UPI,GooglePay,7459,false,2025-01-19
PM03200,CUST00006,UPI,Paytm,0878,true,2025-06-01
PM03201,CUST02949,UPI,Paytm,4711,true,2024-12-23
PM03202,CUST04056,UPI,BHIM,5472,true,2023-07-13
PM03203,CUST01486,Credit Card,HDFC Bank,3121,true,2023-02-08
PM03204,CUST09188,UPI,PhonePe,,true,2025-07-29
PM03205,CUST06982,UPI,PhonePe,2484,true,2023-03-10
PM03206,CUST03017,Net Banking,ICICI Bank,5582,true,2023-08-27
PM03207,CUST04826,Credit Card,,9613,true,2025-07-03
PM03208,CUST06040,UPI,GooglePay,9590,true,2023-10-23
PM03209,CUST05949,Net Banking,ICICI Bank,2232,true,2023-08-23
PM03210,CUST00811,Debit Card,,8278,true,2025-05-12
PM03211,CUST04152,UPI,BHIM,0811,true,2024-10-03
PM03212,CUST02478,Debit Card,Axis Bank,,true,2024-10-18
PM03213,CUST09575,UPI,BHIM,1465,true,2023-08-21
PM03214,CUST00240,Credit Card,SBI,9088,true,2025-04-04
PM03215,CUST09578,Debit Card,SBI,2371,false,2024-07-10
PM03216,CUST06185,UPI,GooglePay,3845,true,2023-10-24
PM03217,CUST00502,Debit Card,Axis Bank,6974,true,2024-05-27
PM03218,CUST06695,UPI,PhonePe,7994,false,2025-09-06
PM03219,CUST02693,Debit Card,HDFC Bank,9379,false,2023-05-29
PM03220,CUST00022,Debit Card,SBI,5425,true,2023-10-16
PM03221,CUST00975,Debit Card,Axis Bank,9509,false,2024-03-16
PM03222,CUST01666,Credit Card,Axis Bank,1808,0,2023-05-16
PM03223,CUST00891,Debit Card,Axis Bank,5734,true,2024-03-08
PM03224,CUST03619,UPI,BHIM,9945,true,2024-07-13
PM03225,CUST06732,Debit Card,HDFC Bank,0915,true,2024-04-19
PM03226,CUST08964,Credit Card,HDFC Bank,3781,true,2023-05-11
PM03227,CUST01967,Credit Card,Axis Bank,5328,true,2024-05-15
PM03228,CUST05451,Debit Card,Axis Bank,4446,true,2023-06-29
PM03229,CUST00703,Debit Card,HDFC Bank,0804,true,2025-09-17
PM03230,,UPI,BHIM,3274,true,2025-08-11
PM03231,CUST07397,Debit Card,HDFC Bank,4555,true,2023-07-18
PM03232,CUST02469,Debit Card,HDFC Bank,3474,false,2024-08-13
PM03233,CUST04931,UPI,PhonePe,7783,true,2025-08-09
PM03234,CUST06068,UPI,Paytm,2726,false,2023-04-20
PM03235,CUST08837,Credit Card,Axis Bank,9397,true,2023-11-27
PM03236,CUST04041,UPI,BHIM,8606,true,2025-09-25
PM03237,CUST03028,UPI,GooglePay,2046,true,2023-07-02
PM03238,CUST00148,UPI,BHIM,9678,true,2023-01-14
PM03239,CUST09917,Net Banking,SBI,6999,false,2023-08-15
PM03240,CUST07247,UPI,PhonePe,2771,true,2024-01-15
PM03241,CUST07593,Debit Card,HDFC Bank,8360,true,2024-09-14
PM03242,CUST02285,Credit Card,ICICI Bank,8429,true,2023-10-13
PM03243,CUST03614,Debit Card,SBI,5220,false,2023-07-29
PM03244,CUST07429,Debit Card,HDFC Bank,,true,2025-02-18
PM03245,CUST03239,UPI,PhonePe,6572,true,2025-04-22
PM03246,CUST08651,Credit Card,Axis Bank,6229,true,2025-01-11
PM03247,CUST07123,Debit Card,SBI,0116,true,2025-02-06
PM03248,CUST01356,Net Banking,HDFC Bank,2934,true,2024-11-19
PM03249,CUST03766,UPI,BHIM,0550,false,2023-06-10
PM03250,CUST01433,,,8196,true,2023-12-15
PM03251,CUST03921,UPI,GooglePay,1296,true,2023-06-05
PM03252,CUST07111,Credit Card,Axis Bank,5909,true,2024-10-11
PM03253,CUST08043,Credit Card,HDFC Bank,2020,true,2023-05-11
PM03254,CUST04711,Debit Card,HDFC Bank,,true,2025-02-23
PM03255,CUST09955,Credit Card,Axis Bank,6730,true,2024-10-29
PM03256,CUST08029,Debit Card,HDFC Bank,3598,true,2025-07-24
PM03257,CUST09029,UPI,PhonePe,0270,,2024-01-27
PM03258,CUST01365,Credit Card,ICICI Bank,1786,true,2023-06-04
PM03259,CUST02978,Debit Card,ICICI Bank,4938,true,2024-02-14
PM03260,CUST05554,Credit Card,HDFC Bank,6994,true,2024-08-05
PM03261,CUST01206,UPI,GooglePay,8291,true,2025-01-29
PM03262,CUST08631,Credit Card,HDFC Bank,9190,true,2024-12-03
PM03263,CUST05064,UPI,BHIM,2933,true,2025-01-08
PM03264,CUST08248,Debit Card,HDFC Bank,5954,false,2024-04-07
PM03265,CUST02425,UPI,GooglePay,3610,true,2023-05-13
PM03266,CUST06259,UPI,PhonePe,8462,false,2023-09-05
PM03267,CUST07709,Net Banking,ICICI Bank,2175,false,2023-06-16
PM03268,CUST02909,Credit Card,HDFC Bank,2531,true,2024-01-12
PM03269,CUST01041,UPI,GooglePay,3787,true,2023-05-15
PM03270,CUST03785,Credit Card,HDFC Bank,2763,true,2025-03-22
PM03271,CUST00754,Net Banking,ICICI Bank,6277,true,2025-09-11
PM03272,CUST09679,Debit Card,HDFC Bank,8157,true,2024-09-10
PM03273,CUST03304,UPI,GooglePay,0543,true,2024-11-22
PM03274,CUST08708,UPI,Paytm,4665,,2024-10-29
PM03275,CUST08144,UPI,GooglePay,4003,false,2024-01-14
PM03276,CUST00413,UPI,GooglePay,2291,0,2025-05-29
PM03277,CUST09601,Debit Card,ICICI Bank,1647,,2024-03-18
PM03278,CUST06934,Debit Card,Axis Bank,7036,true,2023-01-22
PM03279,CUST01908,Credit Card,ICICI Bank,9813,true,2024-08-03
PM03280,CUST06753,UPI,GooglePay,0091,true,2023-10-08
,CUST08859,UPI,Paytm,6983,true,2024-01-25
PM03282,CUST01287,Debit Card,Axis Bank,2679,true,2024-01-15
PM03283,CUST09883,Credit Card,SBI,9905,false,2024-10-07
PM03284,CUST07317,UPI,Paytm,4958,true,2024-09-29
PM03285,CUST06171,UPI,GooglePay,3619,true,2024-09-21
PM03286,CUST03219,UPI,PhonePe,4388,true,2024-10-20
PM03287,CUST00449,Credit Card,SBI,2766,true,2024-04-09
PM03288,CUST02982,UPI,PhonePe,5740,true,2023-11-06
PM03289,CUST03280,UPI,BHIM,7659,true,2024-01-31
PM03290,CUST02997,Credit Card,SBI,1977,false,2023-08-18
PM03291,CUST00814,UPI,PhonePe,0900,false,2025-09-24
PM03292,CUST07403,UPI,GooglePay,6942,true,2023-01-12
PM03293,CUST09117,UPI,BHIM,0603,true,2025-01-04
PM03294,CUST02831,UPI,BHIM,4765,false,2024-03-23
PM03295,CUST00029,UPI,GooglePay,0680,false,2024-06-01
PM03296,CUST01225,UPI,GooglePay,2501,true,2023-01-30
PM03297,CUST01612,UPI,PhonePe,6995,true,2024-03-02
PM03298,CUST07420,UPI,BHIM,1887,true,2024-11-30
PM03299,CUST02759,UPI,GooglePay,0310,,2023-07-18
PM03300,CUST02876,UPI,PhonePe,1805,true,2025-09-21
PM03301,CUST09426,UPI,Paytm,6200,true,2025-03-06
PM03302,CUST02362,UPI,Paytm,8590,true,2023-10-27
PM03303,CUST02866,UPI,PhonePe,0636,true,2025-05-04
PM03304,CUST04351,Credit Card,SBI,3370,true,2025-05-10
PM03305,CUST02325,UPI,GooglePay,0756,true,2025-08-04
PM03306,CUST02424,Credit Card,SBI,0111,false,2023-05-21
PM03307,CUST01306,UPI,Paytm,9236,true,2024-02-27
PM03308,CUST01994,Credit Card,ICICI Bank,7296,false,
PM03309,CUST05524,Credit Card,HDFC Bank,0154,true,2024-03-27
PM03310,CUST01612,Credit Card,Axis Bank,5351,true,2024-05-28
PM03311,CUST07029,UPI,BHIM,5670,true,2024-02-15
PM03312,CUST06189,Debit Card,Axis Bank,6617,false,2023-03-22
PM03313,CUST03432,UPI,Paytm,1074,false,2023-03-18
PM03314,CUST00516,Net Banking,ICICI Bank,7682,true,2025-03-23
PM03315,CUST06395,UPI,Paytm,4861,true,2023-05-25
PM03316,CUST08156,UPI,Paytm,2458,true,2023-12-05
PM03317,CUST00479,Net Banking,SBI,7168,true,2024-05-30
PM03318,CUST09700,UPI,GooglePay,2499,false,2023-08-15
PM03319,CUST00742,Debit Card,ICICI Bank,7824,true,2024-01-14
PM03320,CUST01093,UPI,,1590,true,2024-08-26
PM03321,CUST01742,UPI,BHIM,0187,false,2024-10-26
PM03322,CUST08360,Net Banking,SBI,8313,true,2024-01-23
PM03323,CUST03376,UPI,GooglePay,3256,false,2025-02-21
PM03324,CUST01837,Credit Card,Axis Bank,7578,true,2025-01-04
PM03325,CUST00850,UPI,Paytm,9967,true,2023-03-11
PM03326,CUST02359,UPI,BHIM,1606,true,2023-01-19
PM03327,CUST08183,UPI,PhonePe,0062,,2024-11-05
PM03328,CUST06751,UPI,PhonePe,2012,true,2024-11-27
PM03329,CUST09084,UPI,GooglePay,9471,true,2023-03-16
PM03330,CUST07251,UPI,Paytm,7229,true,2025-04-09
PM03331,,Net Banking,SBI,0615,false,2023-08-14
PM03332,CUST09191,Debit Card,Axis Bank,8157,true,2024-01-18
PM03333,CUST05064,Net Banking,SBI,8035,true,2024-08-07
PM03334,CUST02847,Debit Card,SBI,0865,true,2023-05-06
PM03335,CUST03139,Credit Card,HDFC Bank,8250,false,2024-05-06
PM03336,CUST01388,Debit Card,SBI,7273,true,2023-11-15
PM03337,CUST03003,Debit Card,ICICI Bank,3432,true,2023-02-27
PM03338,CUST00933,Debit Card,Axis Bank,4163,true,2024-06-13
PM03339,CUST00516,Net Banking,SBI,8725,true,2023-07-03
PM03340,CUST03691,UPI,BHIM,7777,false,2025-02-24
PM03341,CUST09404,UPI,PhonePe,2663,true,2023-02-27
PM03342,CUST04626,Credit Card,SBI,4614,true,2024-09-15
PM03343,CUST00248,Credit Card,ICICI Bank,9492,true,2023-12-07
PM03344,CUST08533,Debit Card,ICICI Bank,3684,false,2023-03-09
PM03345,CUST09536,Net Banking,SBI,3080,true,2024-07-27
PM03346,CUST08963,UPI,Paytm,6615,true,2024-04-12
PM03347,CUST01660,Debit Card,Axis Bank,8162,true,2024-08-13
PM03348,CUST09763,Debit Card,ICICI Bank,1472,false,2023-12-26
PM03349,CUST07150,Net Banking,SBI,2486,true,2024-07-12
PM03350,CUST04535,Credit Card,SBI,5455,true,2024-11-19
PM03351,CUST03517,UPI,BHIM,5325,,2023-04-17
PM03352,CUST01306,UPI,PhonePe,8717,false,2025-07-29
PM03353,CUST08915,Credit Card,SBI,7496,true,2025-01-24
PM03354,CUST07615,Credit Card,ICICI Bank,3022,true,2024-03-22
PM03355,CUST06085,Debit Card,HDFC Bank,6650,true,2024-02-19
PM03356,CUST02851,Debit Card,Axis Bank,7879,true,2025-08-18
PM03357,CUST06917,Debit Card,HDFC Bank,6002,true,2023-11-28
,CUST06148,UPI,BHIM,7904,true,2025-08-26
PM03359,CUST05279,UPI,BHIM,5295,true,2023-12-02
PM03360,CUST01110,UPI,BHIM,7741,true,2024-03-14
PM03361,CUST03951,Net Banking,SBI,4801,false,2025-06-28
PM03362,CUST05478,Credit Card,SBI,9845,false,2024-04-10
PM03363,CUST07922,UPI,GooglePay,3192,true,2025-01-29
PM03364,CUST06254,Debit Card,Axis Bank,4614,true,2023-03-18
PM03365,CUST07709,Net Banking,HDFC Bank,4692,true,2023-05-21
PM03366,CUST00580,Debit Card,Axis Bank,1536,true,2025-09-21
PM03367,CUST08270,UPI,GooglePay,0209,true,2025-03-20
PM03368,CUST04171,UPI,BHIM,9051,false,2023-09-03
PM03369,CUST00084,UPI,PhonePe,4004,false,2025-06-22
PM03370,CUST06390,Credit Card,Axis Bank,6100,true,2024-09-12
PM03371,CUST09811,Debit Card,ICICI Bank,7670,true,2023-04-05
PM03372,CUST09393,Debit Card,HDFC Bank,5059,false,2023-10-24
PM03373,CUST02753,UPI,PhonePe,9878,true,2024-02-28
PM03374,CUST04316,UPI,Paytm,0796,false,2024-10-28
PM03990,CUST01013,Credit Card,Axis Bank,8904,true,2023-10-21
PM03376,CUST09179,UPI,GooglePay,2219,false,2024-06-17
PM03377,CUST06280,Net Banking,ICICI Bank,1353,true,2025-01-13
PM03378,CUST04927,Debit Card,SBI,0614,true,2023-04-12
PM03379,CUST04368,Debit Card,SBI,9551,false,2024-01-16
PM03380,CUST04187,Credit Card,ICICI Bank,6712,true,2025-04-23
PM03381,CUST08941,UPI,BHIM,6460,true,2024-10-21
PM03382,CUST05747,Credit Card,HDFC Bank,7917,,2024-04-27
PM03383,CUST02037,Credit Card,ICICI Bank,0151,true,2023-09-27
PM03384,CUST02408,UPI,Paytm,0318,true,2023-05-19
PM03385,CUST04758,UPI,PhonePe,0950,true,2024-07-11
PM03386,CUST07030,Credit Card,ICICI Bank,8826,true,2023-02-03
PM03387,CUST07125,UPI,GooglePay,0376,true,2024-08-29
PM03388,CUST02163,Credit Card,ICICI Bank,9540,true,2024-04-19
PM03389,CUST00082,Credit Card,Axis Bank,7934,,2023-09-09
PM03390,CUST08822,UPI,GooglePay,4686,true,2024-06-17
PM03391,CUST06410,Credit Card,HDFC Bank,8326,true,2023-09-24
PM03392,CUST02370,Credit Card,HDFC Bank,1193,true,2024-03-29
PM03393,CUST01792,UPI,PhonePe,4157,true,2025-04-14
PM03394,CUST05054,Debit Card,ICICI Bank,3183,false,2023-02-27
PM03395,CUST06851,Net Banking,SBI,7529,true,2023-09-29
PM03396,CUST01108,Debit Card,HDFC Bank,7472,true,2023-06-30
PM03397,CUST08805,UPI,PhonePe,8889,true,2023-05-13
PM03398,CUST02585,Credit Card,ICICI Bank,8478,true,2025-08-18
PM03399,CUST05491,Credit Card,ICICI Bank,4360,true,2023-07-04
PM03400,CUST01028,UPI,PhonePe,9368,true,2024-03-05
PM03401,CUST08664,UPI,Paytm,8079,true,2024-09-15
PM03402,CUST09208,Credit Card,SBI,4674,true,2024-04-27
PM03403,CUST03773,UPI,PhonePe,6303,true,2023-09-30
,CUST02560,UPI,Paytm,4880,false,2023-10-25
PM03405,CUST01159,Credit Card,ICICI Bank,8735,false,2024-02-27
PM03406,CUST00540,Debit Card,ICICI Bank,5181,true,2024-07-09
PM03407,CUST09502,Debit Card,HDFC Bank,1978,false,2024-07-16
PM03408,CUST07079,Debit Card,Axis Bank,2962,true,2025-02-27
PM03409,CUST05218,UPI,PhonePe,9600,true,2024-03-05
PM03410,CUST08877,Credit Card,ICICI Bank,5233,true,2024-09-24
PM03411,CUST06529,Debit Card,SBI,4873,false,2025-05-19
PM03412,CUST08585,UPI,Paytm,9873,true,2024-07-25
PM03413,CUST09108,UPI,Paytm,4936,true,2023-01-28
PM03414,CUST03795,Credit Card,HDFC Bank,1727,true,2024-06-26
PM03415,CUST04838,Debit Card,ICICI Bank,5982,true,2025-01-03
PM03416,CUST02599,Debit Card,SBI,8448,false,2024-08-19
PM03417,CUST06453,UPI,GooglePay,5287,true,2024-01-25
PM03418,CUST01492,UPI,GooglePay,4039,true,2024-02-16
PM03419,CUST08595,Debit Card,ICICI Bank,6706,true,2023-11-13
PM03420,CUST07753,Debit Card,ICICI Bank,7400,true,2025-04-22
PM03421,CUST06832,UPI,Paytm,2937,false,2023-11-24
PM03422,CUST01213,Credit Card,Axis Bank,6322,false,2024-08-18
PM03423,CUST06879,UPI,PhonePe,1996,true,2024-02-21
PM03424,CUST09693,UPI,PhonePe,1435,true,2025-04-18
PM03425,CUST04458,UPI,Paytm,1756,true,2024-03-07
PM03426,CUST05316,Net Banking,SBI,3067,true,2024-02-02
PM03427,CUST01136,Credit Card,Axis Bank,5489,true,2024-11-03
PM03428,CUST08877,Credit Card,Axis Bank,7555,true,2023-08-29
PM03429,CUST01805,Debit Card,HDFC Bank,6892,true,2025-06-25
PM03430,CUST09583,UPI,GooglePay,8912,true,2024-07-20
PM03431,CUST06742,Credit Card,Axis Bank,1187,true,2024-06-03
,CUST03748,Net Banking,HDFC Bank,8850,true,2025-04-16
PM03433,CUST06098,Debit Card,,7783,false,2023-09-27
PM03434,CUST08518,UPI,BHIM,7642,true,2023-10-31
PM03435,CUST01940,UPI,BHIM,9521,false,2023-07-29
PM03436,CUST02487,UPI,GooglePay,8384,true,2024-10-07
PM03437,CUST09959,UPI,GooglePay,7798,true,2023-06-05
PM03438,CUST02917,Debit Card,SBI,1154,true,2023-10-05
PM03439,CUST05234,UPI,GooglePay,4044,false,2024-10-04
PM03440,CUST08479,,HDFC Bank,0266,true,2024-01-08
PM03441,CUST09974,UPI,BHIM,2861,true,2024-05-30
PM03442,CUST02846,Net Banking,HDFC Bank,2793,,2024-01-28
PM03443,CUST04327,Debit Card,HDFC Bank,1404,true,2023-10-02
PM03444,CUST07028,Credit Card,ICICI Bank,5798,true,2023-08-02
PM03445,CUST06876,Debit Card,SBI,0239,true,2023-10-27
PM03446,CUST06354,Net Banking,ICICI Bank,0063,true,2023-01-26
PM03447,CUST04725,Debit Card,ICICI Bank,2140,false,2025-09-13
PM03448,CUST03478,Credit Card,Axis Bank,8526,false,2025-08-15
PM03449,CUST04138,Credit Card,SBI,6734,true,2023-03-27
PM03450,CUST07678,UPI,GooglePay,,true,2025-01-24
PM03451,CUST02450,Credit Card,ICICI Bank,9678,true,2025-03-10
PM03452,CUST05783,UPI,Paytm,9101,true,2023-05-13
PM03453,CUST02777,Debit Card,Axis Bank,2149,true,2023-11-14
PM03454,CUST09846,UPI,GooglePay,1901,true,2023-07-01
PM03455,CUST09770,Debit Card,HDFC Bank,3395,true,2023-06-03
PM03456,CUST09071,Credit Card,SBI,5050,true,2023-09-17
PM03457,CUST00745,Credit Card,ICICI Bank,0973,true,2025-01-14
PM03458,CUST03558,Debit Card,ICICI Bank,6950,true,2023-10-06
PM03459,CUST09059,UPI,PhonePe,2415,false,2023-07-22
PM03460,CUST08685,Debit Card,ICICI Bank,6045,true,2024-07-02
PM03461,CUST01034,UPI,BHIM,0187,true,2024-08-19
PM03462,CUST04227,Credit Card,SBI,9916,true,2024-07-10
PM03463,CUST06949,UPI,GooglePay,1663,true,2025-01-01
PM03464,CUST00773,UPI,GooglePay,9095,true,2023-04-27
PM03465,CUST07438,UPI,Paytm,0969,true,2023-11-21
PM03466,CUST04152,Debit Card,HDFC Bank,3362,true,2024-05-13
PM03467,CUST05025,UPI,GooglePay,5393,true,2023-09-03
PM03468,CUST06417,Net Banking,HDFC Bank,0264,false,2023-09-16
PM03469,CUST02232,Debit Card,SBI,1304,true,2023-10-09
PM03470,CUST02468,UPI,Paytm,2502,,2025-05-07
PM03471,CUST05715,Credit Card,Axis Bank,1997,true,2023-10-02
PM03472,CUST03637,Debit Card,SBI,0041,true,2025-08-16
PM03473,CUST04492,UPI,PhonePe,9182,false,2025-05-22
PM03474,CUST01445,UPI,Paytm,1389,true,2025-02-05
PM03475,CUST03589,Debit Card,HDFC Bank,9725,true,2023-10-06
PM03476,CUST02212,Debit Card,SBI,5888,true,2023-07-24
PM03477,CUST00700,UPI,GooglePay,6746,false,2024-08-01
PM03478,CUST04660,UPI,BHIM,7451,false,2023-08-03
PM03479,CUST08296,UPI,BHIM,1985,true,2024-08-23
PM03480,CUST04912,Debit Card,ICICI Bank,5131,true,2023-06-29
PM03481,CUST07662,Debit Card,HDFC Bank,6227,true,2024-04-22
PM03482,CUST02275,UPI,GooglePay,6790,true,2023-02-19
PM03483,CUST05322,Credit Card,ICICI Bank,0438,true,2024-02-29
PM03484,CUST09316,Debit Card,ICICI Bank,9712,true,
PM03485,CUST09094,Net Banking,HDFC Bank,5339,true,2024-04-07
,CUST03439,UPI,PhonePe,6045,true,2024-12-22
PM03487,CUST05196,Debit Card,ICICI Bank,8386,true,2024-09-04
PM03488,CUST04708,Net Banking,HDFC Bank,6012,false,2023-01-17
PM03489,CUST03239,UPI,BHIM,4574,true,2024-07-15
,CUST05645,UPI,BHIM,2190,true,2024-12-05
PM03491,CUST00492,Credit Card,Axis Bank,6939,true,2024-12-07
PM03492,CUST03513,Credit Card,HDFC Bank,5296,true,2023-05-21
PM09091,CUST01332,UPI,Paytm,4197,true,2025-05-01
PM03494,CUST04430,UPI,GooglePay,3992,true,2024-03-23
PM03495,CUST00884,Net Banking,SBI,6543,false,2024-06-01
PM03496,CUST06496,UPI,Paytm,4298,true,2023-01-21
PM03497,CUST03631,UPI,BHIM,6123,false,2025-06-06
PM03498,CUST03469,UPI,PhonePe,7885,true,2024-03-09
PM03499,CUST03451,UPI,PhonePe,0750,false,2025-05-15
PM03500,CUST07272,UPI,GooglePay,2103,true,2025-05-27
PM03501,CUST04894,Debit Card,HDFC Bank,4186,true,2024-05-25
PM03502,CUST03333,Net Banking,HDFC Bank,9210,false,2024-03-13
PM03503,CUST00403,Credit Card,Axis Bank,2272,false,2024-01-24
PM03504,CUST04038,UPI,PhonePe,8339,false,2024-09-05
PM03505,CUST04438,Debit Card,Axis Bank,3836,true,2024-11-08
PM03506,CUST06615,,HDFC Bank,0940,true,2023-12-01
PM01028,CUST02268,UPI,PhonePe,6717,true,2025-01-21
PM03508,CUST02174,UPI,BHIM,8342,true,2024-10-23
PM03509,CUST02557,UPI,BHIM,7517,true,2024-04-30
PM03510,CUST02289,Net Banking,ICICI Bank,6559,false,2025-03-03
PM03511,CUST06085,Net Banking,SBI,5576,true,2023-10-25
PM03512,CUST09072,UPI,Paytm,0285,true,2023-08-17
PM03513,CUST04830,UPI,GooglePay,8579,true,2023-10-31
PM03514,CUST06904,UPI,Paytm,2048,true,2024-10-19
PM03515,CUST02543,UPI,BHIM,8266,true,2024-03-23
PM03516,CUST00227,Credit Card,ICICI Bank,8834,,2025-07-11
PM03517,CUST04298,UPI,Paytm,3320,,2024-08-23
PM03518,CUST06005,Credit Card,HDFC Bank,5787,false,2025-05-17
PM03519,CUST00616,UPI,BHIM,0441,true,2023-05-30
PM03520,CUST06291,Debit Card,Axis Bank,1019,true,2023-04-09
PM03521,CUST07273,Debit Card,Axis Bank,4793,false,2023-11-19
PM03522,CUST02538,UPI,Paytm,0184,true,2025-03-06
PM03523,CUST04240,Credit Card,Axis Bank,7234,false,2023-01-02
PM03524,CUST07693,Credit Card,ICICI Bank,5639,true,2024-07-17
PM03525,CUST03722,Debit Card,ICICI Bank,9311,true,2024-10-21
PM03526,CUST07115,UPI,Paytm,9075,false,2023-03-11
PM03527,CUST02290,Credit Card,SBI,3511,true,2023-05-12
PM03528,CUST08047,UPI,GooglePay,3168,,2023-06-27
PM03529,CUST08372,Debit Card,SBI,7866,true,2023-04-18
PM03530,CUST08941,UPI,GooglePay,8314,true,2025-09-01
PM03531,CUST04095,Debit Card,HDFC Bank,9978,true,2025-07-28
PM03532,CUST04467,Debit Card,HDFC Bank,5176,true,2025-01-18
PM03533,CUST08752,UPI,Paytm,,TRUE,2024-11-15
PM03534,CUST02489,Net Banking,HDFC Bank,8746,true,2024-10-03
PM03535,CUST01231,UPI,Paytm,1539,true,2024-12-16
PM03536,CUST08747,UPI,GooglePay,1069,true,2023-02-22
PM03537,CUST05618,UPI,BHIM,8985,true,2024-06-27
PM03538,CUST08780,Net Banking,ICICI Bank,5637,true,2024-06-18
PM03539,CUST04448,UPI,BHIM,6098,true,2025-01-12
PM03540,CUST02558,UPI,PhonePe,6341,true,2025-02-18
PM03541,CUST08067,UPI,GooglePay,6599,true,2024-02-04
PM03542,CUST08071,Credit Card,ICICI Bank,8105,true,2024-12-03
PM03543,CUST01407,UPI,BHIM,0708,false,2023-04-28
PM03544,CUST09063,Credit Card,HDFC Bank,8725,true,2024-01-26
PM03545,CUST06953,Debit Card,SBI,1026,,2024-04-29
PM03546,CUST03633,Net Banking,HDFC Bank,8633,true,2023-10-27
PM03547,CUST06040,Net Banking,ICICI Bank,8455,true,2025-08-04
PM03548,CUST04681,Credit Card,HDFC Bank,4241,true,2023-07-02
PM03549,CUST09456,UPI,Paytm,3789,true,2023-01-21
PM03550,CUST00645,Net Banking,SBI,8421,true,2025-05-27
PM03551,CUST06681,UPI,Paytm,0987,true,2025-06-01
PM03552,CUST02803,UPI,BHIM,1635,true,2024-12-28
PM03553,CUST05926,UPI,PhonePe,5789,true,2025-08-29
PM03554,CUST02903,Credit Card,,1408,true,2023-04-18
PM03555,CUST03085,Credit Card,ICICI Bank,9293,false,2023-10-30
PM03556,CUST00420,UPI,BHIM,9853,false,2023-08-18
PM03557,CUST06050,UPI,PhonePe,9363,true,2024-08-12
PM03558,CUST01339,UPI,BHIM,8582,true,2024-09-27
PM03559,CUST06115,Debit Card,ICICI Bank,3338,true,2023-11-13
PM03560,CUST07727,Debit Card,HDFC Bank,4368,true,2023-09-02
PM03561,CUST01923,Credit Card,Axis Bank,5688,true,2025-02-05
PM03562,CUST09219,Credit Card,HDFC Bank,9750,true,2024-12-23
PM03563,CUST00114,,ICICI Bank,1129,true,2024-09-15
PM03564,CUST07032,UPI,GooglePay,1618,,2024-12-01
PM03565,CUST07525,UPI,PhonePe,9482,true,2024-09-29
PM03566,CUST04912,UPI,BHIM,6309,true,2024-04-22
PM03567,CUST07269,Credit Card,Axis Bank,7358,true,2025-04-18
PM03568,CUST08704,UPI,BHIM,8023,false,2023-04-03
PM03569,CUST05627,Debit Card,HDFC Bank,1816,true,2024-11-18
PM03570,CUST03343,UPI,BHIM,3661,true,2025-01-18
PM03571,CUST05498,UPI,GooglePay,0093,true,2024-06-08
PM03572,CUST05421,UPI,GooglePay,0197,true,2025-07-25
PM03573,CUST02740,Credit Card,HDFC Bank,1737,true,2024-03-08
PM03574,CUST09130,UPI,PhonePe,3157,true,2023-07-25
PM03575,CUST04587,Credit Card,SBI,3864,true,2024-02-28
PM03576,CUST03321,Credit Card,SBI,0995,true,2025-06-06
PM03577,CUST09123,Debit Card,SBI,8834,true,2025-06-18
PM03578,CUST04669,Debit Card,HDFC Bank,0497,true,2024-03-24
PM03579,CUST04603,UPI,GooglePay,0735,true,2024-10-17
PM03580,CUST09746,UPI,GooglePay,2492,true,2024-01-09
PM03581,CUST00424,Net Banking,ICICI Bank,9975,true,2023-11-28
PM03582,CUST10000,UPI,BHIM,5892,true,2025-02-02
PM03583,CUST06585,UPI,PhonePe,6644,true,2024-03-14
PM03584,CUST00249,Credit Card,ICICI Bank,9747,true,2025-02-01
PM03585,CUST05612,Credit Card,ICICI Bank,1097,true,2025-09-02
PM03586,CUST04515,UPI,PhonePe,9665,false,2023-11-09
PM03587,CUST08038,UPI,Paytm,5457,true,2025-09-22
PM03588,CUST08610,UPI,GooglePay,8807,true,2025-03-13
PM03589,CUST03920,Debit Card,Axis Bank,7539,true,2023-06-10
PM03590,CUST07949,Credit Card,HDFC Bank,5039,true,2024-12-31
PM03591,CUST03596,Credit Card,HDFC Bank,8852,true,2023-01-27
PM03592,CUST09269,Net Banking,SBI,7379,true,2025-05-13
PM03593,CUST08174,UPI,PhonePe,2324,true,2023-02-01
PM03594,CUST08560,UPI,GooglePay,3442,false,
PM03595,CUST05809,UPI,BHIM,9512,true,2023-02-07
PM03596,CUST09847,UPI,PhonePe,9842,true,2024-04-11
PM03597,CUST08249,Debit Card,HDFC Bank,7686,true,2024-01-03
PM03598,CUST00535,UPI,GooglePay,5023,true,2025-07-29
PM03599,CUST02296,Debit Card,Axis Bank,9784,true,2025-07-25
PM03600,CUST02795,Net Banking,ICICI Bank,9985,true,2023-06-22
PM03601,CUST09843,Credit Card,ICICI Bank,2296,false,2024-07-17
PM03602,CUST00702,Debit Card,SBI,0340,false,2025-05-05
,CUST07894,Credit Card,ICICI Bank,1594,false,
PM03604,CUST04912,UPI,Paytm,1033,true,
PM03605,CUST06293,Net Banking,ICICI Bank,3710,true,2024-09-07
PM03606,CUST07171,UPI,GooglePay,5677,false,2025-07-13
PM03607,CUST01261,Debit Card,HDFC Bank,4570,true,2023-07-13
PM03608,CUST05640,UPI,BHIM,6994,true,2024-09-23
PM03609,CUST05699,Net Banking,HDFC Bank,4589,true,2023-08-19
PM03610,CUST09167,Credit Card,,7785,false,
PM03611,CUST00284,Net Banking,HDFC Bank,4988,true,2024-08-30
PM03612,CUST05071,UPI,PhonePe,9327,true,2025-07-04
PM03613,CUST04052,Debit Card,SBI,8484,false,2024-08-20
PM03614,CUST09599,Debit Card,Axis Bank,2130,true,2024-02-04
PM03615,CUST05812,Net Banking,HDFC Bank,1234,true,2023-04-03
PM03616,CUST02433,UPI,PhonePe,8656,false,2024-06-09
PM03617,CUST06052,Net Banking,SBI,0865,true,2024-07-29
PM03618,CUST06827,UPI,BHIM,2568,true,2024-01-04
PM03619,CUST02330,UPI,GooglePay,5557,false,2025-06-15
,CUST07766,Net Banking,HDFC Bank,5725,true,2024-09-23
PM03621,CUST09546,Credit Card,ICICI Bank,6388,true,2023-11-18
PM03622,CUST05974,Debit Card,Axis Bank,1994,true,2025-05-31
PM03623,CUST04981,UPI,BHIM,4284,true,2024-02-17
PM03624,CUST02262,Credit Card,ICICI Bank,8176,false,2025-02-08
PM03625,CUST03526,Net Banking,SBI,1631,true,2024-04-22
PM03626,CUST04883,Credit Card,HDFC Bank,1541,true,2023-09-20
PM03627,CUST01969,Net Banking,HDFC Bank,0435,false,2025-09-17
PM03628,CUST03629,Net Banking,ICICI Bank,1494,false,2024-11-06
,CUST08341,UPI,PhonePe,1938,false,
PM03630,CUST05643,UPI,Paytm,1201,true,2025-06-06
PM03631,CUST09608,Net Banking,HDFC Bank,4499,true,2024-03-02
PM03632,CUST05727,Credit Card,SBI,2420,true,2025-07-27
PM03633,CUST08719,Debit Card,SBI,2719,true,2023-12-19
PM03634,CUST06249,Credit Card,SBI,0830,false,
PM03635,CUST06749,UPI,,4135,true,2025-07-30
PM03636,CUST09925,UPI,GooglePay,7342,true,2025-05-11
PM03637,CUST00549,UPI,Paytm,2901,true,2023-05-23
PM03638,CUST09967,UPI,PhonePe,7939,false,2025-01-10
PM03639,CUST02536,Debit Card,SBI,8105,true,2024-09-02
PM03640,CUST09071,Credit Card,Axis Bank,1255,true,2025-01-08
PM03641,CUST09565,Credit Card,HDFC Bank,7186,true,2025-06-13
PM03642,CUST05046,UPI,Paytm,9692,false,2025-06-30
PM03643,CUST07090,Credit Card,ICICI Bank,9940,false,2023-11-02
PM03644,CUST07743,Debit Card,ICICI Bank,6062,true,2025-01-30
PM03645,CUST00191,Credit Card,SBI,0527,true,2025-01-23
PM03646,CUST03438,Credit Card,ICICI Bank,8017,false,2024-06-15
PM03647,CUST03515,UPI,BHIM,4121,true,2023-12-31
PM03648,CUST08241,Credit Card,Axis Bank,3813,true,2024-04-16
PM03649,CUST05785,Credit Card,HDFC Bank,4852,true,2024-05-21
PM03650,CUST03465,Credit Card,HDFC Bank,4862,true,2025-07-06
PM03651,CUST03618,UPI,Paytm,4018,false,2023-06-05
PM03652,CUST01010,UPI,Paytm,2456,true,2023-06-29
PM03653,CUST07676,Credit Card,HDFC Bank,7075,true,2023-03-21
PM03654,CUST01169,,Paytm,7587,true,2024-01-31
PM03655,CUST00100,Net Banking,HDFC Bank,0999,true,2024-06-24
PM03656,CUST04992,UPI,GooglePay,6043,true,2023-10-28
PM03657,CUST09023,Credit Card,HDFC Bank,9328,false,2024-03-25
PM03658,CUST09241,UPI,BHIM,6058,true,2024-01-07
PM03659,CUST03201,Net Banking,ICICI Bank,1158,true,2023-11-28
PM00184,CUST04430,UPI,PhonePe,4422,true,2024-05-26
PM03661,CUST09464,UPI,Paytm,9687,true,2023-02-08
PM03662,CUST04804,Credit Card,HDFC Bank,7556,false,2023-05-09
PM03663,CUST04397,UPI,BHIM,2730,true,2023-02-24
PM03664,CUST01226,UPI,Paytm,2664,true,2025-06-03
PM03665,CUST06852,UPI,GooglePay,4700,true,2023-05-30
PM03666,CUST03332,Net Banking,HDFC Bank,8640,true,2025-04-26
PM03667,CUST04782,UPI,BHIM,0463,true,2023-06-11
PM03668,CUST00166,Debit Card,SBI,0755,false,2023-08-03
PM03669,CUST00496,Credit Card,Axis Bank,6976,true,2023-05-13
PM03670,CUST03855,Credit Card,SBI,9641,true,2024-11-10
PM03671,CUST03843,Net Banking,SBI,8164,true,2023-05-14
PM03672,CUST03601,UPI,BHIM,4716,true,2024-05-16
PM03673,CUST06201,Credit Card,Axis Bank,1040,true,2024-06-02
PM03674,CUST06771,Debit Card,Axis Bank,5184,false,2024-07-25
PM03675,CUST06184,UPI,PhonePe,8857,true,2023-10-15
PM03676,CUST03596,Net Banking,SBI,,true,2024-04-13
PM03677,CUST04260,Credit Card,ICICI Bank,2208,true,2025-05-24
PM03678,CUST07410,Net Banking,SBI,9372,true,2024-05-28
PM03679,CUST08246,UPI,GooglePay,6756,false,2025-02-28
PM03680,CUST02194,UPI,Paytm,4643,,2025-04-02
PM03681,CUST02550,Credit Card,HDFC Bank,0521,true,2025-07-15
PM03682,CUST03759,Credit Card,SBI,8923,true,2024-12-20
PM03683,CUST03835,Credit Card,Axis Bank,0363,true,
PM03684,CUST00254,Credit Card,SBI,4581,FALSE,2023-10-26
PM03685,CUST05883,UPI,BHIM,8365,true,2025-05-23
PM03686,CUST07463,UPI,GooglePay,0956,true,2024-10-04
PM03687,CUST08498,UPI,GooglePay,1683,false,2025-06-12
PM03688,CUST02095,,HDFC Bank,6102,true,2023-01-19
PM03689,CUST05655,UPI,GooglePay,1420,true,2023-01-05
PM03690,CUST06819,UPI,BHIM,0367,true,2024-04-09
PM03691,CUST02458,UPI,Paytm,4330,true,2025-06-25
PM03692,CUST01939,Credit Card,SBI,4081,true,2024-05-09
PM03693,CUST02187,UPI,Paytm,9691,true,2023-11-26
PM03694,CUST07657,Debit Card,SBI,4831,true,2023-11-06
PM03695,CUST06117,UPI,GooglePay,2009,true,2025-07-24
PM03696,CUST07414,UPI,Paytm,7724,true,2025-03-12
PM03697,CUST08674,UPI,BHIM,0215,,2023-03-07
PM03698,CUST00375,UPI,Paytm,7678,true,2025-09-09
PM03699,CUST01368,UPI,GooglePay,3320,false,2024-07-19
PM03700,CUST02096,UPI,GooglePay,8960,true,2024-08-18
PM03701,CUST00218,UPI,GooglePay,4117,false,2024-08-15
PM03702,CUST03544,Net Banking,HDFC Bank,1830,,2023-02-27
PM03703,CUST08080,UPI,Paytm,4597,true,2024-08-18
PM03704,CUST02514,Debit Card,SBI,9548,false,2023-12-12
PM03705,CUST03609,Net Banking,SBI,5619,true,2023-09-20
PM03706,CUST02404,UPI,Paytm,8204,true,2024-04-15
PM03707,CUST05380,UPI,PhonePe,3278,true,2023-11-14
PM09312,CUST02159,,Paytm,9026,false,2025-01-29
PM03709,CUST07103,Debit Card,HDFC Bank,9270,true,2025-01-26
PM03710,CUST03667,UPI,,5900,false,2024-11-25
PM03711,CUST02173,Net Banking,SBI,5497,true,2024-07-27
PM03712,CUST07489,Debit Card,HDFC Bank,5369,true,2024-04-22
PM03713,CUST08719,Net Banking,SBI,4987,true,2025-04-06
PM03714,CUST07137,UPI,GooglePay,1028,true,2025-05-12
PM03715,,Net Banking,HDFC Bank,,true,2023-08-18
PM03716,CUST00483,Net Banking,ICICI Bank,5363,true,2023-05-22
PM03717,CUST02297,Debit Card,Axis Bank,4518,true,2024-08-24
PM03718,,UPI,GooglePay,4410,true,2023-04-01
PM03719,CUST01241,Debit Card,SBI,4619,true,2025-03-20
PM03720,CUST08331,Credit Card,HDFC Bank,4289,true,2023-11-03
PM03721,CUST06362,Net Banking,SBI,0206,true,2024-01-07
PM03722,CUST07663,Debit Card,Axis Bank,9735,true,2024-04-02
PM03723,CUST09140,Debit Card,SBI,6716,false,2023-02-05
PM03724,CUST05050,Net Banking,SBI,4467,true,2024-05-24
PM03725,CUST02238,Credit Card,ICICI Bank,2101,true,2024-09-15
PM03726,CUST02465,UPI,PhonePe,6360,false,2023-01-03
PM03727,CUST01979,Debit Card,HDFC Bank,0907,true,2023-08-07
PM03728,CUST02248,Net Banking,ICICI Bank,6165,false,2024-08-24
PM03729,CUST06496,Debit Card,ICICI Bank,6548,true,2024-06-06
PM03730,CUST01345,Debit Card,HDFC Bank,5535,true,
PM03731,CUST02089,UPI,BHIM,6931,true,2024-07-16
PM03732,CUST09622,Debit Card,SBI,6541,true,2024-08-02
PM03733,CUST09960,Debit Card,Axis Bank,5584,true,2024-10-24
PM03734,CUST08346,Credit Card,HDFC Bank,7541,false,2024-08-06
PM03735,CUST07075,UPI,PhonePe,1966,true,2023-02-18
PM03736,CUST03629,Debit Card,Axis Bank,9554,true,2023-10-16
PM03737,CUST06195,UPI,BHIM,7935,true,2025-01-10
PM03738,CUST07769,UPI,PhonePe,8919,false,2025-04-27
PM03739,CUST06280,UPI,GooglePay,7155,true,2024-12-10
PM03740,CUST07724,Debit Card,Axis Bank,7114,true,2023-08-17
PM03741,CUST02305,Debit Card,HDFC Bank,2436,true,2023-01-05
PM03742,CUST09775,UPI,PhonePe,1714,true,2024-06-30
PM03743,CUST05071,UPI,BHIM,8808,true,2025-09-15
PM03744,CUST04713,UPI,Paytm,4210,false,2024-09-14
PM03745,CUST09969,Credit Card,ICICI Bank,8008,false,2025-07-10
PM03746,CUST05179,UPI,Paytm,1855,false,2025-09-19
PM03747,CUST09912,UPI,GooglePay,1849,true,2025-08-29
PM03748,CUST07719,UPI,GooglePay,0905,true,2023-02-24
PM03749,CUST01526,UPI,Paytm,1359,true,2025-02-09
PM03750,,Credit Card,SBI,4915,true,2023-08-13
PM03751,CUST08957,Debit Card,SBI,9714,true,2023-08-19
PM03752,CUST07075,UPI,Paytm,0103,true,2024-12-03
PM03753,CUST06434,UPI,BHIM,4510,true,2023-01-03
PM03754,,Credit Card,HDFC Bank,9396,true,2024-03-28
PM03755,CUST03529,Net Banking,SBI,9938,false,2025-01-16
PM03756,CUST08342,Credit Card,SBI,9953,true,2023-08-18
PM03757,CUST04908,Debit Card,ICICI Bank,9811,true,2025-01-25
PM03758,CUST03657,UPI,Paytm,2889,true,2025-01-15
PM03759,CUST07319,UPI,BHIM,7828,true,2025-05-05
PM03760,CUST01310,Debit Card,ICICI Bank,9271,false,2025-06-22
PM03761,CUST06453,Debit Card,Axis Bank,3109,true,2024-09-28
PM03762,CUST06096,Debit Card,ICICI Bank,6999,true,2024-10-10
PM03763,CUST07140,Credit Card,ICICI Bank,9780,true,2024-05-15
PM03764,CUST05477,Debit Card,ICICI Bank,8654,false,2025-07-20
PM03765,CUST04037,UPI,PhonePe,1974,false,2023-11-28
PM03766,CUST03460,UPI,PhonePe,3314,true,2023-09-29
PM03767,CUST01157,Debit Card,Axis Bank,8625,true,2023-06-26
PM03768,CUST03743,UPI,Paytm,9246,true,2023-12-05
PM03769,CUST09085,Net Banking,HDFC Bank,4460,true,2024-04-16
PM03770,CUST00387,Debit Card,HDFC Bank,9206,true,2024-09-18
PM03771,CUST01794,Debit Card,HDFC Bank,0313,false,2025-09-22
PM03772,CUST08326,UPI,GooglePay,1558,true,2025-04-27
PM03773,CUST07601,,BHIM,3860,true,2023-07-23
PM03774,CUST02559,Net Banking,ICICI Bank,0470,true,2023-12-20
PM03775,CUST03411,Credit Card,HDFC Bank,9105,true,2024-03-11
PM03776,CUST07743,Credit Card,HDFC Bank,2354,true,2024-12-30
PM03777,CUST07569,UPI,Paytm,3754,true,2023-04-02
PM03778,CUST08716,Debit Card,ICICI Bank,1819,false,2023-03-25
PM03779,CUST05070,Debit Card,HDFC Bank,0110,true,2023-12-14
PM03780,CUST02973,UPI,GooglePay,9244,true,2023-06-16
PM03781,,Credit Card,ICICI Bank,9598,true,2024-09-13
PM03782,CUST09195,UPI,Paytm,7132,true,2024-05-12
PM03783,CUST09576,UPI,BHIM,3339,false,2024-11-29
PM03784,CUST00419,UPI,Paytm,5332,true,2024-03-23
PM03785,CUST09199,Net Banking,ICICI Bank,6381,true,2023-10-22
PM03786,CUST01803,UPI,BHIM,8587,true,2023-10-15
PM03787,CUST00526,Credit Card,HDFC Bank,2550,true,2024-07-24
PM03788,CUST03057,Credit Card,SBI,3489,false,2023-11-07
PM03789,CUST08863,UPI,GooglePay,0837,false,2025-03-01
PM03790,CUST08625,UPI,Paytm,5811,true,2024-08-13
PM03791,CUST02967,UPI,GooglePay,8145,false,2023-07-26
PM03792,CUST09741,Credit Card,SBI,1567,true,2023-07-16
PM03793,CUST07659,Net Banking,SBI,0518,true,2024-07-07
PM03794,CUST06009,Net Banking,HDFC Bank,2893,true,2023-01-13
PM03795,,Debit Card,Axis Bank,4392,false,2024-06-14
PM03796,CUST07718,UPI,Paytm,2263,false,2023-09-08
PM03797,CUST04319,UPI,GooglePay,6436,true,2025-03-18
PM03798,CUST01648,Debit Card,HDFC Bank,1608,false,2023-03-15
PM03799,CUST05454,UPI,GooglePay,1474,true,2025-08-17
PM03800,CUST07781,Debit Card,SBI,8974,true,2025-01-28
PM03801,CUST04204,Credit Card,ICICI Bank,7240,false,2025-05-23
PM03802,CUST02962,UPI,GooglePay,8143,false,2024-03-20
PM03803,CUST06797,Debit Card,Axis Bank,5051,true,2025-04-21
PM03804,CUST07422,UPI,PhonePe,9012,false,2025-03-15
PM03805,CUST05024,UPI,Paytm,8144,true,2025-04-14
PM03806,CUST04305,UPI,GooglePay,0865,true,2025-02-15
PM03807,CUST01217,Debit Card,HDFC Bank,0143,true,2025-04-23
PM03808,CUST03285,UPI,GooglePay,1869,true,2025-01-12
PM03809,CUST08965,UPI,Paytm,1203,true,2025-01-14
PM03810,CUST08088,Debit Card,Axis Bank,4872,false,2025-03-15
PM03811,CUST06890,Net Banking,ICICI Bank,7863,true,2023-06-14
PM03812,CUST00003,UPI,BHIM,0330,true,2023-07-07
PM03813,CUST00212,UPI,GooglePay,5407,true,2023-11-16
,CUST01641,Net Banking,ICICI Bank,5269,true,2023-07-06
PM03815,CUST05535,UPI,Paytm,3580,true,2025-07-09
PM03816,CUST03087,UPI,BHIM,1522,true,2025-04-28
PM03817,CUST03663,UPI,BHIM,2983,true,2024-07-27
PM03818,CUST02727,Net Banking,ICICI Bank,,true,2025-02-24
PM03819,CUST00929,Credit Card,ICICI Bank,9618,true,2023-09-10
PM03820,CUST04205,UPI,BHIM,6515,true,2024-03-08
PM03821,CUST06455,Net Banking,SBI,6071,true,2024-07-17
PM03822,CUST02302,UPI,PhonePe,5624,false,2024-05-31
PM03823,CUST01401,Debit Card,HDFC Bank,3932,true,2023-04-18
PM03824,CUST05975,Debit Card,Axis Bank,7933,false,2024-02-01
PM03825,CUST03125,Credit Card,Axis Bank,4365,true,2025-09-02
PM03826,CUST01683,UPI,Paytm,2421,true,2025-04-28
PM03827,CUST05593,UPI,PhonePe,8772,true,2024-08-18
PM03828,CUST08910,Debit Card,HDFC Bank,5160,true,2024-01-28
PM03829,CUST04130,Debit Card,HDFC Bank,9462,true,2024-02-02
PM03830,CUST05286,UPI,GooglePay,8071,true,2024-06-14
,CUST09008,Debit Card,HDFC Bank,5450,true,2023-06-27
PM03832,CUST08129,Credit Card,Axis Bank,6450,true,2025-09-11
PM03833,CUST04328,UPI,Paytm,5736,true,2025-02-27
PM03834,CUST05245,UPI,GooglePay,7265,true,2023-03-03
PM03835,CUST04464,Credit Card,SBI,2379,true,2024-06-24
PM03836,CUST01561,UPI,Paytm,9204,true,2023-03-31
PM03837,CUST05550,UPI,Paytm,3473,true,2024-12-08
PM03838,CUST04304,UPI,Paytm,9074,true,2023-09-05
PM03839,CUST02604,Credit Card,Axis Bank,8742,false,2024-05-22
PM03840,CUST03398,Debit Card,HDFC Bank,9580,true,2023-04-18
PM03841,CUST00185,UPI,GooglePay,5618,true,2024-04-28
PM03842,CUST08494,UPI,GooglePay,4086,true,2024-01-26
PM03843,CUST03197,UPI,BHIM,0254,true,2023-08-14
PM03844,CUST05534,UPI,BHIM,7638,true,2024-11-16
PM03845,CUST03744,UPI,BHIM,3808,true,2025-03-31
PM03846,CUST07554,Net Banking,ICICI Bank,2339,true,2023-07-25
PM03847,CUST06081,UPI,BHIM,5897,true,2025-03-27
PM03848,CUST02416,Net Banking,ICICI Bank,,true,2024-03-25
PM03849,CUST04426,UPI,GooglePay,1691,true,2024-10-04
PM03850,CUST02094,UPI,PhonePe,2317,true,2023-12-21
PM03851,CUST07639,Credit Card,SBI,4536,true,2023-10-27
PM03852,CUST00686,Net Banking,HDFC Bank,8994,true,2023-05-09
PM03853,CUST03026,Debit Card,HDFC Bank,8346,true,2023-12-27
PM03854,CUST00988,Debit Card,HDFC Bank,6853,true,2023-07-17
PM03855,CUST08198,UPI,PhonePe,8859,true,
PM03856,CUST06649,UPI,BHIM,0317,true,2024-12-20
PM03857,CUST08044,UPI,PhonePe,7922,true,2023-05-09
PM03858,CUST01796,UPI,GooglePay,6274,false,2024-07-08
PM03859,CUST06149,UPI,,0233,true,2024-02-09
PM03860,CUST05468,UPI,BHIM,,true,2024-11-21
PM03861,CUST03368,Net Banking,ICICI Bank,1664,true,2024-01-22
PM03862,CUST04625,UPI,GooglePay,0252,true,2025-07-27
PM03863,CUST06324,Credit Card,ICICI Bank,0876,false,2025-02-25
PM03864,CUST06233,UPI,GooglePay,4353,,
PM03865,CUST06232,Credit Card,,3799,false,2023-01-23
PM03866,CUST00181,Debit Card,ICICI Bank,1838,true,2024-09-03
PM03867,CUST03954,UPI,Paytm,8852,true,2024-10-27
PM03868,CUST08892,UPI,Paytm,3581,true,2025-04-11
PM03869,CUST04044,Credit Card,ICICI Bank,4159,true,2024-12-21
PM03870,CUST05694,UPI,PhonePe,0493,true,2023-07-03
PM03871,CUST04575,UPI,Paytm,3467,true,2023-06-18
PM03872,CUST09150,UPI,Paytm,1281,false,2023-04-13
PM03873,CUST05634,Net Banking,SBI,2721,true,2024-11-07
PM03874,CUST06090,UPI,PhonePe,2387,true,2023-02-06
PM03875,CUST08024,UPI,Paytm,9272,false,2023-05-02
PM03876,CUST02063,UPI,GooglePay,0679,true,2023-03-30
PM03877,CUST02267,UPI,PhonePe,9982,true,2024-02-12
,CUST04292,UPI,Paytm,5668,false,2025-01-29
PM03879,CUST07428,Credit Card,HDFC Bank,3152,true,2023-09-17
PM03880,CUST02442,UPI,GooglePay,5325,false,2023-08-25
PM03881,CUST00378,Credit Card,ICICI Bank,8382,false,2023-02-15
PM03882,CUST07037,UPI,BHIM,9125,true,2023-10-21
PM03883,CUST03969,UPI,PhonePe,3863,true,2025-03-23
PM03884,CUST05770,Credit Card,SBI,5196,true,2024-01-03
PM03885,CUST02525,UPI,BHIM,1799,true,
PM03886,CUST06512,Debit Card,SBI,9767,true,2023-05-07
PM03887,CUST03561,UPI,BHIM,4748,false,2023-03-02
PM03888,CUST00920,UPI,GooglePay,1120,true,2025-09-13
PM03889,CUST01164,Net Banking,SBI,2343,true,2024-09-23
PM03890,CUST00941,Debit Card,HDFC Bank,5084,true,2023-03-29
PM03891,CUST01018,Credit Card,HDFC Bank,4607,true,2025-03-17
PM03892,CUST04741,Net Banking,HDFC Bank,6863,true,2025-07-20
PM03893,CUST09011,Credit Card,SBI,5084,true,2023-01-22
PM03894,CUST04080,UPI,Paytm,4285,true,2024-01-08
PM03895,CUST01921,Credit Card,ICICI Bank,1559,true,2025-07-03
PM03896,CUST07160,UPI,BHIM,9905,false,2025-08-05
PM03897,CUST04928,UPI,BHIM,7900,true,2023-05-21
PM03898,CUST00365,Debit Card,ICICI Bank,0576,true,2025-02-10
PM07820,CUST00335,Credit Card,ICICI Bank,1136,true,2025-09-19
PM03900,CUST03768,Debit Card,ICICI Bank,2500,true,2025-01-22
PM03901,CUST03021,Debit Card,SBI,3487,false,2023-09-21
PM03902,CUST00918,Debit Card,ICICI Bank,8478,true,2023-11-25
PM03903,CUST05402,Credit Card,HDFC Bank,7699,false,2023-05-02
PM03904,CUST02127,UPI,BHIM,6146,false,2025-04-17
PM03905,CUST02422,UPI,PhonePe,6023,true,2025-05-27
PM03906,CUST04528,UPI,GooglePay,1791,true,2023-05-29
PM03907,CUST05566,UPI,BHIM,2531,true,2025-07-01
PM03908,CUST09789,Credit Card,ICICI Bank,6932,false,2023-02-10
PM03909,CUST01570,UPI,PhonePe,4567,true,2023-04-28
PM03910,CUST03610,UPI,Paytm,5344,,2025-05-20
PM03911,CUST04194,UPI,GooglePay,1833,true,2023-09-04
PM03912,CUST06468,Debit Card,SBI,6546,true,2024-11-05
PM03913,CUST02281,Credit Card,HDFC Bank,1592,true,2023-08-19
PM03914,CUST03227,UPI,BHIM,5279,true,2025-02-23
PM03915,CUST03396,Credit Card,SBI,5463,true,2025-07-18
PM03916,CUST04021,Debit Card,Axis Bank,9802,true,2024-02-29
PM03917,CUST00163,UPI,Paytm,7938,true,2024-02-19
PM03918,CUST02063,UPI,GooglePay,7200,true,2024-05-31
PM03919,CUST07677,Debit Card,SBI,5757,false,2023-03-02
PM03920,CUST08761,Credit Card,HDFC Bank,4926,true,2025-09-22
PM03921,CUST08549,Net Banking,SBI,1439,true,2023-11-04
PM03922,CUST05416,Debit Card,HDFC Bank,0531,true,2024-09-15
PM03923,CUST07394,Debit Card,HDFC Bank,9740,true,2023-09-30
PM06066,CUST02004,Debit Card,HDFC Bank,0786,true,2025-03-12
PM03925,CUST05124,UPI,GooglePay,0557,false,2023-02-26
PM03926,CUST04841,UPI,PhonePe,8427,false,2025-03-25
PM03927,CUST04052,UPI,GooglePay,1464,true,2024-07-23
PM03928,CUST08801,Debit Card,HDFC Bank,1567,false,2025-06-20
PM03929,CUST01865,Credit Card,ICICI Bank,0626,true,2023-05-24
PM03930,CUST06943,UPI,BHIM,0935,false,2023-11-22
PM03931,CUST08929,Credit Card,HDFC Bank,9580,true,2025-04-11
PM03932,CUST03395,Debit Card,HDFC Bank,5982,true,2024-07-28
PM03933,CUST09525,UPI,GooglePay,9748,false,2023-01-31
PM03934,CUST07046,Debit Card,Axis Bank,5187,true,2023-12-24
PM03935,CUST01345,Debit Card,SBI,9163,false,2024-07-28
PM03936,CUST07153,UPI,Paytm,6929,true,2024-01-12
PM03937,CUST07897,Credit Card,SBI,2254,false,2024-05-04
PM03938,CUST00965,Debit Card,SBI,4316,true,2023-09-25
PM03939,CUST08206,Net Banking,ICICI Bank,2056,false,2023-10-29
PM03940,CUST03688,Debit Card,ICICI Bank,7792,true,2025-04-03
PM03941,CUST08464,Credit Card,HDFC Bank,1187,true,2024-03-08
PM03942,CUST00572,Credit Card,ICICI Bank,0838,true,2024-06-12
PM03943,CUST05711,UPI,GooglePay,1199,true,2023-04-05
PM03944,CUST00767,UPI,Paytm,4106,true,2023-06-03
PM03945,CUST03705,UPI,BHIM,2280,false,2025-01-16
PM03946,CUST06961,UPI,BHIM,2960,true,2024-03-08
PM03947,CUST09701,Net Banking,ICICI Bank,9634,true,2023-01-05
PM03948,CUST00023,UPI,Paytm,3911,true,2025-05-17
PM03949,CUST07033,UPI,BHIM,5139,true,2023-01-26
PM03950,CUST02502,Credit Card,SBI,0905,true,2025-03-02
PM03951,CUST06534,Credit Card,SBI,3567,false,2023-03-17
PM03952,CUST07308,Net Banking,ICICI Bank,0781,true,2024-10-06
PM03953,CUST03291,UPI,Paytm,6575,false,2023-03-28
PM03954,CUST09105,UPI,PhonePe,7279,true,2025-03-18
PM03955,CUST03913,Debit Card,Axis Bank,7815,false,2023-12-01
PM03956,CUST03013,Credit Card,Axis Bank,8361,true,2023-09-01
PM03957,CUST04503,UPI,BHIM,4891,false,2025-07-13
PM03958,CUST01088,Credit Card,Axis Bank,9248,true,2023-11-29
PM03959,CUST01211,Net Banking,SBI,6543,true,2024-05-05
PM03960,CUST00996,UPI,BHIM,4324,false,2023-09-18
PM03961,CUST00633,UPI,Paytm,,false,2024-08-22
PM03962,CUST04714,UPI,Paytm,3470,true,2023-07-26
PM03963,CUST03199,Credit Card,HDFC Bank,9758,true,2023-10-02
PM03964,CUST00058,UPI,GooglePay,4003,true,2024-11-28
PM03965,CUST07998,UPI,PhonePe,4024,true,2023-03-10
PM03966,CUST06100,Debit Card,HDFC Bank,3585,true,2025-08-06
PM03967,CUST09863,Debit Card,ICICI Bank,7293,true,2025-05-11
PM03968,CUST02101,UPI,Paytm,9405,true,2025-06-11
PM03969,CUST07668,UPI,GooglePay,5565,false,2023-07-04
PM03970,CUST08293,UPI,GooglePay,0379,false,2023-02-05
PM03971,CUST00985,Credit Card,ICICI Bank,7772,true,2025-01-19
PM03972,CUST04669,Credit Card,HDFC Bank,0828,true,2024-12-16
PM03973,CUST02650,Net Banking,HDFC Bank,4040,true,2025-07-07
,CUST09830,Credit Card,SBI,9906,true,2023-10-22
PM03975,CUST02238,UPI,PhonePe,7096,true,2025-03-07
PM03976,CUST04561,UPI,Paytm,3138,true,2025-01-21
PM03977,CUST05075,UPI,Paytm,5890,true,2024-08-30
PM03978,CUST01540,UPI,PhonePe,1537,true,2024-01-04
PM03979,CUST00845,,ICICI Bank,2644,true,2024-11-12
PM03980,CUST01790,Credit Card,Axis Bank,1982,false,2024-05-23
PM03981,CUST06483,Credit Card,HDFC Bank,4535,true,2023-03-12
PM03982,CUST00447,Net Banking,ICICI Bank,3174,true,2024-07-01
PM03983,CUST05934,UPI,Paytm,2133,false,
PM03984,CUST03234,Debit Card,Axis Bank,2263,false,2024-08-06
PM03985,CUST02318,Credit Card,ICICI Bank,5532,true,2023-12-10
PM03986,CUST07104,UPI,GooglePay,0995,true,2024-03-19
PM03987,CUST08487,UPI,Paytm,6254,false,2024-05-11
PM03988,CUST01212,Credit Card,ICICI Bank,1295,true,2023-03-13
PM03989,CUST02356,UPI,BHIM,5819,true,2025-02-11
PM03990,CUST01013,Credit Card,Axis Bank,8904,true,2023-10-21
PM03991,CUST02991,Net Banking,ICICI Bank,1089,true,2023-12-07
PM03992,CUST00632,UPI,Paytm,6399,true,2024-09-28
PM03993,CUST03815,UPI,GooglePay,7079,false,2025-05-08
PM03994,CUST05633,,HDFC Bank,8386,true,2024-07-26
PM03995,CUST01389,UPI,GooglePay,7136,true,2024-11-24
PM03996,CUST00384,,PhonePe,3089,true,2024-05-18
PM03997,CUST04259,UPI,PhonePe,9930,true,2023-06-03
PM03998,CUST00326,UPI,GooglePay,5560,false,2024-05-14
PM03999,CUST07978,Debit Card,ICICI Bank,1823,true,2024-04-09
PM04000,CUST01238,Credit Card,SBI,2032,false,2024-01-19
PM04001,CUST08981,Net Banking,HDFC Bank,6089,false,2024-07-07
PM04002,CUST08558,Net Banking,ICICI Bank,2324,true,2024-12-09
,CUST07359,UPI,PhonePe,8040,0,2023-11-10
PM04004,CUST06157,Debit Card,HDFC Bank,6716,true,2023-12-19
PM04005,CUST01019,,ICICI Bank,1070,TRUE,2024-02-26
PM04006,CUST02354,Debit Card,Axis Bank,5914,true,2024-05-24
PM04007,CUST03537,UPI,Paytm,0391,true,2023-12-01
PM04008,CUST00760,UPI,Paytm,5532,true,2024-10-28
PM04009,CUST05900,Credit Card,Axis Bank,0978,true,2025-03-13
PM04010,CUST05593,Credit Card,SBI,5465,true,2025-09-08
PM04011,CUST02224,UPI,PhonePe,9698,false,2025-02-21
PM04012,CUST01355,Debit Card,ICICI Bank,9073,true,2024-12-02
PM04013,CUST08214,Credit Card,ICICI Bank,1996,true,2023-11-23
PM04014,CUST08745,UPI,GooglePay,5367,true,2024-06-01
PM04015,CUST07273,,ICICI Bank,5196,true,2024-05-09
PM04016,CUST06483,UPI,PhonePe,1844,true,2024-10-28
PM04017,CUST09994,UPI,GooglePay,2039,true,2023-10-16
PM04018,CUST03754,Credit Card,ICICI Bank,8535,true,2023-09-06
PM04019,CUST05479,UPI,BHIM,2531,true,2025-03-01
PM04020,CUST04328,Credit Card,Axis Bank,4962,false,2025-08-07
PM04021,CUST02532,Net Banking,SBI,3018,true,2024-05-31
PM04022,CUST07609,Net Banking,HDFC Bank,6460,true,2024-12-15
PM04023,CUST07225,UPI,Paytm,7165,true,2025-01-19
PM04024,CUST03156,UPI,GooglePay,4187,true,2023-12-16
PM04025,CUST08110,UPI,Paytm,6419,true,2024-04-02
PM04026,CUST04464,UPI,Paytm,8144,true,2025-04-21
PM04027,CUST00743,UPI,GooglePay,1148,true,2024-07-21
PM04028,CUST06709,Net Banking,HDFC Bank,7723,false,2024-02-20
PM04029,CUST06393,Credit Card,Axis Bank,9697,true,2023-02-22
PM04030,CUST03358,Credit Card,SBI,2717,true,2023-09-16
PM04031,CUST01351,Credit Card,SBI,3051,false,2025-03-09
PM04032,CUST07550,Debit Card,ICICI Bank,2679,true,2023-04-22
PM04033,CUST07088,UPI,GooglePay,9857,true,2025-07-03
PM04034,CUST00194,Net Banking,ICICI Bank,7431,true,2024-03-15
PM04035,CUST04167,Credit Card,HDFC Bank,9411,true,2023-08-31
PM04036,CUST02993,UPI,BHIM,8381,false,2023-04-01
PM04037,CUST09985,Debit Card,SBI,9129,true,2024-09-14
PM04038,CUST03694,Debit Card,ICICI Bank,8691,true,2025-06-22
PM04039,CUST00601,Debit Card,Axis Bank,5268,false,2025-07-26
PM04040,CUST02219,UPI,GooglePay,0339,true,2025-08-25
PM04041,CUST01276,Debit Card,HDFC Bank,1591,false,2023-07-14
PM04042,CUST02794,UPI,GooglePay,2604,true,2024-07-08
PM04043,CUST03612,Net Banking,SBI,9278,true,2025-06-10
PM04044,CUST05368,Credit Card,,0784,,2023-09-25
PM04045,CUST06554,UPI,GooglePay,2801,false,2024-11-08
PM04046,CUST00483,UPI,Paytm,2697,true,2025-06-07
PM04047,CUST07160,UPI,Paytm,1375,true,2025-03-02
PM04048,CUST05911,Net Banking,HDFC Bank,4277,false,2024-08-21
PM04049,CUST08763,Credit Card,Axis Bank,,true,2025-05-21
PM04050,CUST05231,Net Banking,SBI,9650,true,2023-04-07
PM04051,CUST02421,Credit Card,ICICI Bank,2895,true,2024-04-18
PM04052,CUST09850,UPI,Paytm,8055,false,2023-06-04
PM04053,CUST04442,Debit Card,Axis Bank,6796,false,2025-06-28
PM04054,CUST03715,Debit Card,SBI,3249,true,2024-10-01
PM04055,CUST08160,Credit Card,SBI,9876,true,2023-05-26
PM04056,CUST03537,Debit Card,SBI,7594,true,2024-12-28
PM07866,CUST05664,UPI,BHIM,1481,true,2025-02-07
PM04058,CUST06766,Credit Card,ICICI Bank,1336,false,2024-08-23
PM04059,CUST05094,Credit Card,ICICI Bank,2646,true,2025-05-15
PM04060,CUST08738,Net Banking,HDFC Bank,2223,false,2023-05-04
PM04061,,Credit Card,ICICI Bank,0800,true,2025-09-11
PM04062,CUST07383,Credit Card,SBI,3722,false,2024-10-26
PM04063,CUST05343,UPI,GooglePay,5186,false,2024-03-21
PM04064,CUST02377,UPI,BHIM,8002,true,2025-02-21
PM04065,CUST03010,Debit Card,SBI,4092,false,2025-08-13
PM04066,CUST06806,UPI,PhonePe,4170,true,
PM04067,CUST07620,Debit Card,HDFC Bank,0941,true,2024-11-02
PM04068,CUST02333,UPI,BHIM,4534,true,2025-03-23
PM00822,CUST03472,Net Banking,SBI,8574,true,2023-09-02
PM04070,CUST06747,Credit Card,HDFC Bank,6635,true,2023-10-18
PM04071,CUST01999,Credit Card,SBI,9776,true,2024-08-20
PM04072,CUST00070,UPI,GooglePay,3974,true,2024-02-06
PM04073,CUST01375,UPI,GooglePay,8564,true,2025-07-13
PM04074,CUST02482,UPI,BHIM,9995,true,2023-02-01
PM04075,CUST05517,UPI,Paytm,3141,false,2024-01-23
PM04076,CUST04282,Debit Card,SBI,7278,true,2024-12-15
PM04077,CUST00873,,HDFC Bank,0760,false,
PM04078,CUST00902,Debit Card,SBI,3099,false,2025-04-28
PM04079,CUST09654,UPI,Paytm,,true,2025-07-16
PM04080,CUST09736,Debit Card,Axis Bank,3092,true,2023-01-13
PM04081,CUST05161,UPI,BHIM,6164,true,2023-11-15
PM04082,CUST08505,UPI,BHIM,8276,true,2024-05-05
PM04083,CUST03740,UPI,BHIM,3282,true,2023-06-18
PM04084,CUST05738,UPI,BHIM,2515,false,2024-10-10
PM04085,CUST01973,UPI,BHIM,2258,true,2023-09-03
,CUST04503,Credit Card,HDFC Bank,7000,true,2024-08-03
PM04087,CUST01392,Debit Card,ICICI Bank,6332,false,2025-05-26
PM04088,CUST09435,UPI,Paytm,,false,2024-05-19
PM04089,CUST05197,Debit Card,Axis Bank,7754,true,2023-03-14
PM04090,CUST01860,UPI,Paytm,4797,true,2025-08-16
PM04091,CUST06814,Net Banking,SBI,7203,false,2023-05-21
PM04092,CUST05146,Debit Card,Axis Bank,2963,true,2023-06-24
PM04093,CUST05486,Debit Card,Axis Bank,8959,true,2025-06-09
PM04094,CUST02878,UPI,BHIM,6412,true,2023-10-03
PM04095,CUST05941,UPI,Paytm,7233,true,2023-02-05
PM04096,CUST06426,UPI,GooglePay,8152,true,2025-01-30
PM04097,CUST06253,Debit Card,Axis Bank,4140,true,2023-11-23
PM04098,CUST07827,Debit Card,Axis Bank,2633,true,2025-06-09
PM04099,CUST07432,UPI,Paytm,6673,true,2024-05-19
PM04100,CUST08609,Credit Card,ICICI Bank,0921,true,2024-08-16
PM04101,CUST00740,UPI,GooglePay,0528,false,2023-11-01
PM04102,CUST06883,Debit Card,ICICI Bank,5372,true,2024-06-11
PM04103,CUST03253,UPI,Paytm,9672,true,2024-02-11
PM04104,CUST02082,Net Banking,HDFC Bank,6244,false,2024-10-12
PM04105,CUST04153,UPI,Paytm,2157,true,2025-07-22
PM04106,CUST09779,Credit Card,ICICI Bank,8637,true,2024-06-02
PM04107,CUST07419,UPI,BHIM,3025,true,2024-05-09
PM04108,CUST04900,Credit Card,ICICI Bank,5734,false,2023-02-21
PM04109,CUST00978,UPI,GooglePay,8273,true,2023-10-03
PM04110,CUST06710,UPI,GooglePay,9375,true,2025-03-17
PM04111,CUST09453,Credit Card,Axis Bank,8708,false,2024-06-19
PM04112,CUST03137,UPI,Paytm,4165,true,2024-12-08
PM04113,CUST09958,UPI,Paytm,0418,true,2024-12-30
PM04114,CUST08164,Net Banking,SBI,7275,false,2025-03-12
PM04115,CUST03147,Credit Card,,8931,true,2025-02-09
PM04116,CUST07050,UPI,GooglePay,1331,false,2023-09-24
PM04117,,Debit Card,ICICI Bank,3801,false,2024-01-17
PM04118,CUST09830,UPI,BHIM,7175,true,2023-04-12
PM04119,CUST02973,Credit Card,HDFC Bank,2180,false,2024-05-12
PM04120,CUST07158,Credit Card,SBI,4563,true,2025-04-23
PM04121,CUST04296,UPI,Paytm,6990,true,2023-01-28
PM04122,,Net Banking,SBI,8347,true,2024-04-25
PM04123,CUST08872,UPI,Paytm,7980,false,
PM04124,CUST04808,,Paytm,6557,true,2024-09-26
PM04125,CUST09682,Credit Card,ICICI Bank,6548,true,2025-01-30
PM04126,CUST04026,Credit Card,Axis Bank,2931,true,2024-03-01
PM04127,CUST04076,Debit Card,HDFC Bank,8012,true,2024-10-19
PM04128,CUST03512,Debit Card,ICICI Bank,4423,true,2024-03-15
PM04129,CUST00890,UPI,PhonePe,9418,false,2023-02-27
PM04130,CUST01692,Debit Card,Axis Bank,2575,true,2023-07-06
PM04131,CUST04733,UPI,PhonePe,1812,false,2025-05-15
PM04132,CUST09237,Debit Card,Axis Bank,0273,true,2025-06-16
PM04133,CUST00998,UPI,GooglePay,2084,true,2023-04-16
PM04134,CUST08771,UPI,BHIM,8058,true,2023-08-28
PM01103,CUST02852,UPI,BHIM,9753,true,2023-02-15
PM04136,CUST04473,Credit Card,SBI,8697,false,2025-03-15
PM04137,CUST01908,,GooglePay,2384,true,2024-12-22
PM04138,CUST06722,Credit Card,SBI,0910,true,2023-02-16
PM04139,CUST07460,Debit Card,Axis Bank,9619,true,2025-07-14
PM04140,CUST01603,Debit Card,SBI,6937,true,2024-06-05
PM04141,CUST08221,Net Banking,ICICI Bank,9457,true,2023-04-17
PM04142,CUST04331,UPI,BHIM,2511,true,2023-10-31
PM04143,CUST07634,UPI,PhonePe,2444,true,2024-08-29
PM04144,CUST02806,Debit Card,SBI,9279,true,2025-07-22
PM04145,CUST08031,UPI,BHIM,3210,true,2023-11-10
PM04146,CUST04972,Credit Card,Axis Bank,3505,true,2025-06-21
PM04147,CUST01280,UPI,BHIM,3764,false,2025-01-28
PM04148,CUST03718,UPI,BHIM,4663,true,2024-07-24
PM04149,CUST07937,UPI,BHIM,9495,,2025-03-09
PM04150,CUST05333,UPI,BHIM,7771,true,2024-09-09
PM04151,CUST05259,UPI,Paytm,6647,true,2023-09-23
PM04152,CUST01731,UPI,PhonePe,4286,false,2025-04-05
PM04153,CUST06555,UPI,BHIM,6391,true,2024-11-08
PM04154,CUST06112,UPI,PhonePe,6545,true,2023-09-11
PM04155,CUST04119,UPI,GooglePay,7280,true,2023-01-31
PM04156,CUST01626,UPI,GooglePay,9317,true,2023-01-31
PM04157,CUST05775,Credit Card,SBI,6632,true,2023-11-14
PM04158,CUST08012,UPI,GooglePay,8778,true,2024-11-20
PM04159,CUST07231,Credit Card,ICICI Bank,7842,true,
PM04160,CUST06798,Debit Card,HDFC Bank,6595,true,2024-01-05
PM04161,CUST03737,UPI,Paytm,8872,false,2025-04-11
PM04162,CUST04315,Debit Card,HDFC Bank,9660,true,
PM04163,CUST07944,UPI,Paytm,3393,true,2024-06-17
PM04164,CUST08466,Credit Card,ICICI Bank,5079,true,2023-02-08
PM04165,CUST09484,Debit Card,Axis Bank,0929,true,2025-09-11
PM04166,CUST03218,Net Banking,HDFC Bank,,true,2023-03-31
PM04167,CUST02434,UPI,Paytm,8940,true,2023-10-12
PM04168,CUST08251,UPI,BHIM,2527,true,2023-03-30
PM04169,CUST03367,Credit Card,Axis Bank,3765,false,2024-10-02
PM04170,CUST08001,Debit Card,ICICI Bank,9174,,2024-08-09
PM04171,CUST06182,UPI,Paytm,0391,true,2025-06-04
PM04172,CUST05885,Credit Card,HDFC Bank,8570,true,2025-04-26
PM04173,CUST03748,Debit Card,SBI,3778,true,2024-12-11
PM04174,CUST08643,Debit Card,ICICI Bank,9059,true,2024-02-19
PM04175,CUST06244,Credit Card,HDFC Bank,6080,true,2025-03-20
PM04176,CUST07355,UPI,PhonePe,0022,true,2024-11-24
PM04177,CUST01692,Debit Card,HDFC Bank,4628,true,2024-07-09
PM04178,CUST06939,Debit Card,SBI,7364,true,2023-10-07
PM04179,CUST03757,Credit Card,HDFC Bank,0479,true,2025-05-01
PM04180,CUST02433,Debit Card,Axis Bank,2397,true,2023-02-05
PM04181,CUST03672,UPI,GooglePay,9146,true,2024-02-23
PM04182,CUST08456,Credit Card,HDFC Bank,3661,true,2024-03-20
PM04183,CUST08673,Debit Card,ICICI Bank,0826,true,2024-06-17
PM04184,CUST07912,UPI,GooglePay,3395,true,2025-05-19
PM04185,CUST09703,UPI,Paytm,7510,true,2023-11-17
PM04186,CUST09557,Credit Card,SBI,6694,true,2023-06-19
PM04187,CUST03529,Debit Card,ICICI Bank,2163,true,2024-01-11
PM04188,CUST02936,UPI,BHIM,2657,true,2023-04-29
PM04189,CUST06935,UPI,BHIM,8842,true,2024-08-26
PM04190,CUST07113,Credit Card,HDFC Bank,8952,false,2025-08-26
PM04191,CUST08598,Net Banking,SBI,5232,true,2024-05-13
PM04192,CUST08911,UPI,PhonePe,9881,true,2024-07-06
PM04193,CUST02233,Credit Card,ICICI Bank,8935,true,2023-12-15
PM04507,CUST09863,UPI,GooglePay,4798,true,2023-09-15
PM04195,CUST02251,Credit Card,Axis Bank,3521,true,2024-07-28
PM04196,CUST03452,UPI,PhonePe,9268,false,2025-05-26
PM04197,CUST02283,UPI,PhonePe,3273,true,2025-08-27
PM04198,CUST02007,Debit Card,HDFC Bank,5026,true,2025-08-27
PM04199,CUST00845,UPI,Paytm,8177,false,2025-02-16
PM04200,CUST05217,Debit Card,HDFC Bank,1931,false,2023-07-06
PM04201,CUST09797,UPI,BHIM,0002,true,2023-03-25
PM04202,CUST09472,UPI,Paytm,4405,true,2024-12-24
PM04203,CUST01673,Credit Card,ICICI Bank,8060,true,2023-01-19
PM04204,CUST03022,UPI,GooglePay,5318,true,2024-02-26
PM04205,CUST07802,UPI,BHIM,3182,false,2023-05-03
PM04206,CUST06982,Debit Card,HDFC Bank,,true,2025-04-05
PM04207,CUST09015,UPI,GooglePay,1168,true,2023-06-16
PM04208,CUST07493,Net Banking,HDFC Bank,1581,true,2024-02-17
PM04209,CUST00979,Credit Card,SBI,4875,true,2023-09-05
PM04210,CUST03832,UPI,Paytm,7655,true,2023-10-08
PM04211,CUST00764,Debit Card,HDFC Bank,3720,false,2024-04-26
PM04212,CUST05448,Credit Card,ICICI Bank,9891,true,2023-03-23
PM04213,CUST06394,Debit Card,SBI,0781,0,2024-11-27
PM04214,CUST07274,UPI,PhonePe,8668,false,2024-08-05
PM04215,CUST01470,UPI,BHIM,9105,false,2023-10-19
PM04216,CUST04413,UPI,Paytm,7576,false,2023-07-22
PM04217,CUST05464,UPI,,0257,true,2024-05-18
PM04218,CUST01520,UPI,Paytm,1691,true,2023-07-24
PM04219,CUST03615,UPI,PhonePe,4972,true,2024-04-21
PM04220,CUST08911,Credit Card,HDFC Bank,1421,true,2023-04-07
PM04221,CUST06734,Credit Card,ICICI Bank,9001,true,2023-03-31
PM04222,CUST05478,Credit Card,ICICI Bank,3844,false,2024-07-30
PM04223,CUST02305,UPI,GooglePay,8438,true,2023-01-19
PM04224,CUST05243,UPI,PhonePe,5482,true,2024-10-01
PM04225,CUST05492,UPI,Paytm,0286,true,2024-05-02
PM04226,CUST00780,UPI,GooglePay,5141,false,2025-05-04
PM04227,CUST03843,Debit Card,Axis Bank,9275,true,2023-03-04
PM04228,CUST05661,Debit Card,HDFC Bank,1384,true,2023-11-01
PM04229,CUST00441,Credit Card,HDFC Bank,0499,true,2024-04-12
PM04230,CUST06396,UPI,Paytm,1458,false,2023-10-04
PM04231,CUST08476,Credit Card,ICICI Bank,2506,true,2023-08-12
PM04232,CUST03587,UPI,PhonePe,3820,true,2023-06-05
PM04233,CUST00799,Debit Card,Axis Bank,6535,true,2025-07-10
PM04234,,Credit Card,ICICI Bank,4516,false,2023-10-16
PM04235,CUST07834,Debit Card,Axis Bank,2093,true,2023-07-19
PM04236,CUST08091,UPI,BHIM,5856,0,2023-11-18
PM04237,CUST07464,UPI,BHIM,0271,true,2025-08-07
PM04238,CUST03885,UPI,GooglePay,3401,true,2024-08-29
PM04239,CUST07918,UPI,BHIM,3981,true,2024-01-21
PM04240,CUST09476,Credit Card,ICICI Bank,9331,true,2023-05-31
PM04241,CUST04766,Net Banking,ICICI Bank,8404,true,2024-03-09
PM04242,CUST08540,UPI,Paytm,0831,false,2025-04-30
PM04243,CUST05020,Credit Card,ICICI Bank,,true,2025-01-21
PM04244,CUST01826,Net Banking,ICICI Bank,7564,true,2023-04-06
PM04245,CUST06494,UPI,BHIM,3405,false,2025-07-08
PM04246,CUST08388,UPI,Paytm,9298,true,2024-08-15
PM04247,CUST09711,UPI,BHIM,2184,true,2024-03-18
PM04248,CUST09261,UPI,BHIM,0119,true,2024-08-01
PM04249,CUST08420,UPI,PhonePe,6141,true,2025-01-03
PM04250,CUST02921,Debit Card,SBI,1770,false,2025-09-02
PM04251,CUST09232,Net Banking,SBI,7992,false,2023-06-29
PM04252,CUST07819,UPI,GooglePay,7134,true,2023-05-07
PM04253,CUST07077,Net Banking,HDFC Bank,3345,true,2024-04-24
PM04254,CUST04400,Debit Card,HDFC Bank,3882,true,2023-06-24
PM04255,CUST08227,Debit Card,ICICI Bank,7522,true,2024-04-24
PM04256,CUST06238,Credit Card,HDFC Bank,7231,true,2024-02-26
PM04257,CUST03131,Debit Card,ICICI Bank,0791,true,2025-07-26
PM04258,CUST01171,UPI,BHIM,8668,true,2025-04-03
PM04259,CUST03656,UPI,GooglePay,1895,true,2024-12-28
PM04260,CUST00318,Credit Card,SBI,9267,true,2024-04-27
PM04261,CUST02945,UPI,Paytm,2797,false,2023-08-04
PM04262,CUST00665,Debit Card,ICICI Bank,1336,true,2025-07-30
PM04263,CUST01867,UPI,PhonePe,3883,true,2024-02-14
PM04264,CUST05800,UPI,PhonePe,1897,true,2023-11-01
PM04265,CUST02302,UPI,PhonePe,7360,true,2023-11-30
PM04266,CUST09950,UPI,PhonePe,8424,true,2024-03-16
PM04267,CUST01347,UPI,PhonePe,9657,true,2025-04-20
PM04268,CUST01962,UPI,BHIM,7366,false,2024-11-10
PM04269,CUST06901,UPI,PhonePe,4406,false,2023-07-03
PM04270,CUST05198,UPI,Paytm,1057,false,2023-12-06
PM04271,CUST06605,UPI,PhonePe,8972,true,2025-02-28
PM04272,CUST08022,Net Banking,HDFC Bank,2740,true,2025-01-12
PM08532,CUST06158,UPI,Paytm,4303,1,2023-03-07
PM04274,CUST08120,Credit Card,ICICI Bank,1165,true,2024-09-07
PM04275,CUST09072,Credit Card,SBI,8273,false,2024-06-28
PM08491,CUST02920,Debit Card,Axis Bank,1682,true,2025-08-04
PM04277,CUST04976,UPI,Paytm,9104,true,2023-08-11
PM04278,CUST00301,Debit Card,SBI,3536,true,2023-11-05
PM04279,CUST01669,Debit Card,Axis Bank,9376,false,2024-12-08
PM04280,CUST06434,UPI,PhonePe,6440,true,2024-02-28
PM04281,CUST09056,Credit Card,Axis Bank,5769,true,2025-03-14
PM04282,CUST04009,UPI,PhonePe,4104,true,2023-07-15
PM04283,CUST09152,UPI,Paytm,5760,true,2024-04-14
PM04284,CUST08890,Debit Card,SBI,4963,true,2024-11-18
PM04285,CUST02171,UPI,PhonePe,0063,true,2023-05-01
PM04286,CUST02251,UPI,PhonePe,1215,true,2023-02-18
PM04287,CUST00019,Credit Card,ICICI Bank,2331,false,2024-01-15
PM04288,CUST01695,Credit Card,ICICI Bank,8901,true,2024-11-27
PM04289,CUST03428,UPI,Paytm,9980,true,2025-02-17
PM04290,CUST07160,Debit Card,ICICI Bank,1611,true,2023-12-26
PM04291,CUST06337,UPI,,7808,true,2023-06-20
PM04292,CUST06802,Debit Card,HDFC Bank,1479,true,2024-07-31
PM04293,CUST07546,Net Banking,HDFC Bank,8115,true,2025-08-06
PM04294,CUST08458,Net Banking,SBI,0649,true,2023-02-01
PM04295,CUST08359,Debit Card,SBI,6328,true,2024-09-03
PM04296,CUST04325,Net Banking,HDFC Bank,9815,false,2025-04-23
PM04297,CUST07403,UPI,GooglePay,9785,true,2023-09-14
PM04298,CUST09457,UPI,GooglePay,1476,true,2024-06-12
PM04299,CUST00964,Debit Card,SBI,,true,2024-02-11
PM04300,CUST09777,Debit Card,SBI,6842,true,2023-06-20
PM04301,CUST07150,UPI,PhonePe,6302,false,2025-08-30
PM04302,CUST08400,Credit Card,HDFC Bank,3641,true,2024-07-21
PM04303,CUST03593,Credit Card,Axis Bank,2506,false,2025-08-23
PM04304,CUST02279,Credit Card,,5759,true,2023-02-12
PM04305,CUST09700,Credit Card,ICICI Bank,9915,true,2024-01-03
PM04306,CUST05712,UPI,PhonePe,3627,true,2023-05-11
PM04307,CUST08840,UPI,GooglePay,0999,true,2025-03-23
PM04308,CUST07034,Credit Card,SBI,3765,true,2023-01-19
PM04309,CUST03359,Net Banking,HDFC Bank,1443,false,2023-08-25
PM04310,CUST09139,Debit Card,SBI,4204,true,2023-09-22
PM04311,CUST02388,UPI,PhonePe,8894,false,2024-07-11
PM04312,CUST01597,UPI,Paytm,0564,true,2023-01-18
PM04313,CUST06262,UPI,Paytm,5590,true,2024-11-07
PM04314,CUST07927,UPI,GooglePay,1182,true,2025-07-02
PM04315,CUST01398,Net Banking,HDFC Bank,8066,true,2025-06-06
,CUST02159,UPI,PhonePe,3650,true,2025-04-29
PM04317,CUST01117,UPI,,8015,true,2025-08-21
PM04318,CUST04919,UPI,PhonePe,7394,true,2024-10-09
PM04319,,UPI,Paytm,6947,true,2025-08-14
PM04320,CUST04307,UPI,GooglePay,4263,false,2023-09-03
PM04321,CUST09472,UPI,BHIM,7868,true,2023-07-30
PM04322,CUST08826,UPI,GooglePay,6639,false,2023-07-09
PM04323,CUST03008,Credit Card,HDFC Bank,3277,true,2025-01-03
PM04324,CUST00789,UPI,GooglePay,0948,false,2024-09-23
PM04325,CUST06396,UPI,Paytm,1783,true,2025-01-02
PM04326,CUST03135,Credit Card,SBI,3378,true,2024-08-26
PM04327,CUST05465,Credit Card,SBI,9909,true,2024-10-31
PM04328,CUST09338,Credit Card,Axis Bank,3926,true,2025-07-20
PM04329,CUST03224,Net Banking,SBI,4741,true,2023-10-07
PM04330,CUST09392,Credit Card,Axis Bank,2894,true,2023-12-10
PM04331,CUST07248,UPI,PhonePe,3781,true,2025-06-09
PM04332,CUST07083,Debit Card,ICICI Bank,7328,true,2025-04-01
PM04333,CUST05796,UPI,Paytm,5090,false,2023-11-19
PM04334,CUST00917,UPI,BHIM,7529,true,2023-10-10
PM04335,CUST03737,UPI,PhonePe,4968,true,2025-08-31
PM04336,,UPI,GooglePay,8863,true,2023-05-31
PM04337,CUST06357,Credit Card,HDFC Bank,8776,false,2025-08-21
PM04338,CUST02054,Net Banking,ICICI Bank,4844,true,2025-05-10
PM04339,CUST05476,Debit Card,SBI,5619,false,2024-05-19
PM04340,CUST01376,Net Banking,SBI,9697,false,2024-02-17
PM04341,CUST06234,Debit Card,SBI,9009,true,2023-02-04
PM04342,CUST07867,Net Banking,ICICI Bank,6432,false,2023-08-15
PM04343,CUST00761,UPI,GooglePay,2127,false,2023-11-12
PM04344,CUST05653,Credit Card,HDFC Bank,1307,true,2024-04-03
PM04345,CUST00490,UPI,BHIM,7239,true,2023-09-15
PM04346,CUST06489,Credit Card,ICICI Bank,8936,false,2024-09-24
PM04347,CUST01730,Credit Card,HDFC Bank,2063,true,2024-07-23
PM04348,CUST07031,Debit Card,ICICI Bank,5846,true,2025-01-09
PM04349,CUST08736,Credit Card,Axis Bank,6163,false,2023-06-18
PM04350,CUST05206,Net Banking,ICICI Bank,6172,true,2024-09-03
PM04351,CUST08756,Debit Card,HDFC Bank,0522,true,2025-07-28
PM04352,CUST06962,UPI,Paytm,8221,true,2025-03-13
PM04353,CUST08058,UPI,BHIM,9210,true,2024-10-02
PM04354,CUST03576,UPI,BHIM,3001,true,2023-06-21
PM04355,CUST03445,Credit Card,SBI,0833,true,2023-04-27
PM04356,CUST03505,UPI,PhonePe,8217,false,2024-10-04
PM04357,CUST07468,Credit Card,HDFC Bank,0894,true,2024-07-10
,CUST09056,UPI,Paytm,6481,true,2025-07-04
PM04359,CUST03504,UPI,BHIM,5319,true,2025-01-27
PM04360,CUST02614,UPI,PhonePe,9764,false,2025-04-24
PM04361,CUST06324,Credit Card,HDFC Bank,7282,true,2025-07-26
PM04362,CUST05304,UPI,Paytm,2448,true,2024-10-18
PM04363,CUST07005,UPI,BHIM,3459,false,2025-08-29
PM04364,CUST04895,UPI,GooglePay,3597,true,2025-07-01
PM04365,CUST04888,UPI,Paytm,5587,true,2025-07-22
PM04366,CUST04277,UPI,GooglePay,7198,true,2024-10-04
PM04367,CUST02226,Credit Card,ICICI Bank,7830,true,2024-08-01
PM04368,CUST09489,Debit Card,ICICI Bank,0316,true,
PM04369,CUST06451,UPI,PhonePe,0183,0,2024-01-23
PM04370,CUST07010,Credit Card,SBI,1996,true,2023-08-07
PM04371,CUST02925,UPI,BHIM,6625,true,2023-11-25
PM04372,CUST06543,Credit Card,ICICI Bank,8857,true,2025-04-08
PM04373,CUST08209,UPI,GooglePay,2119,true,2024-07-16
PM04374,CUST05090,Debit Card,HDFC Bank,4280,true,2024-03-19
PM04375,CUST08920,Credit Card,SBI,6576,false,2025-05-12
PM04376,CUST00762,UPI,PhonePe,3480,true,2025-01-04
PM04377,CUST07768,Net Banking,ICICI Bank,2462,true,2023-04-26
PM04378,CUST06555,UPI,GooglePay,3938,true,2025-02-10
PM04379,CUST07142,Debit Card,ICICI Bank,3226,true,2025-01-15
PM04380,CUST04204,UPI,PhonePe,4836,true,2023-11-18
PM04381,CUST08733,UPI,Paytm,8143,true,2024-11-17
PM04382,CUST08038,UPI,Paytm,6535,true,2025-01-10
PM04383,CUST01678,Credit Card,HDFC Bank,1766,true,2023-08-25
PM04384,CUST00623,UPI,GooglePay,5338,,2023-09-29
PM04385,CUST02867,UPI,BHIM,1544,true,2025-05-11
PM04386,CUST08625,Net Banking,SBI,6620,true,2025-07-13
PM04387,CUST09462,UPI,BHIM,9370,true,2023-05-15
PM04388,CUST05830,Debit Card,ICICI Bank,5028,true,2024-08-13
PM04389,CUST08461,UPI,GooglePay,8956,true,2023-12-08
PM04390,CUST02620,Credit Card,ICICI Bank,5992,false,2023-02-02
PM04391,CUST06875,Debit Card,ICICI Bank,1176,false,2023-05-26
PM04392,CUST05819,Credit Card,SBI,1799,true,2024-10-07
PM04393,CUST03257,Credit Card,ICICI Bank,3663,false,2023-08-13
PM04394,CUST06187,UPI,Paytm,2148,false,2025-04-04
PM04395,CUST07985,UPI,GooglePay,0142,true,2024-05-20
PM04396,CUST01727,Debit Card,SBI,7421,true,2025-06-30
PM04397,CUST05717,,BHIM,1119,true,2025-03-02
PM04398,CUST09478,Credit Card,Axis Bank,2854,true,2025-05-25
PM04399,CUST03957,UPI,Paytm,9563,true,2024-08-09
PM04400,CUST00025,Debit Card,SBI,6525,true,2024-05-22
PM04401,CUST02062,Net Banking,HDFC Bank,7300,true,2025-07-24
PM04402,CUST08122,UPI,GooglePay,5043,true,2025-04-11
PM04403,CUST01205,UPI,GooglePay,4111,true,2025-08-24
PM04404,,UPI,PhonePe,8755,FALSE,2023-09-06
PM04405,CUST09130,Debit Card,Axis Bank,,true,2023-03-01
PM04406,CUST09349,UPI,GooglePay,0916,false,2024-05-17
PM04407,CUST03355,Credit Card,SBI,2206,true,2024-08-29
PM04408,CUST04578,UPI,Paytm,0587,true,2025-04-03
PM04409,CUST02342,UPI,GooglePay,1995,true,2024-06-08
PM04410,CUST04699,Debit Card,SBI,7048,true,2024-02-14
PM04411,CUST06167,UPI,BHIM,0185,true,2023-01-23
PM04412,CUST03466,UPI,BHIM,1462,true,2023-09-01
PM04413,CUST09372,Debit Card,Axis Bank,2803,false,2025-05-03
PM04414,CUST06982,Net Banking,ICICI Bank,4319,true,2024-06-17
PM04415,CUST07983,Debit Card,HDFC Bank,7953,true,2023-09-26
PM04416,CUST08022,,HDFC Bank,1471,,2025-03-06
PM04417,CUST03310,UPI,BHIM,6118,true,2024-03-30
PM04418,CUST03556,Debit Card,HDFC Bank,5732,false,2025-08-09
PM04419,CUST06646,UPI,BHIM,3092,true,2023-06-30
PM04420,CUST00576,Debit Card,ICICI Bank,2862,0,2024-04-08
PM04421,CUST05695,Debit Card,SBI,5867,true,2024-02-10
PM04422,CUST01478,Debit Card,SBI,6373,true,2023-08-06
PM04423,CUST06083,Credit Card,HDFC Bank,7000,false,2024-03-17
PM04424,CUST01131,UPI,PhonePe,5782,true,2025-03-22
PM04425,CUST09658,UPI,GooglePay,7261,true,2024-01-22
PM04426,CUST04941,Credit Card,Axis Bank,8353,true,2023-04-16
PM04427,CUST08116,Debit Card,ICICI Bank,8298,true,2024-06-18
PM04428,CUST08079,Net Banking,SBI,0473,true,2024-08-25
PM04429,CUST09687,Debit Card,ICICI Bank,0567,false,2024-12-02
PM04430,CUST09881,UPI,GooglePay,5283,false,2023-03-03
PM04431,CUST08611,Credit Card,HDFC Bank,0399,true,2025-06-01
PM04432,CUST00251,UPI,Paytm,9665,false,2023-06-09
,CUST01685,Net Banking,ICICI Bank,6092,false,2025-09-20
PM04434,CUST05964,UPI,,8772,true,2024-03-30
PM04435,CUST04554,Debit Card,Axis Bank,7161,true,2023-12-21
PM04436,CUST07353,Net Banking,HDFC Bank,2939,false,2023-02-28
PM04437,CUST04200,UPI,GooglePay,8920,true,2023-11-18
PM04438,CUST01234,UPI,Paytm,8995,true,2023-04-12
PM04439,CUST06644,UPI,PhonePe,2103,false,2025-08-22
PM04440,CUST02231,Credit Card,Axis Bank,1108,false,2023-09-20
PM04441,CUST06606,Credit Card,ICICI Bank,6615,false,2024-12-27
PM04442,CUST00127,Credit Card,HDFC Bank,4454,false,2023-07-05
PM04443,CUST05335,Debit Card,SBI,5730,true,2025-08-19
PM04444,CUST01922,Net Banking,HDFC Bank,4572,true,2024-02-15
PM04445,CUST06433,UPI,GooglePay,6758,false,2024-11-14
PM04446,CUST07569,Debit Card,SBI,9415,true,2025-05-08
PM04447,CUST08730,Net Banking,SBI,3371,FALSE,2023-04-04
PM04448,CUST09271,Debit Card,HDFC Bank,6156,true,2025-09-04
,CUST04552,UPI,GooglePay,5681,true,2023-01-04
PM04450,CUST09364,Debit Card,SBI,2131,true,2023-08-05
PM04451,CUST01841,Credit Card,Axis Bank,6324,true,2023-04-02
PM04452,CUST00927,UPI,GooglePay,2833,true,2024-08-29
PM04453,CUST05077,Credit Card,ICICI Bank,7853,true,2024-01-15
PM04454,CUST05661,Debit Card,HDFC Bank,0776,true,2023-06-08
PM04455,CUST05296,UPI,PhonePe,4397,true,2024-06-11
PM04456,CUST03091,UPI,GooglePay,8002,false,2023-12-21
PM04457,CUST07032,UPI,,1479,true,2023-04-09
PM04458,CUST02016,UPI,GooglePay,0871,true,2024-03-02
PM04459,CUST04689,Debit Card,ICICI Bank,3607,true,2025-09-14
PM04460,CUST05522,Debit Card,HDFC Bank,8480,true,2024-05-17
PM04461,CUST03219,UPI,BHIM,7984,true,2025-07-05
PM04462,CUST06398,Credit Card,ICICI Bank,8564,true,2025-08-18
PM04463,CUST01672,Debit Card,HDFC Bank,1615,true,2024-11-18
PM04464,CUST05356,UPI,BHIM,0649,Yes,2025-07-18
PM04465,CUST05224,UPI,PhonePe,7380,true,2024-07-07
PM04466,CUST09280,UPI,Paytm,5520,false,2024-09-27
PM04467,CUST03791,UPI,PhonePe,4695,true,2024-11-05
PM04468,CUST02490,UPI,GooglePay,7875,true,2025-06-14
PM04469,CUST06846,Debit Card,SBI,7999,false,2023-10-02
PM04470,CUST09180,UPI,GooglePay,1925,true,2025-06-24
PM04471,CUST06794,Credit Card,Axis Bank,4229,true,2024-06-07
PM04472,CUST04621,UPI,PhonePe,8030,true,2024-02-14
PM04473,CUST02707,UPI,GooglePay,7780,true,2024-05-02
PM04474,CUST01234,UPI,PhonePe,7302,true,2024-07-04
PM04475,CUST01195,Debit Card,ICICI Bank,7524,false,2024-01-27
PM04476,CUST05984,UPI,BHIM,2129,true,2024-03-01
PM04477,CUST04466,Net Banking,HDFC Bank,4570,true,2023-09-21
PM04478,CUST01429,Net Banking,HDFC Bank,4212,true,2025-09-14
PM04479,CUST06570,UPI,Paytm,1810,true,2023-06-15
PM04480,CUST09770,UPI,BHIM,8820,true,2024-05-04
,CUST09048,UPI,PhonePe,7232,true,2025-03-20
PM04482,CUST04881,UPI,Paytm,8587,true,2023-05-19
PM04483,CUST09861,Debit Card,ICICI Bank,2320,false,2023-12-19
PM04484,CUST05101,UPI,PhonePe,7831,true,2024-07-18
PM04485,CUST04867,Net Banking,HDFC Bank,4972,true,2024-12-17
PM04486,CUST09903,UPI,BHIM,8878,true,2025-08-30
PM04487,CUST09575,UPI,PhonePe,6349,true,2024-03-06
PM04488,CUST09089,Debit Card,HDFC Bank,1777,false,2025-05-12
PM04489,CUST09289,Credit Card,Axis Bank,9520,true,2025-07-20
PM04490,CUST06630,Credit Card,SBI,6486,true,2024-06-12
PM04491,CUST00782,,BHIM,0143,true,2024-05-17
PM04492,CUST00681,Net Banking,HDFC Bank,2015,true,2023-11-04
PM04493,CUST04767,UPI,BHIM,3759,true,2024-05-04
PM04494,CUST08389,UPI,Paytm,2264,true,2024-12-24
PM04495,CUST00427,UPI,PhonePe,1161,true,2025-04-01
PM04496,CUST09776,Debit Card,ICICI Bank,8568,true,2023-03-20
PM04497,CUST04777,UPI,GooglePay,9025,false,2025-03-07
PM04498,CUST08603,UPI,GooglePay,8090,true,2024-12-19
PM04499,CUST02281,Debit Card,Axis Bank,7908,false,2025-08-31
PM04500,CUST09251,Debit Card,HDFC Bank,7306,true,2023-04-13
PM04501,CUST01439,UPI,Paytm,2165,true,2023-05-01
PM04502,CUST08233,Debit Card,ICICI Bank,8754,true,2023-01-02
PM04503,CUST08528,UPI,Paytm,8471,true,2025-05-20
PM04504,CUST02968,UPI,PhonePe,,false,2025-04-04
PM04505,CUST08460,Debit Card,HDFC Bank,7455,true,2023-10-15
PM04506,CUST02425,Credit Card,HDFC Bank,3355,true,2024-05-06
PM04507,CUST09863,UPI,GooglePay,4798,true,2023-09-15
PM04508,CUST06910,UPI,PhonePe,,true,2023-05-22
PM04509,CUST07827,Credit Card,HDFC Bank,2380,true,2023-05-10
PM04510,CUST00462,UPI,BHIM,7363,true,2024-04-15
PM04511,CUST07151,UPI,BHIM,6774,true,2023-04-26
PM04512,CUST06550,Debit Card,Axis Bank,6016,false,2023-06-02
PM04513,CUST07738,UPI,PhonePe,4630,true,2024-04-05
PM04514,CUST07336,Credit Card,ICICI Bank,9106,true,2023-11-23
PM04515,CUST09747,Net Banking,SBI,0006,,2025-07-14
PM04516,CUST08618,UPI,PhonePe,8415,true,2024-09-17
PM04517,CUST00963,Net Banking,SBI,4148,false,2023-10-28
PM04518,CUST07747,Credit Card,HDFC Bank,1157,true,2023-04-03
PM04519,CUST07888,UPI,BHIM,8668,true,2025-05-26
PM04520,CUST03991,UPI,GooglePay,0656,true,2023-02-25
PM04521,CUST05946,Net Banking,SBI,9965,true,2023-02-05
PM04522,CUST07318,Debit Card,ICICI Bank,5065,true,2023-01-21
PM04523,CUST08951,Credit Card,SBI,9261,true,2025-06-19
PM04524,CUST00255,UPI,BHIM,7577,true,2025-07-15
PM04525,CUST07398,Debit Card,HDFC Bank,3365,true,2023-12-30
,CUST09874,UPI,Paytm,3744,false,2024-05-07
PM04527,CUST05687,UPI,PhonePe,2975,true,2023-06-06
PM04528,CUST05422,UPI,BHIM,3557,true,2023-01-15
PM04529,CUST01483,Credit Card,HDFC Bank,2833,true,2024-12-22
PM04530,CUST06516,UPI,Paytm,7521,true,2025-09-03
PM04531,CUST08073,Credit Card,Axis Bank,0252,false,2025-05-19
PM04532,CUST05062,UPI,PhonePe,9980,true,2025-04-05
PM04533,CUST07471,UPI,PhonePe,3912,false,2023-11-07
PM04534,CUST05097,Net Banking,ICICI Bank,0807,true,2025-01-05
PM04535,,Credit Card,Axis Bank,1063,true,2024-05-18
PM04536,CUST05407,Credit Card,ICICI Bank,1821,true,2024-08-08
PM04537,CUST09327,UPI,Paytm,7318,true,2023-08-07
PM04538,CUST06333,Debit Card,ICICI Bank,8566,false,2024-06-28
PM04539,CUST09596,Credit Card,ICICI Bank,0262,true,2024-04-16
PM04540,CUST05634,Credit Card,SBI,4099,false,2023-01-30
PM04541,CUST09860,UPI,Paytm,8380,true,2023-01-08
PM04542,CUST09085,Debit Card,Axis Bank,,true,2023-03-28
PM04543,CUST02405,Debit Card,ICICI Bank,5790,true,2025-09-04
PM04544,CUST09100,Net Banking,HDFC Bank,2599,true,2025-06-16
PM04545,CUST09378,Net Banking,HDFC Bank,6753,false,2025-06-21
PM04546,CUST00656,Credit Card,SBI,9015,true,2025-03-04
PM04547,CUST03924,UPI,PhonePe,5488,true,2025-04-21
PM04548,CUST03445,UPI,Paytm,7141,false,2023-10-02
PM04549,CUST00372,UPI,GooglePay,5041,true,2024-09-13
PM04550,CUST09303,Debit Card,SBI,3994,false,2023-10-06
PM04551,CUST04141,UPI,,0408,false,2023-03-23
PM04552,CUST02056,Credit Card,HDFC Bank,5572,true,2025-01-15
PM04553,CUST08416,Credit Card,Axis Bank,0240,true,2023-12-12
PM04554,CUST05436,Net Banking,HDFC Bank,0858,true,2024-08-18
PM04555,CUST02677,Debit Card,HDFC Bank,7611,true,2025-09-01
,CUST00137,Net Banking,SBI,8024,true,2025-09-24
PM04557,CUST02054,Credit Card,SBI,6859,true,2025-05-25
PM04558,CUST02635,Net Banking,ICICI Bank,7600,true,2025-02-14
PM04559,CUST04132,Net Banking,HDFC Bank,3799,,2024-07-16
PM04560,CUST02528,UPI,GooglePay,2187,true,2024-07-28
PM04561,,UPI,Paytm,6972,false,2024-03-01
PM04562,CUST00173,Debit Card,SBI,7363,true,2023-02-22
PM04563,CUST06324,Net Banking,SBI,2318,true,2024-02-10
PM04564,CUST03328,Credit Card,SBI,4460,true,2024-06-02
PM04565,CUST05045,Credit Card,Axis Bank,9717,true,2024-08-23
PM04566,CUST09132,Net Banking,SBI,6319,false,2023-11-10
PM04567,CUST09862,UPI,GooglePay,8911,false,2024-05-06
PM04568,CUST07863,Debit Card,SBI,7492,true,2024-07-27
PM04569,CUST07847,Debit Card,HDFC Bank,6005,false,2023-09-19
PM04570,CUST06425,UPI,PhonePe,5688,true,2024-10-03
PM04571,CUST07881,Credit Card,Axis Bank,1280,true,2023-12-24
PM04572,CUST02938,UPI,GooglePay,,true,2024-03-04
PM04573,CUST05670,Credit Card,,7020,true,2024-06-22
PM04574,CUST02024,UPI,PhonePe,,true,2025-01-06
PM04575,CUST00804,Debit Card,Axis Bank,7875,true,2023-10-10
PM04576,CUST01942,UPI,GooglePay,8684,true,2024-07-02
PM04577,CUST05641,UPI,GooglePay,6285,true,2023-01-28
PM04578,CUST03331,Credit Card,SBI,7667,true,2024-05-20
PM04579,CUST01504,Debit Card,Axis Bank,8853,true,2023-05-19
PM04580,CUST01868,UPI,Paytm,3854,true,2023-05-03
PM04581,CUST08411,Credit Card,Axis Bank,2601,false,2023-08-20
PM04582,CUST06301,Credit Card,HDFC Bank,1736,true,2024-06-30
PM04583,CUST06441,Credit Card,Axis Bank,7047,true,2024-12-04
PM04584,CUST00262,Debit Card,Axis Bank,8522,true,2024-10-04
PM04585,CUST09257,Debit Card,Axis Bank,6720,true,2024-02-28
PM04586,CUST06496,Debit Card,SBI,5033,true,2023-06-01
,CUST00174,Credit Card,SBI,3268,true,2025-02-09
PM04588,CUST07275,UPI,GooglePay,4130,false,
PM04589,CUST07581,UPI,PhonePe,8378,false,2024-12-17
PM04590,CUST01430,Credit Card,HDFC Bank,4075,true,2023-01-15
PM04591,CUST01355,UPI,GooglePay,4731,true,2025-03-18
PM04592,CUST06500,UPI,Paytm,9541,Yes,2023-02-07
PM04593,CUST00056,Credit Card,Axis Bank,0253,true,2023-01-30
PM04594,CUST05366,Credit Card,ICICI Bank,5316,true,2024-01-20
PM04595,CUST00855,UPI,BHIM,3038,false,2024-09-19
PM04596,CUST06270,Debit Card,SBI,7691,true,2023-11-23
PM04597,CUST01786,UPI,Paytm,4652,TRUE,2024-03-27
PM04598,CUST03680,Debit Card,HDFC Bank,5678,false,2025-07-16
PM04599,CUST08761,UPI,Paytm,6499,true,2024-06-29
PM04600,CUST06256,UPI,BHIM,7065,false,2025-08-02
PM04601,CUST01773,UPI,BHIM,9059,true,2024-03-31
PM04602,CUST09994,Net Banking,HDFC Bank,9924,true,2025-06-06
PM04603,CUST04146,Credit Card,ICICI Bank,9747,true,2025-06-01
PM04604,CUST02998,Debit Card,SBI,0921,true,2025-06-30
PM04605,CUST07245,Credit Card,ICICI Bank,4002,false,2024-10-13
PM04606,CUST01688,Credit Card,HDFC Bank,4293,true,2023-08-21
PM04607,CUST04153,Credit Card,ICICI Bank,9760,true,2024-12-14
,CUST00935,Credit Card,SBI,3968,true,2025-08-01
PM04609,CUST02120,UPI,Paytm,8951,true,2023-11-15
PM04610,CUST05797,Credit Card,ICICI Bank,7798,false,2023-12-23
PM04611,CUST02793,Debit Card,ICICI Bank,5406,false,2025-01-07
,CUST00399,UPI,PhonePe,8883,true,2025-04-14
PM04613,CUST02119,Credit Card,Axis Bank,0297,true,2024-07-15
PM04614,CUST03871,UPI,BHIM,3457,true,2024-09-28
PM04615,CUST05754,Debit Card,ICICI Bank,5379,true,2025-06-02
PM04616,CUST09155,UPI,BHIM,4841,true,2023-10-13
PM04617,CUST06933,UPI,PhonePe,0273,true,2025-01-03
PM04618,CUST04948,UPI,PhonePe,8180,true,2024-01-05
PM04619,CUST01200,Net Banking,SBI,0627,true,2024-10-25
PM04620,CUST04097,Debit Card,SBI,1238,false,2023-02-28
PM04621,CUST05871,UPI,GooglePay,0296,true,2025-03-10
PM04622,CUST04505,Debit Card,ICICI Bank,5766,true,
PM04623,CUST05445,Debit Card,SBI,1466,,2025-06-19
PM04624,CUST06827,UPI,,1239,true,2024-05-21
PM04625,CUST04626,Debit Card,Axis Bank,0323,true,2025-07-11
PM04626,CUST03010,Net Banking,SBI,3565,true,2023-03-18
PM04627,CUST01487,UPI,Paytm,3437,No,2023-10-17
PM04628,CUST05242,Debit Card,HDFC Bank,0796,false,2024-01-14
PM04629,CUST09415,UPI,BHIM,5321,true,2023-01-08
PM04630,CUST06546,Debit Card,SBI,1648,true,2023-02-04
PM04631,CUST02873,Credit Card,HDFC Bank,1627,true,2025-06-13
PM04632,CUST03250,UPI,PhonePe,1044,true,2023-09-17
PM04633,CUST09867,UPI,Paytm,8666,true,2024-08-15
PM04634,CUST00326,Credit Card,Axis Bank,,false,2025-06-26
PM04635,,Debit Card,SBI,9211,true,2024-05-02
PM04636,CUST04004,UPI,BHIM,4379,false,2023-09-28
PM04637,CUST01698,UPI,GooglePay,6611,true,2025-08-20
PM04638,CUST09759,Credit Card,SBI,1230,true,2025-07-15
PM04639,CUST07859,Credit Card,Axis Bank,6576,true,2025-01-08
PM04640,CUST01693,UPI,GooglePay,6653,true,2025-01-07
PM04641,CUST05964,UPI,BHIM,2899,true,2024-05-03
PM04642,CUST05555,Debit Card,Axis Bank,0257,true,2025-05-05
,CUST09382,Credit Card,HDFC Bank,7160,true,2025-05-26
PM04644,CUST01148,UPI,PhonePe,4141,true,2024-04-08
PM04645,CUST01144,Credit Card,Axis Bank,1133,true,2025-02-11
PM04646,CUST02524,Debit Card,Axis Bank,4749,true,2023-12-30
,CUST04798,UPI,BHIM,1421,true,2025-09-19
PM04648,CUST07124,Credit Card,Axis Bank,9385,No,2023-12-10
PM04649,CUST08417,Debit Card,HDFC Bank,3541,true,2025-08-30
PM04650,CUST08705,Debit Card,ICICI Bank,8837,true,2023-11-12
PM04651,CUST00733,UPI,BHIM,7632,true,2023-02-17
PM04652,CUST07319,Debit Card,Axis Bank,0012,,2025-07-12
PM04653,CUST03876,Credit Card,Axis Bank,2603,true,2023-07-11
PM04654,CUST05621,UPI,BHIM,6255,true,2025-09-21
PM04655,CUST01568,Net Banking,ICICI Bank,6854,,2024-08-19
PM04656,CUST04852,Debit Card,SBI,5028,true,2025-02-20
PM04657,CUST09251,UPI,PhonePe,,false,2023-09-29
PM04658,CUST08220,Credit Card,HDFC Bank,7524,false,2024-04-30
PM04659,CUST04017,UPI,BHIM,2895,true,2024-12-15
PM08421,CUST00472,Credit Card,SBI,6707,true,2023-07-24
PM04661,CUST03261,Debit Card,SBI,0815,true,2025-06-15
PM04662,CUST03130,UPI,GooglePay,6168,false,2024-06-01
PM04663,CUST04363,Debit Card,HDFC Bank,8322,true,2025-02-16
PM04664,CUST08994,Debit Card,Axis Bank,5764,true,2023-05-10
PM04665,CUST05677,Net Banking,ICICI Bank,0193,,2023-10-18
PM04666,CUST02680,UPI,Paytm,2169,true,2023-08-07
PM04667,CUST05852,UPI,GooglePay,5708,true,2023-10-19
PM04668,CUST06331,Net Banking,HDFC Bank,6594,false,2023-03-29
PM04669,,Credit Card,ICICI Bank,8305,true,2023-03-24
PM04670,CUST08879,UPI,GooglePay,7787,true,2024-03-02
PM04671,CUST01928,Debit Card,HDFC Bank,0105,true,2025-09-05
PM04672,CUST07945,UPI,GooglePay,4041,true,2023-09-05
PM04673,CUST07107,Credit Card,Axis Bank,1673,true,2024-10-02
PM04674,CUST02483,Credit Card,HDFC Bank,9296,true,2024-01-13
PM04675,CUST09504,Net Banking,SBI,7251,true,2024-07-16
PM04676,CUST07496,Credit Card,SBI,1212,true,2023-03-27
PM04677,CUST05928,UPI,GooglePay,3468,true,2023-11-24
PM04678,CUST07168,Debit Card,Axis Bank,8178,true,2024-10-13
PM04679,CUST08474,Debit Card,HDFC Bank,9920,false,2025-08-30
PM04680,CUST06742,Credit Card,Axis Bank,1691,true,2024-05-07
PM04681,CUST09161,Debit Card,ICICI Bank,7053,true,2025-03-16
PM04682,CUST04016,UPI,BHIM,9856,true,2024-05-30
PM04683,CUST09994,UPI,BHIM,4230,true,2025-05-21
PM04684,CUST00720,Credit Card,HDFC Bank,7378,true,2025-01-05
PM04685,CUST02104,Credit Card,ICICI Bank,2220,true,2023-05-27
PM04686,CUST09746,Debit Card,Axis Bank,1999,false,2024-12-02
PM04687,CUST06160,Credit Card,HDFC Bank,7479,true,2024-01-08
PM04688,CUST00397,Credit Card,HDFC Bank,7874,true,2023-07-26
PM04689,CUST05452,Net Banking,HDFC Bank,7743,false,2023-08-27
PM04690,CUST09700,UPI,Paytm,1115,false,2023-08-15
PM04691,CUST07952,UPI,Paytm,4806,true,2025-04-15
PM04692,CUST06816,UPI,Paytm,6323,false,2025-05-25
PM04693,CUST02107,Debit Card,SBI,1922,true,2023-05-31
PM04694,CUST00198,Credit Card,SBI,3589,false,2025-08-30
PM04695,CUST05069,UPI,PhonePe,8063,true,2025-01-07
PM04696,CUST05954,UPI,BHIM,3998,true,2025-09-01
,CUST06245,Debit Card,Axis Bank,1216,true,2023-07-09
PM04698,CUST03212,UPI,Paytm,5146,true,2024-01-21
PM04699,CUST03614,Credit Card,SBI,8104,true,2025-03-17
PM04700,CUST00926,Credit Card,ICICI Bank,8281,true,2023-05-11
PM04701,CUST08257,Credit Card,HDFC Bank,6824,true,2023-03-09
PM04702,CUST04889,UPI,BHIM,9699,true,2025-05-03
PM04703,CUST06896,UPI,PhonePe,5998,true,2023-12-11
PM04704,CUST05242,UPI,PhonePe,2246,true,2024-09-13
PM04705,CUST07564,UPI,Paytm,5449,true,2023-09-16
PM04706,CUST02783,UPI,BHIM,1370,true,2025-05-28
PM04707,CUST03864,Debit Card,ICICI Bank,9062,false,2023-11-29
PM04708,CUST09101,Credit Card,Axis Bank,1827,true,2024-01-02
PM04709,CUST09092,UPI,PhonePe,4162,true,2025-07-24
PM04710,CUST01270,UPI,BHIM,2392,true,2025-01-05
PM04711,CUST08690,UPI,PhonePe,,true,2025-06-22
PM04712,CUST09224,UPI,Paytm,2950,true,2024-02-08
PM04713,CUST08382,UPI,PhonePe,8291,true,2024-12-18
PM04714,CUST02273,UPI,BHIM,2387,true,2024-11-11
PM04715,CUST08312,UPI,Paytm,4073,true,
PM04716,CUST09943,Debit Card,Axis Bank,9115,true,2023-08-04
PM04717,CUST02361,Debit Card,HDFC Bank,4136,true,2025-08-23
PM04718,CUST09079,UPI,GooglePay,2068,true,2023-09-23
PM04719,CUST07717,Net Banking,ICICI Bank,6116,true,2025-09-08
PM04720,CUST01037,UPI,PhonePe,1750,true,2024-09-16
,CUST00126,Net Banking,SBI,2217,true,2024-12-14
PM04722,CUST05889,UPI,GooglePay,7758,true,2023-05-16
PM04723,CUST02224,Credit Card,HDFC Bank,2104,false,2023-03-15
PM04724,CUST05453,Credit Card,SBI,4104,true,2023-04-23
PM04725,CUST06488,Debit Card,Axis Bank,5421,false,2023-12-10
PM04726,CUST02212,Debit Card,ICICI Bank,5229,true,2023-06-26
PM04727,CUST00590,Net Banking,ICICI Bank,5300,false,2024-05-09
PM04728,CUST03464,UPI,BHIM,1356,false,2023-11-24
PM04729,CUST02041,Debit Card,HDFC Bank,6684,true,2024-05-30
PM04730,CUST01473,UPI,GooglePay,6224,,2024-07-29
,CUST05215,UPI,PhonePe,1072,false,2023-08-26
PM04732,CUST04672,Credit Card,ICICI Bank,0208,true,2025-05-07
PM04733,CUST02836,UPI,BHIM,3884,false,2023-10-20
PM04734,CUST02526,Debit Card,HDFC Bank,7662,true,2023-07-14
PM04735,CUST01475,UPI,Paytm,5018,false,2024-01-08
PM04736,CUST08349,Debit Card,HDFC Bank,2889,true,2024-11-27
PM04737,CUST04686,Debit Card,HDFC Bank,4128,false,2023-01-22
PM04738,CUST04160,Debit Card,SBI,8039,true,2023-04-16
PM04739,CUST01810,UPI,BHIM,0599,true,2024-09-13
PM04740,CUST07406,UPI,Paytm,1849,true,2024-03-01
PM04741,CUST06399,Net Banking,HDFC Bank,0585,true,
PM04742,CUST00126,Credit Card,HDFC Bank,6395,true,2024-08-28
PM04743,CUST01427,Net Banking,HDFC Bank,6739,true,2024-01-04
PM04744,CUST02045,UPI,GooglePay,4368,true,2023-10-24
PM04745,CUST00195,Net Banking,ICICI Bank,2362,true,2024-03-05
PM04746,CUST06729,UPI,PhonePe,8670,true,2024-03-17
PM04747,CUST00517,Debit Card,HDFC Bank,6086,false,2023-06-23
PM06156,CUST07464,UPI,GooglePay,3644,true,2023-04-19
PM04749,CUST06863,UPI,GooglePay,6505,true,2024-06-18
PM04750,CUST00471,Credit Card,ICICI Bank,4261,true,2025-03-25
PM04751,CUST01026,UPI,Paytm,5623,false,2025-04-25
PM04752,CUST01569,UPI,GooglePay,1665,true,2023-08-31
PM04753,CUST07738,Debit Card,SBI,7439,true,2025-05-11
PM04754,CUST09983,UPI,GooglePay,6962,false,2025-09-21
PM04755,CUST09082,UPI,Paytm,9295,false,2024-10-27
PM04756,CUST03119,UPI,BHIM,5668,true,2025-07-14
PM04757,CUST09894,Credit Card,HDFC Bank,5530,false,2025-07-24
PM04758,CUST09703,Net Banking,ICICI Bank,6403,false,2023-03-08
PM04759,CUST00996,UPI,BHIM,6864,true,2024-03-05
PM04760,CUST03342,UPI,Paytm,8219,false,2024-03-30
PM04761,CUST03995,Net Banking,,9270,false,2023-07-15
PM04762,CUST08409,UPI,PhonePe,7603,true,2024-07-04
PM04763,CUST06019,Credit Card,SBI,0955,true,2023-05-16
PM04764,CUST07738,UPI,Paytm,8512,true,2023-05-15
PM04765,CUST09528,Debit Card,ICICI Bank,7697,true,2024-10-31
PM04766,CUST07769,UPI,Paytm,6200,,2024-10-25
PM04767,CUST01338,Credit Card,ICICI Bank,0689,true,2023-01-11
PM04768,CUST06525,UPI,GooglePay,6999,true,2023-06-03
PM04769,CUST07955,Net Banking,ICICI Bank,5791,true,2025-01-10
PM04770,CUST07550,Credit Card,Axis Bank,6844,true,2025-07-29
PM04771,CUST04465,Debit Card,HDFC Bank,7804,true,2024-08-30
PM04772,CUST05839,UPI,BHIM,2521,true,2025-07-26
PM04773,CUST01197,Debit Card,SBI,3791,true,
PM04774,CUST08753,Credit Card,HDFC Bank,3628,true,2025-09-11
PM04775,CUST02128,UPI,Paytm,6788,true,2025-01-04
PM04776,CUST02039,Debit Card,SBI,0657,true,2023-02-27
PM04777,CUST04466,Debit Card,HDFC Bank,8663,true,2025-07-21
PM04778,CUST02074,Net Banking,ICICI Bank,5290,true,2025-02-17
PM04779,CUST08500,Credit Card,HDFC Bank,0850,true,2024-04-01
PM04780,CUST08105,Debit Card,Axis Bank,3202,true,2023-08-11
PM04781,,Credit Card,ICICI Bank,7497,true,2025-06-01
PM04782,CUST04824,Net Banking,SBI,9787,false,2024-11-12
PM04783,CUST06212,UPI,PhonePe,9736,true,2023-06-02
PM04784,CUST08816,Debit Card,SBI,1989,true,2024-05-15
PM04785,CUST05326,UPI,BHIM,4823,true,
PM04786,CUST00855,UPI,GooglePay,3260,true,2025-04-04
PM04787,CUST03490,UPI,PhonePe,8085,false,2025-05-30
PM04788,CUST05495,UPI,BHIM,4841,false,2024-01-13
PM04789,CUST00563,UPI,GooglePay,3659,false,2023-01-23
PM04790,CUST00193,UPI,GooglePay,6570,true,2025-07-27
PM08238,CUST00154,Credit Card,HDFC Bank,2647,true,2023-02-06
PM04792,CUST03058,Net Banking,SBI,5330,true,2024-09-17
PM04793,CUST02000,Debit Card,HDFC Bank,7250,true,2025-04-30
PM04794,CUST00834,Debit Card,Axis Bank,6236,true,2024-12-05
PM04795,CUST07928,Debit Card,ICICI Bank,5653,true,2025-06-13
PM04796,CUST03416,Debit Card,ICICI Bank,3732,true,2024-05-01
PM04797,CUST06212,UPI,GooglePay,8362,true,2024-11-27
PM04798,CUST02620,UPI,PhonePe,5821,true,2024-08-18
PM04799,CUST02241,Net Banking,HDFC Bank,3257,true,2025-08-20
PM04800,CUST01161,Net Banking,SBI,3504,true,2025-02-17
PM04801,CUST01766,Net Banking,ICICI Bank,9481,false,2025-08-03
PM04802,CUST07256,Credit Card,SBI,4417,true,2023-05-19
PM04803,CUST07712,UPI,PhonePe,4152,true,2025-06-20
PM04804,CUST06246,Credit Card,ICICI Bank,3169,true,2024-01-31
PM04805,CUST00999,Net Banking,HDFC Bank,4325,false,2024-01-14
PM04806,CUST03397,Debit Card,HDFC Bank,6204,false,2025-04-13
PM04807,CUST01930,Credit Card,HDFC Bank,4192,true,2025-08-23
PM04808,CUST07611,Credit Card,ICICI Bank,1575,true,2023-09-25
PM04809,CUST07083,Credit Card,HDFC Bank,5260,false,2024-01-24
PM02405,CUST06509,UPI,BHIM,2958,true,2025-03-22
PM04811,CUST06144,UPI,GooglePay,0790,true,2024-11-20
PM04812,CUST05900,Debit Card,ICICI Bank,4489,false,2024-04-21
PM04813,CUST02419,Debit Card,HDFC Bank,4708,false,2024-01-16
PM04814,CUST03710,Net Banking,HDFC Bank,3443,true,2025-01-26
PM04815,CUST00474,UPI,BHIM,4432,true,2023-04-27
PM04816,CUST09441,UPI,PhonePe,3869,true,2023-02-07
PM04817,CUST04522,UPI,BHIM,4132,false,2023-12-17
PM04818,CUST08667,Credit Card,ICICI Bank,5464,true,2025-04-26
PM04819,CUST00328,UPI,Paytm,2471,true,2023-08-14
PM04820,CUST04509,Net Banking,HDFC Bank,2340,true,2024-11-01
PM04821,CUST00910,UPI,PhonePe,9791,true,2025-05-31
PM04822,CUST02648,UPI,BHIM,6553,true,2023-04-27
PM04823,CUST02121,UPI,GooglePay,5738,true,2023-07-30
PM04824,CUST09657,UPI,Paytm,4394,false,2023-03-13
PM04825,CUST07811,Credit Card,ICICI Bank,4581,false,2024-03-13
PM04826,CUST01692,Net Banking,ICICI Bank,3499,true,2024-04-02
PM04827,CUST07689,UPI,Paytm,6294,false,2025-08-12
PM04828,CUST01489,Debit Card,HDFC Bank,3018,true,2025-09-02
PM04829,CUST01588,UPI,BHIM,5114,true,2024-05-22
PM04830,CUST09243,UPI,GooglePay,9795,true,2023-07-20
PM04831,CUST06745,UPI,GooglePay,1083,true,2025-08-28
PM04832,CUST00031,Credit Card,HDFC Bank,2522,false,2024-07-10
PM04833,CUST02092,Net Banking,HDFC Bank,5493,true,2025-08-12
PM04834,CUST07245,UPI,BHIM,5012,true,2025-08-05
,CUST07678,UPI,Paytm,7432,true,2024-01-10
PM04836,CUST08888,Credit Card,HDFC Bank,8614,false,2024-01-18
PM04837,CUST08284,Credit Card,Axis Bank,3163,true,2023-01-07
PM04838,CUST06797,Debit Card,SBI,2908,true,2023-09-21
PM04839,CUST07997,UPI,Paytm,0989,true,2025-05-04
PM04840,CUST03214,Credit Card,HDFC Bank,1612,false,2025-06-08
PM04841,CUST04994,Net Banking,ICICI Bank,7897,true,2024-06-16
PM04842,,UPI,Paytm,9084,true,2023-01-19
PM04843,CUST05796,Debit Card,ICICI Bank,3128,true,2024-06-04
PM04844,CUST02956,Credit Card,SBI,4998,false,2025-04-07
PM04845,CUST01648,Debit Card,ICICI Bank,4254,false,2024-08-28
PM04846,CUST03930,Credit Card,SBI,0619,true,2024-05-28
PM04847,CUST07766,Debit Card,HDFC Bank,2948,true,2024-07-03
PM04848,CUST06911,Debit Card,SBI,4764,false,2025-04-01
PM04849,CUST07048,UPI,GooglePay,6299,true,2025-04-08
PM04850,CUST05389,UPI,PhonePe,8202,true,2025-06-12
PM04851,CUST01411,Debit Card,HDFC Bank,2666,,2023-02-04
PM04852,CUST00057,UPI,GooglePay,6238,false,2025-03-14
PM04853,CUST06628,UPI,Paytm,8898,true,2023-01-18
PM04854,CUST07509,Debit Card,,6129,true,2025-09-08
PM04855,CUST03691,Debit Card,HDFC Bank,3040,false,2025-07-01
PM04856,CUST01141,UPI,GooglePay,7644,false,2025-07-13
PM04857,CUST06917,Credit Card,HDFC Bank,3711,true,2024-05-31
PM04858,CUST05756,UPI,Paytm,0289,true,2023-06-08
PM04859,CUST00013,Net Banking,SBI,2301,true,2024-11-13
PM04860,CUST07289,UPI,PhonePe,1547,true,2024-10-21
PM04861,CUST07668,UPI,Paytm,7739,false,2023-10-16
PM04862,CUST03778,Credit Card,ICICI Bank,4626,true,2025-04-14
PM04863,CUST03954,Credit Card,Axis Bank,2878,true,2025-01-09
PM04864,CUST05417,UPI,GooglePay,2294,true,2023-10-09
PM04865,CUST00956,Debit Card,Axis Bank,9983,true,2025-05-27
PM04866,CUST03733,UPI,PhonePe,1657,true,2025-01-12
PM04867,CUST00049,UPI,BHIM,5048,true,2023-05-30
PM04868,CUST01137,UPI,BHIM,8354,false,2024-07-21
PM04869,CUST04855,Debit Card,ICICI Bank,2899,false,2024-06-12
PM04870,CUST06189,Credit Card,Axis Bank,2134,false,2025-05-06
PM04871,CUST07170,Credit Card,Axis Bank,4386,true,2023-11-08
PM04872,CUST01135,UPI,BHIM,4582,true,2024-04-29
PM04873,CUST00762,Credit Card,HDFC Bank,8830,true,2024-03-05
PM04874,CUST01304,UPI,PhonePe,0062,true,2025-01-24
PM04875,CUST04488,Debit Card,SBI,1785,true,2025-07-23
PM04876,CUST00737,UPI,GooglePay,9477,true,2023-06-30
PM04877,CUST03634,UPI,Paytm,1294,true,2024-12-15
PM04878,CUST05721,Debit Card,Axis Bank,2236,true,2025-07-11
PM04879,CUST06528,Net Banking,HDFC Bank,9412,true,2023-08-01
PM04880,CUST07542,UPI,GooglePay,5157,true,2025-02-15
PM04881,CUST05248,UPI,GooglePay,8809,false,2024-03-30
PM04882,CUST03801,UPI,PhonePe,1875,true,2025-04-07
PM04883,CUST04563,UPI,Paytm,0984,true,2024-12-09
PM04884,CUST06742,UPI,BHIM,1308,true,2024-02-28
PM04885,,Net Banking,HDFC Bank,6122,true,2024-05-16
PM04886,CUST06463,UPI,GooglePay,1684,false,2023-06-16
PM04887,CUST07621,Net Banking,SBI,1429,true,2023-11-21
PM04888,CUST09226,Net Banking,SBI,3725,false,2024-12-20
PM04889,CUST01012,Credit Card,Axis Bank,2655,true,2024-09-23
PM04890,CUST04767,UPI,Paytm,1368,true,2023-02-11
PM04891,CUST09483,Debit Card,SBI,2873,true,2023-02-19
PM04892,CUST06526,Debit Card,Axis Bank,2799,true,2023-07-29
PM04893,CUST01638,UPI,Paytm,1536,true,2025-08-01
PM04894,CUST07683,UPI,Paytm,5313,TRUE,2025-05-27
PM04895,CUST08789,UPI,GooglePay,5706,false,2024-06-21
PM04896,CUST09285,Debit Card,SBI,4561,true,2024-08-30
PM04897,CUST09300,Net Banking,SBI,2367,true,2023-08-13
PM04898,CUST04452,UPI,GooglePay,0009,true,2025-07-12
PM04899,CUST02140,UPI,Paytm,4774,true,2025-03-07
PM04900,CUST03819,UPI,Paytm,1121,true,2023-07-24
PM04901,CUST06825,UPI,Paytm,9811,true,2023-10-23
PM04902,CUST04024,Credit Card,HDFC Bank,0219,true,2024-05-21
PM04903,CUST07941,Debit Card,Axis Bank,2250,true,2023-01-15
PM04904,CUST00726,Debit Card,Axis Bank,0886,true,2023-03-16
PM00452,CUST09227,UPI,Paytm,4856,true,2023-02-08
PM04906,CUST08059,UPI,BHIM,1605,true,2025-08-24
PM04907,CUST06359,UPI,GooglePay,2772,false,2025-02-11
PM04908,CUST09788,UPI,PhonePe,7679,true,2024-06-14
PM04909,CUST07407,UPI,Paytm,8167,true,2024-05-25
PM04910,CUST03225,UPI,BHIM,2516,1,2024-08-18
PM04911,CUST07111,Credit Card,Axis Bank,3898,true,2024-02-13
PM04912,CUST08822,Credit Card,ICICI Bank,9937,false,2024-06-18
PM04913,CUST00455,Debit Card,SBI,0224,true,2025-03-30
PM04914,CUST02082,UPI,GooglePay,6868,false,2025-06-29
PM04915,CUST03679,UPI,Paytm,0949,true,2024-06-06
PM04916,CUST08974,UPI,PhonePe,5181,true,2023-12-28
PM04917,CUST04840,UPI,PhonePe,5125,true,2025-09-26
PM04918,CUST05767,UPI,GooglePay,2241,true,2023-09-27
PM04919,CUST05851,UPI,Paytm,8559,true,2023-11-24
PM04920,CUST00940,UPI,GooglePay,2507,true,2023-04-07
PM04921,CUST04963,UPI,Paytm,8512,true,2023-05-21
PM04922,CUST04608,Debit Card,Axis Bank,1873,false,2024-06-26
PM04923,CUST01700,UPI,PhonePe,5969,true,
PM04924,CUST09204,UPI,Paytm,8613,true,2024-10-02
PM04925,CUST09904,UPI,Paytm,4904,true,2025-09-15
PM04926,CUST06180,Credit Card,HDFC Bank,7505,false,2025-06-06
PM04927,CUST02599,Net Banking,SBI,4602,true,2025-02-18
PM04928,CUST07552,UPI,BHIM,3543,true,2023-05-19
PM04929,CUST08395,Credit Card,Axis Bank,6118,true,2024-02-10
PM04930,CUST00123,Net Banking,HDFC Bank,3443,true,2023-03-11
PM04931,CUST05304,Net Banking,ICICI Bank,2359,true,2025-03-29
PM04932,CUST08337,UPI,BHIM,9109,false,2024-12-29
PM04933,CUST07554,UPI,Paytm,2306,true,2023-08-15
PM04934,CUST00677,UPI,PhonePe,3532,true,2025-01-05
PM04935,CUST06677,Debit Card,ICICI Bank,2419,true,2023-04-30
PM04936,CUST05293,UPI,PhonePe,4555,false,2024-02-01
PM04937,CUST02148,UPI,Paytm,7167,true,2024-10-31
PM04938,CUST05675,Debit Card,Axis Bank,1717,true,2023-10-08
PM04939,CUST07874,Net Banking,ICICI Bank,1357,true,2025-06-10
PM04940,CUST04173,Net Banking,SBI,2465,false,2024-07-19
PM04941,CUST09833,Debit Card,Axis Bank,2719,true,2023-01-04
,CUST09587,Debit Card,HDFC Bank,4024,true,2025-05-25
PM04943,CUST06382,UPI,Paytm,0224,true,2023-01-20
PM04944,CUST02629,Debit Card,ICICI Bank,9622,true,2024-08-10
PM04945,CUST02315,UPI,Paytm,5379,true,2023-02-22
PM04946,CUST00005,Debit Card,HDFC Bank,3134,true,2024-12-14
PM04947,CUST08824,UPI,PhonePe,2713,true,2023-10-18
PM04948,CUST06382,UPI,GooglePay,1171,true,2025-06-24
PM04949,CUST09352,Credit Card,Axis Bank,9123,true,2024-10-18
PM04950,CUST05272,Debit Card,ICICI Bank,0149,true,2023-02-26
PM04951,CUST03925,UPI,GooglePay,7173,true,2023-08-11
PM04952,CUST06003,UPI,PhonePe,3456,true,2023-07-19
PM04953,CUST04752,UPI,BHIM,6732,false,2024-08-20
PM04954,CUST04635,UPI,Paytm,8962,true,2025-02-11
PM04955,CUST09368,Debit Card,HDFC Bank,7134,true,2023-10-31
PM04956,CUST02206,Credit Card,SBI,5605,false,2024-05-30
PM04957,CUST04884,Debit Card,SBI,4820,true,2024-12-27
PM04958,CUST03908,,GooglePay,9689,true,2025-09-02
PM04959,CUST08143,UPI,Paytm,6426,false,2024-09-24
PM04960,CUST01014,UPI,PhonePe,7140,true,2025-08-05
PM04961,CUST02219,Credit Card,Axis Bank,3844,true,2024-12-21
PM04962,CUST06603,Debit Card,SBI,3943,true,2024-03-01
PM04963,CUST08136,Debit Card,Axis Bank,2098,true,2025-06-26
PM04964,CUST09116,UPI,GooglePay,5809,true,2023-09-21
PM04965,CUST08087,UPI,BHIM,3772,true,2023-06-20
PM04966,CUST07365,UPI,PhonePe,4506,No,2023-08-15
PM04967,CUST03733,UPI,BHIM,7274,true,2024-01-26
PM04968,CUST04656,UPI,GooglePay,5198,true,2023-03-12
PM04969,CUST04774,UPI,PhonePe,4685,true,2025-02-20
PM04970,CUST07775,Debit Card,ICICI Bank,,true,2023-11-04
PM04971,CUST07196,UPI,Paytm,1374,true,2025-03-14
PM04972,CUST04030,Credit Card,Axis Bank,7456,true,2023-01-12
PM04973,CUST09372,Net Banking,SBI,,true,2025-05-14
PM04974,CUST05968,UPI,Paytm,8385,true,2024-11-08
PM04975,CUST06212,Debit Card,Axis Bank,1782,true,2023-12-21
PM04976,CUST09320,Debit Card,Axis Bank,6886,true,2023-03-11
PM04977,CUST09121,Credit Card,SBI,5097,true,2023-09-24
PM04978,CUST02406,UPI,PhonePe,7737,true,2025-02-26
PM04979,CUST09512,Debit Card,Axis Bank,4607,false,2024-08-22
PM04980,CUST00384,Debit Card,ICICI Bank,2492,false,2024-03-30
PM04981,CUST02706,Credit Card,SBI,0220,true,2025-03-22
PM04982,CUST05300,Credit Card,Axis Bank,5816,true,2024-11-05
PM04983,CUST06193,UPI,,7216,true,2025-08-02
PM04984,CUST00376,Credit Card,SBI,6576,true,2023-07-31
PM04985,CUST00753,Debit Card,Axis Bank,6843,true,2025-01-20
PM04986,CUST00918,UPI,Paytm,2317,true,
PM04987,CUST07214,,ICICI Bank,7071,true,2024-10-05
PM04988,CUST00039,UPI,PhonePe,4170,false,2024-02-15
PM04989,CUST07628,UPI,PhonePe,6657,true,2025-02-12
PM04990,CUST03374,Credit Card,HDFC Bank,6116,true,2023-06-25
PM04991,CUST04377,Credit Card,ICICI Bank,8989,true,2024-05-14
PM04992,CUST07295,Debit Card,HDFC Bank,2023,false,2023-02-15
PM04993,CUST08476,Credit Card,ICICI Bank,9288,false,2024-07-08
PM04994,CUST01818,Debit Card,Axis Bank,2240,true,2023-06-28
PM04995,CUST09328,Debit Card,HDFC Bank,9900,true,2024-02-19
PM04996,CUST05543,UPI,PhonePe,3747,true,2024-09-21
PM04997,CUST02273,Net Banking,SBI,4519,true,2023-07-09
PM04998,CUST04499,UPI,PhonePe,9941,true,2023-12-10
PM04999,CUST08241,Debit Card,ICICI Bank,8303,true,2023-08-31
PM05000,CUST05455,UPI,BHIM,9678,true,2023-03-06
PM05001,CUST07047,UPI,Paytm,1619,true,2023-09-09
PM05002,CUST04173,Credit Card,Axis Bank,0833,true,2025-01-24
PM05003,CUST02820,Net Banking,ICICI Bank,6699,true,2024-03-29
PM05004,CUST04509,UPI,GooglePay,4973,true,2024-01-21
PM05005,CUST01581,Debit Card,HDFC Bank,3239,false,2025-05-09
PM05006,CUST06234,UPI,GooglePay,2744,true,2023-02-23
PM05007,CUST00837,UPI,BHIM,2069,true,2024-12-05
PM05008,CUST03450,Credit Card,Axis Bank,1999,TRUE,2024-07-07
PM05009,CUST04288,Net Banking,SBI,2122,true,2023-04-08
PM05010,CUST07380,UPI,GooglePay,1084,true,2023-04-25
PM05011,CUST00305,UPI,PhonePe,0987,true,2023-06-29
PM05012,CUST08445,UPI,PhonePe,5981,false,2023-10-10
PM05013,CUST02261,UPI,PhonePe,0139,true,2023-04-16
PM06049,CUST06766,UPI,Paytm,5340,true,2025-07-10
PM05015,CUST08467,UPI,BHIM,2594,true,2025-06-05
PM05016,CUST00248,UPI,GooglePay,9141,true,2024-08-24
PM05017,CUST09411,UPI,GooglePay,5208,true,2024-01-10
PM05018,CUST01986,UPI,PhonePe,5606,false,2023-03-25
PM05019,CUST00278,UPI,Paytm,6144,true,2024-02-17
PM05020,CUST02639,UPI,GooglePay,5336,true,2023-12-12
PM05021,CUST04909,UPI,GooglePay,2958,false,2023-06-17
PM05022,CUST09298,Debit Card,SBI,7106,true,2024-02-13
PM05023,CUST07686,UPI,Paytm,7008,true,2024-08-20
PM05024,CUST01157,Debit Card,ICICI Bank,9404,false,2025-06-04
PM05025,CUST09817,Credit Card,Axis Bank,8608,true,2025-02-27
PM05026,CUST03135,UPI,GooglePay,2407,true,2023-05-11
PM05027,CUST05474,Debit Card,HDFC Bank,6322,true,2024-04-04
PM05028,CUST02874,UPI,Paytm,1080,true,2025-07-05
PM05029,CUST06083,Credit Card,HDFC Bank,9047,true,2023-09-26
PM05030,CUST05771,Credit Card,HDFC Bank,4550,false,2025-08-22
PM05031,CUST06981,Credit Card,ICICI Bank,6402,true,2023-09-25
,CUST06822,UPI,BHIM,2944,true,2025-01-07
PM05033,CUST01174,UPI,BHIM,6539,true,2023-02-28
PM05034,CUST06609,Debit Card,HDFC Bank,5721,true,2024-06-25
PM05035,CUST04064,Net Banking,ICICI Bank,6310,false,2024-04-01
PM05036,CUST03217,Debit Card,Axis Bank,3670,false,2025-02-18
PM05037,CUST00935,UPI,PhonePe,0281,true,2024-08-28
PM05038,CUST07764,UPI,Paytm,5740,true,2024-06-01
PM05039,CUST07195,Credit Card,HDFC Bank,2363,true,2023-02-01
PM05040,CUST07929,UPI,GooglePay,1638,true,2025-06-11
PM05041,CUST08872,Credit Card,Axis Bank,1112,true,2023-01-25
PM05042,CUST04224,,SBI,,true,2025-07-09
PM05043,CUST07377,Net Banking,ICICI Bank,9576,true,2023-01-31
PM05044,CUST09438,UPI,Paytm,5649,true,2024-06-11
PM05045,CUST01559,UPI,BHIM,8150,true,2024-07-07
PM05046,CUST09604,UPI,GooglePay,9174,false,2025-01-09
PM05047,CUST09137,Net Banking,,1274,true,2024-09-12
PM05048,CUST04018,Debit Card,ICICI Bank,6612,true,2025-04-08
PM05049,CUST05954,Debit Card,HDFC Bank,4791,true,2025-04-27
PM05050,CUST01451,Credit Card,SBI,7812,true,2024-11-19
PM05051,CUST09596,UPI,Paytm,0021,false,2023-01-25
PM05052,CUST05405,UPI,GooglePay,7795,true,2023-11-09
PM05053,CUST00407,Debit Card,Axis Bank,8088,true,2025-07-13
PM05054,CUST07438,UPI,PhonePe,3758,true,2023-06-17
PM05055,CUST04270,UPI,GooglePay,2917,false,2024-07-03
PM05056,CUST01542,Debit Card,Axis Bank,4076,true,2025-04-11
PM05057,CUST05690,UPI,PhonePe,9817,false,2023-08-08
PM05058,CUST04564,Net Banking,SBI,9849,true,2023-08-29
PM05059,CUST04280,UPI,PhonePe,0547,true,2025-03-17
PM05060,CUST05043,Debit Card,HDFC Bank,1020,false,2023-11-25
PM05061,CUST06607,Credit Card,ICICI Bank,8805,true,2024-11-30
PM05062,CUST04115,UPI,BHIM,9030,true,2023-06-08
PM05063,CUST01136,,BHIM,9330,true,2023-05-01
PM05064,CUST04124,Credit Card,ICICI Bank,6735,false,2023-05-20
PM05065,CUST09799,Credit Card,Axis Bank,8157,true,2023-12-10
PM05066,CUST01225,UPI,Paytm,4405,false,2023-02-04
PM05067,CUST07408,UPI,BHIM,6928,true,2023-02-01
PM05068,CUST03197,UPI,GooglePay,7486,true,2025-03-17
PM05069,CUST08971,UPI,Paytm,1647,true,2024-01-02
PM05070,CUST08941,UPI,PhonePe,5282,true,2023-12-20
PM05071,CUST08924,Credit Card,Axis Bank,1229,true,2025-05-17
PM05072,CUST03731,UPI,Paytm,6571,true,2023-05-11
PM05073,CUST03196,UPI,GooglePay,2320,true,2025-03-04
PM05074,CUST05643,UPI,Paytm,0162,true,2024-06-17
PM05075,CUST04016,Debit Card,ICICI Bank,4437,true,2025-03-27
PM05076,CUST00342,UPI,GooglePay,4137,true,2024-10-21
PM05077,CUST01304,UPI,GooglePay,5737,false,2024-04-28
PM05078,CUST07292,Credit Card,HDFC Bank,3102,true,
PM05079,CUST00064,Credit Card,HDFC Bank,6271,,2025-01-23
PM05080,CUST05679,Debit Card,ICICI Bank,7201,true,2025-02-10
PM05081,CUST00949,UPI,Paytm,0048,true,2024-11-10
PM05082,CUST04756,Credit Card,Axis Bank,6938,true,2024-11-28
PM05083,CUST03560,,ICICI Bank,,true,2023-03-19
PM05084,CUST09366,Net Banking,HDFC Bank,1173,false,2023-09-10
PM05085,CUST05933,UPI,PhonePe,4648,false,2024-04-13
PM05086,CUST00601,UPI,GooglePay,0148,true,2025-08-30
PM05087,CUST03646,UPI,BHIM,4942,true,2023-01-14
PM05088,CUST02816,Debit Card,ICICI Bank,8838,true,2024-05-09
PM05089,CUST09639,UPI,PhonePe,6421,false,2024-05-01
PM05090,CUST09542,UPI,GooglePay,4892,false,2024-05-14
PM05091,CUST00975,UPI,PhonePe,3368,true,2024-10-27
PM05092,CUST08487,UPI,,8332,false,2023-01-23
PM05093,CUST09564,Debit Card,SBI,4127,true,2025-04-15
PM05094,CUST03258,Net Banking,ICICI Bank,7395,true,2023-09-10
PM05095,CUST06091,Credit Card,HDFC Bank,1397,true,2024-10-29
PM05096,CUST04484,UPI,PhonePe,4369,true,2023-04-21
PM05097,CUST02595,,PhonePe,1582,true,2024-08-19
PM05098,CUST07761,UPI,PhonePe,0535,true,2023-07-26
PM05099,CUST01596,UPI,Paytm,6738,true,2024-09-26
PM05100,CUST06838,UPI,Paytm,2936,true,2023-11-17
PM05101,CUST07124,UPI,Paytm,8060,true,2024-02-12
PM05102,CUST05624,UPI,BHIM,9715,true,2025-02-07
PM05103,CUST03521,Debit Card,HDFC Bank,0072,false,2025-06-13
PM05104,CUST02567,UPI,BHIM,2357,false,2023-04-21
PM05105,CUST01350,UPI,Paytm,8289,false,2024-12-27
PM05106,CUST05386,Debit Card,ICICI Bank,6209,false,2025-07-27
PM05107,CUST07471,UPI,PhonePe,4871,false,2024-09-25
,CUST04870,UPI,Paytm,1761,true,2023-07-24
PM05109,CUST04789,UPI,PhonePe,1169,true,2024-11-07
PM05110,CUST07186,UPI,BHIM,5725,true,2023-04-17
PM05111,CUST05144,Debit Card,ICICI Bank,9424,true,2023-06-25
,CUST02326,Net Banking,HDFC Bank,5152,,2025-04-04
PM05113,CUST01059,UPI,GooglePay,0448,true,2025-05-12
PM05114,CUST09008,Debit Card,SBI,9489,true,2023-04-28
PM05115,CUST06208,Credit Card,ICICI Bank,3420,true,2024-11-23
PM05116,CUST04963,UPI,PhonePe,9325,true,2023-10-07
PM05117,CUST06591,UPI,BHIM,7716,true,2024-08-08
PM05118,CUST06166,UPI,Paytm,9454,true,2024-02-22
PM05119,CUST09650,Debit Card,SBI,9696,false,2025-04-17
PM05120,CUST06291,Debit Card,SBI,7215,true,2024-04-10
PM05121,CUST04029,UPI,Paytm,0997,true,2025-06-26
PM05122,CUST05426,UPI,Paytm,9259,true,2024-08-14
PM05123,CUST01145,UPI,GooglePay,4160,true,2023-07-08
PM05124,CUST03955,Debit Card,HDFC Bank,0547,true,2025-03-28
PM05125,CUST08405,Credit Card,ICICI Bank,8721,true,2024-08-09
PM05126,CUST05443,Net Banking,HDFC Bank,4464,true,2024-02-09
PM05127,CUST09375,UPI,BHIM,4669,true,2023-01-24
PM05128,CUST02386,UPI,Paytm,0595,true,2023-05-27
PM05129,CUST06454,Debit Card,HDFC Bank,,true,2024-08-10
PM05130,CUST08592,UPI,PhonePe,9878,true,2024-09-18
PM05131,CUST09968,UPI,GooglePay,2897,false,2024-12-06
PM05132,CUST05839,UPI,GooglePay,8158,true,2024-12-28
PM05133,CUST01949,Credit Card,ICICI Bank,7856,true,2023-05-30
PM05134,CUST04636,Debit Card,Axis Bank,7426,true,2023-03-04
PM05135,CUST06318,UPI,PhonePe,8050,true,2025-07-14
PM05136,CUST04675,UPI,BHIM,9800,true,2025-02-19
PM05137,CUST04426,Debit Card,SBI,6701,true,2023-03-16
PM05138,CUST04610,Net Banking,SBI,7945,true,2025-07-18
PM05139,,Net Banking,HDFC Bank,2344,true,2025-03-15
PM05140,CUST02780,UPI,Paytm,5106,false,
PM05141,CUST00866,Debit Card,SBI,6653,true,2025-02-24
PM05142,CUST09955,Credit Card,SBI,8651,true,2023-10-10
PM05143,CUST07539,Credit Card,Axis Bank,0067,false,2024-04-22
PM05144,CUST00118,Credit Card,SBI,2872,true,2024-01-10
PM05145,CUST01418,Debit Card,Axis Bank,1594,true,2024-03-15
PM05146,CUST03601,Debit Card,Axis Bank,1873,true,2024-03-11
PM05147,CUST04870,Credit Card,SBI,1312,true,2024-05-09
PM05148,CUST09227,Debit Card,SBI,3383,true,2023-07-10
PM02105,CUST00317,Credit Card,SBI,9308,false,2023-05-30
PM05150,CUST06748,UPI,BHIM,4039,true,2025-07-06
PM05151,CUST07297,UPI,PhonePe,9453,false,2024-01-13
PM09766,CUST00864,Credit Card,HDFC Bank,6769,true,2024-03-31
PM05153,CUST07762,UPI,BHIM,0224,true,2025-06-27
PM05154,CUST06166,Debit Card,ICICI Bank,2315,false,2025-02-01
PM05155,CUST00212,Credit Card,Axis Bank,5497,false,2025-08-21
PM05156,CUST09056,Net Banking,ICICI Bank,8384,true,2025-08-25
PM05157,CUST04213,UPI,GooglePay,4237,true,2024-02-27
PM05158,CUST00242,Debit Card,ICICI Bank,8793,true,2024-06-03
PM05159,CUST01292,UPI,Paytm,5266,1,2024-06-05
,CUST03159,UPI,PhonePe,3757,false,2024-06-06
PM05161,CUST05360,UPI,GooglePay,1515,false,2025-06-25
PM05162,CUST06201,Debit Card,ICICI Bank,4482,false,2024-10-21
PM05163,,Credit Card,ICICI Bank,4404,true,2023-09-28
PM05164,CUST03987,Debit Card,Axis Bank,6047,true,2025-05-20
PM05165,CUST09268,Credit Card,HDFC Bank,2123,true,2023-01-09
PM05166,CUST04919,Credit Card,SBI,5438,false,2025-03-06
PM05167,CUST07385,UPI,BHIM,2429,true,2024-12-06
PM05168,CUST05041,UPI,PhonePe,4967,true,2024-09-19
PM05169,CUST07101,Credit Card,ICICI Bank,7636,true,2023-12-27
PM05170,CUST06842,UPI,Paytm,2048,false,2025-01-25
PM05171,CUST06085,UPI,GooglePay,2254,true,
PM05172,CUST01703,Debit Card,ICICI Bank,,true,2024-02-16
PM05173,CUST06468,Credit Card,SBI,7268,true,2024-09-20
PM05174,CUST01474,Debit Card,Axis Bank,2290,true,2025-02-27
PM05175,CUST04001,Credit Card,Axis Bank,3683,false,2023-08-02
PM05176,CUST03842,Credit Card,Axis Bank,7738,true,2024-03-26
PM05177,CUST02246,UPI,BHIM,8999,true,2024-03-26
PM05178,CUST07202,Credit Card,HDFC Bank,9795,true,2023-04-26
PM05179,CUST01866,Debit Card,SBI,6725,true,2023-06-10
PM05180,CUST05660,UPI,Paytm,5060,false,2023-05-16
PM05181,CUST03187,Debit Card,ICICI Bank,0916,true,2023-07-25
PM05182,CUST09135,UPI,GooglePay,7172,false,2024-06-06
PM05183,CUST02333,Credit Card,Axis Bank,6866,true,2023-07-22
PM05184,CUST01861,UPI,BHIM,2153,true,2023-07-30
PM05185,CUST02242,UPI,Paytm,2812,true,2023-03-25
PM05186,CUST07847,Credit Card,SBI,8207,true,2025-02-26
PM05187,CUST06452,,Axis Bank,0176,true,2025-05-30
PM05188,CUST04086,Net Banking,ICICI Bank,5032,,2023-01-22
PM05189,CUST09356,Credit Card,Axis Bank,1104,true,2025-04-10
PM05190,CUST08144,UPI,GooglePay,7963,true,2024-02-14
PM05191,CUST08257,UPI,Paytm,4737,0,2023-09-05
PM05192,CUST02620,Debit Card,Axis Bank,9519,false,2023-09-16
PM05193,CUST02315,Debit Card,Axis Bank,8004,true,2024-06-21
PM05194,CUST08397,UPI,BHIM,8929,false,2025-02-07
PM05195,CUST01438,UPI,Paytm,8258,false,2024-11-17
PM05196,CUST04062,Debit Card,HDFC Bank,8686,true,2023-07-02
PM05197,CUST05010,Debit Card,Axis Bank,8075,false,2024-07-12
PM05198,CUST08968,UPI,GooglePay,2372,true,2024-01-02
PM05199,CUST00027,Credit Card,Axis Bank,1144,true,2023-09-09
PM05200,CUST03025,UPI,Paytm,9290,true,2023-11-26
PM05201,CUST09713,UPI,Paytm,6752,true,2025-08-16
PM05202,CUST06855,UPI,Paytm,1724,false,2024-01-06
PM05203,CUST08747,UPI,GooglePay,2141,true,2024-01-18
PM05204,CUST08366,Debit Card,Axis Bank,7621,true,2023-05-31
PM05205,CUST01925,Credit Card,HDFC Bank,2169,true,2024-10-25
PM05206,CUST02505,UPI,PhonePe,9411,true,2023-11-26
PM05207,CUST07662,Debit Card,HDFC Bank,3727,true,2024-08-27
PM05208,CUST06104,Credit Card,Axis Bank,7707,true,2024-10-01
PM05209,CUST05909,UPI,BHIM,0630,false,2023-01-03
PM05210,CUST01240,UPI,BHIM,5303,false,2023-04-01
PM01731,CUST05014,Credit Card,SBI,4595,true,2023-12-21
PM05212,CUST04762,Credit Card,Axis Bank,3376,,2025-03-28
PM05213,CUST08612,UPI,BHIM,6826,true,2024-05-08
PM05214,CUST02214,Debit Card,HDFC Bank,8494,true,2025-07-20
PM05215,CUST04178,UPI,BHIM,4690,true,2023-03-07
PM05216,CUST04192,UPI,BHIM,2873,true,2025-05-31
PM05217,CUST00054,Debit Card,HDFC Bank,3901,true,2024-05-14
PM05218,CUST01622,Credit Card,SBI,7304,true,2024-12-31
PM05219,CUST01697,UPI,PhonePe,3141,true,2023-12-01
PM05220,CUST00946,UPI,GooglePay,9770,true,2025-08-10
PM05221,CUST06767,Debit Card,ICICI Bank,9505,true,2024-07-29
PM05222,CUST08252,UPI,GooglePay,6627,true,2023-11-03
PM05223,CUST05696,UPI,PhonePe,7269,true,2024-02-11
PM06556,CUST04049,UPI,PhonePe,2231,true,2023-01-11
PM05225,CUST07270,Debit Card,HDFC Bank,0008,true,2025-05-11
PM05226,CUST00441,Debit Card,SBI,8343,true,2024-08-14
PM05227,CUST03409,Debit Card,ICICI Bank,7031,false,2025-08-11
PM05228,CUST02380,UPI,GooglePay,7975,true,2025-03-10
PM05229,CUST06432,UPI,BHIM,0670,true,2025-01-16
PM05230,CUST06903,UPI,GooglePay,1700,false,2024-06-21
PM05231,CUST06273,UPI,BHIM,7614,true,2024-03-02
PM05232,CUST06933,UPI,BHIM,5476,true,2023-09-04
PM05233,CUST08111,Credit Card,ICICI Bank,9670,true,2025-09-21
,CUST06217,Credit Card,Axis Bank,2907,true,2025-07-22
PM05235,CUST09732,Credit Card,SBI,4153,true,2023-05-12
PM05236,CUST05721,UPI,GooglePay,7647,true,2023-01-19
PM05237,CUST05711,UPI,Paytm,2138,false,2023-08-17
PM05238,CUST02215,UPI,PhonePe,1345,true,2024-07-01
PM05239,CUST08137,UPI,PhonePe,6440,true,2023-05-15
PM05240,CUST01643,Credit Card,ICICI Bank,5328,true,
PM05241,CUST07872,Credit Card,HDFC Bank,3383,true,2023-09-26
PM05242,CUST01067,UPI,PhonePe,5316,true,2024-11-09
PM05243,CUST05916,Debit Card,Axis Bank,8400,true,2023-04-20
PM05244,CUST02749,Debit Card,ICICI Bank,4031,true,2023-11-25
PM05245,CUST02909,UPI,GooglePay,0304,true,2023-02-03
PM05246,CUST02394,UPI,Paytm,8375,true,2024-12-21
PM05247,CUST02933,Debit Card,Axis Bank,8882,true,2024-07-21
PM05248,CUST09160,UPI,GooglePay,7095,true,2023-06-26
PM05249,CUST01529,UPI,BHIM,0485,false,
PM05250,CUST08367,Credit Card,SBI,9713,true,2023-11-01
PM05251,CUST03725,UPI,PhonePe,9423,true,2023-05-24
PM05252,CUST01985,UPI,BHIM,6473,false,2023-01-17
PM05253,CUST09531,Debit Card,Axis Bank,8459,true,2024-12-01
PM05254,CUST07565,UPI,Paytm,2756,true,2025-07-20
PM05255,CUST05894,UPI,PhonePe,8535,true,2025-04-27
PM05256,CUST03534,Credit Card,ICICI Bank,0704,true,2024-02-23
PM05257,CUST03427,Credit Card,Axis Bank,4274,true,2023-01-12
PM05258,CUST00883,Debit Card,Axis Bank,3141,true,2024-04-26
PM05259,CUST08782,UPI,BHIM,7565,true,2025-03-27
PM05260,CUST00984,Debit Card,SBI,3246,false,2023-02-25
PM05261,CUST02861,UPI,Paytm,8637,true,2023-05-26
PM09317,CUST01347,UPI,Paytm,8094,true,2024-06-21
PM05263,CUST04850,UPI,Paytm,2631,true,2024-05-26
PM05264,CUST01553,UPI,BHIM,7954,true,2024-06-20
PM05265,CUST04816,UPI,PhonePe,8730,true,2025-01-18
PM05266,CUST07747,Net Banking,ICICI Bank,1216,false,2025-06-25
PM05267,CUST03554,UPI,GooglePay,3053,true,2025-03-07
PM05268,CUST01695,UPI,Paytm,0447,true,2025-06-09
PM05269,CUST02474,UPI,BHIM,4049,false,2024-02-17
PM05270,CUST01166,UPI,GooglePay,0485,false,2023-06-11
PM05271,CUST07537,UPI,Paytm,9412,true,2024-11-06
PM05272,CUST08284,Debit Card,Axis Bank,0113,FALSE,2024-01-17
PM05273,CUST02165,Debit Card,ICICI Bank,9158,true,2024-12-03
PM05274,CUST08927,UPI,Paytm,6774,false,2023-07-17
PM05275,CUST01928,Debit Card,HDFC Bank,6810,true,2024-12-15
PM05276,CUST01641,UPI,PhonePe,8096,true,2024-07-16
PM05277,CUST03499,Net Banking,ICICI Bank,3603,true,2025-07-23
PM05278,CUST00007,Debit Card,Axis Bank,6254,true,2023-10-07
PM05279,CUST05212,UPI,Paytm,0263,true,2024-01-31
PM05280,CUST01187,Debit Card,HDFC Bank,2982,true,2023-07-08
PM05281,CUST01502,Credit Card,HDFC Bank,0756,true,2023-01-06
PM05282,CUST02099,UPI,GooglePay,3729,false,2025-01-06
PM05283,CUST07364,UPI,BHIM,8659,true,2024-11-22
PM05284,CUST06423,Debit Card,SBI,2987,true,2023-06-28
PM05285,CUST06459,Debit Card,ICICI Bank,5422,true,2023-07-14
PM05286,CUST01374,Debit Card,Axis Bank,7400,true,2025-01-03
PM05287,CUST09082,Credit Card,Axis Bank,7030,false,2024-09-16
PM05288,CUST09205,Debit Card,Axis Bank,4283,true,2025-03-24
PM05289,CUST09997,Credit Card,ICICI Bank,7807,true,2023-09-27
PM05290,CUST05349,Debit Card,SBI,5289,true,2025-05-08
PM05291,CUST08132,Debit Card,ICICI Bank,7798,true,2024-07-07
PM05292,CUST08189,Debit Card,SBI,9517,false,2025-08-02
PM05293,CUST03008,Credit Card,Axis Bank,6469,false,2023-12-26
PM05294,CUST00130,UPI,PhonePe,3944,true,2024-01-26
PM05295,CUST08324,Credit Card,SBI,9420,true,2023-05-09
PM05296,CUST00459,UPI,GooglePay,3718,false,2025-07-24
PM05297,CUST06128,UPI,GooglePay,8757,false,2023-12-12
PM05298,CUST04750,UPI,GooglePay,6319,true,2023-05-03
PM05299,CUST02535,UPI,BHIM,5978,true,2025-08-10
PM05300,CUST02010,UPI,BHIM,,true,2024-05-12
PM05301,CUST01696,Credit Card,ICICI Bank,0079,true,2023-04-29
PM05302,CUST03628,UPI,Paytm,0613,true,
PM05303,CUST02420,,PhonePe,2590,true,2025-06-05
PM05304,CUST06594,UPI,PhonePe,6200,true,2023-12-10
PM03608,CUST05640,UPI,BHIM,6994,true,2024-09-23
PM05306,CUST04833,Credit Card,HDFC Bank,6836,true,2023-03-13
PM05307,CUST01012,Credit Card,,4226,false,2024-01-27
PM05308,CUST03987,UPI,GooglePay,6223,true,2023-12-20
PM05309,CUST00700,Debit Card,HDFC Bank,5488,false,2025-08-12
PM05310,CUST02010,UPI,Paytm,2992,true,2024-01-28
PM05311,CUST08770,UPI,Paytm,3346,false,2024-02-15
PM05312,CUST00014,UPI,Paytm,3038,true,2025-06-27
PM05313,CUST04866,UPI,PhonePe,7348,No,2023-10-23
PM05314,CUST01656,Credit Card,Axis Bank,1272,false,2024-09-18
PM05315,CUST01467,UPI,,4271,true,2024-11-27
PM05316,CUST07969,UPI,PhonePe,8410,true,2023-05-23
PM05317,CUST03133,Debit Card,ICICI Bank,5771,false,2025-03-27
PM05318,CUST01027,Net Banking,HDFC Bank,3165,true,2025-02-25
PM00489,CUST03912,UPI,Paytm,8883,false,2025-02-26
PM05320,CUST00260,UPI,BHIM,5007,true,2024-05-09
PM05321,CUST05565,Credit Card,SBI,1274,true,2023-04-30
PM05322,CUST09340,UPI,Paytm,0966,true,2024-04-30
PM05323,CUST04810,UPI,Paytm,3821,false,2023-05-18
PM05324,CUST06476,UPI,GooglePay,5655,false,2024-06-12
PM05325,CUST09107,,BHIM,4148,true,
PM05326,CUST09058,Net Banking,SBI,1438,true,2025-03-26
PM05327,CUST06518,UPI,PhonePe,4761,false,2024-08-08
PM05328,CUST07991,Debit Card,HDFC Bank,5847,true,2024-08-01
PM05329,CUST06614,Net Banking,SBI,9107,false,2024-09-18
PM05330,CUST05371,UPI,GooglePay,2761,true,2023-07-26
PM05331,CUST03870,Debit Card,HDFC Bank,2446,true,2025-09-22
PM05332,CUST02958,UPI,Paytm,8905,true,2024-03-01
PM05333,CUST04541,Credit Card,SBI,4230,true,2023-09-14
PM05334,CUST06406,Debit Card,ICICI Bank,9227,true,2023-01-18
PM05335,CUST05343,Debit Card,ICICI Bank,1882,true,2024-11-22
PM05336,CUST01584,Debit Card,SBI,7698,true,2023-10-28
PM05337,CUST01085,Debit Card,ICICI Bank,5565,false,2023-08-12
PM05338,CUST05825,UPI,BHIM,3775,true,2023-10-30
PM05339,CUST00413,UPI,GooglePay,5148,true,2023-09-21
PM05340,CUST04180,UPI,PhonePe,8757,true,2025-09-17
PM05341,CUST08356,Debit Card,HDFC Bank,0468,true,2023-03-13
PM05342,CUST09589,UPI,GooglePay,9737,true,2024-08-21
PM05343,CUST01409,Credit Card,HDFC Bank,8992,true,2025-07-08
PM05344,CUST03262,UPI,GooglePay,6770,true,2024-05-01
PM05345,CUST06458,Debit Card,ICICI Bank,1567,true,
PM05346,CUST07172,Credit Card,SBI,5290,true,2025-09-01
PM05347,CUST03597,UPI,PhonePe,6116,true,2023-01-15
PM05348,CUST08774,UPI,Paytm,6732,,2024-08-19
PM05349,CUST07971,UPI,Paytm,7988,true,2025-08-14
PM05350,CUST05750,Credit Card,SBI,4813,false,2023-03-28
PM05351,CUST07133,Credit Card,Axis Bank,9122,true,2023-04-02
PM05352,CUST02485,UPI,PhonePe,6049,true,2023-06-06
PM05353,CUST07193,Credit Card,ICICI Bank,2478,false,2023-01-05
PM05354,CUST09343,UPI,GooglePay,7395,true,2025-08-23
PM05355,CUST04018,Debit Card,Axis Bank,9449,false,2023-11-17
PM05356,CUST00107,Credit Card,SBI,4739,true,2024-03-09
PM05357,CUST07128,Credit Card,Axis Bank,9708,false,2023-02-26
PM05358,CUST04071,UPI,PhonePe,3739,false,2023-11-29
PM05359,CUST09065,UPI,PhonePe,2232,true,2024-02-01
PM05360,CUST05508,Net Banking,ICICI Bank,9340,true,2023-03-13
PM05361,CUST03826,UPI,PhonePe,1605,true,2024-03-26
PM05362,CUST00986,UPI,GooglePay,5178,true,2025-07-03
PM05363,CUST08830,Credit Card,HDFC Bank,1617,FALSE,2025-07-28
PM05364,CUST01949,UPI,Paytm,3189,true,2024-11-13
PM05365,CUST05841,Net Banking,ICICI Bank,9028,true,2024-08-22
PM05366,CUST04632,UPI,BHIM,4497,true,2023-06-24
PM05367,CUST08441,Credit Card,Axis Bank,1894,true,2023-11-25
PM05368,CUST06392,UPI,GooglePay,2480,true,2023-08-28
PM05369,CUST06283,Debit Card,HDFC Bank,7328,false,2024-04-09
PM05370,CUST09100,Credit Card,Axis Bank,8434,true,2023-09-01
PM05371,CUST01835,Credit Card,SBI,6886,false,2023-02-06
PM05372,CUST01926,Credit Card,HDFC Bank,5978,true,2025-04-30
PM05373,CUST07107,Debit Card,SBI,6119,true,2024-03-26
PM05374,CUST05913,UPI,GooglePay,0347,true,2024-01-02
PM05375,CUST04648,Credit Card,SBI,8321,true,2023-06-25
PM05376,CUST08544,UPI,Paytm,4538,true,2024-12-27
PM05377,CUST04090,Credit Card,HDFC Bank,1787,false,2023-11-16
PM05378,CUST07581,Debit Card,SBI,5474,true,2023-09-19
PM05379,CUST02190,UPI,BHIM,0677,false,2025-08-11
PM05380,CUST05091,Debit Card,Axis Bank,9254,true,2024-06-22
PM05381,CUST07773,Net Banking,ICICI Bank,7452,true,2024-04-15
PM05382,CUST05418,UPI,GooglePay,8536,true,2024-05-06
PM05383,CUST05903,Debit Card,HDFC Bank,0425,true,2024-07-04
PM05384,CUST04322,UPI,GooglePay,1581,true,2025-04-16
PM05385,CUST07757,UPI,PhonePe,8739,true,2025-08-14
PM05386,CUST08900,Net Banking,HDFC Bank,0771,FALSE,2024-09-12
PM05387,CUST05627,Credit Card,SBI,2996,true,2025-02-19
PM05388,CUST07522,UPI,Paytm,0528,true,2024-08-16
PM05389,CUST02914,UPI,GooglePay,6939,true,2023-01-20
PM05390,CUST06231,UPI,GooglePay,6171,true,2024-10-20
PM05391,CUST02384,Credit Card,HDFC Bank,9620,true,2025-03-19
PM05392,CUST07079,Net Banking,HDFC Bank,4362,false,2025-06-10
PM05393,CUST04591,UPI,BHIM,9523,true,2024-01-28
PM05394,CUST08346,Credit Card,SBI,0580,true,2023-08-30
PM05395,CUST00626,UPI,BHIM,8782,true,2023-06-01
PM05396,CUST06093,Credit Card,ICICI Bank,0577,true,2025-08-25
PM05397,CUST00637,UPI,GooglePay,4148,false,2024-01-29
PM05398,CUST09982,Net Banking,SBI,5183,false,2024-07-09
PM05399,CUST01304,UPI,BHIM,3954,true,2024-01-30
PM05400,CUST06389,UPI,BHIM,7420,true,2024-11-27
PM05401,CUST04987,UPI,Paytm,3078,false,2025-07-19
PM05402,CUST06097,UPI,PhonePe,8972,true,2023-10-06
PM05403,CUST01498,UPI,GooglePay,0640,true,2025-06-16
PM05404,CUST02703,Debit Card,Axis Bank,4025,true,2025-06-01
PM05405,CUST08906,Net Banking,SBI,6771,true,2023-05-09
PM05406,CUST06750,Debit Card,ICICI Bank,9795,false,2023-03-21
PM05407,CUST03816,Credit Card,HDFC Bank,3316,,2024-04-30
PM05408,CUST07797,UPI,BHIM,2620,true,2023-12-02
PM05409,CUST03137,Credit Card,ICICI Bank,6935,true,2025-07-05
PM05410,CUST06130,UPI,BHIM,9255,,2023-05-04
PM05411,CUST07591,Debit Card,HDFC Bank,0001,true,2023-05-22
PM05412,CUST04165,UPI,BHIM,4940,true,2024-10-08
PM05413,CUST02211,UPI,Paytm,0639,true,2023-09-05
PM05414,CUST04003,UPI,GooglePay,2811,true,2024-08-16
PM05415,CUST02250,UPI,Paytm,7943,false,2023-08-07
PM05416,,Credit Card,Axis Bank,5820,true,2023-11-23
PM05417,CUST01809,Debit Card,SBI,0312,false,2023-09-11
PM05418,CUST08358,Debit Card,ICICI Bank,3085,false,2024-08-16
PM05419,CUST06551,UPI,GooglePay,8293,true,2024-04-30
PM05420,CUST07141,UPI,GooglePay,7906,false,
PM05421,CUST08957,UPI,BHIM,3893,true,2023-01-24
,CUST09654,UPI,GooglePay,3008,false,2025-05-20
PM05423,,UPI,Paytm,3275,true,2024-01-08
PM05424,CUST00494,UPI,GooglePay,3346,true,2024-05-10
PM05425,CUST01016,UPI,BHIM,3967,false,2024-11-15
PM05426,CUST01786,UPI,PhonePe,1119,true,2025-03-18
PM05427,CUST04342,UPI,PhonePe,6943,false,2025-08-17
PM05428,CUST03895,UPI,Paytm,2627,true,2023-11-10
PM05429,CUST06001,UPI,PhonePe,4050,false,2025-04-29
PM05430,CUST07050,UPI,Paytm,1119,false,2025-07-01
PM05431,CUST07517,UPI,PhonePe,9805,true,2024-06-21
PM05432,CUST05638,UPI,BHIM,7974,true,2023-03-28
PM05433,CUST04126,UPI,BHIM,5785,false,2025-01-06
PM05434,,Credit Card,Axis Bank,,true,2024-04-25
PM05435,CUST01506,,PhonePe,2217,false,2025-01-01
PM05436,CUST01401,UPI,BHIM,1177,false,2025-09-01
PM05437,CUST00235,Credit Card,ICICI Bank,2464,true,2023-06-12
PM05438,CUST02943,UPI,Paytm,2718,true,2025-07-02
PM05439,CUST01074,UPI,GooglePay,2569,true,2025-05-01
PM05440,CUST00494,Net Banking,HDFC Bank,9320,true,2025-01-03
PM05441,CUST06955,,GooglePay,9338,,2024-09-03
PM05442,CUST07245,Debit Card,ICICI Bank,5651,true,2023-01-08
PM05443,CUST02464,Net Banking,ICICI Bank,9529,true,2025-09-25
PM05444,CUST01938,UPI,GooglePay,2440,true,2025-05-07
PM05445,CUST05726,UPI,BHIM,0115,false,2024-11-05
PM05446,CUST00877,UPI,BHIM,8292,true,2023-01-20
PM05447,CUST03884,UPI,Paytm,9906,true,
PM05448,CUST01146,UPI,Paytm,3768,true,2024-01-07
PM05449,CUST09894,Debit Card,HDFC Bank,3676,false,2023-08-27
PM05450,CUST02172,Credit Card,Axis Bank,6402,false,2023-03-16
PM05451,CUST00060,UPI,Paytm,8539,true,2023-07-22
PM05452,CUST07882,Credit Card,SBI,7927,true,2024-03-03
PM05453,CUST03977,UPI,GooglePay,8736,false,2025-06-04
PM05454,CUST03350,Credit Card,HDFC Bank,3116,true,2024-04-27
PM05455,CUST06360,UPI,BHIM,2352,true,2025-05-21
PM05456,CUST01083,Credit Card,Axis Bank,0454,false,2023-12-29
PM05457,CUST06084,Credit Card,HDFC Bank,1225,true,2023-12-07
PM05458,CUST08790,Debit Card,HDFC Bank,0494,false,2025-03-03
PM05459,CUST00909,UPI,Paytm,6571,true,2023-11-09
PM05460,CUST06607,UPI,GooglePay,8974,true,2023-08-31
PM05461,CUST07652,Net Banking,ICICI Bank,2604,true,2024-06-08
PM05462,CUST01122,UPI,Paytm,5842,true,2025-01-09
PM05463,CUST06964,Credit Card,HDFC Bank,8187,true,2023-06-26
PM05464,CUST08559,UPI,PhonePe,9639,false,2024-07-24
PM05465,CUST03952,UPI,BHIM,3141,true,2023-05-26
PM05466,CUST01389,UPI,GooglePay,7665,true,2023-08-02
PM05467,CUST02820,UPI,BHIM,5399,true,2024-05-20
PM05468,CUST00635,Net Banking,SBI,4106,true,2024-05-07
PM05469,CUST03444,Net Banking,ICICI Bank,2920,true,2024-08-26
PM05470,CUST06555,UPI,BHIM,7024,true,2025-05-07
PM05471,CUST04938,UPI,GooglePay,8310,false,2025-09-26
PM05472,CUST00068,UPI,Paytm,2684,false,2025-01-29
PM05473,CUST04603,UPI,PhonePe,0007,true,2023-01-23
PM05474,CUST07691,UPI,Paytm,7747,true,2025-01-25
PM05475,CUST08623,UPI,Paytm,9183,true,2023-04-28
PM05476,CUST05957,Credit Card,HDFC Bank,9452,true,2023-08-24
PM05477,CUST09999,Net Banking,SBI,0810,true,2024-02-26
PM05478,CUST05786,UPI,BHIM,3680,true,2025-04-12
PM05479,CUST05856,UPI,Paytm,1500,false,2024-04-08
PM05480,CUST06961,UPI,BHIM,8952,false,2023-04-23
PM05481,CUST08600,UPI,Paytm,6625,true,2024-07-24
PM05482,CUST07615,UPI,GooglePay,8546,false,2025-03-26
PM05483,CUST04004,Credit Card,Axis Bank,3371,true,2024-09-13
PM05484,CUST07386,Credit Card,,6427,false,2024-06-16
PM05485,CUST05674,UPI,PhonePe,5276,true,2023-01-03
PM05486,CUST02488,Debit Card,SBI,8075,true,2025-09-23
PM05487,CUST02736,UPI,Paytm,9389,true,2024-04-28
PM05488,CUST04992,UPI,Paytm,5422,true,2023-06-25
PM05489,CUST04434,Credit Card,Axis Bank,6173,true,2023-05-27
PM05490,CUST01882,UPI,PhonePe,2080,true,2025-01-23
PM05491,CUST07049,Credit Card,Axis Bank,9133,true,2023-10-07
PM05492,CUST01410,Debit Card,SBI,2754,true,2024-08-08
PM05493,CUST06827,Credit Card,SBI,8036,true,2023-09-27
PM05494,CUST03881,Net Banking,ICICI Bank,4188,true,2024-04-04
PM05495,CUST03923,UPI,Paytm,1247,false,2024-02-20
PM05496,CUST00214,Credit Card,HDFC Bank,9872,true,2023-07-30
PM05497,CUST07338,Debit Card,Axis Bank,7478,true,2023-03-12
PM05498,CUST04419,UPI,GooglePay,6058,false,2024-06-30
PM05499,CUST04143,UPI,PhonePe,2463,false,2023-09-20
PM05500,CUST04128,Net Banking,HDFC Bank,5116,false,2024-02-17
PM05501,CUST01741,Debit Card,HDFC Bank,1386,false,2024-10-02
PM05502,CUST00091,Credit Card,ICICI Bank,2681,true,2025-07-04
PM05503,CUST06529,Debit Card,ICICI Bank,0967,true,2023-08-05
PM05504,CUST02205,UPI,BHIM,2720,true,2025-03-26
PM05505,CUST00248,UPI,PhonePe,1974,false,2025-04-27
PM05506,CUST02832,Debit Card,ICICI Bank,5156,true,2024-01-22
PM05507,CUST02719,Credit Card,HDFC Bank,6006,true,2025-07-24
PM05508,CUST07880,UPI,GooglePay,5386,false,2025-05-16
PM05509,CUST02658,UPI,BHIM,5995,false,2024-11-06
PM05510,CUST09754,UPI,GooglePay,9693,Yes,2025-02-06
PM05511,CUST06244,Net Banking,SBI,8052,true,2024-04-20
PM05512,CUST03687,UPI,Paytm,3089,true,2023-03-20
PM05513,CUST02799,Credit Card,Axis Bank,8374,true,2025-07-07
PM05514,,Debit Card,SBI,7463,true,2024-09-16
PM05515,CUST04743,Debit Card,HDFC Bank,2639,true,2024-10-31
PM05516,,UPI,PhonePe,0387,false,2025-03-27
PM05517,CUST05357,Debit Card,HDFC Bank,5836,true,2023-09-13
PM05518,CUST09507,Credit Card,ICICI Bank,5262,true,2025-05-09
PM05519,CUST01114,UPI,BHIM,1648,true,2025-09-17
PM05520,CUST09125,Net Banking,ICICI Bank,9595,false,2024-03-30
PM05521,CUST04794,Credit Card,SBI,8100,true,2024-08-01
PM05522,CUST09757,UPI,PhonePe,8203,false,2025-09-19
PM05523,CUST04255,UPI,PhonePe,6577,true,2023-04-14
PM05524,CUST08095,,Axis Bank,1511,true,2024-11-27
PM05525,CUST08901,UPI,PhonePe,0027,false,2025-03-20
PM05526,CUST07735,Debit Card,SBI,2644,true,2023-03-16
PM05527,CUST06647,UPI,BHIM,4157,true,2023-05-08
PM05528,CUST01893,UPI,PhonePe,1797,false,2025-02-24
PM05529,CUST05347,Credit Card,ICICI Bank,0589,true,2025-01-27
PM05530,CUST01128,UPI,BHIM,1460,true,2023-08-02
PM05531,CUST00875,Net Banking,SBI,0251,true,2023-07-24
PM05532,CUST00469,Credit Card,ICICI Bank,7775,false,2024-05-02
PM05533,CUST09537,Net Banking,HDFC Bank,4309,true,2024-07-15
PM05534,CUST03741,UPI,GooglePay,0845,true,2024-12-22
PM05535,CUST09378,UPI,PhonePe,8408,true,2023-11-09
PM05536,CUST04435,UPI,GooglePay,9576,true,2024-03-21
PM05537,CUST08375,UPI,BHIM,8350,true,2024-06-28
PM05538,CUST00036,UPI,GooglePay,3813,true,2023-08-16
PM05539,CUST02660,Credit Card,HDFC Bank,2403,true,2024-02-13
PM05540,CUST02777,Net Banking,HDFC Bank,9021,true,2025-05-22
PM05541,CUST04346,UPI,BHIM,3842,true,2023-03-05
PM05542,CUST04331,UPI,GooglePay,6800,true,2024-03-08
PM05543,CUST05460,UPI,GooglePay,1072,true,2025-06-19
PM05544,CUST05485,UPI,BHIM,9226,true,2024-01-13
PM05545,CUST06585,UPI,GooglePay,2538,true,2025-07-14
PM05546,CUST04085,Debit Card,Axis Bank,6511,true,2023-11-30
PM05547,CUST06392,UPI,PhonePe,1720,true,2025-04-10
PM05548,,Debit Card,Axis Bank,8674,true,2023-11-07
PM05549,CUST06350,Credit Card,Axis Bank,3431,true,2025-09-15
PM05550,CUST02419,UPI,GooglePay,6684,false,2024-05-10
PM05551,CUST07637,UPI,GooglePay,8404,false,2023-08-01
PM05552,CUST03854,Debit Card,ICICI Bank,7481,true,2023-05-17
PM05553,CUST02121,Debit Card,HDFC Bank,2219,true,2023-07-05
PM05554,CUST05564,UPI,Paytm,4931,true,2023-08-01
PM05555,CUST00241,Credit Card,Axis Bank,6450,true,2024-10-04
PM05556,CUST09097,UPI,PhonePe,0425,true,2023-01-14
PM05557,CUST07634,UPI,GooglePay,5950,true,2025-07-28
PM05558,CUST04179,Debit Card,ICICI Bank,3091,true,2024-11-20
PM05559,CUST09263,UPI,GooglePay,3888,true,2024-08-06
PM05560,CUST07915,Credit Card,HDFC Bank,3264,true,2024-12-20
PM05561,CUST08611,Debit Card,SBI,2541,false,2023-08-24
PM05562,CUST07749,UPI,GooglePay,1703,true,2025-09-11
PM05563,CUST03602,Net Banking,ICICI Bank,4539,true,2025-04-06
PM05564,CUST03091,Debit Card,ICICI Bank,3075,true,2025-08-06
PM05565,CUST00545,UPI,PhonePe,9479,true,2024-07-04
PM05566,CUST05693,Net Banking,ICICI Bank,1821,true,2025-08-06
PM05567,CUST04388,UPI,PhonePe,3865,true,2024-04-28
PM05568,CUST07677,UPI,GooglePay,2067,true,2025-07-19
PM05569,CUST07370,Credit Card,Axis Bank,5889,true,2023-09-21
PM05570,CUST03682,UPI,PhonePe,8953,true,2023-11-04
PM05571,CUST06464,,HDFC Bank,6151,true,2025-09-01
PM05572,CUST08448,Net Banking,HDFC Bank,0042,true,2023-11-22
PM05573,CUST09200,UPI,PhonePe,3054,false,2024-07-16
PM05574,CUST03030,Debit Card,ICICI Bank,3082,true,2025-04-18
PM05575,CUST09890,UPI,Paytm,4272,false,2025-02-21
PM05576,CUST07201,UPI,BHIM,8049,true,2023-01-02
PM05577,CUST03004,UPI,GooglePay,1053,true,2025-01-04
PM05578,CUST09951,UPI,PhonePe,5985,true,2025-05-27
PM05579,CUST09829,Credit Card,ICICI Bank,0437,true,2024-04-06
PM05580,CUST03206,Debit Card,HDFC Bank,2710,true,2025-07-11
PM05581,CUST06201,UPI,Paytm,8393,true,2023-12-04
PM05582,CUST06465,UPI,GooglePay,0972,false,2024-12-19
PM05583,CUST09162,Net Banking,HDFC Bank,4244,true,2024-08-21
PM05584,CUST04611,UPI,Paytm,0626,true,2024-08-18
PM05585,CUST01504,UPI,GooglePay,0386,true,2024-03-08
,CUST08763,UPI,GooglePay,9159,false,2024-03-22
PM05587,CUST08723,Net Banking,SBI,4291,true,2024-02-14
PM05588,CUST02135,Net Banking,SBI,0442,true,2023-09-11
PM05589,CUST06594,Debit Card,Axis Bank,9272,false,2023-08-16
PM05590,CUST07493,UPI,BHIM,8683,,2025-02-12
PM05591,CUST08932,Credit Card,HDFC Bank,8254,true,2025-01-12
PM05592,CUST06732,UPI,PhonePe,5841,true,2024-07-21
PM05593,CUST09559,Credit Card,ICICI Bank,4001,true,2024-02-11
PM05594,CUST08063,UPI,PhonePe,5649,true,2023-03-03
PM05595,CUST07135,UPI,Paytm,1124,true,2025-09-26
PM05596,CUST08378,UPI,BHIM,1224,false,2025-01-02
PM05597,CUST07976,UPI,BHIM,9486,true,2025-06-28
PM05598,CUST06875,UPI,Paytm,0411,true,2024-10-03
PM05599,CUST03980,Credit Card,Axis Bank,9447,,2023-12-02
PM05600,CUST04391,UPI,BHIM,6493,true,2024-04-13
PM05601,CUST04361,Net Banking,ICICI Bank,7811,false,2024-02-03
PM05602,CUST02644,UPI,Paytm,2564,true,2024-06-21
PM05603,CUST06072,UPI,PhonePe,0710,true,2023-04-19
PM05604,CUST00064,Credit Card,Axis Bank,9401,true,2024-01-15
PM05605,CUST07906,Credit Card,Axis Bank,8596,true,2025-05-18
PM05606,CUST03182,UPI,GooglePay,7473,false,2024-03-06
PM05607,CUST04009,UPI,BHIM,2487,false,2025-04-13
PM05608,CUST07828,UPI,BHIM,4788,true,2023-10-02
PM05609,CUST05891,Net Banking,ICICI Bank,0154,true,2024-09-08
PM05610,CUST05021,Credit Card,HDFC Bank,1353,true,2025-03-27
PM05611,CUST04690,Debit Card,HDFC Bank,5381,true,2023-10-04
PM05612,CUST06896,Credit Card,Axis Bank,4995,true,2025-05-11
PM05613,CUST02424,Credit Card,Axis Bank,8073,true,2024-02-27
PM05614,CUST02989,UPI,BHIM,8676,true,2024-10-21
PM05615,CUST09060,UPI,PhonePe,6281,false,2023-06-14
PM05616,CUST03513,UPI,GooglePay,4646,true,2023-01-05
PM05617,CUST03011,UPI,Paytm,1978,true,2024-08-25
PM05618,CUST00615,UPI,GooglePay,8349,true,2025-04-06
PM05619,CUST06025,UPI,PhonePe,6820,false,2023-01-09
PM05620,CUST05315,UPI,Paytm,1553,true,2024-07-05
PM05621,CUST04588,UPI,Paytm,6770,true,2023-05-19
PM05622,CUST04847,Debit Card,ICICI Bank,4570,false,2024-11-28
PM05623,CUST01365,UPI,GooglePay,0598,true,2024-10-02
,CUST03530,Debit Card,SBI,4706,true,2024-03-29
PM05625,CUST08575,Credit Card,HDFC Bank,6518,true,
PM05626,CUST01203,UPI,PhonePe,7220,true,2025-02-26
PM05627,CUST04834,Net Banking,ICICI Bank,6088,false,2023-04-04
PM05628,CUST07607,Net Banking,HDFC Bank,7916,false,2024-10-01
PM05629,CUST03490,UPI,GooglePay,1558,false,2023-02-27
PM05630,CUST01515,UPI,BHIM,3855,false,2025-05-31
PM05631,CUST08946,Debit Card,SBI,1265,true,2023-05-04
PM05632,CUST04541,Debit Card,SBI,3609,true,2024-02-17
PM05633,CUST05473,Credit Card,SBI,7939,true,2025-05-31
,CUST08372,Credit Card,ICICI Bank,0023,true,2024-07-19
PM05635,CUST02616,Credit Card,SBI,8401,false,2024-10-04
PM05636,CUST07142,Net Banking,ICICI Bank,4819,true,2025-05-12
PM05637,CUST00529,Credit Card,ICICI Bank,4681,true,2023-10-19
,CUST08594,Debit Card,SBI,2931,true,2023-08-08
PM05639,CUST02702,UPI,Paytm,6162,true,2024-08-16
PM05640,CUST08387,Debit Card,Axis Bank,0536,true,2024-04-18
PM05641,CUST03182,Debit Card,HDFC Bank,7541,true,2023-04-11
PM05642,CUST02667,UPI,GooglePay,2864,true,2024-04-02
PM05643,CUST03516,Credit Card,HDFC Bank,6171,true,2023-03-05
PM05644,CUST08290,Debit Card,SBI,2763,true,2025-07-11
PM05645,CUST08301,UPI,BHIM,9259,TRUE,2025-03-09
PM05646,CUST02357,UPI,PhonePe,7592,true,2023-01-07
PM05647,CUST06264,Credit Card,SBI,,true,2024-05-20
PM05648,CUST07862,Net Banking,ICICI Bank,3203,true,2024-08-16
PM05649,CUST07434,UPI,PhonePe,9928,true,2024-10-25
PM05650,CUST03403,Net Banking,HDFC Bank,4853,true,2023-03-03
PM05651,CUST09907,Net Banking,SBI,4421,false,2024-10-24
PM05652,CUST08754,UPI,Paytm,7650,true,2023-03-07
PM05653,CUST04941,Debit Card,Axis Bank,5911,true,2023-11-11
PM05654,CUST00006,Credit Card,Axis Bank,5791,false,2024-03-24
PM05655,CUST03831,UPI,PhonePe,6144,true,2023-02-12
PM05656,CUST02002,,ICICI Bank,3266,true,2023-06-23
PM05657,CUST08642,Debit Card,HDFC Bank,5670,true,2023-12-11
PM05658,CUST08191,Debit Card,SBI,5208,true,2024-07-04
PM05659,,UPI,BHIM,2337,false,2025-03-12
PM05660,CUST09175,Net Banking,HDFC Bank,2433,true,2024-01-08
PM05661,CUST08608,UPI,Paytm,4666,true,2023-09-28
PM05662,CUST04718,UPI,Paytm,0330,true,2025-06-23
PM05663,CUST09096,Credit Card,Axis Bank,1993,true,2024-07-07
PM05664,CUST02333,Debit Card,HDFC Bank,4351,true,2025-05-29
PM05665,CUST07075,Credit Card,ICICI Bank,3399,false,2024-03-02
PM05666,CUST01466,Credit Card,HDFC Bank,3773,false,2025-01-04
PM05667,CUST03191,Debit Card,SBI,1720,true,2023-05-06
PM05668,CUST04572,UPI,PhonePe,7039,true,2023-05-23
PM05669,CUST05440,UPI,GooglePay,7538,true,2024-01-01
PM05670,CUST07153,Debit Card,Axis Bank,2642,true,2025-01-13
PM05671,CUST01284,UPI,BHIM,3573,true,2025-08-25
PM05672,CUST06429,Net Banking,SBI,9795,Yes,2025-03-26
PM05673,CUST03130,UPI,PhonePe,6227,true,2024-06-17
PM05674,CUST09833,Net Banking,HDFC Bank,4222,true,2023-04-30
PM05675,CUST04709,UPI,GooglePay,6169,true,2024-12-11
PM05676,CUST03871,UPI,GooglePay,9919,true,2025-07-13
,CUST02399,UPI,BHIM,1532,true,2024-09-07
PM05678,CUST02780,Net Banking,HDFC Bank,6187,true,2023-06-27
PM05679,,UPI,PhonePe,6486,false,2025-01-25
PM05680,CUST06759,Debit Card,ICICI Bank,2993,true,2023-05-22
PM05681,CUST07158,Credit Card,SBI,7948,true,2024-11-19
PM05682,CUST07990,UPI,Paytm,6912,true,2023-08-21
PM05683,CUST06547,UPI,GooglePay,4009,true,2025-02-21
PM05684,CUST00368,UPI,GooglePay,5333,,2024-01-27
PM05685,CUST00893,Credit Card,Axis Bank,7427,true,2023-07-16
PM05686,CUST05611,Debit Card,Axis Bank,0556,false,2024-01-21
PM05687,CUST08314,UPI,Paytm,6378,true,2024-03-05
PM05688,CUST01658,UPI,PhonePe,7107,true,2025-08-25
PM05689,CUST06590,Credit Card,SBI,7701,true,2024-12-22
PM05690,CUST03576,UPI,Paytm,9010,true,2025-04-11
PM05691,CUST05707,Credit Card,Axis Bank,9025,true,2024-09-11
PM05692,CUST07579,UPI,GooglePay,2279,true,2024-09-30
PM05693,CUST08693,Debit Card,SBI,6065,true,2023-06-08
,CUST02602,Credit Card,HDFC Bank,6999,true,2024-12-17
PM05695,CUST03545,UPI,BHIM,4822,false,2024-03-26
PM05696,CUST03388,Credit Card,ICICI Bank,5794,true,2023-01-26
PM05697,CUST09334,UPI,BHIM,5984,true,2023-01-09
PM02762,CUST09532,Debit Card,Axis Bank,6310,true,2024-03-27
PM05699,CUST06113,UPI,GooglePay,9674,false,2023-03-18
PM05700,CUST04701,Debit Card,Axis Bank,0793,true,
PM05701,CUST00118,UPI,BHIM,3909,true,2023-10-03
PM05702,CUST03683,UPI,PhonePe,9999,true,2023-02-10
PM05703,CUST06827,Credit Card,SBI,3199,true,2023-01-31
PM05704,CUST05736,UPI,BHIM,3102,false,2025-05-04
PM05705,CUST09425,Debit Card,SBI,1479,true,2025-06-19
PM05706,CUST09168,Debit Card,SBI,4388,true,2024-02-24
PM05707,CUST08099,Debit Card,SBI,4355,true,2024-01-26
PM05708,CUST05662,Credit Card,SBI,8395,false,
PM05709,CUST09681,UPI,BHIM,2245,true,2024-08-03
PM05710,CUST08111,UPI,Paytm,9948,true,2024-01-25
PM05711,CUST09265,UPI,BHIM,0044,true,2023-01-11
PM05712,CUST07616,UPI,GooglePay,4713,true,2023-08-15
PM05713,CUST00284,Net Banking,ICICI Bank,4771,false,2024-07-05
PM05714,CUST09597,Net Banking,SBI,0367,false,2024-04-22
PM05715,CUST02479,UPI,GooglePay,5600,true,2023-06-15
,CUST07182,UPI,GooglePay,5220,true,2024-12-20
PM05717,CUST09853,UPI,Paytm,1874,true,2024-10-07
PM05718,CUST00930,UPI,Paytm,4723,true,2023-02-09
PM05719,CUST08650,Debit Card,Axis Bank,6808,true,2025-01-10
PM05720,CUST01500,UPI,PhonePe,8711,true,2025-04-04
PM05721,CUST08118,Credit Card,Axis Bank,4356,false,2024-12-20
PM05722,CUST08794,UPI,PhonePe,6731,true,2025-07-01
PM05723,CUST00203,Debit Card,Axis Bank,2582,true,2023-02-12
PM05724,CUST02004,Credit Card,SBI,2667,true,2023-04-16
PM05725,CUST06051,Debit Card,HDFC Bank,,true,2023-07-10
PM05726,CUST00621,UPI,Paytm,3488,true,2023-07-31
PM05727,CUST02897,UPI,Paytm,7921,false,2024-11-05
PM05728,CUST01742,Credit Card,Axis Bank,1817,true,2024-05-26
PM05729,CUST07287,Credit Card,Axis Bank,2030,true,2023-04-25
PM05730,CUST05067,Net Banking,ICICI Bank,6136,true,2023-07-29
PM05731,CUST03387,Debit Card,,1781,false,2023-01-24
PM05732,CUST05668,Debit Card,HDFC Bank,,true,2025-07-03
PM05733,CUST07623,UPI,PhonePe,5224,true,2024-01-14
PM05734,CUST07204,UPI,BHIM,1963,true,2023-12-07
PM05735,CUST05698,UPI,Paytm,,false,2023-02-01
PM05736,CUST06875,Credit Card,Axis Bank,5955,true,2023-07-05
PM05737,CUST05212,UPI,Paytm,8721,true,2025-08-04
PM05738,CUST01077,,ICICI Bank,9310,true,2023-04-16
PM05739,CUST06599,UPI,Paytm,9036,true,2025-03-30
PM05740,CUST04073,Net Banking,HDFC Bank,2129,true,2025-02-15
PM05741,CUST09520,Credit Card,Axis Bank,9645,true,2023-01-23
PM05742,CUST09792,UPI,Paytm,7290,true,2024-10-05
PM05743,CUST03474,UPI,Paytm,7641,true,2024-06-06
PM05744,CUST05163,Debit Card,SBI,3995,true,2025-06-27
PM05745,CUST00899,UPI,GooglePay,6016,true,2023-01-29
PM05746,CUST04379,Net Banking,HDFC Bank,7546,true,2023-02-27
PM05747,CUST08571,Debit Card,ICICI Bank,2950,true,2024-07-25
PM05748,CUST08236,Debit Card,Axis Bank,6032,true,2023-08-29
PM05749,CUST09984,Credit Card,HDFC Bank,3357,true,2025-02-21
PM05750,CUST00734,Debit Card,Axis Bank,6200,0,2025-05-11
PM05751,CUST04193,UPI,PhonePe,6651,true,2023-03-06
PM05752,CUST09162,Debit Card,HDFC Bank,5914,true,2024-01-28
PM05753,CUST00334,UPI,BHIM,2526,No,2024-07-06
PM05754,CUST00843,Credit Card,Axis Bank,2678,true,2023-10-06
PM05755,CUST04545,UPI,GooglePay,9916,true,2024-04-09
PM05756,CUST06209,Credit Card,SBI,5096,true,2023-05-17
PM05757,CUST04359,UPI,PhonePe,9954,true,2024-11-05
PM05758,CUST03893,Credit Card,HDFC Bank,3214,true,2023-07-10
PM05759,CUST09871,UPI,BHIM,6305,true,2025-02-26
PM05760,CUST06506,Credit Card,HDFC Bank,5889,true,2023-01-12
PM05761,CUST01748,Credit Card,Axis Bank,7630,,2023-01-28
PM05762,CUST03944,UPI,BHIM,2911,true,2024-08-19
PM05763,CUST09068,Net Banking,ICICI Bank,3259,true,2023-10-05
PM05764,CUST03315,Credit Card,HDFC Bank,3845,false,2025-07-17
PM05765,CUST04588,UPI,GooglePay,7654,false,2023-04-03
PM05766,CUST09479,Net Banking,ICICI Bank,9008,true,2023-11-24
PM05767,CUST03658,Net Banking,SBI,6608,true,2024-02-21
PM05768,CUST06770,UPI,GooglePay,4905,,2023-10-07
PM05769,CUST09460,Credit Card,ICICI Bank,2415,true,2023-07-05
,CUST01607,Credit Card,ICICI Bank,2329,false,2023-12-11
PM05771,CUST08036,UPI,BHIM,9919,true,2025-04-21
PM05772,CUST09807,Net Banking,ICICI Bank,0386,true,2024-07-26
PM05773,CUST08655,UPI,Paytm,6302,true,2024-08-25
PM05774,CUST04933,UPI,PhonePe,9169,true,2025-07-24
PM05775,CUST05074,Credit Card,ICICI Bank,0610,true,2023-11-01
PM05776,CUST03215,UPI,BHIM,3373,false,2023-12-14
PM05777,CUST01114,Credit Card,ICICI Bank,3578,true,2023-08-23
PM05778,CUST05962,Credit Card,ICICI Bank,1133,true,2023-01-20
PM05779,CUST01398,UPI,PhonePe,9378,false,2025-06-25
PM05780,CUST06083,UPI,Paytm,6906,true,2023-12-26
PM05781,CUST05221,UPI,BHIM,,true,2023-03-20
PM05782,CUST06111,UPI,GooglePay,1945,true,2025-01-13
PM05783,CUST02415,UPI,Paytm,1995,true,2024-11-21
PM05784,CUST06750,UPI,PhonePe,3134,true,2025-09-17
PM05785,CUST05011,Debit Card,SBI,3622,false,2025-01-07
PM05786,CUST04321,UPI,GooglePay,3583,true,2025-09-24
PM05787,CUST09359,Net Banking,HDFC Bank,3703,true,2023-09-08
PM05788,CUST03284,UPI,Paytm,5852,false,2023-06-22
,CUST05890,Net Banking,HDFC Bank,9906,true,2024-01-13
PM05790,CUST00038,Net Banking,SBI,0915,true,2023-08-24
PM05791,CUST03850,Credit Card,ICICI Bank,6479,true,2025-03-26
PM05792,CUST08895,UPI,PhonePe,4932,true,2025-05-24
PM05793,CUST08377,Net Banking,HDFC Bank,7500,false,2025-01-26
PM05794,CUST04854,UPI,PhonePe,9423,true,2024-10-03
PM05795,CUST00818,UPI,Paytm,5987,true,2025-04-24
PM05796,CUST09945,Credit Card,SBI,7076,false,2023-11-11
PM05797,CUST09529,Credit Card,HDFC Bank,8229,true,2025-01-09
PM05798,,Debit Card,ICICI Bank,5079,true,2025-01-20
PM05799,CUST09938,Net Banking,HDFC Bank,8600,false,2025-07-19
PM05800,CUST07934,Debit Card,ICICI Bank,6792,true,2024-06-05
,CUST06351,Credit Card,HDFC Bank,4089,true,2024-03-26
PM05802,CUST09571,UPI,BHIM,8737,true,2025-06-26
PM05803,CUST04279,UPI,Paytm,1361,true,2023-03-15
PM05804,CUST05647,Debit Card,ICICI Bank,0599,true,2024-12-08
PM05805,CUST09383,UPI,GooglePay,0821,true,2025-07-22
PM05806,CUST04920,UPI,GooglePay,9099,true,2023-02-09
PM05807,CUST08862,UPI,BHIM,6473,false,2023-02-01
PM05808,CUST05424,Debit Card,HDFC Bank,6464,true,2025-06-22
PM05809,CUST06309,Debit Card,ICICI Bank,2806,true,2025-06-26
PM05810,CUST07160,Credit Card,HDFC Bank,3519,false,2024-07-10
PM05811,CUST07699,Credit Card,Axis Bank,7852,true,2025-08-28
PM05812,CUST04949,UPI,Paytm,7060,true,2024-10-26
PM05813,CUST04812,UPI,BHIM,3532,false,2025-05-06
PM05814,CUST06629,Debit Card,HDFC Bank,7218,true,2023-01-25
PM05815,CUST08225,Credit Card,SBI,2607,true,2023-03-19
PM05816,CUST06508,UPI,BHIM,0565,true,2024-01-29
PM05817,CUST05754,Net Banking,SBI,8259,true,2024-10-23
PM05818,CUST09675,Credit Card,ICICI Bank,9006,false,2024-02-14
PM05819,CUST07775,UPI,Paytm,0118,true,2024-09-06
PM05820,CUST03577,UPI,GooglePay,8509,false,2025-09-14
PM05821,CUST02821,Debit Card,SBI,2591,true,2025-03-19
PM05822,CUST08400,Credit Card,ICICI Bank,5317,true,2023-05-31
PM05823,CUST06679,Debit Card,HDFC Bank,8739,true,2025-01-08
PM05824,CUST00111,UPI,,6172,false,2024-12-29
PM05825,CUST03290,UPI,Paytm,7605,true,2025-08-12
PM05826,CUST00535,UPI,BHIM,2780,true,2023-11-11
PM05827,CUST04729,UPI,BHIM,3783,false,2025-05-25
PM05828,CUST03279,UPI,GooglePay,9368,true,2023-12-31
PM05829,CUST02545,UPI,Paytm,2502,true,2023-03-20
PM05830,CUST02055,Credit Card,ICICI Bank,7006,true,2024-04-11
PM05831,CUST01704,UPI,GooglePay,4784,true,2024-12-11
PM05832,CUST02712,UPI,PhonePe,4317,true,2024-04-09
PM05833,CUST06260,UPI,Paytm,3808,true,2023-03-26
PM05834,CUST02939,Credit Card,HDFC Bank,4682,true,2024-05-22
PM05835,CUST04519,UPI,GooglePay,1230,false,2025-06-18
PM05836,CUST06788,Credit Card,ICICI Bank,0167,true,2023-07-10
PM05837,,Credit Card,ICICI Bank,4761,false,2024-01-10
PM05838,CUST00352,UPI,GooglePay,0778,true,2024-03-15
PM05839,CUST05570,Debit Card,ICICI Bank,1281,false,2024-05-11
PM05840,CUST08359,Credit Card,SBI,8641,true,2025-05-28
PM05841,CUST00242,UPI,Paytm,8534,true,2025-01-15
PM05842,CUST07102,UPI,BHIM,1005,true,2025-08-04
PM05843,CUST06463,UPI,GooglePay,1090,true,2025-03-06
PM05844,CUST07077,,ICICI Bank,6999,true,2025-03-05
PM05845,CUST00686,Net Banking,SBI,5129,true,2023-07-03
PM05846,CUST08622,UPI,Paytm,1636,false,2025-08-20
PM05847,CUST07041,UPI,GooglePay,9449,false,2023-09-06
PM05848,CUST04141,UPI,PhonePe,9135,false,2023-01-01
PM05849,CUST05666,UPI,Paytm,2666,true,2024-04-03
PM05850,CUST00830,Credit Card,Axis Bank,9612,true,2024-10-17
PM05851,CUST04309,UPI,BHIM,5392,true,2023-03-04
PM05852,CUST06821,UPI,BHIM,1458,true,2023-12-11
,CUST01590,Debit Card,SBI,7244,,2024-01-10
PM05854,CUST04551,UPI,PhonePe,2083,true,2024-08-21
PM05855,CUST04227,UPI,GooglePay,2782,true,2023-05-03
PM05856,CUST07703,UPI,GooglePay,7983,false,2024-05-27
PM05857,CUST05022,Net Banking,HDFC Bank,1818,true,2023-02-21
PM05858,CUST09118,Credit Card,SBI,9708,true,2024-01-16
PM05859,CUST03354,UPI,Paytm,3049,true,2023-07-03
PM05860,CUST00294,Debit Card,Axis Bank,5907,true,
PM05861,CUST00264,Net Banking,HDFC Bank,2300,Yes,2023-08-15
PM05862,,Net Banking,HDFC Bank,0109,true,2023-10-01
PM05863,CUST09971,UPI,BHIM,2796,true,2024-10-05
PM05864,CUST03632,UPI,GooglePay,8853,true,2023-03-08
PM05865,CUST01575,Debit Card,Axis Bank,8190,false,2023-04-30
PM05866,CUST09633,UPI,Paytm,9892,true,2023-01-17
PM05867,CUST04652,,BHIM,6594,true,2025-08-15
PM05868,CUST00077,Debit Card,HDFC Bank,6244,true,2024-02-27
PM05869,CUST01715,Debit Card,HDFC Bank,9400,false,2024-05-14
PM05870,CUST02544,Debit Card,Axis Bank,5564,false,2023-07-13
PM05871,CUST04552,UPI,Paytm,7455,true,2025-02-10
PM05872,CUST05031,UPI,GooglePay,3962,false,2023-08-22
PM05873,CUST04725,UPI,GooglePay,4760,true,2023-03-31
PM05874,CUST06449,Debit Card,Axis Bank,6419,true,2023-05-13
PM05875,CUST06731,Debit Card,SBI,2084,false,2024-08-17
PM05876,CUST07077,Credit Card,HDFC Bank,0606,true,2023-08-10
PM05877,CUST03064,UPI,GooglePay,4147,true,2023-02-16
PM05878,CUST08747,Credit Card,Axis Bank,3073,true,2023-02-26
PM05879,CUST06316,UPI,PhonePe,,true,2023-11-21
PM05880,CUST02976,UPI,PhonePe,8931,true,2024-05-18
PM05881,CUST00219,Debit Card,SBI,5660,true,2025-02-12
PM05882,CUST00172,Debit Card,HDFC Bank,4282,true,2023-10-17
PM05883,CUST04132,UPI,PhonePe,8823,true,2025-01-07
PM05884,CUST05157,Credit Card,ICICI Bank,4817,false,2023-11-27
PM05885,CUST06377,UPI,GooglePay,8389,true,2025-06-07
PM05886,CUST00297,Debit Card,HDFC Bank,9295,false,2024-04-18
PM05887,CUST02023,UPI,PhonePe,6118,true,2023-02-26
PM05888,CUST08986,UPI,PhonePe,0643,false,2025-08-06
PM05889,CUST08568,UPI,PhonePe,5445,false,2024-02-08
PM05890,CUST05645,UPI,Paytm,4704,false,2023-08-09
PM05891,CUST03941,UPI,Paytm,0281,true,2024-07-10
PM05892,CUST01232,UPI,GooglePay,6156,true,2024-06-15
PM05893,CUST09939,Credit Card,HDFC Bank,0254,true,2023-02-02
PM05894,CUST06660,UPI,Paytm,9489,false,2024-08-11
PM05895,CUST07530,Net Banking,HDFC Bank,,true,2024-10-10
PM05896,CUST06809,UPI,BHIM,8792,true,2023-06-22
PM05897,CUST00105,Net Banking,HDFC Bank,8523,true,2023-08-09
PM05898,CUST05684,Credit Card,HDFC Bank,3503,false,2024-06-09
PM05899,CUST01391,Net Banking,ICICI Bank,6309,true,2025-08-20
PM05900,CUST00032,Debit Card,Axis Bank,8953,true,2025-08-22
PM05901,CUST02656,UPI,GooglePay,8069,true,2024-01-13
PM05902,CUST01778,Net Banking,ICICI Bank,2492,true,2024-08-05
PM05903,CUST01350,UPI,GooglePay,9456,false,2023-04-21
PM05904,CUST00640,UPI,GooglePay,6222,true,2025-03-29
PM05905,CUST02272,UPI,Paytm,8154,true,2025-02-24
PM05906,CUST09961,Debit Card,SBI,7110,true,2025-05-09
PM05907,CUST00474,Debit Card,SBI,8235,true,2023-03-22
PM05908,CUST02264,Debit Card,Axis Bank,4555,true,2023-01-19
PM05909,CUST05715,UPI,PhonePe,,true,2025-03-17
PM05910,CUST02223,Credit Card,ICICI Bank,9697,true,2023-09-12
PM05911,CUST06153,Credit Card,HDFC Bank,4350,true,2024-02-05
PM05912,CUST08142,Debit Card,Axis Bank,9063,true,2024-11-12
PM05913,CUST08902,UPI,PhonePe,1458,true,2023-03-12
PM05914,CUST07435,UPI,Paytm,4558,true,2024-12-30
PM05915,CUST05452,Credit Card,SBI,3113,true,2023-10-06
PM05916,CUST00454,Credit Card,Axis Bank,6078,true,2025-08-04
PM05917,CUST04100,UPI,PhonePe,6541,true,2024-09-15
PM05918,CUST08936,Credit Card,Axis Bank,7520,true,2024-05-05
PM05919,CUST00332,UPI,BHIM,6592,,2024-11-14
,CUST00232,Credit Card,ICICI Bank,4295,true,2023-04-26
PM05921,CUST07527,Debit Card,HDFC Bank,3055,false,2024-06-16
PM05922,CUST00391,Credit Card,Axis Bank,9155,true,2023-05-26
PM05923,CUST07052,UPI,PhonePe,6112,true,2025-02-24
PM05924,CUST04389,UPI,BHIM,1040,true,2025-03-17
PM05925,CUST06389,UPI,GooglePay,2309,true,2025-06-16
PM05926,CUST08387,Credit Card,HDFC Bank,8389,true,2024-02-09
PM05927,CUST02904,UPI,PhonePe,0272,true,2024-06-02
PM05928,CUST05303,UPI,Paytm,2795,false,2024-01-29
PM05929,,UPI,GooglePay,7015,false,2024-09-05
PM05930,CUST05567,UPI,GooglePay,0554,true,2024-10-24
PM05931,CUST03219,Debit Card,HDFC Bank,4749,true,2023-08-07
PM05932,CUST06037,Debit Card,ICICI Bank,9481,false,2025-01-09
PM05933,CUST02829,UPI,BHIM,9180,true,2024-02-02
PM05934,CUST05449,Net Banking,SBI,2721,true,2024-04-07
PM05935,CUST02460,UPI,Paytm,4255,true,2023-07-11
PM05936,CUST05044,UPI,Paytm,1937,true,2023-09-22
PM05937,CUST02659,Debit Card,ICICI Bank,3191,0,2025-02-04
PM05938,CUST06655,Debit Card,HDFC Bank,4298,true,2025-04-12
PM05939,CUST03802,Debit Card,ICICI Bank,5664,true,2024-06-09
PM05940,CUST01258,Debit Card,SBI,5409,true,2025-03-20
PM05941,CUST01708,UPI,GooglePay,0062,,2025-05-09
PM05942,CUST08520,UPI,GooglePay,9847,true,2024-06-11
PM05943,CUST01868,UPI,Paytm,1961,true,2023-07-24
PM05944,CUST03328,UPI,GooglePay,5168,true,2024-02-08
PM05945,CUST00777,UPI,BHIM,9182,true,2024-03-18
PM05946,CUST08298,Debit Card,SBI,5557,true,2025-01-17
PM05947,CUST01656,UPI,BHIM,5320,true,2024-09-21
PM05948,CUST07349,Credit Card,Axis Bank,5363,true,2023-11-23
PM05949,CUST06617,Net Banking,HDFC Bank,6084,false,2024-03-21
PM05950,CUST05655,Debit Card,HDFC Bank,8861,false,2024-11-15
PM05335,CUST05343,Debit Card,ICICI Bank,1882,true,2024-11-22
PM05952,CUST06831,UPI,GooglePay,6929,true,2025-03-21
PM05953,CUST04851,Debit Card,ICICI Bank,8075,true,2023-12-17
PM05954,CUST05329,Credit Card,Axis Bank,4465,true,2025-06-10
PM05955,CUST02626,UPI,PhonePe,3810,true,2024-07-26
PM05956,CUST01452,UPI,PhonePe,1750,true,2025-05-23
PM05957,CUST07544,Credit Card,ICICI Bank,1080,true,2024-01-28
PM05958,CUST03861,Debit Card,SBI,0337,true,2025-03-02
PM05959,CUST08119,Credit Card,SBI,8243,true,2023-03-28
PM05960,CUST02648,Debit Card,SBI,9099,true,2023-08-24
PM05961,CUST08603,UPI,PhonePe,0391,true,2023-06-17
PM05962,CUST04390,UPI,GooglePay,2430,true,2023-02-23
PM05963,CUST07203,Debit Card,,5790,false,2025-03-31
PM05964,CUST01620,UPI,BHIM,0453,true,2025-07-09
PM05965,CUST06434,UPI,GooglePay,8617,true,2024-10-08
PM05966,CUST06130,Credit Card,ICICI Bank,9190,true,2024-08-26
PM05967,CUST06199,UPI,PhonePe,4340,false,2023-06-01
PM05968,CUST02953,UPI,BHIM,1779,true,2023-07-12
PM05969,CUST06303,Net Banking,HDFC Bank,4194,false,2025-06-19
PM05970,CUST07111,UPI,GooglePay,8237,true,2023-02-02
PM05971,CUST08523,UPI,PhonePe,8533,false,2023-04-16
PM05972,CUST06805,UPI,GooglePay,9380,true,2025-01-26
PM05973,CUST06008,Net Banking,SBI,1969,true,2024-02-13
PM05974,CUST06335,Credit Card,SBI,0847,true,2023-12-16
PM05975,CUST04696,UPI,BHIM,9507,true,2024-06-12
PM05976,CUST03422,Credit Card,Axis Bank,0357,true,2023-11-05
PM05977,CUST09247,UPI,BHIM,8112,true,2025-06-01
PM05978,CUST09920,Credit Card,Axis Bank,9777,true,2023-07-26
PM05979,CUST06550,Debit Card,HDFC Bank,9542,true,2025-06-06
PM05980,CUST09729,UPI,BHIM,6124,true,2023-06-16
PM05981,CUST02453,Net Banking,SBI,9447,true,2023-02-25
PM05982,CUST01410,Net Banking,SBI,2911,true,2023-04-22
PM05983,CUST06422,UPI,Paytm,9464,true,2024-10-18
PM05984,CUST05946,UPI,GooglePay,7793,true,2025-07-17
PM05985,CUST00286,Credit Card,ICICI Bank,3951,true,2023-08-03
PM05986,CUST03225,UPI,Paytm,,false,2024-01-20
PM05987,CUST00765,Net Banking,ICICI Bank,4653,false,2023-03-01
PM05988,CUST03827,Debit Card,SBI,4043,true,2024-11-24
PM05989,CUST02407,UPI,BHIM,5086,true,2025-08-10
PM05990,CUST03486,Credit Card,ICICI Bank,2854,true,2024-03-08
PM05991,CUST03686,UPI,BHIM,5514,true,2024-05-27
PM05992,CUST08557,Debit Card,ICICI Bank,7385,true,2023-08-08
PM05993,CUST05302,UPI,PhonePe,6200,true,2024-02-04
PM05994,CUST08758,Net Banking,ICICI Bank,4747,false,2024-04-25
PM05995,CUST04877,UPI,PhonePe,1364,true,2023-10-14
PM05996,CUST04326,UPI,PhonePe,7362,true,2023-12-08
PM05997,CUST02364,UPI,PhonePe,4991,true,2023-10-31
PM05998,CUST05641,UPI,BHIM,8225,true,2024-04-17
PM05999,CUST09409,UPI,Paytm,4541,false,2023-03-25
PM05785,CUST05011,Debit Card,SBI,3622,false,2025-01-07
PM06001,CUST08262,UPI,Paytm,8892,false,2023-11-15
PM06002,CUST05188,Credit Card,HDFC Bank,6642,true,2024-02-07
PM06003,CUST05521,Credit Card,HDFC Bank,2614,false,2023-02-23
PM06004,CUST01454,Credit Card,ICICI Bank,3658,true,2024-04-02
PM06005,CUST04085,Debit Card,SBI,8566,true,2023-03-21
PM06006,CUST09441,Credit Card,SBI,6668,true,2024-10-04
PM06007,CUST05103,Credit Card,SBI,4827,false,2024-06-22
PM06008,CUST01828,UPI,BHIM,6006,true,2024-03-16
PM06009,CUST04071,Net Banking,ICICI Bank,9262,false,2024-01-23
PM06010,CUST06919,UPI,BHIM,7528,true,2025-06-11
PM06011,CUST08970,Debit Card,Axis Bank,9296,true,2023-07-25
PM06012,CUST00647,UPI,PhonePe,4930,true,2025-02-15
PM06013,CUST01848,UPI,GooglePay,2373,true,2024-04-17
PM06014,CUST01936,Net Banking,SBI,1827,false,2023-04-13
PM06015,CUST08772,Credit Card,HDFC Bank,6316,true,2023-06-18
PM06016,,Credit Card,Axis Bank,1961,false,2024-10-11
PM06017,CUST05223,Credit Card,Axis Bank,4652,true,2025-02-14
PM06352,CUST07224,Credit Card,ICICI Bank,2949,true,2024-12-01
PM06019,CUST08502,Credit Card,SBI,7617,true,2025-05-06
PM06020,CUST08639,Credit Card,SBI,6856,,2023-04-12
PM06021,CUST03914,Debit Card,ICICI Bank,3311,true,2023-08-24
PM06022,CUST06808,UPI,GooglePay,1704,true,2025-08-18
PM06023,CUST08866,UPI,Paytm,3229,false,2024-04-08
PM06024,CUST04985,UPI,PhonePe,2537,true,2025-05-08
PM06025,CUST06096,UPI,BHIM,9865,true,2024-10-24
PM06026,CUST06563,Net Banking,HDFC Bank,6779,false,2025-08-31
PM06027,CUST05929,Debit Card,ICICI Bank,7527,true,2024-11-11
PM06028,CUST03934,UPI,Paytm,1200,false,2024-10-18
PM06029,CUST05656,Credit Card,Axis Bank,1049,true,2024-11-10
PM06030,CUST01396,Credit Card,SBI,7998,true,2025-07-18
PM06031,CUST09551,Debit Card,SBI,6982,true,2024-07-27
PM06032,CUST01325,Credit Card,ICICI Bank,4131,true,2025-09-02
PM06033,CUST02196,UPI,Paytm,2483,true,2025-06-11
PM06034,CUST09849,Net Banking,SBI,9015,true,2024-05-31
PM06035,CUST01913,Debit Card,Axis Bank,3810,true,2023-08-10
PM06036,CUST05282,Credit Card,SBI,6475,true,2025-09-18
PM06037,CUST07649,Credit Card,SBI,0884,true,2023-01-03
PM06038,CUST01175,,SBI,4470,false,2025-09-10
PM06039,CUST05703,UPI,BHIM,5414,true,2023-09-13
PM06040,CUST03214,Credit Card,ICICI Bank,8523,true,2024-09-28
PM06041,CUST09145,UPI,BHIM,9899,true,2024-06-13
,CUST01488,UPI,Paytm,7865,true,2024-02-14
PM06043,CUST03660,UPI,GooglePay,8513,true,2025-03-21
PM06044,CUST04562,UPI,BHIM,8524,false,2025-02-13
PM06045,CUST06646,Credit Card,ICICI Bank,0730,false,2025-08-01
PM06046,CUST00640,UPI,GooglePay,0101,true,2023-02-01
PM06047,CUST04765,Debit Card,SBI,5693,true,2024-07-12
PM06048,CUST04395,UPI,PhonePe,2705,false,2025-06-16
PM07654,CUST05433,UPI,BHIM,6157,true,2024-04-07
PM06050,CUST03650,Credit Card,,1125,,2024-06-08
PM06051,CUST09551,Debit Card,SBI,9171,true,2023-07-08
PM06052,CUST05902,Debit Card,SBI,4443,true,2024-02-21
PM06053,CUST05942,UPI,PhonePe,0973,true,
PM06054,CUST05469,Debit Card,HDFC Bank,7530,false,2025-01-15
PM06055,CUST07857,Debit Card,HDFC Bank,8079,true,2025-05-14
PM06056,CUST09370,UPI,Paytm,4322,true,2024-03-02
PM06057,CUST03703,Debit Card,HDFC Bank,4738,true,2023-12-17
PM06058,CUST02334,Debit Card,Axis Bank,1745,true,2024-09-26
PM06059,CUST02130,UPI,BHIM,1407,true,2025-07-23
PM06060,CUST00317,Net Banking,ICICI Bank,6305,false,2025-09-05
PM06061,CUST09670,UPI,GooglePay,5585,false,2025-01-14
PM06062,CUST01994,UPI,Paytm,0775,true,2024-06-09
PM06063,CUST07842,Credit Card,Axis Bank,9212,true,2024-03-23
PM06064,CUST07496,Credit Card,SBI,3499,false,2025-04-03
PM06065,CUST02245,Net Banking,ICICI Bank,0187,true,2023-01-16
PM06066,CUST02004,Debit Card,HDFC Bank,0786,true,2025-03-12
PM06067,CUST04630,Debit Card,SBI,0819,true,2024-11-09
PM06068,CUST08931,Debit Card,ICICI Bank,9557,true,2024-04-16
PM06069,CUST09803,UPI,Paytm,2653,true,2023-07-12
PM06070,,UPI,GooglePay,8026,false,2023-11-08
PM06071,CUST01828,UPI,PhonePe,8404,true,2024-05-10
PM06072,CUST08672,UPI,Paytm,2245,true,2025-02-09
PM06073,CUST06402,UPI,PhonePe,2681,false,2023-05-10
PM06074,CUST09629,UPI,BHIM,4678,false,2025-01-13
PM06075,CUST02066,UPI,BHIM,5407,true,2023-12-29
PM06076,CUST00245,Debit Card,Axis Bank,8256,true,
PM06077,CUST02560,UPI,PhonePe,6020,true,2024-06-20
PM06078,CUST03824,Credit Card,Axis Bank,9404,true,2024-02-18
PM06079,CUST03836,UPI,PhonePe,3524,true,2023-10-14
PM06080,CUST06716,Credit Card,HDFC Bank,3615,true,2024-05-21
PM06081,CUST08145,UPI,BHIM,9160,true,2023-12-14
PM06082,CUST03670,UPI,Paytm,3895,true,2023-03-28
PM06083,CUST00233,Net Banking,ICICI Bank,7781,,2023-11-27
PM06084,CUST07142,UPI,PhonePe,2419,true,2023-11-15
PM06085,CUST02299,UPI,Paytm,1077,false,2023-03-20
PM06086,CUST08684,Credit Card,ICICI Bank,9599,true,2025-05-23
PM06087,CUST07817,Credit Card,ICICI Bank,8594,false,2024-03-16
PM06088,CUST01227,Debit Card,Axis Bank,7303,false,2023-08-30
PM06089,CUST06510,Credit Card,HDFC Bank,5879,true,2023-01-13
PM06090,CUST08844,Credit Card,ICICI Bank,3720,true,2023-01-23
PM06091,CUST05969,Net Banking,HDFC Bank,5415,false,2024-10-31
PM06092,CUST02286,UPI,Paytm,4241,true,2023-07-17
PM06093,CUST07477,UPI,GooglePay,4831,false,2024-11-03
PM06094,CUST03758,Credit Card,SBI,0126,false,2023-08-09
PM06095,CUST01962,Debit Card,Axis Bank,2855,Yes,2024-05-05
PM09487,CUST03619,UPI,PhonePe,9438,false,2023-04-25
PM06097,CUST03661,Credit Card,ICICI Bank,8868,true,2023-12-30
PM06098,CUST08859,Net Banking,HDFC Bank,6753,true,2023-01-19
PM06099,CUST03131,UPI,GooglePay,,true,2023-05-03
PM06100,CUST01495,UPI,GooglePay,7914,true,2025-08-28
PM06101,CUST00045,Credit Card,SBI,9252,true,2024-04-28
PM06102,CUST02002,UPI,Paytm,7704,true,2024-02-19
PM06103,CUST08179,Debit Card,SBI,5115,true,2023-08-06
PM06104,CUST04733,UPI,GooglePay,2543,true,2025-02-27
PM06105,CUST07158,UPI,Paytm,1117,true,2023-10-03
PM06106,CUST03182,UPI,BHIM,0750,Yes,2025-04-10
PM06107,CUST03168,UPI,PhonePe,0883,false,2024-05-13
PM06108,CUST08645,Debit Card,SBI,3111,true,2025-01-26
PM06109,CUST05704,UPI,PhonePe,1328,false,2023-07-11
PM06110,CUST05766,UPI,PhonePe,5515,true,2024-06-17
,CUST05154,Net Banking,,0339,true,2023-12-20
PM06112,CUST03342,Debit Card,Axis Bank,1848,true,2024-07-02
PM06113,CUST04167,Credit Card,ICICI Bank,0763,false,2024-11-02
PM06114,CUST07139,UPI,Paytm,1262,false,2024-03-05
PM06115,CUST09845,Debit Card,SBI,8555,true,2024-02-05
PM06116,CUST08143,Debit Card,ICICI Bank,1202,true,2024-04-20
PM06117,CUST09370,Debit Card,Axis Bank,9920,true,2024-09-11
PM06118,CUST04767,,GooglePay,9896,false,2024-09-22
PM06119,CUST01768,Credit Card,Axis Bank,1489,true,2025-09-02
PM06120,CUST01447,Credit Card,ICICI Bank,9216,true,2024-01-11
PM06121,CUST05659,UPI,Paytm,2705,true,2023-10-10
PM06122,CUST07169,Net Banking,HDFC Bank,5043,true,2025-05-03
PM06123,CUST01805,Credit Card,HDFC Bank,2317,true,2025-09-26
PM06124,CUST03190,UPI,GooglePay,3442,true,2023-10-28
PM06125,CUST06540,Credit Card,ICICI Bank,9562,true,2023-02-25
PM06126,CUST08964,UPI,BHIM,2357,true,2023-07-28
PM06127,CUST01037,UPI,BHIM,2232,true,2025-09-18
PM06128,CUST00184,UPI,GooglePay,1642,true,2024-07-02
PM06129,CUST09017,UPI,GooglePay,9040,true,2024-05-15
PM06130,CUST04124,UPI,PhonePe,9940,true,2025-04-07
PM06131,CUST03210,Credit Card,Axis Bank,0682,true,2024-09-28
PM06132,CUST09538,Credit Card,,9563,false,2023-03-09
PM06133,CUST01203,UPI,BHIM,5801,true,2025-07-05
PM06134,CUST05382,UPI,PhonePe,7795,true,2024-03-06
PM06135,CUST01502,UPI,PhonePe,5686,false,2025-05-02
PM06136,CUST01057,UPI,GooglePay,1036,true,2025-07-30
PM06137,CUST03903,UPI,BHIM,1111,true,2025-04-05
PM06138,CUST04679,Credit Card,Axis Bank,6486,true,2024-02-17
PM06139,CUST00606,UPI,GooglePay,8924,true,2023-06-05
PM06140,CUST08366,UPI,BHIM,2418,true,2023-06-15
PM06141,CUST08262,Debit Card,SBI,8857,true,2024-02-26
PM06142,CUST00385,UPI,PhonePe,4045,true,2023-03-08
PM06143,CUST08512,Debit Card,SBI,1206,true,2023-03-02
PM06144,CUST09980,Debit Card,Axis Bank,1231,true,2023-10-05
PM06145,CUST05696,Debit Card,SBI,3389,false,2025-04-24
PM06146,CUST04366,Credit Card,HDFC Bank,5031,false,2024-03-26
PM06147,CUST09380,UPI,Paytm,3006,false,2024-04-17
PM06148,CUST01996,UPI,GooglePay,6972,false,2023-08-04
PM06149,CUST09064,Credit Card,ICICI Bank,0328,true,2025-07-26
PM06150,CUST05120,Net Banking,HDFC Bank,3555,true,2023-09-25
PM06151,CUST05470,UPI,GooglePay,9014,false,2025-01-29
PM06152,CUST04421,Credit Card,HDFC Bank,0603,true,2024-06-11
PM06153,CUST08840,Net Banking,HDFC Bank,4590,true,
PM06154,CUST04310,UPI,Paytm,5431,true,2023-11-30
PM06155,CUST03673,UPI,PhonePe,6638,true,2024-12-06
PM06156,CUST07464,UPI,GooglePay,3644,true,2023-04-19
PM06157,CUST02767,Debit Card,ICICI Bank,4201,false,2025-04-28
PM06158,CUST04100,UPI,Paytm,7929,true,2024-05-22
PM06159,CUST03288,UPI,GooglePay,1340,true,2024-02-16
PM06160,CUST07750,Credit Card,Axis Bank,9941,false,2025-02-05
PM06161,CUST05153,Net Banking,ICICI Bank,2561,true,2024-08-16
PM06162,CUST06113,UPI,PhonePe,7177,true,2024-01-03
PM06163,CUST02597,Debit Card,ICICI Bank,0651,true,2023-01-06
PM06164,CUST09933,UPI,PhonePe,5479,true,2024-01-14
PM06165,CUST01941,,GooglePay,8140,true,2025-04-18
PM06166,CUST09765,Credit Card,ICICI Bank,6140,true,2024-06-16
PM06167,CUST09640,,Paytm,3328,true,2025-01-19
PM06168,CUST01153,Debit Card,ICICI Bank,1500,true,2024-06-20
PM06169,CUST06555,Credit Card,SBI,6889,true,2025-04-21
PM06170,CUST00018,UPI,BHIM,3731,false,2024-07-27
PM06171,CUST03955,UPI,PhonePe,8493,true,2025-06-24
PM06172,CUST07258,UPI,BHIM,8499,true,2025-06-07
PM06173,CUST08288,Net Banking,HDFC Bank,3000,true,2023-06-02
PM06174,CUST03504,UPI,Paytm,3705,false,2025-09-16
PM06175,CUST08964,Debit Card,ICICI Bank,9346,false,2024-04-18
PM06176,CUST05358,Credit Card,ICICI Bank,6605,false,2023-09-24
PM06177,CUST07881,UPI,GooglePay,6997,true,2023-03-22
PM06178,CUST03903,UPI,GooglePay,8390,true,2023-10-28
PM06179,CUST00493,Debit Card,HDFC Bank,0923,true,2023-12-22
PM06180,CUST05818,UPI,PhonePe,5821,true,2025-09-07
PM06181,CUST03196,UPI,GooglePay,4499,true,2025-08-16
PM06182,CUST07907,Credit Card,Axis Bank,2817,true,2025-04-10
PM06183,CUST03283,UPI,Paytm,6817,true,2024-01-26
PM06184,CUST08212,UPI,PhonePe,4666,true,2025-03-15
PM06185,CUST04496,Credit Card,ICICI Bank,4368,false,2025-01-12
PM06186,CUST01466,Debit Card,HDFC Bank,2961,true,2025-07-11
PM06187,CUST06866,Net Banking,HDFC Bank,2771,true,2025-05-03
PM06188,CUST06159,UPI,Paytm,9546,true,
PM06189,CUST05327,Debit Card,HDFC Bank,5027,true,2024-02-27
PM06190,CUST05934,UPI,BHIM,0919,true,2023-09-07
PM06191,CUST09235,Credit Card,Axis Bank,9232,true,2024-12-26
PM06192,CUST04352,Net Banking,,8232,true,2024-12-02
PM06193,CUST03240,UPI,BHIM,1473,true,2025-06-29
PM06194,CUST06621,UPI,GooglePay,3550,No,2025-02-24
PM06195,CUST08103,Debit Card,ICICI Bank,1271,true,2023-02-03
PM06196,CUST07668,UPI,BHIM,0138,false,2025-07-21
PM06197,CUST01384,UPI,PhonePe,0110,false,2025-07-16
PM06198,CUST05684,Net Banking,SBI,8852,true,2023-01-07
PM06525,CUST08995,UPI,Paytm,7821,true,2025-07-10
PM06200,CUST01146,Credit Card,Axis Bank,9080,true,2023-09-01
PM06201,CUST01622,UPI,BHIM,6007,true,2024-11-24
PM06202,CUST02752,Debit Card,ICICI Bank,1825,,2025-02-12
PM06203,,Credit Card,Axis Bank,7587,true,2023-07-26
PM06204,CUST07257,UPI,BHIM,0056,true,2023-06-28
PM06205,CUST01968,Credit Card,Axis Bank,4539,true,2024-04-13
PM06206,CUST08270,Credit Card,Axis Bank,8122,true,2024-11-23
PM06207,CUST05764,Net Banking,HDFC Bank,9492,true,2024-09-15
PM06208,CUST04288,UPI,BHIM,3278,true,2024-07-20
PM06209,CUST07933,Credit Card,ICICI Bank,7616,true,2023-11-30
PM06210,CUST01274,Credit Card,SBI,5633,false,2023-06-23
PM06211,CUST03869,UPI,GooglePay,7040,true,2023-12-09
PM06212,CUST07859,Net Banking,SBI,8041,true,2024-08-17
PM06213,CUST01556,Net Banking,HDFC Bank,7853,true,2024-05-20
PM06214,CUST01341,Credit Card,HDFC Bank,2134,true,2025-05-20
PM06215,CUST08384,Debit Card,SBI,5696,true,2024-12-21
PM06216,,UPI,BHIM,0011,true,2025-08-19
PM06217,CUST06573,UPI,GooglePay,8063,true,2023-08-05
PM06218,CUST00271,Credit Card,SBI,9987,,2024-03-18
,CUST00723,Credit Card,SBI,5267,false,2023-09-04
PM06220,CUST07647,Debit Card,HDFC Bank,0166,true,2025-05-27
PM06221,CUST04900,Debit Card,SBI,8902,true,2023-01-02
PM06222,CUST07987,UPI,Paytm,5318,false,2025-02-05
PM06223,CUST08545,Credit Card,HDFC Bank,0953,false,2024-08-30
PM06224,CUST00765,Debit Card,HDFC Bank,2676,true,2025-01-15
PM06225,CUST04270,UPI,Paytm,5044,true,2024-03-28
PM06226,CUST03946,Credit Card,SBI,8284,true,2024-04-07
PM06227,CUST02846,UPI,PhonePe,7359,false,2023-10-28
PM06228,CUST07473,Credit Card,ICICI Bank,7590,true,2025-03-28
PM06229,CUST09774,Debit Card,HDFC Bank,9829,true,2025-02-15
PM06230,CUST06456,Credit Card,SBI,3434,true,2024-04-21
PM00331,CUST07830,UPI,Paytm,6936,true,2024-07-24
PM06232,,Debit Card,HDFC Bank,3970,true,2023-08-21
PM06233,CUST03626,Net Banking,HDFC Bank,,false,2025-04-13
PM06234,CUST09604,UPI,GooglePay,6274,true,2025-08-21
PM06235,CUST06665,UPI,GooglePay,2290,true,2025-05-06
PM06236,CUST06397,Credit Card,HDFC Bank,9730,true,2023-08-28
PM06237,CUST04486,Net Banking,HDFC Bank,1515,true,2024-12-27
PM06238,CUST03515,Credit Card,ICICI Bank,3099,true,2025-05-23
PM06239,CUST05631,UPI,Paytm,8301,true,2023-04-25
PM06240,CUST01633,Debit Card,Axis Bank,4487,true,2023-11-14
PM06241,CUST04562,UPI,Paytm,9243,Yes,2023-11-28
PM06242,CUST01637,Net Banking,HDFC Bank,1803,true,2023-11-25
PM06243,CUST00942,UPI,BHIM,7709,true,2023-06-13
PM06244,CUST05141,,PhonePe,7157,true,2024-02-24
PM06245,CUST01127,Debit Card,HDFC Bank,2971,true,2024-02-24
PM06246,CUST04410,UPI,Paytm,5887,false,2025-07-02
,CUST06282,Net Banking,SBI,8848,true,2023-03-06
PM06248,CUST00174,Credit Card,ICICI Bank,3131,true,2025-03-24
PM06249,CUST00360,Credit Card,HDFC Bank,5811,true,2024-06-10
PM00771,CUST00176,UPI,Paytm,8351,false,2025-02-20
PM06251,CUST05633,Credit Card,Axis Bank,1902,true,2023-04-26
PM06252,CUST08829,Net Banking,HDFC Bank,8209,false,2023-05-26
PM06253,CUST00517,UPI,BHIM,3242,true,2023-08-11
PM06254,CUST00572,UPI,BHIM,5416,true,2023-03-19
PM06255,CUST07978,UPI,GooglePay,3950,true,2023-07-04
PM06256,CUST00663,Credit Card,SBI,7539,true,2023-02-25
PM06257,CUST09646,Credit Card,ICICI Bank,9686,true,2024-03-09
PM06258,CUST07325,Credit Card,ICICI Bank,6573,true,2024-12-10
PM06259,CUST02306,UPI,Paytm,8302,true,2023-10-07
PM06260,CUST03729,Debit Card,ICICI Bank,7328,false,2023-04-28
PM06261,CUST05291,Debit Card,ICICI Bank,9262,true,2023-12-02
PM06262,CUST07649,Credit Card,Axis Bank,4172,true,2025-05-20
PM06263,CUST08227,Debit Card,SBI,2678,false,2023-04-01
PM06264,CUST01857,UPI,BHIM,7785,true,2024-06-05
PM06265,CUST00352,Debit Card,HDFC Bank,5120,true,2024-02-24
PM06266,CUST00746,UPI,BHIM,6119,false,2024-12-06
PM06267,CUST07242,UPI,PhonePe,1364,true,2024-02-08
PM06268,CUST05651,Debit Card,ICICI Bank,2454,true,2024-06-20
PM06269,CUST06242,UPI,BHIM,0432,false,2024-12-07
PM06270,CUST05188,UPI,Paytm,3080,false,2024-07-25
PM06271,CUST01603,UPI,Paytm,6898,false,2024-03-30
PM06272,CUST09014,UPI,PhonePe,8869,true,2024-04-18
PM06273,CUST08551,UPI,GooglePay,,true,2023-06-03
PM06274,CUST03140,UPI,BHIM,3939,false,2025-05-24
PM06275,CUST04520,UPI,PhonePe,8059,false,2024-12-29
PM06276,CUST06274,Credit Card,ICICI Bank,0199,true,2023-10-24
PM06277,CUST06220,UPI,Paytm,8738,true,2025-01-09
PM06278,CUST07327,Credit Card,Axis Bank,1089,true,2023-08-05
PM06279,CUST08027,Credit Card,ICICI Bank,6848,true,2025-07-11
PM06280,CUST03744,UPI,PhonePe,7449,false,2023-10-04
PM06281,CUST08866,Debit Card,Axis Bank,8089,true,2025-08-18
PM06282,CUST05353,UPI,GooglePay,9998,true,2023-07-29
PM06283,CUST06728,Debit Card,ICICI Bank,,true,2024-01-05
PM06284,CUST03655,Net Banking,HDFC Bank,5421,true,2023-01-02
PM06285,CUST01392,UPI,GooglePay,2740,true,2023-11-24
PM06286,CUST04958,Debit Card,HDFC Bank,9384,false,2024-03-02
PM06287,CUST01101,UPI,Paytm,1028,false,2025-02-04
PM06288,CUST05141,UPI,GooglePay,2419,true,2025-08-26
PM06289,CUST01451,Credit Card,HDFC Bank,4542,true,2025-01-07
PM06290,CUST04514,Debit Card,Axis Bank,0065,true,2023-11-10
PM06291,CUST08407,UPI,Paytm,0902,true,2024-08-18
PM06292,CUST06881,UPI,PhonePe,1280,true,2025-01-03
PM06293,CUST01929,Credit Card,HDFC Bank,9054,true,2023-02-18
PM06294,CUST07256,UPI,GooglePay,4239,false,2025-04-17
PM06295,CUST01227,Credit Card,Axis Bank,6977,true,2024-09-17
PM06296,CUST06121,UPI,BHIM,2380,false,2023-11-27
PM06297,CUST03730,Debit Card,Axis Bank,5822,true,2024-03-24
PM06298,CUST07522,Credit Card,HDFC Bank,0728,true,2025-08-18
PM06299,CUST08776,UPI,BHIM,5527,true,2023-06-08
PM06300,CUST01447,UPI,Paytm,7090,true,2023-01-10
PM06301,CUST05115,UPI,Paytm,2246,true,2024-06-09
PM06302,CUST07736,Credit Card,ICICI Bank,2842,true,2025-04-19
PM06303,CUST07848,Debit Card,Axis Bank,2571,true,2024-11-14
PM06304,CUST02008,Debit Card,Axis Bank,0557,false,2024-01-12
PM06305,CUST05288,UPI,GooglePay,4118,true,2023-05-30
PM06306,CUST04001,Debit Card,Axis Bank,6800,true,2023-08-30
PM06307,CUST04080,UPI,Paytm,2820,true,2023-03-23
PM06308,CUST04869,UPI,BHIM,7430,false,2023-07-19
PM06309,CUST02755,UPI,BHIM,9620,true,2024-11-15
PM06310,CUST00317,Debit Card,ICICI Bank,9849,true,2023-11-12
PM06311,CUST08451,UPI,BHIM,6612,true,2025-04-27
PM06312,CUST05049,Net Banking,ICICI Bank,6205,true,2024-04-30
PM06313,CUST01690,UPI,,1834,true,2025-04-25
PM06314,CUST05763,Debit Card,HDFC Bank,9484,true,2024-01-07
PM06315,CUST07408,UPI,BHIM,0686,true,2024-04-11
PM06316,CUST00016,UPI,Paytm,8176,false,2024-03-06
PM06317,CUST01057,UPI,GooglePay,7525,true,2025-01-21
PM06318,CUST00962,Credit Card,SBI,0316,true,2024-09-09
PM06319,CUST09789,Debit Card,ICICI Bank,3817,true,2025-04-09
PM06320,CUST08957,UPI,GooglePay,8756,true,2024-12-24
PM06321,CUST01771,Debit Card,SBI,2804,false,2025-07-31
PM06322,CUST09394,Debit Card,SBI,2160,true,2023-12-06
PM06323,CUST09791,UPI,GooglePay,1840,false,2025-08-20
PM06324,CUST03961,UPI,PhonePe,4775,false,2025-04-01
PM06325,CUST07681,Net Banking,SBI,5142,false,2024-08-01
PM06326,CUST04436,Debit Card,Axis Bank,5065,false,2024-06-26
PM06327,CUST01946,Net Banking,ICICI Bank,8329,true,
PM06328,CUST09870,UPI,GooglePay,2834,true,2023-04-24
PM06329,CUST01982,UPI,GooglePay,3136,true,2023-09-29
PM06330,CUST06282,Net Banking,ICICI Bank,3286,true,2023-02-11
PM06331,CUST01280,Credit Card,Axis Bank,6043,true,2025-06-25
PM06332,CUST06902,Debit Card,ICICI Bank,3751,true,2025-04-25
PM02578,CUST08109,Credit Card,SBI,4288,true,2024-07-14
PM06334,CUST03780,UPI,GooglePay,4271,true,2023-07-09
PM06335,CUST00661,UPI,PhonePe,5490,true,2024-03-11
PM06336,CUST04158,Debit Card,HDFC Bank,5255,true,2025-05-08
PM06337,CUST05265,UPI,PhonePe,4232,true,2025-07-12
PM06338,CUST03698,UPI,BHIM,1480,true,2023-04-11
PM06339,CUST08984,UPI,Paytm,7340,true,2023-07-25
PM06340,CUST08614,UPI,BHIM,0598,true,2023-07-17
PM06341,CUST08702,UPI,PhonePe,4834,true,2025-05-19
PM06342,CUST06529,Debit Card,HDFC Bank,0361,false,2024-03-04
PM06343,CUST04391,Debit Card,Axis Bank,2890,true,2024-05-05
PM06344,CUST06883,Credit Card,SBI,4560,true,2023-10-04
PM06345,CUST04551,Credit Card,HDFC Bank,9267,true,2025-03-26
PM06346,CUST07025,Net Banking,HDFC Bank,2209,true,2025-04-30
PM06347,CUST00909,UPI,GooglePay,8796,true,2024-06-13
PM06348,CUST04334,Debit Card,Axis Bank,7597,false,2023-05-23
PM06349,CUST08564,Debit Card,ICICI Bank,4738,0,2025-06-10
PM06350,CUST07036,Credit Card,Axis Bank,9241,true,2023-01-30
PM06351,CUST07230,UPI,GooglePay,2722,false,2024-12-23
PM06352,CUST07224,Credit Card,ICICI Bank,2949,true,2024-12-01
PM06353,CUST07607,Net Banking,HDFC Bank,,true,2023-03-19
PM00897,CUST06412,Debit Card,Axis Bank,5886,false,2024-02-18
PM06355,CUST09504,Debit Card,Axis Bank,6521,true,2024-10-18
PM06356,CUST08143,Debit Card,SBI,0986,false,2023-10-26
PM06357,CUST02241,UPI,BHIM,0961,true,2024-11-02
PM06358,CUST00006,UPI,BHIM,1230,true,2023-01-22
PM06359,CUST07484,UPI,BHIM,9154,true,2023-10-15
PM06360,CUST08951,Debit Card,ICICI Bank,7495,true,2023-06-24
PM06361,CUST01184,Debit Card,Axis Bank,6937,true,2023-02-04
PM06362,CUST02078,Debit Card,ICICI Bank,1530,true,2024-01-30
PM06363,CUST09676,UPI,PhonePe,7828,true,2023-11-29
PM06364,CUST01326,UPI,Paytm,4876,true,2024-06-05
PM06365,CUST01701,Debit Card,ICICI Bank,8291,true,2024-06-29
PM06366,CUST07866,UPI,PhonePe,5053,false,2023-03-18
PM06367,CUST05237,,GooglePay,8065,true,2025-05-23
PM06368,CUST03514,Net Banking,HDFC Bank,1682,false,2024-11-16
PM06369,CUST03297,UPI,GooglePay,6157,true,2025-07-30
PM06370,CUST00970,Net Banking,SBI,3938,true,2023-08-13
PM06371,CUST00831,Credit Card,,1985,true,2024-11-16
PM06372,CUST09463,UPI,BHIM,8670,true,2023-06-20
PM06373,CUST07693,Debit Card,HDFC Bank,7132,true,2024-09-25
PM06374,CUST03904,Credit Card,ICICI Bank,9502,true,2025-02-03
PM06375,CUST02831,Credit Card,HDFC Bank,0198,true,2023-07-24
PM06376,CUST02563,Credit Card,HDFC Bank,6999,true,2025-05-28
PM06377,CUST08099,Net Banking,HDFC Bank,9042,true,2023-08-02
PM06378,CUST06992,Net Banking,HDFC Bank,6843,true,2023-12-24
PM06379,CUST09530,Credit Card,SBI,5629,true,2023-01-30
PM06380,CUST04765,UPI,,8648,true,2025-03-04
PM06381,CUST01019,UPI,BHIM,0646,No,2024-12-15
PM06382,CUST07381,UPI,GooglePay,0484,true,2023-07-28
PM06383,CUST09562,UPI,Paytm,1948,false,2023-05-21
PM06384,CUST00383,Credit Card,Axis Bank,3312,No,2024-05-17
PM06385,CUST06670,Debit Card,HDFC Bank,8524,true,2025-06-29
PM06386,CUST09591,Debit Card,SBI,2211,true,2024-08-19
PM06387,CUST01679,Credit Card,ICICI Bank,,false,2025-06-06
PM06388,CUST06237,UPI,BHIM,3303,false,2024-09-28
PM06389,CUST03984,UPI,GooglePay,4724,true,2023-03-26
PM06390,CUST02968,Credit Card,HDFC Bank,8609,false,2024-05-21
PM06391,CUST02330,Debit Card,Axis Bank,3683,true,2023-11-20
PM06392,CUST04470,Credit Card,Axis Bank,3661,false,2023-07-31
PM06393,CUST05995,Credit Card,ICICI Bank,3648,true,2024-01-06
PM06394,CUST05561,Credit Card,ICICI Bank,1160,true,2024-03-25
PM06395,CUST04768,Debit Card,ICICI Bank,6365,true,2023-08-16
PM06396,CUST09965,Debit Card,SBI,1590,true,2023-06-19
PM06397,CUST00087,UPI,PhonePe,9675,true,2024-12-17
PM06398,CUST02490,UPI,BHIM,6217,true,2024-10-06
PM06399,CUST07329,Credit Card,ICICI Bank,1489,true,2024-12-29
PM06400,CUST06206,Debit Card,SBI,2182,true,2025-02-28
PM06401,CUST09450,Net Banking,SBI,2783,false,2023-09-12
PM06402,CUST02869,UPI,BHIM,0704,true,2025-04-04
PM06403,CUST06095,Debit Card,HDFC Bank,5629,0,2025-02-14
PM06404,CUST06001,Credit Card,ICICI Bank,6051,true,2023-10-14
PM06405,CUST02198,UPI,BHIM,9494,true,2023-03-30
PM06406,CUST01918,UPI,Paytm,0161,true,2025-02-15
PM06407,CUST07943,Credit Card,HDFC Bank,7356,,2024-01-27
PM06408,CUST05869,,HDFC Bank,8295,true,2025-02-20
PM06409,CUST03246,UPI,GooglePay,3933,true,2024-02-01
PM06410,CUST00352,UPI,BHIM,3990,true,2023-02-21
PM06411,,Debit Card,Axis Bank,4600,true,2024-04-24
PM06412,CUST05646,Debit Card,Axis Bank,9211,true,2024-12-12
PM06413,CUST09999,UPI,BHIM,4501,true,2024-10-26
PM06414,CUST05257,UPI,Paytm,2775,true,2025-06-16
PM06415,CUST01375,Net Banking,SBI,0269,true,2023-02-02
PM06416,CUST01725,UPI,PhonePe,2008,true,2025-05-15
PM06417,CUST00538,Net Banking,ICICI Bank,7641,true,2023-02-16
PM06418,CUST04353,Credit Card,ICICI Bank,8381,true,2025-05-16
PM06419,CUST07962,Debit Card,SBI,2885,true,2024-12-01
PM06420,CUST01459,UPI,BHIM,2676,true,2024-04-10
PM06421,CUST07915,UPI,BHIM,7997,false,2024-05-31
PM06422,CUST02401,UPI,GooglePay,7906,true,2025-07-19
PM06423,CUST09768,Credit Card,SBI,7424,true,2023-07-25
PM06424,CUST00008,UPI,PhonePe,3540,true,2024-11-21
PM06425,CUST06660,UPI,Paytm,6243,true,2024-10-16
PM06426,CUST05483,Credit Card,Axis Bank,6508,true,2024-08-01
PM06427,CUST07817,UPI,Paytm,6503,true,2024-11-13
PM06428,CUST08319,Net Banking,SBI,9277,false,2024-08-13
PM06429,CUST01638,Credit Card,Axis Bank,2001,false,2024-10-20
PM06430,CUST06126,Credit Card,HDFC Bank,8163,true,2025-03-17
PM06431,CUST09694,Net Banking,SBI,7990,true,2025-04-01
PM06432,CUST06267,UPI,BHIM,9449,true,2025-04-23
PM06433,CUST02743,UPI,PhonePe,3789,true,2024-08-10
PM06434,CUST03494,Credit Card,Axis Bank,2998,true,2024-07-21
PM06435,CUST03271,Debit Card,,2858,true,2024-05-18
PM06436,CUST04315,UPI,BHIM,1588,true,2024-08-20
PM06437,CUST06077,Credit Card,ICICI Bank,1055,true,2024-12-20
PM06438,CUST01302,UPI,GooglePay,7216,true,2023-12-28
,CUST03587,Credit Card,HDFC Bank,7880,true,2023-11-20
PM06440,CUST03257,UPI,GooglePay,7805,true,2025-02-26
PM06441,CUST03149,UPI,Paytm,3670,true,2024-05-01
,CUST02082,UPI,PhonePe,5298,true,2024-08-14
PM06443,CUST01865,UPI,PhonePe,6649,true,2024-10-10
PM06444,CUST07636,Net Banking,SBI,5076,true,2025-06-26
PM06445,CUST02051,UPI,,6721,true,2025-07-08
PM06446,CUST07160,Credit Card,Axis Bank,7379,false,2024-11-12
PM06447,CUST05206,Net Banking,SBI,3405,true,2024-10-31
PM06448,CUST09805,UPI,GooglePay,3466,true,2025-09-18
PM06449,CUST09291,UPI,GooglePay,4980,true,2023-12-26
PM06450,CUST02779,UPI,Paytm,6900,false,2024-02-05
PM06451,CUST03761,Debit Card,ICICI Bank,7910,true,2025-06-16
PM06452,CUST06563,Credit Card,Axis Bank,6239,true,2025-04-27
PM06453,CUST04695,Debit Card,ICICI Bank,5574,true,2024-01-05
PM06454,CUST05184,Net Banking,ICICI Bank,5804,true,2025-06-02
PM06455,CUST00901,Credit Card,SBI,6549,false,2024-07-12
PM06456,CUST08469,Net Banking,HDFC Bank,2557,true,2025-07-02
PM06457,CUST06531,UPI,GooglePay,5197,true,2025-03-07
PM06458,CUST08538,UPI,Paytm,3702,true,2025-08-16
PM06459,CUST02575,Debit Card,HDFC Bank,6824,true,2024-10-24
PM06460,CUST00986,Credit Card,Axis Bank,5632,true,2024-08-11
PM06461,CUST01207,Net Banking,ICICI Bank,0451,,2024-02-09
PM06462,CUST05014,UPI,GooglePay,8750,true,2023-10-30
PM06463,CUST07445,UPI,Paytm,5296,true,2024-09-08
PM06464,CUST07598,Debit Card,ICICI Bank,2072,false,2025-04-22
PM06465,CUST02902,Debit Card,HDFC Bank,8789,true,2024-09-10
PM06466,CUST07956,Net Banking,ICICI Bank,7505,false,2023-10-22
PM06467,CUST02670,Debit Card,ICICI Bank,1939,true,2024-12-20
PM06468,CUST09410,Debit Card,HDFC Bank,9579,,2024-10-16
PM06469,CUST06849,UPI,GooglePay,5005,false,2023-05-15
PM06470,CUST01800,Credit Card,Axis Bank,2017,true,2023-03-16
PM06471,CUST06843,Net Banking,HDFC Bank,9840,true,2024-11-27
PM06472,CUST06673,Credit Card,SBI,3137,false,2024-10-26
PM06473,CUST01125,UPI,PhonePe,9023,false,2024-11-27
PM06474,CUST04297,Debit Card,HDFC Bank,1655,true,2024-04-08
PM06475,CUST07930,Debit Card,SBI,5220,true,2024-03-29
PM06476,CUST01130,UPI,Paytm,7272,true,2024-03-13
PM06477,CUST00415,Debit Card,ICICI Bank,6670,true,2025-02-12
PM06478,CUST05797,,BHIM,4386,true,2025-06-22
PM06479,CUST01823,UPI,,1436,true,2023-12-23
PM06480,CUST09846,Debit Card,ICICI Bank,1860,true,2025-02-06
PM06481,CUST04341,Credit Card,HDFC Bank,3474,false,2023-05-04
PM06482,CUST02364,UPI,Paytm,9601,false,2025-07-22
PM06483,CUST05612,UPI,PhonePe,8110,true,2023-06-16
PM06484,,Debit Card,HDFC Bank,6619,false,2024-12-25
PM06485,CUST06326,UPI,GooglePay,0694,true,2025-04-02
PM06486,CUST09039,Credit Card,HDFC Bank,8512,true,2025-01-29
PM06487,CUST05154,UPI,GooglePay,6844,true,2025-07-22
PM06488,CUST00357,UPI,BHIM,,true,
PM06489,CUST09841,Debit Card,ICICI Bank,3888,true,2023-07-19
PM06490,CUST06512,UPI,PhonePe,1774,false,2024-12-11
PM06491,CUST04517,Net Banking,SBI,8575,true,2024-07-02
PM06492,CUST07272,Debit Card,ICICI Bank,5801,true,2023-06-13
PM06493,CUST00230,UPI,GooglePay,0102,true,2023-07-29
PM06494,CUST09743,UPI,GooglePay,9229,true,2024-03-21
PM06495,CUST07383,Debit Card,ICICI Bank,7943,true,2024-02-06
PM06496,CUST04279,UPI,PhonePe,2219,true,2023-12-25
PM06497,CUST05202,Debit Card,ICICI Bank,0900,false,2024-03-04
PM06498,CUST09750,UPI,Paytm,7345,true,2025-05-17
PM06499,CUST00087,UPI,BHIM,7465,true,2024-10-18
PM06500,CUST01548,Credit Card,HDFC Bank,9312,true,2024-01-13
PM06501,CUST00248,Credit Card,SBI,5479,true,2024-06-18
PM06502,CUST00896,Credit Card,ICICI Bank,0789,true,2023-02-08
PM06503,CUST00042,UPI,GooglePay,5158,false,2025-03-09
PM06504,CUST08932,Credit Card,ICICI Bank,5718,false,2023-12-19
PM06505,CUST05689,UPI,Paytm,3411,false,2024-03-17
PM06506,CUST03129,Net Banking,ICICI Bank,7990,true,2025-03-30
,CUST06327,Debit Card,Axis Bank,4042,true,2024-12-21
PM06508,CUST04158,Debit Card,HDFC Bank,6018,true,2024-12-18
PM06509,CUST06461,Debit Card,SBI,6490,true,2023-08-01
PM06510,CUST05322,UPI,Paytm,6848,,2023-02-25
PM06511,CUST00134,Credit Card,SBI,2554,false,2023-09-04
PM06512,CUST05469,Net Banking,SBI,3638,false,2025-07-20
PM06513,CUST02331,UPI,BHIM,6718,true,2025-06-17
PM06514,CUST08915,Net Banking,HDFC Bank,1291,true,2024-05-28
PM06515,CUST04702,UPI,PhonePe,9943,true,2024-03-08
PM06516,CUST00069,UPI,GooglePay,8285,true,2025-05-21
PM06517,CUST00937,UPI,Paytm,2524,false,2023-11-16
PM06518,CUST03345,Net Banking,HDFC Bank,5543,true,2023-10-31
PM06519,CUST00993,Net Banking,SBI,2211,true,2025-01-30
PM06520,CUST04135,Debit Card,HDFC Bank,0793,true,2023-04-04
PM06521,CUST04205,Credit Card,HDFC Bank,2809,true,2024-10-13
PM06522,CUST07704,Net Banking,SBI,1567,true,2025-04-27
PM06523,CUST05747,Credit Card,Axis Bank,5880,true,2024-05-12
PM06524,CUST06148,UPI,PhonePe,8729,false,2024-02-16
PM06525,CUST08995,UPI,Paytm,7821,true,2025-07-10
PM06526,CUST03955,Credit Card,ICICI Bank,0162,true,2023-09-09
PM06527,CUST01232,Net Banking,HDFC Bank,1129,false,2024-06-27
PM06528,CUST06892,Credit Card,HDFC Bank,8849,false,2025-04-08
PM06529,CUST04173,Debit Card,ICICI Bank,4700,true,2024-09-30
PM06530,CUST02812,Credit Card,SBI,6652,true,2023-08-31
PM06531,CUST01821,UPI,GooglePay,2383,true,2025-05-21
PM06532,CUST09869,Credit Card,SBI,3758,true,2024-07-09
PM06533,CUST06351,Debit Card,Axis Bank,4117,false,2023-01-07
PM06534,CUST09827,UPI,BHIM,5003,true,2024-04-12
PM06535,CUST06204,UPI,Paytm,4470,true,2023-02-15
PM06536,CUST00990,Credit Card,SBI,9430,false,2024-08-16
PM06537,CUST08808,Debit Card,Axis Bank,8217,true,2024-01-08
PM06538,CUST08347,UPI,Paytm,2564,true,
PM06539,CUST07810,Net Banking,HDFC Bank,3333,true,2025-01-16
PM06540,CUST08392,Credit Card,HDFC Bank,1846,true,2023-03-20
PM06541,CUST05415,UPI,BHIM,4846,false,2023-05-24
PM06542,CUST08971,Debit Card,SBI,2755,true,2025-06-03
PM06543,CUST07656,,Paytm,8992,true,2023-06-12
PM06544,CUST00793,UPI,Paytm,0888,false,2024-04-06
PM06545,CUST04074,Debit Card,ICICI Bank,7187,true,2025-02-22
PM06546,CUST00266,UPI,PhonePe,4777,true,2023-01-27
PM06547,CUST09359,UPI,Paytm,4589,true,2024-01-20
PM06548,CUST06892,UPI,Paytm,1221,true,2023-01-02
PM06549,CUST07439,Debit Card,Axis Bank,7517,true,2023-03-30
PM06550,CUST01566,Credit Card,ICICI Bank,6680,true,2024-02-04
PM06551,CUST02799,UPI,BHIM,6591,true,2024-05-25
PM06552,CUST08027,UPI,Paytm,7843,true,2025-08-20
PM06553,CUST00775,UPI,BHIM,7030,true,2023-03-01
PM06554,CUST03565,,SBI,1364,false,2023-10-15
PM06555,CUST04902,UPI,BHIM,0273,true,2025-04-14
PM06556,CUST04049,UPI,PhonePe,2231,true,2023-01-11
PM06557,CUST04257,UPI,PhonePe,5130,false,2025-04-13
PM06558,CUST06279,Debit Card,HDFC Bank,4827,true,2025-08-15
PM06559,CUST06547,Debit Card,HDFC Bank,4369,true,2023-11-08
PM06560,CUST03799,Net Banking,ICICI Bank,9809,false,2025-06-22
PM06561,CUST04384,Credit Card,SBI,4758,true,2024-04-26
PM06562,CUST06066,Debit Card,ICICI Bank,7740,true,2025-03-17
PM06563,CUST06829,Net Banking,HDFC Bank,1071,true,
PM06564,CUST05398,Debit Card,ICICI Bank,7529,,2024-12-22
PM06565,CUST09534,Credit Card,Axis Bank,7453,true,2024-03-19
PM06566,CUST04407,Credit Card,SBI,6748,true,2023-06-12
PM06567,CUST00774,UPI,PhonePe,6128,true,2025-09-20
PM06568,CUST01179,UPI,BHIM,5139,true,2025-05-12
PM06569,CUST03406,UPI,GooglePay,9775,true,2024-03-23
PM06570,CUST08911,Net Banking,ICICI Bank,,true,2023-06-28
PM06571,CUST02090,UPI,Paytm,6150,true,2023-02-26
PM06572,CUST02857,Net Banking,SBI,1918,true,2024-09-28
PM06573,CUST04864,UPI,PhonePe,4970,true,2023-10-16
PM06574,CUST06981,UPI,PhonePe,8718,true,2023-05-25
PM06575,CUST08713,Credit Card,ICICI Bank,2192,true,2024-01-04
PM06576,CUST04403,Credit Card,ICICI Bank,3867,true,2025-08-21
PM06577,CUST06497,Credit Card,Axis Bank,9958,false,2024-09-03
PM06578,CUST06223,Credit Card,,9034,true,2023-06-11
PM06579,CUST01633,Credit Card,Axis Bank,5492,false,2024-06-13
PM06580,CUST07942,UPI,GooglePay,8012,true,2023-07-26
PM06581,CUST09425,UPI,PhonePe,3557,true,2024-05-02
PM06582,CUST08212,UPI,Paytm,0684,true,2024-01-16
PM06583,CUST09106,UPI,PhonePe,6480,true,2024-04-24
PM06584,CUST05733,Net Banking,SBI,4088,true,2024-07-15
PM06585,CUST01478,,HDFC Bank,0513,true,2025-07-01
PM06586,CUST01259,Debit Card,SBI,1075,true,2025-06-27
PM06587,CUST07564,Credit Card,ICICI Bank,9250,false,2024-07-28
PM06588,CUST04142,UPI,Paytm,2057,true,2025-01-23
PM06589,CUST05654,Credit Card,Axis Bank,2588,true,2024-07-25
PM06590,CUST07346,UPI,PhonePe,9795,true,2023-09-16
PM06591,CUST04723,Credit Card,SBI,7663,true,2025-06-29
PM06592,CUST03307,UPI,PhonePe,0684,false,2025-07-13
PM06593,CUST01161,Debit Card,SBI,6540,true,2024-12-18
PM06594,CUST02307,UPI,GooglePay,1163,true,
PM06595,CUST03448,Debit Card,HDFC Bank,2659,true,2023-11-26
PM06596,CUST09503,Credit Card,HDFC Bank,5028,true,2025-02-10
PM06597,CUST03208,UPI,BHIM,4450,false,2024-09-22
PM06598,CUST09361,Debit Card,HDFC Bank,1715,false,2024-11-16
PM06599,CUST04267,UPI,Paytm,3710,true,2023-11-05
PM06600,CUST07113,UPI,GooglePay,9386,true,2025-08-24
PM06601,CUST03987,UPI,Paytm,5472,true,2024-07-29
PM06602,CUST08372,UPI,BHIM,2016,false,2024-04-21
PM06603,CUST06743,Debit Card,ICICI Bank,5089,true,2024-06-23
PM06604,CUST02672,Debit Card,Axis Bank,4625,true,2024-06-18
PM06605,CUST04530,Debit Card,SBI,2228,true,2023-04-17
PM06606,CUST08296,Debit Card,SBI,7877,true,2024-02-07
PM06607,CUST04264,Credit Card,SBI,3413,true,2024-08-26
PM06608,CUST00673,UPI,GooglePay,5520,false,2025-03-31
PM06609,CUST03981,Net Banking,HDFC Bank,2685,,2024-06-22
PM06610,CUST09425,Credit Card,Axis Bank,7631,true,2024-11-12
PM05913,CUST08902,UPI,PhonePe,1458,true,2023-03-12
PM06612,CUST00647,UPI,GooglePay,8804,false,2024-12-03
PM06613,CUST07452,UPI,Paytm,2050,true,2024-05-04
PM06614,CUST00225,UPI,Paytm,9698,true,2025-07-25
PM06615,CUST04465,Net Banking,ICICI Bank,6139,false,2025-09-06
PM06616,CUST09920,Credit Card,HDFC Bank,1816,true,2024-03-16
PM06617,CUST02102,UPI,BHIM,7078,true,2023-11-08
PM06618,CUST05363,UPI,Paytm,3644,true,2023-01-17
PM06619,CUST06468,UPI,PhonePe,5701,false,2024-04-21
PM06620,CUST02642,UPI,Paytm,7211,true,2024-07-12
PM06621,CUST01620,Debit Card,SBI,4305,false,2025-09-26
PM06622,CUST07800,UPI,GooglePay,9651,true,2023-06-07
PM06623,CUST00004,Credit Card,ICICI Bank,3426,false,2023-02-11
PM06624,CUST02931,Net Banking,,6963,true,2025-06-20
PM06625,CUST03811,UPI,BHIM,4741,true,2025-03-21
PM06626,CUST00468,Credit Card,HDFC Bank,9417,true,2024-05-20
PM06627,CUST01234,UPI,BHIM,5915,false,2025-03-29
PM06628,CUST09096,Debit Card,SBI,8562,true,2024-12-25
PM06629,CUST09416,Debit Card,ICICI Bank,6133,false,2024-03-11
PM06630,CUST08380,UPI,Paytm,6490,false,2024-12-09
PM06631,CUST09501,Credit Card,ICICI Bank,3491,true,2023-11-20
PM06632,CUST09232,UPI,GooglePay,7092,false,2024-02-02
PM06633,CUST00682,Debit Card,Axis Bank,1669,true,2023-01-09
PM06634,CUST01100,Credit Card,HDFC Bank,8667,false,2023-03-10
PM06635,CUST08870,UPI,GooglePay,7388,true,2023-06-21
PM06636,CUST06356,Net Banking,SBI,8029,false,2024-12-13
PM05775,CUST05074,Credit Card,ICICI Bank,0610,true,2023-11-01
PM06638,CUST02242,Credit Card,SBI,9977,true,2024-05-07
PM06639,CUST06211,UPI,Paytm,2563,true,2024-04-13
PM06640,CUST00457,UPI,BHIM,6585,true,2024-04-28
PM06641,CUST01652,Net Banking,SBI,4570,true,2024-07-23
PM06642,CUST03726,,PhonePe,7799,true,2025-05-17
PM06643,CUST00308,UPI,,0787,false,2025-04-08
PM06644,CUST01498,Credit Card,HDFC Bank,5992,false,2023-07-22
PM06645,CUST02715,UPI,GooglePay,1211,false,2025-03-07
PM06646,CUST00076,Debit Card,ICICI Bank,8950,true,2023-08-02
PM06647,CUST01177,UPI,PhonePe,9870,true,2024-11-15
PM06648,CUST08978,Debit Card,Axis Bank,4621,true,2025-08-08
PM06649,CUST03423,Credit Card,,5126,true,2024-06-28
PM06650,CUST05572,Debit Card,Axis Bank,1627,true,2024-09-02
PM06651,CUST03588,Net Banking,HDFC Bank,5677,true,2024-08-04
PM06652,CUST00854,UPI,Paytm,9269,false,2023-03-20
PM06653,CUST08467,Debit Card,ICICI Bank,3124,true,2023-09-08
PM06654,CUST08019,UPI,GooglePay,9337,false,2023-08-13
PM06655,CUST02055,Credit Card,HDFC Bank,1227,true,2024-10-12
PM06656,CUST08303,UPI,PhonePe,4833,true,2024-05-21
PM06657,CUST08584,Debit Card,HDFC Bank,9545,true,2025-01-18
PM06658,CUST01248,Credit Card,,0199,false,2023-12-18
PM06659,CUST08260,UPI,BHIM,1435,true,2023-05-30
,CUST03808,UPI,GooglePay,8029,false,2023-02-23
PM06661,CUST09509,Net Banking,ICICI Bank,3241,true,2024-10-25
PM06662,CUST00142,Net Banking,ICICI Bank,5834,false,2025-04-01
PM06663,CUST02216,UPI,Paytm,1930,true,2023-10-15
PM06664,CUST08918,Credit Card,HDFC Bank,7538,true,2025-09-14
PM06665,CUST01841,UPI,PhonePe,3282,true,2023-01-06
PM06666,CUST05329,UPI,BHIM,6961,true,2023-04-11
PM06667,CUST07195,Net Banking,SBI,3750,true,2024-02-23
PM06668,CUST00411,Credit Card,Axis Bank,5437,,2023-12-19
PM06669,CUST05328,UPI,BHIM,0415,true,2024-12-04
PM06670,CUST04731,UPI,GooglePay,9113,true,2024-05-09
PM06671,CUST00816,Credit Card,Axis Bank,7367,true,2023-03-16
PM06672,CUST05539,Credit Card,Axis Bank,6295,true,2024-04-07
PM06673,CUST06090,Credit Card,SBI,2272,true,2024-06-29
PM06674,CUST07373,UPI,PhonePe,0858,true,2025-02-02
PM06675,CUST04258,UPI,BHIM,4149,false,2023-07-13
PM06676,CUST09495,Debit Card,Axis Bank,5118,true,2024-04-21
PM06677,CUST05394,UPI,GooglePay,3918,0,2023-05-19
PM06678,CUST01954,Debit Card,Axis Bank,4591,,2025-07-25
PM06679,CUST00755,Net Banking,HDFC Bank,5794,true,2025-07-14
PM04706,CUST02783,UPI,BHIM,1370,true,2025-05-28
PM06681,CUST04687,UPI,BHIM,2099,false,2024-08-05
PM06682,CUST00242,Debit Card,HDFC Bank,7505,true,2024-02-28
PM06683,CUST03597,UPI,PhonePe,5437,true,2024-01-05
PM06684,CUST05801,UPI,BHIM,5622,true,2023-10-28
PM06685,CUST05196,UPI,BHIM,6557,true,2024-03-25
PM06686,CUST05062,Credit Card,HDFC Bank,4147,true,2023-05-26
PM02558,CUST00552,Credit Card,Axis Bank,7149,true,2023-02-23
PM06688,CUST05074,UPI,Paytm,2132,true,2023-06-19
PM06689,CUST09404,Debit Card,HDFC Bank,5080,true,2024-11-11
PM06690,CUST09270,Debit Card,ICICI Bank,7016,true,2025-04-02
PM06691,CUST02137,Debit Card,SBI,4409,true,2023-08-01
PM06692,CUST08709,UPI,BHIM,8265,true,2023-11-24
PM06693,CUST00617,Credit Card,ICICI Bank,5846,true,2025-04-21
PM06694,CUST05647,UPI,,8973,true,2024-01-12
PM06695,CUST08306,Debit Card,SBI,8019,true,2024-12-04
PM06696,CUST01596,UPI,GooglePay,6474,true,2023-12-01
PM06697,CUST03675,UPI,GooglePay,2823,true,2023-01-03
PM06698,CUST02775,Debit Card,SBI,5060,true,2025-03-23
PM06699,CUST03870,Credit Card,SBI,9333,true,2023-01-26
PM06700,CUST04073,Credit Card,SBI,4400,true,2024-11-04
PM06701,CUST07149,Debit Card,ICICI Bank,4706,true,2023-04-26
PM06702,CUST00360,UPI,Paytm,4853,true,2025-02-04
PM06703,CUST03090,Debit Card,HDFC Bank,8037,true,2025-09-21
PM06704,CUST05564,Debit Card,Axis Bank,1977,true,2023-09-26
PM06705,CUST00331,UPI,Paytm,9367,true,2024-02-23
PM06706,CUST00426,UPI,PhonePe,1933,false,2023-07-03
PM06707,CUST03156,UPI,GooglePay,8765,true,2024-08-24
PM06708,CUST06734,UPI,Paytm,1523,true,2025-02-10
PM06709,CUST03584,Credit Card,SBI,9090,true,2025-02-03
PM06710,CUST07408,Net Banking,ICICI Bank,0027,true,2023-02-22
PM06711,CUST08490,UPI,,7688,true,2024-05-18
PM06712,CUST09429,Net Banking,SBI,7349,true,2025-08-28
PM06713,CUST08217,Debit Card,Axis Bank,3124,true,2024-07-12
PM06714,CUST06460,Debit Card,SBI,6440,false,2024-11-17
PM06715,CUST04609,Credit Card,ICICI Bank,2681,true,2023-01-04
PM06716,CUST00958,UPI,Paytm,3818,true,2023-07-26
PM06717,CUST06914,Debit Card,SBI,6155,true,2025-08-27
PM06718,CUST06683,Credit Card,ICICI Bank,5344,true,2023-12-21
PM06719,CUST06728,Net Banking,HDFC Bank,7938,true,2025-01-08
PM06720,CUST00657,UPI,BHIM,5071,false,2024-06-05
PM06721,CUST04951,Debit Card,ICICI Bank,7994,true,2025-08-20
PM06722,CUST05964,Debit Card,SBI,1680,false,2025-01-07
PM06723,CUST06014,Debit Card,SBI,5362,true,2023-05-30
PM06724,CUST09673,UPI,BHIM,2477,true,2025-09-03
PM06725,CUST02166,UPI,Paytm,6052,false,2024-02-16
PM06726,CUST06724,UPI,GooglePay,7084,true,2023-11-28
PM06727,CUST02904,Debit Card,Axis Bank,5913,true,2023-07-02
PM06728,CUST09301,UPI,BHIM,2390,false,2023-10-19
PM06729,CUST01856,Net Banking,ICICI Bank,3628,true,2025-04-12
PM06730,CUST07553,Debit Card,Axis Bank,1118,true,
PM06731,CUST05112,Debit Card,Axis Bank,0552,true,2023-07-20
PM06732,CUST05437,Credit Card,,7134,true,2025-07-26
PM06733,CUST00486,UPI,Paytm,2077,false,2025-09-19
PM06734,CUST02464,Net Banking,HDFC Bank,2073,true,2024-10-10
PM06735,CUST08078,Debit Card,Axis Bank,6777,false,2024-05-14
PM06736,CUST04123,Credit Card,ICICI Bank,8871,true,2024-11-23
PM06737,CUST06986,Debit Card,SBI,5885,true,2023-07-26
PM06738,CUST03850,UPI,BHIM,5661,true,2024-12-17
PM06739,CUST04757,Credit Card,ICICI Bank,6942,true,2025-04-14
PM06740,CUST04028,UPI,,9259,true,2025-04-16
PM06741,CUST04318,UPI,BHIM,4084,true,2024-07-12
PM06742,CUST08252,Debit Card,SBI,5528,false,2023-03-13
PM06743,CUST06248,Credit Card,Axis Bank,1499,false,2024-09-23
PM06744,CUST09211,UPI,PhonePe,2769,true,2023-02-24
PM06745,CUST04917,Credit Card,SBI,2333,true,2024-10-23
PM06746,CUST09505,UPI,PhonePe,1030,false,2023-10-18
PM06747,CUST03779,Credit Card,ICICI Bank,1573,true,2024-11-24
PM06748,,Debit Card,HDFC Bank,8323,false,2023-10-06
PM06749,CUST04606,UPI,,7456,true,2023-01-25
,CUST08475,Credit Card,HDFC Bank,6964,true,2023-09-12
PM06751,CUST08099,UPI,Paytm,2820,true,2024-09-28
PM06752,CUST00665,Credit Card,Axis Bank,6113,true,2024-08-23
PM06753,CUST09934,UPI,Paytm,2369,true,2024-12-28
PM06754,CUST05600,UPI,Paytm,6095,false,2023-06-03
PM06755,CUST05348,Credit Card,Axis Bank,0494,true,2025-06-16
PM06756,CUST07132,UPI,Paytm,9980,true,2023-01-15
PM06757,CUST03276,UPI,GooglePay,8318,true,2024-12-22
PM06758,CUST07170,Debit Card,SBI,2988,false,2024-10-08
PM06759,,Credit Card,Axis Bank,3722,false,2023-12-11
PM06760,CUST09455,UPI,PhonePe,9711,true,2024-10-06
PM06761,CUST00271,UPI,Paytm,4172,true,2024-02-13
,CUST02000,Net Banking,ICICI Bank,9310,true,2025-05-13
PM06763,CUST03830,Net Banking,SBI,3117,true,2025-07-30
PM06764,CUST08330,Net Banking,HDFC Bank,8261,true,2023-11-07
PM06765,CUST00702,Credit Card,HDFC Bank,8382,true,2024-09-03
PM06766,CUST04533,Debit Card,SBI,7851,true,2024-11-30
PM06767,CUST01874,UPI,BHIM,7039,false,2025-06-04
PM06768,CUST08772,UPI,BHIM,8013,false,2023-04-09
PM06769,CUST03944,Debit Card,Axis Bank,0384,,2024-02-26
PM06770,CUST07434,UPI,Paytm,8100,true,2023-05-26
PM06771,CUST03609,Debit Card,SBI,2156,false,2024-05-17
PM06772,CUST09499,UPI,BHIM,7024,false,2024-11-06
PM06773,CUST07471,Debit Card,ICICI Bank,4886,true,2024-11-14
PM06774,CUST01706,Credit Card,Axis Bank,8748,false,2023-08-24
PM06775,CUST08537,,PhonePe,2962,true,2023-04-21
PM06776,CUST00550,UPI,GooglePay,8549,true,2024-07-24
PM06777,CUST00851,Debit Card,Axis Bank,8329,true,2025-06-30
PM06778,CUST09248,UPI,BHIM,5431,true,2025-03-04
PM06779,CUST06225,Credit Card,ICICI Bank,4972,true,2023-07-30
PM06780,CUST08872,UPI,GooglePay,5497,true,2025-08-24
PM06781,CUST00227,UPI,Paytm,3596,false,2024-01-31
PM06782,CUST03306,Credit Card,Axis Bank,2459,true,2025-05-22
,,Debit Card,ICICI Bank,0749,false,2023-09-21
PM06784,CUST05788,Credit Card,HDFC Bank,7683,true,2024-10-24
PM06785,CUST02821,Net Banking,ICICI Bank,6977,true,2023-03-11
PM06786,CUST03579,Credit Card,Axis Bank,9600,true,2025-03-30
PM06787,CUST05653,UPI,PhonePe,4856,true,2025-07-14
PM06788,CUST01999,UPI,BHIM,3458,true,2023-06-13
PM06789,CUST02134,Credit Card,HDFC Bank,8641,false,2023-11-29
PM06790,CUST02952,Debit Card,HDFC Bank,6664,,2024-12-04
PM06791,CUST05556,Debit Card,SBI,4170,true,2025-01-05
PM06792,CUST08878,Debit Card,HDFC Bank,2092,true,2023-04-24
PM06793,CUST09583,UPI,Paytm,4418,true,2024-12-27
PM06794,CUST04251,Credit Card,SBI,2620,true,2023-07-16
PM06795,CUST05625,UPI,BHIM,9655,true,2023-08-09
PM06796,CUST04666,Net Banking,HDFC Bank,8879,false,2025-04-30
PM06797,CUST02019,Net Banking,ICICI Bank,5309,true,2023-12-06
PM06798,CUST02978,Credit Card,Axis Bank,0074,true,2024-08-09
PM06799,CUST08296,UPI,GooglePay,8465,true,2023-10-05
PM06800,CUST02819,Credit Card,HDFC Bank,7188,true,2023-05-11
PM06801,CUST04793,UPI,Paytm,8847,true,2025-05-18
PM06802,CUST02858,UPI,BHIM,0933,true,2024-07-04
PM06803,CUST01682,Debit Card,SBI,7441,true,2024-08-10
PM06804,CUST01680,Credit Card,Axis Bank,0811,true,2024-04-22
PM06805,CUST06878,Debit Card,HDFC Bank,2271,true,2024-02-16
PM06806,CUST06773,Net Banking,ICICI Bank,5895,true,2023-03-29
PM06807,CUST07120,Credit Card,ICICI Bank,0944,true,2024-08-17
PM06808,CUST09972,Debit Card,HDFC Bank,4552,true,2023-06-18
PM06809,CUST09586,UPI,Paytm,5948,true,2025-01-10
PM06810,CUST08013,Credit Card,Axis Bank,8277,true,2025-09-06
PM06811,CUST07086,UPI,PhonePe,9473,false,2025-06-05
PM06812,CUST05722,UPI,PhonePe,9640,true,2023-02-04
PM06813,CUST09085,Credit Card,SBI,4282,true,2025-02-13
PM06814,CUST04151,Debit Card,HDFC Bank,1003,true,2024-01-17
PM06815,CUST07799,Credit Card,HDFC Bank,8635,false,2024-04-27
PM06816,CUST09464,Credit Card,HDFC Bank,9276,false,2025-05-13
PM06817,CUST06304,UPI,PhonePe,9458,true,2025-08-17
PM06818,CUST01524,UPI,Paytm,7327,true,2023-12-05
PM06819,CUST03065,Debit Card,SBI,0175,true,2025-02-10
PM06820,CUST00899,UPI,PhonePe,2177,true,2023-10-09
PM06821,CUST01516,UPI,PhonePe,5597,true,2025-04-12
PM06822,CUST05395,UPI,Paytm,1143,true,2025-04-12
PM06823,CUST01119,UPI,PhonePe,3754,false,2025-05-25
PM06824,CUST08918,UPI,Paytm,6568,true,2023-02-25
PM06825,CUST09274,Debit Card,SBI,0129,false,2025-08-30
PM06826,CUST01257,UPI,GooglePay,1713,false,2023-01-23
PM06827,CUST03017,Credit Card,HDFC Bank,7609,true,2023-03-02
PM06828,CUST05959,Net Banking,HDFC Bank,6911,true,2024-01-25
PM06829,CUST08662,UPI,Paytm,5138,true,2023-06-10
PM06830,CUST07821,UPI,Paytm,6007,true,2023-02-06
PM06831,CUST04756,Credit Card,HDFC Bank,6499,true,2025-04-20
PM06832,CUST00798,UPI,BHIM,9327,true,2023-01-28
PM06833,CUST03922,Credit Card,Axis Bank,6130,true,2025-02-06
,CUST01402,Credit Card,Axis Bank,1065,true,2023-04-30
PM06835,CUST08548,UPI,PhonePe,6597,true,2023-06-13
PM06836,CUST07716,UPI,BHIM,9053,true,2024-06-24
PM06837,CUST04270,UPI,Paytm,2268,true,
PM06838,CUST01145,Credit Card,Axis Bank,0426,,2023-05-27
PM06839,CUST08443,Net Banking,SBI,3592,true,2023-07-07
PM06840,CUST09917,UPI,PhonePe,2937,true,2025-09-14
PM06841,CUST06737,Net Banking,HDFC Bank,1482,true,2023-07-19
PM06842,CUST03259,UPI,Paytm,5386,,2025-05-16
PM06843,CUST00428,Debit Card,Axis Bank,7777,false,2023-11-28
PM06844,CUST01284,Credit Card,SBI,9425,true,2023-06-21
PM06845,CUST00383,UPI,,4098,true,2025-03-19
PM06846,CUST07026,UPI,PhonePe,8582,true,2024-06-01
PM06847,CUST05056,UPI,Paytm,9562,true,2025-06-08
PM06848,CUST01393,UPI,Paytm,5603,true,2023-05-15
PM06849,CUST05782,UPI,PhonePe,1654,true,2023-06-05
PM06850,,Net Banking,ICICI Bank,2273,true,2023-04-08
PM06851,CUST08883,UPI,PhonePe,5844,true,2024-10-19
PM06852,CUST05039,Net Banking,ICICI Bank,9191,true,2025-05-13
PM06853,CUST09924,Debit Card,ICICI Bank,0926,true,2025-06-08
PM06854,CUST01775,Credit Card,ICICI Bank,1062,true,2025-08-13
PM06855,CUST00469,Net Banking,ICICI Bank,7161,true,2025-05-28
PM03227,CUST01967,Credit Card,Axis Bank,5328,true,2024-05-15
PM06857,CUST01193,Net Banking,ICICI Bank,7787,true,2025-04-05
PM06858,CUST03389,Credit Card,Axis Bank,6602,false,2025-03-11
PM06859,CUST04377,Credit Card,,6215,false,2023-05-07
PM06860,CUST09206,UPI,Paytm,5319,true,2023-10-26
PM06861,CUST08679,Debit Card,ICICI Bank,9356,true,2024-07-26
PM06862,CUST04727,Debit Card,SBI,0405,true,2023-09-20
PM06863,CUST06455,Debit Card,ICICI Bank,5355,true,2024-11-29
PM06864,CUST06789,UPI,GooglePay,2869,true,2023-07-19
PM06865,CUST08136,Net Banking,SBI,3566,false,2025-01-09
PM06866,CUST03030,Debit Card,ICICI Bank,2826,true,2025-09-19
PM06867,CUST01022,UPI,GooglePay,1840,true,2023-06-30
PM06868,CUST08692,Net Banking,SBI,9487,true,2024-01-26
PM06869,CUST03666,Debit Card,ICICI Bank,1349,Yes,2024-06-02
PM06870,CUST04862,UPI,GooglePay,1300,true,2023-01-09
PM06871,CUST07554,UPI,PhonePe,9026,true,2025-08-17
PM06872,CUST00294,Debit Card,HDFC Bank,9628,true,2025-01-11
PM06873,CUST03839,Credit Card,ICICI Bank,3714,true,2025-03-18
PM06874,CUST05431,UPI,GooglePay,4238,true,2024-05-14
PM06875,CUST08105,UPI,GooglePay,1500,true,2023-05-12
PM06876,CUST00546,Credit Card,ICICI Bank,3002,true,2023-01-13
PM06877,CUST03857,Credit Card,HDFC Bank,2108,true,2024-08-21
PM06878,CUST05974,UPI,PhonePe,8282,false,2025-01-02
PM06879,CUST02868,Credit Card,HDFC Bank,7641,true,2024-07-14
PM06880,CUST02611,UPI,GooglePay,2442,,2025-03-16
PM06881,CUST07156,Debit Card,SBI,3225,false,2024-07-28
PM06882,CUST01983,Net Banking,SBI,4138,true,2023-02-07
PM06883,CUST07636,UPI,Paytm,3962,true,2025-02-14
PM06884,CUST01045,Debit Card,ICICI Bank,2787,true,2025-09-08
,CUST03085,Net Banking,HDFC Bank,6663,false,2025-08-06
PM06886,CUST06757,Credit Card,HDFC Bank,6845,true,2023-04-11
PM06887,CUST09104,UPI,GooglePay,6381,true,2023-01-30
PM06888,CUST04342,UPI,GooglePay,1683,false,2024-10-15
PM06889,CUST08121,Net Banking,SBI,2353,true,2024-01-06
PM06890,CUST07899,Debit Card,Axis Bank,4284,false,2024-07-05
PM06891,CUST03647,Debit Card,ICICI Bank,1144,false,2023-10-26
PM06892,CUST01067,UPI,BHIM,8766,false,2023-01-09
PM06893,CUST09711,Debit Card,ICICI Bank,9042,true,2025-05-24
PM06894,CUST06696,UPI,PhonePe,0376,true,2024-05-18
PM06895,CUST00833,Credit Card,SBI,8526,true,2025-06-19
PM06896,CUST04539,Debit Card,ICICI Bank,0391,true,2025-04-04
PM06897,CUST00735,Net Banking,ICICI Bank,0443,true,2025-02-04
PM06898,CUST02055,UPI,GooglePay,0966,true,2023-12-29
PM06899,CUST08926,Credit Card,Axis Bank,7675,true,2023-12-27
PM06900,CUST05769,,SBI,3999,,2024-08-12
PM06901,CUST00527,UPI,BHIM,4676,true,2023-06-26
PM06902,CUST01763,Credit Card,Axis Bank,0488,true,2025-07-29
PM06903,CUST06897,UPI,PhonePe,9381,false,2023-02-24
PM06904,CUST01027,UPI,GooglePay,1998,false,2025-05-10
PM06905,CUST09612,UPI,GooglePay,3051,true,2024-03-06
PM06183,CUST03283,UPI,Paytm,6817,true,2024-01-26
PM06907,CUST03671,UPI,GooglePay,3853,true,2024-10-12
PM00526,,UPI,PhonePe,7351,false,2024-12-02
PM06909,CUST05263,UPI,BHIM,0800,true,2025-02-18
PM06910,CUST04425,UPI,GooglePay,2080,true,2024-04-07
,CUST01727,UPI,Paytm,5649,true,2023-09-30
PM06912,CUST09265,UPI,GooglePay,7700,false,2025-07-07
PM06913,CUST06460,UPI,Paytm,8024,true,2024-07-07
PM06914,CUST02616,UPI,GooglePay,8065,true,
PM06915,CUST06027,UPI,BHIM,7268,true,2024-12-20
PM06916,,UPI,Paytm,2480,false,2023-05-04
PM06917,CUST09450,Credit Card,SBI,3605,true,2023-09-21
PM06918,CUST08778,UPI,,7377,true,2023-08-28
PM06919,CUST04315,UPI,BHIM,4595,true,2023-02-10
PM06920,CUST05181,Credit Card,HDFC Bank,4693,true,2025-03-22
PM06921,CUST04040,Net Banking,SBI,7494,true,2023-11-12
PM06922,,UPI,,6218,true,2024-02-06
PM06923,CUST00598,Credit Card,SBI,3494,true,2025-03-22
PM06924,CUST07948,Debit Card,ICICI Bank,8404,true,2025-08-21
PM06925,CUST05742,Net Banking,ICICI Bank,3314,false,2024-07-01
PM06926,CUST02022,UPI,PhonePe,5519,false,2023-12-14
PM06927,CUST08040,UPI,PhonePe,0985,false,2023-01-30
PM06928,CUST08731,Net Banking,HDFC Bank,4756,true,2024-08-31
PM06929,CUST06488,Net Banking,HDFC Bank,7629,true,2023-11-08
PM06930,CUST04700,Credit Card,HDFC Bank,7287,true,2024-12-10
PM06931,CUST02858,Debit Card,HDFC Bank,6371,false,2025-01-18
PM06932,CUST03826,Net Banking,,9391,true,2024-04-24
PM06933,CUST09600,Credit Card,ICICI Bank,9616,false,2024-02-12
PM06934,CUST06113,Net Banking,SBI,4594,true,2023-11-04
PM06935,CUST09161,UPI,BHIM,9999,false,2025-04-11
PM06936,CUST00549,UPI,PhonePe,1405,true,2023-02-05
PM06937,CUST02999,Debit Card,HDFC Bank,1997,false,2025-09-07
PM06938,CUST01779,UPI,Paytm,3646,true,2024-06-25
PM06939,CUST04868,UPI,BHIM,2705,true,2023-10-05
PM06940,CUST00849,UPI,Paytm,2230,false,2023-05-07
PM06941,CUST02524,UPI,Paytm,2850,true,2025-02-02
PM06942,CUST09068,Credit Card,Axis Bank,9365,true,2024-09-02
PM06943,CUST05069,Debit Card,HDFC Bank,2281,false,2023-12-14
PM06944,CUST05721,UPI,PhonePe,4555,true,2023-06-27
PM06945,CUST06620,UPI,GooglePay,8997,false,2025-04-23
PM06946,CUST07441,UPI,BHIM,5558,true,2023-12-29
PM06947,CUST02695,Net Banking,HDFC Bank,8434,true,2023-08-30
PM06948,CUST01913,UPI,Paytm,6108,false,2023-04-12
PM06949,CUST04900,Net Banking,HDFC Bank,7379,true,2023-08-28
PM06950,CUST08002,UPI,PhonePe,0608,false,2024-10-21
PM06951,CUST06338,UPI,Paytm,4651,false,2024-11-12
PM06952,CUST03073,UPI,Paytm,8909,true,2024-01-12
PM06953,CUST08172,UPI,PhonePe,9969,true,2025-06-19
PM06954,CUST02548,Net Banking,ICICI Bank,,true,2024-12-07
PM06955,CUST07279,UPI,BHIM,3799,true,2024-12-27
PM06956,CUST01586,UPI,GooglePay,8053,true,2023-05-28
PM06957,CUST07409,UPI,GooglePay,4319,true,2024-02-09
PM06958,CUST05048,UPI,GooglePay,2065,true,2025-04-06
PM06959,CUST09697,Debit Card,SBI,8044,true,2025-06-01
PM06960,CUST08178,UPI,GooglePay,9699,true,2023-06-21
PM06961,CUST08424,UPI,BHIM,9807,false,2024-08-14
PM06962,CUST06998,Debit Card,SBI,7464,true,2025-07-18
PM06963,CUST04871,Debit Card,ICICI Bank,3087,false,2023-06-25
PM06964,CUST09831,UPI,BHIM,2902,true,2024-01-12
PM06965,CUST07497,Debit Card,HDFC Bank,5070,true,2023-05-04
PM06966,CUST09182,UPI,BHIM,5151,true,2023-09-17
PM06967,CUST01722,Net Banking,SBI,7307,true,2025-01-16
PM06968,CUST08132,UPI,PhonePe,9732,true,2024-02-16
PM06969,CUST03992,Credit Card,ICICI Bank,2507,true,2023-02-14
PM06970,CUST05598,Debit Card,HDFC Bank,1600,true,2024-11-14
PM06971,CUST01347,UPI,PhonePe,3053,true,2024-12-05
PM06972,,Debit Card,HDFC Bank,2140,false,2025-05-06
PM06973,CUST00120,UPI,Paytm,9181,true,2023-07-15
PM06974,CUST08976,Credit Card,Axis Bank,9103,true,2023-12-26
PM06975,CUST04962,Credit Card,ICICI Bank,2124,false,
PM06976,CUST01282,Debit Card,ICICI Bank,6496,true,2024-06-07
PM06977,CUST05242,Credit Card,Axis Bank,5742,true,2023-10-01
PM06978,CUST04865,Credit Card,SBI,3222,true,2025-01-21
PM06979,CUST08824,UPI,GooglePay,2541,true,2024-05-19
PM06980,CUST00348,UPI,Paytm,2833,true,2024-04-28
PM06981,CUST01494,UPI,Paytm,6186,false,2024-01-29
PM06982,CUST04825,Net Banking,SBI,4971,true,2023-01-03
PM06983,CUST03816,UPI,BHIM,2522,true,2025-04-14
PM06984,CUST06376,UPI,PhonePe,5128,true,2025-06-26
PM06985,CUST07080,Net Banking,SBI,8427,true,2024-08-11
PM06986,CUST07764,Credit Card,HDFC Bank,7544,true,
PM06987,CUST06269,UPI,PhonePe,1845,false,2023-07-16
PM06988,CUST09333,UPI,Paytm,0671,true,2023-11-07
PM06989,CUST01033,Net Banking,ICICI Bank,2325,false,2025-03-01
PM06990,CUST04789,Credit Card,HDFC Bank,3709,true,2025-04-25
PM06991,CUST04345,Net Banking,SBI,3407,false,2023-06-20
PM06992,CUST01315,Net Banking,ICICI Bank,0283,true,2023-11-25
PM06993,CUST04506,Debit Card,HDFC Bank,9156,true,2024-02-08
PM06994,CUST04495,UPI,PhonePe,5891,true,2023-01-31
PM06995,CUST06951,UPI,PhonePe,9771,false,2025-04-15
PM06996,CUST08537,UPI,GooglePay,7009,true,2023-01-22
PM06997,CUST07463,Credit Card,SBI,6133,false,2023-05-15
PM06998,CUST09806,UPI,GooglePay,6869,true,2023-05-16
PM06999,CUST05777,Credit Card,ICICI Bank,7258,true,2023-07-16
PM07000,,Credit Card,Axis Bank,3394,true,2025-07-20
PM07001,CUST05705,Credit Card,SBI,5848,true,2024-01-24
PM07002,CUST03556,Credit Card,Axis Bank,4804,true,2023-07-25
PM07003,CUST03736,Debit Card,HDFC Bank,4568,true,2024-04-12
,,UPI,BHIM,4790,true,2023-09-07
PM07005,CUST02490,Debit Card,ICICI Bank,6099,true,2023-04-29
PM07006,CUST08582,UPI,GooglePay,7041,true,2023-02-18
PM07007,CUST06496,UPI,GooglePay,7637,false,2024-06-28
PM07008,CUST00185,Debit Card,SBI,2161,true,2023-10-29
PM07009,CUST09433,UPI,Paytm,7262,true,2024-08-11
PM07010,CUST05529,Credit Card,Axis Bank,2511,false,2025-05-13
PM07011,CUST05610,Credit Card,Axis Bank,1588,true,2024-12-07
PM07012,CUST00107,UPI,PhonePe,4360,true,2023-04-30
PM07013,CUST09551,Debit Card,Axis Bank,2383,true,2024-02-11
PM07014,CUST01706,Debit Card,ICICI Bank,1487,true,2023-07-17
PM07015,CUST00714,Debit Card,Axis Bank,3872,Yes,2023-06-17
PM07016,CUST00078,Net Banking,HDFC Bank,2675,true,2024-09-19
PM07017,CUST08013,Debit Card,Axis Bank,7820,false,2025-01-19
PM07018,CUST09031,Credit Card,ICICI Bank,9662,true,2025-03-11
PM07019,CUST04673,Credit Card,SBI,2225,true,2025-08-30
PM07020,CUST01558,Credit Card,ICICI Bank,4426,true,2025-01-03
PM07021,CUST05507,Credit Card,SBI,7827,true,2025-01-28
PM07022,CUST06172,Debit Card,Axis Bank,3173,true,2023-03-11
PM07023,CUST07267,Debit Card,HDFC Bank,0828,true,2023-05-04
PM07024,CUST04071,Credit Card,Axis Bank,9545,false,2023-02-02
PM07025,CUST08351,Net Banking,SBI,0089,true,2023-07-25
PM07026,CUST05978,Debit Card,,5019,true,2024-10-08
PM07027,CUST00217,Net Banking,ICICI Bank,0552,true,2023-02-10
PM07028,CUST03406,Credit Card,SBI,4290,true,2023-02-24
PM07029,CUST06664,UPI,PhonePe,3093,,2023-08-31
PM07030,CUST03669,Debit Card,SBI,2687,true,2023-11-24
PM07031,CUST03006,Credit Card,HDFC Bank,2358,false,2024-02-18
PM07032,CUST06330,UPI,GooglePay,1290,true,2025-09-10
PM07033,CUST08930,Net Banking,HDFC Bank,3418,true,2024-11-01
PM07034,CUST05411,Net Banking,ICICI Bank,9753,true,2024-10-27
PM07035,CUST07551,Debit Card,Axis Bank,6582,true,2023-12-09
PM07036,CUST00833,UPI,Paytm,6865,true,
PM07037,CUST08533,Credit Card,SBI,8862,false,2024-07-02
PM07038,CUST02368,UPI,GooglePay,5825,true,2024-02-05
PM07039,CUST06395,UPI,Paytm,7302,true,2024-12-15
PM07040,CUST06886,Debit Card,HDFC Bank,2934,true,2023-05-31
PM07041,CUST05075,Net Banking,ICICI Bank,3718,true,2023-07-21
PM07042,,Net Banking,SBI,0281,true,2025-06-19
PM07043,CUST00421,Net Banking,SBI,4324,true,2025-09-09
PM07044,CUST07949,Credit Card,Axis Bank,1021,true,2023-06-17
PM07045,CUST08432,Debit Card,SBI,9829,true,2023-04-19
PM05383,CUST05903,Debit Card,HDFC Bank,0425,true,2024-07-04
PM07047,CUST00963,UPI,GooglePay,6073,true,2024-04-11
PM07048,CUST07423,Net Banking,HDFC Bank,0644,true,2023-08-28
PM07049,CUST03578,UPI,PhonePe,0392,true,2023-09-26
PM07050,CUST08224,UPI,BHIM,1524,true,2025-02-26
PM07051,CUST01317,Credit Card,ICICI Bank,4625,true,2023-03-18
PM07052,CUST07171,UPI,PhonePe,8837,false,2024-06-24
PM07053,,Debit Card,SBI,4974,true,2024-10-12
PM07054,CUST05966,Credit Card,HDFC Bank,5867,true,2024-12-28
PM07055,CUST09467,Credit Card,HDFC Bank,3611,true,2023-10-29
PM07056,CUST09886,Debit Card,Axis Bank,3457,true,2025-03-07
PM07057,CUST01744,,HDFC Bank,7381,false,2023-11-10
PM07058,CUST08006,Credit Card,HDFC Bank,5491,true,2023-10-18
PM07059,CUST05325,Debit Card,Axis Bank,6125,true,2024-01-03
PM07060,CUST07706,Debit Card,SBI,6730,true,2023-12-06
PM07061,CUST02322,UPI,BHIM,2236,true,2023-09-20
PM07062,CUST09243,UPI,BHIM,7470,true,2023-06-03
PM07063,CUST06388,UPI,,6839,true,2025-03-25
PM07064,CUST03696,Net Banking,HDFC Bank,3254,true,2024-08-14
PM07065,CUST08720,UPI,GooglePay,0042,true,2024-02-17
PM07066,CUST07968,UPI,Paytm,0276,true,2025-06-25
PM07067,CUST06632,UPI,GooglePay,8239,true,2023-11-03
PM07068,CUST09216,UPI,BHIM,3446,true,2024-11-24
PM07069,CUST03217,Credit Card,Axis Bank,9020,true,2024-07-12
PM07070,CUST07999,UPI,GooglePay,1687,true,2024-07-04
PM07071,CUST02234,UPI,BHIM,4851,true,2023-12-30
PM07072,CUST02247,Credit Card,Axis Bank,1621,false,2024-04-27
PM07073,CUST02149,Credit Card,ICICI Bank,9823,true,2024-03-28
PM07074,CUST08213,Debit Card,SBI,1399,true,2024-04-09
PM07075,CUST03160,Credit Card,SBI,9453,false,2025-04-02
PM07076,CUST04711,UPI,PhonePe,3480,true,2023-05-23
PM07077,CUST07529,UPI,BHIM,5251,true,2023-08-07
PM07078,CUST07102,UPI,,5146,true,2023-11-30
PM07079,CUST03220,Net Banking,SBI,1126,true,2025-07-29
PM07080,CUST05273,UPI,PhonePe,5649,true,2023-01-01
PM07081,CUST09264,Credit Card,HDFC Bank,8045,false,2023-09-03
PM07082,CUST07324,UPI,GooglePay,8666,true,2024-03-08
PM07083,CUST02437,Credit Card,ICICI Bank,1617,true,2024-07-26
PM07084,CUST07224,Credit Card,ICICI Bank,2845,false,2025-09-12
PM07085,CUST02465,UPI,GooglePay,2063,true,2024-12-23
PM07086,CUST00138,UPI,Paytm,8294,true,2025-04-23
PM07087,CUST02997,Credit Card,SBI,0687,true,2023-01-14
PM07088,CUST05370,UPI,GooglePay,7842,true,2023-01-01
PM07089,CUST07119,UPI,PhonePe,7698,false,2023-05-07
PM07090,CUST02665,Credit Card,SBI,4698,false,2023-05-23
PM07091,CUST08093,UPI,PhonePe,0166,true,2023-10-31
PM07092,CUST01116,Credit Card,HDFC Bank,6418,true,2023-03-19
PM07093,CUST05003,Debit Card,HDFC Bank,4710,true,2024-01-31
PM07094,CUST01186,Credit Card,Axis Bank,3619,true,2023-10-14
PM07095,CUST07228,UPI,,2453,true,2023-09-14
PM07096,CUST06869,Debit Card,ICICI Bank,6822,true,2024-07-30
PM07097,CUST05943,Net Banking,SBI,7297,false,2025-06-25
PM07098,CUST01663,Net Banking,SBI,1409,true,2023-11-02
PM07099,CUST02524,,HDFC Bank,4129,true,2024-06-28
PM07100,CUST02112,UPI,BHIM,1076,true,2023-12-31
PM07101,CUST07295,UPI,GooglePay,3336,false,2023-08-02
PM07102,CUST01157,UPI,PhonePe,2380,true,2023-09-26
PM07103,CUST05996,UPI,BHIM,4432,true,2025-04-16
PM07104,CUST01029,Net Banking,SBI,5361,true,2024-11-15
PM07105,CUST04132,UPI,GooglePay,5851,true,2025-03-19
PM07106,CUST01062,UPI,BHIM,3549,true,2024-06-29
PM07107,CUST01224,Debit Card,ICICI Bank,9688,false,
PM07108,CUST08838,UPI,PhonePe,6558,false,2025-01-03
PM07109,CUST05767,UPI,Paytm,5517,true,2023-07-24
PM07110,CUST08664,Credit Card,Axis Bank,6636,true,2024-08-12
PM07111,CUST06912,UPI,GooglePay,5003,false,2023-01-04
PM07112,CUST08630,UPI,PhonePe,2883,true,2023-04-24
PM07113,CUST04397,UPI,GooglePay,1436,false,2024-05-15
PM07114,CUST01532,Debit Card,Axis Bank,2476,true,2025-05-22
PM07115,CUST01983,UPI,BHIM,7137,false,2024-08-23
PM07116,CUST08601,Credit Card,SBI,2051,true,2025-04-22
PM07117,CUST01886,Credit Card,HDFC Bank,0761,true,2025-05-16
PM07118,CUST00437,Credit Card,ICICI Bank,2176,false,2023-09-19
PM07119,CUST08014,UPI,GooglePay,5298,true,2023-12-18
PM07120,CUST04310,Debit Card,ICICI Bank,0835,,2023-07-20
PM07121,CUST09827,UPI,GooglePay,5933,true,2025-02-18
PM07122,CUST02584,UPI,BHIM,0087,true,2024-02-21
PM07123,CUST07446,Credit Card,ICICI Bank,9358,true,2025-06-24
,CUST04141,Net Banking,SBI,1864,true,2025-01-17
PM07125,CUST00491,UPI,BHIM,,true,2023-09-06
PM07126,CUST06778,UPI,PhonePe,4725,false,2024-06-28
PM07127,CUST02110,UPI,Paytm,5221,true,2024-02-24
PM07128,CUST03456,Debit Card,ICICI Bank,,false,2023-06-25
PM07129,CUST07504,Debit Card,HDFC Bank,3616,true,2024-11-04
PM07130,CUST03621,UPI,Paytm,5608,TRUE,2024-09-14
PM07131,CUST07872,UPI,PhonePe,8270,true,2024-04-09
PM07132,CUST00133,UPI,BHIM,6440,true,2023-08-18
PM07133,CUST03785,UPI,PhonePe,5916,false,2023-10-30
PM07134,CUST01789,UPI,PhonePe,1004,true,2023-05-17
PM07135,CUST01329,Credit Card,SBI,4381,true,2024-02-20
PM07136,CUST04477,Debit Card,Axis Bank,6219,false,2024-11-06
PM07137,CUST06221,UPI,BHIM,7395,true,2024-01-07
PM07138,CUST06284,Credit Card,Axis Bank,6119,true,2024-09-08
PM07139,CUST06615,Debit Card,HDFC Bank,8655,true,2024-07-18
PM07140,CUST08568,UPI,GooglePay,1875,false,2025-07-04
PM07141,CUST08136,UPI,Paytm,2255,true,2025-09-21
PM07142,CUST03444,UPI,PhonePe,3615,true,2024-10-21
PM07143,CUST09168,UPI,Paytm,7690,true,2025-05-13
PM07144,CUST02343,Credit Card,ICICI Bank,7112,true,2023-10-05
PM07145,CUST06439,Credit Card,ICICI Bank,3052,true,2023-05-09
PM07146,CUST04912,Net Banking,ICICI Bank,5752,false,2025-07-09
PM07147,CUST03516,UPI,Paytm,3023,,2023-01-08
PM07148,CUST04691,Net Banking,HDFC Bank,0202,true,2024-08-09
PM07149,CUST03977,Credit Card,HDFC Bank,4346,true,2023-10-17
PM07150,CUST07105,Debit Card,ICICI Bank,5708,false,2024-07-15
PM07151,CUST05968,UPI,Paytm,7008,false,2025-03-09
PM07152,CUST01685,UPI,Paytm,7022,true,2024-04-29
PM07153,CUST08636,Credit Card,SBI,3873,true,2024-09-03
PM07154,CUST08535,Debit Card,ICICI Bank,8148,false,2023-04-03
PM08474,CUST02113,UPI,GooglePay,6677,true,2025-05-19
PM07156,CUST02166,Credit Card,ICICI Bank,4543,false,2023-09-16
PM07157,CUST03063,Debit Card,SBI,7041,true,2023-11-06
PM07158,CUST06895,Debit Card,ICICI Bank,7529,true,2024-11-11
PM07159,CUST05457,Credit Card,Axis Bank,1584,true,2023-06-19
PM07160,CUST08645,UPI,BHIM,4154,true,2025-09-04
PM07161,CUST03923,UPI,BHIM,2363,false,2023-06-01
PM07162,CUST08336,UPI,Paytm,1593,true,2025-05-13
PM07163,CUST01501,Debit Card,SBI,6590,false,2023-07-07
PM07164,CUST08408,Credit Card,ICICI Bank,4017,true,2025-05-07
PM07165,CUST07158,UPI,Paytm,2186,true,2025-09-07
PM07166,CUST09083,UPI,GooglePay,0308,true,2023-12-26
PM07167,CUST04580,Debit Card,HDFC Bank,6330,true,2024-06-01
PM07168,CUST07018,Credit Card,SBI,6719,false,2025-05-23
PM07169,CUST08983,UPI,PhonePe,9460,true,2024-09-08
PM07170,CUST07969,Debit Card,SBI,1911,false,2023-01-03
PM07171,CUST04077,Credit Card,Axis Bank,1084,true,2024-06-29
PM07172,CUST01763,UPI,BHIM,1361,true,2024-12-18
PM07173,CUST09976,Debit Card,SBI,4163,true,2023-12-06
PM07174,CUST08906,Debit Card,ICICI Bank,4738,true,2023-11-07
PM07175,CUST06605,UPI,PhonePe,7054,true,2025-02-19
PM07176,CUST01310,UPI,GooglePay,0178,false,2023-07-14
PM07177,CUST08762,Debit Card,ICICI Bank,4036,true,2023-10-27
PM07178,CUST01091,UPI,BHIM,8684,false,2023-07-23
PM07179,CUST04506,UPI,PhonePe,0083,false,
PM07180,CUST04486,UPI,GooglePay,2239,true,2024-09-26
PM07181,CUST05526,Debit Card,Axis Bank,6155,true,2025-03-10
PM07182,CUST01149,Credit Card,HDFC Bank,1962,true,2024-08-18
PM07183,CUST06370,UPI,Paytm,7274,true,2025-06-09
PM07184,CUST07995,Net Banking,HDFC Bank,3601,true,2024-08-26
PM07185,CUST01314,UPI,BHIM,1507,true,2024-09-11
PM07186,CUST03122,Net Banking,ICICI Bank,9147,true,2025-04-06
PM07187,CUST03409,UPI,Paytm,2457,false,2025-07-29
PM07188,CUST07774,UPI,BHIM,6257,true,2023-07-17
PM07039,CUST06395,UPI,Paytm,7302,true,2024-12-15
PM07190,CUST01761,Credit Card,ICICI Bank,5805,true,2023-10-09
PM07191,CUST06204,Debit Card,SBI,5445,true,2023-04-25
PM07192,CUST00979,Credit Card,SBI,5092,false,2023-10-07
PM07193,CUST02158,Credit Card,HDFC Bank,0428,true,2023-03-12
PM07194,CUST09738,Debit Card,ICICI Bank,1004,true,2024-01-30
PM07195,CUST07504,Credit Card,Axis Bank,8367,false,2025-06-16
PM07196,CUST07352,UPI,BHIM,1247,true,2025-01-18
PM07197,CUST07843,Credit Card,ICICI Bank,6545,false,2023-02-03
PM07198,CUST07841,UPI,BHIM,9067,false,2024-01-11
PM07199,CUST06705,Credit Card,HDFC Bank,2736,true,2025-01-15
PM07200,CUST03085,Net Banking,SBI,2402,true,2025-02-19
PM07201,CUST03282,Credit Card,SBI,7610,false,2025-02-19
PM07202,CUST05186,UPI,PhonePe,8492,true,2025-01-29
PM07203,CUST03385,UPI,Paytm,8410,true,2025-06-21
PM07204,CUST05873,UPI,GooglePay,0241,false,2025-05-05
PM07205,CUST07299,UPI,PhonePe,6403,true,2024-09-18
PM07206,CUST08556,UPI,GooglePay,3429,true,2023-04-02
PM07207,CUST02942,Credit Card,ICICI Bank,5714,true,2023-08-19
PM07208,CUST00043,UPI,PhonePe,4194,true,2023-06-12
PM07209,CUST04732,UPI,PhonePe,4313,true,2023-06-26
PM07210,CUST09755,UPI,Paytm,2481,true,2024-02-09
PM07211,CUST08435,UPI,BHIM,9619,true,2024-09-07
,CUST08387,Credit Card,HDFC Bank,3020,false,2023-10-16
PM07213,CUST03459,UPI,Paytm,3908,true,2023-01-20
PM07214,CUST00161,Debit Card,Axis Bank,3814,true,2023-02-20
PM07215,CUST05101,UPI,PhonePe,9337,true,2024-02-06
PM07216,CUST09557,Debit Card,SBI,2167,true,2025-09-05
PM07217,CUST07454,Debit Card,SBI,0778,true,2023-03-28
PM07218,CUST03130,Debit Card,SBI,3669,true,2025-09-02
PM07219,CUST05777,UPI,PhonePe,5946,true,2024-09-04
PM07220,CUST08653,Debit Card,HDFC Bank,0359,true,2023-06-17
PM07221,CUST02411,Debit Card,SBI,8513,true,2024-05-25
PM07222,CUST02793,UPI,Paytm,5358,true,2024-09-14
PM07223,CUST03801,UPI,BHIM,6276,true,2024-08-22
PM07224,CUST06062,UPI,PhonePe,2942,true,2025-05-01
PM07225,CUST09715,Net Banking,ICICI Bank,7353,true,2025-05-24
PM07226,CUST01237,UPI,PhonePe,2912,true,2024-01-27
PM07227,CUST04123,UPI,Paytm,2364,false,2024-11-13
PM07228,CUST05248,UPI,PhonePe,9449,true,2024-01-05
PM07229,CUST09303,UPI,BHIM,3933,true,2023-08-29
PM07230,CUST00045,Debit Card,HDFC Bank,1763,true,2024-12-26
PM07231,CUST09272,Net Banking,SBI,7414,true,2024-07-15
PM07232,CUST09890,Credit Card,Axis Bank,6467,true,2023-10-17
PM07233,CUST07399,Credit Card,HDFC Bank,2781,false,2023-01-05
PM07234,CUST08679,Debit Card,SBI,5579,false,2023-05-15
,CUST01831,Debit Card,SBI,7537,true,2025-06-15
PM07236,CUST09047,UPI,GooglePay,6948,true,2023-06-10
PM07237,CUST06893,Debit Card,HDFC Bank,1042,true,2025-08-20
PM07238,CUST06098,Credit Card,Axis Bank,3809,true,2024-04-28
PM07239,CUST03422,Credit Card,HDFC Bank,0450,true,2024-01-10
PM07240,CUST05402,Net Banking,SBI,7563,false,2025-08-24
PM07241,CUST04307,,Axis Bank,6352,false,2025-03-10
PM07242,CUST01776,UPI,Paytm,8127,true,2024-04-11
PM07243,CUST08656,UPI,Paytm,8789,true,2023-01-08
PM07244,CUST02095,UPI,GooglePay,4917,false,2024-02-19
PM07245,CUST06551,Credit Card,HDFC Bank,7703,true,2024-05-13
PM07246,CUST09949,Credit Card,Axis Bank,4527,true,2025-01-16
PM07247,CUST04961,UPI,BHIM,2396,false,2023-08-25
PM07248,CUST03319,Net Banking,,3320,true,2023-08-11
PM07249,CUST01703,Credit Card,SBI,7414,false,2023-09-20
PM07250,CUST07599,Credit Card,Axis Bank,8870,true,2024-08-03
PM07251,CUST03394,Credit Card,Axis Bank,3036,true,2025-04-14
PM07252,CUST01931,Credit Card,SBI,3228,false,2023-08-14
PM07253,CUST05462,UPI,PhonePe,0003,true,2025-01-23
PM07254,CUST09673,Net Banking,SBI,1866,true,2023-10-05
PM07255,CUST08537,Net Banking,HDFC Bank,1591,true,2023-11-08
PM07256,CUST00950,Debit Card,,8276,true,2023-03-10
PM07257,CUST07954,UPI,Paytm,9393,false,2025-02-07
PM07258,CUST01597,Credit Card,Axis Bank,9048,true,2025-09-03
PM07259,CUST01337,Debit Card,HDFC Bank,4465,true,2025-07-03
PM07260,CUST04483,UPI,PhonePe,9693,true,
PM07261,CUST01208,UPI,PhonePe,1800,true,2024-04-20
PM07262,CUST00919,UPI,Paytm,2476,true,2023-08-02
PM07263,CUST07252,UPI,Paytm,9602,true,2024-04-08
PM07264,CUST00962,UPI,GooglePay,3599,true,2024-09-24
PM07265,CUST00221,Net Banking,ICICI Bank,5221,true,2023-04-17
PM07266,CUST01202,UPI,Paytm,5402,true,2023-12-02
PM07267,CUST01474,UPI,GooglePay,4229,true,2023-06-10
PM07268,CUST04591,Credit Card,SBI,1155,true,2023-06-29
PM07269,CUST04242,,PhonePe,2162,false,2025-07-31
PM07270,CUST02116,Net Banking,SBI,7756,true,2025-07-09
PM08931,CUST03587,Credit Card,SBI,,true,2025-08-17
PM07272,CUST08768,Net Banking,ICICI Bank,1433,true,2025-02-03
PM07273,CUST05324,Net Banking,ICICI Bank,2030,true,2025-04-22
PM07274,CUST07947,Debit Card,HDFC Bank,1677,true,2024-01-12
PM07275,CUST09459,Credit Card,ICICI Bank,0652,true,2024-08-03
PM07276,CUST03909,UPI,BHIM,4803,false,2024-06-08
PM07277,CUST03881,,GooglePay,6524,true,2024-09-24
PM09372,CUST09662,Credit Card,ICICI Bank,2101,true,2024-08-03
PM07279,CUST06314,Debit Card,HDFC Bank,1514,true,2024-04-05
PM07280,CUST06010,UPI,Paytm,8192,true,2023-10-31
PM07281,CUST01613,UPI,GooglePay,2618,true,2024-12-05
PM07282,CUST00033,UPI,PhonePe,1515,true,2023-05-07
PM01936,CUST06496,UPI,Paytm,0288,true,2024-02-27
PM07284,CUST00268,Debit Card,ICICI Bank,1069,true,2025-02-20
PM07285,CUST01366,Debit Card,HDFC Bank,3517,true,2024-08-19
PM07286,CUST09504,UPI,GooglePay,9605,true,2024-12-02
PM07287,CUST06970,UPI,PhonePe,0033,false,2023-08-26
PM07288,CUST08183,UPI,GooglePay,2261,true,2023-03-19
PM07289,CUST02595,Debit Card,HDFC Bank,9898,true,2023-11-10
PM07290,CUST05452,Credit Card,ICICI Bank,4765,true,2025-04-16
PM07291,CUST07326,UPI,Paytm,9727,true,2024-03-04
PM07292,CUST07813,Credit Card,HDFC Bank,2038,true,2024-06-23
PM01147,CUST02128,Credit Card,Axis Bank,5049,true,2024-12-11
PM07294,CUST06708,UPI,GooglePay,5946,true,2023-06-29
PM07295,CUST09548,Credit Card,Axis Bank,9516,true,2025-02-13
PM07296,CUST08115,Credit Card,SBI,1629,true,2023-05-03
PM07297,CUST07554,Debit Card,ICICI Bank,1134,false,2024-01-19
PM07298,CUST03315,UPI,BHIM,3104,true,2025-03-22
PM07299,CUST03139,Debit Card,Axis Bank,9338,true,2023-09-28
PM07300,CUST09655,UPI,BHIM,2220,Yes,2024-08-07
PM07301,CUST02118,UPI,PhonePe,6992,true,2023-02-04
PM07302,CUST07482,Net Banking,ICICI Bank,8601,true,2023-03-07
PM07303,CUST03684,UPI,BHIM,3706,true,2023-02-17
PM07304,CUST08729,UPI,BHIM,0802,true,2023-10-08
PM07305,CUST05053,UPI,BHIM,8369,true,2025-07-26
PM07306,CUST06945,UPI,GooglePay,8567,,2025-06-25
PM07307,CUST08463,UPI,BHIM,9115,true,2023-07-23
PM07308,CUST08150,UPI,GooglePay,3999,true,2023-05-01
PM07309,CUST07039,UPI,BHIM,0645,true,
PM07310,CUST01665,UPI,GooglePay,6359,true,2024-10-24
PM07311,CUST07422,UPI,Paytm,8937,false,2024-04-07
PM07312,CUST01855,Debit Card,Axis Bank,1291,false,2023-01-26
PM07313,CUST02393,UPI,BHIM,6246,true,2024-09-01
PM07314,CUST08986,Credit Card,SBI,3709,true,2025-02-11
PM07315,CUST03123,UPI,BHIM,9210,true,2024-08-28
PM07316,CUST08710,UPI,GooglePay,3152,true,2023-04-20
PM07317,CUST02251,UPI,PhonePe,5164,true,2023-08-07
PM07318,CUST02594,Credit Card,SBI,0948,true,2024-05-15
PM02911,CUST05552,UPI,GooglePay,5984,true,2025-01-03
PM07320,CUST09693,UPI,GooglePay,3274,false,2023-12-15
PM07321,CUST01062,UPI,Paytm,0693,true,2025-03-19
PM07322,CUST03713,Credit Card,ICICI Bank,7685,true,2024-02-28
PM07323,CUST02067,UPI,Paytm,0753,false,2023-06-17
PM07324,CUST09987,UPI,PhonePe,7372,false,2024-08-03
PM07325,CUST06301,Debit Card,HDFC Bank,0897,true,2024-03-17
PM07326,CUST06214,Credit Card,HDFC Bank,9995,true,2023-07-20
PM07327,CUST03188,Credit Card,SBI,6819,true,2023-09-21
PM07328,CUST05652,UPI,GooglePay,3915,false,2023-01-03
PM07329,CUST09015,Debit Card,ICICI Bank,9939,false,2024-12-05
PM07330,CUST03322,Credit Card,ICICI Bank,5855,false,2024-02-29
PM07331,CUST00307,UPI,BHIM,9522,true,2023-04-22
PM07332,CUST05487,UPI,Paytm,8360,true,2024-11-24
PM07333,CUST03102,UPI,PhonePe,0729,true,2024-01-29
PM07334,CUST08333,UPI,Paytm,8508,true,2023-09-04
PM07335,CUST05355,Net Banking,ICICI Bank,9699,true,2025-08-06
PM07336,CUST09340,UPI,GooglePay,6131,true,2024-06-18
PM07337,CUST04470,UPI,GooglePay,2862,true,2025-06-25
PM07338,CUST02129,UPI,BHIM,7630,true,2023-04-07
PM07339,CUST00417,Debit Card,Axis Bank,7543,true,2023-09-16
PM07340,CUST09868,Credit Card,Axis Bank,0792,false,2023-11-01
PM07341,CUST07679,Net Banking,SBI,2745,true,2023-05-18
PM07342,CUST04435,UPI,Paytm,1128,true,2024-03-06
PM07343,CUST03400,Debit Card,Axis Bank,8426,true,2024-10-16
PM07344,CUST00894,Debit Card,,3824,false,2023-03-09
PM07345,CUST04452,Credit Card,SBI,7408,true,2025-01-13
PM07346,CUST02619,UPI,GooglePay,7908,true,2025-09-15
PM07347,CUST07764,Debit Card,SBI,6711,true,
PM07348,CUST01778,Credit Card,Axis Bank,5774,true,2025-05-17
PM07349,CUST01408,UPI,Paytm,3997,true,2023-01-13
PM07350,CUST03495,Credit Card,HDFC Bank,7180,true,2025-04-21
PM07351,CUST01606,UPI,GooglePay,0082,true,2023-10-18
PM07352,CUST01394,UPI,BHIM,5065,true,2024-11-15
PM07353,CUST05790,Credit Card,ICICI Bank,6431,true,2025-08-15
PM07354,CUST04091,Credit Card,ICICI Bank,3513,true,2023-02-07
PM07355,CUST03486,Debit Card,SBI,8905,false,2025-08-06
PM07356,CUST09031,UPI,PhonePe,0242,true,2024-07-04
PM07357,CUST06668,UPI,GooglePay,4934,true,2024-12-20
PM07358,CUST09529,UPI,PhonePe,2279,true,2025-06-15
,CUST09010,Debit Card,HDFC Bank,5838,true,2023-11-10
PM07360,CUST09068,Debit Card,SBI,2731,true,2024-11-16
PM07361,CUST02189,UPI,PhonePe,8479,true,2024-06-13
PM07362,CUST01456,UPI,PhonePe,6495,true,2023-10-19
PM07363,CUST08635,Net Banking,ICICI Bank,8368,true,2024-01-12
PM07364,CUST07647,UPI,PhonePe,1505,true,2023-12-30
PM07365,CUST03107,UPI,BHIM,7373,true,2024-08-06
PM07366,CUST05198,Credit Card,HDFC Bank,9675,true,2024-11-16
PM07367,CUST00517,,GooglePay,7552,true,2025-01-18
PM07368,CUST09671,,BHIM,9837,true,2023-10-24
PM07369,CUST01041,UPI,PhonePe,1047,true,2023-02-21
PM07370,CUST01254,Credit Card,Axis Bank,6408,true,2023-05-23
PM07371,CUST09644,Credit Card,Axis Bank,4436,true,2024-07-24
PM07372,CUST00535,Credit Card,SBI,1478,false,2023-04-20
PM07373,CUST05446,Debit Card,HDFC Bank,7102,FALSE,2024-04-29
PM07374,CUST07892,Debit Card,ICICI Bank,1180,true,2025-03-14
PM07375,CUST08514,UPI,PhonePe,1074,true,2025-06-22
PM07376,CUST04683,Debit Card,HDFC Bank,2028,true,2023-09-03
PM07377,CUST06496,UPI,Paytm,4700,true,2025-02-24
PM07378,CUST05674,Net Banking,SBI,8272,false,2023-06-12
PM07379,CUST01450,UPI,PhonePe,3873,true,2025-07-16
PM07380,CUST02043,UPI,BHIM,7773,false,2023-02-08
PM07381,CUST00726,Credit Card,Axis Bank,9748,true,2023-05-03
PM07382,CUST03214,UPI,GooglePay,5512,true,2023-07-31
PM07383,CUST04885,Net Banking,SBI,0169,true,2023-10-04
PM07384,CUST07898,UPI,PhonePe,2685,true,2024-04-04
PM07385,CUST07462,UPI,GooglePay,0514,true,2024-03-10
PM07386,CUST00641,Debit Card,SBI,8874,true,2025-03-29
PM07387,CUST07836,UPI,PhonePe,6119,false,2025-02-17
PM07388,CUST07388,Credit Card,ICICI Bank,,true,2023-08-15
PM07389,CUST01462,UPI,Paytm,1222,true,2023-05-24
PM07390,CUST02213,Debit Card,Axis Bank,5128,true,2025-03-20
PM07391,CUST06851,UPI,GooglePay,5057,false,2025-01-18
PM07392,CUST03267,UPI,BHIM,8943,true,2025-06-18
PM07393,CUST05389,UPI,BHIM,8050,false,2023-08-16
PM07394,CUST03576,UPI,BHIM,9627,true,2023-03-25
PM07395,CUST09673,UPI,PhonePe,7680,true,2024-10-27
PM07396,CUST00382,Credit Card,ICICI Bank,2623,true,2023-05-22
PM07397,CUST07397,Debit Card,SBI,4212,true,2025-01-08
PM07398,CUST05322,UPI,PhonePe,4522,false,2024-01-25
,CUST00531,,GooglePay,6432,false,2023-02-07
PM07400,CUST01451,UPI,BHIM,1482,true,2025-06-06
PM07401,CUST03148,UPI,Paytm,5916,false,2025-06-16
PM07402,CUST04358,Debit Card,ICICI Bank,2871,true,2024-10-13
PM07403,CUST00851,Credit Card,HDFC Bank,7224,true,2025-09-22
PM07404,CUST01043,Debit Card,HDFC Bank,0985,true,2025-01-14
PM07405,CUST02527,UPI,PhonePe,1116,true,2024-08-19
PM07406,CUST01452,Credit Card,HDFC Bank,8070,true,2025-07-16
PM07407,CUST07805,Debit Card,HDFC Bank,5486,true,2025-07-08
PM07408,CUST03242,Credit Card,Axis Bank,8107,,2024-11-29
PM05737,CUST05212,UPI,Paytm,8721,true,2025-08-04
PM07410,CUST03923,Debit Card,SBI,3335,,2025-03-04
PM07411,CUST04793,UPI,Paytm,,false,2023-10-10
,CUST07620,UPI,BHIM,6800,true,2023-10-07
PM07413,CUST07778,Credit Card,Axis Bank,1074,true,2025-06-27
PM07414,CUST05872,Net Banking,SBI,0044,false,2024-12-18
PM07415,CUST09597,UPI,Paytm,5163,true,2024-10-22
PM07416,CUST02042,UPI,PhonePe,6257,true,2023-01-07
PM07417,CUST04876,Credit Card,HDFC Bank,7785,true,2023-02-12
PM07418,CUST06822,Credit Card,HDFC Bank,2605,false,2023-08-14
PM07419,CUST01128,Debit Card,SBI,1500,true,2023-07-24
PM07420,CUST04352,UPI,PhonePe,3955,false,2024-01-06
PM07421,CUST06997,UPI,PhonePe,8280,true,2024-04-06
PM07422,CUST00242,UPI,BHIM,9936,true,2023-10-28
PM07423,CUST00670,UPI,GooglePay,9564,true,2024-09-19
PM07424,CUST05064,UPI,GooglePay,9758,true,2024-03-20
PM07425,CUST09653,UPI,BHIM,3050,false,2023-09-11
PM07426,CUST04556,UPI,BHIM,0813,true,2023-07-03
PM07427,CUST06260,UPI,GooglePay,1773,true,2024-10-18
,CUST02000,UPI,PhonePe,8694,true,2024-02-06
PM07429,CUST01631,Credit Card,SBI,6055,true,2025-09-05
PM07430,CUST09294,UPI,PhonePe,4813,true,2023-10-22
PM07431,CUST06489,UPI,GooglePay,4433,true,2023-06-14
PM07432,CUST07853,UPI,BHIM,5235,true,2023-06-18
PM07433,CUST00671,Credit Card,Axis Bank,4097,true,2023-10-17
PM07434,CUST06091,Debit Card,ICICI Bank,9328,true,2024-07-03
PM07435,CUST09569,Net Banking,SBI,9905,true,2025-06-01
PM07436,CUST07842,UPI,GooglePay,,true,2025-08-11
PM07437,CUST01520,UPI,BHIM,5811,true,2023-06-12
PM07438,CUST01601,UPI,Paytm,3569,false,2023-03-31
PM07439,CUST02873,Debit Card,SBI,6340,true,2024-08-04
PM07440,CUST06656,Credit Card,ICICI Bank,1958,true,2023-01-30
PM07441,CUST04717,UPI,Paytm,2428,true,2023-11-24
PM07442,CUST05680,Debit Card,HDFC Bank,8732,true,2024-11-09
PM07443,CUST00389,Credit Card,SBI,5328,true,2025-06-09
PM07444,CUST03768,UPI,PhonePe,4387,false,2023-03-23
PM07445,CUST01919,UPI,BHIM,1176,true,2023-04-28
PM07446,CUST05098,Credit Card,Axis Bank,7283,true,2023-06-30
PM07447,CUST00510,Debit Card,HDFC Bank,2022,true,2025-03-01
PM07448,CUST05956,Debit Card,HDFC Bank,9155,true,2025-04-16
PM07449,,UPI,Paytm,0134,false,2024-09-23
PM07450,CUST07306,UPI,BHIM,6194,true,2025-06-29
PM07451,CUST06124,UPI,BHIM,5148,true,2025-08-21
PM07452,CUST06759,Net Banking,ICICI Bank,7590,true,2023-11-28
PM07453,CUST03478,Debit Card,ICICI Bank,8080,true,2023-11-03
PM07454,CUST00883,Credit Card,HDFC Bank,3984,true,2025-03-31
PM07455,CUST01112,Credit Card,ICICI Bank,5252,true,2023-02-26
PM07456,CUST05100,Debit Card,Axis Bank,2522,true,2024-09-16
PM07457,CUST09369,Credit Card,ICICI Bank,5777,true,2023-04-10
PM07458,CUST05733,Credit Card,SBI,4572,true,2023-03-30
PM07459,CUST03038,Credit Card,SBI,3289,true,2024-06-08
PM07460,CUST08662,Net Banking,SBI,2408,true,2025-02-04
PM07461,CUST06362,Net Banking,SBI,6220,true,2023-03-23
PM07462,CUST09725,UPI,BHIM,9301,true,2023-12-22
PM07463,CUST04048,UPI,PhonePe,2027,false,2023-10-01
PM07464,CUST05811,UPI,,1985,false,2024-01-18
PM07465,,Debit Card,ICICI Bank,5975,true,2025-03-24
PM07466,CUST06855,UPI,PhonePe,0462,true,2023-04-26
PM07467,CUST02754,UPI,GooglePay,4175,true,2024-06-11
PM07468,CUST08258,UPI,Paytm,2786,true,2025-09-14
PM07469,CUST04025,Debit Card,SBI,5071,true,2023-01-23
PM07470,CUST04739,UPI,BHIM,9327,false,2023-02-21
PM07471,CUST08366,Debit Card,SBI,0047,true,2023-05-18
PM07472,CUST07778,UPI,PhonePe,2208,true,2024-07-27
PM07473,CUST03338,Net Banking,SBI,3144,true,2024-10-24
PM07474,CUST05348,Net Banking,ICICI Bank,1875,true,2024-12-27
PM07475,CUST07954,UPI,PhonePe,9011,true,2025-08-27
PM07476,CUST06862,UPI,BHIM,0946,true,2024-08-09
PM07477,CUST01289,Credit Card,Axis Bank,9331,true,2023-04-15
PM07478,CUST04402,UPI,Paytm,2140,true,2023-11-10
PM07479,CUST01854,Debit Card,SBI,1538,true,2023-03-11
PM07480,CUST04161,UPI,PhonePe,8079,true,2025-04-28
PM07481,CUST05128,Credit Card,SBI,9561,true,2025-07-14
PM07482,CUST04128,Debit Card,SBI,7206,true,2025-03-03
PM07483,CUST07898,UPI,GooglePay,4923,true,2025-05-18
PM07484,CUST01362,Credit Card,SBI,8756,true,2025-02-11
PM07485,CUST07161,Credit Card,Axis Bank,4341,true,2025-04-14
PM07486,CUST04813,UPI,GooglePay,6462,true,2025-06-15
PM01237,CUST05981,UPI,PhonePe,3657,true,2023-01-02
PM07488,CUST00390,UPI,Paytm,1461,false,2024-12-02
PM07489,CUST04660,Net Banking,HDFC Bank,2203,true,2025-03-05
PM07490,CUST07047,Net Banking,ICICI Bank,0264,false,2025-03-12
PM07491,CUST04008,UPI,PhonePe,6439,true,2023-05-11
PM07492,CUST02811,UPI,BHIM,2455,false,2023-05-24
PM07493,CUST05474,UPI,GooglePay,6205,true,2025-05-13
PM07494,CUST09875,Credit Card,HDFC Bank,4245,true,2023-02-18
PM07495,CUST08111,UPI,BHIM,2374,true,2023-01-29
PM07496,CUST00355,UPI,PhonePe,5386,false,2024-12-16
PM07497,CUST03414,Net Banking,ICICI Bank,4163,false,2023-08-25
PM07498,CUST00265,UPI,Paytm,7958,0,2025-01-17
PM07499,CUST04043,UPI,BHIM,7950,false,2023-03-25
PM07500,CUST03729,UPI,GooglePay,1847,true,2023-12-28
PM07501,CUST08466,Net Banking,HDFC Bank,7574,true,2025-02-03
PM07502,CUST09786,Credit Card,HDFC Bank,2229,false,2024-08-08
PM07503,CUST08110,Debit Card,Axis Bank,5432,true,2025-06-18
PM07504,CUST09925,Debit Card,Axis Bank,3127,true,2024-04-18
PM07505,CUST02355,UPI,GooglePay,4824,true,2025-03-29
PM07506,CUST03514,UPI,GooglePay,9496,true,2023-01-26
PM07507,CUST06585,Debit Card,HDFC Bank,6940,true,2024-07-30
PM07508,CUST00141,UPI,BHIM,7520,false,2025-03-18
PM07509,CUST02554,UPI,Paytm,9595,true,2025-06-03
PM07510,CUST00961,Credit Card,ICICI Bank,1812,true,2024-08-15
PM07511,CUST07878,Net Banking,HDFC Bank,4317,true,2025-05-05
PM07512,,UPI,GooglePay,6266,false,2025-03-22
PM07513,CUST00282,Net Banking,SBI,2754,true,2023-02-17
PM07514,,UPI,GooglePay,5909,false,2025-07-29
PM07515,CUST06679,Credit Card,Axis Bank,2348,true,2023-10-02
PM07516,CUST02426,UPI,BHIM,2094,true,2024-09-09
,CUST03623,Credit Card,SBI,0644,true,2023-03-10
,CUST07106,UPI,PhonePe,2566,true,2025-05-15
PM07519,CUST09368,UPI,PhonePe,9240,true,2023-03-18
PM07520,CUST09932,,HDFC Bank,0046,true,2025-06-14
PM07521,CUST00671,Debit Card,ICICI Bank,1935,,2024-12-22
PM07522,CUST00006,UPI,BHIM,2667,false,2024-01-22
PM07523,CUST04715,Credit Card,ICICI Bank,3679,true,2024-10-24
PM07524,CUST00181,UPI,PhonePe,2147,true,2024-04-09
PM07525,CUST06597,UPI,Paytm,3415,false,2025-06-27
PM07526,CUST07406,Credit Card,HDFC Bank,1627,true,2023-05-13
PM07527,CUST09285,UPI,BHIM,7719,true,2024-03-01
PM07528,CUST09433,UPI,GooglePay,9980,true,2023-05-28
PM07529,CUST06558,UPI,GooglePay,8058,false,2024-09-21
PM07530,CUST04752,UPI,PhonePe,6385,false,2025-07-14
PM07531,CUST03194,UPI,PhonePe,4501,false,2025-04-08
PM07532,CUST04496,Debit Card,ICICI Bank,4883,false,2023-06-07
PM07533,CUST00080,Net Banking,HDFC Bank,2993,true,2024-02-07
PM07534,CUST03989,Debit Card,SBI,8843,true,2025-06-23
PM07535,CUST04163,UPI,BHIM,5385,false,2025-08-06
PM07536,CUST05062,Debit Card,HDFC Bank,9654,true,2023-07-02
PM07537,CUST06288,Credit Card,HDFC Bank,9142,false,2023-09-01
PM07538,CUST03230,UPI,Paytm,0273,true,2025-04-26
PM07539,CUST03547,Credit Card,Axis Bank,8171,true,2023-04-20
PM07540,CUST01836,Debit Card,ICICI Bank,2870,true,2024-02-16
PM07541,CUST00832,Debit Card,ICICI Bank,5321,true,2024-04-05
PM07542,CUST08508,Credit Card,ICICI Bank,8617,true,2025-03-12
PM07543,CUST09278,UPI,GooglePay,7927,true,2023-09-13
PM07544,CUST02154,Credit Card,HDFC Bank,7213,true,2025-04-07
PM07545,CUST09658,UPI,BHIM,1419,true,2025-06-11
PM07546,CUST03750,Credit Card,HDFC Bank,2892,true,2023-10-21
PM07547,CUST04631,Debit Card,HDFC Bank,1020,true,2023-08-14
PM07548,CUST05531,UPI,BHIM,1997,true,2024-11-27
PM07549,CUST08176,Credit Card,HDFC Bank,1046,false,2023-02-11
PM07550,CUST03260,UPI,PhonePe,4278,true,2024-08-17
PM07551,CUST00202,Net Banking,SBI,9356,true,2023-08-22
PM07552,CUST02728,Net Banking,ICICI Bank,,true,2023-12-14
PM07553,CUST04422,Debit Card,ICICI Bank,1268,true,2025-02-13
PM07554,CUST06672,Credit Card,SBI,7251,true,2025-09-20
PM07555,CUST05917,Credit Card,Axis Bank,3913,true,2025-08-12
PM07556,CUST01323,Net Banking,SBI,2500,true,2024-01-26
PM07557,CUST07828,UPI,Paytm,4062,true,2025-03-11
PM07558,CUST09434,Debit Card,SBI,3752,true,2025-01-18
PM07559,CUST02066,Net Banking,HDFC Bank,0313,true,2025-04-11
PM07560,CUST08052,UPI,GooglePay,6221,true,2024-09-09
PM07561,CUST05592,Debit Card,SBI,2204,true,2025-06-30
PM07562,CUST07229,Debit Card,Axis Bank,7816,true,2025-08-19
PM07563,CUST09237,UPI,BHIM,7705,true,2023-12-15
PM07564,CUST08518,Debit Card,ICICI Bank,1758,true,2025-09-05
PM07565,CUST06512,Credit Card,ICICI Bank,8462,true,2025-02-11
PM07683,CUST04485,Net Banking,HDFC Bank,0804,true,2024-10-24
PM07567,CUST05319,Net Banking,ICICI Bank,9386,true,2025-07-13
PM07568,CUST04499,UPI,PhonePe,2996,true,2025-01-28
PM07569,CUST06662,UPI,GooglePay,0847,true,2025-09-26
PM07570,CUST05081,UPI,Paytm,3695,true,2025-01-17
PM07571,CUST06964,UPI,Paytm,7343,true,2025-09-22
PM07572,CUST07642,UPI,BHIM,5011,true,2025-04-11
PM07573,CUST07890,Net Banking,ICICI Bank,9693,true,2025-05-01
PM07574,CUST06819,UPI,Paytm,8758,true,2024-05-24
PM07575,CUST07105,UPI,GooglePay,0495,true,2024-07-23
PM07576,CUST09606,UPI,PhonePe,3137,true,2025-03-15
PM07577,CUST09549,Credit Card,SBI,0295,false,2024-01-07
PM07578,CUST02716,Credit Card,HDFC Bank,8284,true,2024-08-02
PM07579,CUST05687,Debit Card,ICICI Bank,9893,true,2024-04-01
PM07580,CUST06045,UPI,GooglePay,5647,true,2024-01-21
PM07581,CUST01675,Net Banking,ICICI Bank,9279,true,2024-08-26
PM07582,CUST02362,Credit Card,Axis Bank,8383,false,2023-02-07
PM07583,CUST06106,UPI,Paytm,8384,true,2024-12-14
PM07584,CUST09277,Net Banking,HDFC Bank,5476,true,2025-04-28
PM07585,CUST04795,UPI,PhonePe,7285,false,2023-04-01
PM07586,CUST01675,UPI,GooglePay,9818,true,2024-07-02
PM07587,CUST05957,Credit Card,,6910,false,2024-07-19
PM07588,,Net Banking,HDFC Bank,3453,true,2023-07-20
PM07589,CUST03822,Debit Card,SBI,9400,true,2024-11-16
PM07590,CUST02921,Debit Card,HDFC Bank,8993,TRUE,2023-12-10
PM07591,CUST09019,UPI,GooglePay,6415,false,2025-03-26
PM07592,CUST04920,Credit Card,HDFC Bank,3584,false,2024-12-10
PM07593,CUST06018,UPI,GooglePay,4292,false,2023-05-08
PM07594,CUST08927,Credit Card,HDFC Bank,8090,false,2024-06-04
PM07595,CUST02715,UPI,Paytm,5519,true,2023-07-21
PM07596,CUST08752,Credit Card,Axis Bank,,true,2024-05-23
PM07597,CUST05896,UPI,GooglePay,6920,false,2024-12-03
PM07598,CUST04582,Credit Card,SBI,4837,false,2023-12-13
PM07599,CUST09700,UPI,BHIM,4761,true,2023-07-19
PM07600,CUST09333,UPI,BHIM,6959,,2024-04-10
PM07601,CUST01790,Net Banking,HDFC Bank,1341,true,2025-09-23
PM07602,CUST06593,Credit Card,ICICI Bank,2759,true,2023-12-26
PM07603,CUST04344,Credit Card,SBI,,true,2024-07-18
PM07604,CUST08135,UPI,Paytm,8073,true,2023-07-05
PM07605,CUST07556,Debit Card,HDFC Bank,3818,true,2023-12-06
PM07606,CUST05162,UPI,Paytm,0312,true,2024-11-29
PM07607,CUST06668,UPI,PhonePe,8668,true,2025-06-15
PM07608,CUST09379,UPI,Paytm,9352,true,2024-12-23
PM07609,CUST05592,Debit Card,Axis Bank,5122,false,2024-05-21
PM07610,CUST02823,UPI,GooglePay,5080,true,2025-05-12
PM07611,CUST03267,Credit Card,HDFC Bank,5636,true,2024-09-25
PM07612,CUST04872,Debit Card,SBI,9513,true,2024-12-30
PM07613,CUST02149,Credit Card,HDFC Bank,2791,true,2024-08-06
PM07614,CUST06088,UPI,BHIM,1673,true,2024-06-15
PM07615,CUST07995,Credit Card,HDFC Bank,5474,true,2024-08-28
PM07616,CUST01708,Credit Card,Axis Bank,3398,true,2024-06-28
PM07617,CUST06245,Net Banking,SBI,8200,false,2023-08-10
PM07618,CUST00375,UPI,GooglePay,4021,true,2025-08-20
PM07619,CUST07948,Debit Card,SBI,7016,false,2023-01-19
PM07620,CUST01308,UPI,PhonePe,3532,false,2023-01-20
PM07621,CUST07134,UPI,Paytm,1999,true,2023-01-02
PM07622,CUST02078,UPI,GooglePay,2180,true,2023-01-10
PM07623,CUST00661,UPI,GooglePay,7164,false,2024-07-16
PM07624,CUST09665,UPI,GooglePay,1247,true,2023-04-29
PM07625,CUST03887,UPI,Paytm,7088,true,2025-04-01
PM07626,CUST08016,UPI,BHIM,9956,false,2024-11-13
PM07627,CUST07389,UPI,Paytm,2094,true,2025-01-20
PM07628,CUST00673,Credit Card,SBI,5039,,2024-04-17
PM07629,CUST09208,Credit Card,ICICI Bank,5051,false,2024-12-06
PM07630,CUST06943,Debit Card,,5588,true,2025-04-18
PM07631,CUST09978,UPI,BHIM,9125,true,2024-04-24
PM07632,CUST06771,UPI,GooglePay,8611,true,2024-06-23
PM07633,CUST07012,,PhonePe,6607,false,2023-08-22
PM07634,CUST06464,UPI,Paytm,3280,true,2024-03-02
PM07635,CUST09922,UPI,Paytm,3051,true,2023-06-17
PM07636,CUST00488,,ICICI Bank,0528,true,2023-12-09
PM07637,CUST02387,Net Banking,HDFC Bank,4583,false,2025-06-17
PM07638,CUST05053,Debit Card,SBI,8147,true,2024-04-30
PM07639,CUST00705,Debit Card,SBI,1315,true,2024-02-18
PM07640,CUST08224,UPI,PhonePe,3004,true,2025-01-21
PM07641,CUST02258,Credit Card,SBI,1743,false,2024-08-05
PM07642,CUST09044,Debit Card,SBI,1751,true,2023-05-10
PM07643,,,HDFC Bank,7944,false,2025-04-13
PM07644,CUST06925,Net Banking,SBI,6300,true,2023-07-25
PM07645,CUST04596,Debit Card,HDFC Bank,4073,true,2024-01-22
PM07646,CUST06320,UPI,GooglePay,0887,false,2023-01-11
PM07647,CUST01055,Net Banking,HDFC Bank,4923,true,2023-04-08
PM07648,CUST00756,Net Banking,SBI,6365,true,2023-07-11
PM07649,CUST03766,UPI,Paytm,4831,false,2025-03-06
PM07650,CUST08395,UPI,BHIM,0700,true,2024-10-19
PM07651,CUST07492,,Paytm,7651,true,2024-12-31
PM07652,CUST01060,Credit Card,Axis Bank,1184,true,2025-05-05
PM07653,CUST04101,UPI,PhonePe,1095,true,2024-08-15
PM07654,CUST05433,UPI,BHIM,6157,true,2024-04-07
PM07655,CUST07868,UPI,BHIM,3890,true,2024-11-13
PM07656,CUST01455,UPI,GooglePay,3914,true,2024-06-04
PM07657,CUST03073,UPI,BHIM,9366,true,2023-02-04
PM07658,CUST06291,Net Banking,ICICI Bank,6583,,2025-05-03
PM07659,CUST02378,Net Banking,ICICI Bank,6631,true,2024-03-31
PM07660,CUST03665,Credit Card,ICICI Bank,0185,false,2025-09-08
PM07661,CUST07515,Net Banking,SBI,4852,true,2023-03-09
PM07662,CUST09336,UPI,PhonePe,8548,true,2025-09-24
PM07663,CUST06522,UPI,PhonePe,2462,true,2023-01-31
PM07664,CUST00687,,HDFC Bank,8238,true,2024-12-16
PM07665,CUST08270,UPI,GooglePay,3770,true,2023-02-11
PM07666,CUST08661,Credit Card,SBI,6280,true,2023-03-03
PM07667,CUST00315,Net Banking,ICICI Bank,7283,true,2023-02-08
PM07668,CUST04087,UPI,Paytm,1044,true,2024-10-08
PM07669,CUST07092,UPI,GooglePay,9914,false,2024-09-02
PM07670,CUST08069,Debit Card,HDFC Bank,8934,false,2023-11-09
PM07671,CUST02171,Debit Card,Axis Bank,3803,true,2024-09-30
PM07672,CUST00897,UPI,BHIM,4913,true,2023-07-22
PM07673,CUST00195,Credit Card,ICICI Bank,3363,0,2023-06-08
PM07674,CUST04816,UPI,PhonePe,4405,true,2025-06-05
PM07675,CUST08301,Debit Card,ICICI Bank,9874,true,2024-11-25
PM07676,CUST01138,UPI,GooglePay,9935,true,2024-06-28
,CUST09249,Debit Card,HDFC Bank,2596,FALSE,2023-03-30
PM07678,CUST05017,Net Banking,SBI,1898,true,2025-05-22
PM07679,CUST01070,Debit Card,Axis Bank,2409,true,2023-04-21
PM07680,CUST09596,Credit Card,HDFC Bank,9268,true,2025-05-19
PM07681,CUST04522,Net Banking,HDFC Bank,8423,false,2025-06-01
PM07682,CUST09080,UPI,BHIM,7782,true,2024-10-21
PM07683,CUST04485,Net Banking,HDFC Bank,0804,true,2024-10-24
PM07684,CUST03106,Credit Card,HDFC Bank,3803,true,2023-09-07
PM07685,CUST07707,Debit Card,Axis Bank,4001,true,2025-01-30
PM07686,CUST01720,UPI,PhonePe,5740,true,2023-08-30
PM07687,CUST03082,Debit Card,SBI,6200,true,2023-04-21
PM07688,CUST08916,UPI,GooglePay,9733,false,2024-12-03
PM07689,CUST02651,UPI,GooglePay,7163,,2023-06-20
PM07690,CUST06596,Net Banking,HDFC Bank,2075,true,2023-08-23
PM07691,CUST02095,Debit Card,SBI,3068,true,2023-08-21
PM07692,CUST05053,Credit Card,ICICI Bank,7987,true,2023-07-23
PM07693,CUST04142,UPI,Paytm,4996,true,2024-07-18
PM07694,CUST03005,Net Banking,ICICI Bank,7570,true,2024-02-11
PM07695,CUST00160,UPI,GooglePay,3361,true,2023-05-23
PM07696,CUST06311,Net Banking,ICICI Bank,8651,true,2025-08-21
PM07697,CUST05054,UPI,BHIM,3090,true,2025-07-02
PM07698,CUST03673,UPI,Paytm,9894,true,2024-04-30
PM07699,CUST03150,Credit Card,HDFC Bank,0755,true,2024-02-19
PM07700,CUST02421,Debit Card,SBI,6135,true,2024-12-13
PM07701,CUST02624,Credit Card,HDFC Bank,0084,false,2024-04-26
PM07702,CUST04450,Credit Card,ICICI Bank,1639,true,2025-04-08
PM07703,CUST05059,Debit Card,Axis Bank,4117,true,2025-04-12
PM07704,CUST02749,UPI,GooglePay,3420,true,2024-01-12
PM07705,CUST07063,UPI,PhonePe,0452,true,2023-12-17
PM07706,CUST07748,Debit Card,HDFC Bank,0038,true,2024-05-13
PM07707,CUST00032,Credit Card,SBI,5035,true,2023-06-27
PM07296,CUST08115,Credit Card,SBI,1629,true,2023-05-03
PM07709,,UPI,Paytm,1089,true,2023-06-13
PM07710,CUST09797,UPI,BHIM,0952,true,2025-07-06
PM07711,CUST07784,Credit Card,HDFC Bank,6238,No,2025-02-24
PM07712,CUST08507,Credit Card,ICICI Bank,2881,false,2024-09-27
PM07713,CUST08977,Credit Card,Axis Bank,4629,true,2024-07-28
PM07714,CUST04026,Debit Card,SBI,5843,true,2025-05-30
PM07715,CUST00255,UPI,BHIM,,true,2023-12-06
PM07716,CUST04919,UPI,BHIM,1179,true,2023-08-13
PM07717,CUST04125,UPI,Paytm,2058,true,2025-03-01
PM00975,CUST09396,UPI,BHIM,5477,false,2023-07-12
PM07719,CUST07410,UPI,GooglePay,2418,false,2023-07-19
PM07720,CUST05970,UPI,GooglePay,3408,true,2025-09-20
PM07721,CUST07031,UPI,GooglePay,3102,true,2025-03-05
PM07722,CUST01305,UPI,PhonePe,3173,true,2024-01-06
PM07723,CUST02085,Net Banking,ICICI Bank,1308,true,2023-09-27
PM07724,CUST04394,Credit Card,HDFC Bank,6069,false,2023-07-05
PM07725,CUST07855,Credit Card,Axis Bank,9524,true,2023-06-08
PM07726,CUST06214,,BHIM,7936,true,2023-01-10
PM07727,CUST01179,Net Banking,HDFC Bank,4310,true,2023-08-09
PM07728,CUST01473,,HDFC Bank,1648,false,2023-04-06
PM07729,CUST08324,Debit Card,Axis Bank,5302,true,2024-01-09
PM07730,CUST08673,Net Banking,HDFC Bank,1370,true,2025-05-01
PM07731,CUST08277,Debit Card,SBI,,false,2025-03-24
PM07732,CUST07766,Credit Card,SBI,8337,true,2024-07-13
PM07733,CUST06193,Net Banking,HDFC Bank,0524,true,2024-03-27
PM07734,CUST08496,Net Banking,SBI,4998,false,2023-01-15
PM07735,CUST05537,Credit Card,SBI,4179,true,2024-08-16
PM07736,CUST05595,Credit Card,HDFC Bank,5086,true,2024-03-09
PM07737,CUST07944,UPI,GooglePay,0564,true,2024-03-28
PM07738,CUST09217,Debit Card,HDFC Bank,5795,false,2025-09-07
PM07739,CUST06891,UPI,Paytm,1158,true,2024-07-29
PM07740,CUST05426,UPI,BHIM,3805,true,2024-11-18
PM07741,CUST08197,UPI,PhonePe,5972,true,2024-01-08
PM07742,CUST04010,Credit Card,Axis Bank,7571,false,2024-06-24
PM07743,CUST01311,UPI,Paytm,3808,false,2025-08-28
PM07744,CUST08315,Net Banking,SBI,0164,true,2023-05-04
PM07745,CUST03155,UPI,PhonePe,7420,true,2024-11-21
PM07746,CUST05098,Credit Card,SBI,1752,true,2024-04-25
PM07747,CUST03671,Credit Card,HDFC Bank,8594,true,2024-01-19
PM07748,CUST06408,UPI,GooglePay,6674,true,2023-01-24
PM07749,CUST06658,UPI,GooglePay,8718,true,2023-04-07
PM07750,CUST05772,Debit Card,Axis Bank,3252,true,2025-06-04
PM07751,CUST05492,Debit Card,SBI,3575,true,2025-03-20
PM07752,CUST06519,Net Banking,SBI,7071,true,2025-08-30
PM07753,CUST09069,UPI,Paytm,8903,true,2023-01-27
PM07754,CUST00168,UPI,GooglePay,8725,true,2025-04-19
PM07755,CUST00798,Net Banking,SBI,6972,false,2023-04-26
PM07756,CUST00035,,Paytm,7785,true,2023-11-20
PM07757,CUST01759,UPI,BHIM,4240,true,2023-08-21
PM07758,CUST00786,UPI,PhonePe,0004,true,2025-07-16
PM07759,CUST00401,Debit Card,HDFC Bank,9216,true,2025-08-11
PM07760,CUST07242,UPI,GooglePay,7877,true,2023-07-06
PM07761,CUST07931,Debit Card,ICICI Bank,0190,true,2023-08-03
PM07762,CUST09692,UPI,GooglePay,1354,,
PM07763,CUST04760,UPI,PhonePe,9679,true,2025-05-07
PM07764,CUST07590,UPI,PhonePe,8454,true,2023-10-06
PM07765,CUST00936,Credit Card,ICICI Bank,9461,true,2024-05-02
PM07766,CUST00514,Debit Card,ICICI Bank,1914,true,2023-03-05
PM07767,CUST08699,Debit Card,Axis Bank,2750,true,2025-03-18
PM07768,CUST05128,UPI,PhonePe,6197,true,2023-03-05
PM07769,CUST03415,Debit Card,Axis Bank,0343,true,2024-05-02
PM07770,CUST06481,UPI,PhonePe,9074,true,2024-04-03
PM07771,CUST04207,Net Banking,SBI,2620,true,2024-06-14
PM07772,CUST06881,UPI,Paytm,8030,true,2024-12-21
PM07773,CUST06430,Debit Card,HDFC Bank,3858,true,2023-04-19
PM07774,CUST04912,UPI,BHIM,5057,false,2023-12-25
PM07775,CUST03121,Credit Card,HDFC Bank,3374,true,2024-01-11
PM07776,CUST02793,UPI,BHIM,8089,true,2025-09-23
PM07777,CUST03621,UPI,PhonePe,2292,true,2023-03-03
PM07778,CUST06265,UPI,PhonePe,1537,false,2025-01-09
PM07779,CUST02401,UPI,BHIM,3609,true,2025-06-09
PM07780,CUST00622,Net Banking,ICICI Bank,1272,true,2023-06-27
PM07781,CUST07954,UPI,BHIM,4708,true,2023-03-30
PM07782,CUST01684,UPI,Paytm,2428,true,2023-01-19
PM07783,CUST06270,Net Banking,SBI,,true,2025-05-10
PM04860,CUST07289,UPI,PhonePe,1547,true,2024-10-21
PM07785,CUST01560,UPI,GooglePay,7296,false,
PM07786,CUST07118,Debit Card,Axis Bank,5149,true,2025-06-27
PM07787,CUST02169,Credit Card,HDFC Bank,5743,false,2024-10-02
PM07788,CUST09399,UPI,PhonePe,9416,true,2025-04-20
PM07789,CUST02196,Net Banking,HDFC Bank,1864,true,2023-07-22
PM07790,CUST06061,UPI,GooglePay,0598,true,2025-08-04
PM07791,CUST02948,Credit Card,ICICI Bank,1903,true,2025-06-06
PM07792,CUST05259,Net Banking,SBI,5434,true,2025-01-08
PM07793,CUST08293,Credit Card,Axis Bank,1514,true,2023-05-09
PM07794,CUST06524,Credit Card,,1182,true,2024-04-29
PM07795,CUST02627,UPI,Paytm,0053,true,2024-04-06
PM07796,CUST08382,UPI,PhonePe,8828,true,2024-07-05
PM07797,CUST03004,Debit Card,HDFC Bank,3613,true,2024-01-10
PM07798,CUST00952,,PhonePe,0959,true,2023-09-22
PM07799,CUST07982,Credit Card,ICICI Bank,2188,false,
PM07800,CUST04750,UPI,GooglePay,3024,true,2025-02-02
PM07801,CUST03768,Debit Card,Axis Bank,7625,false,2023-04-17
PM07802,CUST03273,UPI,BHIM,6592,true,2024-10-03
PM07803,CUST00151,Credit Card,HDFC Bank,4785,true,2024-01-25
PM07804,CUST02783,UPI,BHIM,1205,false,2025-03-26
PM07805,CUST02613,UPI,PhonePe,9915,true,2024-12-29
PM07806,,UPI,BHIM,0668,true,2023-12-01
PM07807,CUST08307,UPI,BHIM,0753,true,2024-03-25
PM07808,CUST00526,UPI,Paytm,9413,false,2025-06-18
PM07809,CUST00399,UPI,GooglePay,0428,true,2023-02-28
PM07810,CUST00235,Debit Card,Axis Bank,3524,true,2025-07-11
PM07811,CUST06491,UPI,PhonePe,1158,false,2024-03-28
PM07812,CUST04111,UPI,PhonePe,0522,true,2023-02-23
PM07813,CUST05735,UPI,PhonePe,0740,true,2025-03-03
PM07814,CUST02931,Net Banking,ICICI Bank,4485,true,2023-01-29
PM07815,CUST04192,Credit Card,SBI,0877,true,2024-02-16
PM07816,CUST06399,Debit Card,Axis Bank,9612,true,2024-10-12
PM07817,CUST05736,UPI,GooglePay,1826,false,2024-03-11
PM07818,CUST02537,UPI,BHIM,6046,false,2023-06-26
PM07819,CUST03462,Debit Card,HDFC Bank,9966,true,2025-02-23
PM07820,CUST00335,Credit Card,ICICI Bank,1136,FALSE,2025-09-19
PM08291,CUST04649,UPI,GooglePay,6757,true,2024-12-19
,CUST02736,Debit Card,ICICI Bank,6065,true,2023-04-26
PM07823,CUST06259,UPI,GooglePay,2346,false,2025-04-12
PM07824,CUST04272,UPI,GooglePay,4226,true,2024-02-17
PM07825,CUST02928,Credit Card,Axis Bank,7033,true,2025-08-04
PM07826,CUST03562,UPI,BHIM,,false,2025-09-19
PM07827,CUST03720,Credit Card,SBI,2313,true,2024-11-16
PM07828,CUST02955,UPI,PhonePe,0343,false,2024-05-22
PM07829,,Credit Card,HDFC Bank,8668,true,2024-04-08
PM07830,CUST03824,Net Banking,SBI,2557,true,2023-06-02
PM07831,CUST06077,UPI,GooglePay,,true,2023-05-13
PM07832,CUST04214,UPI,BHIM,6610,true,2025-02-10
PM07833,CUST09998,UPI,Paytm,6226,true,2024-05-06
,CUST03730,Credit Card,Axis Bank,9407,true,2024-01-28
PM07835,,UPI,PhonePe,7105,true,2023-08-11
PM07836,CUST04508,UPI,Paytm,8290,true,2023-03-23
PM07837,CUST04430,Net Banking,SBI,1355,true,2023-08-09
PM07838,CUST07899,UPI,BHIM,1034,true,2023-10-01
PM07839,CUST03308,Debit Card,ICICI Bank,5201,true,2023-11-10
PM07840,CUST08399,UPI,PhonePe,7935,true,2024-12-29
PM07841,CUST03294,Debit Card,Axis Bank,3459,true,2024-09-14
PM07842,CUST01909,UPI,GooglePay,6272,true,2024-04-12
PM07843,CUST01879,Debit Card,Axis Bank,9133,true,2025-02-25
PM07844,CUST04455,Debit Card,Axis Bank,5641,true,2025-01-20
PM07845,CUST04840,UPI,Paytm,0022,true,2023-01-12
PM07846,CUST05585,Debit Card,Axis Bank,1543,false,2025-03-08
PM07847,CUST03314,Net Banking,ICICI Bank,8671,true,2025-08-20
PM07848,CUST07245,Debit Card,SBI,7928,true,2024-10-25
PM07849,CUST08476,Debit Card,Axis Bank,8350,true,2024-03-29
PM07850,CUST02660,Debit Card,ICICI Bank,2968,true,2025-08-26
PM07851,CUST08248,UPI,BHIM,2724,true,2024-03-05
PM07852,CUST00883,UPI,GooglePay,6971,true,2024-03-31
PM07853,CUST08097,Net Banking,HDFC Bank,9875,false,2023-06-07
PM07854,CUST07958,Credit Card,Axis Bank,7030,true,2023-12-29
PM07855,CUST05470,UPI,PhonePe,6497,true,2023-08-16
PM07856,CUST04480,Debit Card,HDFC Bank,4164,,2025-03-03
PM07857,CUST04201,Credit Card,HDFC Bank,3165,true,2024-02-10
PM07858,CUST05746,Credit Card,HDFC Bank,2981,true,2024-04-06
PM07859,CUST02786,UPI,GooglePay,6883,true,2024-06-13
PM07860,CUST07835,Debit Card,HDFC Bank,9874,true,2024-02-09
PM07861,CUST06788,UPI,GooglePay,2372,false,2023-06-29
PM07862,CUST00823,Debit Card,ICICI Bank,0615,true,2024-01-04
PM07863,CUST03381,UPI,GooglePay,9094,false,2024-08-18
PM07864,CUST03590,Net Banking,SBI,6507,true,2025-04-24
PM07865,CUST02722,UPI,BHIM,9210,false,2023-12-29
PM07866,CUST05664,UPI,BHIM,1481,true,2025-02-07
PM07867,CUST06976,UPI,PhonePe,8167,true,2023-11-21
PM07868,CUST02615,UPI,GooglePay,1383,true,2025-04-12
PM07869,CUST02639,Debit Card,HDFC Bank,4054,true,2023-02-04
PM07870,CUST05865,Debit Card,Axis Bank,5975,true,2024-03-10
PM07871,CUST01997,Credit Card,ICICI Bank,9574,true,2023-11-28
PM07872,CUST04883,UPI,PhonePe,4868,true,2024-03-31
PM07873,CUST06010,Debit Card,ICICI Bank,1497,false,2024-10-17
PM07874,CUST02538,UPI,Paytm,6861,true,2023-07-25
PM07875,,Credit Card,Axis Bank,1018,false,2023-01-18
PM07876,CUST04436,UPI,Paytm,7491,true,2023-07-16
PM07877,CUST03610,Debit Card,ICICI Bank,8395,true,2023-09-11
PM07878,CUST08411,Net Banking,HDFC Bank,9746,true,2024-08-12
PM07879,CUST09584,UPI,PhonePe,2955,true,2023-10-16
PM07880,CUST02010,UPI,BHIM,0506,true,2023-02-22
PM07881,CUST01620,Debit Card,SBI,3295,,2024-12-16
PM07882,CUST08997,Credit Card,ICICI Bank,3330,true,2024-06-09
PM07883,CUST05367,UPI,GooglePay,5669,true,2024-01-22
PM07884,CUST01342,Credit Card,Axis Bank,6414,true,2025-08-11
PM07885,CUST08073,Credit Card,HDFC Bank,5751,true,2024-08-28
PM07886,CUST01673,Net Banking,SBI,6067,false,2023-12-03
PM07887,CUST03222,Debit Card,HDFC Bank,4473,false,2023-04-23
PM07888,CUST01999,UPI,PhonePe,3937,true,2023-08-04
PM07889,CUST09417,UPI,Paytm,1541,true,2023-07-22
PM07890,CUST07908,Credit Card,ICICI Bank,3913,false,2025-02-21
PM07891,CUST04511,UPI,Paytm,8834,true,2023-11-30
PM07892,CUST04563,Debit Card,ICICI Bank,0819,true,2023-07-14
PM07893,CUST08574,Debit Card,HDFC Bank,4842,true,2025-03-14
PM07894,CUST01342,Debit Card,HDFC Bank,8683,true,2025-02-10
PM07895,CUST07527,UPI,PhonePe,4912,true,2023-09-19
PM07896,CUST04640,UPI,BHIM,5107,false,2024-01-02
PM07897,CUST01717,Net Banking,SBI,,true,2023-11-29
PM07898,CUST06339,UPI,GooglePay,3865,true,2024-05-01
PM07899,CUST09610,Credit Card,SBI,7339,true,
PM07900,CUST05937,UPI,Paytm,9329,true,2023-09-17
PM07901,CUST06929,Credit Card,ICICI Bank,6156,false,2023-06-14
PM07902,CUST06823,UPI,Paytm,3636,true,2025-07-24
PM07903,CUST09327,Debit Card,SBI,3430,false,2025-09-15
PM07904,CUST06948,UPI,BHIM,7629,true,2024-08-16
PM07905,CUST06086,UPI,PhonePe,2407,false,2023-04-05
PM07906,CUST05788,Net Banking,HDFC Bank,6715,true,2025-01-17
PM07907,CUST06615,Debit Card,Axis Bank,2985,true,2024-12-16
PM07908,CUST03555,UPI,GooglePay,3500,true,2023-04-13
PM07909,CUST00971,Debit Card,Axis Bank,9226,true,2025-04-17
PM07910,CUST04508,UPI,BHIM,0749,true,2025-09-26
PM07911,CUST03146,Debit Card,ICICI Bank,8926,true,2023-02-01
PM07912,CUST02939,UPI,Paytm,2865,false,2024-05-08
PM07913,CUST07109,UPI,GooglePay,9380,true,2024-03-07
PM07914,CUST01343,UPI,GooglePay,0856,false,2024-06-11
,CUST07640,UPI,Paytm,9282,true,2024-03-16
PM07916,CUST00544,Credit Card,SBI,7647,true,2024-04-18
PM07917,CUST03027,Net Banking,SBI,0244,true,2024-01-17
PM07918,CUST08483,Net Banking,HDFC Bank,8777,false,2025-03-14
PM07919,CUST07403,UPI,GooglePay,8144,true,2024-09-24
PM07920,CUST06298,UPI,BHIM,4533,false,2025-05-28
PM07921,CUST04459,UPI,Paytm,2754,true,2024-11-03
PM07922,CUST09413,UPI,PhonePe,4247,true,2025-05-23
PM07923,CUST06527,UPI,GooglePay,3806,true,2025-07-30
PM07924,CUST08541,Debit Card,Axis Bank,9409,false,2024-05-21
PM07925,CUST07660,Debit Card,Axis Bank,2623,true,2024-11-13
PM07926,CUST09469,Net Banking,HDFC Bank,3155,true,2025-02-14
PM07927,CUST06287,Credit Card,Axis Bank,7070,true,2023-06-14
PM07928,CUST05085,Net Banking,HDFC Bank,7732,true,2025-02-05
PM07929,CUST05130,UPI,Paytm,0393,true,2024-03-31
PM07930,CUST04948,UPI,Paytm,4818,true,2024-10-18
PM07931,CUST04745,Net Banking,HDFC Bank,7704,true,2024-09-28
PM07932,CUST09736,Credit Card,HDFC Bank,4047,true,2025-02-27
PM07933,CUST09405,UPI,GooglePay,1419,true,2025-09-08
PM07934,CUST06739,Credit Card,SBI,3933,false,2025-05-15
PM07935,CUST02262,UPI,GooglePay,9213,true,2025-05-28
PM07936,CUST05111,UPI,BHIM,0418,,2024-01-28
PM07937,CUST04181,UPI,Paytm,7871,true,2025-04-18
PM07938,CUST07984,UPI,Paytm,2109,false,2023-09-20
PM07939,CUST08485,UPI,PhonePe,2882,true,2024-07-29
PM07940,CUST03316,UPI,PhonePe,4189,true,2025-03-25
PM07941,CUST06089,UPI,GooglePay,3484,true,2025-08-31
PM07942,CUST01760,UPI,BHIM,3210,true,2023-06-16
PM07943,CUST08691,Credit Card,Axis Bank,2057,true,2024-05-08
PM07944,CUST09686,Debit Card,ICICI Bank,7283,true,2025-06-17
PM07945,CUST09629,Credit Card,Axis Bank,5835,false,2024-01-01
PM07946,CUST06469,Debit Card,HDFC Bank,6597,true,2024-12-19
PM07947,CUST03373,Net Banking,HDFC Bank,2122,true,2023-09-16
PM07948,CUST02723,Debit Card,ICICI Bank,,true,2025-05-24
PM07949,CUST08811,Credit Card,ICICI Bank,7900,true,2024-08-03
PM07950,CUST01982,UPI,PhonePe,9666,true,2025-05-29
PM07951,CUST08156,Credit Card,ICICI Bank,8882,false,2023-03-02
PM07952,CUST09368,Net Banking,SBI,5753,false,2023-06-14
PM07953,CUST09285,,SBI,4248,true,
PM07954,CUST08240,Net Banking,ICICI Bank,1377,true,2025-01-23
PM07955,CUST01165,Credit Card,Axis Bank,4245,true,2024-10-15
PM07956,CUST00234,UPI,Paytm,5807,true,2025-01-04
PM07957,CUST04676,Debit Card,ICICI Bank,7815,true,2025-03-24
PM07958,CUST09357,Net Banking,ICICI Bank,7165,false,2024-12-21
PM07959,CUST01988,Debit Card,SBI,7757,true,2024-06-07
,CUST07294,UPI,Paytm,3189,true,2025-09-24
PM07961,CUST08312,Debit Card,Axis Bank,6500,true,2023-06-07
PM07962,CUST00818,Debit Card,HDFC Bank,0948,true,2024-11-27
PM07963,CUST05887,Debit Card,SBI,0205,false,2025-08-11
PM07964,CUST08622,Net Banking,HDFC Bank,9184,true,2024-03-12
PM07965,CUST03135,UPI,PhonePe,4689,true,2024-12-15
PM07966,CUST05033,Net Banking,SBI,5925,true,2025-01-27
PM07967,CUST01446,Credit Card,Axis Bank,4803,true,2025-01-07
PM07968,CUST07229,UPI,PhonePe,8921,true,2023-07-17
PM07969,CUST03703,Debit Card,SBI,,true,2024-07-29
PM07970,CUST06999,UPI,PhonePe,4191,true,2023-11-05
PM07971,CUST04679,UPI,Paytm,0381,true,2023-10-20
PM07972,CUST01887,Net Banking,HDFC Bank,3715,false,2023-08-18
PM07973,CUST07385,Credit Card,HDFC Bank,1889,true,2025-02-16
PM07974,CUST04017,Debit Card,SBI,1029,true,2025-02-19
PM07975,CUST06253,Credit Card,SBI,9115,true,2023-03-13
PM07976,CUST01341,Debit Card,ICICI Bank,3546,true,2023-11-21
PM07977,CUST00476,Credit Card,ICICI Bank,7677,true,2023-09-16
PM07978,CUST03485,Debit Card,SBI,4796,false,2024-03-15
PM07979,,Debit Card,HDFC Bank,8321,true,2023-03-14
PM07980,CUST00831,Credit Card,SBI,9818,false,2023-05-16
PM07981,CUST08081,UPI,PhonePe,2347,true,2023-03-03
PM07982,CUST04485,Net Banking,HDFC Bank,3230,true,2023-03-06
PM07983,CUST06018,UPI,BHIM,,true,2025-05-09
PM07984,CUST07333,Debit Card,HDFC Bank,,true,2023-03-03
PM07985,CUST02897,Credit Card,Axis Bank,6549,false,2025-07-18
PM07986,CUST07823,UPI,BHIM,3077,true,2023-07-10
PM07987,CUST06741,Credit Card,ICICI Bank,4073,true,2023-11-26
PM07988,CUST00894,UPI,BHIM,5487,false,2025-01-13
PM07989,CUST03652,Debit Card,ICICI Bank,7507,true,2024-08-18
PM07990,CUST09498,Credit Card,SBI,7073,true,2024-10-06
PM07991,CUST04544,Debit Card,ICICI Bank,0126,false,2024-06-11
PM07992,CUST02675,Net Banking,HDFC Bank,5843,false,2023-02-05
PM07993,CUST03449,UPI,Paytm,5521,false,2023-05-09
PM07994,CUST02311,Debit Card,ICICI Bank,0364,true,2023-03-13
PM07995,CUST06015,Credit Card,HDFC Bank,6654,true,2023-01-16
PM07996,CUST02104,UPI,Paytm,5161,,2024-07-10
PM07997,,UPI,Paytm,3027,true,2024-01-17
PM07998,CUST01053,Credit Card,ICICI Bank,0789,true,2023-10-25
PM07999,CUST04498,UPI,BHIM,5255,false,2023-07-31
PM08000,CUST05731,Debit Card,HDFC Bank,,false,2023-04-22
PM08001,CUST06267,UPI,BHIM,2834,true,2023-10-19
PM08002,CUST04155,Debit Card,Axis Bank,6990,true,2025-04-02
PM08003,CUST01112,Credit Card,HDFC Bank,5342,true,2025-02-10
PM08004,CUST06682,Debit Card,Axis Bank,7595,true,2024-09-27
PM08005,CUST07391,UPI,GooglePay,5839,false,2024-12-07
PM08006,CUST06061,UPI,PhonePe,3243,false,2023-04-22
PM08007,CUST08753,Net Banking,SBI,6924,true,2025-07-25
PM08008,CUST01265,Net Banking,SBI,5349,true,2025-08-09
PM08009,CUST03087,Debit Card,,3270,false,2023-10-17
PM08010,CUST06361,Debit Card,Axis Bank,9663,,2024-03-11
PM08011,CUST08984,Net Banking,SBI,2219,true,2024-11-07
PM08012,CUST02744,Credit Card,SBI,9759,true,2023-09-14
PM08013,CUST04570,Debit Card,ICICI Bank,8958,false,2024-01-15
PM08014,CUST05443,UPI,Paytm,0569,true,2025-06-25
PM08015,CUST01019,Debit Card,SBI,0010,false,2024-09-30
PM08016,CUST01515,,Paytm,3584,true,2025-03-07
PM08017,CUST02238,UPI,BHIM,6237,true,2025-06-30
PM08018,CUST06476,Credit Card,HDFC Bank,7531,true,2023-06-20
PM08019,CUST07782,Debit Card,HDFC Bank,8581,true,2023-06-30
PM08020,CUST05182,UPI,GooglePay,2217,false,2024-03-16
PM08021,CUST08222,UPI,BHIM,6086,true,2023-05-06
PM08022,CUST01980,Debit Card,SBI,2132,false,2025-01-03
PM08023,CUST03589,UPI,Paytm,7306,true,2024-02-24
PM08024,CUST02131,Debit Card,Axis Bank,3955,false,2024-02-05
PM08025,CUST07345,Credit Card,SBI,7188,true,2025-01-02
PM08026,CUST07623,UPI,PhonePe,9338,true,2025-04-21
PM08027,CUST09640,Net Banking,SBI,2596,true,2025-05-05
PM08028,CUST01338,Credit Card,SBI,9824,0,2024-07-19
PM08029,CUST04829,UPI,PhonePe,1384,true,2023-09-01
PM08030,CUST07108,Credit Card,Axis Bank,8998,false,2024-09-13
PM08031,CUST06401,Credit Card,HDFC Bank,1447,false,2025-03-05
PM08032,,UPI,Paytm,9785,true,2025-04-03
PM08033,CUST02499,UPI,BHIM,1630,true,2023-05-22
PM08034,CUST00332,Credit Card,SBI,7491,false,2024-12-13
PM08035,CUST03099,UPI,GooglePay,9007,true,2023-11-11
PM08036,CUST09985,Debit Card,ICICI Bank,5855,true,2023-03-28
PM08037,CUST02222,Net Banking,SBI,8663,true,2025-02-15
PM08038,CUST05439,,Axis Bank,1991,false,2023-09-11
PM08039,CUST06431,Debit Card,SBI,9496,true,2023-12-30
,CUST07062,UPI,Paytm,5389,,2025-07-05
PM08041,CUST09421,,PhonePe,8985,false,2025-04-23
PM08042,CUST06001,UPI,PhonePe,7780,false,2025-08-13
PM08043,CUST05521,UPI,GooglePay,6699,false,2025-08-24
PM08044,CUST04194,Credit Card,SBI,8461,true,2025-02-25
PM08045,CUST07320,Credit Card,HDFC Bank,2620,true,2024-07-18
PM08046,CUST03786,,HDFC Bank,7370,true,2023-12-28
PM08047,CUST00415,UPI,Paytm,7332,true,2024-06-05
PM08048,CUST01969,UPI,BHIM,2951,true,2023-09-26
PM08049,CUST04593,UPI,BHIM,4270,true,2023-12-11
PM08050,CUST07432,,GooglePay,9115,false,2023-07-07
PM08587,CUST08111,Debit Card,SBI,1237,true,2023-07-01
PM08052,CUST00188,Credit Card,HDFC Bank,5080,true,2024-12-11
PM08053,CUST02847,UPI,BHIM,2543,false,2024-06-18
PM08054,CUST05190,UPI,BHIM,8062,true,2024-07-22
PM08055,CUST00397,UPI,Paytm,7744,true,2023-08-26
PM08056,CUST06873,Credit Card,Axis Bank,9292,true,2023-04-18
PM08057,CUST07534,UPI,Paytm,1949,false,2023-12-12
PM08058,CUST00347,UPI,BHIM,5634,true,2023-08-03
PM08059,CUST01371,UPI,GooglePay,8000,true,2024-09-27
PM08060,CUST00281,Debit Card,HDFC Bank,8336,false,2024-05-26
PM08061,CUST00567,UPI,BHIM,3056,true,2025-08-07
PM08062,CUST04856,Debit Card,HDFC Bank,0249,true,2024-05-31
PM08063,CUST05482,UPI,GooglePay,0266,true,2025-07-25
PM08064,CUST04400,UPI,PhonePe,0800,false,2024-08-22
PM08065,CUST08635,UPI,Paytm,7725,true,2024-03-22
PM08066,CUST02415,UPI,Paytm,5970,true,2023-11-23
PM08067,CUST08596,UPI,Paytm,1676,false,2023-02-27
PM08068,CUST05589,Net Banking,HDFC Bank,3732,true,2025-06-06
PM08069,CUST09357,Credit Card,ICICI Bank,6592,true,2023-08-23
PM08070,CUST09317,UPI,BHIM,2121,true,2024-08-22
PM08071,CUST02765,UPI,BHIM,7446,true,2023-06-15
PM03697,CUST08674,UPI,BHIM,0215,,2023-03-07
PM08073,CUST08668,UPI,Paytm,4787,true,2024-05-12
PM08074,CUST04229,UPI,GooglePay,6979,true,2024-10-07
PM08075,CUST07219,UPI,BHIM,6459,true,2024-06-04
PM08076,CUST02632,UPI,PhonePe,2421,true,2025-08-27
PM08077,CUST04460,Net Banking,HDFC Bank,7024,true,2024-04-02
PM08078,CUST00301,Debit Card,HDFC Bank,5581,true,2025-01-08
PM08079,CUST00300,UPI,GooglePay,8096,true,2024-10-02
PM08080,CUST05611,UPI,GooglePay,9422,true,2025-01-01
PM08081,CUST06802,UPI,PhonePe,6536,true,2025-01-02
PM08082,CUST07335,Net Banking,HDFC Bank,2266,true,2023-12-02
PM08083,CUST02849,UPI,GooglePay,8333,true,2023-08-11
PM07681,CUST04522,Net Banking,HDFC Bank,8423,false,2025-06-01
PM08085,CUST04482,UPI,BHIM,6290,true,2024-06-27
PM08086,CUST08629,UPI,PhonePe,9264,true,2024-08-02
PM08087,CUST05048,Net Banking,SBI,4691,true,2023-11-05
PM08088,CUST02181,Debit Card,ICICI Bank,5773,true,2023-08-01
PM08089,CUST03256,UPI,BHIM,2827,true,2024-07-28
PM08090,CUST04595,Net Banking,SBI,9182,true,2024-06-21
PM08091,CUST02469,Debit Card,HDFC Bank,7665,false,2023-09-01
PM08092,CUST05023,Net Banking,ICICI Bank,1097,true,2025-01-24
PM08093,CUST01914,UPI,Paytm,5766,true,2024-02-14
PM08094,CUST07551,UPI,Paytm,6268,true,2023-01-23
PM08095,CUST03352,Credit Card,ICICI Bank,9629,false,2024-07-11
PM08096,CUST08474,Credit Card,HDFC Bank,6023,true,2023-03-07
PM08097,CUST08954,UPI,BHIM,9130,true,2025-06-10
PM08098,CUST09691,Credit Card,SBI,1430,true,2024-07-18
PM08099,CUST07216,UPI,BHIM,1922,true,2024-01-02
PM08100,CUST03477,UPI,GooglePay,1231,true,2024-05-02
PM08101,CUST03817,UPI,GooglePay,8847,true,2023-05-06
PM08102,CUST02405,Net Banking,ICICI Bank,8253,true,2024-02-12
PM08103,CUST00721,UPI,BHIM,8246,true,2023-12-06
PM08104,CUST00149,UPI,PhonePe,9787,true,2023-09-25
PM08105,CUST02970,Debit Card,SBI,3444,true,2024-08-09
PM08106,CUST08011,UPI,Paytm,7514,false,2023-06-18
PM08107,CUST08635,UPI,BHIM,5238,true,2024-12-02
PM08108,CUST05448,UPI,PhonePe,1006,,2023-07-15
PM08109,,UPI,GooglePay,8901,true,2023-12-13
PM08110,CUST07663,UPI,,3168,true,2023-09-06
PM08111,CUST02188,UPI,GooglePay,2077,true,2024-01-05
PM08112,CUST02036,Debit Card,SBI,9772,true,2023-12-16
PM08113,CUST09975,Credit Card,HDFC Bank,2155,true,2024-05-21
PM08114,CUST00022,Credit Card,Axis Bank,6677,true,2024-10-29
PM08115,CUST02724,Credit Card,SBI,3545,true,2024-05-08
PM08116,CUST08745,UPI,Paytm,2535,true,2024-01-21
PM08117,CUST09513,UPI,BHIM,9180,true,2023-08-16
PM08118,CUST05211,Debit Card,SBI,6086,,2023-10-21
PM08119,CUST02602,Credit Card,SBI,4263,true,2023-01-03
PM08120,CUST08549,UPI,GooglePay,4920,true,2024-07-26
PM08121,CUST07422,Debit Card,Axis Bank,9894,false,2023-11-02
PM08122,CUST03270,UPI,Paytm,4388,false,2023-01-11
PM08123,CUST01055,Debit Card,ICICI Bank,0707,true,2025-07-27
PM08124,CUST06811,Credit Card,HDFC Bank,5189,false,2023-04-28
PM08125,CUST01781,UPI,Paytm,9883,true,2025-05-28
PM08126,CUST02627,Net Banking,HDFC Bank,5841,true,2023-10-25
PM08127,CUST04402,Credit Card,SBI,9749,true,2023-02-16
PM08128,CUST08673,Net Banking,HDFC Bank,7540,true,2025-03-14
PM08129,CUST07651,UPI,BHIM,3759,true,2024-03-09
PM08130,CUST09097,UPI,GooglePay,0100,false,2023-12-19
PM08131,CUST06027,Debit Card,Axis Bank,4032,true,2025-07-14
PM08132,CUST08877,UPI,Paytm,4004,false,2024-06-19
PM08133,CUST09576,UPI,BHIM,1057,false,2025-01-02
PM08134,CUST04906,Net Banking,HDFC Bank,7802,true,2024-12-27
PM08135,CUST02499,Debit Card,HDFC Bank,9733,true,2025-08-29
PM08136,CUST00655,UPI,BHIM,9923,true,2025-08-22
PM08137,CUST07197,UPI,GooglePay,5633,true,2023-07-08
PM08138,CUST04938,Credit Card,ICICI Bank,2711,true,2024-10-31
PM08139,CUST06647,UPI,PhonePe,7036,true,2025-01-04
PM08140,CUST07644,UPI,Paytm,7508,false,2024-01-11
PM08141,CUST03458,UPI,GooglePay,8093,true,2024-04-24
PM08142,CUST04234,Debit Card,ICICI Bank,6284,true,2025-04-20
PM08143,CUST01766,Net Banking,SBI,0308,true,2024-02-04
PM08144,CUST04481,Credit Card,,8463,true,2023-08-04
PM08145,CUST04103,Credit Card,Axis Bank,3133,true,2025-05-21
PM08146,CUST08996,UPI,Paytm,1099,true,2023-02-07
PM08147,CUST08972,UPI,GooglePay,1667,true,2023-04-18
PM08148,CUST04549,UPI,BHIM,4249,true,2024-04-02
PM08149,CUST08225,Credit Card,SBI,5999,true,2023-06-14
PM08150,CUST02593,Credit Card,Axis Bank,8052,false,2024-11-28
PM08151,CUST07692,UPI,PhonePe,0065,true,2023-03-16
PM08152,CUST00629,UPI,BHIM,6943,false,2024-02-03
PM08153,CUST04478,Net Banking,ICICI Bank,7418,true,2023-12-07
PM08154,CUST05029,Debit Card,Axis Bank,4627,false,2025-08-22
PM08155,CUST06142,UPI,GooglePay,9711,true,2024-12-07
PM08156,CUST00749,UPI,PhonePe,7799,true,2023-10-19
PM08157,CUST03963,UPI,Paytm,3785,true,2025-03-19
PM08158,CUST06704,UPI,BHIM,8878,false,2025-01-01
PM08159,,Credit Card,SBI,1739,true,2023-02-27
PM08160,CUST08727,UPI,Paytm,9938,true,2025-04-17
PM08161,CUST00590,UPI,PhonePe,0743,false,2024-11-22
PM08162,CUST02785,Debit Card,SBI,5114,true,2023-09-02
PM08163,CUST07208,Debit Card,SBI,9473,true,2024-07-10
PM08164,CUST06771,Credit Card,SBI,1661,true,2025-05-24
PM08165,CUST04038,Credit Card,SBI,0429,false,2024-07-14
PM08166,CUST03450,Credit Card,Axis Bank,5587,false,2023-05-07
PM08167,CUST06620,Credit Card,ICICI Bank,1349,false,2025-04-06
PM08168,CUST06258,Debit Card,ICICI Bank,9198,true,2023-05-18
PM08169,CUST06844,Credit Card,HDFC Bank,9798,true,2023-10-10
PM08170,CUST09026,UPI,GooglePay,4161,true,2024-09-04
PM08171,CUST07238,UPI,Paytm,5296,true,2023-04-18
PM08172,CUST08226,UPI,PhonePe,8851,true,2023-07-05
PM08173,CUST01599,Credit Card,SBI,3373,true,2023-08-08
PM08174,CUST06298,UPI,GooglePay,7631,true,2023-01-14
PM08175,CUST03364,UPI,GooglePay,1979,true,2024-12-26
PM08176,CUST01741,UPI,,5459,true,2025-03-31
PM08177,CUST09573,Debit Card,Axis Bank,2883,true,2024-11-30
PM08178,CUST07878,UPI,PhonePe,6883,true,2024-02-17
PM08179,CUST03517,UPI,Paytm,3448,true,2024-05-08
PM08180,CUST03969,UPI,GooglePay,0967,false,2023-10-18
PM08181,CUST05022,UPI,PhonePe,1415,true,2023-10-12
PM08182,CUST05021,Credit Card,HDFC Bank,6796,true,2024-06-15
PM08183,CUST01505,Credit Card,HDFC Bank,9498,false,2023-02-10
PM08184,,Net Banking,ICICI Bank,9464,false,2025-09-21
PM08185,CUST00958,Debit Card,HDFC Bank,8267,true,2023-05-13
PM08186,CUST04258,UPI,Paytm,5211,true,2025-04-17
PM08187,CUST03921,UPI,BHIM,6575,true,2025-05-30
PM08188,CUST07996,Debit Card,HDFC Bank,2994,true,2023-02-21
PM08189,CUST02700,Debit Card,SBI,4882,true,2023-03-15
PM08190,CUST08057,UPI,BHIM,6478,true,2024-07-18
PM08191,CUST02035,Credit Card,Axis Bank,4448,true,2025-05-04
PM08192,CUST05791,Credit Card,HDFC Bank,8114,true,2023-01-15
PM08193,CUST05032,UPI,PhonePe,8212,false,2024-06-21
PM08194,CUST04777,Debit Card,ICICI Bank,6664,true,2025-06-26
PM08195,CUST09976,Debit Card,Axis Bank,4998,false,2023-10-08
PM08196,CUST06396,Debit Card,HDFC Bank,,false,2024-08-24
PM08197,CUST03824,UPI,GooglePay,3544,true,2023-07-13
PM08198,CUST08662,UPI,BHIM,6174,true,2024-12-15
PM08199,CUST05779,UPI,GooglePay,5874,true,2025-05-06
PM08200,CUST05237,UPI,BHIM,0087,true,2025-05-04
PM08201,CUST01696,UPI,BHIM,4189,true,2023-05-01
PM08202,CUST06798,Debit Card,HDFC Bank,9212,true,2024-02-09
PM08203,CUST00184,Net Banking,HDFC Bank,0590,true,2024-04-19
PM08204,CUST07796,UPI,BHIM,8591,false,2023-02-10
PM08205,CUST04692,UPI,BHIM,0529,false,2024-08-24
PM08206,CUST02179,Credit Card,Axis Bank,2957,false,2025-02-13
PM08207,CUST00196,Debit Card,HDFC Bank,1379,true,2023-04-29
PM08208,CUST03663,Credit Card,Axis Bank,3886,true,2024-10-18
PM08209,CUST09597,Debit Card,Axis Bank,5799,true,2024-11-10
PM08210,CUST04417,Net Banking,ICICI Bank,5998,true,2024-01-01
PM08211,CUST01282,UPI,GooglePay,6135,true,2024-11-13
PM08212,CUST04113,Net Banking,ICICI Bank,8661,true,2024-03-26
PM08213,CUST07279,UPI,GooglePay,7639,true,2025-07-11
PM08214,CUST01380,Net Banking,SBI,4458,true,2023-11-14
PM08215,CUST06711,Credit Card,SBI,7954,true,2024-04-02
PM08216,CUST09150,UPI,Paytm,0917,true,2024-08-11
PM08217,CUST07564,Debit Card,HDFC Bank,4174,true,2023-04-08
PM08218,CUST02078,UPI,GooglePay,6515,true,2025-07-20
PM08219,CUST02690,UPI,GooglePay,3927,true,2023-10-03
PM08220,CUST06084,UPI,BHIM,0681,true,2024-02-08
PM08221,CUST08400,Credit Card,ICICI Bank,7135,true,2025-06-04
PM08222,CUST00403,UPI,Paytm,5149,true,2023-03-24
PM08223,CUST02113,UPI,BHIM,2693,true,2025-07-12
PM06260,CUST03729,Debit Card,ICICI Bank,7328,false,2023-04-28
PM08225,CUST06955,Credit Card,SBI,9499,true,2023-12-13
PM08226,CUST01416,Debit Card,HDFC Bank,6983,true,2023-11-13
PM08227,CUST01704,Credit Card,HDFC Bank,9078,true,2023-05-27
PM08228,CUST02421,UPI,PhonePe,6408,true,2024-08-16
PM08229,CUST04671,Net Banking,ICICI Bank,7742,false,
PM08230,CUST05948,UPI,GooglePay,9247,true,2025-05-04
PM08231,CUST08789,Debit Card,ICICI Bank,2144,true,2023-03-13
PM08232,CUST09525,UPI,PhonePe,3238,false,2025-01-07
PM08233,CUST00922,Credit Card,Axis Bank,1836,true,2025-01-03
PM08234,CUST00421,Credit Card,HDFC Bank,6604,true,2024-09-03
PM08235,CUST06899,UPI,BHIM,2899,true,2023-04-03
PM08236,CUST06911,Debit Card,SBI,0901,true,2025-06-09
PM08237,CUST04953,UPI,BHIM,5656,true,2023-10-13
PM08238,CUST00154,Credit Card,HDFC Bank,2647,true,2023-02-06
PM08239,CUST05772,Credit Card,Axis Bank,8225,true,2024-06-25
PM08240,CUST08292,UPI,Paytm,9581,true,2024-11-17
PM08241,CUST06158,UPI,BHIM,6020,true,2025-09-12
PM08242,CUST02158,Credit Card,SBI,5687,false,2023-07-30
PM08243,CUST03317,UPI,GooglePay,0005,true,2023-05-02
PM08244,CUST06895,Debit Card,HDFC Bank,6618,false,2025-02-28
,CUST02247,Credit Card,SBI,2017,true,2023-03-31
PM08246,CUST01752,UPI,PhonePe,8348,false,2023-06-30
PM08247,CUST08702,Debit Card,ICICI Bank,5188,false,2025-07-15
PM08248,CUST01346,Debit Card,ICICI Bank,7194,false,2023-02-18
PM08249,CUST08040,,SBI,3926,false,2025-09-12
PM08250,CUST09610,Credit Card,ICICI Bank,1641,true,2023-10-26
PM08251,CUST02055,UPI,Paytm,1411,false,2024-08-11
PM08252,CUST05641,UPI,BHIM,7959,true,2024-04-27
PM08253,CUST01371,UPI,Paytm,5946,true,2025-09-25
PM08254,CUST02388,UPI,Paytm,7540,true,2025-04-11
PM08255,,UPI,Paytm,2470,true,2024-11-07
PM08256,CUST02929,UPI,PhonePe,4065,true,2025-01-05
PM08257,CUST00640,Credit Card,Axis Bank,7906,true,2024-01-03
PM08258,CUST08601,UPI,BHIM,2192,true,2024-06-03
PM08259,CUST04203,UPI,Paytm,6020,,2023-04-06
PM08260,CUST06618,Credit Card,HDFC Bank,8839,false,2023-12-01
PM08261,CUST05661,Credit Card,ICICI Bank,7766,true,2025-03-14
PM08262,CUST01418,Credit Card,SBI,0611,false,2025-02-10
PM08263,CUST05500,Debit Card,SBI,2705,false,2024-05-01
PM08264,CUST00349,UPI,GooglePay,9819,true,2025-02-22
PM08265,CUST07402,UPI,BHIM,1750,true,2024-08-27
PM08266,CUST01354,Credit Card,,1074,true,2025-02-06
PM08267,CUST02569,UPI,PhonePe,8463,true,2024-08-19
PM08268,CUST09240,UPI,GooglePay,5566,true,2024-12-06
PM08269,CUST06302,Net Banking,ICICI Bank,0729,true,2023-11-30
PM08270,CUST07262,UPI,BHIM,8385,false,2023-01-21
PM08271,CUST01742,UPI,BHIM,3704,true,2023-06-08
PM08272,CUST00502,UPI,Paytm,9075,true,2024-07-22
PM08273,CUST03649,Credit Card,SBI,8987,true,2024-01-21
PM08274,CUST00927,UPI,BHIM,9523,false,2023-06-22
PM08275,CUST01189,UPI,GooglePay,9023,true,2024-10-11
PM08276,CUST03706,Credit Card,SBI,5358,false,2024-11-19
PM08277,CUST07332,Credit Card,Axis Bank,9764,true,2025-02-28
PM08278,CUST09783,UPI,GooglePay,6629,false,2023-03-24
,CUST01877,Debit Card,SBI,0076,true,2024-09-03
PM08280,CUST07990,Debit Card,SBI,4088,0,2023-08-29
PM08281,CUST06232,Net Banking,SBI,6349,true,2023-03-17
PM08282,CUST06994,UPI,Paytm,9319,true,2025-04-07
PM08283,CUST05299,UPI,PhonePe,3490,false,2024-04-26
PM08284,CUST03164,Credit Card,,7072,true,2025-03-19
PM08285,CUST07888,UPI,Paytm,5451,,2024-12-03
PM08286,CUST05332,Debit Card,Axis Bank,2339,true,2025-07-13
PM08287,CUST03405,UPI,BHIM,3837,false,2023-02-10
PM08288,CUST04661,UPI,BHIM,1593,true,2023-04-14
PM08289,CUST04461,Credit Card,Axis Bank,6491,true,2025-04-28
PM08290,CUST05356,Net Banking,SBI,9998,true,2025-08-05
PM08291,CUST04649,UPI,GooglePay,6757,true,2024-12-19
PM02651,,UPI,GooglePay,,false,2023-04-18
PM08293,CUST01932,UPI,,9285,true,2023-04-13
PM08294,,Debit Card,HDFC Bank,4077,TRUE,2023-10-28
PM08295,CUST02730,UPI,PhonePe,0152,false,2023-02-02
PM08296,CUST09022,UPI,BHIM,2762,true,2025-06-22
PM08297,CUST07440,Credit Card,HDFC Bank,9949,true,2024-11-12
PM08298,CUST04044,Net Banking,ICICI Bank,2927,false,2024-10-02
PM08299,CUST09646,Debit Card,,9017,true,2024-06-24
PM08300,CUST06089,UPI,BHIM,7213,true,2025-06-18
PM08301,CUST08274,UPI,BHIM,5587,true,2024-05-03
PM08302,CUST07285,Debit Card,HDFC Bank,1368,true,2024-01-13
PM08303,CUST04709,Credit Card,ICICI Bank,3871,false,2023-09-02
PM08304,CUST07367,Debit Card,ICICI Bank,6325,true,2023-07-20
PM08305,CUST00721,UPI,Paytm,0582,true,2023-11-05
PM08306,CUST01803,UPI,GooglePay,1321,true,2024-07-31
PM08307,CUST03157,Net Banking,ICICI Bank,2478,true,2025-07-26
PM08308,CUST01890,UPI,BHIM,9217,true,2023-04-27
PM05332,CUST02958,UPI,Paytm,8905,true,2024-03-01
PM08310,CUST03374,UPI,PhonePe,3866,true,2025-08-09
PM08311,CUST08007,Net Banking,ICICI Bank,7739,true,2023-08-13
PM08312,,Debit Card,SBI,6743,false,2025-01-17
PM08313,CUST01934,UPI,BHIM,8288,true,2025-07-09
PM08314,CUST04865,UPI,Paytm,7589,true,2025-04-07
PM08315,CUST07891,UPI,Paytm,1697,true,2025-09-13
PM08316,CUST07797,Debit Card,ICICI Bank,4462,true,2023-03-02
PM08317,CUST05533,UPI,BHIM,2171,false,2024-04-25
PM08318,CUST04967,Debit Card,ICICI Bank,5242,true,2024-05-26
PM08319,CUST00216,Credit Card,Axis Bank,7759,true,2024-04-04
PM08320,CUST00628,Debit Card,ICICI Bank,6629,true,2024-03-17
PM08321,CUST09705,Net Banking,HDFC Bank,0346,true,2023-04-25
PM08322,CUST08771,Credit Card,HDFC Bank,6531,true,2023-06-09
PM08323,CUST09800,Debit Card,SBI,5552,true,2023-06-10
PM08324,,Net Banking,SBI,3036,true,2025-01-18
PM08325,CUST05998,Credit Card,Axis Bank,8144,true,2024-11-08
,CUST06920,UPI,PhonePe,1355,true,2023-09-09
PM08327,CUST07236,UPI,PhonePe,3223,true,2025-05-28
PM08328,CUST05435,Debit Card,SBI,3824,false,2025-01-22
PM08329,CUST09084,Credit Card,Axis Bank,9018,false,2025-07-25
PM08330,CUST07059,Debit Card,ICICI Bank,9866,true,2025-01-08
PM08331,CUST03874,Credit Card,SBI,2240,false,2024-03-29
PM08332,CUST09706,UPI,BHIM,1493,true,2024-05-09
PM08333,CUST05594,UPI,Paytm,8486,true,2025-04-26
PM08334,CUST09385,Credit Card,ICICI Bank,0568,false,2025-05-16
PM04540,CUST05634,Credit Card,SBI,4099,false,2023-01-30
PM08336,CUST02866,UPI,PhonePe,7140,true,2023-01-12
PM08337,CUST00167,Credit Card,ICICI Bank,2610,true,2023-12-25
PM08338,CUST04305,UPI,Paytm,1512,true,2025-02-10
PM08339,CUST00013,Net Banking,HDFC Bank,8877,true,2024-05-17
PM08340,CUST05815,Net Banking,SBI,7749,true,2025-01-05
PM08341,CUST00868,Credit Card,SBI,2195,true,2025-09-09
PM08342,CUST02696,UPI,PhonePe,8580,true,2023-12-29
PM08343,CUST08027,Credit Card,SBI,8397,true,2024-01-19
PM08344,CUST03339,UPI,Paytm,5299,true,2025-08-18
PM08345,CUST02783,Debit Card,Axis Bank,8165,true,2023-12-31
PM08346,CUST08267,UPI,Paytm,1176,true,2025-09-18
PM08347,CUST06163,UPI,PhonePe,9963,true,2024-01-14
PM08348,CUST02804,Net Banking,ICICI Bank,7713,true,2023-08-29
PM08349,CUST03374,UPI,GooglePay,4212,true,2025-03-15
PM08350,CUST00924,Debit Card,ICICI Bank,6123,true,2023-08-27
PM08351,CUST00643,UPI,BHIM,2804,false,2024-12-11
PM08352,CUST06081,Net Banking,ICICI Bank,2672,true,2023-03-21
PM08353,CUST05420,Debit Card,HDFC Bank,1189,true,2024-06-04
PM08354,CUST00741,Debit Card,SBI,4392,true,2023-10-01
PM08355,CUST06597,Credit Card,ICICI Bank,6254,true,2024-01-05
PM08356,CUST02932,Debit Card,HDFC Bank,7442,true,2023-07-22
PM08357,CUST01625,Credit Card,HDFC Bank,6203,true,2023-08-01
PM08358,CUST05861,Credit Card,ICICI Bank,6438,true,2025-04-16
PM08359,CUST05050,UPI,PhonePe,0501,true,2023-10-01
PM08360,CUST05266,UPI,BHIM,7774,false,2025-05-13
PM08361,CUST07925,UPI,GooglePay,4371,true,2024-11-19
PM08362,CUST07717,Credit Card,HDFC Bank,1642,true,2024-09-15
PM08363,CUST01586,Debit Card,SBI,0124,true,2023-01-18
PM08364,CUST07429,UPI,PhonePe,8409,true,2025-02-09
PM08365,CUST01669,UPI,PhonePe,5562,false,2024-11-25
PM08366,CUST06172,Debit Card,ICICI Bank,8182,true,2023-03-21
PM08367,CUST08001,UPI,PhonePe,9912,false,2024-01-05
PM08368,CUST02597,UPI,PhonePe,9861,true,2024-05-03
PM08369,CUST08525,UPI,Paytm,4425,true,2024-06-25
PM08370,CUST04480,Net Banking,ICICI Bank,1345,true,2023-10-27
PM08371,CUST05124,Credit Card,HDFC Bank,3351,true,2025-08-18
PM08372,CUST07529,UPI,GooglePay,4288,false,2023-05-16
PM08373,CUST04041,UPI,PhonePe,2686,true,2023-06-02
PM08374,CUST04185,Debit Card,Axis Bank,0827,true,2023-07-24
PM08375,,UPI,PhonePe,9157,false,2023-08-24
PM08376,CUST09622,UPI,GooglePay,1375,true,2024-10-11
PM08377,CUST09626,UPI,Paytm,4531,false,2024-11-06
PM08378,CUST07698,Debit Card,SBI,9650,false,2024-05-11
PM08379,CUST09476,Credit Card,HDFC Bank,6244,true,2025-09-02
PM08380,CUST03071,UPI,PhonePe,1915,true,2024-01-22
PM08381,CUST03513,Credit Card,SBI,0341,true,2024-02-11
PM08382,CUST09259,UPI,PhonePe,5609,false,2024-02-09
PM08383,CUST01802,Credit Card,Axis Bank,2248,true,2023-08-07
PM08384,CUST02381,Net Banking,ICICI Bank,8470,false,2023-07-14
PM08385,CUST02440,UPI,Paytm,1146,true,2024-03-11
PM08386,CUST01304,UPI,GooglePay,5569,true,2024-04-26
PM08387,CUST04866,UPI,BHIM,8057,1,2024-01-19
PM08388,CUST03565,Debit Card,ICICI Bank,7777,false,2023-08-07
PM08389,CUST05148,UPI,BHIM,3548,true,2024-11-10
PM08390,CUST01527,Credit Card,SBI,7788,false,2023-06-09
PM08391,CUST07135,Net Banking,ICICI Bank,1872,true,2025-03-24
PM08392,CUST02758,UPI,Paytm,1032,true,2024-11-09
PM08393,CUST08717,,Paytm,6009,0,2023-11-13
PM08394,CUST01072,UPI,Paytm,5649,false,2023-03-20
PM08395,CUST09963,,PhonePe,8257,true,2024-04-14
PM08396,CUST07621,Net Banking,HDFC Bank,1504,false,2025-04-18
PM08397,CUST06329,Debit Card,Axis Bank,3354,true,2025-04-30
PM08398,CUST07606,UPI,GooglePay,2603,false,2023-05-22
PM08399,CUST03182,Credit Card,Axis Bank,0557,true,2025-06-16
PM08400,CUST09907,Debit Card,ICICI Bank,6129,,2024-04-08
PM08401,CUST03165,Debit Card,SBI,3373,true,2025-01-29
PM08402,CUST07607,Debit Card,Axis Bank,8218,true,2024-10-08
PM08403,CUST03854,UPI,BHIM,4560,false,2023-12-03
PM08404,CUST08056,Debit Card,ICICI Bank,5096,true,2023-07-25
PM08405,CUST00233,UPI,Paytm,1640,false,2024-01-28
PM08406,CUST00463,UPI,BHIM,1887,true,2024-06-20
PM08407,CUST02232,Credit Card,ICICI Bank,7703,true,2024-06-15
PM08408,CUST04267,Debit Card,HDFC Bank,0573,true,2023-11-02
PM08409,CUST01713,Debit Card,HDFC Bank,4204,false,2023-03-25
PM08410,CUST06911,UPI,BHIM,3637,false,2023-03-02
PM08411,CUST00004,UPI,Paytm,0786,true,2024-08-16
PM08412,CUST08746,UPI,PhonePe,8834,true,2023-11-28
PM08413,CUST00485,Credit Card,SBI,6021,true,2024-12-22
PM08414,CUST04955,UPI,GooglePay,9476,false,2023-09-10
PM08415,CUST06618,Debit Card,SBI,3316,true,2024-10-09
PM08416,CUST04898,UPI,PhonePe,9211,,2023-11-28
PM08417,CUST03950,UPI,BHIM,5535,true,2025-07-13
PM08418,CUST01489,Debit Card,Axis Bank,6070,true,2025-09-22
PM08419,CUST02429,UPI,Paytm,6279,true,2025-05-21
PM08420,CUST04803,Credit Card,SBI,1214,true,2024-01-09
PM08421,CUST00472,Credit Card,SBI,6707,true,2023-07-24
PM08422,CUST09002,Credit Card,SBI,2789,true,2024-03-14
PM08423,CUST01180,UPI,Paytm,4942,true,
PM08424,CUST06025,Credit Card,Axis Bank,7069,true,2024-03-16
PM08425,CUST05663,Debit Card,HDFC Bank,2658,true,2025-07-26
PM08426,CUST07187,Debit Card,Axis Bank,9692,true,2025-03-06
PM08427,CUST05215,UPI,PhonePe,3875,true,2024-03-22
PM08428,CUST03606,Credit Card,HDFC Bank,4217,,2023-04-17
PM08429,CUST06245,Net Banking,ICICI Bank,2815,true,2024-12-12
PM08430,CUST06367,Credit Card,HDFC Bank,9502,true,2023-03-04
PM08431,CUST09227,UPI,Paytm,7529,true,2024-03-28
PM08432,CUST03208,UPI,PhonePe,1422,true,2023-02-26
PM08433,CUST04849,Net Banking,HDFC Bank,6765,true,2024-06-03
PM08434,CUST08469,UPI,PhonePe,9320,false,2023-01-19
PM08435,CUST00394,Net Banking,SBI,1537,false,2024-06-20
PM08436,CUST03748,Debit Card,HDFC Bank,9222,true,2024-10-10
PM08437,CUST02640,Net Banking,ICICI Bank,1025,false,2024-05-07
PM08438,CUST06865,Debit Card,ICICI Bank,9634,true,2025-09-19
PM08439,CUST08345,Debit Card,Axis Bank,9201,false,2024-12-04
PM08440,CUST09505,Debit Card,HDFC Bank,6129,true,2023-10-12
PM08441,CUST02047,Net Banking,HDFC Bank,8006,false,2024-02-04
PM08442,CUST05624,Debit Card,HDFC Bank,6985,true,2023-01-06
PM08443,CUST08909,UPI,PhonePe,3526,true,2024-07-22
PM01745,CUST05718,Credit Card,Axis Bank,3939,true,2024-10-21
PM08445,CUST08723,Credit Card,SBI,4309,true,2024-06-05
PM08446,CUST01093,Debit Card,HDFC Bank,4046,true,2025-03-01
PM08447,CUST02962,Debit Card,SBI,8505,true,2025-04-17
PM08448,CUST08766,UPI,GooglePay,8024,false,2023-02-05
PM08449,CUST08080,UPI,Paytm,7272,true,2023-12-24
PM08450,CUST05353,UPI,GooglePay,7153,true,2023-06-18
PM08451,CUST01029,Debit Card,SBI,8109,true,2023-03-05
PM08452,CUST02977,UPI,Paytm,4493,true,2024-05-05
PM08453,CUST02822,Credit Card,Axis Bank,6083,false,
PM08454,CUST00578,UPI,GooglePay,6761,false,2024-01-26
PM08455,CUST08701,Net Banking,HDFC Bank,3254,true,2024-10-17
PM08456,CUST05121,Debit Card,SBI,8283,true,2023-05-27
PM08457,CUST07368,Credit Card,SBI,9861,false,2023-10-02
PM08458,CUST01175,UPI,Paytm,9021,true,2024-12-13
PM08459,CUST09708,UPI,GooglePay,4998,false,2024-01-10
PM08460,CUST03023,UPI,BHIM,1729,true,2025-06-13
PM08461,CUST03669,Debit Card,ICICI Bank,4260,true,2025-09-02
PM08462,CUST06096,UPI,GooglePay,2464,false,2025-09-16
PM08463,CUST02917,UPI,Paytm,0834,true,2024-11-08
PM08464,CUST00303,Credit Card,Axis Bank,1224,true,2024-03-14
PM08465,CUST08541,Net Banking,ICICI Bank,7074,true,2024-06-23
PM08466,CUST09815,UPI,Paytm,5748,false,2024-05-06
PM08467,CUST02235,Debit Card,ICICI Bank,4904,true,2023-10-30
PM08468,CUST05872,UPI,Paytm,2932,true,2025-07-28
PM08469,CUST03992,Credit Card,HDFC Bank,9174,false,2023-08-29
PM08470,CUST09718,Net Banking,ICICI Bank,3770,false,2024-12-05
PM08471,CUST04921,UPI,Paytm,1613,true,2023-09-06
PM08472,CUST05869,UPI,Paytm,1414,Yes,2024-09-03
PM08473,CUST03138,UPI,PhonePe,2730,true,2023-05-11
PM08474,CUST02113,UPI,GooglePay,6677,true,2025-05-19
PM08475,CUST08932,Credit Card,ICICI Bank,7472,true,2023-11-23
PM08476,CUST02243,UPI,BHIM,1853,true,2024-03-19
PM08477,CUST06373,Net Banking,HDFC Bank,8526,true,2023-12-12
PM08478,CUST00891,Debit Card,HDFC Bank,1650,true,2023-03-20
PM08479,CUST08897,UPI,BHIM,5544,true,2025-04-19
PM08480,CUST09272,Net Banking,ICICI Bank,1788,true,2025-07-18
PM08481,,UPI,Paytm,4103,true,2025-01-04
PM08482,CUST00450,Net Banking,ICICI Bank,5893,true,2024-10-27
PM08483,CUST01297,Credit Card,Axis Bank,7953,true,2025-07-30
PM08484,CUST03527,Net Banking,HDFC Bank,3075,true,2023-04-16
PM06696,CUST01596,UPI,GooglePay,6474,true,2023-12-01
PM08486,CUST08212,Net Banking,ICICI Bank,5990,true,2024-04-12
PM08487,CUST01226,UPI,Paytm,1372,true,2023-05-13
PM08488,CUST04604,UPI,GooglePay,0864,true,2025-08-07
PM08489,CUST09201,Debit Card,Axis Bank,2497,false,2023-06-04
PM08490,CUST06732,UPI,Paytm,1458,true,2024-09-09
PM08491,CUST02920,Debit Card,Axis Bank,1682,true,2025-08-04
PM08492,CUST09852,Debit Card,Axis Bank,2397,false,2024-09-09
PM08493,CUST04704,UPI,BHIM,0825,true,2023-08-21
PM08494,CUST07821,Credit Card,HDFC Bank,7230,true,2025-03-01
PM08495,CUST06093,Credit Card,SBI,3254,true,2023-04-24
PM08496,CUST02466,UPI,GooglePay,8346,false,2023-10-03
PM08497,CUST07350,UPI,Paytm,1619,true,2025-05-04
PM08498,CUST05663,Debit Card,HDFC Bank,,true,2023-04-15
PM08499,CUST07706,UPI,GooglePay,3978,true,2025-05-24
PM08500,CUST09318,Credit Card,SBI,5557,false,2025-04-15
PM08501,CUST05599,UPI,GooglePay,3637,true,2024-03-24
,CUST06478,UPI,Paytm,9073,true,2025-07-18
PM08503,CUST03577,UPI,PhonePe,8951,true,2024-03-28
PM08504,CUST08393,Debit Card,ICICI Bank,3288,true,2025-01-23
PM08505,CUST01161,Credit Card,SBI,4266,true,2023-03-24
PM08506,CUST02100,Debit Card,SBI,4664,true,2024-09-23
PM08507,CUST03287,UPI,Paytm,9636,false,2024-04-16
PM08508,CUST03568,UPI,PhonePe,9827,true,2023-03-01
PM08509,CUST06829,Debit Card,HDFC Bank,1286,true,2024-11-17
PM08510,CUST03533,UPI,Paytm,8249,true,
PM08511,CUST00741,UPI,Paytm,3672,true,2024-10-22
PM08512,CUST01019,UPI,Paytm,2928,false,2023-06-05
PM08513,CUST02323,UPI,PhonePe,9908,true,2025-06-24
PM08514,CUST05539,Net Banking,SBI,3926,true,2023-01-11
PM08515,CUST09726,UPI,PhonePe,7509,true,2023-05-15
PM08516,CUST04505,Debit Card,ICICI Bank,4723,true,
PM08517,CUST01011,UPI,PhonePe,7873,true,2024-07-12
PM08518,CUST01008,UPI,PhonePe,3057,,2024-10-16
PM08519,CUST08820,UPI,Paytm,6012,false,2024-01-29
PM08520,CUST00220,UPI,GooglePay,6031,false,2023-12-20
PM08521,CUST01285,UPI,PhonePe,9671,true,2024-09-17
PM08522,CUST09429,Credit Card,Axis Bank,3594,true,2024-09-22
PM08523,CUST03115,UPI,GooglePay,7807,true,2025-08-28
PM08524,CUST06609,UPI,BHIM,8445,true,2024-07-01
PM08525,CUST01860,UPI,Paytm,9849,1,2023-05-03
PM08526,CUST01430,Debit Card,SBI,9980,false,2024-06-06
PM08527,CUST06221,Net Banking,SBI,5681,true,2024-01-08
PM08528,CUST07258,UPI,BHIM,7822,false,2024-03-19
PM08529,CUST00910,Credit Card,HDFC Bank,6256,true,2024-10-12
PM08530,CUST09262,UPI,GooglePay,7169,true,2023-03-25
PM08531,CUST06446,Debit Card,ICICI Bank,1671,true,2023-10-16
PM08532,CUST06158,UPI,Paytm,4303,true,2023-03-07
PM08533,CUST07850,Debit Card,HDFC Bank,1919,true,2025-05-29
PM08534,CUST01022,UPI,BHIM,1456,true,2024-03-13
PM08535,CUST07423,UPI,PhonePe,2115,true,2024-01-16
PM08536,CUST01679,Net Banking,SBI,6439,true,2024-10-02
PM08537,CUST08543,UPI,GooglePay,5607,true,2023-03-14
PM08538,CUST08314,UPI,GooglePay,6199,false,2024-09-12
PM08539,CUST02297,Net Banking,HDFC Bank,1716,true,2025-03-07
PM08540,CUST02157,Debit Card,HDFC Bank,9322,true,2024-02-11
PM08541,CUST05964,,Axis Bank,2106,true,2023-10-31
PM08542,CUST02651,Credit Card,Axis Bank,0781,true,2024-04-29
PM08543,CUST02708,UPI,GooglePay,5206,false,2023-01-29
PM08544,CUST01956,Debit Card,Axis Bank,5622,true,2025-08-02
PM08545,CUST00209,UPI,BHIM,7222,true,2024-08-24
PM08546,CUST06124,Debit Card,SBI,8252,true,2023-01-19
PM08547,CUST00454,UPI,Paytm,4393,true,2025-06-08
PM08548,CUST03040,Debit Card,Axis Bank,6697,true,2024-11-05
PM08549,CUST01529,Debit Card,Axis Bank,2325,true,2024-08-30
PM08550,CUST09912,UPI,GooglePay,7358,true,2024-08-19
PM09724,CUST08457,Credit Card,ICICI Bank,0781,true,2024-08-30
PM08552,CUST09922,UPI,PhonePe,5466,true,2024-11-18
PM08553,CUST04733,Debit Card,HDFC Bank,6178,true,2025-04-01
PM08554,CUST04337,Credit Card,HDFC Bank,2670,true,2024-02-03
PM08555,CUST01478,Debit Card,ICICI Bank,6982,true,2025-03-24
PM08556,CUST08266,UPI,PhonePe,9421,true,2025-04-25
PM08557,CUST03879,Credit Card,HDFC Bank,8006,true,2024-09-04
PM08558,CUST06312,Credit Card,Axis Bank,6350,false,2024-01-09
PM08559,CUST01239,UPI,PhonePe,8764,true,2023-02-09
PM08560,CUST00322,Credit Card,Axis Bank,6690,true,2024-06-20
PM08561,CUST08538,UPI,BHIM,3930,false,2023-06-22
PM08562,CUST00881,UPI,BHIM,2192,false,2024-08-27
PM08563,CUST03656,UPI,Paytm,8227,true,2024-08-06
PM08564,CUST01282,Debit Card,HDFC Bank,9282,true,2025-01-03
PM08565,CUST09613,UPI,GooglePay,0424,false,2024-09-13
PM08566,CUST09828,UPI,PhonePe,2589,false,2025-01-08
PM08567,CUST05942,Debit Card,Axis Bank,3962,true,2024-05-26
PM08568,CUST07568,Credit Card,Axis Bank,9673,true,2024-03-14
PM08569,CUST04485,UPI,Paytm,0423,true,2023-04-19
PM08570,CUST09992,Net Banking,SBI,1386,false,2023-12-29
PM08571,CUST06132,UPI,Paytm,7243,true,2023-07-09
PM08572,CUST06580,UPI,GooglePay,8303,false,2024-06-18
PM08573,CUST07000,Debit Card,HDFC Bank,6709,false,2023-01-26
PM08574,CUST01591,Credit Card,HDFC Bank,2534,false,2023-07-30
PM08575,CUST00688,UPI,Paytm,5516,true,2024-07-17
PM08576,CUST05469,UPI,PhonePe,3036,true,2025-05-18
PM08577,CUST04296,UPI,GooglePay,5769,true,2023-06-20
PM08578,CUST03338,UPI,BHIM,7944,true,2023-04-11
PM08579,CUST00924,Credit Card,SBI,5098,true,2024-03-12
PM08580,CUST01809,Credit Card,SBI,7538,true,2023-02-26
PM08581,CUST03780,Debit Card,HDFC Bank,4724,true,2025-07-15
PM08582,CUST07027,UPI,GooglePay,2703,true,2023-06-13
PM08583,CUST04453,Debit Card,HDFC Bank,5393,true,2023-04-21
PM08584,CUST04064,UPI,Paytm,5629,true,2024-02-12
PM08585,CUST09155,UPI,PhonePe,6189,false,2025-08-06
PM08586,CUST01847,UPI,PhonePe,5939,false,2025-02-03
PM08587,CUST08111,Debit Card,SBI,1237,true,2023-07-01
PM08588,CUST06142,Net Banking,SBI,0654,false,2025-05-12
PM08589,CUST03545,Credit Card,SBI,4459,true,2024-08-15
PM08590,CUST05526,Debit Card,Axis Bank,5987,true,2024-01-26
PM08591,CUST02697,Debit Card,HDFC Bank,4872,true,2024-11-21
PM08592,CUST09912,UPI,Paytm,5125,false,2023-05-08
PM08593,CUST01527,Credit Card,ICICI Bank,4756,true,2024-05-06
PM08594,CUST07846,Credit Card,HDFC Bank,7769,true,2023-08-02
PM08595,CUST03743,Credit Card,ICICI Bank,1887,true,2024-06-29
PM08596,CUST04083,UPI,GooglePay,6217,true,2024-05-19
PM08597,CUST05817,UPI,BHIM,9017,true,2023-01-28
PM08598,CUST01595,UPI,PhonePe,8855,false,2023-06-01
PM08599,CUST07352,Net Banking,,4128,false,2024-12-10
PM08600,CUST02847,Credit Card,Axis Bank,8017,true,2025-03-14
PM08601,CUST00301,UPI,Paytm,9866,true,2025-09-08
PM08602,CUST01780,UPI,BHIM,8070,true,2024-03-11
PM08603,CUST00220,UPI,PhonePe,3807,true,2024-06-12
PM08604,CUST08066,,BHIM,6800,true,2024-05-24
PM08605,CUST05479,UPI,GooglePay,5735,true,2025-05-25
PM08606,CUST04901,Debit Card,ICICI Bank,1561,true,2023-06-28
PM08607,CUST07681,Debit Card,,9582,true,2023-07-23
PM08608,CUST04134,Credit Card,ICICI Bank,5811,,2023-12-06
PM08609,CUST06665,UPI,BHIM,7295,true,2023-05-18
PM08610,CUST00687,Credit Card,HDFC Bank,1657,true,2023-11-15
PM08611,CUST00050,Credit Card,ICICI Bank,0996,true,2023-09-22
PM08612,CUST00121,,ICICI Bank,2953,false,2024-12-09
PM08613,CUST06858,UPI,GooglePay,5193,true,2025-07-08
PM08614,CUST09959,Debit Card,Axis Bank,6958,true,2025-05-19
,,UPI,Paytm,0610,true,2025-01-01
PM08616,CUST09970,Net Banking,SBI,3765,false,2024-11-06
PM08617,CUST02915,UPI,GooglePay,9678,false,2024-04-14
PM08618,CUST05082,Debit Card,SBI,4594,true,2023-07-28
PM08619,CUST05373,Credit Card,SBI,3675,true,2025-04-27
PM08620,CUST05961,Credit Card,Axis Bank,4970,true,2023-09-25
PM08621,CUST09595,Debit Card,ICICI Bank,8028,true,2024-02-22
PM08622,CUST05656,UPI,Paytm,2896,true,2024-11-28
PM08293,CUST01932,UPI,,9285,true,2023-04-13
PM08624,CUST07973,UPI,GooglePay,3175,true,2023-04-18
PM08625,CUST05325,UPI,Paytm,4919,true,2024-04-26
PM08626,CUST01247,UPI,PhonePe,8078,false,2024-07-20
PM08627,CUST01604,UPI,Paytm,9557,true,2023-02-05
PM08628,CUST01677,UPI,GooglePay,8803,true,2023-06-26
PM08629,CUST09866,UPI,Paytm,2292,true,2025-04-28
PM08630,CUST06978,UPI,PhonePe,1158,false,2023-02-21
PM08631,CUST03216,Net Banking,HDFC Bank,3267,true,2023-07-30
PM08632,CUST09924,UPI,BHIM,4411,true,2023-09-09
PM08633,CUST07294,Net Banking,HDFC Bank,4915,false,2023-02-12
PM08634,CUST03909,UPI,PhonePe,9609,true,2024-05-23
PM08635,CUST00825,UPI,PhonePe,0810,true,2025-07-15
PM08636,CUST05411,UPI,Paytm,7366,false,2024-03-20
PM08637,CUST04946,Credit Card,Axis Bank,8877,true,2023-10-17
PM08638,CUST06186,Debit Card,Axis Bank,4590,0,2025-08-05
PM08639,CUST08013,UPI,BHIM,1423,false,2025-07-19
PM08640,CUST01595,UPI,BHIM,6290,true,2025-04-09
PM08641,CUST08693,UPI,PhonePe,4768,true,2023-03-23
PM08642,CUST07232,UPI,Paytm,6076,true,2024-12-03
PM08643,CUST06716,UPI,GooglePay,4534,true,2025-05-08
PM08644,CUST00899,UPI,PhonePe,5528,false,2025-01-29
PM08645,CUST07416,UPI,BHIM,7705,true,2024-05-08
PM08646,CUST00122,Credit Card,SBI,9138,true,2024-09-24
PM08647,CUST01238,Credit Card,HDFC Bank,3725,TRUE,2023-06-15
PM08648,CUST00010,UPI,Paytm,2751,true,2023-10-01
PM08649,CUST00221,Credit Card,SBI,9212,true,2024-12-30
PM08650,CUST03603,Debit Card,SBI,6224,true,
PM08651,CUST04782,Debit Card,ICICI Bank,3568,true,2024-07-06
,,UPI,GooglePay,7148,false,
PM08653,CUST06227,UPI,PhonePe,6098,false,2023-05-31
PM08654,CUST05795,UPI,Paytm,8063,false,2024-08-23
PM08655,CUST00243,Debit Card,Axis Bank,8593,false,2024-03-17
PM08656,CUST03398,Debit Card,SBI,9304,true,2024-10-20
PM08657,CUST03678,UPI,BHIM,1931,true,2024-10-16
PM08658,CUST06739,Credit Card,ICICI Bank,1243,true,2024-01-21
PM08659,CUST06346,,PhonePe,0996,true,2025-02-08
PM08660,CUST09073,UPI,PhonePe,7980,true,2023-10-21
PM08661,CUST01766,Credit Card,ICICI Bank,1709,true,2023-05-27
PM08662,CUST00967,,HDFC Bank,6013,true,2025-07-19
PM08663,CUST04563,UPI,BHIM,4203,false,2024-06-12
PM08664,CUST07102,Debit Card,Axis Bank,1222,true,2025-07-28
PM08665,CUST01058,UPI,GooglePay,7047,true,2025-01-27
PM08666,CUST06820,Debit Card,Axis Bank,5011,true,2023-01-12
PM08667,CUST02714,UPI,PhonePe,1664,true,2024-03-14
PM08668,CUST00318,Debit Card,ICICI Bank,0469,true,2024-04-08
PM08669,CUST08236,UPI,PhonePe,2747,true,2023-08-31
PM08670,CUST04260,UPI,GooglePay,8154,true,2023-12-05
PM08671,CUST03041,UPI,GooglePay,2930,true,2023-12-15
PM08672,CUST01661,UPI,GooglePay,7345,,2024-12-14
PM08673,CUST02902,Credit Card,HDFC Bank,5703,true,2023-03-24
PM08674,CUST04347,Debit Card,Axis Bank,8272,true,2024-12-16
PM08675,CUST02525,Credit Card,SBI,7580,true,2023-02-01
PM08676,,UPI,PhonePe,9067,true,2024-03-30
PM08677,CUST08014,UPI,Paytm,0674,true,2024-03-02
PM08678,CUST02760,UPI,Paytm,6667,true,2024-03-23
PM08679,CUST09573,,PhonePe,8983,true,2024-04-28
PM08680,CUST00176,UPI,PhonePe,0061,false,2024-05-14
PM08681,CUST00123,UPI,PhonePe,1215,true,2024-03-05
PM08682,CUST05194,UPI,GooglePay,8296,true,2024-09-22
PM08683,,Debit Card,,3469,true,2023-08-27
PM08684,CUST01793,Credit Card,ICICI Bank,6626,true,2025-05-22
PM08685,CUST08847,UPI,Paytm,7901,false,2025-03-30
PM05250,CUST08367,Credit Card,SBI,9713,true,2023-11-01
PM08687,CUST03889,Debit Card,SBI,6963,false,2025-08-01
PM08688,CUST04627,UPI,GooglePay,6701,true,2025-04-29
PM08689,CUST04441,UPI,GooglePay,1814,true,2023-01-30
PM08690,CUST07385,UPI,BHIM,1077,true,2023-09-01
PM08691,CUST05487,Debit Card,ICICI Bank,2973,true,2024-02-01
PM08692,CUST09745,UPI,PhonePe,1152,true,2024-04-05
PM08693,CUST01150,UPI,Paytm,4903,false,2025-07-06
PM08694,CUST08538,Credit Card,ICICI Bank,0679,false,2023-12-31
PM08695,CUST07646,UPI,BHIM,3457,true,2024-12-02
PM08696,CUST02520,UPI,Paytm,4323,true,2023-02-20
PM08697,CUST09718,Net Banking,HDFC Bank,1231,true,2024-10-21
PM08698,CUST09631,Credit Card,Axis Bank,9952,false,2024-05-10
PM08699,CUST01787,UPI,Paytm,1859,true,2023-03-10
PM08700,CUST05540,UPI,GooglePay,3947,true,2024-08-31
PM08701,CUST07492,Debit Card,Axis Bank,7502,true,2024-01-05
PM08702,CUST02059,UPI,GooglePay,5357,false,2024-06-10
PM08703,CUST03002,Debit Card,Axis Bank,9618,true,2023-05-01
PM08704,CUST02303,UPI,Paytm,7114,false,2023-07-14
PM08705,CUST03420,Debit Card,ICICI Bank,4979,true,2025-05-03
PM08706,CUST09863,Net Banking,ICICI Bank,5897,true,2023-12-27
PM08707,CUST00053,Net Banking,SBI,3550,true,2025-08-04
PM08708,CUST01788,Credit Card,ICICI Bank,8892,false,2025-09-14
PM08709,CUST07998,UPI,BHIM,2834,false,2023-11-28
PM08710,CUST04428,Debit Card,HDFC Bank,0922,true,2023-12-17
PM08711,CUST00074,Net Banking,HDFC Bank,7082,false,2025-03-16
PM08712,CUST02091,UPI,Paytm,9931,true,2025-05-17
PM08713,CUST06476,UPI,Paytm,5455,true,2024-07-01
PM08714,,UPI,Paytm,0270,true,2024-12-02
PM08715,CUST09356,UPI,GooglePay,3614,false,2023-12-13
PM08716,CUST06296,Net Banking,HDFC Bank,1978,false,2024-11-10
,CUST03089,Credit Card,ICICI Bank,7888,true,2023-11-21
PM08718,CUST04111,UPI,Paytm,6819,true,2023-03-15
PM08719,CUST03327,Debit Card,SBI,9830,true,2025-01-24
PM08720,CUST08489,Credit Card,HDFC Bank,9095,false,2024-07-13
PM08721,CUST08380,UPI,GooglePay,8718,true,2023-08-07
PM08722,CUST00050,Net Banking,HDFC Bank,7693,,2024-12-16
PM08723,CUST06747,UPI,GooglePay,7005,true,2024-11-08
PM08724,CUST07851,UPI,PhonePe,5108,true,
PM08725,CUST08074,Debit Card,HDFC Bank,0292,true,2024-07-17
,CUST04394,UPI,Paytm,4364,false,2023-06-11
PM08727,CUST02359,UPI,BHIM,2807,true,2023-04-17
PM08728,CUST07130,Credit Card,Axis Bank,6343,true,2025-07-02
PM08729,CUST03010,Net Banking,SBI,8392,true,2025-08-15
PM08730,CUST07912,UPI,Paytm,4979,true,2025-02-23
PM08731,CUST03542,UPI,GooglePay,1384,false,2023-12-27
PM08732,CUST09935,Net Banking,HDFC Bank,9751,FALSE,2023-07-11
PM08733,CUST07193,UPI,Paytm,0498,true,2024-06-19
PM08734,CUST04726,Debit Card,SBI,6397,true,2024-09-26
PM08735,CUST08130,Debit Card,ICICI Bank,5174,true,2024-07-09
PM08736,CUST04913,UPI,GooglePay,2146,true,2023-06-13
PM08737,CUST08441,Credit Card,Axis Bank,9578,true,2025-09-05
,CUST06823,UPI,GooglePay,0714,false,2024-06-16
PM08739,CUST03713,Net Banking,SBI,9066,true,2024-05-25
PM08740,CUST00532,UPI,PhonePe,9495,true,2023-09-07
PM08741,CUST01583,Net Banking,SBI,9518,true,2023-10-19
PM08742,CUST03125,Credit Card,HDFC Bank,1901,true,2024-01-02
PM08743,,Credit Card,SBI,3997,true,2023-11-22
PM08744,CUST05779,Credit Card,HDFC Bank,0979,true,2025-05-18
PM08745,CUST09642,UPI,Paytm,1845,true,2024-01-05
PM08746,CUST07899,Credit Card,SBI,8340,false,2023-04-29
PM08747,CUST02950,UPI,PhonePe,9877,true,2025-04-01
PM08748,CUST09516,Credit Card,ICICI Bank,4679,false,2023-12-13
PM08749,CUST04740,UPI,PhonePe,8253,false,2023-12-20
PM08750,CUST02131,UPI,BHIM,7651,true,2023-07-28
PM08751,CUST00814,UPI,Paytm,5951,true,2025-03-19
PM08752,,Credit Card,SBI,3470,false,2025-08-25
PM08753,CUST01407,UPI,Paytm,5272,true,2023-05-01
PM08754,CUST05074,UPI,Paytm,5891,true,2025-04-16
PM08755,CUST07381,Debit Card,HDFC Bank,1111,true,2023-06-14
PM08756,CUST06716,UPI,PhonePe,7532,true,2023-06-03
PM08757,CUST08870,UPI,BHIM,1484,true,2025-05-29
PM08758,CUST03540,UPI,GooglePay,1515,true,2025-05-21
PM08759,CUST04900,UPI,Paytm,6878,true,2024-11-12
PM08760,CUST05699,Credit Card,ICICI Bank,7002,true,2023-01-31
PM08761,CUST09012,UPI,Paytm,4045,true,2023-08-22
PM08762,CUST08727,Credit Card,HDFC Bank,0035,false,
PM08763,CUST05200,Credit Card,Axis Bank,1168,true,2024-07-01
PM08764,CUST00025,Debit Card,SBI,7531,false,2024-03-30
PM08765,CUST04145,Credit Card,HDFC Bank,4671,true,2025-08-01
PM08766,CUST03769,Credit Card,HDFC Bank,4750,true,2024-05-06
PM08767,CUST06848,UPI,Paytm,6768,false,2025-05-05
PM08768,CUST05120,UPI,Paytm,5034,true,2025-04-24
PM08769,CUST08703,Debit Card,SBI,2906,true,2025-03-05
PM08770,CUST07471,UPI,Paytm,9424,true,2023-06-18
PM08771,CUST08021,UPI,GooglePay,4212,true,2024-12-06
PM08772,CUST04471,UPI,GooglePay,7023,true,2025-03-31
PM08773,CUST09354,UPI,Paytm,5924,true,2023-10-01
,CUST02167,UPI,GooglePay,3880,true,2024-05-02
PM08775,CUST02371,Credit Card,SBI,3228,true,2025-05-18
PM08776,CUST00835,UPI,Paytm,4512,true,2023-03-11
PM08777,CUST09273,UPI,PhonePe,0845,false,2024-03-13
PM08778,CUST04025,Debit Card,Axis Bank,9361,false,2023-08-31
PM08779,CUST09883,Net Banking,HDFC Bank,5830,true,2025-01-19
PM08780,CUST06875,Net Banking,ICICI Bank,4250,true,2024-06-30
PM08781,CUST08482,Credit Card,SBI,6411,true,2024-02-17
PM08782,CUST01810,Debit Card,HDFC Bank,0634,true,2024-05-08
PM08783,CUST08886,Credit Card,ICICI Bank,3444,false,2024-08-18
PM08784,CUST04651,UPI,BHIM,5189,true,2024-03-19
PM08785,CUST05298,Credit Card,ICICI Bank,0448,true,2023-04-18
PM08786,CUST06249,Credit Card,SBI,0330,true,2023-05-15
PM08787,CUST01459,UPI,Paytm,1373,true,2024-10-21
PM08788,CUST06874,Debit Card,Axis Bank,4236,true,2025-09-06
PM08789,CUST07821,UPI,PhonePe,1557,true,2023-11-11
PM08790,CUST01352,UPI,Paytm,4192,true,2024-04-03
PM08791,CUST09642,Net Banking,ICICI Bank,5028,true,2024-09-11
PM08792,CUST03951,UPI,Paytm,4467,true,2025-05-16
PM08793,CUST07580,Credit Card,Axis Bank,7160,true,2025-01-09
PM08794,CUST09033,Credit Card,HDFC Bank,8849,true,2023-09-27
PM08795,CUST03546,Credit Card,SBI,8474,true,2024-11-09
PM08796,CUST01418,UPI,BHIM,3662,true,2025-04-24
PM08797,CUST09120,Credit Card,ICICI Bank,9369,true,2024-01-02
PM08798,CUST02998,Credit Card,SBI,2112,false,2023-12-08
PM08799,CUST04533,UPI,BHIM,1981,true,2025-08-19
PM08800,CUST03071,UPI,Paytm,9728,true,2024-03-31
PM08801,CUST01432,UPI,GooglePay,0834,true,2025-09-06
PM09065,CUST04871,Debit Card,Axis Bank,2150,true,2025-04-04
PM08803,CUST02267,Debit Card,ICICI Bank,1844,false,2023-06-05
PM08804,CUST06001,UPI,Paytm,0719,false,2024-05-17
PM08805,CUST00367,UPI,BHIM,6481,false,2024-12-08
PM08806,CUST08059,Credit Card,ICICI Bank,2112,true,2024-05-27
PM08807,CUST00049,UPI,Paytm,2150,true,2023-10-09
PM08808,CUST04355,UPI,BHIM,3200,true,2025-02-15
PM08809,CUST03094,Debit Card,SBI,0059,true,2025-07-29
PM08810,CUST01374,UPI,PhonePe,0850,true,2023-09-25
PM08811,CUST08271,Debit Card,Axis Bank,7796,true,2024-08-27
PM08812,CUST01418,UPI,Paytm,7868,true,2024-09-26
PM08813,CUST01550,Debit Card,SBI,0599,true,2024-02-17
PM08814,CUST04329,Net Banking,ICICI Bank,0854,true,2024-01-26
PM08815,CUST06349,Debit Card,SBI,0896,true,2024-11-29
PM08816,CUST04147,Credit Card,Axis Bank,6241,true,2023-04-10
PM08817,CUST06214,Credit Card,HDFC Bank,3928,true,2024-01-08
PM08818,CUST04998,UPI,GooglePay,8770,false,2023-02-15
PM08819,CUST09299,Net Banking,HDFC Bank,4439,true,2025-02-23
PM08820,CUST07519,UPI,GooglePay,0296,true,2025-09-10
PM08821,CUST06557,Debit Card,ICICI Bank,1218,true,2024-01-09
PM08822,CUST02891,Debit Card,ICICI Bank,3612,true,2023-11-15
PM08823,CUST01240,UPI,BHIM,,true,2024-05-12
PM08824,CUST08213,Debit Card,ICICI Bank,0728,true,2024-02-15
PM08825,CUST08778,UPI,Paytm,3243,false,2023-05-01
PM08826,CUST06646,Debit Card,SBI,4966,true,2024-02-23
PM08827,CUST09675,UPI,GooglePay,6010,true,2024-07-04
PM08828,CUST02854,UPI,PhonePe,8726,false,2024-02-13
PM08829,CUST04930,UPI,GooglePay,4999,true,2023-01-05
PM08830,CUST04852,Credit Card,SBI,8897,true,2024-10-31
PM08831,CUST01248,Debit Card,SBI,3914,false,2025-06-24
PM08832,CUST07205,Debit Card,Axis Bank,2176,true,
PM08833,CUST06483,Net Banking,ICICI Bank,1546,true,2023-11-10
PM08834,CUST03932,UPI,Paytm,9669,true,2024-04-15
PM08835,CUST06621,Credit Card,SBI,2052,true,2024-08-27
PM08836,CUST03074,UPI,PhonePe,2223,true,2025-03-29
PM08837,CUST09860,Net Banking,SBI,8421,true,2025-09-17
PM08838,CUST01135,Net Banking,,7561,true,2024-08-14
PM08839,CUST07629,Credit Card,Axis Bank,1568,true,2023-02-15
PM08840,CUST06097,UPI,BHIM,2990,false,2023-06-15
PM08841,CUST07074,UPI,PhonePe,3509,false,2024-12-18
PM08842,CUST03786,Net Banking,ICICI Bank,5447,false,2023-02-24
PM08843,CUST07622,UPI,PhonePe,1925,true,2025-03-21
PM08844,CUST05599,UPI,BHIM,8041,true,2024-05-31
PM08845,CUST06591,UPI,PhonePe,2597,true,2023-07-15
PM08846,CUST06201,UPI,BHIM,7725,false,2025-04-21
PM08847,CUST06726,UPI,Paytm,7306,true,2024-09-15
PM08848,CUST05841,UPI,PhonePe,9870,false,2025-04-21
PM08849,CUST05163,UPI,GooglePay,4892,true,2025-03-27
PM08850,CUST04159,UPI,PhonePe,8156,false,2024-12-09
PM08851,CUST00708,Credit Card,Axis Bank,3476,true,2025-04-10
PM08852,CUST02125,UPI,PhonePe,2095,false,2025-04-07
PM08853,CUST09730,Credit Card,HDFC Bank,1780,false,2024-08-18
PM08854,CUST09774,Debit Card,ICICI Bank,9975,true,2025-06-25
PM08855,CUST03135,Credit Card,SBI,9444,false,2024-05-18
PM08856,CUST00284,UPI,PhonePe,5875,false,2025-07-30
PM08857,CUST05433,Net Banking,ICICI Bank,6141,false,2025-08-16
PM08858,CUST00655,UPI,BHIM,4685,true,2024-06-16
PM08859,CUST05823,Debit Card,SBI,8138,true,2024-02-06
PM08860,CUST01766,UPI,,5716,true,2023-07-01
PM08861,CUST08684,UPI,GooglePay,4380,true,2023-01-31
PM08862,CUST08125,Credit Card,SBI,5968,true,2025-04-21
PM08863,CUST04157,Debit Card,ICICI Bank,9183,true,2024-06-19
PM08864,CUST06188,Credit Card,HDFC Bank,7975,false,2023-09-16
PM08865,CUST09700,Net Banking,HDFC Bank,4030,true,2024-10-21
PM08866,CUST07974,Debit Card,HDFC Bank,9114,false,2023-04-19
PM08867,CUST06096,UPI,Paytm,2827,false,2025-06-06
PM08868,CUST05815,Credit Card,ICICI Bank,9768,true,2024-11-24
PM08869,CUST02247,UPI,GooglePay,5455,true,2023-09-21
PM08870,CUST01861,UPI,GooglePay,4478,true,2025-04-07
PM08871,CUST03798,Credit Card,SBI,1887,true,2024-12-31
PM08872,CUST04525,Credit Card,HDFC Bank,9385,true,2023-06-14
PM08873,CUST07327,UPI,PhonePe,0476,true,2025-01-01
PM08874,CUST09619,UPI,Paytm,9984,true,2023-10-18
PM08875,CUST03746,Debit Card,ICICI Bank,6584,true,2024-07-22
PM05728,CUST01742,Credit Card,Axis Bank,1817,true,2024-05-26
PM08877,CUST04055,UPI,Paytm,2576,true,2024-02-22
PM08878,CUST04174,Net Banking,HDFC Bank,0606,true,2023-09-25
PM08879,CUST03370,Debit Card,ICICI Bank,1489,true,2025-07-01
PM08880,CUST01323,Credit Card,SBI,6652,false,2025-06-25
PM08881,CUST06218,Credit Card,Axis Bank,3142,true,2023-01-09
PM08882,CUST04334,Credit Card,SBI,0507,true,2024-02-19
PM08883,CUST02941,Debit Card,HDFC Bank,2998,false,2025-08-09
PM08884,CUST06245,UPI,Paytm,4469,false,2025-02-14
PM08885,CUST07092,Credit Card,ICICI Bank,1044,true,2024-12-22
PM08886,CUST04026,UPI,PhonePe,7139,true,2023-06-18
PM08887,CUST00114,UPI,GooglePay,5043,true,2025-03-06
PM08888,CUST07512,UPI,PhonePe,9392,true,2023-10-20
PM08889,CUST01293,Debit Card,HDFC Bank,1542,true,2024-01-09
PM08890,CUST02635,Debit Card,Axis Bank,4132,true,2023-10-14
PM08891,CUST08386,UPI,GooglePay,3144,true,2023-04-08
PM08892,CUST03630,UPI,Paytm,9504,true,2023-01-16
PM08893,CUST00794,UPI,GooglePay,9379,false,2023-12-11
PM08894,CUST04690,UPI,GooglePay,1654,true,2025-04-22
PM08895,CUST00658,Debit Card,Axis Bank,8721,true,2024-03-19
PM08896,CUST07442,UPI,Paytm,,false,2023-04-14
PM08897,CUST02267,UPI,GooglePay,8119,true,2023-05-08
PM08898,CUST09713,UPI,PhonePe,5025,true,2023-01-09
PM08899,CUST05291,Debit Card,ICICI Bank,3106,false,2024-04-29
PM08900,CUST06435,Debit Card,SBI,5505,true,2024-04-06
PM08901,CUST06695,Net Banking,SBI,4903,true,2023-04-08
PM08902,CUST04301,Net Banking,SBI,1134,true,2023-07-26
PM08903,CUST08510,Credit Card,HDFC Bank,1792,true,2025-07-12
PM06823,CUST01119,UPI,PhonePe,3754,false,2025-05-25
PM08905,CUST03651,UPI,PhonePe,7525,false,2023-02-11
PM08906,CUST03045,UPI,GooglePay,0960,true,2024-10-09
PM08907,CUST03018,Debit Card,ICICI Bank,4841,true,2024-07-16
PM08908,CUST00909,Net Banking,ICICI Bank,3012,Yes,2024-02-20
PM08909,CUST05109,Credit Card,SBI,6512,true,2025-04-28
PM08910,CUST07598,Net Banking,HDFC Bank,7157,true,2023-02-09
PM08911,CUST09414,UPI,PhonePe,0659,true,2024-04-02
PM08912,CUST07668,Debit Card,SBI,3210,true,2024-11-05
PM08913,CUST07552,Net Banking,SBI,5671,false,2023-04-07
PM08914,CUST03473,UPI,PhonePe,2400,false,2023-05-26
PM08915,CUST05617,UPI,Paytm,5691,true,2024-07-20
PM08916,CUST00239,Debit Card,HDFC Bank,2629,true,2024-07-14
PM08917,CUST00214,UPI,Paytm,4881,false,2023-06-07
PM08918,CUST06220,UPI,BHIM,8209,true,2024-08-05
PM08919,CUST09546,UPI,Paytm,,true,2024-04-26
PM08920,CUST09131,Debit Card,SBI,2320,true,2023-10-15
PM08921,CUST08489,Debit Card,SBI,1272,true,2023-03-12
PM08922,CUST07172,Debit Card,SBI,2571,true,2023-12-12
PM08923,CUST04717,Net Banking,ICICI Bank,5584,false,2023-07-24
PM08924,CUST08803,UPI,Paytm,4401,true,2025-06-04
PM08925,CUST05689,Net Banking,SBI,1431,true,2023-09-01
PM08926,CUST08242,Debit Card,Axis Bank,8951,true,2024-02-04
PM08927,CUST04881,Debit Card,Axis Bank,2148,true,2024-03-04
PM08928,CUST09636,UPI,PhonePe,0387,true,2023-06-14
PM08929,CUST09764,UPI,PhonePe,1912,true,2024-12-01
PM08930,CUST06902,UPI,GooglePay,7937,true,2023-04-21
PM08931,CUST03587,Credit Card,SBI,,true,2025-08-17
PM08932,CUST07148,UPI,BHIM,6847,true,2025-09-01
PM08933,CUST06034,UPI,PhonePe,1140,true,2024-10-11
PM08934,CUST01136,UPI,BHIM,2631,true,2024-06-14
PM08935,CUST07565,UPI,Paytm,9129,true,2023-01-15
PM08936,CUST08312,Credit Card,Axis Bank,3971,true,2023-08-03
PM08937,CUST00844,UPI,BHIM,6002,true,2023-03-21
PM08938,CUST03118,Debit Card,ICICI Bank,6879,true,2024-11-30
PM08939,CUST08480,Credit Card,Axis Bank,7497,true,2024-07-26
PM08940,CUST00407,Debit Card,ICICI Bank,1516,true,2023-03-01
PM08941,CUST03517,Credit Card,ICICI Bank,5633,true,2023-09-08
PM08942,CUST03177,Credit Card,ICICI Bank,6865,false,2023-06-15
PM08943,CUST00060,UPI,BHIM,1774,true,2024-10-02
PM08944,CUST03655,UPI,GooglePay,3667,true,2025-05-26
PM08945,CUST02860,UPI,Paytm,7555,true,2024-08-05
PM08946,CUST07527,UPI,Paytm,9842,true,2023-03-08
PM08947,CUST02860,Credit Card,Axis Bank,8554,true,2025-04-25
PM08948,CUST07000,Credit Card,ICICI Bank,7399,true,2025-01-28
PM08949,CUST02204,Debit Card,HDFC Bank,0268,true,2023-12-31
PM08950,,UPI,PhonePe,1761,false,2024-04-09
PM08951,CUST06879,Debit Card,ICICI Bank,5079,true,2024-06-06
PM08952,CUST05386,,PhonePe,3723,true,2025-05-15
PM08953,CUST09620,Net Banking,SBI,4886,true,2025-06-30
PM08954,CUST08059,UPI,GooglePay,0585,false,2023-04-19
PM08955,CUST00368,Debit Card,Axis Bank,3360,true,2023-10-13
PM08956,CUST08900,Debit Card,HDFC Bank,7550,true,2024-05-27
PM08957,CUST01610,Net Banking,HDFC Bank,5544,false,2024-08-22
PM08958,CUST03974,UPI,GooglePay,0022,true,2025-08-01
PM08959,CUST08896,Net Banking,ICICI Bank,7632,true,2025-08-21
PM08960,CUST08039,Credit Card,HDFC Bank,6795,true,2025-01-26
PM08961,CUST06963,UPI,Paytm,2329,true,2025-03-18
PM08962,CUST07976,UPI,Paytm,9796,true,2024-08-08
PM08963,CUST06291,Credit Card,Axis Bank,1026,true,
PM08964,CUST02674,Credit Card,ICICI Bank,6763,true,2024-06-29
PM08965,CUST02341,UPI,Paytm,2231,true,2023-06-22
PM08966,CUST09576,Debit Card,Axis Bank,2372,false,2024-01-22
PM08967,CUST06507,UPI,BHIM,5329,,2024-06-21
PM08968,CUST08041,Credit Card,SBI,1873,true,2025-08-19
PM08969,CUST05444,Credit Card,HDFC Bank,2880,true,2024-01-16
PM08970,CUST07278,UPI,PhonePe,1785,false,2024-03-08
PM08971,CUST06985,UPI,PhonePe,3399,true,2024-06-01
PM08972,CUST00289,Credit Card,SBI,8179,false,2024-09-08
PM08973,CUST00018,Debit Card,Axis Bank,0514,true,2024-02-14
,CUST03924,Net Banking,HDFC Bank,3997,true,2023-09-29
PM08975,CUST02823,UPI,Paytm,4939,true,2024-01-02
PM08976,CUST05009,Debit Card,SBI,9985,true,2024-10-29
PM08977,CUST09058,Credit Card,ICICI Bank,6544,false,2023-04-01
PM08978,CUST07132,UPI,Paytm,3113,false,2024-08-26
PM08979,CUST05169,Debit Card,ICICI Bank,5475,true,2023-04-26
PM08980,CUST05341,Net Banking,ICICI Bank,6843,true,2024-02-06
PM08981,CUST01697,,Paytm,6925,true,2023-08-27
PM08982,CUST03074,Credit Card,Axis Bank,4675,false,2024-08-22
PM08983,CUST03382,Credit Card,ICICI Bank,2574,true,2025-03-07
PM08984,CUST08265,Credit Card,HDFC Bank,9811,false,2025-06-28
PM08985,CUST00121,Credit Card,Axis Bank,9811,true,2023-05-20
PM08986,CUST01357,Net Banking,HDFC Bank,1302,true,2025-04-21
PM08987,CUST00249,UPI,BHIM,3170,false,2024-05-10
PM08988,CUST08570,Debit Card,Axis Bank,5881,true,2023-01-19
PM08989,CUST00658,Credit Card,HDFC Bank,9016,true,2025-06-27
PM08990,CUST04376,UPI,Paytm,2161,true,2023-06-23
PM08991,CUST00899,UPI,GooglePay,7505,true,2023-08-23
PM08992,CUST06935,Debit Card,Axis Bank,4329,true,2024-11-03
PM08993,CUST09666,UPI,PhonePe,3490,true,2024-07-18
PM08994,CUST01293,Net Banking,HDFC Bank,3188,false,2023-04-11
PM08995,CUST06634,UPI,GooglePay,4942,true,2024-01-31
PM08996,CUST06168,Debit Card,Axis Bank,4716,true,2025-05-24
PM08997,CUST06054,UPI,,1513,true,2023-08-09
PM08998,CUST04938,Credit Card,SBI,1133,true,2023-11-19
PM08999,CUST05347,UPI,Paytm,4627,true,2023-07-06
PM09000,CUST08146,Debit Card,HDFC Bank,7315,true,2023-05-29
PM09001,CUST03312,Credit Card,HDFC Bank,8243,true,2023-12-07
PM09002,CUST02158,UPI,GooglePay,7300,false,2023-01-19
PM09003,CUST09115,Debit Card,HDFC Bank,2710,true,2025-01-17
PM09004,CUST08123,UPI,PhonePe,8049,true,2024-08-24
PM09005,CUST05018,UPI,BHIM,8602,true,2025-06-21
PM09006,CUST08933,UPI,BHIM,2259,true,2024-02-13
PM09007,CUST04732,Net Banking,,2067,false,2025-07-14
PM09008,CUST08986,Credit Card,Axis Bank,5244,true,2024-10-26
PM09009,CUST08512,Credit Card,SBI,4584,false,2024-11-09
PM09010,CUST01312,UPI,Paytm,1275,true,2024-10-27
PM09011,CUST05351,Credit Card,SBI,9296,false,2023-05-07
PM09012,CUST05669,Credit Card,SBI,6385,false,2025-05-14
PM09013,CUST01429,Net Banking,HDFC Bank,6563,true,2023-06-19
PM09014,CUST00501,UPI,BHIM,2917,true,
PM09015,CUST09725,UPI,BHIM,2546,true,2024-10-09
PM09016,CUST02510,UPI,BHIM,1202,true,2023-07-26
PM09017,CUST09277,Credit Card,ICICI Bank,5830,true,2025-05-22
PM09018,CUST09011,Debit Card,Axis Bank,2595,true,2025-08-09
PM09019,CUST00803,UPI,GooglePay,5359,true,2023-06-27
PM09020,CUST00384,Net Banking,HDFC Bank,8701,true,2025-07-05
PM09021,CUST06421,Debit Card,SBI,4496,true,2023-10-10
PM09022,CUST07024,UPI,Paytm,3428,true,2024-04-12
PM09023,CUST05076,Net Banking,SBI,9930,true,2025-01-14
PM09024,CUST09278,UPI,BHIM,5651,false,2023-12-17
PM09025,CUST06866,UPI,GooglePay,7749,true,2024-09-29
PM09026,CUST04153,UPI,PhonePe,9950,true,2025-06-25
PM09027,CUST04624,Debit Card,ICICI Bank,7824,true,
PM09028,CUST00631,Net Banking,ICICI Bank,8427,true,2023-04-24
PM06707,CUST03156,UPI,GooglePay,8765,true,2024-08-24
PM09030,CUST01035,UPI,PhonePe,1898,true,2023-01-27
PM09031,CUST03444,Credit Card,HDFC Bank,0762,true,2023-03-08
PM06327,CUST01946,Net Banking,ICICI Bank,8329,true,
PM09033,CUST03914,UPI,PhonePe,1435,false,2025-08-21
PM09034,CUST08897,UPI,BHIM,0843,0,2023-08-26
PM09035,CUST05786,UPI,PhonePe,1374,false,2023-01-28
PM09036,CUST02137,UPI,Paytm,7149,true,2024-10-28
PM09037,CUST06149,Debit Card,Axis Bank,6606,false,2024-10-04
PM09038,CUST07995,UPI,BHIM,3104,true,2025-01-08
PM09039,CUST06434,UPI,GooglePay,5366,true,2025-08-29
PM09040,CUST07571,UPI,BHIM,8598,true,2023-09-29
PM09041,CUST04454,Credit Card,SBI,7954,true,2023-06-18
PM09042,CUST03318,UPI,Paytm,1308,true,2023-06-10
PM09043,CUST08666,Debit Card,SBI,7252,false,2024-08-29
PM09044,CUST09832,Debit Card,,3266,true,2023-05-29
PM09045,CUST03471,Credit Card,HDFC Bank,3315,true,2023-03-12
PM09046,CUST07396,UPI,BHIM,3619,false,2023-06-19
PM09047,CUST08502,Credit Card,,8909,,2023-04-22
PM09048,CUST09188,Net Banking,ICICI Bank,8254,false,2023-09-01
,CUST04964,Net Banking,ICICI Bank,7077,true,2024-04-07
PM09050,CUST04495,UPI,PhonePe,1656,true,2025-02-10
PM09051,CUST05256,Credit Card,SBI,3095,true,2025-04-19
PM09052,CUST06030,Credit Card,Axis Bank,2281,true,2025-02-09
PM09053,CUST06901,Credit Card,ICICI Bank,3264,false,2025-07-25
PM09054,CUST02396,UPI,GooglePay,4106,true,2025-05-22
PM09055,CUST07943,UPI,Paytm,9149,true,2024-02-22
PM09056,CUST07821,Credit Card,ICICI Bank,7642,true,2024-06-30
PM09057,CUST01587,UPI,GooglePay,4892,true,2024-11-30
PM09058,CUST05852,UPI,PhonePe,4218,true,2023-08-20
PM09059,,Debit Card,HDFC Bank,7843,true,2024-06-26
PM09060,CUST09639,UPI,PhonePe,1950,true,2023-09-27
PM09061,CUST04873,Net Banking,HDFC Bank,0377,false,2023-01-18
,CUST07013,Net Banking,ICICI Bank,1659,true,2023-12-13
PM09063,CUST03879,Credit Card,HDFC Bank,4160,true,2025-03-01
PM09064,CUST07037,UPI,GooglePay,3392,true,2023-04-27
PM09065,CUST04871,Debit Card,Axis Bank,2150,true,2025-04-04
PM09066,CUST00758,UPI,PhonePe,3282,true,2023-11-25
PM09067,CUST00949,Debit Card,Axis Bank,6960,false,2024-11-15
PM09068,CUST02048,Credit Card,Axis Bank,8692,true,2025-08-03
PM09069,CUST05218,Debit Card,ICICI Bank,8173,true,2023-03-29
PM09070,CUST03830,Debit Card,Axis Bank,8547,true,2024-04-27
PM09071,CUST01605,UPI,GooglePay,5371,true,2024-04-06
PM09072,CUST07004,Credit Card,Axis Bank,3640,true,2023-03-27
,CUST00296,Debit Card,ICICI Bank,4874,true,2024-08-25
PM09074,CUST09833,Debit Card,HDFC Bank,4841,true,2023-03-01
PM09075,CUST04497,UPI,Paytm,4363,true,2025-07-26
PM09076,CUST04113,Credit Card,Axis Bank,2828,true,2024-10-04
PM09077,CUST05574,UPI,PhonePe,3159,true,2024-05-31
PM09078,CUST01101,Debit Card,HDFC Bank,4105,false,2023-12-23
PM09079,CUST00859,Credit Card,ICICI Bank,0143,true,2023-07-23
PM09080,CUST02408,Debit Card,HDFC Bank,3589,true,2024-04-01
PM09081,CUST09519,UPI,GooglePay,1772,true,2025-04-25
PM09082,CUST05567,UPI,PhonePe,1377,true,2025-05-30
PM09083,CUST01065,UPI,GooglePay,7894,true,2024-12-21
PM09084,CUST05777,Debit Card,HDFC Bank,,true,2024-07-22
PM09085,CUST00049,UPI,GooglePay,0486,true,2023-10-26
PM09086,CUST01426,UPI,PhonePe,8139,true,2025-01-17
PM09087,CUST06939,Debit Card,SBI,0260,true,2023-08-25
PM09088,CUST07744,Credit Card,ICICI Bank,4827,true,2025-05-04
PM09089,CUST06636,UPI,BHIM,0871,true,2024-04-07
PM09090,CUST04996,UPI,PhonePe,8562,true,2024-06-08
PM09091,CUST01332,UPI,Paytm,4197,true,2025-05-01
PM09092,CUST07323,Net Banking,SBI,6238,true,2025-04-22
PM09093,CUST08480,Credit Card,ICICI Bank,0164,false,2023-12-31
PM09094,CUST04794,UPI,PhonePe,5572,false,2025-04-30
PM09095,CUST02374,UPI,BHIM,7746,true,2023-08-13
PM09096,CUST02662,UPI,Paytm,2916,true,2024-11-13
PM09097,CUST08518,Debit Card,Axis Bank,9661,false,2024-02-12
PM09098,CUST02402,Debit Card,ICICI Bank,7608,true,2024-10-08
PM09099,CUST06564,Debit Card,Axis Bank,4293,false,2024-01-02
PM09100,CUST08609,Debit Card,Axis Bank,0941,false,2023-10-15
PM09101,CUST04239,Net Banking,ICICI Bank,0566,false,2025-02-01
PM09102,CUST06881,Debit Card,SBI,,true,2025-01-10
PM09103,CUST01219,Credit Card,HDFC Bank,8820,true,2023-02-12
PM09104,CUST04758,Debit Card,HDFC Bank,2722,true,2024-06-11
PM09105,CUST08841,UPI,PhonePe,3211,true,2023-09-10
PM09106,CUST08198,Net Banking,ICICI Bank,5997,true,2023-03-12
PM09107,CUST02235,Debit Card,HDFC Bank,6142,false,2023-07-16
PM09108,CUST07970,UPI,PhonePe,4641,true,2023-12-22
PM09109,CUST01560,UPI,PhonePe,9517,true,2023-10-11
PM09110,CUST04429,Credit Card,Axis Bank,7621,true,2024-07-20
PM09111,CUST07176,Debit Card,HDFC Bank,8073,true,2024-12-23
PM09112,CUST06633,UPI,PhonePe,3895,true,2024-10-26
PM09113,CUST08457,Debit Card,HDFC Bank,9477,false,2023-07-22
PM09114,CUST09853,Debit Card,SBI,6994,true,2024-11-15
PM09115,CUST08063,Net Banking,ICICI Bank,4551,true,2024-05-09
PM09116,CUST04019,Debit Card,HDFC Bank,2487,,2024-11-25
PM09117,CUST06411,UPI,BHIM,1555,true,2023-06-04
PM09118,CUST06168,UPI,BHIM,8232,true,2023-06-30
PM09119,CUST04335,Credit Card,SBI,1501,true,2024-03-02
,CUST08640,UPI,Paytm,7781,true,2024-02-16
PM09121,CUST07549,Debit Card,ICICI Bank,1719,true,2025-08-30
PM09122,CUST04554,UPI,Paytm,4391,true,2023-05-08
PM09123,CUST07700,UPI,BHIM,5648,true,2023-01-21
PM09124,CUST08256,Debit Card,Axis Bank,0130,true,2023-11-09
PM09125,CUST05193,Debit Card,ICICI Bank,6878,true,2025-08-28
PM09126,CUST06403,UPI,PhonePe,2648,true,2025-05-11
PM09127,CUST05467,UPI,PhonePe,4944,true,2024-05-20
PM01345,CUST07065,UPI,GooglePay,7145,true,2024-10-05
PM09129,CUST00940,UPI,PhonePe,0043,true,2025-08-19
PM09200,CUST01187,UPI,PhonePe,3714,true,2025-05-22
PM09131,CUST08028,Net Banking,SBI,6510,true,2023-03-15
PM09132,CUST04080,Credit Card,SBI,9111,true,2025-05-30
PM09133,CUST02340,Net Banking,SBI,2698,FALSE,2025-03-07
PM09134,CUST02967,Debit Card,ICICI Bank,2055,true,2025-07-03
PM09135,CUST03406,UPI,Paytm,3194,true,2025-06-28
PM09136,CUST09820,UPI,GooglePay,2207,true,2024-01-11
PM09137,CUST08043,UPI,BHIM,2846,true,2024-03-21
PM09138,CUST06148,Credit Card,SBI,9731,true,2023-07-12
PM09139,CUST07292,UPI,PhonePe,4618,true,2023-01-28
PM09140,CUST06888,UPI,Paytm,9451,true,2023-10-28
PM09141,CUST01732,Credit Card,SBI,7705,true,2024-04-23
PM09142,CUST02098,Credit Card,ICICI Bank,3925,true,2024-09-19
PM09143,CUST00008,Credit Card,SBI,1903,true,2023-04-14
PM09144,CUST09213,Net Banking,ICICI Bank,4069,true,2023-02-14
PM09145,CUST06563,UPI,GooglePay,9921,true,2023-09-19
PM09146,CUST06309,UPI,PhonePe,4667,false,2023-10-01
PM09147,CUST07850,UPI,GooglePay,6469,false,2023-08-05
PM09148,CUST01766,Net Banking,ICICI Bank,6636,true,2024-02-17
PM09149,CUST00750,Credit Card,HDFC Bank,7994,true,2024-04-26
PM09150,CUST00690,UPI,Paytm,2380,true,2024-03-01
PM09151,CUST09537,UPI,GooglePay,0482,true,2023-06-14
PM09152,CUST00546,UPI,Paytm,3027,true,2024-08-02
PM09153,CUST03191,UPI,BHIM,6449,true,2025-01-01
PM09154,CUST04253,Debit Card,HDFC Bank,9045,false,2024-11-16
PM09155,CUST04474,Credit Card,ICICI Bank,9128,true,2024-03-06
PM09156,CUST06653,UPI,GooglePay,0649,true,2024-10-21
PM09157,CUST04635,Net Banking,HDFC Bank,9309,true,2024-06-10
PM09158,CUST09560,Debit Card,Axis Bank,5409,true,2023-12-12
PM09159,CUST06531,Debit Card,SBI,5578,false,2025-07-03
PM09160,CUST07872,Net Banking,ICICI Bank,9082,true,2024-07-09
PM09161,CUST02358,UPI,Paytm,5145,true,2024-10-16
PM09162,CUST04394,Debit Card,Axis Bank,6119,true,2024-11-21
PM09163,CUST07030,Credit Card,ICICI Bank,0268,true,2024-09-13
PM09164,CUST06456,Credit Card,HDFC Bank,6482,true,2023-12-26
PM09165,CUST05886,UPI,GooglePay,9633,true,2025-07-09
PM09166,CUST06832,UPI,PhonePe,8834,true,2023-04-16
PM09167,CUST06939,Debit Card,HDFC Bank,5969,1,2023-01-07
PM09168,CUST05900,Debit Card,SBI,6036,true,2024-02-21
PM09169,CUST08448,UPI,BHIM,,false,2024-08-05
PM09170,CUST04795,UPI,GooglePay,8567,true,2024-10-11
PM09171,CUST01184,Debit Card,SBI,2142,true,2025-07-23
PM09172,CUST02977,Credit Card,SBI,9616,true,2024-04-30
PM09173,CUST08104,Debit Card,Axis Bank,3989,true,2023-02-06
PM09174,CUST08458,Credit Card,SBI,3209,true,2024-10-22
PM09175,CUST00093,UPI,GooglePay,8955,true,2023-07-25
PM09176,CUST03146,Debit Card,ICICI Bank,4568,,2023-01-08
PM09177,CUST08511,Debit Card,Axis Bank,7234,true,2025-02-11
PM09178,CUST07288,Credit Card,HDFC Bank,7679,1,2024-11-14
PM09179,,Credit Card,ICICI Bank,9195,false,2023-11-06
PM09180,CUST00037,UPI,GooglePay,0586,true,2024-04-27
PM09181,CUST08235,Credit Card,Axis Bank,7595,true,2023-06-14
PM09182,CUST00185,UPI,PhonePe,9684,true,2024-08-19
PM09183,CUST04667,UPI,BHIM,1154,true,2023-10-16
PM09184,CUST09507,Net Banking,SBI,,true,2025-01-22
PM09185,CUST08761,Credit Card,SBI,7014,TRUE,2025-05-20
PM09186,CUST07409,UPI,BHIM,4422,,2024-08-17
PM09187,CUST01389,UPI,GooglePay,0273,true,2024-08-08
PM09188,CUST06294,UPI,Paytm,3960,false,2024-08-19
PM09189,CUST08841,Credit Card,ICICI Bank,6342,false,2024-11-23
PM09190,CUST00377,Debit Card,Axis Bank,1345,false,2023-03-20
PM09191,CUST05279,UPI,BHIM,6142,false,2023-06-09
PM09192,CUST06533,Credit Card,ICICI Bank,7967,true,2023-04-16
PM09193,CUST00042,UPI,GooglePay,4196,false,2025-02-16
,CUST04677,UPI,Paytm,7289,false,2024-04-04
,CUST05400,Credit Card,SBI,8285,true,2023-12-30
PM09196,CUST01185,Credit Card,ICICI Bank,0006,true,2023-08-15
PM09197,CUST08259,Credit Card,HDFC Bank,0202,true,2025-06-06
PM09198,CUST06635,Credit Card,HDFC Bank,9165,true,2024-11-26
PM09199,CUST01148,UPI,GooglePay,5466,true,2025-07-01
PM09200,CUST01187,UPI,PhonePe,3714,true,2025-05-22
PM09201,CUST08882,Credit Card,HDFC Bank,4102,true,2025-06-19
PM09202,CUST00451,Credit Card,Axis Bank,5792,true,2023-06-08
PM09203,CUST00036,UPI,GooglePay,5258,true,2024-11-22
PM09204,CUST05835,UPI,Paytm,7307,true,2023-02-13
PM09205,CUST09895,Debit Card,ICICI Bank,9342,true,2024-11-05
PM09206,CUST02885,UPI,PhonePe,0918,true,2024-06-17
PM09207,CUST06778,UPI,BHIM,6125,true,2025-02-09
PM09208,CUST02315,UPI,BHIM,2014,true,2023-04-21
PM09209,CUST07359,Credit Card,HDFC Bank,8655,true,2024-11-02
PM09210,CUST03522,Net Banking,HDFC Bank,6299,true,2025-04-12
PM09211,CUST08843,UPI,Paytm,4629,true,2023-07-20
PM09212,CUST01754,UPI,GooglePay,3974,false,2025-04-12
PM09213,CUST01658,Credit Card,ICICI Bank,0623,true,2024-08-10
PM09214,CUST03141,UPI,BHIM,4634,true,2024-05-23
PM09215,CUST00447,UPI,BHIM,9818,true,2024-06-05
PM09216,CUST06979,UPI,GooglePay,8631,true,2025-02-18
PM09217,CUST06413,Credit Card,ICICI Bank,6045,true,2023-06-06
PM09218,CUST06070,Debit Card,ICICI Bank,5983,true,2024-04-27
PM09219,CUST02394,Debit Card,Axis Bank,8223,true,2023-06-01
PM09220,CUST08686,Credit Card,Axis Bank,0984,false,2025-09-21
PM09221,CUST02876,UPI,PhonePe,7989,true,2024-10-03
PM09222,CUST06917,,HDFC Bank,7393,true,2025-06-22
PM09223,CUST09767,Credit Card,HDFC Bank,7126,true,2025-09-17
PM09224,CUST01491,UPI,GooglePay,1007,true,2024-12-28
PM09225,CUST09650,UPI,PhonePe,2775,true,2024-02-06
PM09226,CUST00556,UPI,BHIM,3210,true,2023-09-06
PM09227,CUST01691,Credit Card,ICICI Bank,1524,false,2024-09-29
PM09228,CUST03268,Credit Card,Axis Bank,1087,true,2023-06-03
PM09229,CUST07895,UPI,Paytm,5714,Yes,2024-10-22
PM09230,CUST00068,UPI,,2769,true,2025-07-25
PM09231,CUST02773,UPI,,3048,true,2023-08-08
PM09232,CUST07058,Debit Card,ICICI Bank,3881,true,2025-06-02
PM09233,CUST09340,Net Banking,HDFC Bank,1553,true,2023-06-12
PM09234,CUST02439,UPI,BHIM,9423,,2024-07-12
PM09235,CUST04435,UPI,Paytm,6354,true,2024-06-02
PM09236,CUST00523,UPI,GooglePay,0289,true,2023-11-03
PM09237,CUST04249,UPI,GooglePay,1161,false,2024-06-21
PM09238,CUST04078,Debit Card,ICICI Bank,0118,true,2024-05-29
PM09239,CUST01786,UPI,PhonePe,4072,true,2023-11-29
PM09240,CUST00579,UPI,BHIM,9986,,2024-01-19
PM09241,CUST06537,Net Banking,ICICI Bank,,true,2023-04-08
PM09242,CUST08742,UPI,GooglePay,1169,true,2023-08-12
PM09243,CUST01625,Debit Card,SBI,4412,true,2024-03-06
PM09244,CUST08914,UPI,GooglePay,3647,false,2024-06-20
PM09245,CUST09816,UPI,BHIM,0149,true,2024-12-08
PM09246,CUST03329,UPI,GooglePay,7693,true,2024-04-07
PM09247,CUST05725,Credit Card,Axis Bank,2029,true,2023-01-12
PM09248,CUST06315,Credit Card,SBI,8146,false,2024-03-27
PM09249,CUST06069,Debit Card,SBI,9375,true,2023-03-02
PM09250,CUST05509,UPI,GooglePay,6968,false,2024-09-17
PM09251,CUST07572,UPI,GooglePay,7417,true,2025-04-08
PM09252,CUST07990,Credit Card,HDFC Bank,0335,true,2023-06-28
PM09253,CUST02121,UPI,GooglePay,0650,true,2025-05-11
PM09254,CUST04475,UPI,GooglePay,6423,true,2025-07-17
PM09255,CUST03588,Debit Card,Axis Bank,7536,false,2023-01-30
PM09256,CUST07857,UPI,BHIM,4759,false,2023-07-06
PM09257,CUST01428,Debit Card,HDFC Bank,8632,true,2024-04-21
PM09258,CUST07610,Credit Card,ICICI Bank,3168,true,2024-03-13
PM09259,CUST09743,Net Banking,SBI,4587,,2025-02-20
PM09260,CUST05300,Credit Card,HDFC Bank,7155,true,2025-08-30
PM09261,CUST04661,Credit Card,ICICI Bank,4401,false,2024-03-09
PM09262,CUST06801,UPI,GooglePay,4823,true,2024-04-22
PM09263,CUST03049,Credit Card,HDFC Bank,1178,true,
PM09264,CUST07521,Net Banking,SBI,4878,true,2024-11-08
PM09265,CUST05542,UPI,BHIM,6199,false,2023-07-07
PM09266,CUST01529,Credit Card,Axis Bank,0591,true,2024-10-16
PM09267,CUST02623,Debit Card,SBI,0560,true,2025-03-22
PM09268,CUST09272,UPI,PhonePe,5423,true,2024-08-21
PM09269,CUST05185,UPI,PhonePe,1894,true,2025-08-01
PM09270,CUST01372,Debit Card,Axis Bank,6076,true,2025-03-31
PM09271,CUST01629,Credit Card,SBI,0457,true,2025-09-08
PM09272,CUST03558,UPI,Paytm,4566,true,2024-05-15
PM09273,CUST07657,UPI,GooglePay,2002,true,2024-02-09
PM09274,CUST08952,Credit Card,ICICI Bank,5100,true,2024-01-18
PM09275,CUST06367,Debit Card,ICICI Bank,1806,false,2025-07-18
PM09276,CUST00160,Credit Card,Axis Bank,7735,true,2023-10-25
PM09277,CUST05678,Debit Card,Axis Bank,4948,true,2024-05-27
PM09278,CUST06983,UPI,BHIM,5589,false,2024-11-13
PM09279,CUST06594,UPI,Paytm,3721,false,2024-02-16
PM09280,CUST09373,Credit Card,SBI,,true,2023-04-16
PM09281,CUST07592,UPI,Paytm,3574,true,2024-05-10
PM09282,CUST04274,UPI,PhonePe,2517,false,2024-09-18
PM09283,CUST01621,Debit Card,Axis Bank,2390,true,2025-08-08
PM09284,CUST04620,Credit Card,Axis Bank,2369,false,2023-08-18
PM09285,CUST01680,Credit Card,Axis Bank,4295,0,2025-08-17
PM09286,CUST04603,Debit Card,ICICI Bank,2975,true,2024-01-07
PM09287,CUST06131,UPI,Paytm,2855,true,2023-03-29
PM09288,CUST07914,Net Banking,HDFC Bank,9646,false,2023-02-21
PM09289,CUST00040,Credit Card,HDFC Bank,4457,true,2024-07-31
PM09290,CUST09290,UPI,GooglePay,9216,true,2023-09-11
PM09291,CUST05652,UPI,Paytm,6348,,2025-07-25
PM09292,CUST08790,Debit Card,ICICI Bank,3518,true,2024-02-23
PM09293,CUST05945,UPI,PhonePe,0581,true,2024-11-27
PM09294,CUST02941,UPI,Paytm,1628,true,2025-08-02
PM09295,CUST01934,UPI,BHIM,6670,false,2023-04-10
PM09296,CUST08145,Credit Card,ICICI Bank,4491,false,2024-02-04
PM09297,CUST06495,Credit Card,ICICI Bank,5434,true,2024-02-16
PM09298,CUST08020,UPI,GooglePay,4504,false,2023-03-20
PM09299,CUST05543,,ICICI Bank,2591,true,2024-08-02
PM09300,CUST02797,Net Banking,HDFC Bank,9261,true,2023-10-18
PM09301,CUST03133,UPI,BHIM,5862,true,2025-09-24
PM09302,CUST00031,UPI,GooglePay,,false,2025-03-18
PM09303,CUST09114,Credit Card,ICICI Bank,2481,true,2023-10-18
PM09304,CUST00580,Debit Card,Axis Bank,7175,false,2024-07-12
PM09305,CUST02191,UPI,Paytm,7413,true,2025-04-14
PM09306,CUST06226,Net Banking,HDFC Bank,7170,true,2023-07-14
PM09307,CUST03781,Credit Card,SBI,4250,true,2023-08-27
PM09308,CUST02834,UPI,Paytm,8680,true,2025-02-22
PM09309,CUST04820,Credit Card,HDFC Bank,3383,true,2024-12-05
PM09310,CUST06515,UPI,PhonePe,8482,true,2023-07-27
,CUST05035,Debit Card,SBI,2794,true,2023-10-20
PM09312,CUST02159,,Paytm,9026,false,2025-01-29
PM09313,CUST01265,Debit Card,ICICI Bank,7667,true,2025-05-31
PM09314,CUST05831,UPI,BHIM,4637,false,2024-05-07
PM09315,CUST06129,Net Banking,HDFC Bank,5162,true,2023-06-01
PM09316,CUST03491,UPI,Paytm,9739,true,2024-09-19
PM09317,CUST01347,UPI,Paytm,8094,true,2024-06-21
PM09318,CUST08643,Credit Card,HDFC Bank,3706,true,2024-08-04
PM09319,CUST00940,Debit Card,ICICI Bank,4835,true,2024-04-04
PM09320,CUST07714,UPI,PhonePe,1200,true,2024-04-10
PM09321,CUST01339,Debit Card,HDFC Bank,9555,true,2024-02-17
PM09322,CUST05453,UPI,PhonePe,0602,true,2023-04-08
PM09323,CUST04916,UPI,PhonePe,4302,true,2023-10-01
PM09324,CUST09402,UPI,GooglePay,5795,true,2023-05-17
PM09325,CUST01789,UPI,Paytm,6847,true,2025-05-03
PM09326,CUST00016,Net Banking,ICICI Bank,5889,false,2023-11-11
PM09327,CUST02651,UPI,GooglePay,4777,true,2025-03-20
PM09328,CUST07916,UPI,Paytm,9389,false,
PM09329,CUST03644,Credit Card,ICICI Bank,9308,true,2023-12-29
PM09330,CUST01539,UPI,Paytm,6800,false,2025-03-06
PM09331,CUST08044,UPI,PhonePe,6526,false,2024-12-24
PM09332,CUST09983,UPI,BHIM,3422,true,2025-08-06
PM09333,CUST03497,Credit Card,ICICI Bank,7726,false,2024-02-21
PM09334,CUST01591,Credit Card,HDFC Bank,9292,true,2023-09-06
PM09335,CUST03451,Debit Card,ICICI Bank,0248,true,2023-01-15
PM09336,CUST02862,Debit Card,Axis Bank,6258,false,2023-07-25
PM09337,CUST05342,Credit Card,SBI,0316,true,2023-07-13
PM09338,CUST00252,UPI,BHIM,9011,true,2023-10-31
PM09339,CUST01459,Credit Card,HDFC Bank,7285,true,2024-08-14
PM09340,CUST03394,UPI,GooglePay,7715,false,2025-04-24
PM09341,CUST09712,UPI,GooglePay,8095,true,2023-12-01
PM09342,CUST06392,UPI,Paytm,3218,true,2024-06-12
PM09343,CUST02649,Credit Card,SBI,4602,true,2023-03-27
PM09344,CUST06342,Credit Card,HDFC Bank,0768,true,2024-08-09
PM09345,CUST01708,Credit Card,SBI,2714,true,2024-04-02
PM09346,CUST05178,UPI,PhonePe,5180,true,2024-03-27
PM09347,CUST09539,UPI,Paytm,2590,true,2023-06-12
PM09348,CUST02399,UPI,PhonePe,9403,true,2023-03-04
PM09349,CUST04822,UPI,GooglePay,1203,true,2023-09-18
PM09350,CUST04940,Debit Card,ICICI Bank,5707,true,2023-05-24
PM09351,CUST08725,Credit Card,HDFC Bank,7817,true,2025-08-24
PM09352,,Credit Card,SBI,7111,true,2025-07-18
PM09353,CUST00340,UPI,Paytm,7569,true,2025-02-08
PM09354,CUST09544,UPI,PhonePe,7178,false,2023-08-05
PM09355,CUST02396,Debit Card,Axis Bank,7904,true,2024-05-30
PM09356,CUST06336,UPI,PhonePe,4392,true,2024-04-30
PM09357,CUST02294,UPI,BHIM,4153,true,2023-09-24
PM09358,CUST07928,UPI,BHIM,9985,true,2025-06-26
PM09359,CUST03326,Credit Card,SBI,7052,true,2023-04-26
PM09360,CUST03209,Credit Card,SBI,9977,true,2023-07-01
PM09361,CUST02349,UPI,Paytm,0022,false,2023-09-14
PM09362,CUST07191,UPI,Paytm,5660,true,2025-09-22
PM09363,CUST09212,UPI,PhonePe,2957,true,2023-03-18
PM09364,CUST08592,Debit Card,Axis Bank,1229,true,2023-03-29
PM09365,CUST02584,Net Banking,SBI,2313,true,2025-05-22
PM09366,CUST04448,UPI,Paytm,3522,false,2023-01-10
PM09367,CUST07753,Debit Card,Axis Bank,4588,true,2024-12-19
PM09368,CUST07288,Debit Card,HDFC Bank,6887,true,2024-11-05
PM09369,CUST06192,UPI,GooglePay,3481,true,2023-05-30
PM09370,CUST05276,Net Banking,HDFC Bank,5013,true,2025-08-06
PM09371,CUST08915,Credit Card,SBI,3055,,2024-03-10
PM09372,CUST09662,Credit Card,ICICI Bank,2101,true,2024-08-03
PM09373,CUST06113,UPI,Paytm,4885,true,2025-05-13
PM09374,CUST06559,Net Banking,ICICI Bank,,true,2025-07-21
PM09375,CUST05591,Debit Card,SBI,2704,true,2023-10-16
PM09376,CUST02132,UPI,Paytm,4384,true,2024-03-23
PM09377,CUST09099,Net Banking,SBI,5232,true,2025-05-09
PM09378,CUST01857,UPI,GooglePay,8406,true,2024-05-11
PM09379,CUST05509,UPI,PhonePe,5587,true,2024-03-03
PM09380,CUST03593,Net Banking,SBI,7084,true,2024-11-04
PM09381,CUST06487,Debit Card,SBI,0286,true,2023-07-04
PM09382,CUST01780,Credit Card,Axis Bank,3807,true,2025-05-12
PM09383,CUST04386,UPI,PhonePe,0729,true,2023-02-15
PM09384,CUST02827,Net Banking,HDFC Bank,3615,true,2025-03-01
PM09385,CUST00792,Debit Card,ICICI Bank,5720,true,2023-12-23
PM09386,CUST08524,Debit Card,HDFC Bank,2255,true,2023-06-18
PM09387,CUST03364,UPI,Paytm,8071,true,2023-10-13
PM09388,CUST06896,Net Banking,HDFC Bank,6276,true,2024-01-08
PM09389,CUST04947,Credit Card,Axis Bank,0970,true,2023-12-29
PM09390,CUST03419,UPI,PhonePe,4273,true,2024-03-31
PM09391,CUST04127,Credit Card,Axis Bank,0459,true,2025-06-09
PM09392,CUST07350,Debit Card,ICICI Bank,7367,false,2023-12-02
PM09393,CUST00111,UPI,PhonePe,4742,true,2023-01-02
PM09394,CUST05117,UPI,BHIM,3243,true,2023-09-21
PM09395,CUST02608,UPI,Paytm,3921,true,2023-12-10
PM09396,CUST08603,Debit Card,HDFC Bank,3505,No,2023-07-14
PM09397,CUST04590,UPI,GooglePay,3049,true,2025-01-12
PM09398,CUST09306,UPI,Paytm,2001,true,2025-04-13
PM09399,CUST04161,UPI,GooglePay,2403,true,2025-02-03
PM09400,CUST09587,UPI,Paytm,5504,true,2025-01-22
,CUST04621,UPI,PhonePe,9267,true,2024-11-26
PM09402,CUST06568,UPI,Paytm,0694,FALSE,2025-06-30
PM09403,CUST06831,Debit Card,Axis Bank,5183,true,2024-10-13
PM09404,CUST04614,Debit Card,SBI,9759,true,2024-05-01
PM09405,CUST08093,UPI,Paytm,3023,true,2025-06-24
PM09406,CUST08587,Debit Card,Axis Bank,6152,true,2025-08-06
PM09407,CUST07390,UPI,Paytm,2076,true,2023-05-28
PM09408,CUST04416,Debit Card,ICICI Bank,8632,true,2024-09-22
PM09409,CUST06743,UPI,GooglePay,4156,true,2025-09-16
PM09410,CUST08043,Debit Card,ICICI Bank,5118,true,2025-02-18
PM09411,CUST04347,UPI,GooglePay,3428,false,2023-06-15
PM09412,CUST03078,Debit Card,HDFC Bank,0608,false,2025-05-04
PM09413,CUST03155,Net Banking,SBI,6510,true,2024-02-25
PM09414,CUST08806,UPI,BHIM,7215,false,2025-04-04
PM09415,CUST01436,UPI,Paytm,6834,true,2025-04-13
PM09416,CUST07527,Net Banking,SBI,6140,true,2025-06-05
PM09417,CUST09868,Debit Card,Axis Bank,,true,2024-03-29
PM09418,CUST08950,UPI,GooglePay,0738,false,2023-05-29
PM09419,CUST08724,Credit Card,SBI,2346,true,2024-12-03
PM09420,CUST07500,Credit Card,HDFC Bank,4683,false,2024-02-28
PM09421,CUST00730,UPI,PhonePe,3276,true,2023-05-05
PM09422,CUST07533,Credit Card,Axis Bank,7074,true,2023-01-15
PM09423,CUST08298,UPI,Paytm,7191,false,2023-04-17
PM09424,CUST03703,UPI,GooglePay,,false,2024-05-30
PM09425,CUST07603,Debit Card,ICICI Bank,8982,false,2024-06-15
PM09426,CUST09369,Credit Card,HDFC Bank,4270,true,2025-03-27
PM09427,CUST07595,Net Banking,HDFC Bank,8564,false,2024-02-28
PM09428,CUST06157,Debit Card,ICICI Bank,7965,true,2024-02-08
PM09429,CUST02078,UPI,BHIM,7983,true,2025-02-04
PM09430,CUST04506,UPI,Paytm,4494,false,2023-03-07
PM09431,CUST03913,Credit Card,Axis Bank,7582,true,2023-09-07
PM09432,CUST09709,UPI,BHIM,7088,false,2023-03-19
PM09433,CUST05516,UPI,BHIM,8267,true,2023-04-01
PM09434,CUST08919,Credit Card,HDFC Bank,0193,true,2023-10-10
PM09435,CUST05998,UPI,PhonePe,5674,true,2023-03-10
PM09436,CUST08935,Debit Card,ICICI Bank,7554,true,2024-11-17
PM09437,CUST02345,Credit Card,Axis Bank,9542,true,2025-04-04
PM09438,CUST04830,Debit Card,SBI,,true,2024-08-13
PM09439,CUST04703,UPI,BHIM,2293,true,2025-04-24
PM09440,CUST08502,UPI,GooglePay,5575,true,2024-12-02
PM09608,CUST03572,UPI,Paytm,7251,true,2023-04-28
PM09442,CUST01632,UPI,PhonePe,4015,true,2024-04-10
PM09443,CUST01343,Net Banking,ICICI Bank,9896,false,2025-04-04
PM09444,CUST01008,Debit Card,SBI,3045,true,2024-11-12
PM09445,CUST06230,Debit Card,SBI,5369,true,2024-05-25
PM09446,CUST05026,Credit Card,ICICI Bank,7670,true,2023-11-17
PM09447,CUST08255,UPI,BHIM,8369,true,2023-03-30
PM09448,CUST09414,Debit Card,Axis Bank,7947,true,2025-08-20
PM09449,CUST03720,Credit Card,SBI,1060,false,2025-05-21
PM09450,CUST05592,Credit Card,ICICI Bank,6986,true,2024-11-22
PM09451,CUST02977,UPI,Paytm,4892,true,2025-07-21
PM09452,CUST08738,Net Banking,HDFC Bank,1614,true,2025-01-15
PM09453,CUST03590,Debit Card,ICICI Bank,4077,true,2023-06-10
PM09454,,Debit Card,ICICI Bank,5016,false,2023-07-15
PM09455,CUST03579,Credit Card,Axis Bank,7880,true,2023-10-26
PM07722,CUST01305,UPI,PhonePe,3173,true,2024-01-06
PM09457,CUST06828,Credit Card,Axis Bank,1444,true,2024-03-31
PM09458,CUST05312,Credit Card,ICICI Bank,1657,true,2025-06-29
PM09459,CUST07728,UPI,PhonePe,9307,true,2023-05-21
PM09460,CUST08626,Net Banking,HDFC Bank,4379,,2024-12-31
PM09461,CUST05111,Credit Card,ICICI Bank,6305,true,2024-12-30
PM09462,CUST05241,Credit Card,Axis Bank,2076,true,2024-08-01
PM09463,CUST09252,UPI,GooglePay,1964,false,2024-12-28
PM09464,CUST08641,UPI,GooglePay,9559,false,2023-06-08
PM09465,CUST04958,UPI,GooglePay,1103,true,2024-09-19
PM09466,CUST06848,Debit Card,ICICI Bank,6170,true,2025-09-15
PM09467,CUST03734,,Paytm,,false,2025-03-09
PM09468,CUST03832,Net Banking,HDFC Bank,9542,true,2023-05-15
PM09469,CUST02322,Net Banking,SBI,0790,true,2024-02-28
PM09470,CUST09218,Debit Card,SBI,4581,true,2025-06-02
PM09471,CUST02749,UPI,BHIM,4329,true,2024-01-20
PM09472,CUST02096,Credit Card,SBI,2561,true,2023-10-12
PM09473,CUST09251,UPI,GooglePay,6202,true,2025-01-05
PM09474,CUST01021,Net Banking,SBI,7651,true,2024-07-05
PM09475,CUST06342,Credit Card,Axis Bank,1099,true,2024-09-29
PM09476,CUST09427,UPI,BHIM,7230,true,2025-09-15
PM09477,CUST02294,UPI,PhonePe,8251,false,2023-04-02
PM09478,CUST03235,UPI,BHIM,0142,true,2025-06-26
PM09479,CUST06313,Debit Card,SBI,5766,true,2024-04-18
PM09480,CUST07940,UPI,GooglePay,5698,true,2023-09-08
PM09481,CUST01805,UPI,BHIM,1712,true,2024-02-24
PM09482,CUST07165,UPI,PhonePe,5729,true,2024-12-20
PM09483,CUST01008,Credit Card,Axis Bank,4902,false,2025-02-27
PM09484,CUST07050,UPI,Paytm,3676,true,2023-10-27
PM09485,CUST07789,Debit Card,SBI,4677,false,2023-06-07
PM09486,CUST03630,UPI,PhonePe,6893,true,2024-03-12
PM09487,CUST03619,UPI,PhonePe,9438,false,2023-04-25
PM09488,CUST03427,Debit Card,HDFC Bank,9885,true,2025-05-16
PM09489,CUST07597,Net Banking,SBI,3465,false,2023-05-03
PM09490,CUST00416,Net Banking,SBI,7113,true,2024-09-23
PM09491,CUST08821,Debit Card,HDFC Bank,2585,false,2023-07-12
PM09492,CUST09206,Credit Card,Axis Bank,,true,2023-08-04
PM09493,CUST07702,UPI,Paytm,3692,true,2025-08-15
PM09494,CUST00489,Debit Card,,8560,true,2024-10-12
PM09495,CUST08662,Credit Card,SBI,6384,true,2024-12-30
PM09496,CUST09899,Credit Card,HDFC Bank,8720,true,2025-03-18
PM09497,CUST00323,Net Banking,HDFC Bank,9298,true,2023-11-08
PM09498,CUST05301,Debit Card,SBI,6493,true,2025-01-12
PM09499,CUST07440,UPI,GooglePay,5943,true,2024-12-25
PM09500,CUST07151,UPI,BHIM,6194,true,2024-11-21
PM09501,CUST01907,UPI,PhonePe,5844,true,2025-09-16
PM09502,CUST06876,Credit Card,ICICI Bank,6122,true,2024-07-17
PM09503,CUST02695,UPI,BHIM,7146,true,2024-04-25
PM09504,CUST04993,Net Banking,SBI,5200,false,2024-06-08
PM09505,CUST09662,Credit Card,ICICI Bank,1060,false,2025-03-29
PM09506,CUST07507,Net Banking,ICICI Bank,7147,true,2023-02-03
PM09507,CUST02052,UPI,GooglePay,2662,true,2023-02-01
PM09508,CUST05254,Debit Card,HDFC Bank,1764,true,2025-08-07
PM09509,CUST07429,Net Banking,HDFC Bank,7614,true,2024-12-24
PM09510,CUST04946,UPI,Paytm,9430,true,2023-08-20
PM09511,CUST09241,Debit Card,HDFC Bank,4654,true,2024-12-10
PM09512,CUST06055,Credit Card,ICICI Bank,2880,true,2023-04-09
PM09513,CUST04577,UPI,GooglePay,1904,true,2025-08-03
PM09514,CUST01645,UPI,Paytm,3632,true,2024-05-08
PM09515,CUST04545,Debit Card,SBI,2066,true,2025-06-22
PM09516,CUST08356,UPI,BHIM,7787,true,2024-11-06
PM09517,CUST03291,Debit Card,SBI,5143,false,2023-08-22
PM09518,CUST00944,UPI,PhonePe,7833,true,2025-03-29
PM09519,CUST03598,Credit Card,Axis Bank,6923,true,2023-01-24
PM09520,CUST02932,UPI,GooglePay,8378,true,2025-02-25
PM09521,CUST03979,UPI,Paytm,0119,true,2025-05-09
PM09522,CUST01960,Credit Card,Axis Bank,7912,true,2025-07-18
PM09523,CUST09221,UPI,GooglePay,4569,true,2024-03-14
PM09524,CUST04512,Debit Card,SBI,1086,true,2024-09-04
PM09525,CUST04523,UPI,Paytm,2574,true,2023-12-19
PM09526,CUST07596,Credit Card,SBI,2048,true,2024-12-05
PM09527,CUST03612,UPI,Paytm,5434,false,2023-09-27
PM09528,CUST07147,UPI,PhonePe,1050,false,2024-05-06
PM09529,CUST01423,Debit Card,Axis Bank,5302,true,2024-11-01
PM09530,CUST01379,Debit Card,HDFC Bank,8472,true,2024-09-24
PM09531,CUST09721,Debit Card,Axis Bank,9840,true,2023-03-24
PM09532,CUST05533,Net Banking,SBI,6678,true,2024-06-26
PM09533,CUST01694,UPI,BHIM,1659,true,2024-12-16
PM09534,CUST07078,Credit Card,ICICI Bank,0799,false,2025-06-20
PM09535,CUST08631,UPI,BHIM,0314,false,2025-04-24
PM09536,CUST04753,Debit Card,SBI,3229,true,2025-02-11
PM09537,CUST01581,UPI,PhonePe,4541,true,2024-04-22
PM09538,CUST01391,UPI,GooglePay,9229,true,2025-03-10
,CUST09203,Debit Card,Axis Bank,2059,true,2025-04-14
PM09540,CUST01118,UPI,Paytm,5488,true,2025-07-18
PM09541,CUST08374,Credit Card,Axis Bank,5591,true,2025-03-21
PM09542,CUST01433,UPI,PhonePe,7453,false,2024-09-23
PM09543,CUST03455,UPI,BHIM,3225,true,2024-12-16
PM09544,CUST04034,UPI,GooglePay,2241,true,2023-04-02
PM09545,CUST00292,Net Banking,ICICI Bank,0834,true,2025-01-23
PM09546,CUST08328,Debit Card,SBI,1915,true,2025-06-29
PM09547,CUST09961,Credit Card,HDFC Bank,6280,false,2023-09-19
PM09548,CUST00120,Debit Card,SBI,7962,true,2024-07-28
PM09549,CUST00698,UPI,GooglePay,4740,true,2023-11-19
PM09550,CUST02531,UPI,Paytm,1854,true,2024-11-04
PM09551,CUST09196,Debit Card,ICICI Bank,7830,true,2024-02-07
PM09552,CUST05168,UPI,GooglePay,3197,false,2024-04-11
PM09553,CUST04301,UPI,Paytm,3629,false,2025-08-12
PM09554,CUST08507,UPI,PhonePe,2912,Yes,2025-09-01
PM09555,CUST05563,Credit Card,ICICI Bank,3126,true,2023-08-09
PM09556,CUST03548,UPI,Paytm,2286,Yes,2023-01-13
PM09557,CUST07864,Credit Card,ICICI Bank,3588,true,2025-04-09
PM09558,CUST03139,UPI,GooglePay,4498,true,2023-04-24
PM09559,CUST06895,Net Banking,SBI,0738,true,2024-08-17
PM09560,CUST08606,Net Banking,,4177,true,2025-02-12
PM09561,CUST06746,Net Banking,SBI,5047,false,2023-05-06
PM09562,CUST02772,UPI,Paytm,3041,true,2024-03-30
PM09563,CUST04972,UPI,Paytm,0163,true,2023-09-02
PM09564,CUST01161,Credit Card,HDFC Bank,5445,true,2024-10-27
PM09565,CUST00492,Credit Card,Axis Bank,5238,true,2025-02-13
PM09566,CUST09692,Debit Card,SBI,8673,true,2024-02-21
PM09567,CUST00657,UPI,Paytm,5208,true,2025-02-11
PM09568,CUST03698,Credit Card,SBI,1090,true,2023-03-10
PM09569,CUST02957,UPI,PhonePe,4655,true,
PM09570,CUST00031,Credit Card,Axis Bank,2293,true,2024-12-18
PM09571,CUST01889,UPI,BHIM,1106,true,2024-01-26
PM09572,CUST02100,Debit Card,Axis Bank,2148,true,2025-05-11
PM09573,CUST03294,UPI,PhonePe,0201,false,2024-07-19
PM09574,CUST07189,Credit Card,ICICI Bank,5105,true,2024-10-29
PM09575,CUST02135,UPI,PhonePe,0629,true,2024-11-24
PM09576,CUST03142,Net Banking,ICICI Bank,5953,true,2023-01-22
PM09577,CUST06992,Credit Card,ICICI Bank,6424,true,2024-05-01
PM09578,CUST01930,UPI,BHIM,7998,true,2023-05-26
PM09579,CUST07239,UPI,PhonePe,0411,1,2023-10-07
PM09580,CUST01980,UPI,GooglePay,2345,true,2024-07-10
PM09581,CUST09877,Net Banking,HDFC Bank,7328,false,2025-05-10
PM09582,CUST06416,Credit Card,Axis Bank,3323,true,2025-06-04
PM09583,CUST09770,Debit Card,Axis Bank,6412,false,2024-02-22
PM09584,CUST01194,Credit Card,ICICI Bank,9642,true,2023-09-14
PM09585,CUST07398,UPI,,5775,true,2023-10-06
PM09586,CUST01382,UPI,Paytm,1327,true,2023-03-27
PM09587,CUST07323,Credit Card,ICICI Bank,0392,true,2024-03-07
PM09588,CUST07236,Net Banking,ICICI Bank,2056,true,2024-02-06
PM09589,CUST02010,UPI,BHIM,5201,true,2024-04-11
PM09590,CUST08876,Debit Card,HDFC Bank,2482,true,2024-04-16
PM09591,CUST04783,Credit Card,Axis Bank,2694,true,2023-11-17
PM09592,CUST08613,Credit Card,SBI,6395,true,2023-07-29
PM09593,CUST03700,Debit Card,Axis Bank,5989,false,2024-09-29
PM09594,CUST06101,UPI,PhonePe,3652,true,2024-09-05
PM09595,CUST07923,UPI,PhonePe,1535,true,2023-01-25
PM09596,CUST00988,UPI,Paytm,9504,true,2024-02-26
PM09597,CUST07480,Debit Card,Axis Bank,0121,true,2023-09-02
PM09598,CUST01879,UPI,BHIM,0853,true,2023-10-21
PM09599,CUST07760,UPI,Paytm,7296,true,2024-04-13
PM09600,CUST04969,UPI,BHIM,0613,true,2023-05-07
PM09601,CUST00031,Debit Card,Axis Bank,1578,true,2025-05-30
PM09602,CUST00991,Debit Card,Axis Bank,1412,true,2024-02-17
PM09603,CUST04186,Credit Card,,5541,true,2024-04-04
PM09604,CUST02300,UPI,Paytm,7461,true,2023-07-26
PM09605,CUST03856,UPI,BHIM,7792,true,2025-05-02
PM09606,CUST04130,UPI,GooglePay,5010,true,2023-01-07
PM09607,CUST05666,UPI,Paytm,7957,false,2023-12-03
PM09608,CUST03572,UPI,Paytm,7251,true,2023-04-28
PM09609,CUST04225,Net Banking,ICICI Bank,8421,true,2023-08-05
PM09610,CUST02147,UPI,BHIM,5037,true,2023-12-30
PM09611,CUST08385,Net Banking,SBI,1033,true,2024-07-05
PM09612,CUST07821,,GooglePay,3151,true,2025-04-28
PM09613,CUST03927,Credit Card,ICICI Bank,0776,true,2024-05-22
PM09614,CUST04768,Credit Card,ICICI Bank,4590,true,
PM09615,CUST07660,UPI,BHIM,9690,false,2025-05-02
PM09616,CUST07915,UPI,PhonePe,3753,false,
PM09617,CUST07353,Debit Card,ICICI Bank,1602,true,2023-11-22
PM09618,CUST01759,Debit Card,HDFC Bank,3521,true,2023-07-27
PM09619,CUST08973,Debit Card,ICICI Bank,7353,true,2023-05-18
PM09620,CUST08271,Net Banking,HDFC Bank,8202,true,2025-07-19
PM09621,CUST03751,UPI,PhonePe,3340,false,2023-07-06
PM09622,CUST02547,UPI,Paytm,2673,true,2023-07-30
PM09623,CUST01692,Credit Card,SBI,3070,true,2024-11-15
,CUST00687,UPI,,8656,true,2023-05-14
PM09625,CUST02054,Debit Card,SBI,8865,true,2024-02-05
PM09626,CUST07726,UPI,PhonePe,1215,true,2024-08-15
PM09627,CUST09473,UPI,PhonePe,1546,false,2024-01-23
PM09628,CUST03253,Credit Card,Axis Bank,1348,false,2024-08-04
PM09629,CUST05753,UPI,Paytm,8640,true,2025-02-10
PM09630,CUST04933,UPI,GooglePay,6057,true,2024-04-13
PM09631,CUST07892,UPI,Paytm,5886,true,2024-09-21
PM09632,CUST03954,Net Banking,ICICI Bank,8953,true,2023-03-30
PM09633,CUST04370,UPI,GooglePay,7597,true,2023-09-08
PM09634,CUST00755,Credit Card,SBI,2489,true,2024-02-20
PM09635,CUST08499,Debit Card,Axis Bank,1778,true,2023-07-12
PM09636,CUST00463,UPI,GooglePay,3313,FALSE,2023-08-01
PM09637,CUST01658,Debit Card,SBI,9661,true,2023-04-13
PM09638,CUST07187,UPI,PhonePe,5198,true,2023-07-01
PM09639,CUST07289,Credit Card,SBI,9590,true,2023-10-19
PM09640,CUST00979,Credit Card,ICICI Bank,0663,false,2025-07-13
PM09641,CUST05819,Debit Card,SBI,,true,2023-07-22
PM09642,CUST01316,Credit Card,SBI,2205,,2024-12-29
PM09643,CUST03463,UPI,Paytm,9825,true,2025-09-04
PM09644,CUST03936,Credit Card,Axis Bank,7774,false,2023-10-18
PM09645,CUST06253,UPI,PhonePe,2525,true,2024-04-24
PM09646,,Debit Card,SBI,6459,true,2023-03-15
PM09647,CUST09451,UPI,PhonePe,8681,1,2023-03-29
PM09648,CUST01386,Debit Card,Axis Bank,3847,true,2023-04-18
PM09649,CUST05920,UPI,GooglePay,5249,false,2024-04-19
PM09650,CUST01127,Credit Card,,3715,false,2025-03-27
PM09651,CUST00646,Credit Card,SBI,0219,true,2025-05-28
PM09652,CUST02473,Credit Card,Axis Bank,2092,false,2025-07-25
PM09653,CUST08607,Credit Card,Axis Bank,8108,true,2025-09-06
PM09654,CUST03655,Credit Card,Axis Bank,4213,false,2023-07-19
PM09655,CUST03127,Credit Card,HDFC Bank,0154,false,2024-04-07
PM09656,CUST03839,UPI,GooglePay,0917,true,2023-11-29
PM09657,CUST03339,Credit Card,ICICI Bank,4821,true,2024-01-27
PM09658,CUST03516,Debit Card,ICICI Bank,2281,true,2024-11-08
PM09659,CUST03479,UPI,BHIM,1952,true,2023-10-04
PM09660,CUST06569,UPI,GooglePay,5962,true,2025-05-03
PM09661,CUST04888,UPI,BHIM,8662,true,2025-06-17
PM09662,CUST03506,Credit Card,Axis Bank,1937,false,2023-07-13
PM09663,CUST08699,UPI,GooglePay,3730,false,2024-02-05
PM09664,CUST00625,Credit Card,ICICI Bank,4064,,2024-11-29
PM09665,CUST00785,Debit Card,HDFC Bank,1525,false,2023-06-25
PM09666,CUST06516,UPI,PhonePe,4184,true,2023-06-16
PM01312,CUST02679,UPI,Paytm,1966,true,
PM09668,CUST02063,Debit Card,SBI,5884,true,2024-10-27
PM09669,CUST03225,Credit Card,HDFC Bank,8373,true,2024-09-21
PM09670,CUST02216,UPI,GooglePay,3499,true,2023-08-24
PM09671,CUST04696,Debit Card,ICICI Bank,1990,true,2023-06-08
PM09672,CUST06747,UPI,GooglePay,0500,true,2024-11-06
PM09673,,UPI,PhonePe,9398,true,2024-11-19
PM09674,CUST00276,Net Banking,HDFC Bank,6069,true,2025-06-25
PM09675,CUST00259,Credit Card,HDFC Bank,2014,true,2025-02-15
PM09676,CUST02304,UPI,GooglePay,3862,true,2025-05-30
PM09677,CUST05957,Debit Card,HDFC Bank,5780,true,2025-01-19
PM09678,CUST03061,Net Banking,SBI,2361,false,2025-06-29
PM09679,CUST08379,Credit Card,SBI,1147,false,2023-03-09
PM09680,CUST04320,Debit Card,HDFC Bank,6258,true,2024-06-01
PM09681,CUST05871,Debit Card,ICICI Bank,7263,false,2025-01-02
PM09682,CUST09316,Net Banking,SBI,7730,true,2023-12-05
PM09683,CUST05071,UPI,GooglePay,8623,false,2023-03-22
PM09684,CUST06947,UPI,PhonePe,6671,true,2023-11-02
PM09685,CUST03193,UPI,Paytm,2857,true,2024-04-23
PM09686,CUST05195,UPI,PhonePe,4325,true,2024-05-28
PM09687,CUST01056,UPI,BHIM,5448,true,2025-06-15
PM09688,CUST02838,UPI,GooglePay,7982,true,2023-05-20
PM09121,CUST07549,Debit Card,ICICI Bank,1719,true,2025-08-30
PM09690,CUST08289,Net Banking,HDFC Bank,,false,2025-01-31
PM09691,CUST05256,UPI,Paytm,7056,true,2024-07-27
PM09692,CUST04017,Debit Card,Axis Bank,2080,false,2025-03-10
PM09693,CUST02311,Credit Card,ICICI Bank,1212,true,2024-01-11
PM09694,CUST01308,UPI,GooglePay,2922,false,2023-08-19
PM09695,CUST01639,UPI,BHIM,7760,Yes,2025-04-23
PM09696,CUST02761,Net Banking,HDFC Bank,7038,true,2025-05-17
PM09697,CUST06465,Debit Card,HDFC Bank,4611,true,2023-05-03
PM09698,CUST04732,Debit Card,SBI,1037,true,2025-04-20
PM09699,CUST00398,UPI,Paytm,6928,true,2025-03-28
PM09700,CUST02520,UPI,PhonePe,0881,1,2025-04-07
PM09701,CUST03218,Credit Card,SBI,3210,false,2023-07-19
PM09702,CUST00649,UPI,Paytm,6357,true,2024-02-27
PM09703,CUST06231,Net Banking,ICICI Bank,7765,true,2024-08-16
PM09704,CUST02561,Credit Card,ICICI Bank,7278,true,2024-10-10
PM09705,CUST08496,UPI,Paytm,3476,true,2024-12-03
PM09706,CUST09505,Debit Card,ICICI Bank,7883,true,2025-07-19
PM09707,CUST04029,UPI,Paytm,7954,true,2025-07-03
PM09708,CUST05702,Credit Card,SBI,6936,true,2025-03-03
PM09709,CUST01693,UPI,BHIM,6135,false,2025-03-22
PM09710,CUST01270,Credit Card,HDFC Bank,3771,true,2025-04-02
PM09711,CUST00190,UPI,Paytm,5005,true,2024-09-15
PM09712,CUST09668,Debit Card,ICICI Bank,6172,true,2023-01-07
PM09713,CUST06018,Net Banking,ICICI Bank,2539,true,2025-06-11
PM09714,CUST01720,UPI,Paytm,5083,false,2024-11-10
PM09715,CUST06945,Credit Card,ICICI Bank,9926,true,2024-03-30
PM09716,CUST05552,Credit Card,SBI,3476,true,2023-01-24
PM09717,CUST00691,Credit Card,ICICI Bank,3580,true,2023-06-08
PM09718,CUST04745,UPI,PhonePe,5231,false,2024-12-09
PM09719,CUST06169,Debit Card,ICICI Bank,2142,false,2023-07-20
PM09720,CUST01617,UPI,BHIM,5789,false,2023-12-09
PM09721,CUST03892,Credit Card,SBI,3414,true,2024-08-10
PM09722,CUST00074,UPI,GooglePay,3663,true,2023-11-23
PM09723,CUST03392,UPI,BHIM,9946,true,2024-03-25
PM09724,CUST08457,Credit Card,ICICI Bank,0781,true,2024-08-30
PM09725,CUST07990,UPI,Paytm,4302,true,2024-05-07
PM09726,CUST02473,Credit Card,Axis Bank,4307,false,2024-09-10
PM09727,CUST02494,UPI,BHIM,6057,true,2025-06-28
PM09728,CUST01866,Net Banking,HDFC Bank,5433,true,2023-01-02
PM09729,CUST00047,UPI,,5746,false,2024-12-22
PM09730,CUST04048,Credit Card,SBI,3351,true,2025-08-30
PM09731,CUST00141,UPI,Paytm,0180,true,2024-03-18
PM09732,CUST08561,UPI,Paytm,0461,false,2024-10-18
PM09733,CUST09303,UPI,BHIM,0642,false,2024-11-01
PM09734,CUST00613,Debit Card,HDFC Bank,2925,true,2024-12-24
PM09735,CUST05145,Credit Card,SBI,1854,true,2025-07-26
PM09736,CUST04189,UPI,PhonePe,1214,false,2023-11-09
PM09737,CUST06174,UPI,GooglePay,8726,true,2024-02-06
PM01068,CUST05271,Debit Card,SBI,3242,true,2024-03-01
PM09739,CUST06897,UPI,PhonePe,6377,true,2023-06-01
PM09740,CUST09907,Credit Card,ICICI Bank,7231,false,2024-08-14
PM09741,CUST08223,UPI,GooglePay,8024,false,2023-01-09
PM09742,CUST00601,Net Banking,ICICI Bank,4955,true,2024-06-13
PM09743,CUST02237,Debit Card,Axis Bank,5625,false,2025-08-18
PM09744,CUST04361,Debit Card,Axis Bank,5742,false,2025-01-11
PM09745,CUST04071,UPI,Paytm,7539,true,2023-12-11
PM09746,CUST03985,Debit Card,Axis Bank,9973,true,2024-02-03
PM09747,CUST04638,UPI,Paytm,9219,false,2023-06-27
PM09748,CUST02542,UPI,PhonePe,7790,true,2024-09-22
PM09749,CUST06844,Credit Card,SBI,5408,false,2023-07-12
PM09750,CUST07228,UPI,GooglePay,5323,false,2024-05-30
PM09751,CUST04558,Net Banking,SBI,5791,true,2024-01-12
PM09752,CUST08644,Debit Card,ICICI Bank,5072,false,2025-06-17
PM09753,CUST02948,Credit Card,Axis Bank,1050,true,2025-02-14
PM09754,CUST01993,UPI,GooglePay,1971,false,2024-03-16
PM09755,CUST07964,Credit Card,SBI,2175,true,
PM09756,CUST04389,Net Banking,HDFC Bank,1922,,2025-06-22
PM09757,CUST03586,Net Banking,SBI,2915,false,2023-02-13
PM09758,CUST01163,Debit Card,Axis Bank,8792,false,2024-05-12
PM09759,CUST00099,Debit Card,HDFC Bank,5100,No,2025-04-17
PM09760,CUST09025,UPI,BHIM,0937,true,2025-05-28
PM09761,CUST04833,Credit Card,Axis Bank,0864,false,2025-03-22
PM09762,CUST00240,Net Banking,HDFC Bank,6161,false,2024-07-21
PM09763,CUST02174,Debit Card,ICICI Bank,8967,false,2025-02-07
PM09764,CUST01160,UPI,Paytm,3222,true,2024-12-26
PM09765,CUST08839,Credit Card,ICICI Bank,0967,false,2023-11-06
PM09766,CUST00864,Credit Card,HDFC Bank,6769,true,2024-03-31
PM09767,CUST04834,UPI,PhonePe,8250,true,2025-07-05
PM09768,CUST02768,Debit Card,ICICI Bank,5032,true,2023-06-08
PM09769,CUST09287,Credit Card,SBI,6863,true,2023-08-04
PM09770,,Credit Card,SBI,8347,true,2023-09-01
PM09771,CUST04410,Debit Card,ICICI Bank,2976,true,2024-04-28
PM09772,CUST01610,Credit Card,Axis Bank,3002,true,2024-04-15
PM09773,CUST05760,UPI,BHIM,7169,true,2023-01-28
PM09774,CUST00268,Credit Card,Axis Bank,0109,true,2024-07-09
PM09775,CUST09230,Credit Card,ICICI Bank,5215,true,2025-04-29
PM09776,CUST02214,Debit Card,ICICI Bank,6012,true,2025-09-02
PM09777,CUST02612,Debit Card,Axis Bank,2636,true,2023-06-22
PM09778,CUST04474,Net Banking,ICICI Bank,9458,true,2023-04-04
PM09779,CUST02693,Credit Card,ICICI Bank,3046,true,2025-08-13
PM09780,CUST04813,Debit Card,SBI,9553,false,2024-02-01
PM09781,CUST00565,Debit Card,HDFC Bank,9361,true,2025-05-02
PM09782,CUST01118,Net Banking,SBI,8391,false,2024-10-22
PM09783,CUST07137,Credit Card,HDFC Bank,9893,true,2023-07-23
PM09784,CUST03010,UPI,Paytm,6415,true,2023-03-17
PM09785,CUST07258,Credit Card,SBI,0876,true,2025-08-01
PM09786,CUST09901,UPI,GooglePay,4853,true,2023-08-19
PM09787,CUST01746,Credit Card,SBI,0580,false,2024-03-18
PM06004,CUST01454,Credit Card,ICICI Bank,3658,true,2024-04-02
PM09789,CUST01168,Credit Card,ICICI Bank,4978,false,2025-05-07
PM09790,CUST05090,Debit Card,Axis Bank,3854,false,2024-04-07
PM09791,CUST01135,UPI,Paytm,5557,true,2025-03-18
PM09792,CUST06253,Net Banking,ICICI Bank,3165,false,2025-04-04
PM09793,CUST04208,UPI,PhonePe,1147,true,2024-08-04
PM09794,CUST06890,Credit Card,HDFC Bank,1942,true,2023-04-23
PM09795,CUST04808,Credit Card,HDFC Bank,7507,true,2024-01-30
PM09796,CUST09772,Credit Card,HDFC Bank,2911,true,2023-02-10
PM09797,CUST01562,Net Banking,HDFC Bank,8767,true,2025-07-01
PM09798,CUST09123,UPI,PhonePe,7724,true,2024-09-24
PM09799,CUST05147,UPI,GooglePay,0695,false,2024-06-12
PM09800,CUST00181,UPI,Paytm,4846,false,2024-09-25
PM09801,CUST05472,Debit Card,SBI,7921,true,2025-01-03
PM09802,CUST04370,UPI,BHIM,0395,true,2025-06-07
PM09803,CUST02809,Credit Card,HDFC Bank,2988,true,2024-03-01
PM09804,CUST01675,UPI,BHIM,7285,true,2023-05-22
PM09805,CUST09432,Credit Card,HDFC Bank,5145,true,2023-10-02
PM09806,CUST04307,Debit Card,SBI,1566,false,2025-03-13
PM09807,CUST06622,Debit Card,Axis Bank,8495,true,2023-02-27
PM09808,CUST09205,UPI,GooglePay,5838,false,2023-03-14
PM09809,CUST04155,Debit Card,ICICI Bank,5074,true,2024-10-04
PM09810,CUST05062,Net Banking,HDFC Bank,8940,false,2023-08-11
PM09811,CUST04399,Debit Card,HDFC Bank,2325,true,2024-06-16
PM09812,CUST00860,UPI,Paytm,1892,false,2024-11-10
PM09813,CUST01109,UPI,PhonePe,8358,false,2024-04-28
PM09814,CUST00450,Credit Card,HDFC Bank,3612,true,2023-07-06
PM09815,CUST06436,UPI,Paytm,5429,true,2023-05-28
PM09816,CUST02123,UPI,PhonePe,2086,true,2024-04-10
PM09817,CUST02933,UPI,BHIM,1274,true,2024-02-24
PM09818,CUST07093,Net Banking,ICICI Bank,2005,false,2024-08-28
PM09819,CUST03270,UPI,Paytm,0302,true,2025-01-15
PM09820,CUST04298,UPI,PhonePe,4154,,2025-01-12
PM09821,CUST01733,UPI,Paytm,4184,true,2023-01-21
PM09822,CUST05499,Debit Card,SBI,2956,true,2023-06-05
PM09823,CUST01266,UPI,Paytm,0858,true,2025-06-15
PM09824,CUST02402,Credit Card,Axis Bank,3778,true,2024-02-09
PM09825,CUST04476,UPI,Paytm,9140,true,2023-03-02
PM09826,CUST01015,UPI,PhonePe,6838,true,2025-05-05
PM09827,CUST09537,Credit Card,ICICI Bank,6870,true,2025-03-14
PM09828,CUST05897,UPI,,8188,true,2025-08-06
PM09829,CUST03151,Net Banking,HDFC Bank,,true,2025-01-13
PM09830,CUST02958,UPI,PhonePe,9251,false,
PM09831,CUST02530,UPI,Paytm,2356,true,2024-11-25
PM09832,CUST06861,UPI,PhonePe,1774,false,2023-02-17
PM09833,CUST07730,Debit Card,,8376,true,2025-02-24
PM09834,CUST05459,UPI,GooglePay,3790,true,2023-09-09
PM09835,CUST06714,UPI,GooglePay,2033,true,2023-12-03
PM09836,CUST02027,UPI,Paytm,7879,false,2025-06-11
PM09837,CUST08244,,ICICI Bank,1042,true,2025-03-20
PM09838,CUST02339,Debit Card,SBI,7065,false,2023-06-16
PM09839,CUST02734,UPI,GooglePay,5182,true,2024-06-27
PM09840,CUST00952,UPI,PhonePe,8424,Yes,2025-04-20
PM09841,CUST06337,UPI,Paytm,0351,false,2024-10-02
PM09842,CUST06203,UPI,PhonePe,3510,true,2025-01-03
PM09843,CUST05645,Debit Card,ICICI Bank,6239,false,2025-08-15
PM09844,CUST02161,Debit Card,ICICI Bank,1448,true,2025-07-12
PM09845,CUST04244,UPI,Paytm,9712,true,2024-08-21
PM09846,CUST09444,Debit Card,Axis Bank,7111,true,2025-06-23
PM09847,CUST02684,Credit Card,ICICI Bank,9421,true,2024-06-09
PM09848,CUST00587,Credit Card,Axis Bank,6717,true,2023-08-03
PM09849,CUST01510,Credit Card,Axis Bank,5168,false,2024-12-01
PM09850,CUST09098,Debit Card,ICICI Bank,1339,true,2024-05-12
PM09851,CUST06001,UPI,PhonePe,3703,true,2024-11-13
PM09852,CUST01253,Net Banking,HDFC Bank,8477,true,2025-01-23
PM09853,CUST00891,Debit Card,SBI,5273,true,
PM09854,CUST02643,Net Banking,SBI,4909,true,2025-05-06
PM09855,CUST03324,Credit Card,SBI,8055,false,2023-09-08
PM09856,CUST00768,Credit Card,SBI,5607,true,2023-05-24
PM09857,CUST04976,Credit Card,ICICI Bank,9392,true,2023-08-31
PM09858,CUST05015,UPI,BHIM,0510,true,2024-11-27
PM09859,CUST06028,Net Banking,HDFC Bank,4087,true,2023-01-23
PM09860,CUST04411,UPI,GooglePay,7514,true,2024-12-26
PM09861,CUST03012,UPI,PhonePe,6149,Yes,2025-07-28
PM09862,CUST01825,UPI,PhonePe,4605,true,2025-09-02
PM09863,CUST06853,Credit Card,,3556,false,2023-04-25
PM09864,CUST00206,UPI,Paytm,3627,true,2024-01-10
PM09865,CUST02941,UPI,Paytm,3218,true,2024-11-19
PM09866,CUST08160,UPI,BHIM,5514,true,2023-05-19
PM09867,CUST01137,Debit Card,HDFC Bank,8181,true,2024-06-26
PM09868,CUST09768,Debit Card,SBI,0295,true,2025-02-09
PM09869,CUST03599,Net Banking,SBI,8983,true,2024-12-13
PM09870,CUST06178,UPI,GooglePay,6102,false,2025-03-20
PM09871,CUST01399,UPI,PhonePe,2351,true,2023-07-24
PM09872,CUST01033,Debit Card,SBI,7265,true,2024-10-14
PM09873,CUST01015,UPI,BHIM,5545,true,2025-04-10
PM09874,CUST06067,UPI,Paytm,2389,true,2024-05-07
PM09875,,Credit Card,HDFC Bank,2877,true,2024-12-18
PM09876,CUST07390,UPI,Paytm,3571,false,2024-06-09
PM09877,CUST01399,UPI,PhonePe,9593,true,2023-07-16
PM09878,CUST08504,Credit Card,HDFC Bank,6416,false,2025-09-10
PM09879,CUST04979,UPI,PhonePe,5890,true,2024-09-21
PM09880,CUST03404,Debit Card,Axis Bank,2726,true,2024-08-14
PM09881,CUST02770,UPI,BHIM,6444,true,2023-01-28
PM09882,CUST05628,Net Banking,SBI,2894,false,2024-10-23
PM09883,CUST04528,Debit Card,,2276,true,2024-10-23
PM09884,CUST08080,Net Banking,SBI,5813,true,2024-08-09
PM09885,CUST06805,UPI,Paytm,3994,false,2023-03-18
PM09886,CUST02053,UPI,PhonePe,1647,true,
PM09887,CUST04259,UPI,BHIM,8731,true,2023-09-03
PM09888,CUST09006,Credit Card,ICICI Bank,5654,true,2025-04-09
PM09889,CUST06532,UPI,BHIM,9201,true,2023-08-03
PM09890,CUST02591,UPI,PhonePe,8086,false,2024-03-22
PM09891,CUST02346,UPI,BHIM,0702,true,2024-01-09
PM09892,CUST05641,Credit Card,ICICI Bank,0244,true,2024-12-10
PM09893,CUST08537,Net Banking,HDFC Bank,5261,true,2025-08-24
PM09894,,Credit Card,Axis Bank,0292,true,2023-09-18
,CUST07543,UPI,Paytm,4552,true,2023-07-03
PM09896,CUST01272,UPI,GooglePay,7069,true,2024-02-24
PM09897,CUST00627,UPI,GooglePay,0444,true,2025-04-03
PM09898,CUST01452,UPI,Paytm,3874,true,2025-04-15
PM09899,CUST07710,UPI,BHIM,0583,true,2024-10-20
PM09900,,Debit Card,Axis Bank,1637,true,2025-06-24
PM09901,CUST03670,Debit Card,HDFC Bank,1393,true,2024-04-16
PM09902,CUST07665,Debit Card,HDFC Bank,,true,2023-04-09
PM09903,CUST07820,Debit Card,SBI,,true,2024-08-18
PM09904,CUST07557,Debit Card,ICICI Bank,8452,true,2025-01-26
PM09905,CUST03235,UPI,BHIM,0868,Yes,2023-11-08
PM09906,CUST04504,Debit Card,HDFC Bank,1969,true,2024-06-27
PM09907,CUST07629,Credit Card,ICICI Bank,6580,false,2023-03-31
PM09908,CUST04882,UPI,Paytm,3004,true,2024-08-01
PM03595,CUST05809,UPI,BHIM,9512,true,2023-02-07
PM09910,CUST04133,UPI,PhonePe,9307,true,2024-06-02
PM09911,CUST09063,UPI,Paytm,6281,true,2025-08-17
PM09912,CUST03077,Debit Card,Axis Bank,3839,true,2024-08-13
PM09913,CUST02298,UPI,BHIM,4987,false,2024-05-26
PM09914,CUST01285,UPI,GooglePay,2369,false,2025-01-30
PM09915,CUST06106,Credit Card,Axis Bank,6177,true,2023-04-20
PM09916,CUST02588,UPI,PhonePe,4335,true,2023-09-24
PM09917,CUST04253,Debit Card,HDFC Bank,0549,true,2024-05-09
PM09918,CUST03139,UPI,BHIM,2527,true,2023-11-05
PM09919,CUST03021,Debit Card,ICICI Bank,8650,true,2024-03-26
PM09920,CUST01396,UPI,Paytm,9557,true,2024-07-12
PM09921,CUST02009,Debit Card,HDFC Bank,9250,true,2025-03-22
PM09922,CUST07475,Credit Card,ICICI Bank,7016,true,2023-10-09
PM09923,CUST09033,UPI,BHIM,4492,true,2025-05-26
PM09924,CUST09142,Credit Card,ICICI Bank,3953,true,2025-09-03
PM09925,,Net Banking,SBI,8400,true,2024-12-31
PM02567,CUST03450,Credit Card,HDFC Bank,3677,true,2025-08-02
PM09927,CUST08371,Credit Card,HDFC Bank,4460,true,2023-12-08
PM09928,CUST06049,UPI,Paytm,9230,true,2023-06-17
PM09929,CUST00420,Credit Card,ICICI Bank,1910,true,2024-05-18
PM09930,CUST07252,Credit Card,Axis Bank,0783,No,2025-03-05
PM09931,CUST02153,UPI,PhonePe,0605,true,2024-06-16
PM09932,CUST02018,Credit Card,ICICI Bank,1259,true,2023-12-21
PM09933,CUST08889,Credit Card,Axis Bank,4042,true,2023-09-23
PM09934,CUST07124,Net Banking,SBI,6566,false,2023-09-26
PM09935,CUST02345,Net Banking,SBI,6808,true,2025-02-01
PM09936,CUST04815,UPI,PhonePe,6508,true,2025-06-14
PM09937,CUST08990,Debit Card,HDFC Bank,8150,true,2024-07-06
PM09938,CUST04721,UPI,Paytm,0740,false,2023-09-07
PM09939,CUST08685,Credit Card,HDFC Bank,8511,false,2023-09-26
PM09940,CUST05082,UPI,Paytm,9021,true,2024-02-07
PM09941,CUST05626,UPI,PhonePe,3694,true,2025-03-29
PM09942,CUST05838,Debit Card,Axis Bank,0878,true,2025-08-07
PM09943,CUST02502,Debit Card,ICICI Bank,0827,true,2023-12-05
PM09944,CUST02765,Debit Card,Axis Bank,5543,false,2025-06-07
PM09945,CUST09376,Credit Card,SBI,7396,true,2024-10-02
PM09946,CUST08711,Debit Card,HDFC Bank,7627,false,2025-01-06
,CUST01685,Net Banking,ICICI Bank,6092,false,2025-09-20
PM09948,CUST09487,UPI,Paytm,1653,true,2025-05-11
PM09949,CUST08593,Credit Card,HDFC Bank,1628,false,2025-05-23
PM09950,,Credit Card,SBI,2332,true,2023-12-06
PM09951,CUST02912,Debit Card,Axis Bank,9453,true,2023-08-07
PM09952,CUST05224,UPI,PhonePe,1188,true,2023-08-29
PM09953,CUST06752,Credit Card,SBI,6746,true,2024-10-15
PM09954,CUST01914,Debit Card,HDFC Bank,3180,true,2024-06-27
PM09955,CUST01964,UPI,GooglePay,6313,true,2023-03-20
PM09956,CUST02508,UPI,PhonePe,7656,true,2025-01-23
PM09957,CUST09346,Credit Card,Axis Bank,1232,true,2024-05-14
PM09958,CUST09658,Debit Card,Axis Bank,4656,true,2025-07-05
PM09959,CUST08884,Debit Card,HDFC Bank,9536,false,2024-01-15
PM09960,CUST07192,Credit Card,SBI,5401,false,2024-11-24
PM09961,CUST02273,UPI,GooglePay,7190,true,2024-06-05
PM09962,CUST08455,UPI,GooglePay,1355,true,2024-12-04
PM09963,CUST09097,Credit Card,ICICI Bank,7223,true,2023-01-07
PM09964,CUST02054,Debit Card,HDFC Bank,7880,true,2024-08-30
PM09965,CUST01070,UPI,Paytm,5709,false,2025-08-21
PM09966,CUST00753,UPI,GooglePay,5540,true,2023-03-26
PM09967,CUST00322,Debit Card,HDFC Bank,8473,true,2024-10-12
PM09968,CUST03967,Debit Card,HDFC Bank,9850,true,2025-01-28
PM09969,CUST07892,Net Banking,HDFC Bank,8616,false,2024-06-08
PM09970,CUST05778,Credit Card,HDFC Bank,,false,2025-02-13
PM09971,CUST07362,Debit Card,SBI,1273,true,2024-05-23
PM09972,CUST04281,UPI,BHIM,8159,true,2024-09-06
PM09973,CUST05674,UPI,BHIM,9054,true,2023-11-23
PM09974,CUST05373,UPI,BHIM,9447,true,2023-09-28
PM09975,CUST03006,UPI,PhonePe,8833,true,2024-08-25
PM09976,CUST03689,UPI,GooglePay,1220,true,2023-07-08
PM09977,CUST04615,Credit Card,HDFC Bank,8571,true,2023-05-02
PM09978,CUST05670,Net Banking,HDFC Bank,7559,true,2024-08-07
PM09979,CUST03541,Credit Card,ICICI Bank,6305,true,2023-01-08
PM09980,CUST07972,Credit Card,HDFC Bank,1998,true,2024-08-16
PM09981,CUST01834,Credit Card,ICICI Bank,6602,true,2024-02-06
PM09982,CUST01610,UPI,GooglePay,9837,true,2024-07-15
PM09983,CUST00923,UPI,GooglePay,8289,true,2024-08-29
PM09984,CUST06834,UPI,BHIM,8632,true,2023-03-04
PM09985,CUST01451,Debit Card,ICICI Bank,9780,true,2023-09-17
PM09986,CUST03347,Credit Card,ICICI Bank,7721,false,2025-05-19
PM09987,CUST09176,UPI,PhonePe,7902,true,2023-05-12
PM09988,CUST03678,Credit Card,ICICI Bank,2064,true,2025-03-04
PM09989,CUST06581,UPI,Paytm,5788,false,2023-05-20
PM09990,CUST01535,Debit Card,Axis Bank,7450,true,2024-07-18
PM09991,CUST08107,Credit Card,ICICI Bank,8092,true,2023-05-21
PM09992,CUST09595,UPI,GooglePay,0741,true,2025-03-17
PM09993,CUST08425,UPI,Paytm,2398,true,2024-07-03
PM09994,CUST08065,Debit Card,SBI,9629,false,2023-12-25
PM09995,CUST06914,Credit Card,ICICI Bank,4338,true,2024-03-17
PM09996,CUST04949,UPI,GooglePay,4440,true,2025-09-14
PM09997,CUST09015,UPI,BHIM,0040,false,2025-08-01
PM09998,CUST03382,Net Banking,SBI,8818,true,2023-02-08
PM09999,CUST07246,UPI,PhonePe,,false,2024-01-19
PM10000,CUST02892,Credit Card,Axis Bank,7475,FALSE,2024-07-12
