refund_id,transaction_id,customer_id,merchant_id,refund_date,refund_amount,refund_reason,refund_status
REF000001,TXN000710,CUST02260,MER02950,2024-07-29 14:05:42,3721.44,Customer Request,Completed
REF000002,TXN002239,CUST04596,MER07777,2024-03-28 04:51:38,14570.94,Duplicate Transaction,Completed
REF000003,TXN006986,CUST07006,MER00616,2024-10-24 18:51:08,71378.5,Customer Request,Completed
REF000004,TXN008160,CUST02398,MER07942,2024-07-25 19:11:08,17081.9,Order Cancelled,Pending
REF000005,TXN006778,CUST06724,MER00917,2024-07-18 00:03:19,404.74,Duplicate Transaction,Completed
REF000006,TXN009490,CUST04031,MER08860,2024-08-24 06:10:21,348.16,Duplicate Transaction,Completed
REF000007,TXN007352,CUST06948,MER04602,2024-12-24 01:08:43,40372.99,Duplicate Transaction,Completed
REF000008,TXN001846,CUST02592,MER00416,2024-12-16 06:32:59,6813.9,Duplicate Transaction,Completed
REF000009,TXN000883,CUST05369,MER00108,2024-08-01 06:00:23,6097.95,Product Returned,Completed
REF000010,TXN004917,CUST08130,MER01237,2024-08-28 13:11:01,7812.44,Booking Cancelled,Completed
REF000011,TXN000441,CUST03044,MER01708,2024-07-14 00:14:23,34540.02,Duplicate Transaction,Completed
REF000012,TXN003478,CUST08115,MER06198,,98.62,Duplicate Transaction,Completed
REF000013,TXN006417,CUST07849,MER01636,2024-11-13 04:18:52,17584.0,Product Returned,Pending
REF000014,TXN001470,CUST08845,MER03094,2024-10-28 08:59:20,873.98,Order Cancelled,Completed
REF000015,TXN009455,,MER03567,2024-01-25 21:36:56,3639.49,Customer Request,Completed
REF000016,TXN006110,CUST02730,UNKNOWN,2024-06-30 09:47:09,1436.1,Order Cancelled,Completed
REF000017,TXN009695,CUST07009,MER03928,2024-06-23 02:33:12,44455.46,Duplicate Transaction,Completed
REF000018,TXN000689,CUST08286,MER06423,2024-04-12 16:52:36,80591.92,Duplicate Transaction,Completed
REF000019,TXN007598,CUST00283,MER05866,2024-09-12 17:18:16,1984.3,Customer Request,Rejected
REF000020,TXN002703,CUST09836,MER00694,2024-06-16 20:14:14,54399.51,Booking Cancelled,Completed
REF000021,TXN007103,CUST09804,MER03859,2024-01-23 05:25:39,104204.24,Booking Cancelled,Pending
REF000022,TXN003642,CUST01117,MER01417,2024-07-14 11:09:49,235.22,Customer Request,Completed
REF000023,,CUST00819,MER03321,2025-01-14 23:09:51,1739.52,Booking Cancelled,Rejected
REF000024,TXN008192,CUST07110,UNKNOWN,2024-10-10 06:43:17,351.54,Product Returned,Completed
REF000025,TXN008090,CUST04816,MER07960,2024-12-14 19:28:40,14769.14,Booking Cancelled,Completed
,TXN003285,CUST03463,MER04692,2024-09-06 06:47:15,191.11,Order Cancelled,Pending
REF000027,TXN000558,CUST04507,MER00592,2024-02-12 00:50:21,50089.91,Customer Request,Completed
REF000028,TXN009740,CUST09458,MER07483,2024-04-12 05:24:04,14273.68,Customer Request,Completed
REF000029,TXN004527,CUST08705,MER02217,2024-12-26 19:32:05,307.31,Booking Cancelled,Completed
REF000030,TXN001679,CUST00916,MER08148,2024-04-22 06:24:06,12085.78,Booking Cancelled,Completed
REF000031,TXN000125,CUST09789,MER07179,2024-03-10 08:31:28,136.47,Customer Request,Completed
REF000032,TXN009164,CUST05143,MER03008,2024-03-23 00:15:46,449.16,Duplicate Transaction,Completed
REF000033,TXN001273,CUST07275,MER05995,2024-06-14 10:47:00,45277.4,Order Cancelled,Pending
REF000034,TXN000475,CUST01323,MER07810,2024-09-27 09:29:57,28255.47,Order Cancelled,Completed
REF000035,TXN004212,CUST04778,MER03459,2024-04-19 04:35:45,117738.28,Order Cancelled,Completed
REF000036,TXN006500,CUST05359,MER06960,2024-08-11 17:14:24,6671.54,,Completed
REF000037,TXN004189,CUST08516,MER02338,2024-10-21 21:38:06,24496.5,Duplicate Transaction,Pending
REF000038,TXN006577,CUST09513,,2024-06-25 04:30:41,1217.88,Duplicate Transaction,Completed
REF000039,TXN009744,CUST01557,MER04700,2024-11-04 20:06:31,,Customer Request,Completed
REF000040,TXN003554,CUST00776,MER09498,2024-02-23 12:51:57,1956.66,Booking Cancelled,Completed
REF000041,TXN001790,CUST02293,MER01105,2024-11-23 21:19:07,63026.16,Duplicate Transaction,Completed
REF000042,TXN007036,CUST06808,MER03096,2024-02-21 22:34:23,668.1,Order Cancelled,Completed
REF000043,TXN009945,CUST04760,MER05675,2024-09-07 13:59:24,3679.44,Product Returned,Pending
REF000044,TXN008391,CUST08691,MER03151,2024-04-30 10:44:58,4553.34,Order Cancelled,Pending
REF000045,TXN008524,CUST09722,MER07835,2024-11-12 06:06:34,1480.73,,Completed
REF000046,TXN009288,CUST07961,,2024-05-18 11:54:38,10907.72,Product Returned,Completed
REF000047,TXN008696,CUST06848,MER06872,2024-09-17 07:49:17,16936.52,Booking Cancelled,Completed
REF000048,TXN007614,CUST09747,MER09521,2024-08-02 00:37:25,14536.78,Duplicate Transaction,Completed
REF000049,TXN008613,CUST07645,MER06428,2024-09-11 23:56:27,2337.56,Order Cancelled,Completed
REF000050,TXN007951,CUST01773,MER09497,2024-02-19 05:42:53,590.5,Duplicate Transaction,
REF000051,TXN004305,CUST07385,MER04131,2024-03-31 01:51:20,1851.75,Order Cancelled,Completed
REF000052,TXN001178,,MER07348,2024-02-02 23:28:23,812.06,Booking Cancelled,Completed
REF000053,TXN008791,CUST08839,MER05743,2024-05-05 16:34:12,68277.89,Booking Cancelled,Completed
REF000054,TXN006101,CUST01926,MER06128,2024-03-23 19:47:12,1224.49,Duplicate Transaction,Pending
REF000055,TXN000595,CUST01693,MER01904,2024-11-26 22:33:06,193.42,Product Returned,Rejected
REF000056,TXN006094,CUST06206,MER05928,2024-07-27 09:27:36,1990.73,Booking Cancelled,Completed
REF000057,TXN000601,CUST09739,MER09318,2024-03-06 11:24:41,19720.6,Customer Request,Completed
REF000058,TXN008366,CUST01689,MER01026,2024-06-25 14:43:35,23832.64,Booking Cancelled,Completed
REF000059,TXN004616,CUST07957,MER04850,2024-12-19 03:19:41,1145.2,Order Cancelled,Completed
REF000060,TXN007687,CUST04958,MER05749,2024-04-23 20:22:18,43804.55,Order Cancelled,Completed
REF000061,TXN005129,CUST04396,MER04344,2024-06-09 21:13:43,6451.56,Booking Cancelled,Rejected
REF000062,TXN005809,CUST06711,MER05543,2024-03-25 22:03:00,795.78,Order Cancelled,Pending
REF000063,TXN000562,CUST09471,MER01035,2024-11-23 14:12:10,57001.83,Product Returned,Pending
REF000064,TXN000811,CUST04180,MER01547,2024-10-11 20:27:59,,Booking Cancelled,Pending
REF000065,TXN005599,CUST06267,MER07672,2024-05-06 03:16:37,5872.69,Order Cancelled,Completed
REF000066,TXN004025,CUST09803,MER06850,2024-10-09 17:09:22,1462.74,Order Cancelled,Pending
REF000067,TXN000407,CUST04106,MER01698,2024-09-18 18:53:22,9233.42,Product Returned,Completed
REF000068,TXN004267,CUST01353,MER03618,2024-09-23 05:43:27,47384.28,Customer Request,Pending
REF000069,TXN002017,CUST00120,MER02598,2024-05-23 09:30:38,17670.53,Order Cancelled,Completed
REF000070,TXN004114,CUST08920,MER00204,2024-03-15 17:36:38,4011.95,Order Cancelled,Pending
REF000071,TXN003069,CUST07502,MER00152,2024-09-13 23:43:06,28825.07,Duplicate Transaction,Completed
REF000072,TXN001515,CUST09401,MER07220,2024-06-15 09:40:00,17451.13,Order Cancelled,Completed
REF000073,TXN002584,CUST03642,MER03940,2024-01-24 18:00:41,41774.36,Duplicate Transaction,Completed
REF000074,TXN009705,CUST09153,,2024-09-07 16:59:56,17367.48,Product Returned,Pending
REF000075,TXN004950,CUST09720,MER00681,2024-06-17 18:56:52,3275.18,Duplicate Transaction,Completed
REF000076,TXN000419,CUST01920,MER02250,2024-07-29 22:25:33,24913.88,Customer Request,Pending
REF000077,TXN004631,CUST09860,,2024-07-07 03:34:34,1294.48,Booking Cancelled,Completed
REF000078,TXN000634,CUST00169,MER06008,2024-05-18 12:33:52,3452.17,Product Returned,Completed
REF000079,TXN001494,CUST00431,MER05473,2024-09-28 01:28:52,16203.11,Order Cancelled,Completed
REF000080,TXN005053,CUST01110,MER06699,2024-11-27 01:43:21,5470.25,Booking Cancelled,Completed
REF000081,TXN000278,CUST07258,MER04526,2024-06-17 03:59:33,967.31,Order Cancelled,Completed
REF000082,TXN001846,CUST02592,MER00416,2024-11-29 06:32:59,32706.7,Booking Cancelled,Completed
REF000083,TXN003605,CUST05232,MER09257,2024-12-03 10:17:49,14390.5,Booking Cancelled,Completed
REF000084,TXN005106,CUST08572,MER03331,2024-06-21 13:28:57,76229.48,Product Returned,Completed
REF000085,TXN008932,CUST09512,MER02330,2025-01-16 22:42:37,83946.41,Booking Cancelled,Pending
REF000086,TXN005284,CUST04052,MER06755,2024-04-16 01:07:53,6582.58,Booking Cancelled,Completed
REF000087,TXN007253,CUST07239,MER06744,,5717.33,Product Returned,Completed
REF000088,TXN007869,CUST00968,MER02162,2024-11-05 02:22:10,2994.09,Booking Cancelled,Pending
REF000089,TXN005454,CUST00800,MER06765,2024-08-28 17:38:50,44441.52,Duplicate Transaction,Completed
REF000090,TXN008815,CUST09744,MER09013,2024-05-19 08:51:13,230.23,Customer Request,Completed
REF000091,TXN000843,CUST06985,MER04832,2024-09-18 15:57:34,21188.28,Product Returned,Pending
REF000092,TXN006712,CUST06650,MER05703,2024-09-13 03:43:05,116197.69,Product Returned,Completed
REF000093,TXN001445,CUST08062,MER03240,31/08/2024,196.39,Customer Request,Completed
REF000094,TXN003363,CUST09925,MER09464,2024-04-05 23:54:04,,Booking Cancelled,Completed
REF000095,TXN004334,CUST05287,MER08106,2024-07-01 02:13:09,58786.8,Booking Cancelled,Pending
REF005335,TXN006401,,MER01263,2024-11-17 02:40:51,12668.18,Duplicate Transaction,Completed
REF000097,TXN004930,CUST06912,MER07626,2024-08-07 18:13:14,12455.55,Duplicate Transaction,Pending
REF000098,TXN005869,CUST05443,MER02718,2024-01-28 13:00:08,11224.74,Customer Request,Pending
REF000099,TXN005170,CUST07711,MER01907,2024-11-19 12:23:57,1614.02,Booking Cancelled,Completed
REF000100,TXN007472,CUST08894,MER00269,2024-08-10 01:21:44,97685.89,Order Cancelled,Completed
REF000101,TXN006713,CUST01125,MER00098,2024-03-02 18:35:54,4589.77,Order Cancelled,Completed
REF000102,TXN007957,CUST05768,MER02002,2024-06-07 09:40:01,42566.88,Booking Cancelled,Completed
REF000103,TXN006798,CUST05712,MER01056,2024-09-04 17:44:54,275.68,Booking Cancelled,Completed
REF000104,TXN007543,CUST03703,MER06080,2024-08-31 06:15:26,1390.88,Customer Request,Completed
REF000105,TXN006256,CUST03896,MER03729,2024-02-27 09:54:00,814.87,Product Returned,Pending
REF000106,TXN008926,CUST00288,MER00863,2024-03-29 18:40:33,20519.26,Order Cancelled,Pending
REF000107,TXN006660,CUST05958,MER02829,2024-07-15 20:38:45,1539.03,Customer Request,Completed
REF000108,TXN002058,CUST03221,MER07882,2024-12-02 07:50:56,926.83,Order Cancelled,Pending
REF000109,TXN003626,CUST04254,MER04386,2024-06-25 22:54:22,397.82,Customer Request,Completed
REF000110,TXN004369,CUST09857,MER04847,2024-03-19 13:04:00,43555.13,Customer Request,Pending
REF000111,TXN001467,CUST05295,MER06232,2024-10-06 19:15:35,66546.67,Order Cancelled,Rejected
REF000112,TXN001174,CUST02046,MER05701,2024-06-07 14:59:44,61552.3,Customer Request,Completed
REF000113,TXN007836,CUST01101,MER03326,2024-08-21 14:09:45,363.23,Product Returned,Completed
REF000114,TXN009936,CUST08238,MER03612,2024-10-25 13:25:20,54741.64,Product Returned,Completed
REF000115,TXN009031,CUST07930,MER07540,2024-01-26 16:05:59,2297.02,Booking Cancelled,Pending
REF000116,TXN000657,CUST01369,MER07294,2024-04-22 19:55:13,85621.23,Booking Cancelled,Rejected
REF000117,TXN002829,CUST09578,MER05354,2024-10-13 03:34:01,57158.35,Product Returned,Completed
REF000118,TXN002645,CUST07669,MER05416,2024-03-10 10:47:29,10291.16,Customer Request,Pending
REF000119,TXN000793,,MER03456,2024-03-10 23:32:34,157.11,,Completed
REF000120,TXN001759,CUST04057,MER04902,2024-09-13 18:35:04,475.06,Order Cancelled,Completed
REF000121,TXN001536,CUST04486,MER00777,2024-05-11 11:54:29,21944.06,Order Cancelled,Completed
REF000122,,CUST04058,MER02719,2024-06-19 15:30:22,10512.08,Customer Request,Rejected
REF000123,TXN002874,CUST03851,MER06109,2024-06-19 05:13:15,19630.87,Duplicate Transaction,Completed
REF000124,TXN008156,CUST03796,MER04174,2024-07-01 02:54:39,960.71,Customer Request,Rejected
REF000125,TXN006426,CUST06905,MER01027,2024-05-16 20:02:21,21866.04,Customer Request,Pending
REF000126,TXN005302,CUST02044,MER05857,30/03/2024,522.48,Order Cancelled,Rejected
REF000127,TXN002500,CUST07001,MER01893,2024-01-15 05:09:08,5330.2,Booking Cancelled,Completed
REF000128,TXN009719,CUST04345,MER06561,2024-05-06 21:03:17,17891.48,Duplicate Transaction,Completed
REF000129,TXN009334,CUST02231,MER05394,2024-11-01 07:06:47,16060.04,Booking Cancelled,Completed
REF000130,TXN003077,CUST07369,MER05405,2024-03-07 02:05:22,1582.43,Customer Request,Rejected
REF000131,TXN002928,CUST01247,MER02724,2024-04-18 14:45:43,1144.27,Duplicate Transaction,Completed
REF000132,TXN005526,CUST07054,MER03012,2024-12-06 05:44:01,28.44,Duplicate Transaction,Completed
REF000133,TXN006334,CUST07116,MER04690,2024-10-18 00:58:28,19174.92,,Pending
REF000134,TXN005497,CUST05604,MER06869,2024-12-21 11:47:16,1974.43,Duplicate Transaction,Completed
REF000135,TXN004851,CUST09415,MER00769,,2189.81,Duplicate Transaction,Completed
REF000136,,CUST09393,MER00276,2024-07-28 17:26:00,8170.22,Order Cancelled,Completed
REF000137,TXN007676,CUST00376,MER04716,2024-11-09 08:54:33,22601.02,Duplicate Transaction,Completed
REF000138,TXN006189,CUST01655,MER09953,2024-04-30 17:23:30,11705.34,Duplicate Transaction,Completed
REF000139,TXN002732,CUST06883,MER03394,2024-04-25 02:12:12,593.16,Order Cancelled,Completed
REF000140,TXN007699,CUST01733,MER06395,2024-10-22 23:20:07,6471.62,Duplicate Transaction,Completed
REF000141,TXN007004,CUST08053,MER03917,2024-03-13 05:52:34,62928.28,Product Returned,Completed
REF000142,TXN009647,CUST06520,MER03436,2024-05-03 07:08:13,63312.91,Product Returned,Completed
REF000143,TXN003318,CUST05660,MER00793,2024-12-01 08:55:22,404.66,Product Returned,Completed
REF000144,TXN006231,UNKNOWN,MER05308,2024-06-08 14:20:40,unknown,Booking Cancelled,Pending
REF000145,TXN007040,CUST07280,MER05063,2024-08-31 10:02:17,78258.91,Duplicate Transaction,Completed
REF000146,TXN002249,CUST06111,MER06235,2024-10-13 09:11:34,71324.16,Product Returned,Pending
REF000147,TXN000835,CUST01841,MER09451,2025-01-06 17:14:45,67976.97,Duplicate Transaction,Completed
REF000148,TXN004987,CUST09067,MER04241,2024-06-27 14:46:48,71204.77,Product Returned,Completed
REF000149,TXN009679,CUST09400,MER02942,2024-08-14 10:56:42,7630.18,Duplicate Transaction,Completed
REF000150,TXN009498,CUST07160,MER03903,2024-06-16 18:12:38,137.67,Order Cancelled,Rejected
REF000151,TXN005440,CUST07211,,2024-03-19 05:53:31,2572.02,Customer Request,Rejected
REF000152,TXN001259,CUST01976,MER01105,2024-02-07 08:56:55,233.04,Booking Cancelled,Completed
REF000153,TXN008930,CUST02013,MER00619,2024-12-14 17:11:35,287.37,Duplicate Transaction,Pending
REF000154,TXN000586,UNKNOWN,MER01847,2024-11-23 20:18:30,402.84,Customer Request,Completed
REF000155,TXN003520,CUST02595,MER03260,2024-12-30 12:43:36,1182.42,Booking Cancelled,Completed
REF000156,TXN001821,CUST06976,MER00695,2024-03-01 11:21:41,9498.28,Order Cancelled,Pending
REF000157,TXN005703,CUST07614,MER02731,2024-09-15 11:21:31,58519.21,Duplicate Transaction,Rejected
REF000158,TXN004903,CUST04432,MER09714,2024-06-01 15:06:07,595.58,Order Cancelled,Completed
REF000159,TXN008860,CUST02039,MER03715,2024-05-10 20:58:53,47405.95,Order Cancelled,Completed
REF000160,TXN008138,,MER01764,,19428.67,Product Returned,Pending
REF000161,TXN007580,CUST09226,MER07441,2024-04-03 21:10:51,1139.39,Product Returned,Pending
REF000162,TXN008689,CUST08669,MER03801,2024-06-20 03:39:01,9698.89,Order Cancelled,Pending
REF000163,TXN004092,CUST00120,MER00904,2024-02-28 14:34:40,2503.68,Booking Cancelled,Pending
REF000164,TXN003886,,MER05746,2024-10-29 15:21:40,7053.42,Product Returned,Rejected
REF000165,TXN001345,,MER00585,2024-11-14 09:59:32,22570.88,Customer Request,Completed
REF000166,TXN002107,CUST08225,,2024-11-26 11:51:25,1057.2,Order Cancelled,Pending
REF000167,TXN009383,CUST08745,MER09627,2024-12-13 02:23:58,18042.41,Booking Cancelled,Rejected
REF000168,TXN007382,CUST08358,MER09716,2024-10-03 22:05:08,23494.87,Customer Request,Completed
,TXN000781,CUST08689,MER06751,2024-05-15 15:30:36,212.78,Duplicate Transaction,Completed
REF000170,TXN005883,CUST04750,MER00153,2024-06-25 09:21:14,294.94,Product Returned,Completed
REF000171,TXN005161,CUST02165,MER07706,2024-12-03 20:52:09,14270.27,Product Returned,Completed
REF000172,TXN001342,CUST02903,MER01682,2024-08-16 17:08:42,23246.12,Booking Cancelled,Completed
REF000173,TXN004740,CUST02287,MER00517,2024-07-20 06:47:54,13595.4,Product Returned,Completed
REF000174,TXN002386,CUST00559,MER04759,2024-05-06 22:52:14,37.28,Product Returned,Completed
REF000175,TXN004733,CUST00054,MER04094,2024-07-19 05:58:10,3134.61,Product Returned,Completed
REF000176,TXN005013,CUST01212,MER07070,2024-04-11 17:04:18,23778.45,Duplicate Transaction,Pending
REF000177,TXN006773,CUST02578,MER04734,2024-12-11 03:10:47,373.79,Customer Request,Completed
REF000178,TXN002831,CUST04396,MER01856,20/10/2024,1959.03,Duplicate Transaction,Rejected
REF000179,TXN000587,CUST03565,MER02896,2024-11-09 07:57:59,30299.22,Duplicate Transaction,Pending
REF000180,TXN007722,CUST09333,MER00984,,477.46,Booking Cancelled,Completed
REF000181,TXN009810,CUST02471,MER01809,2024-11-06 03:37:14,213.55,Booking Cancelled,Pending
REF000182,TXN007617,CUST01404,MER00960,2024-12-02 04:42:29,15280.83,Order Cancelled,Completed
REF000183,TXN008504,CUST06543,MER03559,2024-03-23 10:23:51,15493.89,Booking Cancelled,Completed
,TXN000316,CUST09777,MER03925,2024-07-23 20:59:03,98262.66,Booking Cancelled,Completed
REF000185,TXN001414,CUST03086,MER08185,2024-02-19 03:54:57,113862.68,Customer Request,Completed
REF000186,TXN005224,CUST09377,MER08958,2024-02-15 16:29:05,26069.47,Duplicate Transaction,Completed
REF000187,TXN008415,CUST05571,MER01141,2024-04-18 03:52:21,74977.13,Order Cancelled,Completed
REF000188,TXN002317,CUST01994,MER00730,2024-03-14 21:12:36,4088.54,Customer Request,Completed
REF000189,TXN004150,CUST02471,MER05284,2024-07-09 00:24:42,11711.23,,Completed
REF000190,TXN008030,CUST00775,MER07027,2024-10-21 18:02:05,5665.62,Product Returned,Completed
REF000191,TXN008585,CUST06217,MER08421,2024-06-26 20:44:17,69.58,Booking Cancelled,Pending
REF000192,TXN001785,CUST01026,MER02026,2024-11-10 10:22:13,22323.55,Duplicate Transaction,Pending
REF000193,TXN005692,CUST05642,MER01228,2024-11-28 22:09:51,45575.34,Order Cancelled,Completed
REF000194,TXN009791,CUST03412,MER03662,2024-08-12 11:09:30,51376.46,Booking Cancelled,Completed
REF000195,TXN003567,CUST03887,MER02011,2024-07-05 20:51:31,1196.17,Order Cancelled,Rejected
REF000196,TXN009326,CUST05040,MER02510,2024-10-09 12:44:18,4173.81,Customer Request,Completed
REF000197,TXN000156,CUST04975,MER07873,2024-04-22 08:21:21,214.75,Customer Request,Completed
REF000198,TXN002104,CUST04507,MER06605,2024-01-19 15:17:24,9482.87,Booking Cancelled,Rejected
REF000199,UNKNOWN,CUST04125,MER06253,2024-11-22 15:37:33,176.47,Customer Request,Completed
REF000200,TXN005359,,MER03710,2024-12-13 05:09:24,,Product Returned,Completed
REF000201,TXN004358,CUST08095,MER08758,2024-05-19 19:16:27,21947.24,Duplicate Transaction,Completed
REF000202,TXN006298,CUST09207,MER03100,2024-06-12 18:07:00,1900.25,Product Returned,Completed
REF000203,TXN001151,CUST02563,MER08461,2025-01-03 04:12:05,1117.45,Customer Request,Rejected
REF000204,TXN009831,,MER08387,2024-04-10 21:04:45,33158.39,Order Cancelled,Completed
REF000205,TXN004954,CUST04689,MER07224,2024-04-04 05:28:12,2680.06,Product Returned,Pending
REF000206,TXN000407,CUST04106,MER01698,2024-09-17 18:53:22,7694.52,Customer Request,Completed
REF000207,TXN009262,CUST09989,MER08552,2024-10-31 11:13:37,14709.0,Duplicate Transaction,Pending
REF000208,TXN003521,CUST04874,MER01676,2024-11-25 02:11:24,34032.99,Product Returned,Rejected
REF000209,TXN000557,CUST09232,MER08109,2024-03-16 22:48:50,15160.8,Duplicate Transaction,Pending
REF000210,TXN000183,CUST04851,MER02179,2024-08-10 20:25:52,121.88,Order Cancelled,Pending
REF000211,TXN006340,CUST01533,MER06847,2024-09-09 17:49:21,90887.36,Customer Request,Completed
REF000212,TXN006067,CUST02521,MER05786,2024-04-28 06:22:37,1521.78,Duplicate Transaction,Completed
REF000213,TXN007627,CUST09540,MER08493,2024-12-08 12:10:33,11000.54,Duplicate Transaction,Pending
REF000214,TXN001079,CUST07244,MER02575,2024-09-04 05:30:18,713.33,Duplicate Transaction,Completed
REF000215,TXN003461,CUST00689,MER05797,2024-10-13 11:21:28,70492.75,Order Cancelled,Pending
REF000216,TXN003016,CUST08047,MER02617,2024-07-27 09:57:25,172.94,Duplicate Transaction,Completed
REF000217,TXN000709,CUST09571,MER08534,2024-11-08 17:34:44,17202.86,,Pending
REF000218,TXN001063,,MER00090,2024-02-05 23:56:48,1805.8,Booking Cancelled,Completed
REF000219,TXN004406,CUST08081,MER07255,2024-06-26 19:50:05,4759.53,Booking Cancelled,Completed
REF000220,TXN007150,CUST00989,MER03216,2024-03-15 09:42:51,13758.41,Booking Cancelled,Pending
REF000221,TXN001856,CUST02960,MER06807,2024-06-16 06:43:03,17127.4,Customer Request,Completed
REF000222,TXN001025,CUST05375,MER05761,2024-03-25 15:15:11,2686.69,Booking Cancelled,Completed
REF000223,TXN007642,CUST01082,MER03544,2024-07-07 08:16:26,unknown,Customer Request,Completed
REF000224,TXN006332,CUST07357,MER04941,2024-09-17 01:58:04,21341.69,Product Returned,Pending
REF000225,TXN007977,CUST08159,MER05918,2024-02-26 22:22:28,5552.07,Booking Cancelled,Pending
REF000226,TXN004382,CUST08600,MER04750,2024-03-09 20:35:55,650.45,Order Cancelled,Completed
REF000227,,CUST01383,MER09167,2024-04-07 03:57:12,254.67,Booking Cancelled,Completed
REF000228,,UNKNOWN,MER01624,2024-11-16 04:03:33,934.84,Duplicate Transaction,Completed
REF000229,TXN009533,CUST09700,MER09038,2024-03-25 16:36:36,62279.25,Product Returned,Completed
REF000230,TXN006749,CUST02406,MER02865,2024-09-02 16:01:17,333.54,Duplicate Transaction,Completed
REF000231,TXN009565,CUST02183,MER07320,2024-11-23 15:31:54,11632.92,Order Cancelled,Rejected
,TXN000061,CUST00902,MER05911,2024-09-17 07:59:40,2326.63,Customer Request,Pending
REF000233,TXN002348,CUST00076,MER02386,2024-02-11 08:18:48,93651.72,Customer Request,Completed
REF000234,TXN008752,CUST01254,MER04323,2024-05-14 03:54:22,28454.79,Customer Request,
REF000235,TXN003153,CUST08504,MER01849,2024-11-23 21:38:20,2243.74,Duplicate Transaction,Pending
REF000236,TXN005362,CUST02443,MER02293,,21401.98,Order Cancelled,Completed
REF000237,TXN002280,CUST02075,MER00894,2024-02-14 00:32:55,14806.91,Customer Request,Completed
REF000238,TXN006374,CUST01921,MER08050,2024-02-12 10:33:38,9504.5,Booking Cancelled,Pending
REF000239,TXN008769,CUST05644,MER07687,2024-05-27 17:30:35,15882.78,Product Returned,Completed
REF000240,TXN006623,CUST02394,MER00753,2024-11-26 05:44:47,971.92,Customer Request,Completed
REF000241,TXN000531,CUST04438,MER05847,2024-10-07 05:30:58,177.71,Duplicate Transaction,Rejected
REF000242,TXN000868,CUST02965,MER08600,2024-07-20 02:51:20,29114.18,Order Cancelled,Completed
REF000243,TXN004836,CUST01256,MER06081,2024-03-17 05:20:08,8394.84,Duplicate Transaction,Completed
REF000244,TXN009237,CUST05448,MER06572,2024-07-14 14:15:05,20622.17,Duplicate Transaction,Completed
REF000245,TXN008692,CUST02810,MER07589,2024-09-12 09:03:16,23652.82,Order Cancelled,Completed
REF000246,TXN002683,CUST06705,MER05769,2024-04-14 07:17:03,1125.23,Booking Cancelled,Pending
REF000247,TXN004087,CUST06802,MER06678,2024-05-31 06:21:51,18615.86,Booking Cancelled,Completed
REF000248,TXN009624,CUST05816,MER03116,2024-10-23 15:19:38,271.29,Customer Request,Rejected
REF000249,TXN000765,CUST07292,MER05020,2025-01-07 15:29:45,223.2,Booking Cancelled,Pending
REF000250,TXN008741,CUST08807,MER05814,2024-09-22 15:08:29,117897.49,Duplicate Transaction,Completed
REF000251,TXN005352,CUST07856,MER09698,2024-08-24 02:28:47,768.43,Order Cancelled,Pending
REF000252,TXN008186,CUST04889,MER09844,2024-12-29 05:34:02,1593.26,Product Returned,Completed
REF000253,TXN008903,CUST06386,MER00983,2024-04-13 10:55:39,74116.44,Booking Cancelled,Completed
REF000254,TXN001212,CUST00544,MER02066,2024-11-01 10:45:34,49681.27,Product Returned,Completed
REF000255,TXN003506,CUST03992,MER08334,2024-02-26 05:49:48,61523.41,Product Returned,Completed
REF000256,TXN008630,CUST03227,MER04914,2024-04-27 02:16:59,955.24,Duplicate Transaction,Completed
REF000257,TXN001677,CUST07877,MER00990,2024-05-10 17:43:38,70.65,Product Returned,Completed
REF000258,TXN005906,CUST01072,MER06019,2024-10-09 06:30:40,178.88,Customer Request,Completed
REF000259,TXN007741,CUST07915,MER08993,31/03/2024,409.72,Order Cancelled,Completed
REF000260,TXN001107,CUST06179,MER09222,2024-06-17 16:34:19,94618.93,Order Cancelled,Rejected
REF000261,TXN004279,CUST00248,MER09576,2024-12-21 04:40:40,88.49,Duplicate Transaction,Pending
REF000262,TXN001540,CUST01156,MER09320,2024-05-04 21:53:27,5436.97,Customer Request,Completed
REF000263,TXN006698,CUST01525,MER04954,2024-03-10 17:09:45,409.14,Booking Cancelled,Completed
REF006260,TXN008753,CUST06571,MER04193,2024-06-10 20:56:48,1191.08,Product Returned,Completed
REF000265,TXN009767,CUST08588,MER01647,2024-01-28 14:14:46,3016.84,Order Cancelled,Completed
REF000266,TXN007286,CUST01110,MER00916,2024-10-27 01:32:51,406.88,Duplicate Transaction,Completed
REF000267,TXN007514,CUST04401,MER09643,2024-09-02 04:39:40,3135.11,Booking Cancelled,Completed
REF000268,TXN006224,CUST03725,MER00207,2024-04-28 02:12:20,23995.29,,Pending
REF000269,TXN003635,CUST00663,MER08638,2024-03-17 07:40:57,21546.43,Product Returned,Pending
REF000270,TXN005436,CUST02763,MER05014,2024-06-14 20:48:47,1409.27,Order Cancelled,Completed
REF000271,TXN006782,CUST07930,MER00063,2024-06-03 19:04:16,838.13,Customer Request,Rejected
REF000272,TXN000650,CUST06705,MER09178,2024-11-01 02:40:52,241.79,Duplicate Transaction,Completed
REF000273,TXN005395,CUST00727,MER06540,2024-01-23 03:55:18,1682.75,Booking Cancelled,Completed
REF000274,TXN004947,CUST06621,MER01540,2024-05-20 03:58:09,13411.48,Customer Request,Completed
REF000275,TXN003204,CUST05299,MER04636,2024-06-08 20:05:40,698.57,Product Returned,Completed
REF000276,TXN009956,CUST06473,MER00022,2024-07-13 12:32:12,2567.7,Customer Request,Completed
REF000277,TXN002085,CUST09944,MER09378,2024-02-23 01:26:32,3564.36,Customer Request,Completed
REF000278,TXN008349,CUST03100,MER03616,2024-10-06 12:01:57,15580.42,Product Returned,Completed
REF000279,TXN009933,CUST03661,MER07844,2024-05-09 14:21:44,1107.74,Product Returned,Pending
REF000280,TXN003756,CUST02066,MER02948,2024-08-28 19:19:08,962.51,Customer Request,Pending
REF000281,TXN001214,CUST08298,MER07608,2024-10-25 00:40:13,1323.78,,Completed
REF000282,TXN001298,CUST06950,MER00554,2024-01-16 04:42:07,11150.77,Order Cancelled,Completed
REF000283,UNKNOWN,CUST06959,MER07656,2024-01-16 14:17:13,48229.12,Duplicate Transaction,Completed
REF000284,TXN008934,CUST08188,MER09133,2024-07-06 23:18:05,,,Completed
REF000285,TXN005518,CUST02214,MER09959,2024-10-03 17:44:14,823.14,Customer Request,Rejected
REF000286,TXN000011,CUST04403,MER07370,2024-11-10 14:36:21,913.6,Booking Cancelled,Pending
REF000287,TXN003913,CUST03802,MER02565,,37339.33,Booking Cancelled,Pending
REF000288,TXN009758,CUST08682,MER07659,2024-03-27 14:02:53,,Duplicate Transaction,Rejected
REF000289,TXN004343,CUST04487,MER07306,2024-10-01 19:36:11,583.43,Order Cancelled,Completed
REF000290,TXN000009,CUST02038,MER04390,2024-06-25 17:55:18,47527.09,Product Returned,Pending
REF000291,TXN001467,,MER06232,2024-09-28 19:15:35,16636.67,Duplicate Transaction,Completed
REF000292,TXN006558,CUST01987,MER04279,2024-03-28 04:40:15,4452.82,Duplicate Transaction,Completed
REF000293,TXN005979,CUST03513,MER06095,2024-05-26 09:21:54,3561.77,Order Cancelled,Pending
,TXN003126,CUST06664,MER04537,2024-08-18 19:27:45,1719.13,Customer Request,Completed
REF000295,TXN004800,CUST02313,MER05336,2024-02-02 16:26:04,3953.84,Order Cancelled,Completed
REF000296,UNKNOWN,CUST05610,MER02412,2024-07-08 10:58:23,225.46,Duplicate Transaction,Pending
REF000297,TXN001703,CUST07383,MER01328,2024-05-16 18:54:55,104086.13,Customer Request,Completed
REF000298,TXN002938,CUST01274,MER09386,2024-09-29 07:56:08,966.12,Order Cancelled,Completed
REF000299,TXN008863,CUST08319,,2024-06-13 07:23:55,79830.23,Customer Request,Pending
REF000300,TXN006307,CUST07208,MER00400,,7173.68,Duplicate Transaction,Completed
REF000301,TXN001291,CUST07710,MER04908,2024-05-10 04:44:40,34914.06,Booking Cancelled,Pending
REF000302,TXN008340,CUST09698,MER07227,2024-08-06 08:52:24,6628.16,Booking Cancelled,Completed
REF000303,TXN005004,CUST06077,MER03511,2024-03-11 04:38:54,3922.18,Product Returned,Pending
REF000304,TXN000625,CUST02742,MER08573,2024-12-28 02:52:10,15711.13,Order Cancelled,Completed
REF000305,TXN002033,CUST05736,MER04293,2024-07-11 12:12:09,44821.68,Order Cancelled,Completed
REF000306,TXN004979,CUST06848,MER00915,2024-03-26 13:03:38,95619.39,Booking Cancelled,Rejected
REF000307,TXN003064,CUST03045,MER05212,2024-02-08 23:04:21,9304.21,Booking Cancelled,Rejected
REF000308,TXN008437,CUST02856,MER05363,2024-08-09 05:00:23,495.76,Product Returned,Completed
REF000309,TXN007244,CUST01007,MER03127,2024-09-28 22:11:21,54696.84,Duplicate Transaction,Completed
REF000310,TXN003333,CUST00228,MER03198,2024-08-07 12:00:18,40887.09,Order Cancelled,Completed
REF000311,TXN003636,CUST08922,MER06557,2024-11-03 13:02:02,315.92,Duplicate Transaction,Completed
REF000312,TXN005743,CUST07155,MER05090,2024-08-10 00:59:19,1851.91,Customer Request,Completed
REF000313,TXN008347,CUST09193,MER06720,2024-06-11 08:58:56,75666.47,Duplicate Transaction,Pending
REF000314,TXN000928,CUST00075,MER01268,2024-03-11 00:36:35,,Customer Request,Pending
REF000315,TXN004366,CUST07562,MER00468,2024-08-21 22:45:47,23863.86,Product Returned,Completed
REF000316,TXN008291,CUST05497,MER02937,2024-05-02 12:34:49,37004.54,Order Cancelled,Pending
REF000317,TXN007632,CUST08464,MER01404,2024-12-24 11:04:47,61964.7,Product Returned,Rejected
REF000318,TXN002182,CUST07962,MER07200,2024-10-03 23:05:44,7852.29,Order Cancelled,Completed
REF000319,TXN005722,CUST06608,MER07304,2024-04-24 01:45:49,348.18,Customer Request,Rejected
REF000320,TXN009268,CUST02857,MER01458,2024-11-28 19:19:45,61944.64,Booking Cancelled,Pending
REF000321,TXN004825,CUST00164,MER09804,2024-08-28 23:43:38,583.1,Product Returned,Completed
REF000322,TXN005047,CUST06842,MER07616,2024-10-20 00:05:46,4833.22,Product Returned,Completed
REF000323,TXN006483,CUST09433,MER05709,2024-09-24 16:10:52,22253.78,,Completed
,TXN001181,CUST03858,MER07734,2024-12-20 22:00:16,93499.33,Booking Cancelled,Completed
REF000325,TXN006173,CUST04143,MER04934,2024-07-07 10:39:58,4831.42,Product Returned,Completed
REF000326,TXN005020,CUST06108,,2024-06-02 00:32:06,1932.8,Customer Request,Completed
REF000327,TXN003633,CUST02936,UNKNOWN,2025-01-04 13:46:37,23946.86,Product Returned,Completed
REF000328,TXN007019,CUST07706,MER04167,2024-05-20 03:18:03,10613.03,Customer Request,Pending
REF000329,TXN003305,CUST08118,MER00087,2024-03-23 10:25:55,90.01,Customer Request,Completed
REF000330,TXN003493,CUST04044,MER07047,2024-11-16 09:42:08,74051.14,Duplicate Transaction,Pending
REF000331,,CUST09590,MER04129,2024-08-20 17:34:54,32860.04,Booking Cancelled,Completed
REF000332,TXN002721,CUST00172,MER04844,2024-02-22 02:31:47,1498.54,Duplicate Transaction,Completed
REF000333,TXN008747,CUST07654,MER03826,2024-02-20 18:36:38,86055.73,Booking Cancelled,Pending
REF000334,TXN005635,CUST06076,MER00810,2024-05-15 01:30:06,13017.69,Customer Request,Completed
REF000335,TXN005253,CUST00229,MER09152,2024-06-02 12:18:28,13560.35,Order Cancelled,Completed
REF000336,TXN004872,CUST04016,MER02859,2024-09-11 02:57:16,1224.08,Product Returned,Completed
REF000337,TXN000907,CUST09256,MER06254,2024-08-17 19:15:47,99853.45,Duplicate Transaction,Completed
REF000338,TXN001749,CUST03983,MER01240,2024-10-20 09:17:02,15481.15,Order Cancelled,Rejected
REF000339,TXN001675,CUST01621,MER09462,2024-07-05 17:32:28,4012.58,Customer Request,Pending
REF000340,TXN003250,CUST01210,MER01551,2024-12-13 23:23:32,16411.79,Product Returned,Completed
REF000341,TXN006985,CUST01553,MER07179,2024-08-13 18:43:05,221.95,Booking Cancelled,Completed
REF000342,TXN008627,CUST04966,MER09216,2024-11-25 17:59:27,28313.99,Customer Request,Pending
REF000343,TXN009716,CUST07182,MER07365,2024-09-30 23:39:40,465.52,Customer Request,Pending
REF000344,TXN008568,CUST07816,MER03864,2024-03-08 02:33:58,730.5,Product Returned,Completed
REF000345,TXN009650,CUST02290,MER02346,2024-11-03 06:37:30,870.35,Order Cancelled,Completed
REF000346,TXN000155,CUST04175,MER05113,2024-10-02 12:13:05,1142.09,Booking Cancelled,Rejected
REF000347,TXN000615,CUST05546,MER01178,2024-10-02 11:18:08,472.39,Product Returned,Pending
REF000348,TXN002872,CUST06631,MER05650,2024-12-08 12:41:21,43096.23,Product Returned,Completed
REF000349,TXN008717,CUST07673,MER01742,2024-12-12 18:51:23,51606.81,Product Returned,Completed
REF000350,TXN008041,CUST03302,MER09157,2024-02-09 00:30:32,2779.6,Order Cancelled,Completed
REF000351,TXN007260,CUST04814,MER03456,2024-06-22 18:51:13,216.26,Duplicate Transaction,Completed
REF000352,TXN008897,CUST07945,MER01377,2024-03-03 08:16:21,85553.01,Order Cancelled,Pending
REF000353,TXN000511,CUST09525,MER05878,2024-06-02 22:25:54,6215.45,Product Returned,Pending
REF000354,TXN002650,CUST09865,MER06360,2024-05-18 22:44:57,38439.11,Customer Request,Pending
REF000355,TXN001996,CUST01488,MER09427,2024-10-14 08:18:56,63726.72,Product Returned,Pending
REF000356,TXN008438,CUST09585,MER01829,2024-05-18 17:01:22,63076.73,Product Returned,Pending
REF000357,TXN004405,CUST03962,MER01352,2024-12-26 15:33:01,380.48,Customer Request,Completed
REF000358,TXN003694,CUST05106,MER05513,2024-12-04 07:45:50,15722.78,Order Cancelled,Pending
REF000359,TXN008420,CUST04037,MER05878,2024-03-10 01:55:23,1567.04,Booking Cancelled,Completed
REF000360,TXN004154,CUST04049,MER08767,2024-07-05 07:25:15,12288.15,Customer Request,Pending
REF000361,TXN006281,,MER03705,2024-10-24 20:55:36,587.28,Booking Cancelled,Completed
REF000362,TXN003763,CUST05038,MER08513,2024-08-19 00:24:18,1224.61,Duplicate Transaction,Completed
REF000363,TXN000559,CUST01676,MER09554,2024-06-25 08:59:36,883.88,Product Returned,Completed
REF000364,TXN009565,CUST02183,MER07320,2024-11-22 15:31:54,11632.92,Booking Cancelled,Completed
REF000365,TXN008900,CUST05066,MER03609,2024-11-03 10:15:19,416.35,Customer Request,Completed
REF000366,TXN008537,CUST03368,MER08100,2024-12-05 06:38:09,13456.95,Customer Request,Completed
REF000367,TXN002425,CUST06676,MER00648,2024-09-07 13:55:18,6030.7,Booking Cancelled,Rejected
REF000368,TXN007472,CUST08894,MER00269,2024-07-25 01:21:44,97685.89,Customer Request,Completed
REF000369,TXN009156,CUST07543,MER00869,2024-11-05 08:02:55,239.18,Product Returned,Completed
REF000370,TXN003562,CUST05126,MER01096,2024-02-11 06:16:13,37660.8,Customer Request,Completed
REF000371,TXN009841,CUST06990,MER01432,2024-11-21 18:34:49,30605.03,Product Returned,Completed
REF000372,TXN002597,CUST06720,MER01629,2024-12-15 00:06:38,483.54,Booking Cancelled,Pending
REF000373,TXN007807,CUST00711,MER09633,2024-04-27 16:14:19,93824.02,Customer Request,Completed
REF000374,TXN006361,CUST03352,MER05216,2025-01-11 21:42:52,993.22,Customer Request,Pending
REF000375,TXN009825,CUST06839,MER06085,2024-08-17 10:31:23,46770.0,Order Cancelled,Completed
REF000376,TXN000907,CUST09256,MER06254,2024-07-31 19:15:47,83211.21,Order Cancelled,Completed
REF005728,TXN001974,CUST00828,MER01162,2024-05-04 02:52:18,23615.12,Product Returned,Completed
REF000378,TXN001318,CUST07314,MER09305,2024-10-16 00:56:31,22758.94,Booking Cancelled,Completed
REF000379,TXN004610,CUST02986,MER01217,2024-11-22 14:05:19,27211.65,Booking Cancelled,Completed
REF000380,TXN000795,CUST06117,MER00375,2024-11-07 21:07:47,15390.03,Order Cancelled,Completed
REF000381,TXN000963,CUST08611,MER01149,2024-04-14 15:30:59,66382.24,Order Cancelled,Completed
REF000382,TXN008150,CUST02872,MER05990,2024-06-06 07:45:46,375.38,Duplicate Transaction,Completed
REF000383,TXN006910,CUST06761,MER00647,2024-04-03 00:16:52,201.55,Product Returned,Completed
REF000384,,CUST02918,MER08953,2024-02-05 21:48:13,900.73,Order Cancelled,Completed
REF000385,TXN007964,CUST09430,MER00027,2024-08-30 06:11:58,23654.23,Customer Request,Pending
REF000386,TXN007866,CUST06775,MER07600,2025-01-01 18:11:48,38200.05,Duplicate Transaction,Pending
REF000387,TXN003973,CUST05894,MER01732,2024-08-25 07:03:42,23450.8,Booking Cancelled,Completed
REF000388,TXN007451,CUST05315,MER06165,2024-10-18 13:23:04,12806.51,Product Returned,Completed
REF000389,TXN008639,CUST02170,MER05321,2024-10-20 06:36:18,17570.65,Booking Cancelled,Pending
REF000390,TXN002066,CUST00706,MER08134,2024-05-06 06:47:07,1730.88,Product Returned,Completed
REF000391,TXN009349,CUST01919,MER09734,2024-05-27 10:53:29,7529.1,Booking Cancelled,Pending
REF000392,TXN006906,CUST08279,MER08583,2024-10-26 23:45:03,333.89,Product Returned,Completed
REF000393,TXN007283,CUST01220,MER06024,2024-07-06 07:49:37,1690.76,Booking Cancelled,Pending
REF000394,,CUST03136,MER03212,2024-05-27 03:34:18,3497.58,Product Returned,Completed
REF000395,TXN005620,CUST04697,MER00075,2024-08-15 15:53:08,1989.62,Booking Cancelled,Completed
REF000396,TXN009906,CUST03525,MER09571,2024-11-07 12:04:22,9142.54,Duplicate Transaction,Completed
REF000397,TXN008883,CUST01619,MER06116,,4412.41,Product Returned,Completed
REF000398,TXN008922,CUST09602,MER04038,2024-12-13 06:15:29,1656.4,Customer Request,Completed
REF000399,TXN005491,CUST05392,MER04529,2024-08-27 07:07:42,69462.11,Order Cancelled,Completed
REF000400,TXN004842,CUST08725,MER08252,2024-07-01 11:14:42,48685.54,Order Cancelled,Completed
REF000401,TXN006222,CUST08411,MER06505,2024-08-01 07:40:19,7266.58,Product Returned,
REF000402,TXN005192,CUST07323,MER03770,2024-02-23 08:31:48,8392.8,Order Cancelled,Pending
REF000403,TXN002310,CUST07265,MER03354,2024-07-08 18:18:11,115205.08,Customer Request,Pending
,TXN000438,CUST06814,MER05360,2024-02-19 12:46:12,11487.72,Booking Cancelled,Pending
REF000405,,CUST00305,MER04167,2024-02-22 00:35:29,67640.49,Customer Request,Completed
REF000406,TXN007897,CUST08017,MER04599,2024-06-22 16:20:58,,Booking Cancelled,Completed
REF000407,TXN004822,CUST09828,MER05876,2024-08-02 08:43:20,127.5,Order Cancelled,Rejected
REF000408,TXN005147,CUST09950,MER06783,2024-07-28 11:50:15,77036.26,Order Cancelled,Completed
REF000409,TXN005450,CUST01824,MER06599,2025-01-12 02:42:09,34940.41,Order Cancelled,Completed
REF001345,TXN008162,CUST06362,MER09383,2024-06-25 11:34:58,16521.81,Product Returned,Completed
REF000411,TXN003237,CUST02241,MER09624,2024-08-27 01:21:19,647.54,Duplicate Transaction,Pending
REF000412,TXN002241,CUST05629,MER01610,2024-09-17 21:01:12,82299.53,Order Cancelled,Completed
REF000413,TXN006683,CUST02116,MER09333,2024-05-18 05:34:16,85814.06,Order Cancelled,Rejected
REF000414,TXN009741,CUST02812,MER01478,2024-06-19 12:05:51,47016.44,Customer Request,Pending
REF000415,TXN001909,CUST05323,MER05412,2024-09-03 19:11:50,,Duplicate Transaction,Completed
REF000416,,CUST05557,MER01704,2024-04-04 09:52:03,17321.87,Booking Cancelled,Completed
REF000417,TXN008667,CUST02978,MER03833,2024-01-29 09:35:58,19863.29,Customer Request,Completed
REF000418,TXN000107,,MER06590,2024-11-29 17:37:14,3752.92,Booking Cancelled,Rejected
REF000419,TXN001283,CUST03385,MER00960,2024-12-28 12:32:04,37501.22,Product Returned,Completed
REF000420,,CUST08480,MER09920,2025-01-08 07:22:08,8000.62,Customer Request,Pending
REF000421,TXN009191,CUST04460,MER01395,2024-06-23 14:00:09,1468.56,Product Returned,Completed
REF000422,TXN006840,CUST06623,MER08857,2024-01-13 07:37:50,431.21,Booking Cancelled,Completed
REF000423,TXN007364,CUST02702,MER00527,2024-04-27 09:59:08,387.26,Order Cancelled,Completed
REF000424,TXN000608,CUST07053,MER02038,2024-06-23 18:10:53,10729.29,Duplicate Transaction,Completed
REF000425,TXN000458,CUST05621,MER03157,2024-01-17 11:35:23,1620.36,Customer Request,Completed
REF000426,TXN002304,CUST01352,MER00495,2024-02-22 01:41:56,536.29,Product Returned,Completed
REF000427,TXN009953,CUST04556,MER05434,2024-10-20 16:51:58,unknown,Order Cancelled,Pending
,TXN007522,CUST00419,MER01764,2024-06-20 00:16:26,85229.99,Duplicate Transaction,Completed
REF000429,TXN004416,CUST07299,MER03491,2024-04-30 14:02:54,560.66,Duplicate Transaction,Pending
REF000430,TXN008793,CUST05505,MER07425,2024-09-13 21:51:33,3572.27,Product Returned,Completed
REF000431,TXN006051,CUST03149,MER00494,2024-09-13 15:20:41,11773.44,Customer Request,Completed
REF000432,TXN002732,CUST06883,MER03394,2024-04-22 02:12:12,494.3,Booking Cancelled,Completed
REF000433,TXN004335,CUST03205,MER09479,2024-06-05 06:04:29,43.13,Customer Request,Completed
REF000434,TXN009048,CUST08372,MER08158,2024-02-08 15:16:37,52199.11,Order Cancelled,Completed
REF000435,TXN003480,CUST03579,MER07595,2024-12-20 21:05:15,740.76,Product Returned,Completed
REF000436,TXN001258,CUST00132,MER06483,2024-10-06 04:27:03,8187.14,Product Returned,Completed
REF000437,TXN007579,CUST08363,,28/12/2024,5439.4,Product Returned,Completed
REF000438,TXN007218,CUST04388,MER09825,2024-08-29 08:13:14,12996.86,Product Returned,Completed
REF000439,TXN002657,CUST08963,MER09698,2024-08-05 06:26:34,31731.0,Product Returned,Completed
REF000440,TXN008537,CUST03368,MER08100,2024-12-07 06:38:09,13456.95,Duplicate Transaction,Pending
REF000441,TXN003794,CUST05723,MER08861,2024-05-26 12:50:34,4596.05,Order Cancelled,Completed
REF000442,TXN002161,CUST07193,MER03137,2024-03-08 19:47:04,230.55,Duplicate Transaction,Completed
REF000443,TXN004515,CUST02310,MER08456,2024-12-23 17:27:55,89637.37,Order Cancelled,Pending
REF000444,TXN004690,CUST00687,MER04899,2024-02-24 21:13:40,99310.25,Duplicate Transaction,Pending
REF000445,TXN008369,CUST00805,MER03130,2024-03-11 23:19:21,11794.25,Order Cancelled,Completed
REF000446,TXN003282,CUST01264,MER07603,2024-10-02 18:13:59,4700.1,Booking Cancelled,Completed
REF000447,TXN007613,CUST05573,MER01770,2024-03-16 21:23:59,5896.48,Product Returned,Completed
REF000448,TXN002665,CUST01879,MER08858,2024-12-10 08:26:21,6089.52,Booking Cancelled,Completed
REF000449,TXN005277,CUST01091,MER00488,2024-01-17 12:17:55,23227.15,Duplicate Transaction,Pending
REF000450,TXN001226,CUST05015,MER05174,2024-03-31 03:33:59,11954.21,Order Cancelled,Completed
REF000451,TXN008507,CUST08968,MER00523,2024-11-26 22:37:54,73666.71,Customer Request,Pending
REF000452,TXN000673,CUST09100,MER09529,2024-07-07 08:03:14,unknown,Customer Request,Completed
REF000453,TXN006507,CUST07805,MER04855,2024-03-22 02:41:16,705.96,Product Returned,Completed
REF000454,TXN000841,CUST03597,MER00546,2024-03-19 09:41:45,223.19,Order Cancelled,Pending
REF000455,TXN008878,CUST01016,MER05907,24/01/2024,25750.86,Order Cancelled,Rejected
REF000456,TXN006111,CUST03910,MER01289,2024-07-05 07:46:16,5069.72,Booking Cancelled,Completed
REF000457,TXN004845,CUST01088,MER01736,2024-05-16 21:44:40,85746.68,Customer Request,Completed
REF000458,TXN006743,CUST01163,MER08969,2024-03-23 06:15:31,60986.53,Product Returned,Completed
REF000459,TXN009251,CUST01947,MER06393,2024-09-03 05:14:33,1683.24,Product Returned,Pending
REF000460,TXN002290,CUST07857,MER03338,2024-02-25 21:20:56,5303.3,Booking Cancelled,Pending
REF000461,TXN008657,CUST04555,MER07023,2024-11-22 22:23:58,9074.39,Customer Request,Completed
REF000462,TXN006517,CUST05911,MER03507,2024-07-28 16:33:14,10895.44,Customer Request,Completed
REF000463,TXN005372,CUST08337,MER09641,2024-12-06 08:10:41,95531.5,Order Cancelled,Pending
REF000464,TXN000204,CUST00625,,,32645.25,Order Cancelled,Completed
REF000465,TXN002833,CUST06077,MER08915,2024-03-07 16:26:15,2486.72,Product Returned,
REF000466,TXN003538,CUST02608,MER09120,2024-11-09 07:15:02,3283.78,Product Returned,Rejected
REF000467,TXN005264,CUST02162,MER04141,2024-10-24 19:05:13,90053.53,Product Returned,Completed
REF000468,TXN007228,,MER09500,2024-01-30 21:31:30,80630.83,Order Cancelled,Pending
REF000469,TXN007402,CUST09701,MER02486,2024-09-29 20:12:10,229.69,Booking Cancelled,Completed
REF000470,TXN000687,CUST03365,MER05643,2024-01-19 15:20:48,2264.87,Product Returned,Completed
REF000471,TXN007502,CUST05903,MER08883,2024-05-01 19:07:53,135.55,Order Cancelled,Rejected
REF000472,TXN004131,CUST04327,MER02030,2025-01-01 03:50:15,161.9,Order Cancelled,Completed
REF000473,TXN009190,CUST01119,MER09109,2024-03-20 04:26:36,75.12,Duplicate Transaction,Completed
REF000474,TXN000683,CUST09467,MER06197,2024-02-27 15:53:40,1673.58,Product Returned,Rejected
REF000475,TXN003653,CUST09799,MER03501,2024-09-20 15:34:44,78622.73,Order Cancelled,Completed
REF000476,TXN006073,CUST05383,MER08030,2024-01-21 05:35:45,428.14,Customer Request,Completed
REF000477,TXN000265,CUST08190,MER07221,2024-09-26 20:02:08,4511.63,Duplicate Transaction,Completed
REF000478,TXN003213,CUST04084,MER07469,2024-05-10 10:31:25,895.66,Customer Request,Completed
REF000479,TXN001512,CUST00312,MER06679,2024-08-23 12:28:37,1537.46,Booking Cancelled,Completed
REF000480,TXN007807,CUST00711,MER09633,2024-05-02 16:14:19,93824.02,Customer Request,Pending
REF000481,TXN006682,CUST04961,MER05940,2024-06-19 15:28:56,19120.68,Duplicate Transaction,Completed
REF000482,TXN001216,CUST05686,MER08950,2024-05-11 17:10:40,25677.29,Order Cancelled,Rejected
REF000483,TXN002404,CUST07450,MER05294,2024-04-25 08:41:59,88454.61,Product Returned,Completed
REF000484,TXN004478,CUST09967,MER05065,2024-12-30 00:00:19,1830.37,Customer Request,Completed
REF000485,TXN001048,CUST06088,MER02147,2024-09-28 19:02:54,13434.35,Booking Cancelled,Completed
REF000486,TXN003593,CUST04861,MER04071,2024-03-17 22:22:28,24438.85,Order Cancelled,Rejected
REF000487,TXN001588,CUST01811,MER09455,2024-07-09 08:10:18,32654.62,Duplicate Transaction,Rejected
REF007654,TXN004491,CUST01954,MER08588,2024-12-25 16:03:38,44449.67,Duplicate Transaction,Completed
REF000489,TXN008603,CUST04550,MER08257,2024-10-15 00:30:25,100590.34,Product Returned,Rejected
REF000490,TXN003742,CUST00744,MER03412,2024-03-06 00:39:02,1373.17,Customer Request,Pending
REF000491,TXN008919,CUST09109,MER00736,2024-06-15 05:40:03,22379.66,Booking Cancelled,Completed
REF000492,TXN002333,CUST03006,MER00815,2024-03-31 15:04:38,63263.32,Customer Request,Completed
REF000493,TXN000174,CUST01394,MER07418,2024-07-07 18:19:47,677.39,Booking Cancelled,Completed
REF000494,TXN008551,CUST09001,MER00951,2024-11-20 09:19:30,16197.43,Customer Request,Completed
REF000495,TXN005367,CUST06450,MER06875,2024-03-18 14:35:48,2375.52,Customer Request,Completed
REF000496,TXN008402,CUST08847,MER04154,2024-05-07 14:28:24,1458.88,Duplicate Transaction,Completed
REF000497,TXN001358,CUST09693,MER07982,,18433.29,Customer Request,Completed
REF000498,TXN004144,CUST03778,MER07799,2024-01-21 10:18:26,242.1,Booking Cancelled,Pending
REF000499,TXN006729,CUST09626,MER00366,2025-01-07 07:17:38,7886.32,Booking Cancelled,Completed
REF000500,TXN000273,CUST02079,MER00080,2024-09-11 14:49:47,18320.39,Product Returned,Completed
REF000501,TXN008925,CUST05954,MER05367,2025-01-10 22:45:37,847.89,Duplicate Transaction,Completed
REF000502,TXN003804,CUST07816,MER02302,2024-06-15 03:26:01,4556.36,Product Returned,Completed
REF000503,TXN002242,CUST01959,MER05722,2024-08-20 08:24:17,2141.96,Order Cancelled,Pending
REF000504,TXN006112,CUST00180,MER04089,2024-03-30 06:46:22,1399.08,Booking Cancelled,Completed
REF000505,TXN005253,CUST00229,MER09152,2024-06-19 12:18:28,54241.41,Customer Request,Completed
REF000506,TXN003532,CUST05158,MER09260,2024-01-31 22:58:54,81709.41,Duplicate Transaction,Completed
REF000507,TXN003053,CUST04115,MER00645,2024-06-15 19:32:43,1196.33,Customer Request,Rejected
REF000508,TXN004091,CUST04865,MER01345,,12053.3,,Completed
REF000509,TXN009316,CUST03227,MER07376,2024-11-08 14:45:42,672.35,Booking Cancelled,Completed
REF000510,TXN002274,CUST00648,MER09049,2024-12-02 22:56:06,49668.54,Duplicate Transaction,Pending
REF000511,TXN006111,CUST03910,MER01289,2024-07-03 07:46:16,2112.39,Product Returned,Pending
REF000512,TXN009325,CUST00521,MER00389,2024-05-07 13:55:17,576.96,Customer Request,Completed
REF000513,TXN002176,CUST05275,MER02217,2024-08-24 21:18:15,4509.19,Customer Request,Pending
REF000514,TXN004150,CUST02471,MER05284,2024-07-11 00:24:42,23422.46,Order Cancelled,Completed
REF000515,TXN002940,,MER07661,2024-11-24 20:41:52,505.95,Product Returned,Completed
REF000516,TXN001049,CUST03361,MER04969,2024-06-22 13:24:02,58083.18,Duplicate Transaction,Completed
REF000517,TXN004976,,MER02208,2024-05-17 18:10:25,1519.3,Booking Cancelled,Completed
REF000518,TXN004675,CUST00344,MER00535,2024-03-26 08:03:59,101403.89,Duplicate Transaction,Completed
REF000519,TXN001340,CUST09741,,2024-09-06 08:22:39,218.12,Booking Cancelled,Pending
REF000520,TXN004618,CUST09129,MER06856,2024-06-15 22:34:10,21463.8,Duplicate Transaction,Completed
REF000521,TXN001019,CUST07549,MER03216,2024-05-13 18:49:55,6481.51,Booking Cancelled,Rejected
REF000522,TXN002152,CUST06836,MER03652,2024-12-31 16:35:44,83085.2,Order Cancelled,Completed
REF000523,TXN002567,CUST00953,MER09199,2024-09-07 13:38:51,577.93,Booking Cancelled,Completed
REF000524,TXN007629,CUST07557,MER05083,2024-01-26 02:45:51,12278.05,Duplicate Transaction,Completed
REF000525,TXN000984,CUST05998,MER03278,2024-04-09 14:31:29,15929.75,Booking Cancelled,Completed
REF000526,TXN000832,,MER05489,2024-03-20 05:49:47,676.95,Booking Cancelled,Pending
REF000527,TXN001773,CUST06937,MER04751,2025-01-06 12:33:26,5392.84,Duplicate Transaction,Completed
REF000528,TXN002784,CUST08941,MER05939,2024-04-18 04:32:05,43394.06,Duplicate Transaction,Pending
REF000529,TXN002638,CUST01634,MER01857,2025-01-13 20:17:33,3167.64,Product Returned,Pending
REF000530,TXN008883,CUST01619,MER06116,2024-04-05 22:18:50,4412.41,Order Cancelled,Completed
REF000531,TXN004261,CUST00166,MER00077,2024-10-12 00:28:26,14786.12,Customer Request,Rejected
REF000532,TXN003090,CUST04241,MER00807,2024-03-12 22:17:05,10672.57,Customer Request,Completed
REF000533,TXN000697,CUST06256,MER08242,2024-10-02 19:17:02,447.62,Product Returned,Pending
REF000534,TXN008034,CUST02272,,2024-02-07 05:41:05,34697.31,Duplicate Transaction,Completed
REF000535,TXN004668,CUST06274,MER07526,2024-06-17 10:48:37,1193.97,Product Returned,Pending
REF000536,TXN001477,CUST04623,MER09593,2024-02-04 16:16:44,10801.14,Duplicate Transaction,Pending
REF000537,TXN001465,CUST08207,MER04361,2024-01-30 11:57:54,5447.04,Customer Request,Completed
REF000538,TXN002627,CUST06720,MER06583,2024-11-17 12:18:23,8740.62,Duplicate Transaction,Pending
REF000539,TXN007534,CUST01318,MER06111,2025-01-05 11:44:25,629.74,Customer Request,Completed
REF000540,TXN007625,CUST08201,MER02181,2024-06-12 11:42:15,65308.54,Order Cancelled,Completed
REF000541,TXN001336,CUST05512,MER00212,2024-02-21 05:05:53,16753.01,Duplicate Transaction,Pending
REF000542,TXN007199,CUST03979,MER09284,2024-07-02 16:50:59,1796.78,Booking Cancelled,Completed
REF000543,TXN001322,CUST07963,MER09845,2024-12-05 23:07:31,717.34,Customer Request,Pending
REF000544,TXN009743,CUST05043,MER02107,2024-10-26 23:52:02,8317.62,Booking Cancelled,Completed
REF000545,TXN007079,CUST04299,MER08086,2024-07-27 20:59:14,35607.16,Product Returned,Completed
REF000546,TXN009859,CUST06834,MER06720,2024-08-18 21:03:03,21834.34,Product Returned,Completed
REF000547,TXN001854,CUST01551,MER00725,2024-12-16 17:12:01,39249.62,Duplicate Transaction,Completed
REF000548,TXN009918,CUST05892,MER06738,2024-11-04 15:39:36,889.42,Order Cancelled,
REF000549,TXN007396,CUST06368,MER03501,2024-02-03 23:56:29,1914.52,Customer Request,Completed
REF000550,TXN004278,CUST04497,MER07623,2024-02-29 09:55:07,6557.36,Booking Cancelled,Completed
REF000551,TXN006311,CUST05061,MER02328,2024-09-01 00:12:41,17019.26,Product Returned,Pending
REF000552,TXN006118,CUST02557,MER05598,2024-05-14 08:09:57,386.9,Product Returned,Completed
REF000553,TXN008251,CUST06318,MER08577,2024-02-22 01:06:23,36571.04,Product Returned,Completed
REF000554,TXN001327,CUST02946,MER01325,2024-04-20 09:43:11,175.46,Duplicate Transaction,Completed
REF000555,TXN008400,CUST02967,MER02335,2024-12-31 23:06:08,8420.52,,Completed
REF000556,TXN000672,,MER09682,2024-01-26 07:40:20,151.37,Product Returned,Completed
REF000557,TXN006852,CUST01014,MER03834,2024-08-23 05:26:19,417.93,Order Cancelled,Pending
REF000558,TXN009516,CUST09496,MER07889,2024-07-24 00:40:02,3378.14,Booking Cancelled,Completed
REF000559,TXN004719,CUST05396,MER03295,2024-06-23 09:45:55,1862.69,Customer Request,Completed
REF000560,TXN008672,CUST05836,MER01127,2024-12-31 12:35:49,506.06,Order Cancelled,Completed
REF000561,TXN009398,CUST09277,MER04746,2024-06-12 11:59:49,13667.12,Product Returned,Completed
REF000562,TXN000573,CUST07544,MER06555,2024-12-02 19:57:26,22874.26,Order Cancelled,Pending
REF000563,TXN000352,CUST04535,MER07701,2024-12-29 12:21:27,69624.97,Customer Request,Completed
REF000564,TXN007468,CUST05601,MER03695,2024-09-07 09:01:20,474.86,Duplicate Transaction,Completed
REF000565,TXN002969,CUST09428,MER08875,2024-01-19 09:49:29,214.03,Product Returned,Rejected
REF000566,TXN001082,CUST04725,MER07185,2024-04-10 00:51:06,15425.58,Order Cancelled,Completed
REF000567,TXN009483,CUST01340,MER00686,2024-12-12 02:33:06,10022.17,Duplicate Transaction,Completed
REF000568,TXN006954,CUST00622,MER03019,2024-10-08 14:17:19,672.8,Booking Cancelled,Completed
REF000569,TXN002380,CUST09011,MER06901,2024-04-30 22:14:33,23348.64,Duplicate Transaction,Completed
REF000570,TXN008172,,MER05234,2024-07-28 09:25:26,692.35,Duplicate Transaction,Completed
REF000571,TXN007409,CUST00735,MER08120,2024-03-16 17:05:00,77882.45,Order Cancelled,Completed
REF000572,TXN001306,CUST06037,,2024-03-21 04:11:21,4462.04,Product Returned,Completed
REF000573,TXN000464,CUST00666,MER08810,2024-06-07 11:32:58,3418.14,Duplicate Transaction,Completed
REF000574,TXN006063,CUST04080,MER00284,2024-07-06 02:09:25,1748.9,Duplicate Transaction,Completed
REF000575,TXN008434,CUST02665,MER08159,2024-11-28 10:37:30,1211.33,Order Cancelled,Completed
REF000576,TXN005135,CUST04777,MER08909,2024-09-05 23:41:32,93171.32,Order Cancelled,Pending
REF000577,TXN002275,CUST00791,MER02150,2024-08-30 07:00:59,6056.2,Customer Request,Completed
REF000578,TXN009187,CUST06360,MER02602,2024-08-09 02:39:03,2085.59,Booking Cancelled,Completed
REF000579,TXN008868,CUST09636,MER08393,2024-12-04 18:46:34,17385.24,Booking Cancelled,Completed
REF000580,TXN007556,CUST06390,MER04382,2024-08-15 20:11:13,80736.17,Booking Cancelled,Completed
REF000581,TXN006182,CUST03260,MER00951,2024-05-22 18:45:53,485.22,Duplicate Transaction,Completed
REF000582,TXN009991,CUST03535,MER08065,2024-12-11 15:19:50,988.39,Duplicate Transaction,Completed
REF000583,TXN007255,CUST02408,MER04539,22/11/2024,9883.56,Customer Request,Completed
REF000584,TXN004801,CUST09093,MER03583,2024-10-01 02:38:56,1054.04,Booking Cancelled,Completed
REF000585,TXN009082,CUST03487,MER04926,2024-07-14 23:07:13,10040.02,Booking Cancelled,Completed
REF000586,TXN001407,CUST07059,MER06480,2024-03-23 00:01:33,15615.26,Booking Cancelled,Pending
REF000587,TXN002931,CUST01512,MER08355,2024-08-06 12:36:12,618.06,Customer Request,Rejected
REF000588,TXN001474,CUST04493,MER08473,,97131.52,Booking Cancelled,Completed
REF000589,TXN001983,CUST00862,MER09095,2024-07-24 00:16:01,601.46,Customer Request,Completed
REF000590,TXN006901,CUST07635,MER08751,2024-02-06 11:44:01,15927.82,Customer Request,Pending
REF000591,TXN006556,CUST03573,MER08313,2024-02-21 18:27:36,84179.33,Duplicate Transaction,Pending
REF000592,TXN005084,CUST06561,MER00541,2024-01-14 15:00:06,1927.27,Product Returned,Completed
REF000593,TXN008363,CUST03086,MER07878,2024-08-31 14:46:28,93726.7,Customer Request,Completed
REF000594,TXN007893,CUST01883,MER08648,2024-09-15 19:44:07,539.84,Product Returned,Completed
REF000595,TXN008355,CUST03142,MER00638,2024-10-09 09:28:24,102920.15,Duplicate Transaction,Completed
REF000596,TXN009609,CUST03228,MER01031,2024-02-21 08:22:03,1144.9,Duplicate Transaction,Completed
REF000597,TXN008278,CUST07432,MER04384,2024-02-03 09:46:35,1629.52,Product Returned,Completed
REF000598,TXN004452,CUST05451,MER09822,2024-07-30 04:22:46,29245.06,Customer Request,Completed
REF000599,TXN001465,CUST08207,MER04361,2024-01-13 11:57:54,6536.45,Customer Request,Completed
REF000600,TXN009736,CUST00555,MER04333,2024-08-20 22:07:00,7174.94,Product Returned,Completed
REF000601,TXN008100,CUST00267,MER03671,2024-11-12 03:58:20,692.55,Booking Cancelled,Completed
REF000602,TXN001641,CUST08561,MER04966,2024-03-26 10:38:53,3298.32,Order Cancelled,Rejected
REF000603,TXN004866,CUST09622,MER07329,2024-08-09 04:00:10,402.94,Duplicate Transaction,Completed
REF000604,UNKNOWN,,MER05046,2024-03-10 02:09:38,216.29,Duplicate Transaction,Completed
REF000605,TXN002563,CUST02782,MER09227,2024-10-29 21:25:01,248.28,Customer Request,Completed
REF000606,TXN007590,CUST00364,MER02068,2024-10-15 07:03:09,38378.41,Customer Request,Pending
REF000607,TXN008001,CUST04223,MER09227,2024-12-02 15:00:34,4611.06,Order Cancelled,Completed
REF000608,TXN006500,CUST05359,MER06960,2024-08-29 17:14:24,6671.54,Product Returned,Pending
REF000609,TXN007399,CUST07808,MER01328,2024-11-16 19:36:37,19994.64,Product Returned,Completed
REF000610,TXN008194,CUST09082,MER00749,2024-04-03 05:42:45,980.5,Customer Request,Completed
REF000611,TXN000867,CUST00726,MER03961,2024-10-11 11:37:36,427.6,Duplicate Transaction,Completed
REF000612,TXN007339,CUST05344,MER03303,2024-08-09 15:31:53,92241.77,Order Cancelled,Pending
REF000613,TXN009210,CUST09760,MER02071,2024-11-07 03:10:41,573.0,Booking Cancelled,Completed
REF000614,TXN006106,CUST04499,MER04450,2024-08-16 08:40:37,1445.05,Booking Cancelled,Completed
REF000615,TXN007805,CUST01500,MER04533,2024-11-19 07:56:39,5762.54,Duplicate Transaction,Completed
REF000616,TXN005178,CUST00054,MER01395,2025-01-04 06:45:52,16079.0,Product Returned,Pending
REF000617,TXN003732,CUST08080,MER08969,2024-04-27 10:51:24,1192.84,Order Cancelled,Completed
REF000618,TXN002586,CUST09099,MER09883,2024-03-20 09:51:50,86932.23,Order Cancelled,Completed
REF000619,TXN007381,CUST08905,MER04855,2024-08-11 12:38:01,283.18,Order Cancelled,Completed
REF000620,TXN007210,CUST00830,MER04806,2024-04-25 07:35:11,110346.17,Order Cancelled,Completed
REF000621,TXN002129,CUST08507,MER08114,2024-06-24 08:31:56,16495.85,Product Returned,Completed
REF000622,TXN000140,CUST02232,MER09015,2024-07-25 06:16:31,4945.09,Customer Request,Completed
REF000623,TXN009621,CUST07960,MER06558,2024-05-21 01:15:46,48437.25,Product Returned,Completed
REF000624,TXN005084,CUST06561,MER00541,2024-01-26 15:00:06,2312.72,Order Cancelled,Completed
REF000625,TXN004235,CUST07972,MER06766,2024-09-30 10:34:07,1597.57,Duplicate Transaction,Completed
REF000626,TXN007495,CUST09251,MER00803,2024-03-31 06:20:09,14738.2,Product Returned,Completed
REF000627,TXN007913,CUST02283,MER02515,2024-06-24 02:31:56,4513.73,Customer Request,Completed
REF000628,TXN004344,CUST08547,MER06726,2024-04-12 02:14:05,1571.65,Duplicate Transaction,Completed
REF000629,TXN001544,CUST07074,MER03872,2024-02-04 17:21:57,2211.24,Order Cancelled,Completed
REF000630,TXN003014,CUST04256,MER08127,2024-08-08 07:50:32,15377.41,Product Returned,Rejected
REF000631,TXN008149,CUST00403,MER04693,13/09/2024,4546.22,Product Returned,Completed
REF000632,TXN000982,CUST09554,MER02787,2024-05-30 16:24:56,14694.39,Order Cancelled,Completed
REF000633,TXN001352,CUST05605,MER09277,2024-03-23 21:03:41,275.61,Order Cancelled,Rejected
REF000634,TXN006108,CUST06773,MER00804,2024-08-14 00:56:34,3132.43,Order Cancelled,Completed
REF000635,TXN002619,CUST04432,MER03361,2024-11-10 10:22:48,15048.11,Booking Cancelled,Pending
REF000636,TXN008705,CUST05789,MER05142,2025-01-22 15:49:00,37625.82,Booking Cancelled,Completed
REF000637,TXN000953,CUST04430,MER01255,2024-10-18 15:30:08,2504.82,Duplicate Transaction,Completed
REF000638,TXN006681,CUST07299,MER05672,2024-08-28 03:57:26,375.43,Customer Request,Pending
REF000639,TXN000328,CUST07779,MER08134,2024-09-18 08:16:26,247.88,Customer Request,Rejected
REF000640,TXN003431,CUST03894,MER02658,2024-02-05 23:38:23,90339.88,Booking Cancelled,Completed
REF000641,TXN004625,CUST09305,MER02883,2024-09-04 04:10:02,1702.24,Customer Request,Pending
REF000642,TXN003150,CUST05164,MER00172,10/09/2024,1756.62,Product Returned,Completed
REF000643,TXN009293,CUST01724,MER08450,2024-01-18 04:46:03,7554.08,Duplicate Transaction,Completed
REF000644,TXN001655,CUST09509,MER02928,2024-11-15 04:41:50,15140.16,Booking Cancelled,Rejected
REF000645,TXN006442,CUST05997,MER06712,2024-12-09 19:23:31,563.72,Duplicate Transaction,Completed
REF000646,TXN008055,CUST07309,MER08363,2024-12-23 15:54:28,440.37,Duplicate Transaction,Completed
REF000647,TXN005467,CUST08129,MER05104,2024-05-23 01:33:05,1240.11,Booking Cancelled,Completed
REF000648,TXN000840,CUST05410,MER01592,2024-09-27 06:30:10,350.76,Booking Cancelled,Completed
REF000649,TXN008598,CUST04798,MER02674,2024-11-08 23:16:33,87849.01,Customer Request,Completed
REF000650,TXN003751,CUST02342,MER05059,2024-10-23 15:26:32,1373.08,Customer Request,Pending
REF000651,TXN002692,CUST07001,MER06805,2024-04-27 06:12:35,29775.61,Product Returned,Completed
REF000652,TXN005101,CUST07293,MER07478,2024-07-18 21:39:24,18155.08,Duplicate Transaction,
REF000653,TXN003285,CUST03463,MER04692,2024-09-21 06:47:15,95.56,Product Returned,Completed
REF000654,TXN007241,CUST03492,MER06909,2024-12-23 04:10:04,96884.31,Product Returned,Completed
REF000655,TXN006008,CUST03286,MER07383,2024-08-13 02:01:25,1030.36,Booking Cancelled,Pending
REF000656,TXN004930,CUST06912,MER07626,2024-08-15 18:13:14,6227.78,Order Cancelled,Completed
REF000657,TXN004322,CUST02009,MER01151,2024-03-21 19:45:59,17036.87,Booking Cancelled,Completed
REF000658,TXN009479,CUST06823,MER05029,2024-12-18 13:43:26,1667.65,Order Cancelled,Completed
REF000659,TXN002263,CUST06596,MER03638,2024-11-06 13:14:34,305.94,Customer Request,Completed
REF000660,TXN007544,CUST07631,MER06513,,19938.22,Customer Request,Completed
REF000661,TXN005207,CUST08128,MER07935,2024-12-12 12:54:03,55391.79,Booking Cancelled,Completed
REF000662,TXN003308,CUST05578,MER03476,2024-09-15 04:26:59,686.99,Order Cancelled,Completed
REF000663,TXN007296,CUST09013,MER00298,2024-04-01 10:50:44,113.66,Customer Request,Completed
REF000664,TXN006275,CUST06003,MER00874,2024-03-23 10:03:55,346.88,Customer Request,Completed
REF000665,TXN003029,CUST02708,MER02227,2024-03-12 19:38:01,2798.93,Customer Request,Completed
REF000666,TXN001459,CUST00324,MER03641,2024-02-11 20:39:16,97515.06,Customer Request,Pending
REF000667,TXN000312,CUST07494,MER05114,2024-11-11 16:17:08,5018.83,Order Cancelled,Completed
REF000668,TXN001099,CUST02783,MER09564,2024-07-13 16:15:25,418.58,Booking Cancelled,Completed
REF000669,TXN004077,CUST06824,MER00759,2024-04-17 09:56:35,17140.14,Order Cancelled,Completed
REF005383,TXN002127,CUST02199,MER05366,2024-03-11 08:24:23,24099.48,Duplicate Transaction,Completed
REF000671,TXN009254,CUST03129,MER03706,2024-06-21 22:03:52,16903.46,Order Cancelled,Completed
REF000672,TXN003938,CUST03200,MER05593,2024-02-18 01:56:13,48.1,Order Cancelled,Pending
REF000673,TXN006718,CUST04782,MER04510,2024-07-30 02:50:46,127.78,Duplicate Transaction,Completed
REF000674,TXN005430,CUST05748,MER04557,2024-01-22 14:27:09,83025.81,Order Cancelled,Completed
REF000675,TXN005626,CUST03011,MER07076,2024-12-24 03:34:44,103.56,Order Cancelled,Completed
REF000676,TXN004450,CUST07478,MER07343,2024-02-03 05:09:53,23001.66,,Completed
REF000677,TXN009188,CUST00252,MER00076,2024-09-12 02:28:41,157.11,,Completed
REF000678,TXN003115,CUST04450,MER04799,2024-11-04 04:18:09,6713.16,Product Returned,Completed
REF000679,TXN008470,CUST02956,MER04781,2024-03-28 12:51:14,70023.04,Product Returned,Completed
REF000680,TXN009444,CUST04802,,2024-07-12 06:12:36,4353.88,Booking Cancelled,Rejected
REF000681,TXN000758,CUST04568,MER08011,2024-07-05 20:33:47,6594.55,Product Returned,Completed
REF000682,TXN002509,CUST08108,MER09926,2024-03-07 11:30:53,5539.08,Order Cancelled,Completed
REF000683,TXN004151,CUST04251,MER00817,2024-05-13 13:48:06,347.67,Order Cancelled,Completed
REF000684,TXN005357,CUST00588,MER06528,2024-10-20 15:10:18,7824.44,Customer Request,Completed
REF000685,TXN007887,CUST06233,MER01471,,245.65,Order Cancelled,Completed
REF000686,TXN009222,CUST03975,MER03356,,449.38,Customer Request,Completed
REF000687,TXN004278,CUST04497,MER07623,2024-03-03 09:55:07,13114.72,Order Cancelled,
REF000688,TXN001957,CUST00698,MER04735,2025-01-05 03:01:11,14329.63,Duplicate Transaction,Pending
REF000689,TXN006285,CUST02273,MER09222,,85.4,Booking Cancelled,Completed
,TXN003075,CUST06247,MER02059,2024-12-30 14:52:44,3772.67,Customer Request,Completed
REF003227,TXN009988,CUST03861,MER07586,2024-10-13 18:14:20,579.33,Booking Cancelled,Completed
REF000692,TXN006788,CUST03756,MER04226,2024-02-11 08:04:20,9806.16,Customer Request,Completed
REF000693,TXN003774,CUST07534,MER01389,2024-02-12 07:17:34,9168.52,Duplicate Transaction,Completed
REF000694,TXN006308,CUST01203,MER03401,2025-01-02 15:53:15,16802.78,Order Cancelled,Completed
REF000695,TXN008474,CUST03199,MER04794,2024-02-19 03:02:23,16677.26,Product Returned,Completed
REF000696,TXN008492,CUST06954,MER08523,2024-10-09 07:48:58,1588.48,Product Returned,Completed
REF000697,TXN009156,CUST07543,MER00869,2024-10-15 08:02:55,478.36,Duplicate Transaction,Pending
REF000698,TXN004722,CUST01947,MER05473,2024-08-08 02:10:03,31815.93,Product Returned,Completed
REF000699,TXN007283,CUST01220,MER06024,2024-07-19 07:49:37,1690.76,Booking Cancelled,Pending
REF000700,,CUST04207,MER05010,2024-02-27 02:52:41,7065.78,Duplicate Transaction,Rejected
REF000701,TXN002630,CUST09172,MER02999,2024-07-11 13:00:04,83128.28,Product Returned,Pending
REF000702,TXN004510,CUST07660,MER08531,2024-04-17 06:38:47,17133.19,Customer Request,Pending
REF000703,TXN001751,CUST02519,MER07171,2024-06-16 21:35:35,883.53,Booking Cancelled,Completed
REF000704,TXN007612,CUST01388,MER00239,2024-09-25 21:32:54,725.7,Duplicate Transaction,Pending
REF000705,,CUST05380,MER03890,2024-10-25 08:03:18,63355.96,Product Returned,Completed
REF000706,TXN002032,CUST07908,MER01368,2024-12-01 05:54:56,1766.74,Product Returned,Completed
REF000707,TXN002619,CUST04432,MER03361,2024-10-28 10:22:48,30096.22,Booking Cancelled,Completed
REF000708,TXN001241,CUST06427,MER03882,2024-12-25 07:50:57,440.3,Product Returned,Pending
REF000709,,CUST01119,MER09109,2024-04-02 04:26:36,75.12,Customer Request,Pending
REF000710,TXN008879,CUST00239,MER04266,2024-05-08 02:44:49,3103.24,Order Cancelled,Completed
REF000711,TXN000796,CUST06004,MER09393,2024-03-30 22:43:46,2695.47,Product Returned,Rejected
REF000712,TXN004615,CUST01028,MER09471,12/07/2024,346.06,Duplicate Transaction,Completed
REF000713,TXN004655,CUST07773,,2024-06-02 18:58:06,1399.65,Customer Request,Pending
REF000714,TXN003188,CUST02607,MER05070,2024-06-17 22:25:27,116.51,Duplicate Transaction,Rejected
REF000715,TXN001832,CUST07797,MER03589,2024-09-10 08:26:00,,Duplicate Transaction,Completed
REF000716,TXN004383,CUST08308,MER06103,2024-07-05 01:44:40,46.22,Booking Cancelled,Pending
REF000717,TXN007996,CUST01079,MER06318,2024-01-05 15:04:34,1747.09,Product Returned,Completed
REF000718,TXN000642,CUST03534,MER03147,2024-12-01 21:52:25,18485.98,Customer Request,Pending
REF000719,TXN003551,,MER08058,2024-09-16 21:13:56,80.1,,Pending
REF000720,TXN002114,CUST05524,MER06401,2024-07-16 06:55:14,669.76,Duplicate Transaction,Rejected
REF000721,TXN005392,CUST06980,MER08068,2024-05-13 15:14:04,96266.37,Product Returned,Completed
REF000722,TXN006751,CUST09630,MER00158,2024-07-22 11:58:02,8982.64,Product Returned,Completed
REF000723,TXN006805,CUST07487,MER02880,2024-08-09 05:56:10,7951.83,Booking Cancelled,Pending
REF000724,TXN004744,CUST06719,MER08485,2024-08-14 05:07:32,19501.47,Booking Cancelled,Completed
REF000725,TXN002768,CUST02465,MER04412,2025-01-08 00:04:25,639.94,Customer Request,Pending
REF000726,TXN006040,CUST06237,MER07245,2024-06-16 14:14:18,2090.84,Duplicate Transaction,Completed
REF000727,TXN004464,CUST06280,MER09150,2024-02-06 07:39:10,522.18,Product Returned,
REF000728,TXN001382,CUST06707,MER04957,2024-01-29 06:19:37,16722.77,Customer Request,Completed
REF000729,TXN001929,CUST07067,MER08394,2024-02-23 05:51:49,89.47,Booking Cancelled,Completed
REF000730,TXN000054,CUST03608,MER03239,2024-03-27 05:08:25,6344.96,Booking Cancelled,Pending
REF000731,TXN007416,CUST09653,MER00903,2024-01-20 19:49:21,588.19,Order Cancelled,Rejected
REF000732,TXN003508,CUST05938,MER01731,2024-05-29 04:13:23,47761.8,Booking Cancelled,Completed
REF000733,TXN007093,CUST03480,MER02615,2024-11-27 18:03:06,504.13,Duplicate Transaction,Completed
REF006259,TXN006065,CUST05269,MER00344,2024-04-15 21:05:35,11396.5,Duplicate Transaction,Completed
REF000735,TXN000535,CUST08014,MER07454,2024-09-25 21:02:23,3410.8,Customer Request,Pending
REF000736,TXN006433,CUST07283,MER08414,2024-09-25 14:35:32,67627.22,Order Cancelled,Pending
REF000737,TXN001025,CUST05375,MER05761,2024-04-13 15:15:11,12896.1,Duplicate Transaction,Completed
REF000738,TXN006880,CUST01916,MER00651,2025-01-06 07:08:08,292.1,Booking Cancelled,Completed
REF000739,TXN007953,CUST01805,MER06849,2024-08-02 00:11:01,43492.57,Order Cancelled,Completed
REF000740,TXN006364,CUST07829,MER07333,2024-06-11 18:07:40,952.56,Duplicate Transaction,Completed
REF000741,TXN009428,CUST06734,MER00825,2024-10-26 11:16:20,6224.28,Customer Request,Completed
REF000742,TXN003727,CUST06927,MER03844,2024-12-07 07:51:34,23996.46,Product Returned,Completed
REF000743,TXN000140,CUST02232,MER09015,2024-08-01 06:16:31,11868.22,Duplicate Transaction,Completed
REF000744,TXN002793,CUST02988,MER03850,2024-08-15 04:44:48,161.62,Order Cancelled,Pending
REF000745,TXN000215,CUST01427,MER06190,02/11/2024,1977.6,Booking Cancelled,Completed
REF000746,TXN001467,CUST05295,MER06232,2024-10-07 19:15:35,16636.67,Product Returned,Completed
REF000747,TXN004250,CUST04727,MER07381,2024-04-06 02:41:08,20511.84,Order Cancelled,Completed
REF000748,TXN007638,CUST09672,MER03358,2024-10-31 15:58:26,36417.68,Product Returned,Completed
REF000749,TXN003919,CUST03277,MER00371,2024-02-09 05:15:56,60187.63,Order Cancelled,Completed
REF000750,TXN009361,CUST08743,MER03626,2024-08-15 12:38:15,8500.18,Order Cancelled,Completed
REF000751,TXN000720,CUST00401,MER03823,,17905.52,Customer Request,Completed
REF000752,TXN004994,CUST04797,MER01854,2024-05-09 05:08:38,25890.5,Booking Cancelled,Pending
REF000753,TXN003254,CUST08450,MER09568,2025-01-15 17:24:23,19443.86,Order Cancelled,Rejected
REF000754,TXN008770,CUST00269,MER02544,2024-02-29 01:58:16,8783.52,Order Cancelled,Completed
REF000755,TXN001692,CUST06536,MER08399,2024-08-05 21:08:10,89554.51,Product Returned,Completed
REF000756,TXN007895,CUST05152,MER09003,2024-12-15 05:31:33,51049.08,Duplicate Transaction,Rejected
REF000757,TXN003958,CUST05281,MER03410,2024-12-03 21:38:53,404.12,Product Returned,Completed
REF000758,TXN002848,CUST04917,MER02228,2024-09-19 00:14:33,13858.95,Duplicate Transaction,Completed
REF000759,TXN007335,CUST02361,MER05122,2024-01-19 23:06:04,17916.35,Booking Cancelled,Completed
REF000760,TXN002576,CUST05513,MER06068,2024-02-29 15:48:46,743.86,Duplicate Transaction,Completed
REF000761,TXN004028,CUST09998,MER07753,2024-08-28 11:43:40,46202.36,Booking Cancelled,Pending
REF000762,TXN008959,CUST03851,MER00695,2024-09-07 13:04:32,13581.46,Order Cancelled,Pending
REF000763,TXN007735,CUST02977,MER01780,2025-01-02 20:42:38,150.93,Order Cancelled,Completed
REF000764,TXN004435,CUST09148,MER00870,2024-11-28 14:47:56,99057.29,Customer Request,Completed
REF000765,UNKNOWN,CUST04853,MER04776,2024-01-17 20:03:22,2181.85,Product Returned,Completed
REF000766,TXN002208,UNKNOWN,MER06145,,30588.14,Booking Cancelled,Completed
REF000767,TXN004843,CUST04939,MER01762,2024-01-20 13:08:47,11300.55,Customer Request,Pending
REF000768,TXN003758,CUST09034,MER05481,2024-06-11 18:03:26,22307.27,Duplicate Transaction,Completed
REF000769,TXN009492,CUST05080,MER04289,14/03/2024,1468.92,Product Returned,Completed
REF000770,TXN007772,CUST00006,MER08944,2024-04-25 09:40:18,245.09,Order Cancelled,Pending
REF000771,TXN003954,CUST07187,MER01786,2024-05-13 14:22:43,14636.5,Customer Request,Rejected
REF000772,TXN005384,CUST00535,MER03357,2024-12-25 08:30:00,4975.68,Order Cancelled,Pending
REF000773,TXN001701,CUST05593,MER06689,2025-01-18 17:46:57,29987.1,Order Cancelled,Completed
REF000774,TXN001030,CUST06290,MER00328,2024-03-15 06:12:41,64818.74,Order Cancelled,Completed
REF000775,TXN002888,CUST04137,MER02706,2024-09-18 00:01:33,2307.91,Booking Cancelled,Completed
REF000776,TXN009091,CUST09460,MER02471,2024-11-12 04:32:31,655.1,Product Returned,Completed
REF000777,TXN006154,CUST03418,MER09309,2024-12-03 13:05:01,835.3,Product Returned,Pending
REF000778,TXN001487,CUST08538,MER07220,2024-04-18 13:45:13,14268.73,Product Returned,Completed
REF000779,TXN005216,CUST02019,MER05273,2024-08-01 10:53:56,21241.54,Product Returned,Completed
REF000780,TXN006814,CUST03909,MER04921,2024-07-01 07:47:02,11791.53,Booking Cancelled,Pending
REF000781,TXN004262,CUST03719,MER00851,2024-07-05 13:39:46,17174.76,Customer Request,Pending
REF000782,TXN007144,CUST05737,MER01690,2024-03-18 11:10:30,430.63,Booking Cancelled,Completed
REF000783,TXN008684,CUST03106,MER05612,2024-04-18 18:57:36,,Customer Request,Completed
REF000784,TXN001452,CUST07645,MER08483,2024-12-21 01:10:26,9401.03,Customer Request,Completed
REF000785,TXN009954,CUST00770,MER09787,2024-08-22 10:04:40,936.58,Customer Request,Completed
REF000786,TXN001809,CUST00688,MER04266,2024-06-22 22:19:23,36446.34,Booking Cancelled,Completed
REF000787,TXN007031,CUST06582,MER03611,2024-06-13 22:24:46,7103.64,Booking Cancelled,Completed
REF000788,TXN002431,CUST04879,MER05457,2024-01-14 02:37:58,,Order Cancelled,Completed
REF000789,TXN004628,CUST04894,MER06013,2024-07-10 11:31:53,25216.2,Order Cancelled,Pending
REF000790,TXN003282,CUST01264,MER07603,2024-09-14 18:13:59,1175.03,Order Cancelled,Completed
REF000791,TXN008619,CUST01605,MER01669,2024-09-25 14:50:21,85962.46,Product Returned,Completed
REF000792,TXN002774,CUST06387,MER06071,2024-05-11 12:23:18,298.68,Customer Request,Completed
REF000793,TXN001579,CUST04423,MER08931,2024-05-12 17:49:57,11151.55,Booking Cancelled,Completed
REF000794,TXN009231,CUST09011,MER07381,2024-03-09 19:44:24,18763.44,Duplicate Transaction,Completed
REF000795,TXN007725,CUST04859,MER02051,2024-08-09 05:56:26,387.72,Product Returned,Rejected
REF000796,TXN005861,CUST00088,MER00913,2024-12-28 14:44:50,456.05,Duplicate Transaction,Completed
REF000797,TXN007912,CUST00325,MER06783,2025-01-05 22:23:27,571.66,Duplicate Transaction,Rejected
REF000798,TXN002541,CUST09295,MER04330,2024-06-26 21:54:40,767.01,Product Returned,Completed
REF000799,TXN003347,CUST08369,MER00332,2024-05-14 02:04:28,592.04,Product Returned,Completed
REF000800,TXN003628,CUST07983,MER05412,2024-01-07 16:55:33,539.1,Order Cancelled,Completed
REF000801,TXN002751,CUST03262,MER04662,2024-02-14 18:55:45,861.56,Booking Cancelled,
REF000802,TXN002541,CUST09295,MER04330,2024-06-15 21:54:40,1534.02,Duplicate Transaction,Completed
REF000803,TXN000429,CUST09924,MER07087,30/01/2024,73.76,Product Returned,Completed
REF000804,TXN002081,CUST08440,MER02065,2024-04-24 18:15:48,30528.3,Order Cancelled,Pending
REF000805,TXN000430,CUST04763,MER04843,2024-07-19 16:09:56,891.72,Customer Request,Completed
REF000806,TXN008406,CUST03817,MER05717,2024-11-04 23:02:38,76541.73,Order Cancelled,Completed
REF000807,TXN004950,CUST09720,MER00681,2024-06-05 18:56:52,6550.36,Duplicate Transaction,Completed
REF000808,TXN002148,CUST00483,MER09962,2024-08-17 16:55:08,33358.04,Customer Request,Pending
REF000809,TXN008052,CUST03793,MER08408,2024-10-28 15:21:31,22898.0,Customer Request,Completed
REF000810,TXN009560,CUST09495,MER06588,2024-02-25 22:51:36,16754.97,Product Returned,Completed
REF000811,TXN003609,CUST04310,MER08882,2024-12-17 21:13:36,17746.49,Customer Request,Completed
REF000812,TXN009290,CUST06796,MER08976,2024-10-28 00:32:39,11168.72,Customer Request,Completed
REF000813,TXN009149,CUST08186,MER02862,2024-07-04 13:21:01,321.52,Duplicate Transaction,Completed
REF000814,TXN003777,CUST09021,MER08188,2024-04-14 00:45:05,19230.55,Booking Cancelled,Completed
REF000815,TXN000807,CUST01990,MER03510,2024-09-21 04:18:18,4098.17,Duplicate Transaction,Pending
REF000816,TXN001800,CUST04348,MER02192,2024-03-27 14:57:14,7017.96,Order Cancelled,Completed
REF000817,TXN002851,CUST09440,MER05053,2024-11-21 17:08:29,54924.28,Product Returned,Completed
REF000818,TXN005816,CUST04092,MER03925,2024-02-20 09:05:59,15115.88,Customer Request,Completed
REF000819,TXN000886,CUST03206,MER04669,2024-04-22 23:47:15,3121.55,Booking Cancelled,Completed
REF000820,TXN000840,CUST05410,MER01592,2024-10-12 06:30:10,1683.62,Order Cancelled,Rejected
REF000821,TXN001960,CUST06047,MER01277,2024-11-30 07:31:07,14781.78,Booking Cancelled,Pending
REF000822,TXN002179,CUST00858,MER04140,2024-07-18 16:52:26,21801.7,Order Cancelled,Completed
REF000823,TXN004995,CUST00252,MER04553,2024-02-24 22:57:27,94737.28,Order Cancelled,Completed
REF000824,TXN001721,CUST03058,MER09722,2024-06-28 23:38:32,72.6,Customer Request,Completed
REF000825,TXN009828,CUST02276,MER03379,2024-02-03 00:37:50,11308.91,Booking Cancelled,Completed
REF000826,TXN005819,CUST01376,MER06801,2024-09-12 03:36:10,13838.2,Booking Cancelled,Completed
REF000827,TXN008355,CUST03142,MER00638,2024-10-09 09:28:24,85766.79,Order Cancelled,Completed
REF000828,TXN003174,CUST07270,MER02372,2024-03-22 13:01:10,354.23,Order Cancelled,Completed
REF000829,TXN007238,CUST06394,MER05044,2024-07-12 22:13:14,29190.4,Booking Cancelled,Completed
REF000830,TXN006445,CUST09738,MER07204,2024-09-30 05:06:01,158.26,Order Cancelled,Completed
REF000831,TXN008462,CUST02984,MER01568,2024-01-16 17:38:31,369.32,Duplicate Transaction,Completed
REF000832,TXN005522,CUST00154,MER08183,2024-02-14 07:22:06,118507.79,Order Cancelled,Completed
REF000833,TXN009089,CUST05940,,2024-02-28 06:48:28,224.91,Customer Request,Completed
REF000834,TXN000036,CUST05545,MER01383,2024-11-18 16:05:19,1274.36,Duplicate Transaction,Rejected
REF000835,TXN002169,CUST05314,MER05346,2024-12-26 15:51:52,17671.1,Booking Cancelled,Rejected
REF000836,TXN009018,CUST02679,MER05459,2024-03-21 19:50:13,241.48,Booking Cancelled,Completed
REF000837,UNKNOWN,CUST06184,MER02890,2024-07-27 08:36:51,428.22,Product Returned,Completed
REF000838,TXN006983,CUST09839,MER02948,2024-04-12 13:46:58,3789.16,Customer Request,Completed
REF000839,TXN005389,CUST07872,MER00145,2024-12-30 16:17:27,19753.41,Customer Request,Pending
REF000840,TXN005935,CUST06526,MER05715,,13212.98,Product Returned,Completed
REF000841,TXN006214,CUST01341,MER07230,2024-05-30 12:16:28,98790.07,Product Returned,Pending
REF000842,TXN001650,CUST02406,MER02608,2025-01-27 19:31:59,45087.57,Booking Cancelled,Pending
REF000843,,CUST04433,MER07331,2024-05-11 23:14:22,3489.39,Duplicate Transaction,Completed
REF000844,TXN006002,CUST07745,MER00103,2024-04-23 20:47:08,21921.74,Booking Cancelled,Completed
REF000845,TXN002047,CUST01450,MER07196,2024-12-04 15:06:51,9630.87,Product Returned,Completed
REF000846,TXN000564,CUST07956,MER07735,2024-10-24 00:38:35,1253.86,Booking Cancelled,Rejected
REF000847,TXN005991,CUST06919,MER00315,2024-06-06 16:14:36,307.39,Booking Cancelled,Completed
REF000848,TXN008365,CUST00584,MER08472,2024-11-04 18:11:10,10962.47,Duplicate Transaction,Completed
REF000849,TXN006175,CUST02468,MER01930,2024-03-03 02:34:48,14039.4,Duplicate Transaction,Completed
REF000850,TXN001101,CUST07089,MER02405,2025-01-09 06:21:54,2522.95,Duplicate Transaction,Pending
REF000851,TXN009736,CUST00555,MER04333,2024-08-06 22:07:00,7174.94,Booking Cancelled,Completed
REF000852,TXN007082,CUST08495,MER02186,2024-10-11 09:14:02,1073.41,Booking Cancelled,Completed
REF000853,TXN007411,CUST04190,MER05682,05/05/2024,1968.98,Duplicate Transaction,Completed
REF000854,TXN000008,CUST07573,MER02018,2024-08-21 06:07:09,18381.49,Booking Cancelled,Pending
REF000855,TXN004324,CUST03238,MER05625,2024-10-05 02:41:14,66771.36,Duplicate Transaction,
REF000856,TXN004851,CUST09415,MER00769,2024-05-14 08:48:57,1824.84,Booking Cancelled,Completed
REF000857,TXN003494,CUST07295,MER01679,2024-09-14 23:34:10,23583.9,Booking Cancelled,Pending
REF000858,TXN004711,CUST01358,MER09053,2024-04-29 13:05:57,104.09,Duplicate Transaction,Completed
REF000859,TXN005748,CUST04140,MER00518,2024-09-07 02:38:15,2686.14,Booking Cancelled,Rejected
REF000860,TXN000831,CUST09505,MER03585,2024-09-16 09:33:50,735.32,Booking Cancelled,Completed
REF000861,TXN006206,CUST06486,MER05883,2024-09-30 04:33:32,481.68,Customer Request,Completed
,TXN005354,CUST05901,MER09820,2024-03-11 11:02:45,55409.13,Duplicate Transaction,Completed
REF000863,TXN000217,CUST04842,MER07486,2024-05-13 10:11:27,39081.62,Duplicate Transaction,Completed
REF000864,TXN007445,CUST09050,MER07811,26/05/2024,13579.01,Booking Cancelled,Completed
REF000865,TXN002477,CUST05690,MER00633,2024-03-17 04:17:36,654.79,Duplicate Transaction,Completed
REF000866,TXN009845,CUST07349,MER03008,2024-01-18 21:25:39,2543.68,Booking Cancelled,Completed
REF000867,TXN008848,CUST09646,MER06415,2024-04-02 09:38:36,118262.81,Customer Request,Completed
REF008421,TXN002943,CUST06926,MER01908,2024-02-26 15:11:14,470.49,Order Cancelled,Completed
REF000869,TXN009859,CUST06834,MER06720,2024-07-31 21:03:03,43668.67,Order Cancelled,Completed
REF000870,TXN004311,CUST02410,MER02315,2024-05-01 21:37:48,6827.19,Booking Cancelled,Completed
REF000871,TXN004961,CUST07045,MER08699,2024-02-22 03:34:20,14516.82,Customer Request,Completed
REF000872,TXN005611,CUST06775,MER01085,2024-12-04 13:07:27,4075.37,Order Cancelled,Pending
REF000873,TXN001854,CUST01551,MER00725,2024-12-08 17:12:01,9812.41,Duplicate Transaction,Completed
REF000874,TXN008739,CUST03022,MER04243,2024-04-21 00:52:12,49416.14,Product Returned,Completed
REF000875,TXN005822,CUST08381,,2024-06-15 00:06:22,6458.02,Order Cancelled,Completed
REF000876,TXN003740,CUST02939,MER07689,2024-09-11 17:15:24,341.32,Customer Request,Pending
REF000877,TXN000484,CUST02188,MER07334,2024-11-08 14:02:14,79138.43,Duplicate Transaction,Pending
REF000878,TXN001790,CUST02293,MER01105,2024-11-13 21:19:07,31513.08,Product Returned,
REF000879,TXN009533,CUST09700,MER09038,2024-03-17 16:36:36,74735.1,Duplicate Transaction,Completed
REF000880,TXN004083,CUST01839,MER05348,2024-09-07 18:47:11,6978.72,Duplicate Transaction,Completed
REF000881,TXN009046,CUST06776,MER03327,2025-01-15 21:51:10,1980.28,Customer Request,Rejected
REF000882,TXN006830,CUST07629,MER03554,2024-11-05 21:03:45,878.54,Product Returned,Rejected
REF000883,TXN005386,CUST07622,MER07319,2025-01-12 09:32:46,39747.63,Duplicate Transaction,Completed
REF000884,TXN000716,,MER06877,2024-01-13 18:04:21,6389.88,Booking Cancelled,Pending
REF000885,TXN002506,CUST02440,MER01263,2024-09-10 21:41:07,10522.2,Order Cancelled,Completed
REF000886,TXN007628,CUST03874,MER03667,2024-05-06 10:05:59,953.24,Order Cancelled,Completed
REF000887,TXN005217,CUST02536,MER00827,2024-08-29 09:48:31,99116.59,Product Returned,Pending
REF000888,TXN006275,CUST06003,MER00874,2024-04-16 10:03:55,693.77,Duplicate Transaction,Completed
REF000889,TXN000646,CUST09527,MER06329,2024-06-04 14:16:07,22396.9,Duplicate Transaction,Completed
REF000890,TXN001559,CUST03794,MER06230,2024-02-02 10:39:01,9584.67,Product Returned,Completed
REF000891,TXN000315,CUST06457,MER03903,2024-09-28 20:50:26,6051.48,Product Returned,Completed
REF000892,TXN005405,CUST00560,MER08518,2024-06-11 01:26:17,53267.36,Product Returned,Pending
REF000893,TXN005815,CUST04726,MER04894,2024-03-05 05:28:01,117214.3,Product Returned,Pending
REF000894,TXN005789,CUST09328,MER04987,2024-05-18 22:45:00,3527.69,Product Returned,Completed
REF000895,TXN008457,CUST01302,MER00266,2024-02-22 02:55:25,191.25,Product Returned,Completed
REF000896,TXN002472,CUST08659,MER05156,2024-06-28 01:56:05,9989.8,Product Returned,Completed
REF000897,TXN009527,CUST07653,MER08203,2024-05-30 07:51:08,1653.25,Booking Cancelled,Completed
REF000898,TXN006406,CUST04494,MER07790,2024-05-26 22:37:46,1629.13,Order Cancelled,Rejected
REF000899,TXN003026,UNKNOWN,MER04839,2024-08-04 02:56:33,1179.56,Customer Request,Completed
REF000900,TXN001667,CUST05146,MER00712,2024-02-04 04:02:36,1337.02,Duplicate Transaction,Completed
REF000901,TXN001783,CUST01944,MER00126,2024-09-17 06:26:25,97115.13,Customer Request,
REF000902,TXN002866,CUST02356,MER00613,2024-05-08 02:43:58,62975.96,Duplicate Transaction,Completed
,TXN003606,CUST08775,MER04850,2024-08-04 03:51:08,244.2,Order Cancelled,Pending
REF000904,TXN008798,CUST08730,MER07437,25/02/2024,15303.41,Order Cancelled,Completed
REF000905,TXN009946,CUST01338,UNKNOWN,2024-10-19 06:11:28,,Booking Cancelled,Completed
REF000906,TXN005447,CUST05511,MER05399,2024-02-05 16:43:21,216.27,Duplicate Transaction,Rejected
REF000907,TXN002095,CUST02377,MER06058,2024-12-30 16:42:06,4981.11,Order Cancelled,Pending
REF000908,TXN006991,CUST09734,MER00305,2024-10-11 15:05:43,483.48,Product Returned,Completed
REF000909,TXN004692,CUST06407,MER04002,2024-11-10 11:34:36,14013.8,Product Returned,Completed
REF000910,TXN007529,CUST02668,MER05872,2024-09-22 00:34:47,9971.16,Booking Cancelled,Completed
REF000911,TXN003767,CUST09653,MER05028,,22231.13,Product Returned,Completed
REF000912,TXN008899,CUST07335,MER05670,2024-12-07 16:04:06,4044.04,Duplicate Transaction,Completed
REF000913,TXN005460,CUST08197,MER07594,2024-03-25 07:59:57,2412.16,Order Cancelled,Completed
REF000914,TXN002860,CUST09319,MER09185,2024-02-12 06:07:56,16749.72,Order Cancelled,Completed
REF000915,TXN002437,CUST06497,MER04756,2024-01-30 02:16:49,192.32,Booking Cancelled,Pending
REF000916,TXN003492,CUST01035,MER06154,2024-04-10 15:00:57,67767.81,Product Returned,Completed
REF000917,TXN005769,CUST06303,MER08054,2024-10-05 04:54:05,7074.42,Order Cancelled,Completed
REF000918,TXN001558,CUST06112,MER02855,2024-11-26 05:35:11,27196.85,Product Returned,Completed
REF000144,TXN006231,UNKNOWN,MER05308,2024-06-08 14:20:40,unknown,Booking Cancelled,Pending
REF000920,TXN001710,CUST09033,MER06657,2024-09-21 13:10:24,8722.16,Duplicate Transaction,Completed
REF000921,TXN003860,CUST06862,MER02118,2024-02-08 22:52:41,602.34,Customer Request,Pending
REF000922,TXN003197,CUST07506,MER03746,2024-02-02 22:48:32,16962.49,Order Cancelled,Rejected
REF000923,TXN008439,CUST02952,MER01699,2025-01-02 13:19:36,20454.68,Customer Request,Completed
REF000924,TXN005783,CUST03914,MER06530,2024-09-21 00:44:36,1408.74,Customer Request,Completed
REF000925,TXN003910,CUST02233,MER01196,2024-08-20 22:38:22,2092.22,Customer Request,Pending
REF000926,,,MER00227,2024-05-28 22:25:21,4746.58,,Pending
REF000927,TXN007551,CUST04520,MER02000,2024-07-22 00:39:08,17297.8,Duplicate Transaction,Pending
REF000928,TXN003199,CUST06704,MER00104,2024-05-27 03:50:54,20365.48,Order Cancelled,Completed
REF000929,TXN000087,CUST01112,MER03203,2024-10-01 19:32:45,12136.97,Product Returned,Rejected
REF000930,TXN002643,CUST03076,MER06758,2024-06-06 05:45:07,14795.22,Duplicate Transaction,Pending
REF000931,TXN004772,CUST07287,MER00608,2024-06-23 23:07:59,7504.67,Duplicate Transaction,Completed
REF000932,TXN004432,CUST02520,MER04721,2024-02-21 18:41:30,4385.72,Duplicate Transaction,
REF000933,TXN002984,CUST08061,MER05447,2024-09-10 03:12:00,102079.12,Booking Cancelled,Completed
REF000934,TXN008125,CUST08400,MER09169,2024-12-20 09:04:11,19767.31,Booking Cancelled,Completed
REF000935,TXN005722,CUST06608,MER07304,2024-04-18 01:45:49,174.09,Product Returned,Completed
REF000936,TXN009913,CUST00500,MER08152,23/10/2024,3245.61,Duplicate Transaction,Rejected
REF000937,TXN009079,CUST05281,MER07423,2024-07-30 04:44:46,7090.18,Booking Cancelled,Completed
REF000938,TXN006142,CUST09865,MER08910,2024-07-31 21:29:23,9591.54,Booking Cancelled,Rejected
REF000939,TXN002810,CUST01091,MER00333,2024-03-14 14:08:52,30513.83,Product Returned,Completed
REF000940,TXN001257,CUST09026,MER02458,2024-07-31 09:25:55,12536.8,Booking Cancelled,Completed
REF000941,TXN006748,CUST06910,MER03339,2024-04-24 09:15:45,3564.53,Customer Request,Completed
REF000942,TXN008586,CUST04676,MER07587,2024-08-16 03:31:51,65610.78,Order Cancelled,Completed
REF000943,TXN007528,CUST03436,MER08624,2025-01-07 11:38:34,14.76,Order Cancelled,Pending
REF000944,TXN003351,CUST03998,MER08175,2024-06-02 21:31:31,20210.81,Booking Cancelled,Completed
REF000945,TXN002515,CUST01684,MER04697,2024-07-28 01:44:32,43200.41,Customer Request,Completed
,TXN005044,CUST09840,MER07267,2024-12-31 12:22:06,1873.32,Product Returned,Completed
REF000947,TXN001121,CUST03230,MER05186,2024-03-19 14:13:36,1921.4,Booking Cancelled,Completed
REF000948,TXN009703,CUST07200,MER05073,2024-08-03 17:30:20,33353.0,Product Returned,Rejected
REF000949,TXN002925,CUST03755,MER06813,2024-07-30 17:23:23,11159.12,Customer Request,Completed
REF000950,TXN001431,CUST06670,,2024-03-29 19:17:38,3266.02,Product Returned,Pending
REF000951,TXN007782,,MER00785,2024-12-15 12:47:28,90106.54,Duplicate Transaction,Pending
REF000952,TXN009523,CUST08846,MER04478,2024-04-30 11:03:33,6335.43,Product Returned,Completed
REF000953,TXN006195,CUST03362,MER04015,2024-04-19 03:10:23,144.34,Product Returned,Completed
REF000954,TXN001364,CUST00709,MER01824,2024-09-03 13:45:56,38439.04,Booking Cancelled,Rejected
REF000955,TXN007262,CUST01636,MER04434,2024-11-28 17:36:52,1095.56,Order Cancelled,Pending
REF000956,,CUST00570,MER01522,2024-05-20 14:27:45,61364.64,Duplicate Transaction,Rejected
REF000957,TXN007277,CUST09537,MER05044,2024-10-09 23:17:11,11510.0,Product Returned,Completed
REF000958,TXN004673,CUST06570,MER08522,2024-12-29 07:18:29,1220.8,Order Cancelled,Rejected
REF000959,TXN003143,CUST05056,MER00908,2024-05-26 06:43:21,45817.95,Duplicate Transaction,Completed
REF000960,TXN005272,CUST05253,MER05661,2024-05-21 09:27:34,9883.51,Product Returned,Pending
REF000961,TXN005424,CUST04705,MER02887,2024-11-22 20:17:14,433.8,Customer Request,Rejected
REF000962,TXN005360,CUST00043,MER05533,2024-10-18 15:43:22,18678.42,Product Returned,Completed
REF000963,TXN005177,CUST06189,MER03973,2024-07-17 19:08:16,40991.89,Order Cancelled,Completed
REF000964,TXN008596,CUST05471,MER02122,2025-01-07 20:26:49,15636.43,Customer Request,Completed
REF000965,TXN006064,CUST06950,MER08730,2024-05-12 06:56:57,3301.0,Customer Request,Completed
REF000966,TXN001406,CUST01623,MER00839,2024-06-13 01:50:33,739.06,Booking Cancelled,Completed
REF000967,TXN008124,CUST09450,MER05855,2024-09-25 09:26:41,594.84,Product Returned,Completed
REF000968,TXN000634,CUST00169,MER06008,2024-04-26 12:33:52,4142.6,Customer Request,Completed
REF000969,,CUST06047,MER01277,2024-11-16 07:31:07,35476.27,Booking Cancelled,Pending
REF000970,TXN001138,CUST01854,MER04589,2024-04-14 13:11:00,85845.92,Duplicate Transaction,Completed
REF000971,TXN003335,CUST00834,MER05906,2024-02-25 04:05:42,18950.45,Product Returned,Pending
REF000972,TXN002749,CUST04772,MER09095,2024-06-16 18:29:05,4074.12,Booking Cancelled,Pending
REF000973,TXN001394,CUST06227,MER00525,2024-10-09 11:54:37,422.04,Booking Cancelled,Completed
REF000974,TXN009061,CUST04853,MER04776,2024-01-24 20:03:22,454.55,Customer Request,Completed
REF000975,TXN007470,CUST09052,MER02675,2024-02-15 06:02:19,29518.04,Duplicate Transaction,Completed
REF000976,TXN005553,CUST06293,MER04447,2024-12-23 13:22:10,2166.58,Customer Request,Completed
REF000977,TXN005296,CUST04202,MER06937,23/05/2024,8007.68,Duplicate Transaction,Completed
REF000978,TXN006615,CUST05815,MER02030,2024-04-18 07:50:24,689.64,Duplicate Transaction,Completed
REF000979,TXN009903,CUST05426,MER01422,2024-09-01 06:46:57,7718.25,Duplicate Transaction,Completed
REF000980,TXN007062,CUST09811,MER07092,2024-11-01 15:44:45,1908.88,Customer Request,Completed
REF000981,TXN002140,CUST04674,MER01270,2024-08-01 14:47:29,1477.12,Booking Cancelled,Completed
REF000982,TXN005911,CUST05473,MER01201,2024-08-27 00:04:52,6480.24,Customer Request,Completed
REF000983,TXN000139,CUST03664,MER03819,2024-07-19 08:46:07,127.41,Duplicate Transaction,Rejected
REF000984,TXN005099,CUST07784,MER04420,2024-08-26 22:58:46,618.32,Booking Cancelled,Completed
REF000985,TXN008508,CUST02571,MER01823,2024-03-06 22:45:49,11348.48,Duplicate Transaction,Completed
REF000986,TXN002733,CUST07339,MER01184,2024-03-18 19:32:30,78715.31,Booking Cancelled,Completed
REF000987,TXN006114,CUST08730,MER04298,2024-06-09 09:45:42,3908.34,Booking Cancelled,Completed
REF000988,TXN002402,CUST01374,MER08491,2024-02-02 19:57:34,9691.66,Order Cancelled,Completed
REF000989,TXN008923,CUST04117,MER03313,2024-12-05 21:38:45,11682.05,Duplicate Transaction,Completed
REF000990,TXN000615,CUST05546,MER01178,2024-09-19 11:18:08,98.42,Customer Request,Rejected
REF000991,TXN000595,CUST01693,,2024-11-25 22:33:06,232.1,Product Returned,Completed
REF000992,TXN000865,CUST07636,MER02444,2024-08-09 19:56:50,4653.56,Order Cancelled,Completed
REF000993,TXN003969,CUST04927,MER05708,2024-11-04 01:50:09,2607.44,Duplicate Transaction,Completed
REF000994,TXN007295,CUST06127,MER04122,2024-03-22 08:10:18,669.88,Order Cancelled,Completed
REF000995,TXN007957,CUST05768,MER02002,2024-06-01 09:40:01,8868.1,Product Returned,Completed
REF000996,TXN006969,CUST08721,MER06420,2024-12-05 15:02:12,1100.4,Duplicate Transaction,Completed
REF000997,TXN007152,CUST05208,MER07677,2024-08-02 05:47:04,52472.17,Order Cancelled,
REF000998,TXN008808,CUST06163,MER01497,2024-06-02 05:17:50,39236.34,Customer Request,Pending
REF000999,TXN008380,CUST09666,MER01633,2024-01-26 20:51:15,576.0,Booking Cancelled,Completed
REF001000,TXN007732,CUST00442,MER07172,2024-05-28 15:57:28,8711.78,Duplicate Transaction,Completed
REF001001,TXN005084,CUST06561,,2024-01-29 15:00:06,481.82,Customer Request,Completed
REF001002,TXN004450,CUST07478,MER07343,2024-01-26 05:09:53,23001.66,Booking Cancelled,Completed
REF001003,,CUST07007,MER03611,2024-05-10 19:19:44,224.09,Order Cancelled,Completed
REF001004,TXN004209,CUST06766,MER01973,2024-10-14 00:24:04,37860.35,Product Returned,Completed
REF001005,TXN007292,CUST05915,MER02149,2024-05-29 06:47:30,,Product Returned,Completed
REF001006,TXN002990,CUST07668,MER00058,2024-04-28 14:58:18,99512.36,Customer Request,Completed
REF001007,TXN002559,CUST06819,MER06910,2024-02-19 15:37:35,2752.92,Product Returned,Completed
REF001008,TXN006212,CUST02310,MER09723,2024-12-20 12:39:30,47101.38,Booking Cancelled,Pending
REF001009,TXN004335,CUST03205,MER09479,2024-06-05 06:04:29,86.26,Customer Request,Completed
REF001010,UNKNOWN,CUST04207,MER05010,2024-02-19 02:52:41,3532.89,Order Cancelled,Completed
REF001011,TXN005081,CUST02341,MER05982,2024-09-11 13:08:56,82.58,Duplicate Transaction,Rejected
REF001012,TXN004741,CUST01166,MER00330,2024-09-22 17:57:35,161.96,Order Cancelled,Completed
REF001013,TXN005363,CUST08823,MER08937,2024-12-04 18:22:25,16889.81,Customer Request,Completed
REF001014,TXN000304,CUST03072,MER01346,2024-04-03 04:04:24,,Order Cancelled,Completed
REF001015,TXN002886,CUST05987,MER00859,2024-08-13 10:13:14,1232.77,Order Cancelled,Pending
REF001016,TXN007435,CUST09138,MER08841,2024-08-08 18:48:22,15370.82,Duplicate Transaction,Completed
REF001017,TXN006289,CUST03144,MER00869,2024-02-03 04:28:03,6901.89,Booking Cancelled,Pending
REF001018,TXN003780,CUST01714,MER00563,2024-06-22 23:32:38,10981.25,Order Cancelled,Completed
REF001019,TXN006339,CUST09947,MER00711,2024-06-16 17:17:05,9127.47,Customer Request,Pending
REF001020,TXN007808,CUST06267,MER04001,2024-04-10 16:40:31,565.79,Duplicate Transaction,Pending
REF001021,TXN009082,CUST03487,MER04926,2024-07-16 23:07:13,8366.68,Product Returned,
REF001022,TXN009150,CUST04897,MER01827,2024-10-01 08:25:18,17560.03,Order Cancelled,Pending
REF001023,TXN002744,CUST06977,MER06251,2024-07-16 21:39:39,917.88,Product Returned,Pending
REF001024,TXN003431,CUST03894,MER02658,2024-01-24 23:38:23,37641.62,Booking Cancelled,Completed
REF001025,TXN003557,CUST03963,MER07882,2024-02-09 22:47:30,9390.72,,Completed
REF001026,TXN007919,CUST03619,MER00402,2024-03-23 13:17:50,18387.05,Booking Cancelled,Pending
REF001027,TXN006691,CUST03824,MER01134,2024-04-12 03:39:26,59677.55,Order Cancelled,Rejected
REF001028,TXN003298,CUST06974,MER00812,2024-11-14 09:13:06,24958.36,Order Cancelled,Rejected
REF001029,TXN002323,CUST09843,MER08166,2024-12-20 14:20:35,401.62,Order Cancelled,Pending
REF001030,TXN002963,CUST03997,MER04155,2024-10-05 07:22:48,4098.67,Booking Cancelled,Completed
REF001031,TXN004886,CUST05608,MER01476,2024-04-01 04:19:33,1388.82,Product Returned,Pending
REF001032,TXN002862,CUST03222,MER02528,2025-01-02 13:54:14,4822.98,Booking Cancelled,Completed
REF001033,TXN008603,CUST04550,MER08257,2024-10-21 00:30:25,83825.28,Order Cancelled,Rejected
REF001034,TXN004618,CUST09129,MER06856,2024-07-01 22:34:10,21463.8,Customer Request,Completed
REF001035,TXN006099,CUST05493,MER01521,2024-04-04 00:00:35,4541.46,Customer Request,Completed
REF001036,TXN001486,CUST09724,MER07473,2024-06-28 02:54:28,5537.14,Booking Cancelled,Pending
REF001037,TXN006641,CUST01383,MER03446,2024-02-15 17:47:18,4759.61,Duplicate Transaction,Completed
REF001038,TXN008629,CUST07236,MER04069,2024-04-22 10:49:25,60740.84,Duplicate Transaction,Completed
REF001039,TXN007711,CUST07616,MER07545,2024-10-10 13:46:58,1992.59,Duplicate Transaction,Pending
REF001040,TXN008864,CUST09235,MER01030,2024-01-18 00:28:55,62081.33,Product Returned,
REF001041,TXN001814,,MER02934,2024-10-22 08:43:08,56308.73,Booking Cancelled,Pending
REF001042,TXN000931,CUST09881,MER06204,2024-02-07 09:40:02,1395.72,Order Cancelled,Completed
REF001043,TXN002817,CUST08446,MER01490,2024-03-29 08:23:19,17260.31,Customer Request,Completed
REF001044,TXN003748,CUST02276,MER01323,2024-08-08 03:17:54,910.71,Booking Cancelled,Completed
REF001045,TXN009561,CUST01305,MER07729,2024-11-01 07:34:52,72344.45,Customer Request,Pending
REF001046,TXN008395,CUST03514,MER00506,2024-08-08 19:40:07,1487.66,Duplicate Transaction,Completed
REF001047,TXN005190,CUST04458,MER00188,2024-09-05 18:58:49,1048.0,Customer Request,Completed
REF001048,TXN007751,CUST02305,MER06141,2024-04-13 21:48:54,101517.3,Order Cancelled,Completed
REF001049,TXN004827,CUST02756,MER05425,2024-11-29 05:23:38,108020.2,Customer Request,Pending
REF001050,TXN000423,CUST09762,MER09909,2024-02-02 07:27:53,848.74,Duplicate Transaction,Completed
REF001051,TXN004663,CUST04550,MER02911,2024-08-12 14:34:56,7564.65,Booking Cancelled,Completed
REF001052,TXN009774,CUST05390,MER05843,2024-02-02 22:14:25,973.46,Order Cancelled,Completed
REF001053,TXN003221,CUST02115,MER02253,2024-02-14 23:26:46,411.74,Order Cancelled,Completed
REF001054,TXN004871,,MER00388,2024-05-20 19:04:39,1615.07,Booking Cancelled,Completed
REF001055,TXN007891,CUST00373,MER02005,2024-02-25 08:58:55,3061.72,Customer Request,Completed
REF001056,TXN001734,CUST00659,MER00975,2024-09-15 16:13:05,12511.66,Customer Request,Completed
REF001057,TXN005441,CUST04767,MER07027,2024-03-16 19:35:53,3769.08,Duplicate Transaction,Pending
REF001058,TXN009914,CUST03593,MER08013,2024-10-13 03:40:11,10699.26,Customer Request,Pending
REF001059,TXN005666,CUST04981,MER00391,2024-10-01 17:16:45,34768.89,Booking Cancelled,Completed
REF001060,TXN005809,CUST06711,MER05543,2024-03-25 22:03:00,331.58,Product Returned,Completed
REF001061,TXN001178,CUST09658,MER07348,2024-01-30 23:28:23,676.72,Order Cancelled,Rejected
REF001062,TXN004735,CUST05835,MER03772,2024-05-22 06:00:35,838.53,Customer Request,Completed
REF001063,TXN001185,CUST07737,MER06465,2024-04-09 15:34:37,19246.23,Order Cancelled,Completed
REF001064,TXN001113,CUST07951,MER02636,2024-05-29 13:55:02,6930.68,Duplicate Transaction,Completed
REF001065,TXN003331,CUST04526,MER00861,2024-03-04 20:53:03,1165.88,Booking Cancelled,Completed
REF001066,TXN009695,CUST07009,MER03928,2024-06-23 02:33:12,9261.56,Order Cancelled,Completed
REF001067,TXN004922,CUST02016,MER08917,2024-06-03 20:35:52,8719.67,Product Returned,Completed
REF001068,TXN004623,CUST07004,MER05562,2024-07-20 09:11:45,16503.36,Customer Request,Pending
REF001069,TXN009933,CUST03661,MER07844,2024-05-13 14:21:44,553.87,Customer Request,Completed
REF001070,TXN007433,CUST07572,MER04837,2024-08-31 08:11:55,1237.63,Product Returned,Pending
REF001071,TXN003723,CUST09110,MER01777,2024-12-30 11:15:08,24520.96,Booking Cancelled,Pending
REF001072,TXN001732,CUST02057,MER01665,2024-10-01 00:00:31,25996.08,Duplicate Transaction,Completed
REF001073,TXN001912,CUST08448,MER09955,2024-06-14 16:07:47,1557.3,Booking Cancelled,Completed
REF001074,TXN005341,CUST07830,MER09981,2024-03-29 00:32:03,3034.34,Booking Cancelled,Completed
REF001075,TXN006217,CUST03297,MER06169,2024-02-04 15:02:33,9868.01,Product Returned,Completed
REF001076,TXN009778,CUST04413,MER01612,2024-04-25 13:42:41,25007.08,Product Returned,Completed
REF001077,TXN001434,CUST08947,,2024-06-24 05:11:46,21599.14,Order Cancelled,Completed
REF001078,TXN006711,CUST00001,MER07958,2024-05-29 08:53:40,4472.86,Customer Request,Rejected
REF001079,TXN003709,CUST05842,MER04018,2024-04-04 10:55:13,41.88,Duplicate Transaction,Completed
REF001080,TXN007437,CUST07207,MER04027,2024-10-17 19:04:24,520.87,Booking Cancelled,Completed
REF001081,TXN003081,CUST07740,MER05852,30/08/2024,66337.57,Booking Cancelled,Pending
REF001082,TXN002032,CUST07908,MER01368,2024-12-21 05:54:56,1472.28,Customer Request,Completed
REF001083,TXN004501,CUST07581,MER06213,2024-01-15 22:10:12,4495.68,Duplicate Transaction,Completed
REF001084,TXN008423,CUST09598,MER01101,2024-09-09 01:30:07,27352.2,Product Returned,Completed
REF001085,TXN006997,CUST04164,MER02057,2024-12-21 00:29:56,53342.99,Product Returned,Pending
REF001086,TXN006861,CUST09312,MER09091,2024-08-02 21:37:27,198.5,Product Returned,Completed
REF001087,TXN008755,CUST02138,,11/12/2024,16013.11,Booking Cancelled,Pending
REF001088,TXN003409,CUST01969,MER00753,2024-09-29 06:23:08,7506.02,Product Returned,Completed
REF001089,TXN007904,CUST03452,MER00903,2024-04-14 18:52:42,11399.39,Order Cancelled,Completed
REF001090,TXN000081,CUST04680,MER01204,2024-04-16 10:37:57,2689.37,Customer Request,Completed
REF001091,TXN007283,CUST01220,MER06024,2024-07-07 07:49:37,1690.76,Booking Cancelled,Completed
REF007314,TXN006175,CUST02468,MER01930,2024-03-01 02:34:48,5849.75,Duplicate Transaction,Completed
REF005332,TXN005820,CUST08464,MER08769,2024-03-13 02:56:44,1289.72,Booking Cancelled,Pending
REF001094,TXN009911,CUST02777,MER00918,2024-10-30 16:35:35,3821.98,Product Returned,Pending
REF001095,TXN002359,CUST06599,MER00538,2024-12-12 19:07:34,18782.82,Product Returned,Completed
REF001096,TXN001673,CUST05793,MER03180,2024-03-25 05:11:18,783.75,Duplicate Transaction,Rejected
REF001097,,CUST09278,MER03395,2025-01-02 19:36:26,4719.17,Product Returned,Completed
REF001098,TXN004851,CUST09415,MER00769,2024-05-20 08:48:57,912.42,Duplicate Transaction,Completed
REF001099,TXN003813,CUST07262,MER09422,2024-04-13 14:19:39,19466.88,Customer Request,Completed
REF001100,TXN003620,CUST07109,MER05440,03/01/2024,59921.11,Product Returned,Completed
REF001101,TXN008056,CUST09508,MER01574,2024-06-03 09:56:22,78008.15,Duplicate Transaction,Completed
REF001102,TXN009187,CUST06360,MER02602,2024-08-29 02:39:03,2085.59,Duplicate Transaction,Completed
REF001103,TXN006716,CUST01692,MER02239,2024-07-27 03:12:11,206.68,Booking Cancelled,Completed
REF001104,TXN003072,CUST09617,MER00308,2024-02-03 09:08:05,12725.57,Booking Cancelled,Completed
REF001105,TXN001068,CUST06791,MER07879,2024-12-31 00:52:34,859.88,Order Cancelled,Completed
REF001106,TXN003633,CUST02936,MER09904,2025-01-04 13:46:37,95787.45,Order Cancelled,Completed
REF001107,TXN001630,CUST09497,MER07711,2024-03-20 00:22:32,95091.5,Duplicate Transaction,
REF001108,TXN002709,CUST07313,MER09408,2024-05-29 17:18:52,14797.63,Product Returned,Completed
REF001109,TXN007621,CUST02997,MER05382,2024-09-22 06:56:28,2362.41,Customer Request,Completed
REF001110,TXN007042,CUST01138,MER01259,2024-03-25 01:21:57,,Booking Cancelled,Completed
REF001111,TXN006459,CUST03019,MER07357,2024-03-20 23:59:58,80748.7,Booking Cancelled,Completed
REF001112,,CUST09813,MER03886,2024-12-14 05:25:09,5609.14,Order Cancelled,Completed
REF001113,TXN004515,CUST02310,MER08456,2024-12-10 17:27:55,44818.68,Order Cancelled,Rejected
REF009121,TXN001861,CUST02621,MER06834,2024-04-19 17:39:11,287.82,Duplicate Transaction,Completed
REF001115,TXN005068,CUST02662,MER00627,2024-08-05 19:04:20,2882.17,Order Cancelled,Completed
REF001116,TXN003389,CUST03542,MER07672,2025-01-01 03:23:48,64940.47,Customer Request,Rejected
REF001117,TXN007293,CUST03524,MER03356,2024-11-18 15:13:58,4761.2,Order Cancelled,Pending
REF001118,TXN002212,CUST09668,MER01267,2024-08-07 17:02:02,22955.66,Booking Cancelled,Completed
REF001119,TXN009597,CUST02853,MER00025,2025-01-03 11:04:29,15263.3,Order Cancelled,Completed
REF001120,TXN003734,CUST07282,MER01426,2024-10-06 03:34:21,1810.97,Duplicate Transaction,Completed
REF001121,TXN007030,CUST01153,MER05270,2024-02-16 22:05:19,396.79,Duplicate Transaction,Completed
REF001122,TXN007774,CUST03901,MER04670,2024-06-02 23:26:26,32526.25,Product Returned,Completed
REF001123,TXN005719,CUST00259,MER04629,2024-06-28 17:14:24,11710.63,Customer Request,
REF001124,TXN001734,CUST00659,MER00975,2024-09-14 16:13:05,6255.83,Product Returned,Completed
REF001125,TXN009708,CUST06785,MER02701,2024-05-07 11:34:26,75034.61,Duplicate Transaction,Completed
REF001126,TXN003416,CUST09060,MER09343,2024-06-15 14:08:40,446.05,Product Returned,Rejected
REF001127,TXN006917,,MER06273,2024-10-28 22:26:00,86993.04,Customer Request,Rejected
REF001128,TXN008868,CUST09636,MER08393,2024-12-19 18:46:34,,Product Returned,Pending
REF001129,TXN001523,CUST07824,MER07006,2024-06-13 12:02:56,37281.16,Customer Request,Completed
REF001130,TXN008509,CUST06111,MER04308,2024-03-12 20:41:06,10750.48,Order Cancelled,Completed
REF001131,TXN008336,CUST08104,MER03179,2025-01-09 10:31:24,2706.52,Booking Cancelled,Completed
REF001132,TXN001817,CUST03958,MER05270,2024-09-24 07:16:27,3409.03,Product Returned,Completed
REF001133,TXN007590,CUST00364,MER02068,2024-09-30 07:03:09,,Order Cancelled,Completed
REF001134,TXN006085,CUST03751,MER06718,2024-03-02 12:38:36,14193.55,Duplicate Transaction,Completed
REF001135,TXN002902,CUST01105,MER05540,2024-09-13 07:15:26,81393.09,Booking Cancelled,Completed
REF001136,TXN003187,CUST05984,MER09439,2024-10-06 06:26:19,unknown,Product Returned,Completed
REF001137,TXN003987,CUST03078,MER04374,2024-07-04 03:24:00,83025.85,Order Cancelled,Completed
REF001138,TXN001437,CUST07324,MER05247,2024-11-01 21:28:35,2748.29,Order Cancelled,Completed
REF001139,TXN006798,CUST05712,MER01056,2024-08-26 17:44:54,1323.29,Duplicate Transaction,Pending
REF001140,TXN009709,CUST04551,MER02467,2024-10-10 08:39:18,6312.83,Duplicate Transaction,Completed
REF001141,TXN008216,CUST04515,MER03232,2024-08-09 20:42:05,939.78,Customer Request,Completed
REF001142,TXN001258,CUST00132,MER06483,2024-10-04 04:27:03,16374.29,Duplicate Transaction,Completed
REF001143,TXN009319,CUST00347,MER00506,2024-03-22 15:18:54,58298.82,Booking Cancelled,Completed
REF001144,TXN000719,CUST03060,MER09134,29/06/2024,58841.26,Booking Cancelled,Completed
REF001145,TXN005632,CUST02605,MER05336,2025-01-10 01:38:38,909.09,Order Cancelled,Completed
REF001146,TXN001299,CUST09393,MER00276,2024-07-26 17:26:00,32680.86,Product Returned,Completed
REF001147,TXN008017,CUST05429,MER08640,2024-09-27 23:41:46,1000.39,Duplicate Transaction,Completed
REF001148,TXN008267,CUST02239,MER07237,2024-02-07 05:43:56,95973.32,Booking Cancelled,Pending
REF001149,TXN006328,CUST02114,MER09803,2024-05-12 23:22:09,12498.22,Order Cancelled,Rejected
REF001150,TXN003555,CUST03674,MER01911,2024-03-07 09:27:33,2519.82,Customer Request,Completed
REF001151,TXN006040,CUST06237,MER07245,2024-07-06 14:14:18,2090.84,Customer Request,Pending
REF001152,TXN002976,CUST03542,MER09786,2024-03-14 12:31:19,96106.52,Booking Cancelled,
REF001153,TXN000320,CUST00771,MER00974,2024-06-08 15:56:41,18537.79,Customer Request,Completed
REF001154,TXN007563,CUST06546,MER03824,2024-08-13 16:12:16,552.13,Order Cancelled,Pending
REF001155,TXN007897,CUST08017,MER04599,2024-06-20 16:20:58,1177.38,Order Cancelled,Completed
REF001156,TXN001142,CUST08821,MER02761,2024-03-08 20:45:40,296.35,Duplicate Transaction,Completed
REF001157,TXN001520,CUST06964,MER03536,2024-10-10 09:23:04,4311.5,Booking Cancelled,Completed
REF001158,TXN003016,CUST08047,MER02617,2024-07-19 09:57:25,345.89,Order Cancelled,Rejected
REF001159,TXN003642,CUST01117,MER01417,2024-07-01 11:09:49,1129.04,Order Cancelled,Completed
REF001160,TXN007979,CUST07494,MER01187,2024-02-19 02:26:01,17205.09,Product Returned,Completed
REF001161,TXN004429,CUST02478,MER01304,2024-07-13 11:08:14,7801.14,Booking Cancelled,Completed
REF001162,TXN002453,CUST00775,MER02265,2024-07-04 02:47:45,36404.82,Order Cancelled,Completed
REF001163,TXN001312,CUST05716,MER09693,2024-08-07 21:33:07,6181.42,Booking Cancelled,Completed
REF001164,TXN007372,CUST05469,MER02368,2024-06-24 16:31:15,19108.77,Product Returned,Pending
REF001165,TXN001756,CUST02209,MER01808,2024-11-29 20:42:45,8119.38,Order Cancelled,Completed
REF001166,TXN008622,CUST09608,MER09202,2024-09-25 06:12:59,1861.52,Duplicate Transaction,Completed
REF001167,TXN006803,CUST07082,MER07879,2024-03-15 00:28:34,107.74,Customer Request,Completed
REF001168,TXN004664,CUST05603,MER07753,2024-08-26 04:50:05,15452.88,Booking Cancelled,Completed
REF001169,TXN003087,CUST04200,MER06997,2024-11-09 06:58:02,106328.68,Booking Cancelled,Rejected
REF001170,TXN001737,CUST07898,MER09807,2024-05-26 04:14:31,98182.39,Duplicate Transaction,Completed
REF001171,TXN009412,CUST09349,MER05467,2024-08-02 04:01:36,13740.12,Booking Cancelled,Completed
REF001172,TXN005205,CUST06303,MER02386,2024-04-22 06:36:40,18673.1,Duplicate Transaction,Completed
REF001173,TXN007289,CUST05568,MER08404,2024-09-08 13:15:01,10843.39,Order Cancelled,Completed
REF001174,TXN002403,CUST08066,MER06827,2024-11-18 21:39:49,3487.37,Customer Request,Pending
REF001175,TXN001247,CUST06037,MER03123,2024-03-04 10:14:21,68632.11,Product Returned,Pending
REF001176,TXN009327,,MER04040,2024-09-28 14:07:20,2292.25,Order Cancelled,Completed
REF001177,TXN005564,CUST06711,MER02681,2024-12-08 07:07:47,5893.5,Booking Cancelled,Completed
REF001178,TXN004700,CUST09177,MER08555,2024-05-01 17:18:31,43736.39,Duplicate Transaction,Completed
REF001179,TXN005044,CUST09840,MER07267,2025-01-05 12:22:06,8991.96,Customer Request,Completed
REF001180,TXN009797,CUST01415,MER01421,2024-09-22 11:28:43,172.03,Order Cancelled,Completed
REF001181,TXN002731,CUST08254,MER06271,2024-08-02 21:01:48,68.34,Order Cancelled,Completed
REF001182,TXN006712,CUST06650,MER05703,2024-09-22 03:43:05,116197.69,Order Cancelled,Completed
REF001183,TXN006202,CUST02304,MER09371,2024-05-28 22:03:54,315.71,Duplicate Transaction,Completed
REF001184,TXN004794,CUST06762,MER00494,2024-07-16 22:22:01,1691.05,Booking Cancelled,Completed
REF001185,TXN008345,CUST03611,MER00863,2024-08-02 08:01:30,306.52,Customer Request,Completed
REF001186,TXN008185,CUST01002,MER00951,2024-07-24 21:41:06,68831.4,Customer Request,Rejected
REF001187,TXN008798,CUST08730,MER07437,2024-03-07 09:34:46,15303.41,Booking Cancelled,Pending
REF001188,TXN007046,CUST09375,MER06988,2024-05-03 12:17:50,85554.73,Booking Cancelled,Completed
,TXN006268,CUST07893,MER07537,2024-01-19 01:47:35,35542.72,Customer Request,Completed
REF001190,TXN002538,CUST03179,,2024-07-22 19:04:05,469.61,Product Returned,Completed
REF001191,TXN004749,CUST01098,MER03064,2025-01-02 03:37:10,8400.9,Booking Cancelled,Completed
REF001192,TXN004906,CUST06935,MER05588,2024-03-12 01:18:08,43691.41,Booking Cancelled,Completed
REF001193,TXN000350,CUST00668,MER04530,2024-10-23 08:12:14,1218.82,Duplicate Transaction,Pending
REF001194,TXN006598,CUST09463,MER04238,2024-03-03 03:08:24,,Order Cancelled,Pending
REF001195,TXN004750,CUST04066,MER07640,2024-03-25 04:44:21,1564.98,Booking Cancelled,Pending
REF001196,TXN008643,CUST02171,MER04621,2024-11-25 12:13:17,38793.83,Order Cancelled,Completed
REF001197,TXN001369,CUST00781,MER02154,2025-01-16 06:10:04,42983.76,Product Returned,Completed
REF001198,TXN008624,CUST01260,MER00686,2024-11-09 00:33:07,651.48,Product Returned,Completed
REF001199,TXN000696,CUST02143,MER01016,2024-04-01 10:11:19,45.97,Order Cancelled,Rejected
REF001200,TXN004292,CUST09944,MER03219,2024-09-07 01:16:37,12142.22,Booking Cancelled,Completed
REF001201,TXN009598,CUST00405,MER08932,2024-05-19 19:54:57,45536.59,Booking Cancelled,Completed
REF001202,TXN003898,CUST06674,MER06207,2024-11-25 14:47:53,12531.9,Product Returned,Completed
REF001203,TXN002266,CUST00356,MER00472,2024-12-01 09:30:35,36816.46,Customer Request,Completed
REF001204,TXN003781,CUST09925,MER04746,2024-10-20 04:59:34,8840.7,Duplicate Transaction,Pending
REF001205,TXN000722,CUST07037,MER06664,2025-01-15 01:04:18,7473.64,Product Returned,Completed
REF001206,TXN000043,CUST08940,MER03573,13/02/2024,16209.9,Duplicate Transaction,Completed
REF001207,TXN004601,CUST03682,MER06693,2024-03-11 11:29:35,,Customer Request,Completed
REF001208,TXN001697,CUST04678,MER03065,2024-12-21 02:41:13,16232.43,Duplicate Transaction,Completed
REF001209,TXN005785,CUST06289,MER02084,15/09/2024,9580.45,Booking Cancelled,Completed
REF001210,TXN004848,CUST04453,MER07611,2024-06-01 12:00:51,952.14,Order Cancelled,
REF001211,TXN004522,CUST02892,MER06653,2024-03-09 12:11:17,2120.46,Order Cancelled,Completed
REF001212,TXN001991,CUST01544,MER00352,2024-07-26 18:28:54,49032.13,Customer Request,Completed
REF001213,TXN009220,CUST03604,MER01175,2024-04-10 06:44:08,8989.14,Product Returned,Pending
REF001214,TXN000909,CUST08466,MER06956,2024-11-13 17:17:40,44430.76,Order Cancelled,Completed
REF001215,TXN008898,CUST04102,MER09890,2024-12-14 07:23:08,101256.32,Order Cancelled,Completed
REF001216,TXN004443,CUST01233,MER04269,2024-06-17 01:13:47,344.73,Order Cancelled,Completed
REF001217,TXN000074,CUST01294,MER06666,2024-03-05 17:25:47,1536.18,Duplicate Transaction,Pending
REF001218,TXN000525,CUST06302,MER06646,2025-01-09 09:54:32,94.05,Booking Cancelled,Completed
REF001219,TXN001855,CUST04988,MER08107,2024-12-07 16:47:30,4877.8,Booking Cancelled,Pending
REF001220,TXN002910,CUST06162,MER03897,2024-08-31 22:57:31,1026.56,Booking Cancelled,Completed
REF001221,TXN000764,CUST03413,MER07403,2024-07-10 02:27:14,11669.18,Booking Cancelled,Completed
REF001222,TXN005172,CUST04613,MER07460,2024-03-15 13:50:43,899.76,Booking Cancelled,Completed
REF001223,TXN004496,CUST03945,MER06987,2024-07-10 18:26:27,77227.37,Customer Request,Completed
REF001224,TXN009607,CUST06152,MER09830,2024-08-13 08:08:07,277.14,Booking Cancelled,Completed
REF001225,TXN006218,CUST09548,MER05648,2024-10-17 19:36:30,20202.82,Customer Request,Completed
REF001226,TXN002714,CUST02190,MER05010,2024-05-09 05:50:52,2705.48,Customer Request,Completed
REF001227,TXN006944,CUST03923,MER08827,2024-08-27 17:08:19,39659.18,Order Cancelled,Completed
REF001228,TXN008003,CUST02061,MER06573,2024-01-27 01:39:15,111.66,Duplicate Transaction,Completed
REF001229,TXN007180,CUST06085,MER03963,2024-04-03 11:44:50,91240.03,Booking Cancelled,Completed
REF001230,TXN003566,CUST07745,MER01599,2024-10-05 23:57:49,1929.97,Customer Request,Rejected
REF001231,TXN006157,CUST04962,MER00765,2024-04-26 09:52:12,7199.85,Product Returned,Completed
REF001232,TXN003143,CUST05056,MER00908,2024-05-26 06:43:21,45817.95,Product Returned,Completed
REF001233,TXN001388,CUST03717,MER07490,2024-08-10 22:56:36,35303.04,Order Cancelled,Completed
REF001234,TXN004723,CUST09211,MER03875,2024-03-28 09:37:58,1411.13,Order Cancelled,Completed
REF001235,TXN002580,CUST05976,MER03260,2024-06-10 01:35:49,12255.46,Order Cancelled,Completed
REF001236,TXN000913,CUST09091,MER06449,2024-07-05 19:43:46,2364.68,Duplicate Transaction,Rejected
REF001237,TXN009122,CUST07110,MER00963,2024-06-07 04:06:24,21101.71,Product Returned,Completed
REF001238,TXN002473,CUST09439,MER02154,2024-10-29 16:00:27,62447.23,Order Cancelled,Completed
REF001239,TXN004660,CUST06988,MER05635,2024-12-26 11:39:50,6577.66,Booking Cancelled,Completed
REF001240,TXN009870,CUST00080,MER02398,2024-08-18 03:27:50,1003.94,Product Returned,Completed
REF001241,TXN002458,CUST02699,MER02468,2024-08-04 16:56:49,1376.94,Duplicate Transaction,Completed
REF001242,TXN007090,CUST05109,MER02082,2024-02-12 20:18:18,3443.33,Product Returned,Pending
REF001243,TXN006102,CUST09465,MER00588,2024-08-28 01:14:57,297.69,Booking Cancelled,Pending
REF001244,TXN005565,CUST00776,MER01729,2024-04-01 09:02:50,4642.05,Customer Request,Completed
REF001245,TXN002820,CUST05576,MER02384,2024-08-06 02:31:59,871.85,Order Cancelled,
REF001246,TXN002815,CUST02939,MER03259,2024-05-09 05:28:51,2944.22,Product Returned,Completed
REF001247,TXN009094,CUST09390,MER00969,2024-05-23 08:13:59,1028.76,Product Returned,Pending
REF001248,TXN008185,CUST01002,MER00951,2024-07-26 21:41:06,68831.4,Order Cancelled,Pending
REF001249,TXN002297,CUST09739,MER07619,2024-06-26 03:34:28,611.21,Product Returned,Pending
REF001250,TXN006947,CUST08762,MER01973,2024-11-08 22:25:55,5036.69,Product Returned,Completed
REF001251,TXN007920,CUST06342,MER09008,2024-01-20 22:46:49,61.92,Duplicate Transaction,Completed
REF001252,TXN009367,CUST09131,MER00619,2024-12-14 07:19:33,11710.67,Product Returned,Completed
REF001253,TXN003839,CUST04481,MER08363,2024-03-04 08:54:59,20646.94,Customer Request,Completed
REF001254,TXN004542,CUST07537,MER04956,2024-09-10 15:13:36,5287.63,Order Cancelled,Pending
REF001255,TXN009386,CUST00740,MER05855,2024-06-20 03:14:27,691.56,Customer Request,Rejected
REF001256,TXN002328,CUST07052,MER02188,2024-09-25 09:20:58,285.28,Booking Cancelled,Completed
REF001257,TXN002847,CUST02838,MER03195,2024-03-15 07:42:04,540.64,Product Returned,Completed
REF001258,TXN002364,CUST05232,MER02044,2024-12-24 03:39:09,58022.61,Duplicate Transaction,Completed
REF001259,TXN000674,CUST02634,MER00332,2024-05-29 16:41:33,2019.98,Order Cancelled,Completed
REF001260,TXN009615,CUST05743,MER08957,2024-09-03 02:13:21,2519.86,Customer Request,Rejected
REF001261,TXN003161,CUST08111,MER05526,2024-03-11 07:45:30,4398.3,Product Returned,Completed
REF001262,TXN006802,CUST01581,MER02176,2024-06-04 09:23:47,1152.37,Duplicate Transaction,Completed
REF001263,TXN000565,CUST00456,MER04228,2024-10-20 15:31:38,6888.24,Booking Cancelled,Completed
REF001264,TXN005178,CUST00054,MER01395,2025-01-13 06:45:52,32158.0,Order Cancelled,Rejected
REF001265,TXN004334,CUST05287,MER08106,2024-07-07 02:13:09,14696.7,Customer Request,Completed
REF001266,TXN002377,CUST02836,MER02974,2024-12-27 15:31:10,484.26,Customer Request,Completed
REF001267,TXN001761,CUST09778,MER02372,2024-02-12 06:04:19,12507.4,Customer Request,Pending
REF001268,TXN004803,CUST06390,MER06125,2024-05-16 18:25:47,8951.28,Order Cancelled,Completed
REF001269,TXN000988,CUST03530,MER02367,2024-05-04 09:11:31,8948.61,Booking Cancelled,Completed
REF001270,TXN005137,CUST04741,MER01701,2024-10-02 23:47:55,1903.61,Duplicate Transaction,Completed
REF001271,TXN009867,CUST05400,MER02898,2024-05-14 01:37:36,16.6,Customer Request,Completed
REF001272,TXN005030,CUST01670,MER04835,2024-05-15 22:42:03,844.08,Customer Request,Completed
REF001273,TXN007038,CUST08673,MER05318,2024-06-07 09:10:31,1892.18,Product Returned,Completed
REF001274,TXN005128,CUST00877,MER06932,2024-05-16 04:44:35,13837.39,Product Returned,Rejected
,TXN002478,CUST06652,MER03014,2024-09-03 07:31:04,494.04,Customer Request,Completed
REF001276,TXN007688,CUST03225,MER03788,2024-10-24 22:05:16,41579.8,Product Returned,Rejected
REF001277,TXN006296,CUST06900,MER06349,2024-03-16 00:36:00,21968.21,Customer Request,Completed
REF001278,TXN006710,CUST07071,MER02637,2024-08-21 13:32:30,89608.02,Duplicate Transaction,Completed
,TXN008128,CUST04862,MER00236,2024-11-14 09:35:20,11874.2,Customer Request,Pending
REF001280,TXN002706,CUST08812,,2024-11-04 22:42:31,35027.36,Duplicate Transaction,Completed
REF001281,TXN001835,CUST03959,MER05543,2024-11-22 12:16:45,5772.84,Customer Request,Completed
REF001282,TXN003805,CUST00541,MER09778,2024-11-26 01:52:29,28741.48,Product Returned,Completed
REF001283,TXN001262,,MER07149,2024-05-02 21:40:48,18721.16,Duplicate Transaction,Pending
REF001284,TXN002682,CUST00259,MER07308,2024-01-23 20:04:35,,Booking Cancelled,Completed
REF001285,TXN001161,CUST08511,MER00492,2024-10-25 12:20:12,12928.98,Booking Cancelled,Completed
REF001286,TXN003063,CUST06356,MER01228,2024-02-16 19:57:42,26919.88,Booking Cancelled,Completed
REF001287,TXN003390,CUST02960,MER02945,2024-11-02 14:54:02,32.94,Customer Request,Completed
REF001288,TXN003227,CUST03228,MER07792,2024-02-20 17:37:01,262.92,Customer Request,Rejected
REF001289,TXN000502,CUST05603,MER06699,2024-07-16 19:45:46,81341.61,Product Returned,Completed
REF001290,TXN002056,CUST01374,MER01222,2024-11-20 14:41:19,8109.4,Product Returned,Completed
REF001291,TXN004335,CUST03205,MER09479,2024-05-17 06:04:29,207.01,Customer Request,Completed
REF001292,TXN001008,CUST08062,MER01936,2024-04-20 19:18:11,11007.84,Product Returned,Completed
REF001293,TXN009336,CUST05935,MER04996,2024-04-22 21:23:37,276.9,Duplicate Transaction,Completed
REF001294,TXN008659,CUST03268,MER00609,2024-10-07 08:15:19,5210.79,Duplicate Transaction,Completed
REF001295,TXN003545,CUST04826,MER03676,2024-10-09 10:08:35,3799.4,Customer Request,Completed
REF003215,TXN003270,CUST08778,MER06189,2024-10-21 04:42:19,7710.73,Customer Request,Completed
REF001297,TXN006835,CUST05156,MER01394,2024-04-09 13:07:15,87.06,Booking Cancelled,Pending
REF001298,TXN002076,CUST07822,MER00812,2024-08-06 07:52:39,unknown,Order Cancelled,Completed
REF001299,TXN000806,CUST08784,MER03403,2024-03-08 08:44:32,1451.07,Booking Cancelled,Completed
REF001300,TXN008773,CUST01261,MER03252,2024-05-16 16:12:10,10400.23,Duplicate Transaction,Pending
REF001301,TXN006840,CUST06623,MER08857,2024-01-30 07:37:50,1724.85,Duplicate Transaction,Completed
REF001302,TXN000342,CUST03959,MER07870,2024-07-01 20:38:39,32768.78,Duplicate Transaction,Rejected
REF001303,TXN009657,CUST01440,MER02169,2024-08-08 11:47:32,515.94,Order Cancelled,Completed
REF001304,TXN008754,CUST07679,MER00051,2024-09-22 00:32:51,98203.56,Order Cancelled,Rejected
REF001305,TXN003281,CUST05633,MER09779,2024-04-17 14:21:43,37723.11,Product Returned,Rejected
REF001306,TXN005474,CUST09456,MER00178,2024-09-02 20:57:05,3492.92,Duplicate Transaction,Completed
REF001307,TXN000797,CUST06195,MER07255,2024-03-24 12:17:35,89293.7,Product Returned,Rejected
REF001308,TXN001458,CUST00078,MER02327,2024-03-29 11:39:00,665.55,Product Returned,Completed
REF001309,TXN000739,CUST09627,MER04873,2024-11-06 18:44:57,2399.02,Duplicate Transaction,Completed
REF001310,TXN008747,CUST07654,MER03826,2024-02-26 18:36:38,86055.73,Customer Request,Pending
REF001311,TXN006789,CUST07226,MER01532,2024-08-23 18:49:02,52140.89,Booking Cancelled,Completed
REF001312,TXN006475,CUST03839,MER03516,2024-09-10 21:39:00,5336.5,Customer Request,Completed
REF001313,TXN008093,CUST04312,MER08943,2024-06-16 05:38:47,966.94,Order Cancelled,Pending
REF001314,TXN009088,CUST05613,MER02508,2024-02-25 06:17:26,13259.45,Booking Cancelled,Completed
REF001315,TXN009314,CUST07686,MER08802,2024-08-10 11:20:28,78412.79,Order Cancelled,Rejected
REF001316,TXN008472,CUST06182,MER00627,2024-07-04 22:30:54,43286.84,Duplicate Transaction,Completed
REF001317,TXN008453,CUST07431,MER03401,2024-07-28 18:47:09,1849.24,Duplicate Transaction,Completed
REF001318,TXN008628,CUST07904,MER09274,2024-07-04 05:10:49,12461.85,Customer Request,Completed
REF001319,TXN009337,CUST08946,MER02873,2024-09-11 16:57:04,1041.35,Product Returned,
REF001320,TXN004236,CUST04735,MER05933,2024-07-07 10:48:06,6241.69,Customer Request,Pending
REF001321,TXN004938,CUST07788,MER09086,2025-01-07 14:26:58,933.57,Duplicate Transaction,Completed
REF001322,TXN007943,CUST02827,MER05082,2024-02-11 02:57:28,780.99,Booking Cancelled,Completed
REF001323,TXN003294,CUST05094,MER04894,2024-12-24 08:05:09,6625.75,Customer Request,Completed
REF001324,TXN008754,CUST07679,MER00051,2024-09-23 00:32:51,98203.56,Product Returned,Pending
REF001325,TXN005864,CUST04340,MER04205,2024-03-22 13:27:00,18436.42,Order Cancelled,Pending
REF001326,,CUST04610,MER06628,2024-06-25 03:07:32,868.66,Booking Cancelled,Completed
REF001327,TXN006344,CUST09196,MER05961,2024-11-28 11:58:53,23751.78,Booking Cancelled,Completed
REF001328,TXN002702,CUST00058,MER09439,2024-02-28 14:38:01,8013.62,Product Returned,Completed
REF001329,TXN002574,CUST06474,MER06964,2024-05-24 07:43:47,533.49,Duplicate Transaction,Completed
REF001330,TXN007932,CUST05112,MER00348,2024-07-21 02:37:10,11153.18,Order Cancelled,Pending
REF001331,TXN008161,CUST09321,MER00879,2024-06-25 03:25:37,9791.4,Order Cancelled,Pending
REF001332,TXN003947,CUST03399,MER04165,2024-02-14 22:27:53,6520.12,Customer Request,Rejected
REF001333,TXN004234,CUST08501,MER09914,2024-05-24 08:40:46,5422.8,Customer Request,Pending
REF001334,TXN007769,CUST00680,MER00731,2025-01-02 00:04:16,16149.54,Booking Cancelled,Completed
REF001335,TXN008709,CUST03318,MER00338,2024-05-07 08:21:18,80.69,Duplicate Transaction,Pending
REF001336,TXN008471,CUST01218,MER06206,2024-12-18 16:07:58,26024.14,Order Cancelled,Pending
REF001337,TXN000617,CUST01062,MER06960,2024-07-05 02:15:02,124.92,Duplicate Transaction,Completed
REF001338,UNKNOWN,CUST09364,MER09330,2024-08-18 05:33:45,1318.84,Customer Request,Pending
REF001339,TXN004438,UNKNOWN,MER02751,2024-08-11 00:46:39,113583.7,Duplicate Transaction,Completed
REF001340,TXN008942,CUST01222,MER09410,2024-11-13 18:03:29,96418.85,Booking Cancelled,Completed
REF001341,TXN008523,CUST08153,MER09768,25/09/2024,1044.3,Product Returned,Completed
REF001342,TXN009360,CUST08292,MER05375,2024-02-14 19:07:10,35151.1,Order Cancelled,Completed
REF001343,TXN009541,CUST03569,MER09875,2024-09-24 07:31:13,12506.9,Order Cancelled,Completed
REF001344,TXN006807,CUST00922,MER07366,2024-03-19 15:34:58,84966.28,Duplicate Transaction,Completed
REF001345,TXN008162,CUST06362,MER09383,2024-06-25 11:34:58,16521.81,Product Returned,Completed
REF001346,TXN006306,CUST05181,MER01825,2024-06-04 02:19:48,837.14,Product Returned,Pending
REF001347,TXN005476,CUST03834,MER06317,2024-07-18 23:27:22,2138.22,Order Cancelled,Completed
REF001348,TXN005234,CUST07397,MER04611,2024-05-03 20:03:06,9709.38,Booking Cancelled,Completed
REF001349,TXN000518,CUST01698,MER01390,2024-03-08 12:59:16,1584.08,Order Cancelled,Completed
REF001350,TXN007373,CUST04713,MER08659,2024-10-03 06:54:53,90701.52,Customer Request,Completed
REF001351,TXN009541,CUST03569,MER09875,22/09/2024,25013.79,Order Cancelled,Completed
REF001352,TXN002932,CUST01142,MER05534,2024-04-05 20:45:32,5861.8,Booking Cancelled,Rejected
REF001353,TXN002460,CUST01570,MER00873,2024-10-28 22:24:48,1776.6,Booking Cancelled,Completed
REF001354,TXN009554,CUST06837,MER03410,2025-01-20 08:22:35,996.16,Duplicate Transaction,Completed
REF001355,TXN008375,CUST08032,MER08539,2024-04-03 07:27:33,364.77,Booking Cancelled,Completed
REF001356,TXN000357,CUST00919,MER04177,2024-07-05 16:30:31,9762.11,Order Cancelled,Completed
REF001357,TXN008662,CUST03001,MER04657,2024-03-17 16:16:05,921.42,Order Cancelled,Completed
REF001358,TXN005247,CUST06826,MER01081,2024-07-14 21:50:38,701.14,Booking Cancelled,Completed
REF001359,TXN002910,CUST06162,MER03897,2024-09-05 22:57:31,513.28,Customer Request,Completed
,TXN006385,CUST02113,MER08831,22/10/2024,60784.61,Booking Cancelled,Completed
REF001361,TXN002381,CUST01234,MER07099,2024-05-30 14:03:52,8107.19,Order Cancelled,Pending
REF001362,TXN004277,CUST09694,MER01598,2024-03-14 12:09:30,8035.16,Booking Cancelled,Completed
REF006525,TXN000487,CUST05189,MER04257,2024-07-13 15:04:11,62425.78,Duplicate Transaction,Completed
REF001364,TXN001164,CUST06874,MER00459,14/03/2024,20780.68,Booking Cancelled,Completed
REF001365,TXN007597,CUST06372,MER00276,2024-04-28 22:01:36,7306.58,Order Cancelled,Rejected
REF001366,TXN008436,CUST01834,MER09656,22/11/2024,1052.77,Customer Request,Pending
REF001367,TXN002196,CUST05869,MER09231,2024-12-28 15:47:25,16480.91,Customer Request,Completed
REF001368,TXN002189,CUST08993,MER02477,2024-06-01 19:54:47,7598.48,Product Returned,Completed
REF001369,TXN009658,CUST08078,MER04198,2024-03-17 21:52:40,1253.48,Product Returned,Completed
REF001370,TXN008933,CUST02790,MER02616,2024-07-29 12:43:49,24799.23,Booking Cancelled,Pending
REF001371,TXN005996,CUST06650,MER08499,2024-01-19 15:51:57,436.68,Duplicate Transaction,Completed
REF001372,TXN005053,CUST01110,MER06699,2024-12-02 01:43:21,4558.54,Booking Cancelled,Completed
REF001373,TXN000826,CUST07593,MER05301,2024-03-01 02:53:14,8829.31,Order Cancelled,Completed
REF001374,TXN005464,CUST01432,MER03040,2024-10-21 21:45:35,228.23,Customer Request,Completed
REF001375,TXN000153,CUST06329,MER04136,2024-06-28 05:22:35,23193.06,Order Cancelled,Completed
REF001376,TXN007006,CUST06529,MER00847,2024-10-15 11:30:08,1120.78,Duplicate Transaction,Pending
REF001377,TXN007922,CUST03347,MER09026,2024-01-27 12:40:19,1614.32,Product Returned,Rejected
REF001378,TXN001568,CUST07755,MER01726,2025-01-02 08:59:32,2897.55,Product Returned,Pending
REF001379,TXN003497,CUST03414,MER04869,2024-11-05 04:24:15,33803.52,Product Returned,Completed
REF001380,TXN006209,CUST00351,MER07259,2024-11-05 13:29:27,93954.94,Order Cancelled,Pending
REF001381,TXN003421,CUST01340,MER07874,2024-03-19 07:27:48,1072.51,Duplicate Transaction,Completed
REF001382,TXN008420,CUST04037,MER05878,,6268.15,,Completed
REF001383,TXN007590,CUST00364,MER02068,2024-09-21 07:03:09,38378.41,Product Returned,Completed
REF001384,TXN004038,CUST07962,MER04020,2024-08-14 22:00:51,5801.56,Order Cancelled,Pending
REF001385,TXN002590,CUST09100,MER09711,2024-07-23 23:25:53,933.88,Order Cancelled,Completed
REF001386,TXN003485,CUST09098,MER06915,2024-07-01 02:34:02,846.32,Order Cancelled,Pending
REF001387,TXN005065,CUST03112,MER05124,2024-04-23 12:02:16,7837.68,Customer Request,Completed
REF001388,TXN000366,CUST09830,MER01565,2025-01-01 07:27:16,16858.42,Order Cancelled,Completed
REF001389,TXN000646,CUST09527,MER06329,2024-05-27 14:16:07,18664.08,Duplicate Transaction,Rejected
REF001390,TXN000161,CUST06309,MER07968,2024-09-07 21:50:16,,Duplicate Transaction,Rejected
REF001391,TXN001314,CUST02905,MER07034,2024-06-11 19:18:41,2260.25,Product Returned,Completed
REF001392,TXN000775,CUST05160,MER07759,2024-11-04 15:02:49,15939.23,,Completed
REF001393,TXN009673,CUST05545,MER00658,2024-05-01 13:02:47,2147.55,Duplicate Transaction,Completed
REF001394,TXN006325,CUST06259,MER04331,2024-08-23 14:21:22,7422.76,Order Cancelled,Completed
REF001395,TXN005469,CUST08296,MER07260,2024-02-25 19:06:38,162.96,Booking Cancelled,Pending
REF001396,TXN001605,CUST05117,MER06077,2024-12-26 06:39:10,46.82,Order Cancelled,Pending
REF001397,TXN005531,CUST04052,MER00848,2024-08-19 06:31:51,1754.82,Order Cancelled,Completed
REF001398,TXN008993,CUST04752,MER00724,2024-05-28 21:37:56,19123.42,Customer Request,Completed
REF001399,TXN007349,CUST05257,MER02603,2024-11-07 19:33:42,472.09,Product Returned,Completed
REF001400,TXN004359,CUST08879,MER04674,,4649.97,Duplicate Transaction,Pending
REF001401,TXN002506,CUST02440,MER01263,2024-08-31 21:41:07,50506.57,Booking Cancelled,Completed
REF001402,TXN004809,CUST05202,MER05361,2024-12-19 15:48:23,91.56,Order Cancelled,Completed
REF001403,TXN000517,CUST05158,MER05169,2024-05-01 06:21:43,1156.3,Customer Request,Completed
REF001404,TXN003620,CUST07109,MER05440,2024-01-30 00:28:26,59921.11,Customer Request,Completed
REF001405,TXN009972,CUST09631,MER01905,2024-03-01 16:44:28,17784.19,Booking Cancelled,Completed
REF001406,TXN008300,CUST01220,MER02066,2024-11-22 12:25:42,15097.79,Customer Request,Completed
REF001407,TXN005497,CUST05604,MER06869,2024-12-14 11:47:16,3948.86,Duplicate Transaction,Rejected
REF001408,TXN006303,CUST00134,MER02495,2025-01-08 05:15:08,2700.86,Product Returned,Completed
REF001409,TXN002104,CUST04507,MER06605,2024-01-24 15:17:24,4741.44,Order Cancelled,Completed
REF001410,TXN006800,CUST07069,MER01270,2024-11-09 11:47:57,6320.62,Duplicate Transaction,Completed
REF001411,TXN000638,CUST05965,MER02829,2024-05-31 16:13:22,35927.55,Order Cancelled,Completed
REF001412,TXN003346,CUST06996,MER03100,2024-05-20 00:09:58,22113.36,Duplicate Transaction,Completed
REF001413,TXN005235,CUST06615,MER02816,2024-07-30 09:41:29,1078.31,Order Cancelled,Completed
,TXN006182,CUST03260,MER00951,2024-05-24 18:45:53,485.22,Product Returned,Completed
REF001415,TXN007129,CUST03174,MER02942,2024-05-22 02:10:29,12656.72,Duplicate Transaction,Pending
REF001416,TXN001533,CUST06001,MER06187,2024-09-26 09:02:07,240.98,,Completed
REF001417,TXN004169,CUST06353,MER03085,2024-06-08 18:30:06,2718.8,Duplicate Transaction,Completed
REF001418,TXN001184,CUST01246,MER09419,2024-04-26 13:23:17,unknown,Booking Cancelled,Completed
REF001419,TXN008239,CUST00984,MER07023,2024-05-08 22:27:04,592.4,Order Cancelled,Completed
REF001420,TXN008798,CUST08730,MER07437,2024-03-03 09:34:46,3825.85,Order Cancelled,Completed
REF001421,TXN002697,CUST08014,MER05609,2024-05-21 05:06:56,56776.98,Duplicate Transaction,Completed
REF001422,TXN008048,CUST04753,MER07425,2024-06-27 14:50:58,6053.4,Booking Cancelled,Completed
REF001423,TXN005520,CUST05539,MER08474,2024-08-26 03:47:55,2859.02,Order Cancelled,Rejected
REF001424,TXN001337,CUST01607,MER07937,2024-10-13 02:24:33,834.62,Customer Request,Completed
REF001425,TXN000015,CUST07782,MER04647,2024-02-03 14:04:36,175.3,Order Cancelled,Completed
REF001426,TXN002163,CUST07995,MER01307,2024-12-30 20:05:58,4054.96,Duplicate Transaction,Completed
REF001427,TXN001994,,MER05216,2024-07-27 20:08:09,88265.4,Product Returned,Completed
REF001428,TXN007180,CUST06085,MER03963,2024-03-25 11:44:50,45620.02,Booking Cancelled,Completed
REF001429,TXN006533,CUST06161,MER01776,2024-05-23 10:59:43,9991.03,Customer Request,Completed
REF001430,TXN007866,CUST06775,MER07600,,19100.03,Booking Cancelled,Rejected
REF001431,TXN009280,CUST06962,MER05287,2024-09-18 19:51:02,3796.77,Product Returned,Completed
REF001432,TXN000521,CUST03645,MER08982,2024-10-17 08:43:01,26560.94,Booking Cancelled,Rejected
REF001433,TXN002855,CUST04336,MER03437,2024-02-09 14:43:37,1879.07,Booking Cancelled,Completed
REF001434,TXN009044,CUST05577,MER04560,2024-07-16 22:30:38,1683.5,Duplicate Transaction,Completed
REF001435,TXN004621,CUST04442,MER01317,2024-02-20 18:54:48,9077.26,Booking Cancelled,Completed
REF001436,TXN000972,CUST02327,MER01585,2024-07-29 10:06:51,10412.98,Booking Cancelled,Rejected
REF001437,TXN004860,CUST06084,MER01724,2024-05-28 06:20:56,207.84,Booking Cancelled,Completed
REF001438,TXN000223,CUST07835,MER04382,2024-11-30 00:16:01,unknown,Duplicate Transaction,Completed
REF001439,TXN001778,UNKNOWN,MER00617,2024-10-26 02:17:06,13273.75,Product Returned,Completed
REF001440,TXN005523,CUST06117,MER04296,2024-03-11 13:34:42,1126.43,Booking Cancelled,Completed
REF001441,TXN009640,CUST03455,MER02097,2024-02-12 07:39:21,106.81,Order Cancelled,Completed
REF001442,TXN001047,CUST02192,MER06918,2024-05-21 01:19:32,18590.75,Product Returned,Pending
REF001443,TXN002612,CUST03278,MER01345,10/03/2024,1234.93,Booking Cancelled,Completed
REF001444,TXN003015,CUST05732,MER02443,2024-04-02 18:00:16,1830.71,Order Cancelled,Completed
REF001445,TXN001657,CUST03518,MER07418,2025-01-04 03:24:05,56702.5,Customer Request,Completed
REF001446,TXN001753,CUST09427,MER09583,2024-03-17 03:54:44,12517.93,Booking Cancelled,Rejected
REF001447,TXN000524,CUST04453,MER08799,2024-04-04 00:59:02,16710.87,Customer Request,Completed
REF001448,TXN001688,CUST04843,MER05904,2024-07-06 11:30:42,14355.11,Order Cancelled,Completed
REF001449,TXN001825,CUST07967,,2024-07-11 15:31:04,3045.38,Duplicate Transaction,Completed
REF001450,TXN004384,CUST03960,MER03947,2024-10-21 11:49:30,49090.62,Booking Cancelled,Completed
REF001451,TXN003334,CUST04591,MER06707,2024-12-24 21:42:56,12475.21,Order Cancelled,Completed
REF001452,TXN001525,CUST07003,MER08436,2024-03-05 05:51:54,106.8,Order Cancelled,Completed
REF001453,TXN006922,CUST07560,MER02656,,79.05,Booking Cancelled,Completed
REF001454,TXN002551,CUST01066,MER01981,2024-09-25 06:46:40,16153.49,Booking Cancelled,Completed
REF001455,TXN005083,CUST08984,MER00408,2024-09-20 23:35:30,1262.79,Customer Request,Completed
,TXN000411,CUST02078,MER07838,2024-11-18 17:16:59,1251.87,Duplicate Transaction,Completed
REF001457,TXN003028,CUST04394,MER09979,2024-12-20 07:47:11,9166.36,Order Cancelled,Completed
REF001458,TXN000789,,MER03620,2024-04-26 03:27:40,946.91,Booking Cancelled,Completed
REF001459,TXN008530,CUST05329,MER06254,2024-03-03 07:56:13,31242.85,Product Returned,Rejected
REF001460,TXN008267,CUST02239,MER07237,2024-02-27 05:43:56,23993.33,Booking Cancelled,Completed
REF001461,TXN001814,CUST09539,MER02934,2024-09-29 08:43:08,46923.94,Product Returned,Completed
REF001462,TXN001926,CUST09536,MER05146,2024-04-24 19:46:27,575.42,Customer Request,Completed
REF001463,TXN005703,CUST07614,MER02731,2024-09-03 11:21:31,29259.6,Product Returned,Pending
REF001464,TXN003175,CUST06224,MER08578,2024-09-04 19:03:16,15611.47,Customer Request,Completed
REF001465,TXN009640,CUST03455,MER02097,2024-02-09 07:39:21,106.81,Order Cancelled,Completed
REF001466,TXN007973,CUST05307,MER01793,2024-10-21 15:55:09,12161.43,Customer Request,Completed
REF001467,TXN000378,CUST08241,MER03451,2024-01-26 22:45:18,13040.14,Order Cancelled,Rejected
REF001468,TXN005076,CUST08462,MER03984,2024-03-19 14:52:26,688.13,Product Returned,Pending
REF001469,,CUST02372,MER02373,2024-03-10 02:40:38,4522.52,Order Cancelled,Completed
REF001470,TXN006165,CUST04976,MER01357,2025-01-10 02:41:52,875.38,Booking Cancelled,Completed
REF001471,TXN005248,CUST02198,MER08463,15/10/2024,471.94,Order Cancelled,Completed
REF001472,TXN000992,CUST01339,MER07951,2024-07-22 16:14:31,49514.52,Customer Request,Completed
REF001473,TXN006282,CUST09156,MER03778,2024-05-28 21:43:04,,Product Returned,Completed
REF001474,TXN003117,CUST05987,MER06677,2024-08-27 23:56:34,3940.73,Booking Cancelled,Completed
REF001475,TXN000050,CUST06244,MER09317,2024-12-05 18:48:05,277.35,Customer Request,Completed
REF001476,TXN007599,CUST00011,MER05743,2024-06-12 22:39:28,164.36,Booking Cancelled,Completed
REF001477,TXN002271,,MER05206,2024-02-18 04:02:52,1796.95,Product Returned,Pending
REF001478,TXN004864,CUST04067,MER07927,2024-04-02 04:30:25,5768.87,Booking Cancelled,Completed
REF001479,TXN009510,CUST01601,MER05979,2024-12-04 16:27:40,817.42,Order Cancelled,Completed
REF001480,TXN003580,CUST02280,MER00261,2024-01-20 02:50:31,488.55,Customer Request,Completed
REF001481,TXN003501,CUST05331,MER04637,2024-01-26 06:30:12,64.85,Order Cancelled,Completed
REF001482,TXN005002,,MER08979,2024-01-21 21:39:00,1221.06,Booking Cancelled,Completed
REF001483,TXN003876,CUST00998,MER04100,2024-10-13 01:02:13,10262.2,Product Returned,Rejected
REF001484,TXN000066,CUST04126,MER00754,2024-12-03 17:33:22,44231.5,Product Returned,Completed
REF001485,TXN004575,CUST01261,MER06807,2024-03-07 06:10:57,14096.18,Product Returned,Rejected
REF001486,TXN000195,CUST08739,MER06341,2024-04-14 06:44:59,1058.48,Order Cancelled,Pending
REF001487,TXN001760,CUST06547,MER04762,2024-04-18 07:38:46,58510.18,Order Cancelled,Completed
REF001488,,CUST02756,MER05425,2024-12-12 05:23:38,108020.2,Order Cancelled,Pending
REF001489,TXN009358,CUST02275,MER03042,2024-10-31 20:18:06,11529.6,Product Returned,Completed
REF001490,TXN004103,CUST03565,MER00105,2024-06-27 08:43:51,5559.1,Duplicate Transaction,Completed
REF001491,TXN006299,CUST08525,MER04562,2024-09-25 22:52:54,21784.1,Customer Request,Completed
REF001492,TXN009068,CUST05141,MER02362,2024-03-05 00:03:12,3308.94,Duplicate Transaction,Completed
REF001493,TXN009677,,MER05550,2024-04-17 11:46:34,46229.88,Order Cancelled,Pending
REF001494,TXN001412,CUST07909,MER07816,2024-04-29 01:24:52,60357.98,Customer Request,Completed
REF001495,TXN005954,CUST06365,MER09565,2024-10-19 20:43:20,75578.48,Order Cancelled,Completed
REF001496,TXN001600,CUST03956,MER04806,2024-08-16 10:47:22,1789.72,Duplicate Transaction,Completed
REF001497,TXN005494,CUST06439,MER07869,2024-04-21 21:19:12,130.82,Order Cancelled,Completed
REF001498,TXN004126,CUST02394,MER06674,2025-01-18 18:34:42,2911.19,Booking Cancelled,Completed
REF001499,TXN004744,CUST06719,MER08485,2024-08-18 05:07:32,39002.94,Order Cancelled,Rejected
REF001500,TXN003972,CUST07322,MER06670,2025-01-09 06:12:56,1698.02,Product Returned,Completed
REF001501,TXN008768,CUST08001,MER00100,2024-04-10 22:39:12,194.94,Customer Request,Pending
REF001502,TXN004796,CUST05682,MER08491,2024-12-14 11:41:37,29359.5,Order Cancelled,Completed
REF001503,TXN004149,CUST06783,MER02120,2024-01-25 12:01:40,268.88,Customer Request,Completed
REF001504,TXN002280,CUST02075,MER00894,2024-01-30 00:32:55,14806.91,Product Returned,Completed
REF001505,TXN008335,CUST09099,UNKNOWN,2025-01-05 19:28:17,2286.57,Product Returned,Completed
REF001506,TXN006042,CUST01350,MER00933,2024-05-25 16:24:37,11240.87,Customer Request,Completed
REF001507,TXN004847,,MER06476,2024-07-02 19:30:24,35454.97,Duplicate Transaction,Completed
REF001508,TXN001692,CUST06536,MER08399,2024-07-27 21:08:10,22388.63,Duplicate Transaction,Completed
REF001509,TXN002811,,MER01614,2024-06-14 23:10:14,306.48,Customer Request,Completed
REF001510,TXN006386,CUST02855,MER07703,2024-09-01 01:27:43,372.68,Customer Request,Completed
REF001511,TXN004479,CUST03336,MER05678,2024-02-16 07:47:25,37506.49,Customer Request,Completed
REF001512,TXN008816,CUST04719,MER06074,2024-03-21 16:12:50,39083.61,Booking Cancelled,Completed
REF001513,TXN001636,CUST01329,MER02709,2024-11-08 15:37:10,6748.08,Order Cancelled,Completed
REF001514,TXN001615,CUST04744,MER07636,2024-02-01 02:46:48,463.03,Customer Request,Pending
REF001515,TXN005879,CUST08555,MER02267,2024-01-18 21:13:13,12799.49,Product Returned,Completed
REF001516,TXN006119,CUST03981,MER05209,2024-09-25 20:08:03,250.38,Order Cancelled,Completed
REF001517,TXN006172,CUST05826,MER00324,2024-12-14 18:44:41,1309.72,Booking Cancelled,Completed
REF001518,TXN004445,CUST02724,MER08305,2025-01-19 21:02:34,202.43,Booking Cancelled,Pending
REF001519,TXN004611,CUST04468,MER06663,2024-02-16 21:04:15,9204.5,Customer Request,Completed
REF001520,TXN000940,CUST00332,MER06605,18/11/2024,42961.22,Order Cancelled,Completed
REF001521,TXN007621,CUST02997,MER05382,2024-09-15 06:56:28,2362.41,Duplicate Transaction,Completed
REF001522,TXN008035,CUST00356,MER08327,2024-08-28 04:21:42,5179.52,Order Cancelled,Completed
REF001523,TXN000123,CUST07714,MER01203,2024-03-05 07:42:10,93183.45,Order Cancelled,Pending
REF001524,TXN006857,CUST09545,MER08950,2024-08-25 04:49:42,1298.17,Order Cancelled,Completed
REF001525,TXN000924,CUST01577,MER08055,2024-06-18 14:17:30,64124.13,Customer Request,Completed
REF001526,TXN004197,CUST07423,MER00175,2024-01-29 09:10:23,1536.66,Customer Request,Completed
REF001527,TXN002583,CUST03942,MER02061,2024-10-04 12:42:20,3022.08,Product Returned,Completed
REF001528,TXN004113,CUST03985,MER06610,2025-01-16 15:00:41,17491.44,Customer Request,Completed
REF001529,TXN004352,CUST04484,,2024-04-07 09:32:52,65503.12,Order Cancelled,
REF001530,TXN001643,UNKNOWN,MER02583,2024-07-05 04:14:32,78947.23,Product Returned,Completed
REF001531,TXN005471,CUST09964,MER03814,2024-04-23 13:03:05,7623.37,Booking Cancelled,Completed
REF001532,TXN003020,CUST02795,MER06749,2024-06-08 19:23:08,34020.03,Duplicate Transaction,Completed
REF001533,TXN003768,CUST09457,MER04642,2024-03-14 18:02:56,13875.78,Customer Request,Completed
REF001534,TXN008630,CUST03227,MER04914,2024-04-11 02:16:59,955.24,Order Cancelled,Pending
REF001535,TXN007514,CUST04401,MER09643,2024-08-24 04:39:40,1567.56,Customer Request,Completed
REF001536,TXN004608,CUST07663,MER07450,2024-06-16 06:24:12,3459.46,Product Returned,Completed
REF001537,TXN006725,CUST09928,MER03600,2024-11-08 01:39:10,13845.96,Duplicate Transaction,Rejected
REF001538,TXN004484,CUST03532,MER02034,2024-10-05 08:00:23,69884.88,Product Returned,Pending
REF001539,TXN004269,CUST09481,MER01793,2024-06-26 00:23:48,81186.1,Duplicate Transaction,Completed
REF001540,TXN004382,CUST08600,MER04750,2024-04-02 20:35:55,325.23,Product Returned,Pending
REF001541,TXN007356,CUST02549,MER04987,2024-06-27 08:21:06,118.02,Duplicate Transaction,Completed
REF001542,TXN005578,CUST08025,MER07180,2024-01-19 09:20:03,79564.62,Customer Request,Pending
REF001543,TXN009900,CUST03033,MER03443,2024-05-29 03:29:06,5758.68,Order Cancelled,Rejected
REF001544,,,MER07255,2024-01-13 08:47:40,81.24,Duplicate Transaction,Pending
REF001545,TXN003494,CUST07295,MER01679,2024-08-25 23:34:10,11791.95,Product Returned,Completed
REF001546,TXN000545,CUST06448,MER01474,2024-11-09 00:01:11,1007.83,Product Returned,Rejected
REF001547,TXN003971,CUST04511,MER01581,2024-08-15 20:00:48,6606.31,Booking Cancelled,Completed
REF001548,TXN004982,CUST07677,MER09135,2024-08-19 16:19:05,28799.02,Product Returned,Completed
REF001549,TXN008256,CUST07728,MER07088,2024-02-12 21:41:11,13618.15,Duplicate Transaction,Completed
REF001550,TXN002769,CUST04787,MER09988,2024-02-22 07:19:04,468.41,Booking Cancelled,Completed
REF001551,TXN002191,CUST05481,MER05792,2024-10-25 18:04:12,1869.69,Duplicate Transaction,Completed
REF001552,TXN001499,CUST09141,MER03862,2024-01-08 01:55:08,3496.57,Duplicate Transaction,Completed
REF001553,TXN006413,CUST03980,MER04618,2024-11-21 15:09:36,31403.24,Product Returned,Pending
REF001554,TXN006002,CUST07745,MER00103,2024-04-26 20:47:08,21921.74,Booking Cancelled,Rejected
REF001555,TXN001040,CUST03888,MER08180,2024-11-21 12:19:38,21541.72,Order Cancelled,Rejected
REF001556,TXN007700,CUST05895,MER04671,2024-05-23 16:08:44,607.93,Product Returned,Completed
,TXN008412,CUST07848,MER01880,2024-12-10 04:15:48,16989.85,Booking Cancelled,Completed
REF001558,TXN001502,CUST08755,MER03220,2024-02-14 23:13:10,1339.92,Product Returned,Completed
REF001559,TXN006792,CUST09185,MER02348,2024-09-09 17:11:02,1761.05,Order Cancelled,Completed
REF001560,TXN001404,CUST08464,MER04287,2024-01-29 19:19:31,10280.68,Booking Cancelled,Pending
REF001561,TXN000201,,MER06291,2024-10-16 23:57:40,15587.23,Order Cancelled,Completed
REF001562,TXN006952,CUST05337,MER03020,2024-01-10 01:59:54,1807.2,Duplicate Transaction,Pending
REF001563,TXN005590,CUST00839,MER03105,2024-12-24 22:34:30,50217.55,Customer Request,Completed
REF001564,TXN001837,CUST02780,MER06005,2024-03-13 17:34:55,18812.44,Booking Cancelled,Completed
REF001565,TXN001323,CUST06725,MER06959,2024-07-08 01:12:02,2153.95,Duplicate Transaction,Completed
REF001566,TXN005055,CUST01608,MER09056,2024-10-19 02:19:32,12745.45,Customer Request,Completed
REF001567,TXN005189,CUST06615,MER08487,2024-09-08 22:35:04,80535.87,Duplicate Transaction,Completed
REF001568,TXN002759,CUST05061,MER04421,2024-06-13 04:44:01,89663.95,Duplicate Transaction,Completed
REF001569,TXN001313,CUST05523,MER04404,2025-01-01 14:20:47,10349.25,Duplicate Transaction,Completed
REF001570,TXN003064,CUST03045,MER05212,2024-02-15 23:04:21,9304.21,Product Returned,Pending
REF001571,TXN000233,CUST04086,UNKNOWN,2024-07-25 17:57:20,788.4,Order Cancelled,Rejected
REF001572,TXN007585,CUST00998,MER06877,2024-06-08 06:05:21,922.42,Order Cancelled,Completed
REF001573,TXN007408,CUST09422,MER05733,2024-07-10 19:33:23,26584.12,Product Returned,Completed
REF001574,TXN008366,CUST01689,MER01026,2024-06-28 14:43:35,57198.34,Customer Request,Completed
REF001575,,CUST01001,MER00752,2024-09-08 16:13:34,208.55,Customer Request,Pending
REF001576,TXN006070,CUST08348,MER05649,2024-03-25 00:40:26,64480.34,Product Returned,Completed
REF001577,TXN007118,CUST01532,MER08169,2024-03-12 19:10:11,28015.75,Order Cancelled,Completed
REF001578,TXN007891,CUST00373,MER02005,2024-02-21 08:58:55,3061.72,Duplicate Transaction,Completed
REF001579,TXN006260,CUST07726,MER00920,2024-04-19 13:47:01,35618.99,Booking Cancelled,Completed
REF001580,TXN000992,CUST01339,MER07951,2024-07-23 16:14:31,99029.05,Product Returned,Completed
REF001581,TXN004568,CUST02682,MER04709,2024-09-11 01:06:21,700.02,Duplicate Transaction,Completed
REF001582,TXN006187,CUST01045,MER04026,2024-12-07 09:26:14,495.55,Duplicate Transaction,Completed
REF001583,TXN009877,CUST00046,MER04130,2025-01-01 13:49:30,1081.69,Duplicate Transaction,Completed
REF001584,TXN004267,CUST01353,MER03618,2024-09-12 05:43:27,47384.28,Product Returned,Rejected
REF001585,TXN001091,CUST09631,MER07108,2024-03-07 13:50:36,3116.64,Customer Request,Completed
REF001586,TXN008045,CUST03526,MER04618,2024-04-06 21:13:45,403.5,Customer Request,Completed
REF001587,TXN000372,CUST04399,MER08904,2024-08-02 11:48:35,1840.66,Order Cancelled,Completed
REF001588,TXN006516,CUST06953,MER00910,2024-10-31 20:58:13,579.1,Product Returned,Completed
REF001589,TXN004483,CUST04302,MER08349,2024-11-08 05:15:45,76291.51,Duplicate Transaction,Completed
REF001590,TXN002251,CUST07909,MER06020,2024-05-14 15:00:27,9221.02,Product Returned,Completed
REF001591,TXN007458,CUST07266,MER07050,2024-05-17 18:55:52,8155.82,Duplicate Transaction,Completed
REF001592,TXN007504,CUST00717,MER06071,2024-09-04 06:00:16,16122.59,Product Returned,Completed
REF001593,TXN008951,,MER04149,2024-05-03 08:52:57,23075.78,Customer Request,Completed
REF001594,TXN007493,CUST02048,MER04768,2024-07-09 05:56:09,21251.94,Booking Cancelled,Completed
,TXN006475,CUST03839,MER03516,2024-09-14 21:39:00,10673.0,Customer Request,Completed
REF001596,TXN002875,CUST07130,MER09968,2024-09-19 16:00:29,13531.02,Order Cancelled,Completed
REF001597,TXN005174,CUST01297,MER01771,2024-09-01 09:02:39,10820.19,Customer Request,Completed
REF001598,TXN003826,CUST03902,MER05089,2024-02-16 22:45:55,15424.72,Product Returned,Pending
REF001599,TXN005567,CUST00515,MER02665,24/09/2024,17030.98,Customer Request,Pending
REF001600,TXN004984,CUST06559,MER02175,2024-05-19 12:49:38,118393.6,Customer Request,Pending
REF001601,TXN007166,CUST00450,MER00705,2024-04-14 00:16:07,14569.74,Product Returned,Completed
REF001602,TXN002671,CUST07000,MER01229,2024-08-02 13:10:52,3087.28,Product Returned,Completed
REF001603,TXN004846,CUST04897,MER00953,2025-01-19 03:04:04,1641.79,Booking Cancelled,Completed
,,CUST00166,MER09825,2024-11-18 07:42:07,1545.71,Customer Request,Completed
REF001605,TXN004880,CUST08330,MER00985,2024-06-02 03:48:30,14705.49,Duplicate Transaction,Completed
REF001606,TXN008244,CUST09840,MER09825,2024-07-05 15:34:41,23640.45,,Completed
REF001607,TXN004515,CUST02310,MER08456,2024-12-14 17:27:55,89637.37,Product Returned,Rejected
REF001608,TXN004142,CUST08301,MER08893,2024-05-27 12:06:43,711.76,Duplicate Transaction,Completed
REF001609,TXN002274,CUST00648,MER09049,2024-12-25 22:56:06,10347.61,Customer Request,Completed
REF001610,TXN001714,CUST03806,MER04453,2024-10-12 05:10:54,41304.64,Booking Cancelled,Completed
REF001611,TXN004721,CUST07144,MER09086,2024-08-26 01:35:48,272.34,Order Cancelled,
REF001612,TXN002603,CUST08190,,2024-02-20 10:46:38,851.26,Duplicate Transaction,Completed
REF001613,TXN009577,CUST05827,MER02158,2024-01-23 21:34:20,480.5,Product Returned,Completed
REF001614,TXN008829,CUST04662,MER05887,2024-05-21 02:02:49,420.59,Booking Cancelled,Completed
REF001615,TXN000894,CUST07303,MER00911,2024-06-04 15:50:40,41094.94,Order Cancelled,Completed
REF001616,TXN001164,CUST06874,MER00459,2024-03-14 09:05:00,41561.36,Order Cancelled,Completed
REF001617,TXN007402,CUST09701,MER02486,2024-09-23 20:12:10,57.42,Customer Request,Completed
REF001618,TXN003432,CUST07312,MER02688,2024-08-09 18:44:48,16853.94,Product Returned,Completed
REF001619,TXN006737,CUST09007,MER00157,2024-10-31 08:06:07,698.48,Product Returned,Completed
REF001620,TXN001276,CUST05837,MER02183,2024-10-29 00:26:31,1462.44,Booking Cancelled,Completed
REF001621,TXN002443,,MER02281,2024-11-26 06:11:28,10630.29,Customer Request,Completed
REF001622,TXN000221,CUST05644,MER05109,2024-05-18 15:55:37,10187.68,Duplicate Transaction,Pending
REF001623,TXN004721,CUST07144,MER09086,2024-08-29 01:35:48,272.34,Duplicate Transaction,Completed
,TXN000492,CUST07845,MER03946,2024-09-19 02:35:09,1219.16,Product Returned,Completed
REF001625,,CUST07415,MER08578,2024-03-02 13:37:10,45442.54,Duplicate Transaction,Pending
REF001626,TXN004961,CUST07045,MER08699,2024-02-19 03:34:20,7258.41,Product Returned,Rejected
REF001627,TXN006591,CUST08866,MER03042,2024-07-19 17:16:46,81144.76,Order Cancelled,Completed
REF001628,TXN009487,CUST02650,MER09583,2024-06-15 03:26:11,7016.0,Product Returned,Completed
REF001629,TXN001312,CUST05716,MER09693,2024-08-11 21:33:07,14835.41,Product Returned,Pending
REF001630,TXN007675,CUST05801,MER06133,16/07/2024,42395.64,Booking Cancelled,Completed
REF001631,TXN007009,CUST05257,MER04098,2024-08-07 11:50:55,21870.04,Customer Request,Completed
REF001632,TXN005229,CUST04237,MER03693,2024-02-16 04:18:52,175.36,Duplicate Transaction,Completed
REF001633,TXN000293,CUST08070,MER08311,2024-01-28 04:03:57,5115.77,Order Cancelled,Pending
REF001634,TXN001550,CUST02015,MER00752,2024-06-21 18:54:07,1498.66,Customer Request,Pending
REF001635,TXN000948,CUST06465,MER03234,2024-08-06 01:16:43,84953.55,Booking Cancelled,
REF001636,TXN002682,CUST00259,MER07308,2024-02-13 20:04:35,12773.94,Booking Cancelled,Completed
REF001637,TXN005950,CUST07779,MER04731,2024-05-13 20:34:44,31048.8,Customer Request,Completed
REF001638,TXN001996,CUST01488,MER09427,2024-10-11 08:18:56,26552.8,Duplicate Transaction,Pending
REF001639,TXN001120,CUST03744,MER00233,2024-09-19 17:01:32,89270.09,Order Cancelled,Completed
REF001640,TXN001638,CUST00733,MER09369,2024-07-14 07:31:06,10215.37,Product Returned,Completed
REF001641,TXN001285,CUST02692,MER03136,2024-12-21 23:33:54,20346.62,Order Cancelled,Completed
REF001642,TXN003887,CUST09651,MER08189,2024-08-04 22:46:45,266.19,Product Returned,Completed
REF001643,TXN007903,CUST09918,MER04105,2024-05-08 16:59:26,728.57,Order Cancelled,Pending
REF001644,TXN009253,CUST00010,MER07480,2024-05-17 14:23:44,342.98,Booking Cancelled,Completed
REF001645,TXN002638,CUST01634,MER01857,2025-01-23 20:17:33,6335.27,Customer Request,Pending
REF001646,TXN001532,CUST00531,MER01011,2024-02-02 19:55:52,4915.46,Order Cancelled,Completed
REF001647,UNKNOWN,CUST04475,MER01883,2024-04-26 15:59:16,373.52,Booking Cancelled,Completed
REF001648,TXN005695,CUST05565,MER05625,2024-03-22 14:36:27,93364.79,Order Cancelled,Pending
REF001649,TXN003347,CUST08369,MER00332,2024-05-19 02:04:28,592.04,Customer Request,Completed
REF001650,TXN006830,CUST07629,MER03554,2024-11-13 21:03:45,878.54,Order Cancelled,Completed
REF001651,TXN005858,CUST09421,MER02945,2024-01-29 09:10:48,7324.76,Order Cancelled,Pending
REF001652,TXN005244,CUST06722,MER06653,2024-10-18 04:20:03,485.97,Booking Cancelled,Completed
REF001653,TXN001171,CUST07807,,2024-12-30 02:11:02,271.59,Booking Cancelled,Completed
REF001654,TXN009196,CUST01638,MER09370,2024-09-16 03:36:05,2207.98,Duplicate Transaction,Completed
REF001655,TXN001756,,MER01808,2024-11-29 20:42:45,8119.38,Order Cancelled,Rejected
REF001656,TXN002060,CUST02628,MER00788,2024-05-22 20:56:52,1736.54,Product Returned,Completed
REF001657,,CUST09834,MER00333,2024-04-21 20:56:39,140.53,Booking Cancelled,Completed
REF001658,TXN008479,CUST03741,MER02681,2024-01-08 05:24:38,174.66,Duplicate Transaction,Rejected
REF001659,TXN004458,CUST03065,MER08118,2024-04-10 07:09:31,866.92,Product Returned,Completed
REF001660,TXN003243,CUST05594,MER02023,2024-12-27 15:56:26,70466.86,Customer Request,Completed
REF001661,TXN004200,CUST03237,MER07982,2024-07-31 13:36:31,1304.24,Order Cancelled,Pending
REF001662,TXN002269,CUST02293,MER02096,2024-10-02 09:23:57,9129.5,Booking Cancelled,Pending
REF009724,TXN002801,CUST06025,MER05163,2024-07-23 13:46:22,18462.28,Customer Request,Completed
REF001664,TXN000389,CUST00027,MER07649,2024-02-09 18:48:40,14950.13,Customer Request,Completed
REF001665,TXN006091,CUST03800,MER04140,2024-12-31 20:26:43,67273.83,Order Cancelled,Completed
REF001666,TXN006358,CUST06345,MER00906,2024-12-06 17:05:02,987.18,Booking Cancelled,Completed
REF001667,TXN000836,CUST06831,MER05664,2024-03-13 08:15:11,744.82,Booking Cancelled,Completed
REF001668,TXN009998,CUST01643,MER02812,2024-05-10 20:51:05,894.4,Booking Cancelled,Completed
REF001669,TXN001787,CUST02063,MER08287,2024-02-24 20:03:00,1108.27,Customer Request,Pending
REF001670,TXN000689,CUST08286,MER06423,2024-04-03 16:52:36,20147.98,Order Cancelled,Completed
REF001671,TXN009735,CUST05583,MER02127,2024-01-26 07:25:56,4110.37,Duplicate Transaction,Pending
REF001672,TXN003150,CUST05164,MER00172,2024-08-26 06:31:53,2107.94,Customer Request,Completed
REF001673,TXN004321,CUST07762,,2024-06-15 00:00:06,53442.92,Booking Cancelled,Completed
REF001674,TXN001029,CUST01949,MER00189,2025-01-28 05:51:54,5342.87,Customer Request,Completed
REF001675,TXN001201,CUST06906,MER02162,2024-09-12 06:46:07,55206.5,Product Returned,Completed
REF001676,TXN003606,CUST08775,MER04850,2024-07-31 03:51:08,203.5,Product Returned,Completed
REF001677,TXN001768,CUST09495,MER03373,2024-07-14 04:39:35,11582.21,Customer Request,Completed
REF001678,TXN000218,CUST03821,MER05566,2024-03-21 15:40:03,398.03,Customer Request,Completed
REF001679,TXN005620,CUST04697,MER00075,2024-08-25 15:53:08,497.4,Booking Cancelled,Completed
REF001680,TXN003373,CUST03512,MER05335,2024-06-17 00:02:09,59266.59,Order Cancelled,Rejected
REF001681,TXN008526,CUST02732,MER04973,2025-01-13 11:49:30,11499.8,Duplicate Transaction,Completed
REF001682,TXN002312,CUST03006,MER01946,2024-10-23 06:56:44,11883.87,Order Cancelled,Completed
REF001683,TXN004375,CUST06091,MER02417,2024-04-26 03:57:34,101176.68,Duplicate Transaction,Completed
REF001684,TXN003748,CUST02276,MER01323,2024-08-07 03:17:54,910.71,Duplicate Transaction,Completed
REF003697,TXN004054,CUST01974,MER04364,2024-12-18 08:15:42,892.25,Customer Request,Completed
REF001686,TXN008352,CUST01980,MER03432,2024-06-07 22:44:07,37657.47,Customer Request,Rejected
REF001687,TXN004937,CUST01319,MER03762,2024-06-27 08:36:37,162.22,Duplicate Transaction,Pending
REF001688,TXN006036,CUST00874,MER03528,2024-01-25 17:03:28,2247.64,Product Returned,Pending
REF001689,TXN001631,CUST06013,MER07555,2024-06-16 05:53:31,283.88,Customer Request,Completed
REF001690,,CUST03539,MER07255,2024-01-27 08:47:40,324.97,Duplicate Transaction,Completed
REF001691,TXN004366,CUST07562,MER00468,2024-08-30 22:45:47,47727.73,Booking Cancelled,Completed
REF001692,TXN000156,CUST04975,MER07873,2024-05-13 08:21:21,44.74,Duplicate Transaction,Completed
REF001693,TXN004258,CUST09517,MER08248,2024-02-24 03:35:32,880.57,Customer Request,Rejected
REF001694,TXN000511,CUST09525,MER05878,2024-05-21 22:25:54,6215.45,Customer Request,Rejected
REF001695,TXN006275,CUST06003,MER00874,2024-04-07 10:03:55,693.77,Product Returned,Completed
REF001696,TXN004262,CUST03719,MER00851,2024-07-26 13:39:46,17174.76,Product Returned,Completed
REF001697,TXN002603,CUST08190,MER01464,2024-03-09 10:46:38,851.26,Customer Request,Completed
REF001698,TXN007779,CUST00307,MER08087,2024-02-23 18:51:54,34103.28,Customer Request,Completed
REF001699,TXN001501,CUST09419,MER01883,2024-06-15 09:42:07,unknown,Order Cancelled,Pending
REF001700,TXN006200,CUST03915,MER00113,2024-02-16 13:57:58,19653.52,Duplicate Transaction,Completed
REF001701,TXN009822,CUST06756,MER03671,2024-02-03 03:11:09,32340.6,Customer Request,Completed
REF001702,TXN000643,CUST04638,MER06991,2024-02-08 15:02:36,67146.77,Duplicate Transaction,Completed
REF001703,TXN005620,CUST04697,MER00075,2024-08-12 15:53:08,2387.54,Booking Cancelled,Rejected
REF001704,TXN004662,CUST09290,MER03865,2024-02-25 09:08:22,118317.16,Booking Cancelled,Completed
REF001705,TXN004051,CUST00903,MER03998,2024-09-11 23:28:23,1107.6,Product Returned,Completed
REF001706,TXN008971,CUST04134,MER03232,2024-05-14 15:26:35,38763.52,Duplicate Transaction,Pending
REF001707,TXN000665,CUST00344,MER06114,2024-04-29 14:45:02,1844.35,Order Cancelled,Completed
REF001708,TXN000414,CUST02567,MER04943,2024-12-13 21:18:32,4685.11,Booking Cancelled,Completed
REF001709,TXN006182,CUST03260,MER00951,2024-05-23 18:45:53,121.3,Order Cancelled,Completed
REF001710,TXN007562,CUST00361,MER09963,2024-10-01 02:38:33,25848.08,Duplicate Transaction,Pending
REF001711,TXN009710,CUST02967,MER03521,2024-12-16 04:43:26,119435.62,Duplicate Transaction,Pending
REF001712,TXN002785,CUST02681,MER01622,2024-05-29 11:48:53,13640.67,Duplicate Transaction,Completed
REF001713,TXN000096,CUST07982,MER09035,2024-08-08 23:14:25,3877.06,Product Returned,Completed
REF001714,TXN001842,CUST06601,MER05967,2024-02-10 06:25:24,4784.01,Booking Cancelled,Completed
REF001715,TXN001074,CUST03325,MER00054,2024-09-19 07:30:20,19030.55,Booking Cancelled,Pending
REF001716,TXN008306,CUST04110,MER05676,2024-04-12 15:18:28,15396.0,Product Returned,Completed
REF001717,TXN002137,CUST00571,,2024-10-16 10:21:06,1279.36,Order Cancelled,Pending
REF001718,TXN007907,CUST03880,MER00892,2024-04-22 06:26:31,3551.32,Duplicate Transaction,Completed
REF001719,TXN009199,CUST09825,MER07768,2024-11-17 05:49:21,19646.25,Customer Request,Completed
REF001720,TXN007956,CUST09247,MER05114,2024-04-05 22:48:25,12200.45,Duplicate Transaction,Completed
REF001721,TXN009459,CUST05156,MER06149,2024-10-29 07:01:41,731.01,Product Returned,Completed
REF001722,TXN004520,CUST09133,MER02678,2024-12-10 02:48:25,153.54,Booking Cancelled,Completed
REF001723,TXN006090,CUST02269,MER09204,2024-12-24 09:10:10,1245.2,Duplicate Transaction,Completed
REF001724,TXN007327,CUST01185,MER08139,2024-07-01 18:30:35,370.79,Order Cancelled,Completed
REF001725,TXN007272,CUST07643,MER08534,2024-04-25 05:23:33,1973.67,Product Returned,Completed
REF001726,TXN009303,CUST00038,MER00033,2024-03-21 00:20:57,336.28,Customer Request,
REF001727,TXN004111,CUST01197,MER06965,2024-02-26 06:20:33,31559.98,Customer Request,Completed
REF001728,TXN002588,CUST04195,MER04311,2024-02-24 19:39:57,4685.98,Duplicate Transaction,Rejected
REF001729,TXN005741,CUST01653,MER08621,2025-01-23 17:19:46,120.12,,Completed
REF001730,TXN003235,CUST09008,MER05443,2024-12-24 08:05:11,703.66,Order Cancelled,Completed
REF001731,TXN006733,CUST04387,MER05492,2024-04-16 22:46:17,119632.54,Duplicate Transaction,Completed
REF001732,TXN004759,CUST05472,MER09179,2024-06-17 10:46:12,710.05,Product Returned,Completed
REF001733,TXN006211,CUST08754,MER03920,2024-04-25 10:43:11,unknown,Booking Cancelled,Completed
REF001734,TXN002859,CUST04283,MER09167,2024-10-31 05:42:51,1436.23,Order Cancelled,Completed
REF001735,TXN007488,CUST07844,MER09342,2024-04-04 10:00:49,5423.16,Customer Request,Completed
REF001736,TXN003603,CUST02594,MER08007,2024-03-09 09:35:25,95501.54,Product Returned,Completed
REF001737,TXN009429,CUST07425,MER02952,2024-03-21 09:52:53,73846.73,Duplicate Transaction,Pending
REF001738,TXN005857,CUST07489,MER03769,2024-10-24 00:47:22,30624.04,Booking Cancelled,Rejected
REF001739,TXN003857,CUST08104,MER06266,2025-01-08 09:12:15,41830.3,Product Returned,Pending
REF001740,TXN000869,CUST06465,MER03919,2024-07-12 01:41:07,895.05,Booking Cancelled,Completed
REF001741,TXN005557,CUST04969,MER01588,2024-07-18 01:58:01,4669.86,Product Returned,Completed
REF001742,TXN008578,CUST04477,MER05112,2024-05-07 06:25:55,112574.62,Product Returned,Completed
REF001743,TXN007189,CUST06636,MER07726,2024-04-29 07:30:41,11647.37,Order Cancelled,Completed
REF001744,TXN002562,CUST09917,MER00974,2024-09-19 04:48:57,1573.07,Customer Request,Pending
REF001745,TXN004209,CUST06766,MER01973,2024-09-27 00:24:04,45432.42,Order Cancelled,Pending
REF001746,TXN004002,CUST06572,MER04791,2024-07-12 01:02:28,35498.44,Duplicate Transaction,Completed
REF001747,TXN005799,CUST08997,MER08752,2024-09-12 15:40:06,29284.14,Booking Cancelled,Completed
REF001748,TXN000655,CUST02589,MER02405,2024-11-08 11:57:26,3756.88,Booking Cancelled,Completed
REF001749,TXN001192,CUST03559,MER05110,2024-11-07 14:25:48,126.5,Order Cancelled,Completed
REF001750,TXN003882,CUST00339,MER03913,2024-12-05 04:24:39,57223.04,Customer Request,Completed
REF001751,TXN000679,CUST03799,UNKNOWN,2024-11-15 00:56:09,238.82,Booking Cancelled,Completed
REF001752,TXN000624,CUST09095,MER01101,2024-07-01 02:54:02,30580.78,Duplicate Transaction,Pending
REF001753,TXN006957,CUST01205,MER08119,2024-11-03 07:51:40,860.7,Booking Cancelled,Completed
REF001754,TXN003850,CUST08234,MER03770,2024-04-21 02:53:54,1795.42,Booking Cancelled,Completed
REF001755,TXN009832,CUST09501,,2024-07-09 01:51:44,22865.58,Duplicate Transaction,Completed
REF001756,TXN006828,CUST05367,MER09339,2024-10-29 23:34:58,19586.54,Duplicate Transaction,Completed
REF001757,TXN003962,CUST06514,MER05968,2024-01-28 02:53:55,1795.43,Customer Request,Completed
REF001758,TXN005775,CUST03391,MER09854,2024-05-03 06:11:19,112.91,Product Returned,Completed
REF001759,TXN005061,CUST02177,MER03703,2024-07-18 23:53:53,2519.12,Order Cancelled,Completed
REF001760,TXN003072,CUST09617,MER00308,2024-01-21 09:08:05,12725.57,Booking Cancelled,Completed
REF001761,TXN001660,CUST04240,MER08110,2025-01-05 17:56:58,4559.6,Order Cancelled,Completed
REF001762,TXN006925,,MER07180,2024-02-07 23:28:13,425.23,Booking Cancelled,Completed
REF001763,TXN004493,CUST06886,MER07908,2024-07-04 18:13:10,14224.53,Order Cancelled,Completed
REF001764,TXN009281,CUST01645,MER09142,2024-07-25 10:30:24,24303.62,Booking Cancelled,Pending
REF001765,TXN002503,CUST03300,MER07226,2024-11-16 16:06:45,89200.21,Booking Cancelled,Completed
REF001766,TXN005488,CUST01191,MER03799,2024-08-20 05:44:49,89082.17,Customer Request,Completed
REF001767,TXN001323,CUST06725,MER06959,2024-07-13 01:12:02,1794.96,Booking Cancelled,Completed
REF001768,TXN002205,CUST09538,MER08128,2024-09-22 13:50:15,174.55,Booking Cancelled,Rejected
REF001769,TXN009014,,MER09837,2024-11-15 08:11:54,58.96,Customer Request,Completed
REF001770,TXN002430,CUST07194,MER09382,2024-05-18 05:52:54,903.38,Customer Request,Completed
REF001771,TXN008546,CUST05951,MER00698,2024-05-08 23:58:24,1085.42,Booking Cancelled,Completed
REF001772,TXN005093,CUST09522,MER06342,2024-07-26 08:32:42,,Duplicate Transaction,Completed
REF001773,TXN009761,CUST08058,MER03855,2024-10-27 17:24:36,56.68,Customer Request,Completed
REF001774,TXN005495,CUST07340,MER04521,2024-12-06 02:01:35,112134.68,Customer Request,Completed
REF001775,TXN001053,CUST01901,MER09279,2025-01-06 21:32:38,1078.79,Duplicate Transaction,Completed
REF001776,TXN002814,CUST04909,MER07916,2024-07-16 19:20:30,96136.4,Product Returned,Completed
REF001777,TXN001159,CUST03651,MER03658,2024-10-21 02:09:58,30170.62,Order Cancelled,Completed
REF001778,TXN001962,CUST07637,MER08300,2025-01-18 20:47:39,30927.96,Booking Cancelled,Rejected
REF001779,TXN007944,CUST08902,MER06593,2024-03-20 02:38:23,29079.42,Product Returned,Completed
REF001188,TXN007046,CUST09375,MER06988,2024-05-03 12:17:50,85554.73,Booking Cancelled,Completed
REF001781,TXN002163,CUST07995,MER01307,2024-12-22 20:05:58,16219.86,Duplicate Transaction,Completed
REF001782,TXN006446,CUST04664,MER09382,2024-04-10 16:16:07,26990.52,Duplicate Transaction,Completed
REF001783,TXN009704,CUST09985,MER00599,10/02/2024,83044.29,Booking Cancelled,Completed
REF001784,TXN003499,CUST00607,MER06609,2024-02-29 06:41:45,13781.89,Duplicate Transaction,Completed
REF001785,TXN005475,CUST08142,MER08696,2024-06-25 12:34:22,4876.25,Customer Request,Completed
REF001786,TXN001787,CUST02063,MER08287,2024-02-04 20:03:00,230.89,Customer Request,Completed
REF001787,TXN000852,CUST02455,MER06941,2024-02-16 20:42:42,1926.4,Duplicate Transaction,Completed
REF001788,TXN005681,CUST02433,MER01475,2024-09-02 21:44:10,7187.48,Order Cancelled,Completed
REF001789,TXN000623,CUST09656,MER01106,2024-11-07 00:58:48,282.66,Booking Cancelled,Pending
REF001790,TXN006804,CUST01834,MER00109,2024-03-30 02:52:39,16844.06,Customer Request,Completed
REF001791,TXN006270,CUST01645,MER05642,2024-07-17 23:24:45,800.8,Customer Request,Rejected
REF001792,TXN008033,CUST03195,MER04703,2024-02-27 23:37:59,23.91,Product Returned,Rejected
REF001793,TXN001577,CUST08748,MER09819,2024-05-18 05:56:35,665.67,Customer Request,Completed
REF001794,TXN005836,CUST06148,MER08287,2024-03-29 01:01:49,18349.25,Customer Request,Completed
REF001795,TXN008945,CUST04566,MER01766,2024-04-26 22:14:15,1460.03,Duplicate Transaction,Completed
REF001796,TXN007482,CUST08475,MER01514,2024-07-10 15:43:41,46562.29,Duplicate Transaction,Completed
REF001797,TXN000604,CUST01113,MER04541,2024-05-06 02:38:24,1179.52,Customer Request,Pending
REF001798,TXN001593,CUST09324,MER05579,2024-06-14 13:19:28,15204.92,Order Cancelled,Completed
REF001799,TXN000480,CUST06732,MER00424,2024-02-14 21:07:34,96354.44,Customer Request,Completed
REF001800,TXN000594,CUST06621,MER09602,2024-08-11 21:14:48,41495.08,Booking Cancelled,Rejected
REF001801,TXN003769,CUST00465,MER09429,2024-04-22 01:59:36,4597.31,Order Cancelled,Pending
REF001802,TXN002784,CUST08941,MER05939,2024-04-23 04:32:05,10848.52,Order Cancelled,Completed
REF001803,TXN001859,CUST00485,MER08586,2024-09-06 11:05:48,329.11,Duplicate Transaction,Completed
REF001804,TXN005320,CUST09375,MER08077,2025-01-06 01:12:47,3333.13,Product Returned,Completed
REF001805,TXN006140,CUST07975,MER02741,2024-03-02 08:55:39,13388.74,Booking Cancelled,Completed
REF001806,TXN003763,CUST05038,MER08513,2024-08-30 00:24:18,612.3,Product Returned,Completed
REF001807,TXN003203,CUST03422,MER06780,2024-09-22 08:19:13,1661.29,Customer Request,Completed
REF001808,TXN004732,CUST09070,MER06440,2024-03-24 06:19:52,80795.31,Duplicate Transaction,Pending
REF001809,TXN005871,CUST01880,MER02955,2024-03-14 12:15:38,109.09,,Rejected
REF001810,TXN001007,CUST09442,MER02375,2024-03-27 18:34:04,31456.39,Booking Cancelled,Completed
REF001811,TXN001849,,MER02048,2024-09-17 00:48:34,12310.99,Booking Cancelled,Completed
REF001812,TXN000769,CUST08840,MER04692,2024-02-15 16:18:52,285.9,Order Cancelled,Rejected
REF001813,TXN003702,CUST02583,MER04634,2024-04-12 19:15:52,19792.98,Order Cancelled,Completed
REF001814,TXN007778,CUST04493,MER03939,2024-10-01 08:39:49,11619.04,Duplicate Transaction,Completed
REF001815,TXN007728,CUST09628,MER02186,2024-02-29 13:04:51,102.28,Product Returned,Completed
REF001816,TXN004141,CUST02592,MER08132,2024-11-03 11:54:52,10014.26,Product Returned,Completed
REF001817,TXN003268,,MER08622,2024-02-15 06:41:57,87966.96,Customer Request,Completed
REF001818,TXN009760,CUST06515,MER05262,2024-11-16 11:54:50,15820.23,Duplicate Transaction,Completed
REF001819,TXN004433,CUST09498,MER05140,2024-01-30 15:08:30,35313.14,Product Returned,Pending
REF001820,TXN001420,CUST06990,MER09643,2024-02-06 04:46:33,11281.06,Booking Cancelled,Rejected
REF001821,TXN008501,CUST08864,MER02639,2024-12-02 10:44:18,8392.64,Customer Request,Pending
REF001822,TXN007999,CUST07753,MER06401,2024-05-17 20:52:49,43585.2,Product Returned,Completed
REF001823,TXN005788,CUST05385,MER09181,2024-01-18 19:12:22,6157.17,Order Cancelled,Completed
REF001824,TXN004507,CUST06959,MER07656,2024-01-16 14:17:13,57874.94,Customer Request,Completed
REF001825,TXN001256,CUST06838,MER07863,2024-03-01 02:37:22,7265.77,Order Cancelled,Pending
REF001826,TXN009604,CUST05204,MER07195,2024-06-09 23:42:14,616.74,,Completed
REF001827,TXN002178,CUST03817,MER08954,2024-12-19 03:23:09,368.42,Customer Request,
REF001828,TXN006577,CUST09513,MER09919,2024-06-25 04:30:41,4871.53,Order Cancelled,Completed
REF001829,TXN006198,CUST01473,MER07032,2024-11-28 01:39:46,8179.86,Duplicate Transaction,Completed
REF001830,TXN008447,CUST08528,MER01276,2024-12-29 10:10:12,1366.87,Product Returned,Pending
REF001831,TXN000271,CUST06802,MER04508,2024-07-02 20:17:05,15784.2,Customer Request,Pending
REF001832,TXN009336,CUST05935,MER04996,2024-04-15 21:23:37,553.8,Product Returned,Completed
REF001833,TXN009752,CUST05032,UNKNOWN,13/06/2024,3068.0,Product Returned,Completed
REF001834,TXN007416,CUST09653,MER00903,2024-01-14 19:49:21,1411.66,Product Returned,Completed
REF001835,,CUST00445,MER05298,2024-10-14 18:10:20,89989.44,Product Returned,Completed
REF001836,TXN009032,CUST06071,MER08442,2024-10-27 03:47:13,666.91,Product Returned,Completed
REF001837,TXN000807,CUST01990,MER03510,2024-09-23 04:18:18,4098.17,Booking Cancelled,Completed
REF001838,TXN003821,CUST03930,MER03537,2024-08-13 16:23:19,10696.93,Duplicate Transaction,Completed
,TXN006488,CUST06363,MER04949,2024-06-29 22:43:16,21051.31,Product Returned,Completed
REF001840,TXN009807,CUST01395,MER04295,2024-01-25 11:43:15,62107.15,Customer Request,Completed
REF001841,TXN008459,CUST06179,MER06960,2024-02-05 05:30:17,2618.65,Booking Cancelled,Completed
REF001842,TXN001204,CUST07123,MER09846,2024-10-16 16:59:40,11213.79,Order Cancelled,Completed
REF001843,TXN004691,CUST06079,MER00421,2024-05-27 14:57:05,unknown,Customer Request,Pending
REF006183,TXN009023,CUST01402,MER08055,2025-01-22 02:08:47,1382.64,Order Cancelled,Completed
REF001845,TXN003339,CUST04167,MER03374,2024-06-10 12:18:39,9373.97,Duplicate Transaction,Completed
REF001846,TXN001584,CUST03551,MER05317,2024-03-19 18:07:02,106326.4,Customer Request,Rejected
REF001847,TXN007399,CUST07808,MER01328,2024-11-14 19:36:37,39989.28,Customer Request,Completed
REF001848,TXN006735,CUST05326,MER07848,2024-08-20 16:05:08,42996.71,Order Cancelled,Completed
REF001849,TXN006133,CUST07335,MER05512,2024-04-16 23:31:07,1727.61,Customer Request,Completed
REF001850,TXN003875,CUST06278,MER08956,2024-08-29 23:15:56,36033.82,Booking Cancelled,Pending
REF001851,TXN008378,CUST07950,MER06280,2024-01-19 06:04:41,1451.48,Customer Request,Pending
,TXN000373,CUST08907,MER08913,2024-02-25 14:34:46,603.91,Product Returned,Pending
REF001853,TXN003407,CUST00138,MER05701,2024-12-04 02:39:10,14613.36,Order Cancelled,Pending
REF001854,TXN008194,CUST09082,MER00749,2024-04-12 05:42:45,1961.01,Booking Cancelled,Completed
REF001855,TXN002676,CUST03423,MER08323,2024-06-21 09:18:13,67423.06,Booking Cancelled,Completed
REF001856,TXN007806,CUST01240,MER05568,2024-04-07 02:33:23,8772.08,Product Returned,Completed
REF001857,UNKNOWN,CUST09205,MER06587,2024-12-12 03:02:50,47774.56,Customer Request,Pending
REF001858,TXN004138,CUST05055,MER07038,2024-02-25 18:51:49,18925.82,Customer Request,Completed
REF001859,TXN001459,CUST00324,MER03641,2024-02-12 20:39:16,97515.06,Booking Cancelled,Completed
REF001860,TXN004641,CUST07701,MER06661,2024-05-11 11:44:58,6172.68,Product Returned,Rejected
REF001861,TXN006705,CUST08100,MER02752,2024-12-03 20:13:21,49246.9,Duplicate Transaction,Completed
REF001862,TXN008937,CUST06789,MER02853,2024-08-16 11:45:55,29934.08,Duplicate Transaction,Completed
REF001863,TXN004322,CUST02009,MER01151,2024-03-24 19:45:59,17036.87,Customer Request,Completed
REF001864,TXN005483,CUST08275,MER09754,2024-03-06 19:19:24,31516.85,Order Cancelled,Completed
REF001865,TXN004156,CUST03032,MER05528,2024-10-23 12:02:18,2341.94,Duplicate Transaction,Completed
REF001866,TXN004502,,MER08105,2024-03-06 20:09:27,13438.27,Customer Request,Completed
REF001867,TXN001694,CUST00705,MER01471,2024-06-06 03:14:45,5713.03,Order Cancelled,Pending
REF001868,TXN003357,CUST07173,MER08167,2024-08-26 22:02:52,46024.47,Product Returned,Completed
REF001869,TXN003660,CUST03770,MER04034,2024-12-03 05:12:48,10797.15,Customer Request,Completed
REF001870,TXN009454,CUST02360,MER03007,2024-10-09 10:35:29,331.82,Customer Request,Completed
REF001871,TXN002267,CUST09668,MER05393,2024-11-24 11:32:00,71973.19,Order Cancelled,Pending
REF001872,TXN000984,CUST05998,MER03278,2024-04-06 14:31:29,3982.44,Duplicate Transaction,Completed
REF001873,TXN004686,CUST01874,MER01920,2024-10-31 00:57:15,224.05,Duplicate Transaction,Completed
REF001874,TXN000614,CUST04848,MER00055,2025-01-20 21:48:53,15677.16,Product Returned,Pending
REF001875,TXN002530,CUST04100,MER08840,2024-05-08 11:39:23,454.04,Product Returned,Rejected
REF001876,TXN001337,CUST01607,MER07937,2024-10-30 02:24:33,2003.1,Booking Cancelled,Completed
REF001877,TXN008508,CUST02571,MER01823,2024-03-28 22:45:49,11348.48,Order Cancelled,Completed
REF001878,TXN004693,CUST07832,MER04158,2024-12-30 20:00:06,30210.07,Product Returned,Rejected
REF001879,TXN008871,CUST08504,MER07094,2024-02-19 21:27:47,81514.91,Duplicate Transaction,Pending
REF001880,TXN004619,CUST06703,MER02150,2024-09-24 08:09:27,1983.35,Order Cancelled,Completed
REF001881,TXN008124,CUST09450,MER05855,2024-10-16 09:26:41,1427.63,Booking Cancelled,Completed
REF001882,TXN009899,CUST06973,MER04521,2024-10-19 20:09:14,1619.12,Duplicate Transaction,Pending
REF001883,TXN004151,CUST04251,MER00817,2024-05-22 13:48:06,347.67,Duplicate Transaction,Completed
REF001884,TXN008594,CUST06671,MER07245,2024-05-18 00:31:25,34817.58,Product Returned,Completed
REF001885,TXN009406,CUST02169,MER00160,2024-05-20 06:28:46,2142.18,Booking Cancelled,Rejected
REF001886,TXN005530,CUST01983,MER03584,2024-05-02 08:24:53,977.24,Customer Request,Rejected
REF001887,TXN009010,CUST05118,MER06221,2024-09-15 00:40:36,590.94,Product Returned,
REF000822,TXN002179,CUST00858,MER04140,2024-07-18 16:52:26,21801.7,Order Cancelled,Completed
REF001889,TXN003268,,MER08622,2024-02-24 06:41:57,36652.9,Duplicate Transaction,Completed
REF001890,TXN001281,CUST07227,MER06785,2024-03-20 10:46:30,20293.2,Booking Cancelled,Completed
REF001891,TXN008304,CUST05214,MER06323,2024-05-24 22:36:22,273.31,Customer Request,Completed
REF001892,TXN000728,CUST04737,MER06867,2024-07-25 09:10:16,696.9,Duplicate Transaction,Completed
REF001893,TXN003100,CUST03273,MER05410,2024-12-01 01:09:31,4246.98,Customer Request,Completed
REF001894,TXN008229,CUST01329,MER05825,2024-08-10 02:07:00,1660.48,Product Returned,Completed
REF001895,TXN000028,CUST04549,MER05165,2024-10-08 13:52:17,93282.39,Duplicate Transaction,Completed
REF001896,TXN005778,CUST06429,MER03465,2024-05-25 22:17:37,11764.08,Booking Cancelled,Rejected
REF001897,TXN004115,CUST09304,MER02762,2024-08-08 03:28:11,76005.22,Booking Cancelled,Pending
REF001898,TXN009281,CUST01645,MER09142,2024-07-01 10:30:24,24303.62,Booking Cancelled,Completed
REF001899,TXN002033,CUST05736,MER04293,2024-07-06 12:12:09,89643.35,Booking Cancelled,Completed
REF001900,TXN002841,CUST08891,MER03659,2024-03-23 12:36:17,61229.48,Booking Cancelled,Rejected
REF001901,TXN006554,CUST05374,MER06566,2024-07-12 12:27:11,60476.56,Booking Cancelled,Completed
REF001902,TXN009207,CUST03406,MER00259,2024-08-15 18:59:04,1761.26,Product Returned,Completed
REF001903,TXN003829,CUST08024,MER00392,2024-12-14 09:45:49,19725.58,Duplicate Transaction,Completed
REF001904,TXN004726,CUST08687,MER04261,2024-11-07 21:44:52,142.79,Duplicate Transaction,Pending
REF001905,TXN002528,CUST04082,MER05613,2024-04-05 18:00:19,17678.87,Product Returned,Completed
REF001906,TXN009234,CUST04485,MER07912,2024-11-06 12:29:18,10308.02,Booking Cancelled,Completed
REF001907,TXN004678,CUST00488,MER07105,2024-05-28 22:13:39,13924.67,Customer Request,Completed
REF001908,TXN007311,CUST07256,MER06203,2024-07-23 22:27:07,418.56,Product Returned,Completed
REF001909,TXN009668,CUST02535,MER06832,2024-05-12 07:14:21,369.38,Duplicate Transaction,Completed
REF001910,TXN004982,,MER09135,2024-09-01 16:19:05,57598.04,Booking Cancelled,Completed
REF001911,TXN007438,CUST07482,,2024-04-23 10:26:10,314.41,Booking Cancelled,Completed
REF001912,TXN000473,CUST09530,MER02037,2024-09-13 16:33:39,9536.47,Product Returned,Pending
REF001913,TXN004326,,MER04472,2024-09-25 19:21:18,5626.02,Customer Request,Completed
REF001914,TXN001542,CUST01661,MER09804,2024-10-24 08:51:06,17876.69,Duplicate Transaction,Completed
REF001915,TXN007550,CUST00938,MER05866,2024-08-11 14:54:58,1716.64,Customer Request,Completed
REF001916,TXN006387,CUST09433,MER05237,2024-09-30 23:32:13,11398.26,Order Cancelled,Completed
REF001917,TXN001145,CUST02690,,2024-09-21 06:18:00,,Booking Cancelled,Rejected
REF001918,TXN001518,CUST05249,MER04597,2024-08-16 21:08:20,92961.31,Product Returned,Completed
REF001919,TXN002322,CUST07320,MER08448,2024-02-28 23:24:23,58362.68,Order Cancelled,Completed
REF001920,TXN002814,CUST04909,MER07916,2024-07-12 19:20:30,24034.1,Product Returned,Completed
REF001921,TXN002447,CUST08447,MER08920,2024-06-01 00:41:39,2214.38,Duplicate Transaction,Completed
REF001922,TXN003540,CUST07901,MER00936,2024-11-22 10:32:03,185.6,Booking Cancelled,Completed
REF001923,TXN000904,CUST08114,MER02506,2024-08-19 23:31:24,22138.67,Order Cancelled,Pending
REF001924,TXN007755,CUST05673,MER07583,2024-09-15 07:11:28,596.5,Product Returned,Completed
REF001925,TXN005767,CUST06744,MER06382,2024-01-13 09:16:33,403.8,Order Cancelled,Pending
,TXN000802,CUST00601,MER09935,2024-11-23 13:46:18,36011.06,Customer Request,Rejected
REF001927,TXN003931,CUST01339,MER07931,2024-05-03 10:23:17,22783.86,Product Returned,Completed
REF001928,TXN003434,CUST06471,MER04172,04/01/2025,455.61,Booking Cancelled,Completed
REF001929,TXN009579,CUST03218,MER08849,2024-03-27 10:38:48,138.96,Product Returned,Pending
REF001930,TXN009536,CUST05152,MER08047,2025-01-02 12:45:58,106580.81,Product Returned,Completed
REF001931,TXN006509,CUST00071,MER05923,2024-07-04 20:58:41,1719.85,Customer Request,Completed
REF001932,TXN001142,CUST08821,MER02761,2024-03-01 20:45:40,123.48,Duplicate Transaction,Completed
REF001933,TXN007993,CUST04062,MER08350,2025-01-12 18:58:30,396.42,Duplicate Transaction,Completed
REF001934,TXN002101,CUST09714,MER06173,2024-01-11 06:54:20,,Booking Cancelled,Pending
REF001935,TXN008052,CUST03793,MER08408,2024-10-23 15:21:31,19081.67,Duplicate Transaction,Pending
REF001936,TXN004353,CUST03447,MER02333,2024-07-24 16:25:49,93599.06,Customer Request,Pending
REF001937,TXN000001,CUST03136,MER03212,2024-05-18 03:34:18,874.4,Customer Request,Completed
,TXN001229,CUST03703,MER02887,2024-04-14 03:59:46,4236.52,Order Cancelled,Completed
REF001939,TXN006416,CUST03916,MER05982,2024-12-27 01:19:53,15912.83,Customer Request,Completed
REF001940,TXN007654,CUST00824,MER00842,2024-02-13 12:12:09,18555.01,Duplicate Transaction,Completed
REF001941,TXN001869,CUST06063,MER01242,2024-07-19 13:05:35,5114.54,Duplicate Transaction,Completed
REF001942,TXN007267,CUST08092,,2024-09-20 09:22:57,56355.42,Customer Request,Pending
REF001943,TXN006264,CUST08751,MER08689,2024-12-14 05:55:06,110458.84,Product Returned,Completed
REF001944,TXN003425,CUST02473,MER03713,2024-07-23 10:02:35,79442.3,Customer Request,Completed
REF001945,TXN007022,CUST04904,MER02637,2024-09-18 01:22:26,1719.05,Duplicate Transaction,Rejected
REF001946,TXN001984,CUST07260,MER09850,11/11/2024,1112.42,Booking Cancelled,Completed
REF001947,TXN004307,CUST01887,MER04537,2024-05-28 10:53:13,211.73,Order Cancelled,Completed
REF001948,TXN007172,CUST04630,MER00809,2024-07-04 23:29:57,10128.54,Duplicate Transaction,Completed
REF001949,TXN007932,CUST05112,MER00348,2024-07-28 02:37:10,,Order Cancelled,Completed
REF001950,TXN001317,CUST06524,MER02242,2024-09-10 01:15:11,6198.22,Duplicate Transaction,Completed
REF001951,TXN007427,CUST01238,MER05927,2024-08-24 14:15:58,1169.71,Order Cancelled,Completed
REF001952,TXN005398,CUST03621,MER08176,2024-08-09 01:01:02,,Order Cancelled,Completed
REF001953,TXN007037,CUST06807,MER02202,2024-06-13 10:31:02,27799.77,Product Returned,Completed
REF001954,TXN006618,CUST05538,MER07194,2024-11-10 01:41:55,12836.54,Order Cancelled,Completed
REF001955,TXN005577,CUST00832,MER06313,2024-11-04 02:05:44,3209.65,Order Cancelled,Completed
,TXN002295,CUST03047,MER08333,2024-02-22 14:21:33,781.63,Duplicate Transaction,Completed
REF001957,TXN004775,CUST04356,MER03243,2024-05-18 22:49:27,2134.03,Product Returned,Pending
REF001958,TXN000399,CUST08368,MER09920,2024-02-29 12:42:08,582.5,Order Cancelled,Completed
REF001959,TXN007139,CUST08757,MER08463,2024-09-08 10:34:56,204.54,Product Returned,Completed
REF001960,TXN007593,CUST08247,MER04903,2024-06-26 13:32:18,unknown,Order Cancelled,Completed
REF001961,TXN004486,CUST05144,MER08674,2024-06-03 02:54:28,129.44,,Completed
REF001962,TXN005257,CUST05993,MER05852,2025-01-07 14:03:52,,Customer Request,Completed
REF001963,TXN009870,CUST00080,MER02398,2024-08-28 03:27:50,501.97,Product Returned,Completed
REF001964,TXN000502,,MER06699,2024-07-23 19:45:46,81341.61,Booking Cancelled,Completed
REF001965,TXN002501,CUST04860,MER05014,2024-12-09 13:38:20,7741.14,Order Cancelled,Pending
REF001966,TXN006155,CUST08800,MER08352,2024-12-24 13:07:35,19945.49,Booking Cancelled,Completed
REF001967,TXN003360,CUST01638,MER04903,2024-11-13 02:36:27,1936.81,Booking Cancelled,Rejected
REF001968,TXN008284,CUST08592,MER05182,2024-06-08 07:48:46,1414.59,Product Returned,Completed
REF001969,TXN009898,CUST02649,MER03656,2024-11-01 18:31:57,23811.11,Customer Request,Completed
REF001970,TXN007450,CUST01768,MER00612,2024-06-01 19:01:23,98.54,Order Cancelled,Pending
REF001971,TXN006826,CUST09129,MER04979,2024-04-03 05:44:38,415.46,Product Returned,Completed
REF001972,TXN004549,CUST03486,MER02111,2024-09-04 12:03:51,7736.46,Booking Cancelled,Completed
REF001973,TXN003061,CUST04164,MER00424,2024-07-23 23:01:37,842.81,Booking Cancelled,Rejected
REF001974,TXN000009,CUST02038,MER04390,2024-06-17 17:55:18,19802.96,Booking Cancelled,Completed
REF001975,TXN007328,CUST02771,MER05476,2024-12-26 07:06:41,3122.25,Customer Request,Completed
REF001976,TXN000164,CUST00088,MER09020,2024-01-19 22:56:35,1034.7,Booking Cancelled,Completed
REF001977,TXN003518,CUST01320,MER06490,2024-01-25 20:28:13,498.23,,Rejected
REF001978,TXN008868,CUST09636,MER08393,2024-12-10 18:46:34,17385.24,Customer Request,Completed
REF001979,TXN005840,CUST05510,MER04967,2024-04-19 00:38:50,86437.29,Booking Cancelled,Pending
REF001980,TXN009126,CUST01142,MER05353,2024-01-08 15:16:05,1556.26,Product Returned,Pending
REF001981,TXN000250,,MER03899,2024-09-07 02:10:00,1383.48,Duplicate Transaction,Completed
REF001982,TXN000243,CUST01857,MER09905,2024-10-16 17:37:04,5539.58,Product Returned,Completed
REF001983,TXN002740,CUST08283,MER02272,2024-04-10 03:10:31,323.88,Duplicate Transaction,Completed
REF001984,TXN004177,CUST06169,MER08518,2024-12-12 19:26:49,10541.59,Duplicate Transaction,Completed
REF001985,TXN001838,CUST02440,MER06112,2024-02-05 20:08:18,3539.27,Order Cancelled,Completed
REF001986,TXN006811,CUST02491,MER07523,2024-02-16 10:32:02,1166.78,Product Returned,Completed
REF001987,TXN004154,CUST04049,MER08767,2024-07-28 07:25:15,3072.04,Product Returned,Completed
REF001988,TXN006810,CUST08067,MER03245,2024-10-21 16:14:12,7953.54,Customer Request,Completed
REF001989,,UNKNOWN,MER03645,2024-07-23 23:07:10,258.79,Booking Cancelled,Rejected
REF001990,TXN003363,,MER09464,2024-04-07 23:54:04,796.62,Duplicate Transaction,Completed
REF001991,TXN001437,CUST07324,MER05247,2024-10-18 21:28:35,5496.58,Product Returned,Rejected
REF001992,TXN000699,CUST06865,MER08283,2024-06-25 19:24:17,7922.72,Duplicate Transaction,Completed
REF001993,TXN008934,CUST08188,MER09133,2024-06-30 23:18:05,47428.07,Duplicate Transaction,Completed
REF001994,TXN004543,CUST03270,MER03973,2024-04-12 15:13:09,1615.63,,Pending
REF001995,TXN003856,CUST09944,MER08615,2024-06-12 16:42:33,33464.02,Customer Request,Rejected
REF001996,TXN002674,CUST09460,UNKNOWN,2024-08-24 11:53:32,26043.92,Order Cancelled,Completed
REF001997,TXN008253,CUST01541,MER02154,2024-08-06 19:31:33,20898.14,Customer Request,Completed
REF001998,TXN004473,CUST04871,MER03676,2024-07-22 00:42:37,32822.36,Product Returned,Rejected
REF001999,TXN009529,CUST09309,MER09513,2024-02-25 22:03:08,8980.66,Order Cancelled,Rejected
REF002000,TXN009512,CUST00365,MER03514,2024-02-13 10:28:53,567.78,Duplicate Transaction,Completed
REF002001,,CUST04284,MER02236,2024-10-12 02:43:23,3004.59,Booking Cancelled,Completed
REF002002,TXN001053,CUST01901,MER09279,2024-12-24 21:32:38,1078.79,Booking Cancelled,Completed
REF002003,TXN005949,CUST05118,MER06942,2024-03-10 01:08:06,15803.53,Product Returned,Rejected
REF003195,TXN002170,CUST02045,MER05966,2025-01-03 15:14:45,3592.02,Order Cancelled,Completed
REF002005,TXN003677,CUST02068,MER02808,24/07/2024,1814.9,Order Cancelled,Completed
REF002006,TXN007732,CUST00442,MER07172,2024-06-04 15:57:28,34847.1,Order Cancelled,Rejected
REF002007,TXN003093,CUST00586,MER08833,2024-09-20 17:26:51,29737.2,Product Returned,Completed
REF002008,TXN007273,CUST01167,MER01485,2024-10-13 22:17:37,,Booking Cancelled,Completed
REF002009,TXN001464,CUST08992,MER06926,2024-03-07 17:07:09,16072.13,Order Cancelled,Completed
REF002010,TXN003508,CUST05938,MER01731,2024-05-29 04:13:23,47761.8,Duplicate Transaction,Pending
REF002011,TXN004022,CUST03358,MER00766,2024-03-09 20:23:00,464.77,Booking Cancelled,Completed
REF002012,TXN005125,CUST01551,MER02278,2024-10-11 10:38:43,809.29,Product Returned,Completed
REF002013,TXN002792,CUST00652,MER03307,2024-10-18 16:02:50,88025.96,Order Cancelled,Completed
REF002014,TXN002319,CUST06540,MER02011,2024-06-20 03:38:25,145.75,Order Cancelled,Completed
REF002015,TXN001038,CUST03824,MER01877,2024-12-27 17:13:44,3292.3,Order Cancelled,Completed
REF002016,TXN003780,CUST01714,MER00563,2024-06-02 23:32:38,4575.52,Duplicate Transaction,Completed
REF002017,TXN004624,CUST09551,MER01004,2024-08-14 14:05:23,4292.84,Order Cancelled,Pending
REF002018,TXN002877,CUST07100,MER01473,2024-06-18 10:27:22,16412.07,Duplicate Transaction,Rejected
REF002019,TXN006638,CUST02684,MER08559,2024-08-31 04:10:13,308.72,Booking Cancelled,Completed
REF002020,TXN008431,CUST02440,MER05718,2024-06-28 18:29:08,5500.74,Booking Cancelled,Completed
REF002021,TXN002228,CUST02278,MER08260,2024-08-15 07:49:43,433.08,Product Returned,Pending
REF002022,TXN000103,CUST03478,MER06908,2024-04-03 06:29:10,4477.6,Product Returned,Completed
REF002023,TXN006067,CUST02521,MER05786,2024-05-01 06:22:37,1826.14,Product Returned,Completed
REF002024,TXN001175,CUST08648,MER06168,2024-08-27 03:18:42,1516.49,Customer Request,Completed
,TXN001053,CUST01901,MER09279,2025-01-05 21:32:38,1078.79,Product Returned,Pending
REF002026,TXN002236,CUST03633,MER07066,2024-08-18 03:09:42,2756.29,Duplicate Transaction,Completed
REF002027,TXN000626,CUST04037,MER07441,2024-06-02 16:44:20,5022.72,Order Cancelled,Completed
REF002028,TXN006076,CUST08673,MER08972,2024-08-20 07:53:09,24958.87,Duplicate Transaction,Completed
REF002029,TXN005362,CUST02443,MER02293,2024-05-31 08:38:43,17834.98,Booking Cancelled,Completed
REF002030,TXN009555,CUST05636,UNKNOWN,2024-01-26 03:39:41,27338.95,Product Returned,Completed
REF002031,TXN002102,CUST02895,MER09129,,442.38,Booking Cancelled,Pending
REF002032,TXN000985,CUST03726,MER06186,2024-02-04 12:33:50,13227.22,Customer Request,Completed
REF002033,TXN002451,CUST09200,MER05428,2024-10-18 19:38:30,20620.59,Product Returned,Rejected
REF002034,TXN006394,CUST01923,MER01327,2024-04-13 17:05:05,1120.11,Product Returned,Completed
REF002035,TXN002523,CUST07621,MER01591,2024-09-28 23:26:21,113445.84,Booking Cancelled,Completed
REF002036,TXN005375,CUST01050,MER05317,2024-06-15 20:29:11,16557.95,Product Returned,Completed
REF002037,TXN002299,CUST06094,MER00538,2024-01-30 20:55:56,11130.97,Duplicate Transaction,Completed
REF002038,TXN006907,CUST08530,,11/11/2024,372.39,Booking Cancelled,Completed
REF002039,TXN007798,CUST06030,MER06470,2024-12-21 07:47:09,112870.66,Order Cancelled,Pending
REF002040,TXN002755,CUST01840,MER09402,2025-01-06 23:09:31,2742.67,Product Returned,Completed
REF002041,TXN002335,CUST00819,MER03321,2025-01-19 23:09:51,869.76,Product Returned,Pending
REF002042,TXN008059,CUST00976,MER01363,2024-11-11 09:27:52,141.07,Duplicate Transaction,Completed
REF002043,TXN008333,CUST01558,MER07929,2024-06-26 07:07:35,8098.32,Customer Request,Pending
REF002044,TXN007091,CUST04435,MER00696,2024-03-19 04:53:05,1149.71,Booking Cancelled,Completed
REF002045,TXN003173,CUST08983,MER01231,2024-03-17 21:21:39,18810.65,Product Returned,Pending
REF002046,TXN003131,CUST05199,MER05874,2024-07-09 03:56:20,27906.61,Duplicate Transaction,Completed
REF002047,TXN008595,CUST08412,MER03093,2024-10-31 00:07:42,603.09,Customer Request,Completed
REF002048,TXN004429,CUST02478,,09/08/2024,15602.29,Product Returned,Completed
REF002049,TXN000457,CUST02895,MER06713,2024-02-21 08:37:01,330.94,Customer Request,Completed
REF002050,TXN004569,CUST01263,MER09224,2024-08-04 03:17:12,211.76,Duplicate Transaction,Completed
REF002051,,CUST04935,MER06108,2024-07-19 18:39:13,2362.51,Product Returned,Completed
REF002052,TXN000545,CUST06448,MER01474,2024-11-11 00:01:11,503.92,Booking Cancelled,Completed
REF002053,TXN002971,CUST00986,MER05937,2024-08-20 18:04:12,45030.78,Customer Request,Completed
REF002054,TXN007762,CUST05159,MER01435,2024-08-04 03:30:54,386.91,Customer Request,Completed
REF002055,TXN000297,CUST01059,MER03743,2024-11-23 11:54:47,71856.68,Order Cancelled,Completed
REF002056,TXN006980,CUST08367,MER08802,2024-03-29 05:42:34,47126.4,Booking Cancelled,Pending
REF002057,TXN003946,CUST07611,MER07904,2024-11-20 13:56:36,243.3,Duplicate Transaction,Pending
REF002058,TXN008249,UNKNOWN,MER06911,2024-09-10 20:08:12,13389.14,Order Cancelled,Completed
REF002059,TXN009442,CUST04625,MER07046,2024-03-19 02:15:29,18430.12,Customer Request,Completed
REF002060,TXN002166,CUST06436,MER08948,2024-08-18 23:26:54,455.38,Booking Cancelled,Rejected
REF002061,TXN001392,CUST08909,MER02285,2024-09-20 03:47:27,15803.66,Product Returned,Completed
REF002062,TXN008507,CUST08968,MER00523,2024-11-20 22:37:54,73666.71,Booking Cancelled,Completed
REF002063,TXN002908,CUST03848,MER02922,2024-11-22 03:45:07,87380.56,Customer Request,Completed
REF002064,TXN006211,CUST08754,MER03920,2024-04-22 10:43:11,1768.09,Booking Cancelled,Rejected
REF002065,TXN008605,CUST02715,MER04316,2024-11-27 01:57:23,1948.8,Order Cancelled,Completed
REF002066,TXN000341,CUST09148,MER07831,11/10/2024,,Order Cancelled,Completed
REF002067,TXN008485,CUST04061,MER06381,2024-07-31 08:20:24,16052.88,Booking Cancelled,Completed
REF002068,TXN001597,CUST08424,MER07720,2024-11-23 14:04:43,429.4,Product Returned,Completed
REF002069,TXN003788,CUST09785,MER06542,2024-02-27 13:15:26,30615.2,Booking Cancelled,Completed
REF002070,TXN005875,CUST08398,MER05617,2024-05-08 16:47:39,15959.82,Customer Request,Completed
REF002071,TXN005909,CUST07125,MER04187,2024-09-03 20:21:16,1948.69,Product Returned,Completed
REF002072,TXN009361,CUST08743,MER03626,2024-07-20 12:38:15,8500.18,Product Returned,Completed
REF002073,TXN000113,CUST05948,MER00162,2024-04-17 02:06:12,1978.53,Order Cancelled,Pending
REF002074,TXN009694,CUST04742,MER07168,2024-05-20 19:42:06,12301.85,Booking Cancelled,Completed
REF002075,TXN007656,CUST02697,MER02304,2024-10-01 21:18:34,298.67,Booking Cancelled,Completed
REF002076,TXN004159,CUST00814,MER00117,2024-02-10 10:26:41,17763.98,Order Cancelled,Completed
REF002077,TXN007575,CUST03072,MER07936,2024-05-22 18:02:36,18158.18,Order Cancelled,Rejected
REF002078,TXN000581,CUST03584,MER03014,2024-10-19 15:17:18,15085.95,Product Returned,Completed
REF002079,TXN002038,,MER04700,2024-07-29 22:57:58,89106.52,Order Cancelled,Completed
REF002080,TXN007117,CUST08643,MER01287,2024-02-01 14:10:01,14289.61,Booking Cancelled,Completed
REF002081,TXN002457,CUST06148,MER04272,2024-07-01 20:00:10,23121.9,Order Cancelled,Completed
REF002082,TXN001555,CUST02916,MER03278,2024-11-07 02:29:13,6716.22,Booking Cancelled,Completed
REF002083,TXN008596,CUST05471,MER02122,2024-12-19 20:26:49,15636.43,Booking Cancelled,Completed
REF002084,TXN004380,CUST04277,MER05162,2024-02-03 03:44:26,40162.08,Order Cancelled,Rejected
REF002085,TXN008854,CUST05800,MER09085,2024-03-03 11:14:03,79498.3,Duplicate Transaction,Completed
REF002086,TXN001680,CUST03051,MER03324,2024-06-02 18:11:48,1626.65,Product Returned,Completed
,TXN004183,CUST02874,MER06448,2024-06-19 13:53:48,12778.53,Order Cancelled,Completed
REF002088,TXN006271,CUST05788,MER03514,2024-11-09 19:46:05,13024.96,Customer Request,Completed
REF002089,,CUST00532,MER03760,2024-03-12 09:40:27,946.7,Product Returned,Pending
REF002090,TXN003829,CUST08024,MER00392,2024-12-25 09:45:49,39451.16,Duplicate Transaction,Completed
REF002091,TXN004488,CUST08494,MER06558,2024-12-29 09:09:00,609.21,,Completed
REF002092,TXN004709,CUST07637,MER00930,2024-12-24 23:26:26,13863.75,Booking Cancelled,Completed
REF002093,TXN008759,CUST00799,MER03135,2024-01-28 20:22:47,7999.29,Duplicate Transaction,Completed
REF002094,TXN008954,CUST01812,MER09157,2024-02-17 23:54:08,95534.37,Product Returned,Completed
REF002095,TXN004557,CUST01681,MER05881,,1422.71,Customer Request,Completed
REF002096,TXN006128,CUST00408,MER09782,2024-12-02 15:52:28,4715.38,Duplicate Transaction,Completed
REF002097,TXN004170,CUST07260,MER00732,2024-04-23 02:23:52,20562.56,Product Returned,Completed
REF002098,TXN004536,CUST04417,MER06886,2024-03-14 03:05:20,12783.26,Duplicate Transaction,Rejected
REF002099,TXN006386,CUST02855,MER07703,2024-08-22 01:27:43,1788.88,Booking Cancelled,Completed
REF002100,TXN000670,CUST06965,MER02202,2025-01-04 14:18:33,17424.93,Order Cancelled,Completed
REF002101,TXN003722,CUST01972,MER06235,2024-11-01 18:00:16,38163.01,Customer Request,Rejected
REF002102,TXN003209,CUST07238,MER09513,2024-04-13 21:18:57,2421.66,Product Returned,Completed
REF002103,TXN008929,CUST03907,MER07623,04/01/2025,45494.84,Customer Request,Completed
REF002104,TXN004960,CUST09380,MER07407,2024-06-01 14:33:35,622.68,Duplicate Transaction,Completed
REF002105,TXN006688,CUST07330,MER05922,2025-01-09 20:03:13,15725.48,Booking Cancelled,Pending
REF002106,TXN001419,CUST07834,MER04857,2024-03-30 10:45:23,30037.62,Duplicate Transaction,Completed
REF002107,TXN009858,CUST08936,MER07489,2024-02-05 04:23:37,459.74,Booking Cancelled,Completed
REF005785,TXN002482,UNKNOWN,MER02381,2024-05-27 15:53:42,81055.24,Booking Cancelled,Completed
REF002109,TXN008080,CUST08921,MER06483,2024-02-07 15:30:48,6829.3,Duplicate Transaction,Pending
REF002110,TXN005193,CUST01234,MER09936,2024-05-13 02:54:37,97482.61,Booking Cancelled,Rejected
REF002111,TXN007061,CUST03925,MER04049,2024-04-06 11:36:07,825.72,Booking Cancelled,Completed
REF002112,TXN001406,CUST01623,MER00839,2024-06-15 01:50:33,739.06,Customer Request,Completed
REF002113,TXN008877,CUST09190,MER07650,2024-10-08 02:20:37,33163.82,Booking Cancelled,Completed
REF002114,TXN005101,CUST07293,MER07478,2024-06-28 21:39:24,15129.23,Duplicate Transaction,Completed
REF002115,,CUST03878,MER07674,2024-11-18 18:03:08,26529.47,Order Cancelled,Completed
REF002116,TXN005490,CUST01130,MER01349,2024-03-25 18:48:29,820.02,Duplicate Transaction,Rejected
REF002117,TXN000384,CUST05155,MER09596,2024-07-04 13:33:42,10667.85,Product Returned,Rejected
REF002118,TXN006118,CUST02557,MER05598,2024-05-28 08:09:57,773.8,Order Cancelled,Completed
REF002119,TXN002041,CUST08590,MER04411,2024-09-03 02:43:19,82777.13,Duplicate Transaction,Completed
REF002120,TXN005115,CUST07619,MER01940,2025-01-14 14:45:52,72.69,Duplicate Transaction,Completed
REF002121,TXN009107,CUST00516,,2024-07-05 03:35:47,49966.93,Order Cancelled,Completed
REF002122,TXN001582,CUST01029,MER05576,2024-06-12 07:16:31,7047.38,Duplicate Transaction,Pending
REF002123,TXN000892,CUST03978,MER08006,2024-05-02 08:19:19,1251.07,Booking Cancelled,Completed
REF002124,TXN007607,CUST00399,MER08921,2024-09-16 17:44:33,2114.1,Booking Cancelled,Completed
REF002125,TXN004450,CUST07478,MER07343,2024-02-17 05:09:53,92006.66,Order Cancelled,Completed
REF002126,TXN004438,CUST08139,MER02751,2024-07-28 00:46:39,94653.08,Booking Cancelled,Completed
REF002127,TXN006663,CUST06052,MER07987,2024-04-11 03:20:59,12023.68,Duplicate Transaction,Completed
REF002128,TXN007535,CUST09204,MER01929,2024-08-05 19:45:17,2584.64,Customer Request,Completed
REF002129,TXN004580,CUST07769,MER00908,2024-05-15 20:53:36,1579.88,Order Cancelled,Pending
REF002130,TXN004914,CUST00461,MER01140,2024-10-25 08:06:54,9831.41,Product Returned,Completed
REF002131,TXN008962,CUST01036,MER08956,08/04/2024,1940.04,Booking Cancelled,Completed
REF002132,TXN004268,CUST04059,MER03416,2024-02-24 02:15:32,1443.66,Customer Request,Completed
REF002133,TXN000028,CUST04549,MER05165,2024-10-05 13:52:17,23320.6,Order Cancelled,Completed
REF002134,TXN009669,CUST03937,MER00872,2024-04-28 06:44:06,1730.1,Duplicate Transaction,Completed
REF002135,TXN004900,CUST07948,MER01439,,17731.45,Duplicate Transaction,Completed
REF002136,TXN003134,CUST09755,MER00116,2024-03-04 16:20:15,5694.23,Product Returned,Completed
REF002137,TXN004766,CUST00804,MER01266,2024-08-12 00:46:39,75919.16,Booking Cancelled,Completed
REF002138,TXN008912,CUST05204,MER03437,2024-09-26 10:55:01,887.16,Duplicate Transaction,Completed
REF002139,TXN000797,CUST06195,MER07255,2024-03-27 12:17:35,44646.85,Booking Cancelled,Completed
REF002140,TXN007347,CUST01644,MER00289,2024-08-14 13:39:21,2921.83,Customer Request,Pending
REF002141,TXN002886,CUST05987,MER00859,2024-08-08 10:13:14,1232.77,Product Returned,Completed
REF002142,TXN005016,CUST03807,MER07516,2024-12-23 15:17:23,70109.24,Order Cancelled,Rejected
REF002143,TXN005975,CUST02596,MER03256,2024-05-28 08:46:55,34500.2,Product Returned,Completed
REF002144,TXN005027,CUST06200,MER07729,2024-03-19 23:22:01,13948.5,Booking Cancelled,Completed
REF002145,TXN007988,CUST03158,MER06025,2024-09-28 07:31:01,288.86,Duplicate Transaction,Completed
REF002146,TXN002277,CUST08829,MER05981,2024-11-21 08:33:21,7102.98,Product Returned,Completed
REF002147,TXN009132,CUST00202,MER04288,2024-01-30 08:38:18,14326.57,Customer Request,Completed
REF002148,TXN002201,CUST08587,MER01097,2024-11-16 19:27:38,39089.61,Booking Cancelled,Completed
REF002149,TXN008022,CUST08440,MER04214,2024-04-06 08:47:59,137.37,Product Returned,Rejected
REF002150,TXN009521,CUST07987,MER04050,2024-06-13 15:34:49,8943.34,Customer Request,Completed
REF002151,TXN007722,CUST09333,MER00984,2024-05-04 05:55:11,477.46,Duplicate Transaction,Completed
REF002152,TXN001010,CUST01013,MER09874,2024-06-02 16:54:23,23429.13,Booking Cancelled,Completed
REF002153,TXN009173,CUST08441,MER05096,2024-07-08 10:30:26,7233.2,Booking Cancelled,Completed
REF002154,TXN003075,CUST06247,MER02059,2025-01-04 14:52:44,18108.8,Customer Request,Completed
REF002155,TXN001937,CUST04111,MER06182,2024-10-10 05:12:54,869.04,Product Returned,Pending
REF002156,TXN006681,CUST07299,MER05672,2024-09-03 03:57:26,375.43,Booking Cancelled,
REF002157,TXN004348,CUST07964,MER02708,2024-10-10 12:03:48,6452.81,Customer Request,Completed
REF002158,TXN007033,CUST01039,MER05864,2024-01-04 13:32:47,264.62,Product Returned,Rejected
REF002159,TXN006276,CUST06696,MER05535,2024-01-17 18:14:38,92712.4,Duplicate Transaction,Completed
REF002160,TXN003886,CUST03948,MER05746,2024-11-05 15:21:40,33856.43,Booking Cancelled,Completed
REF002161,TXN002526,CUST06937,MER03703,2024-10-08 12:27:51,19947.29,Order Cancelled,Completed
REF002162,,CUST09349,MER06670,2024-01-31 17:43:35,773.95,Order Cancelled,Completed
REF002163,TXN007563,CUST06546,MER03824,2024-08-13 16:12:16,276.06,Booking Cancelled,Completed
REF002164,TXN003574,CUST02955,MER07050,2024-06-06 17:09:17,5191.18,Order Cancelled,Completed
REF002165,TXN005029,CUST01625,MER09898,2024-12-07 20:17:43,32542.02,Booking Cancelled,Pending
REF002166,TXN000589,CUST02752,MER06908,2024-11-29 18:45:48,8998.92,Duplicate Transaction,Completed
REF002167,TXN009765,CUST01674,MER03395,2024-09-13 22:11:59,36242.12,Customer Request,Completed
REF002168,TXN005343,CUST06625,MER09994,2024-10-21 22:30:05,176.55,Duplicate Transaction,Rejected
REF002169,TXN006171,CUST04767,,2024-03-21 23:23:53,23568.52,Duplicate Transaction,Completed
REF002170,TXN004847,CUST07503,MER06476,2024-06-30 19:30:24,7386.45,Order Cancelled,Rejected
REF002171,TXN004330,CUST03193,MER09595,2024-05-01 00:32:54,40227.04,Order Cancelled,Completed
REF002172,TXN001068,CUST06791,MER07879,2025-01-04 00:52:34,2063.7,Customer Request,Pending
REF002173,TXN004438,CUST08139,MER02751,2024-08-05 00:46:39,94653.08,Product Returned,Completed
REF002174,TXN003221,CUST02115,MER02253,2024-02-22 23:26:46,411.74,Product Returned,Completed
REF002175,TXN005123,CUST05330,MER02478,,103.97,Duplicate Transaction,Completed
REF002176,TXN009715,CUST04167,MER05742,2024-11-16 05:50:05,737.16,,Completed
REF002177,TXN009734,CUST04697,MER05959,2024-09-03 19:00:17,6247.63,Order Cancelled,Pending
REF002178,TXN005788,CUST05385,MER09181,2024-02-11 19:12:22,3078.58,Duplicate Transaction,Completed
REF002179,TXN002347,CUST02598,MER01151,2024-06-20 17:30:03,14198.92,Duplicate Transaction,Completed
REF002180,TXN004992,CUST02406,MER07802,2024-10-21 15:35:41,17486.64,Product Returned,Completed
REF002181,,CUST01645,MER09142,2024-07-04 10:30:24,24303.62,Customer Request,Rejected
REF002182,TXN000544,CUST05876,MER01247,2024-11-02 20:57:13,3438.33,Order Cancelled,Completed
REF002183,TXN003658,CUST01304,MER05298,2024-05-13 14:05:38,299.59,Order Cancelled,Pending
REF002184,TXN008597,CUST02135,MER00311,2024-05-23 14:31:35,1962.64,Customer Request,Rejected
REF002185,TXN006037,,MER04444,2024-06-18 17:33:13,60.71,Order Cancelled,Completed
REF002186,TXN004095,CUST04685,MER08586,2024-09-14 23:49:01,4169.99,Product Returned,Pending
REF002187,TXN002209,CUST08203,MER03719,2024-12-18 06:31:07,17634.11,Order Cancelled,Completed
REF002188,TXN005839,CUST05338,MER08536,2024-07-26 09:55:44,180.0,,Completed
REF002189,TXN009942,CUST08499,MER02295,2024-08-14 21:48:00,357.68,Product Returned,Completed
REF002190,TXN007613,CUST05573,MER01770,2024-03-27 21:23:59,11792.97,Booking Cancelled,Rejected
REF002191,TXN001865,CUST01441,,2024-05-21 06:00:40,37024.32,Duplicate Transaction,Completed
,TXN007398,CUST08685,MER09810,2024-05-10 09:22:43,18493.37,Customer Request,Completed
REF002193,TXN009070,CUST01080,MER03094,2024-09-17 17:22:15,45672.57,Booking Cancelled,Completed
REF002194,TXN009382,CUST06299,MER00843,2024-05-06 09:41:43,11884.63,Duplicate Transaction,Completed
REF002195,TXN009745,CUST04838,MER08271,2024-05-14 16:52:16,11771.53,Product Returned,Rejected
REF002196,TXN004021,CUST00038,MER06777,,11072.44,Duplicate Transaction,Completed
REF002197,TXN001038,CUST03824,MER01877,2025-01-13 17:13:44,13169.18,Duplicate Transaction,Completed
REF002198,TXN000247,CUST03336,MER04650,2024-03-01 02:17:24,9072.01,Product Returned,Completed
REF002199,TXN008619,CUST01605,,2024-09-09 14:50:21,21490.62,Customer Request,Completed
REF002200,TXN001285,CUST02692,MER03136,2024-12-24 23:33:54,40693.24,Duplicate Transaction,Completed
REF002201,TXN008547,CUST08744,MER09115,2024-04-21 08:13:22,7102.24,Order Cancelled,Pending
REF002202,TXN009754,CUST08832,MER00122,2024-03-08 08:05:29,1698.91,Order Cancelled,
REF002203,TXN001872,CUST02675,MER03918,2024-05-01 22:40:36,5064.39,Duplicate Transaction,Completed
REF002204,TXN000532,CUST02669,MER08655,2024-03-26 05:51:07,11860.08,Duplicate Transaction,Completed
REF002205,TXN007285,CUST03787,MER00096,2024-03-13 07:51:27,392.75,Duplicate Transaction,Completed
REF002206,TXN006064,CUST06950,MER08730,2024-05-27 06:56:57,13204.0,Booking Cancelled,Completed
REF002207,TXN001660,CUST04240,MER08110,2025-01-09 17:56:58,4559.6,Product Returned,Completed
REF002208,TXN002586,CUST09099,MER09883,2024-03-09 09:51:50,86932.23,Duplicate Transaction,Rejected
REF002209,TXN004625,CUST09305,MER02883,2024-09-22 04:10:02,6808.98,Booking Cancelled,Completed
REF002210,TXN000914,CUST04045,MER06402,2024-12-13 11:15:12,2312.7,Duplicate Transaction,Pending
REF002211,TXN000879,CUST09403,MER03502,2024-08-17 00:47:23,259.76,Product Returned,Completed
REF002212,TXN006081,CUST08815,MER05700,2024-08-04 17:36:44,272.55,Duplicate Transaction,Pending
REF002213,TXN002341,CUST05243,MER02037,2024-04-16 01:28:18,8187.29,Product Returned,Pending
REF002214,TXN007064,CUST05513,,2024-11-30 07:30:41,23191.5,Booking Cancelled,Completed
REF002215,TXN001100,CUST03764,MER01718,2024-10-04 21:33:48,1103.78,Duplicate Transaction,Completed
REF002216,TXN004960,CUST09380,MER07407,2024-05-20 14:33:35,311.34,Order Cancelled,Completed
REF002217,TXN002612,CUST03278,MER01345,2024-03-01 20:48:06,514.55,Booking Cancelled,Completed
REF002218,TXN006239,CUST00184,MER09499,2024-07-09 07:37:15,5598.74,Product Returned,Completed
REF002219,TXN005839,CUST05338,MER08536,2024-07-25 09:55:44,720.0,Customer Request,Pending
REF002220,TXN003009,CUST09992,MER07819,2024-02-14 20:31:55,23131.55,Customer Request,Completed
REF002221,TXN009365,CUST09350,MER09384,2024-05-10 07:24:30,20172.25,Booking Cancelled,
REF002222,TXN007902,CUST00884,MER06291,2024-01-22 17:33:49,1730.73,Product Returned,Completed
REF002223,TXN003559,CUST00479,,2024-05-15 07:48:58,6511.46,Booking Cancelled,Completed
REF002224,TXN004333,CUST02948,MER02239,2024-04-20 10:21:28,7972.79,Duplicate Transaction,Completed
REF002225,TXN000482,CUST01816,MER06470,2024-10-30 02:47:54,88.58,Customer Request,Completed
REF002226,TXN001627,CUST05225,MER06904,2024-04-06 23:55:56,6998.74,Product Returned,Completed
REF002227,TXN008018,CUST01803,MER04867,17/10/2024,113651.93,Customer Request,Rejected
REF002228,TXN002747,CUST01382,MER06746,2024-04-15 22:57:19,1188.69,Duplicate Transaction,Rejected
REF002229,TXN006474,CUST06093,MER00998,2024-12-23 03:41:27,14080.07,Order Cancelled,Completed
REF002230,TXN007722,CUST09333,MER00984,2024-04-30 05:55:11,119.36,Booking Cancelled,Completed
REF002231,TXN000821,CUST04057,MER02634,2024-08-20 17:43:19,97527.72,Order Cancelled,Completed
REF002232,TXN009861,CUST07724,MER09311,2024-12-27 07:52:16,11953.41,Order Cancelled,Pending
REF002233,TXN000976,CUST04032,MER09531,2024-11-22 00:46:19,46999.04,Order Cancelled,Completed
REF002234,TXN006054,CUST01416,MER05524,2024-09-22 07:40:52,2655.66,Duplicate Transaction,Completed
REF002235,TXN001873,CUST08179,MER03019,2024-02-03 19:02:56,486.34,Duplicate Transaction,Pending
REF002236,TXN002712,CUST07287,MER02936,2024-03-03 07:35:01,77391.55,Order Cancelled,Completed
REF002911,TXN005913,CUST03438,MER09598,2024-04-25 20:10:15,5336.52,Order Cancelled,Rejected
,TXN006343,CUST04351,MER03694,2024-05-18 01:32:01,93769.42,Customer Request,Completed
REF002239,TXN002258,CUST02274,MER00153,,20736.19,Product Returned,Pending
REF002240,TXN007168,CUST02783,MER00580,2024-06-21 11:34:32,47107.45,Customer Request,Completed
REF002241,TXN004419,CUST05761,MER08663,2024-05-11 10:22:58,6146.51,Customer Request,Completed
REF002242,TXN005312,CUST03597,MER05094,2024-07-16 14:01:31,49375.73,Product Returned,Pending
REF002243,TXN005311,CUST08292,MER07482,2024-02-22 14:09:37,71696.75,Booking Cancelled,Completed
REF002244,TXN002347,CUST02598,MER01151,2024-07-04 17:30:03,7099.46,Booking Cancelled,Completed
REF002245,TXN002956,CUST06582,MER01008,2024-10-04 05:30:56,104.6,Order Cancelled,Completed
REF002246,TXN001427,CUST07379,MER01177,2024-04-02 19:47:50,996.1,Order Cancelled,Completed
REF002247,TXN002025,CUST00785,MER00334,2024-11-13 02:20:22,unknown,Order Cancelled,Pending
REF002248,TXN000581,CUST03584,MER03014,2024-11-08 15:17:18,18103.14,Product Returned,Completed
REF002249,TXN001760,CUST06547,MER04762,2024-04-25 07:38:46,29255.09,Product Returned,Completed
REF002250,TXN009418,CUST01130,MER09794,2024-10-27 15:23:53,2458.46,Duplicate Transaction,Completed
REF002251,TXN002055,CUST05319,MER05846,2024-10-30 16:20:53,46715.2,Customer Request,Completed
REF002252,TXN006022,CUST09163,MER02831,2024-03-18 06:09:42,16283.74,Booking Cancelled,Completed
REF002253,TXN008136,CUST03516,MER05265,2024-12-28 12:39:00,3260.39,Booking Cancelled,Completed
REF002254,TXN002559,CUST06819,MER06910,2024-02-24 15:37:35,5505.84,Customer Request,Pending
REF002255,TXN008155,CUST06765,MER07198,2024-11-17 06:57:48,unknown,Customer Request,Pending
REF002256,TXN004043,CUST05544,MER01650,2024-08-30 14:21:04,1240.95,Product Returned,Rejected
REF002257,TXN002469,CUST08305,MER05885,2024-03-28 01:46:38,1489.2,Product Returned,Completed
REF002258,TXN002818,CUST08781,MER02947,2024-11-17 05:10:57,890.83,Booking Cancelled,Completed
REF002259,TXN000543,CUST09954,MER04736,2024-04-23 05:40:58,4043.45,Duplicate Transaction,Rejected
REF002260,TXN002530,CUST04100,MER08840,2024-04-19 11:39:23,378.37,Booking Cancelled,Completed
REF002261,TXN001662,CUST09807,MER01669,2024-04-03 02:01:53,18584.09,Booking Cancelled,Pending
REF002262,TXN008516,CUST01551,MER01211,2024-03-11 11:07:58,323.9,Product Returned,Pending
REF002263,TXN000359,CUST01479,MER08772,2024-02-21 13:51:29,11411.35,Customer Request,Completed
REF002264,TXN006625,CUST06415,MER08170,2024-04-06 01:49:57,10587.98,Booking Cancelled,Pending
REF002265,TXN004001,CUST04979,MER08210,,345.8,Order Cancelled,Completed
REF002266,,CUST07306,MER04734,2024-05-05 21:42:47,993.07,Customer Request,Pending
REF002267,TXN006420,CUST04804,MER00768,2024-10-27 09:52:10,12360.47,Booking Cancelled,Rejected
REF002268,TXN006395,CUST04983,MER08313,2024-09-17 20:43:19,1767.39,Customer Request,Completed
REF002269,TXN004476,CUST09287,MER05454,2024-08-21 17:03:53,3699.29,Product Returned,Completed
REF002270,TXN000866,CUST05979,MER07585,2024-07-17 16:49:24,39773.74,Order Cancelled,Completed
REF002271,TXN009337,CUST08946,MER02873,2024-09-06 16:57:04,520.67,Duplicate Transaction,Completed
REF002272,TXN008866,CUST05093,MER05279,2024-10-11 15:34:30,234.52,Booking Cancelled,Completed
REF002273,TXN001615,CUST04744,MER07636,2024-02-05 02:46:48,1852.11,Booking Cancelled,Completed
REF002274,TXN000827,CUST03364,MER02818,2024-11-03 22:17:35,24592.54,Customer Request,Completed
REF002275,TXN005378,CUST01951,MER03112,2024-09-23 02:50:45,3176.03,Product Returned,Rejected
REF002276,TXN007327,CUST01185,,2024-06-28 18:30:35,92.7,Duplicate Transaction,Pending
REF002277,TXN001825,CUST07967,MER07410,09/07/2024,12181.53,Booking Cancelled,Completed
REF002278,TXN002301,CUST05023,MER08429,2024-07-11 09:42:15,2423.6,Order Cancelled,Pending
REF002279,UNKNOWN,CUST07446,MER09309,2024-05-25 17:30:38,5158.85,Order Cancelled,Rejected
REF002280,TXN008916,CUST06941,MER06008,2024-04-10 18:43:07,14689.52,Order Cancelled,Completed
,TXN008957,CUST00592,MER06689,2024-12-24 17:48:01,384.86,Product Returned,Completed
REF002282,TXN008138,CUST09191,MER01764,2024-11-21 07:19:32,19428.67,Product Returned,Pending
REF002283,TXN002992,CUST02609,MER04885,2024-02-16 19:44:49,54.9,Customer Request,
REF002284,TXN009620,CUST09049,MER05974,2024-01-24 01:12:00,4453.75,Product Returned,Completed
REF002285,TXN007538,CUST02954,MER04973,2024-04-14 20:13:56,6533.75,Order Cancelled,Pending
REF002286,TXN002193,CUST09994,MER03651,2024-11-07 02:36:17,120.85,Product Returned,Completed
REF009091,TXN008393,CUST07504,MER05350,2025-01-10 05:16:40,16700.5,Booking Cancelled,Completed
REF002288,TXN005840,CUST05510,MER04967,2024-04-26 00:38:50,43218.64,Customer Request,Pending
REF002289,TXN004808,CUST00893,MER03476,2024-11-09 04:43:52,5189.88,Booking Cancelled,Completed
REF002290,TXN000329,CUST07315,MER03661,2024-06-20 04:12:34,1200.94,Booking Cancelled,Completed
REF002291,TXN009426,,UNKNOWN,2024-10-30 15:14:35,1604.47,Duplicate Transaction,Completed
REF002292,TXN009846,CUST04767,MER07793,2025-01-25 02:16:27,61496.82,Booking Cancelled,Completed
REF002293,TXN007489,CUST06136,MER07851,2024-12-29 04:28:31,17986.18,Customer Request,Completed
REF002294,TXN001377,CUST01995,MER08097,2024-04-28 12:55:15,15180.52,Product Returned,Completed
REF002295,TXN002454,CUST03434,MER01635,2024-05-22 16:54:47,761.06,Order Cancelled,Pending
REF002296,TXN001352,CUST05605,MER09277,2024-04-02 21:03:41,,,Completed
REF002297,TXN008603,CUST04550,MER08257,2024-10-09 00:30:25,83825.28,Booking Cancelled,Completed
REF002298,TXN003491,CUST02877,MER08140,2024-04-21 04:37:02,3983.28,Customer Request,Pending
REF002299,TXN004415,CUST09095,MER05811,2024-03-06 14:33:49,81978.19,Duplicate Transaction,Completed
REF002300,TXN003322,CUST04660,MER08375,2024-04-22 09:22:31,3646.04,Customer Request,Rejected
REF002301,TXN000171,,MER08960,2024-06-20 20:51:09,850.25,Customer Request,Rejected
REF002302,TXN002193,CUST09994,MER03651,2024-10-27 02:36:17,30.21,Customer Request,Completed
REF002303,TXN005886,CUST00398,MER02503,2024-12-12 22:59:18,232.31,Duplicate Transaction,Completed
REF002304,TXN006580,CUST07028,MER06826,2024-12-26 17:47:07,2398.88,Duplicate Transaction,Rejected
REF002305,TXN005308,CUST07845,MER04692,2024-07-06 01:21:08,1329.72,Order Cancelled,Completed
REF002306,TXN005343,CUST06625,MER09994,2024-10-09 22:30:05,211.86,Duplicate Transaction,Completed
REF002307,TXN009944,CUST01273,MER00045,2025-01-07 18:05:16,5356.98,Order Cancelled,Completed
REF002308,TXN004602,CUST08812,MER00339,2024-12-20 19:32:06,719.36,Duplicate Transaction,Completed
REF002309,TXN004624,CUST09551,MER01004,2024-08-23 14:05:23,894.34,Order Cancelled,Completed
REF002310,TXN008197,CUST02654,MER00605,2024-12-16 23:48:04,3986.01,Product Returned,Completed
REF002311,TXN000650,CUST06705,MER09178,2024-10-28 02:40:52,201.49,Duplicate Transaction,Completed
REF002312,TXN005266,CUST09290,MER07466,2024-10-02 20:31:12,42862.05,Duplicate Transaction,Completed
REF002313,TXN007299,CUST08671,,2024-12-26 05:33:13,246.92,Customer Request,Completed
REF002314,TXN003846,CUST01323,MER00759,2024-11-06 06:15:53,29585.78,Customer Request,Rejected
REF002315,TXN003541,CUST05012,MER06918,2024-12-10 05:13:50,unknown,Duplicate Transaction,Pending
REF002316,TXN000914,CUST04045,MER06402,2024-12-03 11:15:12,4625.41,Order Cancelled,Pending
REF002317,TXN000128,UNKNOWN,MER06501,2024-12-27 03:43:43,36037.72,Order Cancelled,Completed
REF002318,TXN004541,CUST06115,MER05917,2024-03-02 08:47:09,63564.87,Product Returned,Completed
REF002319,TXN001171,CUST07807,MER05402,2025-01-10 02:11:02,1086.36,Booking Cancelled,Completed
REF002320,TXN004725,CUST00135,MER04226,2024-02-21 18:39:52,544.79,Booking Cancelled,Pending
REF002321,TXN005923,CUST05693,MER02515,2024-03-23 21:56:15,6055.28,Customer Request,Completed
REF002322,TXN003154,CUST06081,MER02812,2024-02-07 04:24:29,1186.0,Customer Request,Completed
,TXN007615,CUST00256,MER02933,2025-01-24 04:08:08,4491.1,Duplicate Transaction,Completed
REF002324,TXN003069,CUST07502,MER00152,2024-08-24 23:43:06,14412.54,Duplicate Transaction,Completed
REF002325,TXN008742,CUST05647,MER05536,2024-07-31 09:14:41,19091.08,Booking Cancelled,Completed
REF002326,TXN003527,CUST00048,MER08969,11/01/2025,1853.33,Order Cancelled,Completed
REF002327,TXN006007,CUST09693,MER01109,2024-09-26 21:52:02,13222.15,Product Returned,Completed
REF002328,TXN007029,CUST09382,MER08254,2024-03-29 20:28:21,7043.59,Customer Request,Completed
REF002329,TXN004169,CUST06353,MER03085,17/06/2024,13050.25,Booking Cancelled,Completed
REF002330,TXN001084,CUST08562,MER00633,2024-08-25 14:51:14,61341.2,Product Returned,Pending
,TXN005252,CUST07170,MER06618,2024-11-17 16:58:07,93.35,Duplicate Transaction,Completed
REF002332,TXN000248,CUST09422,,2024-12-25 12:15:50,1215.21,Duplicate Transaction,Pending
REF002333,,CUST03051,MER07347,2024-12-20 20:11:33,14768.58,Customer Request,Rejected
REF002334,TXN005098,CUST00655,MER00208,2024-02-21 05:00:40,119845.2,Duplicate Transaction,Pending
REF002335,TXN001939,CUST05594,MER03097,2024-02-21 23:09:07,21446.84,Order Cancelled,Completed
REF002336,TXN001615,CUST04744,MER07636,2024-01-14 02:46:48,926.06,Customer Request,Completed
REF002337,TXN005850,CUST05338,MER06199,2024-12-07 18:05:25,4214.0,Booking Cancelled,Completed
REF002338,TXN005016,CUST03807,MER07516,2025-01-14 15:17:23,70109.24,Duplicate Transaction,Rejected
REF002339,TXN003950,CUST00510,MER02607,2024-11-10 21:20:15,19809.65,Duplicate Transaction,Completed
REF002340,TXN008741,CUST08807,MER05814,2024-09-10 15:08:29,98247.91,Duplicate Transaction,Completed
REF002341,TXN002720,CUST08589,MER06540,2024-01-25 00:03:22,2250.16,Duplicate Transaction,Completed
REF002342,TXN009030,CUST07256,MER07113,2024-02-10 02:59:48,4119.55,Duplicate Transaction,Pending
REF002343,TXN007279,CUST03500,MER06118,2024-02-20 09:43:03,1774.31,Product Returned,Completed
REF002344,TXN006596,CUST02981,MER06473,2024-04-05 20:55:24,616.05,Customer Request,Completed
REF002345,TXN008564,CUST01842,MER05306,2024-04-10 10:59:23,42953.3,Booking Cancelled,Completed
REF002346,TXN006231,CUST02894,,2024-06-15 14:20:40,1812.48,Product Returned,Completed
REF002347,TXN000942,CUST05742,MER03681,2024-11-24 16:42:23,273.02,Duplicate Transaction,Completed
REF002348,TXN000513,CUST01162,MER02311,2024-11-08 03:03:50,1036.58,Order Cancelled,Completed
REF002349,TXN003564,CUST08015,MER06827,2024-01-31 05:15:50,1797.42,Duplicate Transaction,Completed
REF002350,TXN002735,CUST05208,MER06124,2024-05-06 04:49:38,17402.1,Booking Cancelled,Completed
REF002351,TXN000867,CUST00726,MER03961,2024-10-08 11:37:36,213.8,Customer Request,Completed
REF002352,TXN009364,CUST04291,MER00176,2024-10-24 08:03:39,unknown,Product Returned,Completed
REF002353,TXN009007,CUST03815,MER04908,2024-01-15 22:32:12,82749.66,Customer Request,Completed
REF002354,TXN004187,CUST07929,MER07241,,654.4,Customer Request,Completed
REF002355,TXN009961,CUST06812,MER01802,2024-01-28 21:39:32,100341.13,Booking Cancelled,Completed
REF002356,TXN008498,CUST05194,MER08329,2024-11-30 14:25:31,312.57,Booking Cancelled,Pending
REF002357,TXN002468,CUST01938,MER01996,2024-03-15 12:43:38,6970.45,Product Returned,Pending
REF002358,TXN006272,CUST08990,MER04072,2024-05-08 08:40:38,2031.76,Order Cancelled,Completed
REF002359,TXN008808,CUST06163,MER01497,2024-05-31 05:17:50,8174.24,Product Returned,Completed
REF002360,TXN009717,CUST01485,MER07541,2024-08-27 06:21:11,22290.18,Customer Request,Pending
REF002361,TXN006468,CUST09183,MER01774,2024-08-30 03:24:13,185.98,Order Cancelled,Rejected
REF002362,TXN009590,CUST07745,MER06252,2024-12-25 04:41:42,2496.68,Duplicate Transaction,Pending
REF002363,TXN008988,CUST02079,MER07820,2024-07-14 17:03:18,18887.58,Customer Request,Completed
REF002364,TXN001285,CUST02692,MER03136,2024-12-31 23:33:54,40693.24,Customer Request,Completed
REF002365,TXN008212,CUST07114,MER09801,2024-10-31 22:19:07,30027.26,Duplicate Transaction,Completed
REF002366,TXN008588,CUST03277,MER02882,2024-02-02 13:24:23,19980.2,Product Returned,Pending
,TXN003448,CUST06840,MER07455,2024-07-02 06:48:09,4949.03,Duplicate Transaction,Completed
REF002368,TXN003319,CUST08595,MER08981,2024-11-29 00:01:26,330.93,Order Cancelled,Completed
REF002369,TXN003878,CUST06411,MER05403,2024-03-21 12:16:49,1247.62,Product Returned,Pending
REF002370,TXN006899,CUST06437,MER07016,2024-10-02 11:17:36,1662.41,Duplicate Transaction,Completed
REF002371,TXN005107,CUST03715,MER04043,2024-12-22 03:22:39,852.66,Customer Request,Completed
REF002372,TXN009000,CUST05501,MER08575,2024-03-02 20:36:42,14250.93,Product Returned,Completed
REF002373,TXN000778,CUST03135,MER07225,2024-07-13 14:02:36,566.31,Duplicate Transaction,Pending
REF002374,TXN002191,CUST05481,MER05792,2024-10-22 18:04:12,934.84,Order Cancelled,Completed
REF002375,TXN007875,CUST07719,MER01568,2024-05-17 13:34:21,1072.9,Product Returned,Completed
REF002376,TXN009680,CUST04286,MER08513,2024-10-27 13:52:15,2208.4,Order Cancelled,Completed
REF002377,TXN000209,CUST08669,MER09735,2024-10-03 14:08:53,90309.22,Duplicate Transaction,Completed
REF002378,TXN000352,CUST04535,MER07701,2024-12-22 12:21:27,14505.2,Customer Request,Completed
REF002379,TXN007086,CUST05259,MER01546,2024-05-06 03:40:13,107818.69,Customer Request,Completed
REF002380,TXN003056,CUST06203,MER01590,2024-07-26 03:54:37,709.33,Duplicate Transaction,Completed
REF002381,TXN004999,CUST08548,MER05929,2024-02-14 07:34:26,1365.95,Product Returned,Completed
REF002382,TXN001825,CUST07967,MER07410,2024-07-09 15:31:04,14617.84,Booking Cancelled,Completed
REF002383,TXN002007,CUST05696,MER03073,2024-12-05 20:10:10,6219.8,Product Returned,Completed
REF002384,TXN008043,CUST01262,MER02362,2024-02-10 11:55:03,131.87,Product Returned,Completed
REF002385,TXN007016,CUST02224,MER08573,2024-04-11 23:12:52,75060.23,Customer Request,Completed
REF002386,,CUST05662,MER04831,2024-02-14 18:55:50,74450.24,Customer Request,Completed
REF002387,TXN009297,CUST05704,MER02275,2024-06-21 05:26:11,1804.75,Product Returned,Completed
REF002388,TXN004922,CUST02016,MER08917,2024-06-12 20:35:52,2179.92,Order Cancelled,Completed
REF002389,TXN007055,CUST02224,MER03542,2024-05-03 04:39:51,1864.69,Product Returned,Pending
REF002390,TXN004829,CUST05249,MER09572,2024-06-24 02:42:00,2216.11,Customer Request,Completed
REF002391,TXN008900,CUST05066,MER03609,2024-11-03 10:15:19,832.7,Booking Cancelled,Pending
,TXN000300,CUST07406,MER03924,2024-08-20 14:30:29,1936.64,Duplicate Transaction,Completed
REF002393,TXN002537,CUST07974,MER08047,2024-07-12 07:40:49,158.33,Order Cancelled,Pending
REF002394,TXN001970,CUST07115,MER07781,2024-10-03 18:25:02,73717.16,Product Returned,Completed
REF002395,TXN003676,CUST04817,MER00432,2024-09-08 06:21:45,535.04,Duplicate Transaction,Completed
REF002396,TXN001665,CUST08457,MER07308,2024-05-17 21:51:14,1543.89,Product Returned,Pending
REF002397,TXN000432,CUST05141,MER01631,2024-12-11 04:07:32,1695.71,Duplicate Transaction,Completed
REF002398,TXN008725,CUST07967,MER05208,2024-03-27 14:12:51,20702.64,Booking Cancelled,Completed
REF002399,TXN007485,CUST08672,MER01001,2024-07-10 15:34:58,727.53,Duplicate Transaction,Rejected
REF002400,TXN006180,CUST03692,MER05232,2024-11-28 05:00:06,98.44,Booking Cancelled,Completed
REF002401,TXN004653,CUST08195,MER01376,2024-11-25 18:51:04,283.65,Booking Cancelled,Pending
REF002402,TXN000584,CUST01939,MER09870,2024-09-20 16:07:22,463.61,Order Cancelled,Completed
REF002403,TXN004212,CUST04778,MER03459,2024-05-01 04:35:45,24528.81,Duplicate Transaction,Completed
REF002404,TXN006341,CUST06415,MER00073,2024-04-30 17:14:48,868.63,Customer Request,Completed
REF002405,TXN006434,CUST02441,MER08688,2024-02-14 19:23:28,95.81,Customer Request,Completed
REF002406,TXN003919,CUST03277,MER00371,2024-03-05 05:15:56,60187.63,Customer Request,Completed
REF002407,,CUST06300,MER06541,2024-09-13 02:33:16,7506.66,Customer Request,Completed
REF002408,TXN007046,CUST09375,MER06988,2024-05-21 12:17:50,102665.68,Product Returned,Pending
REF002409,TXN005415,CUST08409,MER02189,2024-09-17 13:26:27,775.45,Booking Cancelled,Completed
REF002410,TXN004986,CUST07260,MER03046,2024-10-03 17:13:30,14082.56,Duplicate Transaction,Completed
,TXN006985,CUST01553,,2024-08-26 18:43:05,55.49,Booking Cancelled,Completed
REF002412,TXN006258,CUST07900,MER06012,2024-07-13 11:16:53,51653.87,Booking Cancelled,Completed
REF002413,TXN007021,CUST01042,MER09992,2024-03-20 14:39:59,96314.09,Duplicate Transaction,Completed
REF002414,UNKNOWN,CUST07899,MER07409,2024-09-24 13:02:58,2748.46,Product Returned,Completed
REF002415,TXN005278,CUST06836,MER08059,2024-08-20 00:10:27,20383.78,Customer Request,Completed
REF002416,TXN005782,CUST02057,MER03285,2024-10-07 03:41:34,81244.61,Customer Request,Completed
REF002417,TXN009141,CUST01944,MER08868,2024-08-21 11:23:42,6528.59,Product Returned,Completed
REF002418,TXN006520,CUST04798,MER00138,2024-03-07 03:15:29,1668.79,Order Cancelled,Pending
REF002419,TXN005241,CUST06529,MER06453,2024-05-27 04:03:33,83139.52,Booking Cancelled,Rejected
REF002420,TXN008286,CUST09958,MER04204,2024-12-15 10:28:00,71828.28,Order Cancelled,Completed
REF002421,TXN007731,CUST08002,MER06155,2024-10-11 14:57:33,18603.04,Product Returned,Completed
REF002422,TXN007686,CUST08278,MER06860,2024-06-03 17:15:11,9545.31,Duplicate Transaction,Completed
REF002423,TXN000986,CUST05816,MER00550,2024-01-24 03:28:32,5524.25,Booking Cancelled,Completed
REF002424,TXN009707,CUST07000,MER01947,2024-07-02 00:16:29,385.16,Duplicate Transaction,Completed
REF002425,TXN005883,CUST04750,MER00153,,589.88,Duplicate Transaction,Completed
REF002426,TXN000540,CUST05513,MER03270,2024-08-22 00:40:28,941.93,Duplicate Transaction,Rejected
REF002427,TXN000984,CUST05998,MER03278,2024-04-21 14:31:29,7964.88,Booking Cancelled,Pending
REF002428,TXN004728,CUST05664,MER05902,2024-05-02 12:27:20,1522.4,Product Returned,Rejected
REF002429,TXN004116,CUST01524,MER00086,2024-07-01 08:06:37,16890.55,Product Returned,Completed
REF002430,TXN007670,CUST08928,MER06866,2024-07-01 05:49:02,76.74,Booking Cancelled,Rejected
REF002431,TXN006751,CUST09630,MER00158,2024-08-06 11:58:02,8982.64,,Rejected
REF002432,TXN009594,CUST00792,MER05011,2024-07-29 21:51:58,427.23,Order Cancelled,Completed
REF002433,TXN005032,CUST01904,MER08885,2024-12-12 19:15:40,91494.94,Duplicate Transaction,Completed
REF002434,TXN001271,CUST04986,MER01609,2024-06-12 06:15:13,3654.85,Order Cancelled,Completed
REF002435,TXN009540,CUST05364,MER05310,2024-05-20 21:33:45,4511.87,Customer Request,Rejected
REF002436,TXN000766,CUST01176,MER07788,2024-03-21 17:09:20,22511.22,Booking Cancelled,Completed
REF002437,TXN006488,CUST06363,MER04949,2024-07-16 22:43:16,101046.29,Customer Request,Completed
REF002438,TXN008611,CUST03788,MER09339,2024-01-28 06:59:33,3549.7,Order Cancelled,Completed
REF002439,TXN009442,CUST04625,MER07046,2024-03-15 02:15:29,22116.14,Booking Cancelled,Pending
REF002440,TXN003821,CUST03930,MER03537,2024-08-24 16:23:19,2228.53,Order Cancelled,Rejected
REF002441,TXN006841,CUST08996,MER00558,2024-07-19 07:38:11,782.68,Customer Request,Completed
REF002442,TXN003725,CUST05464,MER06425,2024-05-04 17:22:22,1848.82,Order Cancelled,Completed
REF002443,TXN005052,CUST05433,MER02667,2024-05-27 23:28:00,1825.64,Booking Cancelled,Rejected
REF002444,TXN007315,CUST00033,MER05081,,4970.87,Order Cancelled,Completed
REF002445,TXN005580,CUST06047,MER01105,2024-07-28 05:46:15,18078.83,Duplicate Transaction,Completed
REF002446,TXN004227,CUST00866,MER00490,2024-02-01 16:05:34,21614.99,Duplicate Transaction,Pending
REF002447,TXN009145,CUST07054,MER03239,2024-09-11 21:53:03,18534.53,Duplicate Transaction,Completed
REF002448,TXN005783,CUST03914,MER06530,2024-09-29 00:44:36,1173.95,Duplicate Transaction,Completed
REF002449,TXN008113,CUST09110,MER09873,2024-05-13 00:42:04,44317.76,Order Cancelled,Completed
REF002450,TXN009084,CUST02719,MER09029,2024-11-08 10:12:02,106.36,Order Cancelled,Completed
REF002451,TXN005696,CUST09296,MER06277,2024-09-18 05:12:10,11264.83,Duplicate Transaction,Pending
REF002452,TXN008862,CUST00571,MER01022,2024-10-29 15:31:07,1642.29,Duplicate Transaction,Pending
REF002453,TXN001291,CUST07710,MER04908,2024-06-06 04:44:40,34914.06,Duplicate Transaction,Completed
REF002454,TXN004301,CUST06598,MER05511,2024-10-18 15:13:33,1236.67,Customer Request,Completed
REF002455,TXN003741,CUST01199,MER08447,2024-04-03 14:23:26,91583.29,Customer Request,Pending
REF002456,TXN006713,CUST01125,MER00098,2024-02-17 18:35:54,18359.1,,Completed
REF002457,TXN009397,CUST03947,MER08767,2024-07-15 16:37:08,895.25,Booking Cancelled,Completed
REF002458,TXN006547,CUST01143,MER04702,2024-03-29 16:46:30,82976.18,Customer Request,Rejected
REF002459,TXN003394,CUST02133,MER04904,2024-03-05 00:16:19,17876.81,Booking Cancelled,Completed
REF002460,,CUST02306,MER04527,2024-10-28 14:51:41,2128.32,Product Returned,Completed
REF002461,TXN004385,CUST04926,MER03692,2024-08-26 07:51:26,12174.98,Customer Request,Completed
REF002462,TXN001743,CUST09856,MER03061,2024-05-13 11:10:13,39189.12,Product Returned,Completed
REF002463,TXN006708,CUST06507,MER04391,2024-04-09 11:24:11,33568.71,Duplicate Transaction,Completed
REF002464,TXN001942,CUST02420,MER08198,2024-10-24 19:24:24,1402.47,Product Returned,Completed
REF002465,TXN003972,CUST07322,MER06670,2025-01-20 06:12:56,6792.07,Customer Request,Completed
REF002466,TXN001949,CUST05002,MER01263,2024-04-02 14:55:29,11812.45,Duplicate Transaction,Pending
REF002467,TXN004377,CUST07615,MER09453,2024-12-06 10:16:24,1000.86,Booking Cancelled,Rejected
REF002468,,CUST06518,MER02452,2024-11-28 19:48:30,456.45,Booking Cancelled,Completed
REF002469,TXN009588,CUST00593,MER09920,2024-03-15 23:54:50,66672.95,Product Returned,Completed
REF002470,TXN008183,CUST07693,MER05941,2024-10-04 19:04:13,72104.22,Duplicate Transaction,Pending
REF002471,TXN008470,CUST02956,MER04781,2024-03-25 12:51:14,70023.04,Product Returned,Completed
REF002472,TXN003949,CUST03668,MER07468,2025-01-16 18:37:06,26623.7,Product Returned,Completed
REF002473,TXN009510,CUST01601,MER05979,2024-12-14 16:27:40,1961.81,Booking Cancelled,Completed
REF002474,TXN009315,CUST01779,MER05916,,972.42,Customer Request,Completed
REF002475,TXN004846,CUST04897,MER00953,2025-01-28 03:04:04,1641.79,Customer Request,Completed
REF002476,TXN008569,CUST05879,MER02373,2024-09-01 18:31:31,113160.24,,Completed
REF002477,,CUST09156,MER02223,2024-11-27 14:29:17,65219.63,,Completed
REF002478,TXN003449,CUST06913,MER02117,2024-09-19 14:52:23,23061.28,Product Returned,Completed
REF002479,TXN009310,CUST01753,MER06961,2024-05-25 12:10:27,1216.11,Customer Request,Completed
REF002480,TXN009086,CUST05729,MER04995,2024-06-07 10:26:48,99009.96,Booking Cancelled,
REF002481,TXN001771,CUST06462,MER05247,2024-05-23 21:11:51,1223.27,Booking Cancelled,Pending
REF002482,TXN000430,CUST04763,MER04843,2024-07-10 16:09:56,445.86,Order Cancelled,Completed
REF002483,TXN004805,CUST00601,MER02481,2024-08-11 09:50:08,211.14,Product Returned,Completed
REF002484,TXN008742,CUST05647,MER05536,2024-07-23 09:14:41,19091.08,Booking Cancelled,Completed
REF002485,TXN002745,CUST01859,MER06953,2024-10-03 12:35:57,22004.89,Order Cancelled,Completed
REF002486,TXN007434,CUST09728,MER04304,2024-01-08 09:40:46,688.78,Order Cancelled,Completed
REF002487,TXN008217,CUST05484,MER06695,2024-08-03 08:48:37,30626.76,Order Cancelled,Rejected
REF002488,TXN003674,CUST08809,MER08234,06/12/2024,1043.96,Product Returned,Completed
REF002489,TXN007367,CUST05627,MER03933,2024-12-13 15:44:29,1640.39,Booking Cancelled,Completed
REF002490,TXN005765,CUST05418,MER01613,2024-09-27 19:03:38,1564.31,Product Returned,Pending
REF002491,TXN006083,CUST02243,MER03432,2024-04-08 07:30:47,,Duplicate Transaction,Completed
REF002492,TXN009554,CUST06837,MER03410,2025-01-06 08:22:35,498.08,Booking Cancelled,Pending
REF002493,TXN009536,CUST05152,MER08047,2024-12-20 12:45:58,44408.67,Order Cancelled,Completed
REF002494,TXN009105,CUST09854,MER04897,2024-08-30 15:21:05,239.28,Customer Request,Completed
REF002495,TXN003508,CUST05938,MER01731,2024-05-31 04:13:23,39801.5,Customer Request,Completed
REF002496,TXN006413,CUST03980,MER04618,2024-11-25 15:09:36,15701.62,Order Cancelled,Pending
REF002497,TXN009944,CUST01273,MER00045,2025-01-03 18:05:16,2678.49,Duplicate Transaction,Completed
REF002498,TXN009513,CUST07078,MER04870,2024-11-22 06:03:18,18484.23,Duplicate Transaction,
REF002499,TXN009121,CUST05139,MER01524,2024-09-04 02:54:33,63735.11,Order Cancelled,Completed
REF002500,TXN005261,CUST09036,MER00633,2024-09-19 03:26:19,6228.35,Customer Request,Completed
REF002501,TXN004082,CUST08035,MER01266,2024-04-29 13:27:14,258.12,Order Cancelled,Completed
REF002502,TXN001751,CUST02519,MER07171,2024-06-14 21:35:35,1767.06,Product Returned,Pending
REF002503,TXN006975,CUST06059,MER02215,2024-08-19 02:53:40,546.72,Customer Request,Completed
REF002504,TXN001402,CUST08777,MER03851,05/06/2024,723.15,Order Cancelled,Pending
REF002505,TXN008262,CUST05112,MER03744,2024-09-22 16:35:21,37290.97,Customer Request,Pending
REF002506,TXN001511,CUST00366,MER07993,2024-03-22 18:12:01,58802.0,Booking Cancelled,Completed
REF002507,TXN002620,CUST09818,MER07734,2024-09-18 07:59:18,7483.22,Order Cancelled,Completed
REF002508,TXN008358,CUST02811,MER07988,2024-12-18 06:36:33,1254.48,Booking Cancelled,Rejected
REF002509,TXN002050,CUST09150,MER03283,2024-12-15 00:04:07,354.48,Customer Request,Completed
REF002510,TXN008127,CUST03323,MER06562,2024-12-04 06:52:46,10628.2,Customer Request,Completed
REF002511,TXN007647,CUST01630,MER04165,2024-09-16 12:34:54,60951.56,Product Returned,Completed
REF002512,TXN000319,CUST05487,MER01893,2024-07-15 10:41:51,4416.68,Booking Cancelled,Completed
REF002513,TXN009107,CUST00516,MER04210,2024-06-19 03:35:47,119920.63,Product Returned,Rejected
REF002514,TXN003893,CUST04406,,2024-10-30 16:24:43,12354.39,Duplicate Transaction,Completed
REF002515,TXN004530,CUST00419,MER00893,2025-01-03 20:42:50,41169.07,Product Returned,Pending
,TXN008913,CUST00885,MER09141,2024-08-25 08:22:08,88331.92,Product Returned,Rejected
REF002517,TXN001613,CUST01785,MER01508,2024-03-24 01:17:43,1894.55,Order Cancelled,Pending
REF002518,TXN007282,CUST06570,MER02541,2024-01-25 03:49:59,31594.8,Customer Request,Pending
REF002519,TXN001429,CUST07336,MER04600,2024-12-02 10:57:56,20815.74,Product Returned,Completed
REF002520,TXN001210,CUST07664,MER04330,2024-12-11 06:26:11,93392.34,Customer Request,Completed
REF002521,TXN008285,CUST06386,MER03083,2024-12-29 19:03:09,55672.19,Product Returned,Pending
REF002522,TXN003572,CUST01217,MER08791,2024-08-20 16:25:05,22786.96,Duplicate Transaction,Pending
REF002523,TXN002951,CUST01002,MER08002,2024-11-22 00:29:50,41782.06,Duplicate Transaction,Completed
REF002524,TXN003369,CUST00084,MER04545,2024-12-12 14:24:36,601.34,Product Returned,Completed
REF002525,TXN006094,CUST06206,MER05928,2024-07-05 09:27:36,1990.73,Product Returned,Completed
REF002526,TXN007461,CUST07741,MER08652,2024-04-13 16:28:28,51480.0,Booking Cancelled,
REF002527,TXN009886,CUST06896,MER08540,2024-12-30 06:20:51,2029.34,Customer Request,Completed
REF002528,TXN008630,CUST03227,MER04914,2024-04-21 02:16:59,238.81,Customer Request,Completed
REF002529,TXN008608,CUST03472,MER03395,2024-03-26 18:22:46,5273.62,Booking Cancelled,Pending
REF002530,TXN006414,CUST08594,MER07038,2024-06-26 09:03:18,2640.34,Product Returned,Pending
REF002531,TXN007589,CUST00419,MER06930,,3965.67,Order Cancelled,Rejected
REF002532,TXN003346,CUST06996,MER03100,2024-05-16 00:09:58,4606.95,Product Returned,Pending
REF002533,TXN003093,CUST00586,MER08833,2024-09-06 17:26:51,29737.2,Product Returned,Completed
REF002534,TXN002619,CUST04432,MER03361,2024-10-17 10:22:48,15048.11,Product Returned,Pending
REF002535,TXN005407,CUST00948,MER08237,2024-01-27 00:31:33,16290.77,Product Returned,Rejected
REF002536,TXN009786,CUST02944,MER02144,2024-04-01 10:03:23,2508.78,Customer Request,Completed
REF002537,TXN008839,CUST07115,,2024-06-26 17:54:20,20138.66,Order Cancelled,Pending
REF002538,TXN001213,CUST09559,MER00917,2024-06-18 07:51:23,90658.19,Duplicate Transaction,Pending
REF002539,TXN001045,CUST09450,MER06282,2024-06-27 12:34:47,295.52,Product Returned,Rejected
REF002540,TXN001657,CUST03518,MER07418,2024-12-23 03:24:05,unknown,Order Cancelled,Completed
REF002541,TXN001996,CUST01488,MER09427,2024-10-12 08:18:56,,Order Cancelled,Completed
REF002542,TXN008025,CUST02745,MER09634,2024-02-07 17:44:43,1139.96,Product Returned,Pending
REF002543,TXN004556,CUST08611,MER02991,2024-06-20 05:42:10,2738.89,Duplicate Transaction,Completed
REF002544,TXN002648,CUST08067,MER06242,2024-08-10 23:50:05,73614.96,Customer Request,Completed
REF002545,TXN000797,CUST06195,MER07255,2024-04-01 12:17:35,89293.7,Product Returned,Completed
REF002546,TXN004492,CUST02566,MER05279,2024-12-20 17:18:58,8476.04,Product Returned,Completed
REF002547,TXN004727,CUST04695,MER00205,2024-12-14 00:18:50,1331.27,Booking Cancelled,Completed
REF002548,TXN005633,CUST08900,MER06642,20/07/2024,49906.43,Order Cancelled,Completed
REF002549,TXN004631,CUST09860,MER02727,2024-06-25 03:34:34,1553.38,Customer Request,Completed
REF002550,TXN006490,CUST06173,MER00281,2024-02-19 03:40:53,8997.25,Order Cancelled,Completed
REF002551,TXN000843,CUST06985,MER04832,2024-09-23 15:57:34,5297.07,Booking Cancelled,Completed
REF002552,TXN001267,CUST08785,MER05843,2024-07-29 16:11:39,1920.82,Booking Cancelled,Completed
REF002553,TXN006359,CUST08946,MER02877,2024-02-21 22:32:29,31011.23,Duplicate Transaction,Pending
REF002554,TXN008796,CUST05584,MER08195,2024-09-16 19:54:01,15889.27,Customer Request,Completed
REF002555,TXN009856,CUST00607,MER03728,2024-06-13 12:05:17,7994.68,Booking Cancelled,Completed
REF002556,TXN009316,CUST03227,MER07376,2024-11-15 14:45:42,336.18,Booking Cancelled,Completed
REF001068,TXN004623,CUST07004,MER05562,2024-07-20 09:11:45,16503.36,Customer Request,Pending
REF002558,TXN005587,CUST06334,MER02080,2024-08-31 11:43:17,826.79,Customer Request,Completed
REF002559,TXN004164,CUST05929,MER07324,2024-09-16 01:14:41,23160.58,Customer Request,Pending
REF002560,TXN002583,CUST03942,MER02061,2024-09-10 12:42:20,3022.08,Customer Request,Completed
REF002561,TXN001856,CUST02960,MER06807,2024-06-24 06:43:03,34254.8,Duplicate Transaction,Rejected
REF002562,TXN007908,CUST00340,MER09660,2024-03-22 14:33:01,10820.07,Order Cancelled,Pending
REF002563,TXN005972,CUST04306,MER02399,2024-05-08 23:28:16,37313.29,Customer Request,Completed
REF002564,TXN006905,CUST09079,MER05313,12/08/2024,16740.19,Booking Cancelled,Completed
REF002565,TXN004836,CUST01256,MER06081,2024-03-29 05:20:08,6995.7,Booking Cancelled,Completed
REF002566,TXN008612,CUST05051,MER05323,2024-02-03 14:33:35,62339.11,Product Returned,Completed
REF002567,TXN003861,CUST03692,MER06547,2024-03-05 08:23:04,16756.5,Product Returned,Completed
REF002568,TXN006780,CUST00708,MER00306,2024-09-12 04:59:59,15270.99,Booking Cancelled,Completed
REF002569,TXN009700,CUST03805,MER02919,2024-09-22 02:55:40,4986.24,Booking Cancelled,Completed
REF002570,TXN005525,CUST02290,MER05050,2024-03-27 04:32:21,244.77,Duplicate Transaction,Completed
REF002571,TXN003538,CUST02608,MER09120,2024-11-07 07:15:02,6567.56,Customer Request,Completed
REF002572,TXN003985,CUST09770,MER02253,2024-06-24 15:02:18,351.28,Customer Request,Pending
REF002573,TXN007465,CUST06756,MER03733,2024-06-17 08:03:29,104559.3,Booking Cancelled,Pending
REF002574,TXN000995,CUST01963,MER03110,2024-03-19 10:50:14,2929.08,Customer Request,Rejected
REF002575,TXN009435,CUST06336,MER06255,2024-07-12 08:52:25,unknown,Product Returned,Completed
REF002576,TXN004629,CUST04491,MER09704,2024-01-17 23:39:44,229.18,Product Returned,Completed
REF002577,TXN008785,CUST00450,MER01967,2024-08-05 14:19:05,7144.3,Customer Request,Completed
REF002578,TXN009287,CUST08395,MER04378,2024-06-27 08:31:16,22636.72,Booking Cancelled,Completed
REF002579,TXN004454,CUST07265,MER04041,2024-11-22 00:24:37,4536.03,Booking Cancelled,Completed
REF002580,TXN006031,CUST08495,MER03329,2024-05-10 13:47:41,20342.09,Customer Request,Completed
REF002581,TXN006374,CUST01921,,2024-02-19 10:33:38,38017.99,Customer Request,Pending
REF002582,TXN000395,CUST03956,MER05222,2024-12-07 22:06:32,355.63,Booking Cancelled,Completed
REF002583,TXN005155,CUST04472,MER08813,2024-10-29 14:23:10,689.04,Booking Cancelled,Completed
REF002584,TXN008388,CUST01693,MER04648,2024-08-08 02:27:34,58800.98,Customer Request,Completed
REF002585,TXN004990,CUST07921,MER03029,05/03/2024,1800.01,Duplicate Transaction,Rejected
REF002586,TXN004646,CUST07841,MER01936,2024-12-12 01:16:31,19062.76,Booking Cancelled,Completed
REF002587,TXN009538,CUST02950,MER07579,2024-01-31 05:48:29,20647.58,Customer Request,Completed
REF002588,TXN006265,CUST06123,,2024-04-30 06:41:03,1850.11,Order Cancelled,Completed
REF002589,TXN000137,CUST04352,MER05236,2024-01-11 13:30:28,43902.05,Product Returned,Completed
REF002590,TXN003469,CUST01435,MER00316,2024-06-20 22:23:32,13475.36,Order Cancelled,Completed
REF002591,TXN005375,CUST01050,MER05317,2024-06-03 20:29:11,66231.8,Order Cancelled,Completed
REF002592,TXN000702,UNKNOWN,MER03938,2024-01-29 06:33:58,1312.6,Product Returned,Pending
REF002593,TXN006503,CUST08887,MER02597,2024-06-26 01:41:17,4393.15,Customer Request,Completed
REF002594,TXN006986,CUST07006,MER00616,2024-11-04 18:51:08,29741.04,Product Returned,Completed
REF002595,TXN005163,CUST02182,MER07500,2024-04-22 06:56:02,1067.26,Duplicate Transaction,Pending
REF002596,TXN001916,CUST03221,MER08756,2024-05-10 10:43:15,11565.44,Booking Cancelled,Completed
REF002597,TXN007166,CUST00450,MER00705,2024-03-24 00:16:07,14569.74,Order Cancelled,Pending
REF002598,TXN001755,CUST09188,MER05342,2024-05-21 05:29:25,17014.33,,Completed
REF002599,TXN002044,CUST06708,MER03684,2024-07-12 16:49:20,18930.97,Duplicate Transaction,Completed
REF002600,TXN004529,CUST03610,MER06369,2024-01-26 16:23:50,15217.75,,Pending
REF002601,TXN000693,CUST01039,MER05400,2024-05-04 16:05:34,71788.74,Product Returned,Pending
REF002602,TXN001955,CUST02303,MER00454,2024-01-24 15:39:18,1399.38,Booking Cancelled,Completed
REF002603,TXN001870,CUST09450,MER05825,2024-11-05 10:43:16,40093.22,Product Returned,Rejected
REF002604,TXN007714,CUST08519,MER00942,2024-04-13 14:21:38,91677.81,Booking Cancelled,Completed
REF002605,TXN004633,CUST03475,MER04338,2024-12-08 01:58:15,32575.69,Duplicate Transaction,Completed
REF002606,TXN008069,CUST01946,MER01580,2025-01-14 12:27:31,70380.44,Duplicate Transaction,Pending
REF002607,TXN001350,,MER01840,2024-12-13 03:45:09,41617.12,Duplicate Transaction,Completed
REF002608,TXN002147,CUST07450,MER07592,2024-03-14 06:39:14,332.41,Product Returned,Completed
REF002609,TXN007750,CUST04121,MER07140,2024-10-20 07:19:40,3172.88,Booking Cancelled,Completed
REF002610,TXN005497,CUST05604,MER06869,2024-12-01 11:47:16,1974.43,Product Returned,Completed
REF002611,TXN003312,CUST00008,MER05068,2024-06-29 11:19:58,16203.71,Customer Request,Pending
REF002612,TXN000587,CUST03565,MER02896,2024-11-09 07:57:59,60598.45,Product Returned,Completed
REF002613,TXN008877,CUST09190,MER07650,2024-10-17 02:20:37,unknown,Order Cancelled,Pending
REF002614,TXN001498,CUST03891,MER01384,2024-03-08 00:34:45,1675.35,Booking Cancelled,Completed
REF002615,TXN006191,CUST03715,MER03610,2024-12-21 19:23:07,9961.7,Product Returned,Completed
REF002616,TXN001965,CUST09724,MER02087,2024-05-26 07:36:05,25886.71,Duplicate Transaction,Completed
REF002617,TXN001408,CUST03525,MER06523,2024-02-20 20:45:49,367.99,Booking Cancelled,Pending
REF002618,TXN002953,CUST09951,MER05431,2024-12-11 10:44:11,21094.04,Customer Request,Pending
REF002619,TXN004311,CUST02410,MER02315,2024-05-13 21:37:48,16385.26,Duplicate Transaction,Completed
,TXN000064,CUST03445,MER00588,2024-07-31 20:43:41,8565.07,Product Returned,Completed
REF002621,TXN009936,CUST08238,MER03612,2024-10-14 13:25:20,65689.97,Order Cancelled,Pending
REF002622,TXN003328,CUST08129,MER07105,2024-10-29 02:37:07,73331.06,Customer Request,Completed
REF002623,TXN007406,CUST09520,MER02948,2024-06-11 15:24:59,10880.25,Customer Request,Rejected
REF002624,TXN000283,CUST02667,MER07095,2024-03-15 17:33:13,33550.07,Booking Cancelled,Completed
REF002625,TXN007660,CUST06109,MER07606,2024-10-17 14:33:00,91219.92,Product Returned,Pending
REF002626,TXN006539,CUST02321,MER08464,2024-06-22 12:49:41,583.09,Booking Cancelled,Completed
REF002627,TXN006914,CUST02901,MER01029,2024-11-05 03:03:49,42579.26,Customer Request,Pending
REF002628,TXN006291,CUST02220,MER06964,2024-09-12 09:37:46,,Customer Request,Completed
REF002629,TXN005033,CUST05815,MER04325,2024-11-07 19:25:52,22744.13,Product Returned,Completed
REF002630,TXN009491,CUST01569,MER06791,2024-09-29 08:53:59,969.87,Duplicate Transaction,Rejected
REF002631,TXN003420,CUST01674,MER00194,2024-05-17 18:31:34,122.91,Booking Cancelled,Completed
REF002632,TXN002377,CUST02836,MER02974,2025-01-04 15:31:10,2324.46,Booking Cancelled,Completed
REF002633,TXN001862,CUST05757,MER02858,2024-11-18 11:56:55,1469.35,Customer Request,Completed
REF002634,TXN006225,CUST00253,MER08181,2025-01-03 08:22:45,3914.33,Order Cancelled,Rejected
REF002635,TXN008103,CUST04462,MER01244,2024-06-16 19:25:21,7327.16,Customer Request,Completed
REF002636,TXN003585,CUST06475,MER04736,2024-06-16 05:58:58,50528.58,Booking Cancelled,Rejected
REF002637,TXN008645,CUST08879,MER07637,2024-05-14 10:40:14,70443.87,Customer Request,Completed
REF002638,TXN001521,CUST02212,MER07772,2024-04-01 03:02:14,205.48,Order Cancelled,Completed
REF002639,TXN002406,CUST02432,MER06601,2024-09-14 20:50:19,16457.21,Booking Cancelled,Completed
REF002640,TXN005202,CUST05931,MER03276,2024-04-04 02:57:30,4513.76,Duplicate Transaction,Completed
REF002641,TXN002322,CUST07320,MER08448,2024-02-22 23:24:23,24317.78,Duplicate Transaction,Completed
REF002642,TXN008457,CUST01302,MER00266,2024-02-28 02:55:25,382.5,Order Cancelled,Pending
REF002643,TXN006243,CUST06446,MER04480,2024-08-10 17:18:05,69292.6,Duplicate Transaction,Completed
REF002644,TXN002723,CUST03039,MER03957,2024-12-08 19:43:45,9071.69,Booking Cancelled,Completed
REF002645,TXN005637,CUST09909,MER08296,2024-03-06 16:11:03,1223.66,Order Cancelled,Completed
REF002646,TXN004216,CUST06015,MER07919,2024-04-15 03:33:51,84363.66,Order Cancelled,Completed
REF002647,,CUST03278,MER01345,2024-02-13 20:48:06,1029.11,Duplicate Transaction,Completed
REF002648,TXN005861,CUST00088,MER00913,,912.1,Product Returned,Rejected
REF002649,TXN006732,CUST08870,MER03059,2024-08-24 00:57:36,19239.14,Product Returned,Pending
REF002650,TXN000680,CUST06752,MER04042,2024-07-11 20:36:07,63952.31,Duplicate Transaction,Pending
REF002651,TXN001520,CUST06964,MER03536,2024-10-30 09:23:04,4311.5,Product Returned,Completed
REF002652,TXN000280,CUST09645,MER09897,2024-11-27 09:39:18,49924.81,Booking Cancelled,Pending
REF002653,TXN003029,CUST02708,MER02227,2024-02-14 19:38:01,2798.93,Booking Cancelled,Completed
REF002654,TXN000117,CUST07331,MER02622,2024-09-15 00:34:01,87997.05,Order Cancelled,Completed
REF002655,TXN004431,CUST02530,UNKNOWN,2024-07-22 01:19:39,68562.68,Product Returned,Completed
REF002656,TXN001732,CUST02057,MER01665,2024-09-29 00:00:31,25996.08,Booking Cancelled,Pending
REF002657,TXN006244,CUST03664,MER01321,2024-07-16 17:06:01,870.98,Product Returned,Completed
REF002658,TXN008111,CUST09417,MER07168,2024-11-15 03:11:36,267.13,Customer Request,Completed
REF002659,TXN005628,CUST08028,MER03644,2024-08-29 19:00:52,7478.72,Order Cancelled,Completed
REF002660,TXN005316,CUST06862,MER07607,2024-02-14 20:17:20,64642.52,Order Cancelled,Completed
REF002661,TXN006676,CUST00282,MER04178,2024-05-25 07:18:22,5612.97,Duplicate Transaction,Completed
REF002662,TXN004377,CUST07615,MER09453,2024-12-05 10:16:24,2001.71,Product Returned,Completed
REF002663,TXN005118,CUST04764,MER04337,2024-10-07 18:19:44,2667.7,Product Returned,Pending
REF002664,TXN005740,CUST01281,MER00008,2024-10-18 05:27:48,14235.85,Duplicate Transaction,Completed
REF008491,TXN005714,CUST03165,MER09122,2024-10-17 12:52:46,10050.33,,Completed
REF002666,TXN001501,CUST09419,MER01883,2024-06-21 09:42:07,5354.76,Product Returned,Completed
REF002667,TXN001456,CUST04846,MER08277,2025-01-23 09:06:48,5501.19,Booking Cancelled,Rejected
REF002668,TXN000187,CUST07180,MER07695,2024-05-30 09:37:36,288.91,Customer Request,Completed
REF002669,TXN001155,CUST03883,MER01296,2024-12-15 19:25:55,12009.27,Customer Request,Completed
REF002670,TXN009106,CUST02414,MER03935,2024-09-16 08:38:49,1392.44,Duplicate Transaction,Completed
REF002671,TXN006249,CUST04327,MER09344,,1309.71,Duplicate Transaction,Completed
REF002672,TXN007839,CUST09068,MER07077,2024-07-02 05:02:19,4305.71,Product Returned,Rejected
REF002673,TXN004408,CUST05679,MER07786,2024-08-01 03:37:48,1851.75,Product Returned,Rejected
REF002674,TXN002542,CUST07139,MER05032,2024-12-21 14:17:57,1622.78,Product Returned,Pending
REF002675,TXN003777,CUST09021,MER08188,2024-04-22 00:45:05,16025.46,Booking Cancelled,Rejected
REF002676,TXN005278,,MER08059,2024-08-01 00:10:27,81535.1,Booking Cancelled,Completed
REF002677,,,MER09445,2025-01-04 10:17:42,1665.04,Duplicate Transaction,Completed
REF002678,TXN002764,CUST02422,MER00659,2024-06-28 00:49:38,428.12,Booking Cancelled,Completed
REF002679,TXN007170,CUST03311,MER00041,2024-10-01 09:47:16,21958.01,Order Cancelled,Completed
REF002680,TXN009565,CUST02183,MER07320,2024-11-10 15:31:54,2908.23,Duplicate Transaction,Pending
REF002681,TXN006671,CUST03670,MER06374,2024-11-06 11:52:59,56498.42,Customer Request,Completed
REF002682,TXN005771,CUST03728,MER07785,2024-11-04 13:47:06,3983.06,Customer Request,Completed
REF002683,TXN009488,CUST09964,MER04800,2024-11-23 14:42:46,16687.66,Duplicate Transaction,Rejected
REF002684,TXN008740,CUST07714,MER00409,2025-01-04 13:16:47,24542.81,Booking Cancelled,Completed
REF002685,TXN003062,CUST03563,MER06960,2024-06-27 19:40:04,22330.11,Product Returned,Completed
REF002686,TXN000837,CUST08620,MER05116,2024-05-01 06:16:19,7606.86,Booking Cancelled,Completed
REF002687,TXN004278,CUST04497,MER07623,2024-03-06 09:55:07,13114.72,,Completed
REF002688,TXN003985,CUST09770,MER02253,2024-06-22 15:02:18,351.28,Product Returned,Completed
REF002689,TXN005948,CUST05967,MER02799,2024-02-19 11:30:10,175.85,Booking Cancelled,Pending
REF002690,TXN002047,CUST01450,MER07196,2024-12-14 15:06:51,4815.44,Booking Cancelled,Completed
REF002691,TXN003000,CUST06776,MER03459,2024-07-19 06:05:29,14113.63,Customer Request,Completed
REF002692,TXN001144,CUST08074,MER00667,2024-08-16 17:47:43,937.98,Customer Request,Completed
REF002693,TXN000821,CUST04057,MER02634,2024-08-31 17:43:19,81273.1,Product Returned,Completed
REF002694,TXN000837,CUST08620,MER05116,2024-04-09 06:16:19,7606.86,Booking Cancelled,Rejected
REF002695,TXN004653,CUST08195,MER01376,2024-11-09 18:51:04,1134.62,Order Cancelled,Completed
REF002696,TXN007476,CUST02978,MER01127,2024-03-26 04:38:37,1713.95,Customer Request,Completed
REF002697,TXN004434,CUST00029,MER08156,2024-10-05 00:00:07,597.4,Product Returned,Completed
REF002698,TXN005402,CUST06887,MER01240,2024-11-08 01:16:10,57652.33,Customer Request,Completed
REF002699,TXN007607,CUST00399,MER08921,2024-10-08 17:44:33,2114.1,Product Returned,Completed
REF002700,TXN008844,CUST06832,MER08057,2024-08-21 13:58:21,212.7,Booking Cancelled,Completed
REF002701,TXN009116,CUST02195,MER06094,2024-05-26 12:35:48,463.21,Duplicate Transaction,Completed
REF002702,TXN000626,CUST04037,MER07441,2024-05-20 16:44:20,1255.68,Duplicate Transaction,Completed
REF002703,TXN007419,CUST08431,MER06655,2024-04-15 11:37:05,951.53,Order Cancelled,Completed
REF002704,TXN005906,CUST01072,MER06019,2024-10-04 06:30:40,178.88,Booking Cancelled,Pending
REF002705,TXN004428,CUST09009,MER07093,2024-05-18 19:55:52,1085.84,Duplicate Transaction,Completed
REF002706,TXN006944,CUST03923,MER08827,2024-08-27 17:08:19,79318.36,Booking Cancelled,Completed
REF002707,TXN009941,CUST03127,MER07792,2024-10-27 09:57:16,14108.86,Duplicate Transaction,Completed
REF002708,TXN001731,CUST01953,MER04919,2024-05-16 07:47:55,4955.12,Booking Cancelled,Completed
REF002709,TXN000564,CUST07956,MER07735,2024-11-17 00:38:35,3009.25,Duplicate Transaction,Completed
REF002710,TXN006372,CUST04360,MER02786,2024-02-13 17:11:00,10634.36,Order Cancelled,Completed
REF002711,TXN007729,CUST09120,MER08551,2024-05-13 18:27:57,,Product Returned,Completed
REF002712,TXN006666,CUST06184,MER04939,2024-07-25 19:41:48,24052.83,Booking Cancelled,Completed
REF002713,TXN004858,CUST01690,MER07552,2024-04-21 19:59:19,42338.94,Duplicate Transaction,Completed
REF002714,TXN002056,CUST01374,MER01222,2024-12-08 14:41:19,4054.7,Booking Cancelled,Completed
REF002715,TXN007424,CUST01332,MER03095,2024-06-21 07:50:31,1726.62,Product Returned,Completed
REF002716,TXN003029,CUST02708,MER02227,2024-03-11 19:38:01,1399.46,Customer Request,Pending
REF002717,TXN006992,CUST08635,MER01250,2024-06-07 08:54:50,71408.73,Product Returned,Completed
REF002718,TXN002675,CUST02897,MER01705,2024-04-16 05:33:01,208.26,Customer Request,Completed
REF002719,TXN000099,CUST03258,MER00477,2024-09-25 17:54:53,1006.42,Order Cancelled,Completed
REF005110,TXN008733,CUST03064,MER01442,2024-12-09 12:24:09,3306.83,Product Returned,Pending
REF002721,TXN003078,CUST04506,MER09615,2024-03-27 19:55:53,4569.1,Order Cancelled,Completed
REF002722,TXN003328,CUST08129,MER07105,2024-10-26 02:37:07,unknown,Booking Cancelled,Pending
REF002723,TXN003259,CUST02915,MER04829,2024-09-11 05:27:19,970.36,Order Cancelled,Completed
REF002724,TXN006847,CUST08925,MER08187,2024-05-29 21:48:47,1871.46,Customer Request,Completed
REF002725,TXN008710,CUST02228,MER03967,2024-05-16 04:24:48,926.96,Product Returned,Completed
REF002726,TXN005348,CUST06722,MER06194,2024-10-04 01:00:06,15586.11,Product Returned,Pending
REF002727,TXN006873,CUST04870,MER07703,2024-09-10 11:56:42,684.12,Product Returned,Completed
REF002728,TXN005895,CUST05828,MER00744,2024-01-26 06:16:32,9242.09,Product Returned,Completed
REF002729,TXN007681,CUST00501,MER07075,2024-11-01 03:58:19,569.23,Booking Cancelled,Completed
REF002730,TXN002784,CUST08941,MER05939,2024-05-06 04:32:05,52072.87,Order Cancelled,Rejected
REF002731,,CUST03197,MER06924,2024-05-03 01:09:59,20507.44,Customer Request,Completed
REF002732,TXN000257,CUST00835,MER01521,2024-03-10 11:34:01,802.18,Order Cancelled,Completed
REF002733,TXN003579,CUST03798,MER09079,2024-04-24 09:28:10,12952.56,Duplicate Transaction,Rejected
REF002734,TXN004079,CUST02710,MER07778,2024-11-12 20:37:07,3133.4,Booking Cancelled,Completed
REF002735,TXN001368,CUST08546,MER08117,2024-07-18 00:59:31,46534.37,Customer Request,Rejected
REF002736,TXN001851,CUST04550,MER02942,2024-08-29 02:36:05,15014.48,Customer Request,Rejected
REF002737,TXN000674,CUST02634,MER00332,2024-06-02 16:41:33,420.83,Product Returned,Rejected
REF002738,TXN001993,CUST01512,MER09839,2024-07-15 02:57:28,4136.5,Booking Cancelled,Completed
REF002739,TXN008809,CUST05577,MER01628,,6473.38,Customer Request,Rejected
REF002740,TXN003753,CUST08700,MER05685,2024-05-25 20:47:36,7712.24,Booking Cancelled,Pending
REF002741,TXN000567,CUST02737,MER07473,2025-01-08 04:17:29,1638.75,Customer Request,Completed
REF002742,TXN006797,CUST03628,MER00127,2024-08-30 19:59:52,1274.49,Order Cancelled,Completed
REF002743,TXN004330,CUST03193,MER09595,2024-05-03 00:32:54,33522.53,Customer Request,Pending
REF002744,TXN005274,CUST03418,MER05849,2024-02-24 18:56:22,85422.05,Duplicate Transaction,Completed
REF002745,TXN000550,CUST05991,MER07829,2024-08-22 10:49:10,16431.7,Order Cancelled,Rejected
REF002746,TXN009562,CUST06786,MER06075,2024-02-20 21:48:11,12811.83,Duplicate Transaction,Completed
REF002747,TXN003841,CUST00533,MER03321,2024-02-09 02:05:43,287.26,Order Cancelled,Completed
REF002748,,CUST08876,MER07385,2024-02-25 09:32:33,103633.3,Order Cancelled,Completed
REF002749,TXN005572,CUST04949,MER08339,2024-08-08 18:05:22,17295.43,Order Cancelled,Completed
REF002750,TXN004870,CUST00983,MER02814,2024-08-11 05:17:07,1859.53,Customer Request,Completed
REF006004,TXN009239,CUST05976,MER01129,2024-04-08 15:11:41,17228.62,Duplicate Transaction,Completed
REF002752,TXN006308,CUST01203,MER03401,2025-01-09 15:53:15,3500.58,Product Returned,Pending
REF002753,TXN008861,CUST03383,MER01964,2024-07-17 10:44:33,481.52,Duplicate Transaction,Completed
REF002754,TXN001747,CUST09863,MER07075,2024-08-31 01:27:58,47.52,Product Returned,Completed
REF002755,TXN008556,CUST06486,MER01454,2024-10-28 10:22:50,,Duplicate Transaction,Pending
REF002756,TXN007339,CUST05344,MER03303,2024-07-31 15:31:53,38434.07,Booking Cancelled,Completed
REF002757,TXN005671,CUST00257,MER01291,2024-12-09 19:44:29,1377.05,Product Returned,Completed
REF002758,UNKNOWN,CUST00031,MER00140,2024-04-06 22:12:35,1553.47,Product Returned,Completed
REF002759,TXN008364,CUST07563,MER01865,2024-10-20 15:26:22,23790.39,Duplicate Transaction,Rejected
REF002760,TXN001098,CUST00035,MER09133,2024-02-18 19:20:07,538.62,Product Returned,Completed
REF002761,,CUST04190,MER03074,2024-02-03 10:11:05,37.01,Customer Request,Completed
REF002762,TXN008625,CUST00229,MER07513,2024-04-25 16:04:44,589.24,Booking Cancelled,Completed
REF002763,TXN000004,CUST07626,MER07052,2024-08-14 23:39:05,93624.72,Customer Request,Completed
REF002764,TXN002227,CUST09229,MER01343,2024-05-24 14:11:16,201.03,Order Cancelled,Completed
REF002765,TXN006645,CUST04292,MER01729,2024-02-27 03:38:06,3876.6,Customer Request,Completed
REF002766,TXN006780,CUST00708,MER00306,2024-09-13 04:59:59,18325.19,Order Cancelled,Completed
REF002767,TXN005107,CUST03715,MER04043,2024-12-27 03:22:39,1705.33,Booking Cancelled,Pending
REF002768,TXN004522,CUST02892,MER06653,2024-03-08 12:11:17,8481.84,Customer Request,Completed
REF002769,TXN001981,CUST04793,MER01345,2024-05-01 19:53:43,683.14,Booking Cancelled,Pending
REF002770,TXN008093,CUST04312,MER08943,2024-06-29 05:38:47,483.47,Product Returned,Pending
REF002771,TXN002145,CUST06123,MER03405,2024-03-28 06:41:15,9806.86,Booking Cancelled,Completed
REF002772,TXN009311,CUST01854,MER06355,2024-12-07 20:52:33,65001.52,Customer Request,Pending
REF002773,TXN003618,CUST02127,MER06711,2024-04-21 04:49:07,98892.47,Booking Cancelled,Pending
REF002774,TXN000109,CUST05611,MER03131,2024-02-06 22:54:01,1235.29,Product Returned,Completed
REF002775,TXN009041,CUST09271,MER03567,2024-11-05 02:21:10,394.36,Duplicate Transaction,Completed
REF002776,TXN001126,CUST02156,MER01098,2024-12-06 03:04:22,72.22,Booking Cancelled,Completed
REF002777,TXN002553,CUST05077,MER08571,2024-04-01 22:24:34,1511.92,,Completed
REF002778,TXN009786,CUST02944,MER02144,2024-03-10 10:03:23,627.2,Product Returned,Completed
REF002779,TXN008507,CUST08968,MER00523,2024-11-21 22:37:54,73666.71,Customer Request,Completed
REF002780,TXN007915,CUST02798,MER09609,2024-07-08 03:35:08,12595.23,Order Cancelled,Completed
REF002781,TXN003353,CUST05149,MER06233,2024-03-09 04:31:08,10915.75,Duplicate Transaction,Completed
REF002782,TXN008619,CUST01605,MER01669,2024-09-12 14:50:21,85962.46,Booking Cancelled,Completed
REF002783,TXN007489,CUST06136,MER07851,2024-12-18 04:28:31,35972.36,Duplicate Transaction,
REF002784,TXN009894,CUST03323,MER01525,2024-05-24 04:07:37,14927.04,Order Cancelled,Completed
REF002785,TXN001062,CUST06213,MER04292,2024-02-16 19:28:10,,Order Cancelled,Completed
REF002786,TXN000625,CUST02742,MER08573,2025-01-09 02:52:10,15711.13,Order Cancelled,Completed
REF002787,TXN004940,CUST04140,MER02017,2024-12-08 12:45:32,2917.33,Duplicate Transaction,Pending
REF002788,TXN003008,CUST01470,MER05860,2024-07-21 16:25:22,11545.25,Product Returned,Completed
REF002789,TXN006161,CUST07149,MER09667,2024-04-08 17:53:55,12955.49,,Completed
REF002790,TXN003222,CUST08086,MER08702,2024-02-26 19:43:51,7937.08,Duplicate Transaction,Completed
REF002791,TXN009604,CUST05204,MER07195,2024-06-17 23:42:14,1233.48,Customer Request,Rejected
REF002792,TXN005406,CUST01828,MER06112,2024-10-26 09:22:13,417.48,Order Cancelled,Completed
REF002793,TXN002514,CUST08326,MER00293,2024-10-25 08:38:07,10722.8,,Completed
REF002794,TXN003257,CUST04031,MER07716,2024-03-17 14:49:57,3847.97,Booking Cancelled,Completed
REF002795,TXN007983,CUST04443,MER03136,2024-07-22 06:41:38,17445.65,Booking Cancelled,Completed
REF002796,TXN001228,CUST04197,MER02597,2024-07-12 10:24:04,302.56,Product Returned,Completed
REF002797,TXN003555,CUST03674,MER01911,14/03/2024,,Order Cancelled,Pending
REF002798,TXN003029,CUST02708,MER02227,2024-03-12 19:38:01,5597.86,Booking Cancelled,Completed
REF002799,TXN003044,CUST07380,MER09496,2025-01-13 06:07:20,4189.78,Order Cancelled,Rejected
REF002800,TXN005329,CUST02492,MER00273,2024-12-24 04:44:58,98667.65,Customer Request,Completed
REF002801,TXN001983,CUST00862,MER09095,2024-07-22 00:16:01,300.73,Product Returned,Completed
REF002802,TXN007472,CUST08894,MER00269,2024-08-10 01:21:44,24421.47,Customer Request,Pending
REF002803,TXN004547,CUST08885,MER02676,2024-02-23 23:08:17,425.0,Duplicate Transaction,Completed
REF002804,TXN000147,CUST08257,MER09303,2024-03-08 05:54:22,23435.44,Duplicate Transaction,Completed
REF002805,TXN009386,CUST00740,MER05855,2024-06-14 03:14:27,288.15,Order Cancelled,Completed
REF002806,TXN005568,CUST04362,MER09691,27/08/2024,745.85,Order Cancelled,Pending
REF002807,TXN008354,,MER04735,2024-08-20 00:57:47,23904.06,Customer Request,Pending
REF002808,TXN005037,CUST04839,MER05250,2024-08-26 11:39:06,896.12,Customer Request,Rejected
REF002809,TXN008580,CUST09298,MER01788,2024-04-27 03:23:54,16080.43,Order Cancelled,Completed
REF002810,TXN001813,CUST07615,MER02652,2024-05-16 10:48:34,498.29,Customer Request,Completed
REF002811,TXN003602,CUST06889,MER05205,2024-12-24 12:34:29,1672.43,Booking Cancelled,Completed
REF002812,TXN006244,CUST03664,MER01321,2024-06-28 17:06:01,435.49,Customer Request,Pending
REF002813,TXN005296,CUST04202,MER06937,2024-06-09 01:05:45,32030.73,Booking Cancelled,Completed
,TXN009651,CUST02664,MER00290,2024-08-17 18:48:37,342.25,Order Cancelled,Rejected
REF002815,TXN007322,CUST04654,MER05919,02/09/2024,90104.89,Customer Request,Rejected
REF002816,TXN001726,CUST05479,MER01712,2024-08-01 14:25:34,195.94,Order Cancelled,Completed
REF002817,TXN003286,CUST01851,MER05657,2024-02-10 05:04:06,19556.1,Product Returned,Completed
REF002818,TXN006430,CUST01209,MER09122,2024-03-10 08:57:49,285.1,Product Returned,Pending
REF002819,TXN007560,CUST00550,MER02712,2024-02-23 22:22:13,5732.84,Product Returned,Pending
REF002820,TXN003271,CUST07628,MER01952,2024-11-10 10:37:04,939.6,Booking Cancelled,Completed
REF002821,TXN007682,CUST06261,MER09172,2024-06-07 10:54:11,6488.38,Order Cancelled,Completed
REF002822,TXN008490,CUST00284,MER09224,2024-10-04 19:32:12,723.03,Customer Request,Completed
REF002823,TXN006767,CUST00008,MER04185,2024-03-09 09:44:56,7906.0,Product Returned,Completed
REF002824,TXN006574,CUST08048,MER09540,2024-11-17 15:45:31,1542.55,Booking Cancelled,Pending
REF002825,TXN000121,CUST06328,MER04808,2024-02-24 12:41:45,18931.18,Customer Request,Pending
REF002826,TXN004663,CUST04550,MER02911,2024-08-12 14:34:56,9077.58,Order Cancelled,Completed
REF002827,TXN008766,CUST04131,MER02696,2024-09-18 07:29:45,62394.87,Product Returned,Completed
REF002828,TXN006926,CUST05923,MER06082,2024-03-21 02:39:31,4891.1,Order Cancelled,Rejected
REF002829,TXN001993,CUST01512,MER09839,2024-06-25 02:57:28,16546.01,Product Returned,Completed
REF002830,TXN001809,CUST00688,MER04266,2024-06-28 22:19:23,36446.34,Product Returned,Completed
REF002831,TXN009113,CUST01504,MER08963,2024-10-11 01:11:30,297.71,Booking Cancelled,Completed
REF002832,TXN006744,CUST06265,MER05241,2024-05-12 13:33:01,10098.8,Duplicate Transaction,Completed
REF002833,TXN001614,CUST00209,MER02797,2024-01-26 06:03:05,19470.31,Booking Cancelled,Completed
REF002834,TXN006005,CUST08235,MER08548,2024-03-19 22:12:11,8048.3,Duplicate Transaction,Completed
REF002835,TXN008086,CUST07124,MER05053,2024-08-03 06:06:09,31288.61,Booking Cancelled,Completed
REF002836,TXN005401,CUST07210,MER09008,2024-06-13 13:34:56,1788.18,Customer Request,Pending
REF002837,TXN007413,CUST00794,MER09492,2024-02-10 20:52:33,,Customer Request,Completed
REF002838,TXN006665,CUST03708,MER04975,2024-08-16 21:21:16,8164.41,Booking Cancelled,Completed
REF002839,TXN006627,CUST07208,MER08012,2024-04-20 08:47:33,654.33,Booking Cancelled,Completed
REF002840,TXN007877,CUST00503,,2024-04-20 06:40:23,754.55,Customer Request,Completed
REF002841,TXN002479,CUST07269,MER08223,2024-10-21 20:17:55,664.24,Customer Request,Completed
REF002842,TXN003533,CUST01259,MER05134,2024-06-27 04:24:06,1416.39,Booking Cancelled,Completed
REF002843,TXN009003,CUST08437,MER08690,2024-02-04 15:03:44,11434.87,Order Cancelled,Completed
REF002844,,CUST09122,MER06877,2024-02-03 18:04:21,6389.88,Customer Request,Completed
REF002845,TXN006340,CUST01533,MER06847,2024-09-02 17:49:21,90887.36,Booking Cancelled,Completed
,TXN000742,CUST06709,,2024-09-12 08:31:59,17015.1,Duplicate Transaction,Rejected
REF002847,TXN009114,CUST03300,MER04768,2024-02-02 21:45:18,5443.01,Booking Cancelled,Completed
REF002848,TXN003745,CUST05618,MER04614,2024-09-26 22:12:16,,Product Returned,Completed
REF002849,TXN000681,CUST02899,MER04075,2024-02-27 08:48:49,33976.51,Duplicate Transaction,Completed
REF002850,TXN002808,CUST03274,MER07903,2024-06-09 12:01:05,51928.56,Product Returned,Rejected
REF002851,TXN002602,CUST02357,MER08908,2025-01-22 13:03:04,16589.98,Order Cancelled,Completed
REF002852,TXN003215,CUST06483,MER08738,2024-12-14 08:38:26,3883.87,Duplicate Transaction,Completed
REF002853,TXN001930,CUST08711,MER09691,2024-09-17 21:21:26,1034.7,Product Returned,Completed
REF002854,TXN004176,,MER05709,2024-11-30 15:14:55,48756.62,Product Returned,Pending
REF002855,TXN002956,CUST06582,MER01008,2024-10-13 05:30:56,251.04,Product Returned,Rejected
REF002856,TXN003221,CUST02115,MER02253,2024-01-29 23:26:46,823.47,Product Returned,Pending
REF002857,TXN009580,CUST04689,MER06809,2024-06-17 15:21:48,4926.52,Order Cancelled,Completed
REF002858,TXN007406,CUST09520,MER02948,2024-06-29 15:24:59,10880.25,Duplicate Transaction,Completed
REF002859,TXN008084,CUST07998,MER08287,2025-01-14 17:44:43,319.33,Customer Request,Completed
REF002860,TXN000981,CUST09816,MER02866,2024-08-12 08:02:23,8458.57,Duplicate Transaction,Rejected
REF002861,TXN004096,CUST09392,,2024-08-22 04:42:12,10196.61,Order Cancelled,Completed
REF002862,TXN006747,CUST08698,MER09551,2024-12-16 05:52:20,7535.66,Duplicate Transaction,Completed
REF002863,TXN000610,CUST09256,MER09160,2024-07-04 23:22:48,108164.0,Booking Cancelled,Pending
REF002864,TXN005494,CUST06439,MER07869,2024-04-11 21:19:12,261.63,Order Cancelled,Completed
REF002865,TXN006333,CUST01550,MER02752,2024-09-23 14:49:19,92489.02,Product Returned,Pending
REF002866,TXN003878,,MER05403,2024-03-20 12:16:49,1497.14,Duplicate Transaction,Completed
REF002867,,CUST02209,MER02612,2024-03-17 08:32:22,93099.0,Duplicate Transaction,Pending
REF002868,TXN002845,CUST02091,MER02923,2024-06-03 22:32:31,87721.69,Booking Cancelled,Completed
REF002869,TXN009396,CUST02812,MER02659,2024-06-02 01:26:37,99270.85,Duplicate Transaction,Pending
REF002870,TXN003447,CUST08158,MER09670,2024-05-28 19:02:08,14751.3,Customer Request,Completed
REF002871,TXN004086,CUST00936,MER02310,2024-04-02 09:39:29,unknown,Duplicate Transaction,Completed
REF002872,TXN000505,CUST09859,MER05140,2024-08-12 08:46:02,8790.24,Product Returned,Completed
REF002873,TXN001712,,MER02243,2024-03-11 13:49:07,450.58,Order Cancelled,Completed
REF002874,TXN009814,CUST07354,MER02488,2024-12-14 05:01:36,3412.54,Duplicate Transaction,Completed
REF002875,TXN003595,CUST00187,MER08050,2024-10-22 00:25:19,2238.14,Customer Request,Rejected
REF002876,TXN007196,CUST07799,MER03097,2024-02-29 17:28:08,369.04,Product Returned,Completed
REF002877,TXN009716,CUST07182,MER07365,2024-09-12 23:39:40,1862.09,Duplicate Transaction,Pending
REF002878,TXN001755,CUST09188,MER05342,2024-05-14 05:29:25,17014.33,Booking Cancelled,Pending
REF000771,TXN003954,CUST07187,MER01786,2024-05-13 14:22:43,14636.5,Customer Request,Rejected
REF002880,TXN000287,CUST01751,MER01171,2024-06-06 22:32:00,22584.23,Customer Request,Pending
REF002881,TXN004095,CUST04685,MER08586,2024-09-09 23:49:01,1042.5,Order Cancelled,Completed
REF002882,TXN007228,CUST03440,MER09500,2024-01-15 21:31:30,80630.83,Product Returned,Pending
REF002883,TXN004761,CUST03839,MER02753,2024-11-02 02:00:22,14970.49,Product Returned,Completed
REF002884,TXN001804,CUST03301,MER01633,2024-07-29 07:59:16,43701.06,Order Cancelled,Pending
REF002885,TXN005285,CUST06748,MER02121,2024-09-15 14:28:19,30159.0,Duplicate Transaction,Pending
REF002886,TXN002620,CUST09818,MER07734,2024-08-22 07:59:18,14966.44,Customer Request,Rejected
REF002887,TXN009543,CUST05942,MER07201,2024-09-10 12:03:21,12133.99,Booking Cancelled,Completed
REF002888,TXN002362,CUST09387,MER00064,2024-03-02 18:50:31,274.1,Customer Request,Pending
REF002889,TXN009439,,MER03479,2024-12-22 08:46:58,93374.9,Order Cancelled,Completed
REF002890,TXN007403,CUST06132,MER00381,2024-04-23 05:55:31,766.96,Customer Request,Completed
REF002891,TXN009222,CUST03975,MER03356,2024-03-05 19:18:55,449.38,Order Cancelled,Completed
REF002892,TXN002583,CUST03942,MER02061,2024-09-13 12:42:20,6044.16,Booking Cancelled,Completed
REF002893,TXN004018,CUST04618,MER01519,2024-09-30 13:33:39,579.45,Booking Cancelled,Pending
REF002894,TXN006497,CUST00856,MER01870,2024-07-28 02:01:57,655.64,Booking Cancelled,Completed
REF002895,TXN009750,CUST06655,MER04506,2024-02-26 21:09:00,489.47,Product Returned,Pending
REF002896,TXN008047,CUST01378,MER09139,2024-08-19 10:56:11,899.65,Booking Cancelled,Completed
REF002762,TXN008625,CUST00229,MER07513,2024-04-25 16:04:44,589.24,Booking Cancelled,Completed
REF002898,TXN003445,CUST04814,MER05283,2024-08-17 09:02:13,832.42,Customer Request,Completed
REF002899,TXN005836,UNKNOWN,MER08287,2024-03-07 01:01:49,9174.62,Order Cancelled,Completed
REF002900,TXN009097,CUST09969,MER03858,2024-06-06 15:51:52,22080.6,Booking Cancelled,Completed
REF002901,TXN002161,CUST07193,MER03137,2024-02-27 19:47:04,461.1,Duplicate Transaction,Completed
REF002902,TXN004170,CUST07260,MER00732,2024-04-11 02:23:52,8567.74,Product Returned,
REF002903,TXN009136,CUST03805,MER06364,2024-03-23 03:19:04,12978.37,Order Cancelled,Completed
REF002904,TXN003565,CUST03340,MER00464,2024-11-03 20:27:00,111466.84,Order Cancelled,Rejected
REF002905,TXN005197,CUST07468,MER02829,2024-12-27 02:34:28,14601.2,Duplicate Transaction,Completed
REF002906,TXN009958,CUST00146,MER04486,2024-03-20 17:10:38,3388.23,Product Returned,Pending
REF002907,TXN002595,CUST01295,MER03236,2024-07-30 00:37:28,865.13,Product Returned,Pending
REF002908,TXN001769,CUST08194,MER03582,2024-08-15 14:40:59,26281.69,Booking Cancelled,Rejected
REF002909,TXN005137,CUST04741,MER01701,2024-10-15 23:47:55,1903.61,Order Cancelled,Completed
REF002910,TXN000550,CUST05991,MER07829,2024-08-11 10:49:10,16431.7,Duplicate Transaction,Pending
REF002911,TXN005913,CUST03438,MER09598,2024-04-25 20:10:15,5336.52,Order Cancelled,Rejected
REF002912,TXN007297,CUST06017,MER00010,2024-08-05 20:51:04,unknown,Product Returned,Completed
REF002913,TXN001243,CUST00446,MER05419,2024-03-23 16:10:33,42061.52,Order Cancelled,Completed
REF002914,TXN008654,CUST04609,MER00663,2024-03-01 17:27:47,1091.92,Product Returned,Pending
REF002915,TXN000077,CUST08579,MER03682,2024-12-17 10:46:31,87851.95,Customer Request,Pending
REF002916,TXN001832,CUST07797,MER03589,2024-09-05 08:26:00,13616.06,Order Cancelled,Completed
REF002917,TXN002031,CUST03440,MER09442,2024-03-24 06:00:44,7610.3,Duplicate Transaction,Completed
REF002918,TXN002038,CUST09562,MER04700,2024-07-29 22:57:58,89106.52,Duplicate Transaction,Pending
REF002919,TXN000641,CUST08426,MER02536,2024-10-29 04:27:52,35335.25,Order Cancelled,Completed
REF002920,TXN008421,CUST07197,MER06604,2024-04-16 06:04:54,3195.27,Booking Cancelled,Completed
REF002921,TXN001177,CUST09917,MER02604,2024-12-07 03:47:44,19816.72,Duplicate Transaction,Completed
REF002922,TXN007985,CUST00398,MER00514,2024-11-20 02:35:56,1636.85,Customer Request,Completed
REF002923,TXN004761,CUST03839,MER02753,16/11/2024,14970.49,Booking Cancelled,Rejected
REF002924,TXN004213,CUST08630,MER08626,2024-11-18 22:43:27,48940.12,Booking Cancelled,Completed
REF002925,TXN008165,CUST06897,MER06506,2024-04-17 16:20:37,1797.01,Customer Request,Pending
,TXN000503,CUST03419,MER04540,2024-08-11 19:19:26,34342.26,Duplicate Transaction,Completed
REF002927,TXN004502,CUST09595,MER08105,2024-03-28 20:09:27,13438.27,Order Cancelled,Completed
REF002928,TXN006311,CUST05061,MER02328,2024-08-28 00:12:41,8509.63,Duplicate Transaction,Completed
REF002929,TXN006221,CUST01128,MER02566,2024-11-03 17:19:23,16260.25,Order Cancelled,Completed
REF002930,TXN000590,CUST09895,MER05846,2024-12-12 18:00:01,77002.9,Booking Cancelled,Pending
REF002931,TXN004418,CUST02001,MER08995,2024-05-09 08:10:39,79789.95,Booking Cancelled,Pending
REF002932,TXN001786,CUST08958,MER00524,2024-02-13 23:09:51,288.68,Customer Request,Completed
,TXN002433,CUST06305,MER03483,2024-12-07 22:32:46,1848.79,Customer Request,Completed
REF002934,TXN000713,CUST03955,MER06611,2024-11-10 20:51:50,1185.54,Product Returned,Completed
REF002935,TXN008467,CUST01775,MER09624,,1927.84,Customer Request,Pending
REF002936,TXN009526,CUST05228,MER09009,2024-08-20 09:48:02,2496.77,Customer Request,Completed
REF002937,TXN005107,CUST03715,MER04043,2024-12-04 03:22:39,2046.4,Order Cancelled,Rejected
REF002938,TXN006618,CUST05538,MER07194,2024-11-04 01:41:55,10697.12,Customer Request,Completed
REF002939,TXN007429,CUST03030,MER07422,2024-04-18 19:07:20,46443.2,Product Returned,Completed
REF002940,TXN004834,CUST05430,MER03451,2024-06-14 07:13:57,22909.8,Duplicate Transaction,Rejected
REF002941,TXN008323,CUST02727,MER07087,2024-10-13 04:27:27,111.07,Duplicate Transaction,Completed
REF002942,TXN006777,CUST08901,MER08636,2024-06-11 23:35:26,4541.01,Order Cancelled,Completed
REF002943,TXN007185,CUST03091,MER02657,2024-08-01 09:39:16,1526.3,Duplicate Transaction,Completed
REF002944,TXN004609,CUST00649,MER04693,2024-04-12 06:08:14,1487.75,Order Cancelled,Pending
REF002945,TXN006980,CUST08367,MER08802,2024-04-13 05:42:34,47126.4,Duplicate Transaction,Completed
REF002946,TXN004583,CUST09211,MER04320,2024-10-14 09:56:15,58402.32,Product Returned,Completed
REF002947,,CUST03990,MER06507,2024-10-09 00:40:55,4946.84,Order Cancelled,Pending
REF002948,TXN009436,CUST05862,MER00592,,30891.34,Booking Cancelled,Completed
REF002949,TXN000177,CUST08528,MER08417,2024-12-17 14:34:28,84168.21,Order Cancelled,Completed
REF001731,TXN006733,CUST04387,MER05492,2024-04-16 22:46:17,119632.54,Duplicate Transaction,Completed
REF002951,TXN000585,CUST01831,MER00393,2024-09-16 02:34:49,28220.99,Product Returned,Rejected
REF002952,TXN003494,CUST07295,MER01679,2024-09-15 23:34:10,11791.95,Customer Request,Completed
REF002953,TXN008019,CUST06221,,2024-10-25 13:06:22,1068.42,Duplicate Transaction,Completed
REF002954,TXN006660,CUST05958,MER02829,2024-07-15 20:38:45,1539.03,Product Returned,Completed
REF002955,TXN002461,CUST08351,MER05638,2024-10-09 15:04:36,19347.05,Booking Cancelled,Completed
REF002956,TXN000200,CUST05863,MER06895,2024-11-19 14:22:11,17625.02,Duplicate Transaction,Completed
REF002957,TXN009847,CUST02116,MER01873,2024-08-26 15:43:28,38316.64,Duplicate Transaction,Completed
REF002958,TXN007196,,MER03097,2024-02-08 17:28:08,1476.14,Booking Cancelled,Completed
REF002959,TXN004346,CUST02723,MER05956,2024-03-20 15:03:34,665.54,Order Cancelled,Completed
REF002960,TXN002240,CUST02378,MER08039,2024-08-07 12:19:36,2784.94,Order Cancelled,Completed
REF002961,TXN002177,CUST03746,MER00769,2024-07-28 16:05:36,89378.22,,Pending
REF002962,TXN005301,CUST05931,MER08362,2024-10-15 08:58:09,915.2,Product Returned,Completed
REF002963,TXN009337,CUST08946,MER02873,2024-08-28 16:57:04,1249.62,Product Returned,Completed
REF002964,TXN003358,CUST06415,MER04295,2024-09-24 19:21:25,82807.13,Duplicate Transaction,Pending
REF002965,TXN007089,CUST00776,MER07650,2024-10-02 16:25:59,19852.11,Customer Request,Completed
REF002966,TXN008860,CUST02039,MER03715,2024-05-15 20:58:53,47405.95,Booking Cancelled,Completed
REF002967,TXN009501,CUST02867,MER05709,2024-02-18 05:37:42,3117.15,Product Returned,Completed
REF002968,TXN008182,CUST09391,MER09623,2024-05-14 15:07:25,93954.76,Duplicate Transaction,Rejected
REF002969,TXN009096,CUST01665,MER08714,2024-10-15 08:40:57,22502.32,Booking Cancelled,Completed
REF002970,,CUST07537,MER02661,,10419.61,Customer Request,Completed
REF002971,TXN000733,CUST09877,MER06376,2024-01-28 10:24:33,10000.08,Order Cancelled,Completed
REF002972,TXN000728,CUST04737,MER06867,2024-07-11 09:10:16,696.9,Booking Cancelled,Completed
REF002973,TXN003792,CUST07026,MER00763,2024-05-25 13:13:17,741.41,Duplicate Transaction,Completed
REF002974,TXN005805,CUST05463,MER07650,2024-02-13 16:24:02,66.2,Duplicate Transaction,Pending
REF002975,TXN004718,CUST07685,MER09783,2024-04-30 18:43:17,,Duplicate Transaction,Completed
REF002976,TXN003230,CUST00168,MER03415,2024-07-23 09:29:22,1558.28,Booking Cancelled,Completed
REF002977,TXN002717,CUST06652,UNKNOWN,21/04/2024,860.56,Duplicate Transaction,Completed
REF002978,TXN008263,CUST05294,MER05859,2024-09-16 10:17:06,156.41,Order Cancelled,Rejected
REF002979,TXN000651,CUST05124,MER05671,14/09/2024,250.89,Order Cancelled,Completed
REF002980,TXN001313,CUST05523,MER04404,2025-01-11 14:20:47,10349.25,Product Returned,Completed
REF002981,TXN006062,CUST08103,MER00142,2024-08-03 20:38:51,,Booking Cancelled,Completed
REF002982,TXN002119,CUST05660,MER02859,2024-01-25 05:53:50,755.0,Duplicate Transaction,Completed
REF002983,TXN005527,CUST02699,MER05450,2024-02-12 17:01:05,4046.78,Product Returned,Completed
REF002984,TXN006488,CUST06363,MER04949,2024-07-19 22:43:16,21051.31,Order Cancelled,Completed
REF002985,TXN007685,CUST04389,MER06105,2024-07-01 21:55:46,18972.57,Order Cancelled,Completed
REF002986,TXN006291,CUST02220,MER06964,2024-09-17 09:37:46,unknown,Customer Request,Completed
REF002987,TXN004708,CUST01189,MER04317,2024-02-21 16:36:38,4325.35,Customer Request,Completed
REF002988,TXN006152,CUST00170,MER04940,2024-12-04 12:40:07,53518.8,Product Returned,Completed
REF002989,TXN007639,CUST02169,MER08865,2024-07-13 20:07:16,69766.22,Order Cancelled,Pending
REF002990,TXN003012,CUST07066,MER01158,2024-05-18 23:12:01,41830.98,Product Returned,Pending
REF002991,TXN009306,CUST05429,MER04527,2024-04-22 13:16:37,6059.56,Order Cancelled,Completed
REF002992,TXN004392,CUST06146,MER08325,2024-04-04 00:48:30,2282.08,Customer Request,Completed
REF002993,TXN007514,CUST04401,MER09643,2024-08-09 04:39:40,3762.13,Booking Cancelled,Completed
REF002994,TXN003721,CUST01887,MER01959,2024-07-03 10:42:09,205.13,,Completed
,TXN002966,CUST01932,MER08381,2024-02-22 19:37:58,14897.56,Product Returned,Completed
REF002996,TXN009747,CUST07227,MER02128,2024-02-06 23:51:40,948.12,Duplicate Transaction,Completed
REF002997,TXN003346,CUST06996,MER03100,2024-05-01 00:09:58,18427.8,Duplicate Transaction,Pending
REF002998,TXN001656,CUST04180,MER02211,2024-12-07 02:26:10,58166.9,Product Returned,Rejected
REF002999,TXN008096,CUST07645,MER02554,2024-08-05 16:55:28,7056.54,Customer Request,Completed
REF003000,TXN000710,CUST02260,MER02950,2024-08-01 14:05:42,14885.74,Booking Cancelled,Pending
REF003001,TXN006813,CUST08346,MER01853,2024-05-22 14:30:02,7697.54,Order Cancelled,Rejected
REF003002,TXN007802,CUST05867,MER00966,2024-05-10 16:19:15,290.65,Customer Request,Completed
REF003003,TXN009022,CUST00309,MER00677,2024-06-24 09:57:29,14801.02,Product Returned,Completed
REF003004,TXN003571,CUST09777,MER09623,2024-12-13 19:21:44,186.3,Order Cancelled,Completed
REF003005,TXN000863,CUST01274,MER00414,2024-02-03 14:33:56,104072.66,Order Cancelled,Completed
REF003006,TXN004286,CUST05360,MER08787,2024-05-12 18:21:02,480.52,Duplicate Transaction,Completed
REF003007,TXN009612,CUST01801,MER03612,2024-12-05 04:40:25,821.61,Product Returned,Completed
REF003008,TXN004708,CUST01189,MER04317,2024-02-12 16:36:38,4325.35,Customer Request,Pending
REF003009,TXN009741,CUST02812,MER01478,2024-06-11 12:05:51,47016.44,Duplicate Transaction,Completed
REF003010,TXN002000,CUST02765,MER09135,2024-11-05 05:10:24,161.52,Duplicate Transaction,Pending
REF003011,TXN002273,CUST09687,MER02534,,2943.52,Customer Request,Completed
REF003012,,CUST09418,MER07130,2024-02-01 02:40:31,395.69,Order Cancelled,Completed
REF003013,TXN000286,CUST06319,MER05680,2025-01-17 12:23:11,1158.53,Duplicate Transaction,Completed
REF003014,TXN007693,CUST07492,MER06494,2024-09-03 13:27:05,273.54,Booking Cancelled,Completed
REF003015,TXN008603,CUST04550,MER08257,2024-10-03 00:30:25,83825.28,Customer Request,Pending
REF003016,TXN001561,CUST06267,MER00900,2024-01-11 09:26:06,924.6,Product Returned,Rejected
REF003017,TXN004456,CUST04352,MER03673,2024-09-06 22:43:47,37081.28,Order Cancelled,Completed
REF003018,TXN003653,CUST09799,MER03501,2024-09-27 15:34:44,78622.73,Order Cancelled,Completed
REF003019,TXN004323,CUST08298,MER00487,2024-10-13 00:36:20,12396.98,Customer Request,Completed
REF003020,TXN007880,CUST02126,MER00785,2024-04-06 04:00:46,9516.52,Booking Cancelled,Completed
REF003021,TXN009020,CUST01407,MER01447,2024-07-05 03:13:55,7232.14,Duplicate Transaction,Completed
REF003022,TXN006270,CUST01645,MER05642,2024-08-02 23:24:45,1921.93,Order Cancelled,Completed
REF003023,TXN009979,CUST04125,MER03343,2024-02-05 09:59:44,15734.02,Order Cancelled,Pending
REF003024,,CUST08553,MER08816,2024-06-01 17:21:21,1964.25,Product Returned,Pending
REF003025,TXN002165,CUST05482,,2024-11-12 03:05:12,22551.23,Order Cancelled,Completed
REF003026,TXN001338,CUST06757,MER06282,2024-09-26 16:03:14,20031.65,Order Cancelled,Pending
REF003027,TXN008768,CUST08001,MER00100,2024-04-08 22:39:12,97.47,Booking Cancelled,Completed
REF003028,TXN008657,CUST04555,MER07023,2024-11-08 22:23:58,7561.99,Customer Request,Completed
REF003029,TXN001184,CUST01246,MER09419,2024-04-09 13:23:17,18477.28,Booking Cancelled,Pending
REF003030,TXN009202,CUST05645,MER02084,2024-10-31 04:35:17,1341.53,Customer Request,Completed
REF003031,TXN001229,CUST03703,MER02887,2024-04-28 03:59:46,,Duplicate Transaction,Rejected
REF003032,TXN002131,CUST07541,MER08069,2024-12-15 20:33:43,15909.94,Duplicate Transaction,Rejected
REF003033,TXN006243,CUST06446,MER04480,2024-08-05 17:18:05,17323.15,Order Cancelled,Completed
REF003034,TXN005927,CUST06250,MER00595,2024-04-16 10:05:34,974.06,Product Returned,
REF003035,TXN009049,CUST09471,UNKNOWN,2024-12-05 08:01:29,736.28,Order Cancelled,Pending
REF003036,TXN005536,CUST06838,MER08352,2024-10-31 09:41:21,16736.19,Duplicate Transaction,Completed
REF003037,TXN002761,CUST04437,MER04464,2024-09-08 15:29:27,78897.59,Booking Cancelled,Completed
REF003038,TXN005041,CUST03829,MER02541,2024-08-12 10:58:54,23329.21,Booking Cancelled,Completed
REF003039,TXN002660,CUST06527,MER02872,2024-12-28 06:38:54,unknown,Order Cancelled,Completed
REF003040,TXN002867,CUST09966,MER07050,2024-10-22 17:51:21,374.43,Booking Cancelled,Completed
REF003041,TXN005044,CUST09840,MER07267,2024-12-29 12:22:06,8991.96,Booking Cancelled,Completed
REF003042,TXN008561,CUST00748,MER05127,2024-03-24 09:44:34,16541.22,Booking Cancelled,Completed
REF003043,TXN008074,CUST06647,MER06925,2024-08-01 05:19:03,1369.8,Order Cancelled,Pending
REF003044,TXN008367,CUST02759,MER00754,2024-08-02 12:18:43,37623.07,Customer Request,Completed
REF003045,TXN009844,CUST03101,MER03708,2024-12-07 16:10:00,1369.45,Duplicate Transaction,
REF003046,TXN004803,CUST06390,MER06125,2024-05-20 18:25:47,42966.13,Product Returned,Completed
REF003047,TXN000095,CUST01991,MER09708,2024-05-29 13:35:22,unknown,Booking Cancelled,Completed
REF003048,TXN005408,CUST07398,MER09406,2025-01-01 19:58:54,336.57,Customer Request,Completed
REF003049,TXN002539,CUST04261,MER06853,2024-04-07 22:23:22,661.0,Duplicate Transaction,Completed
REF003050,TXN003122,CUST04405,MER07352,2024-11-17 07:53:29,1793.75,Product Returned,Rejected
REF003051,TXN009292,CUST07760,MER03179,2024-01-27 11:29:50,985.09,Order Cancelled,Completed
REF003052,TXN005311,CUST08292,MER07482,2024-02-19 14:09:37,59747.29,Customer Request,Completed
REF003053,TXN008108,CUST06359,MER03196,2024-07-02 07:37:57,4000.81,Duplicate Transaction,Pending
REF003054,TXN001610,CUST00343,MER08999,,988.04,Booking Cancelled,Completed
REF003055,TXN007924,CUST06586,MER05772,2024-10-05 04:11:10,2234.6,Product Returned,Completed
REF003056,,CUST08845,MER03094,2024-11-07 08:59:20,436.99,Order Cancelled,Rejected
REF003057,TXN000983,CUST07271,MER04606,2024-11-17 10:28:39,2235.72,Customer Request,Completed
REF003058,TXN001646,CUST05682,MER06518,2024-10-23 17:21:43,97356.01,Duplicate Transaction,Completed
REF003059,TXN003539,CUST06429,MER00856,04/01/2025,1114.62,Duplicate Transaction,Completed
REF003060,TXN001421,CUST07646,MER03353,2024-03-19 18:53:49,3371.18,Booking Cancelled,Completed
REF009317,TXN008287,CUST00113,MER09230,2024-08-03 18:38:32,223.73,Duplicate Transaction,Pending
REF003062,TXN004298,CUST05999,MER04967,2024-07-25 10:32:14,62711.87,Booking Cancelled,Completed
REF003063,TXN002746,CUST00774,MER06853,2024-12-26 17:25:32,152.2,Product Returned,Completed
REF003064,TXN001097,CUST06487,MER09032,2024-10-10 23:30:28,1716.38,Booking Cancelled,Completed
,TXN002846,CUST05211,MER09268,2024-10-01 13:38:59,10207.14,Order Cancelled,Completed
REF003066,TXN005855,CUST07834,MER08773,20/03/2024,14037.01,Product Returned,Pending
REF003067,TXN007076,,MER08435,2024-08-01 10:51:46,4955.49,Customer Request,Pending
REF003068,TXN008733,CUST03064,MER01442,2024-12-13 12:24:09,3306.83,Booking Cancelled,Rejected
REF003069,TXN006898,CUST05633,MER03906,2024-10-13 21:36:18,135.62,Order Cancelled,Completed
REF003070,TXN009994,CUST05998,MER09921,2024-03-04 20:29:31,1213.8,Duplicate Transaction,Completed
REF003071,TXN007305,CUST02012,MER08688,2024-04-19 00:50:26,21017.84,Booking Cancelled,Completed
REF003072,TXN003940,CUST02604,MER01797,2024-03-02 04:52:08,1878.63,Order Cancelled,Completed
REF003073,TXN004391,CUST05555,MER09115,2024-10-24 23:35:58,3107.06,Duplicate Transaction,Pending
REF003074,TXN005304,CUST03223,MER07031,2024-07-06 04:23:25,2020.61,Booking Cancelled,Completed
REF003075,TXN007339,CUST05344,MER03303,2024-08-02 15:31:53,19217.04,Product Returned,Completed
REF003076,,CUST08672,MER07703,2024-05-08 22:28:01,18560.07,Customer Request,Completed
REF003077,TXN009432,CUST00332,MER06434,2024-03-03 02:24:33,1868.69,Order Cancelled,Completed
REF003078,TXN008434,CUST02665,MER08159,2024-11-16 10:37:30,1211.33,Product Returned,Completed
REF003079,TXN000313,CUST02746,MER04010,2024-09-20 03:29:37,2772.75,Order Cancelled,Completed
REF003080,TXN002335,CUST00819,MER03321,2025-01-05 23:09:51,1739.52,Customer Request,Pending
REF003081,TXN007159,CUST01876,MER06800,2024-01-16 23:56:42,77362.8,Duplicate Transaction,Completed
REF003082,TXN001920,CUST03532,MER05594,2024-12-06 17:54:33,8260.78,Product Returned,Completed
REF003083,TXN009423,CUST03337,MER06113,2024-11-07 20:44:36,347.98,Booking Cancelled,Completed
REF003084,TXN008100,CUST00267,MER03671,2024-11-18 03:58:20,692.55,Customer Request,Completed
REF003085,TXN009301,CUST07404,MER05021,2024-11-13 20:01:20,1735.1,Duplicate Transaction,Completed
REF003086,TXN005993,CUST07480,MER03221,2024-07-10 04:03:52,40982.7,Duplicate Transaction,Pending
REF003087,TXN005730,CUST07830,MER03376,2024-02-23 11:19:40,16738.97,Customer Request,Pending
REF003088,TXN003972,CUST07322,MER06670,2025-01-08 06:12:56,3396.04,Booking Cancelled,Completed
REF003089,TXN001971,CUST05514,MER00957,2024-10-04 11:30:57,476.02,Customer Request,Completed
REF003090,TXN006596,CUST02981,MER06473,2024-04-09 20:55:24,1232.1,Order Cancelled,Pending
REF003091,TXN003376,CUST06529,MER07993,2024-03-24 05:14:32,703.58,Order Cancelled,Completed
REF003092,TXN004252,CUST01632,MER05274,2024-09-21 18:39:41,16128.38,Product Returned,Completed
REF003093,TXN004271,CUST05957,MER07973,2024-09-12 13:22:42,59723.75,Duplicate Transaction,Completed
REF003094,TXN000720,CUST00401,MER03823,2024-09-06 04:55:20,21486.62,Product Returned,Completed
REF003095,TXN009576,CUST07922,MER01365,2024-08-23 11:01:59,6618.87,Order Cancelled,Completed
REF003096,TXN006724,CUST01418,MER06115,2024-04-11 10:08:00,3479.24,Customer Request,Pending
REF003097,TXN001063,CUST05635,MER00090,2024-01-15 23:56:48,451.45,Product Returned,Completed
REF003098,TXN001539,CUST08750,MER00117,2024-07-09 05:45:00,37724.3,Order Cancelled,Completed
REF003099,TXN008613,,MER06428,2024-09-08 23:56:27,2337.56,Order Cancelled,Completed
REF003100,TXN009550,CUST07901,MER09170,2024-09-23 00:58:31,14807.87,Duplicate Transaction,Completed
REF003101,TXN006221,CUST01128,MER02566,2024-11-20 17:19:23,65040.99,Product Returned,Completed
REF003102,TXN008755,CUST02138,MER08755,2024-12-22 19:21:15,16013.11,Duplicate Transaction,Pending
REF003103,TXN000193,CUST08344,MER08706,2024-11-17 13:01:33,1080.95,Order Cancelled,Completed
REF003104,TXN002414,CUST00931,MER04853,2024-09-29 00:11:50,107084.18,Order Cancelled,Completed
REF003105,TXN005775,CUST03391,MER09854,2024-05-05 06:11:19,451.63,Product Returned,Completed
REF003106,TXN003625,CUST07720,MER02237,2024-10-07 23:38:26,1634.78,Duplicate Transaction,Completed
REF003107,TXN009328,CUST07744,MER09159,2024-02-22 01:11:23,19932.26,Product Returned,Completed
REF003108,TXN004299,CUST09502,MER04716,2024-05-04 02:00:08,486.22,Product Returned,Completed
REF003109,TXN001525,CUST07003,MER08436,2024-03-06 05:51:54,512.64,Customer Request,Completed
REF003110,TXN005387,CUST02291,MER03289,2024-06-24 14:14:56,3586.16,Customer Request,Rejected
REF003111,TXN002859,CUST04283,MER09167,2024-11-12 05:42:51,598.43,Booking Cancelled,Completed
REF003112,TXN003016,,MER02617,2024-07-13 09:57:25,86.47,Duplicate Transaction,Completed
REF003113,TXN001658,CUST00951,MER05502,2024-04-23 22:57:04,unknown,Duplicate Transaction,Pending
REF003114,TXN006503,CUST08887,MER02597,2024-06-11 01:41:17,21087.1,Order Cancelled,Completed
REF003115,TXN008207,CUST02698,MER01980,2025-01-14 12:53:03,391.0,Duplicate Transaction,Pending
REF003116,TXN005089,CUST01198,MER06122,2024-06-02 03:25:34,189.73,Duplicate Transaction,Completed
REF003117,TXN003616,CUST08843,MER09190,2024-09-27 23:50:42,17187.36,Customer Request,Completed
REF003118,TXN002107,CUST08225,MER04325,2024-11-27 11:51:25,440.5,Duplicate Transaction,
REF003119,TXN009875,CUST04549,MER02230,2024-07-25 12:24:20,15765.26,Customer Request,Completed
REF003120,TXN006749,CUST02406,,2024-08-16 16:01:17,83.38,Duplicate Transaction,Completed
REF003121,TXN009506,CUST07103,MER00095,18/11/2024,230.71,Duplicate Transaction,Completed
REF003122,TXN007643,CUST02855,MER07432,2024-07-08 12:40:35,89.16,Customer Request,Completed
REF003123,TXN008395,CUST03514,MER00506,25/07/2024,1487.66,Order Cancelled,Completed
REF003124,TXN004774,CUST03293,MER00311,2024-07-19 16:07:06,20566.09,Product Returned,Completed
REF003125,TXN003232,CUST04449,MER02272,2024-01-12 10:40:30,30043.92,Order Cancelled,Pending
REF003126,TXN002109,CUST06214,MER09470,2024-06-26 15:22:39,1371.62,Order Cancelled,Completed
REF003127,TXN006085,CUST03751,MER06718,2024-02-24 12:38:36,14193.55,Booking Cancelled,Completed
REF003128,TXN008770,CUST00269,MER02544,2024-03-17 01:58:16,8783.52,Customer Request,Completed
REF003129,TXN002026,CUST06063,MER00470,2024-08-05 05:28:35,15437.79,Booking Cancelled,Completed
REF003130,,CUST05143,MER08129,2024-06-14 22:35:54,37114.94,Booking Cancelled,Completed
REF003131,TXN006393,CUST05695,MER01628,2024-09-17 01:13:52,20625.38,Duplicate Transaction,Completed
REF003132,TXN001151,CUST02563,MER08461,2025-01-04 04:12:05,1117.45,Order Cancelled,Pending
REF003133,TXN006950,CUST00907,MER06589,2024-11-24 17:36:26,4169.09,Duplicate Transaction,Completed
REF003134,TXN000539,CUST09566,MER01169,2024-03-08 12:43:47,47930.22,Booking Cancelled,Pending
REF003135,TXN004653,CUST08195,MER01376,2024-11-20 18:51:04,1134.62,Booking Cancelled,Pending
REF003136,TXN004422,CUST06221,MER08275,2024-10-20 11:39:14,45789.06,Product Returned,Completed
REF003137,TXN001447,CUST00713,MER04426,2024-05-27 14:27:00,192.46,Booking Cancelled,Completed
REF003138,TXN002067,CUST05197,MER04074,2024-12-05 12:31:50,1145.18,Customer Request,Completed
REF003139,TXN009846,CUST04767,MER07793,2025-01-19 02:16:27,30748.41,Order Cancelled,Completed
REF003140,TXN001157,CUST07324,MER01492,2024-08-18 05:36:22,14216.76,Order Cancelled,Completed
REF003141,TXN005600,CUST05430,MER04641,2024-11-09 09:42:03,2149.3,Customer Request,Completed
REF003142,TXN007608,CUST03482,MER09681,2024-04-09 11:51:20,18620.7,Order Cancelled,Completed
REF003143,TXN004059,CUST03430,MER06924,2024-02-13 23:41:42,197.32,Duplicate Transaction,Completed
REF003144,TXN000509,CUST06141,MER07880,2024-12-02 02:19:03,107.5,Product Returned,Completed
REF003145,TXN001468,CUST04056,MER03366,2024-07-15 15:18:14,1933.3,Booking Cancelled,Completed
REF003146,TXN003328,CUST08129,MER07105,2024-11-12 02:37:07,61109.22,Product Returned,Completed
REF003147,TXN003639,CUST01831,MER02681,2024-07-26 18:06:51,340.36,Order Cancelled,Rejected
REF003148,TXN006830,CUST07629,MER03554,2024-10-27 21:03:45,878.54,Product Returned,Completed
REF003149,TXN007695,CUST06880,MER00018,2024-10-15 06:50:36,19729.19,Duplicate Transaction,Completed
REF003150,TXN000812,CUST01376,MER06152,2025-01-04 11:08:03,4532.51,Booking Cancelled,Pending
REF003151,TXN003498,CUST03897,MER04532,2024-04-03 21:27:09,65272.77,Product Returned,Pending
REF003152,TXN009465,CUST09682,MER09835,2024-01-19 04:46:51,40576.6,Booking Cancelled,Completed
REF003153,TXN008758,CUST08217,MER02338,2024-05-10 06:33:14,10239.87,Product Returned,Completed
REF003154,TXN007866,CUST06775,MER07600,2025-01-08 18:11:48,38200.05,Order Cancelled,Completed
REF003155,TXN003341,CUST01371,MER04908,2024-09-06 16:54:06,23297.1,Booking Cancelled,Completed
REF003156,TXN009091,CUST09460,MER02471,2024-11-22 04:32:31,1572.23,Booking Cancelled,Completed
REF003157,TXN007124,CUST08370,MER08571,2024-11-29 14:06:02,19689.2,Product Returned,Completed
REF003158,TXN006354,CUST01489,MER00978,2024-02-06 18:32:54,30817.43,Product Returned,Completed
REF003159,TXN005065,CUST03112,MER05124,2024-04-01 12:02:16,37620.86,Duplicate Transaction,Pending
REF003160,TXN001015,CUST06926,MER01452,2024-09-26 18:43:01,11625.01,Order Cancelled,Pending
REF003161,TXN007971,CUST04678,MER07559,2024-01-31 04:39:55,19.72,Customer Request,Completed
REF003162,TXN007990,CUST07198,MER07813,2024-04-18 13:56:14,5890.64,Duplicate Transaction,Pending
REF003163,TXN000261,CUST05433,MER08263,2024-10-25 04:57:23,17885.4,Product Returned,Pending
REF003164,TXN000750,CUST03032,MER08509,2024-10-11 12:14:24,116.8,Duplicate Transaction,Completed
REF003165,TXN005463,CUST02658,MER00654,2024-02-04 16:57:14,23666.08,Product Returned,Pending
REF003166,TXN009784,CUST05964,MER02167,2024-05-15 07:47:17,29780.51,Booking Cancelled,Completed
REF003167,TXN006018,CUST02191,MER06677,2024-03-30 07:02:41,6397.13,Customer Request,Completed
REF003168,TXN007336,CUST09412,MER07554,2024-12-04 23:48:02,688.57,Customer Request,Completed
REF003169,TXN007536,CUST00175,MER00636,2024-03-31 15:02:44,98.06,Customer Request,Completed
REF003170,TXN004691,CUST06079,MER00421,2024-05-30 14:57:05,62.74,Order Cancelled,Completed
REF003171,TXN007469,CUST07457,MER00145,2024-08-07 16:55:53,12804.65,Product Returned,Completed
REF003172,TXN003287,CUST04206,MER00680,2024-11-17 19:31:19,1885.76,Booking Cancelled,Rejected
REF003173,TXN005315,CUST09012,UNKNOWN,2024-08-02 16:39:42,805.89,Duplicate Transaction,Completed
REF003174,TXN006501,CUST06247,MER09647,2024-08-27 16:59:28,6891.83,Booking Cancelled,Completed
REF003175,TXN003871,CUST01795,MER09635,2024-03-11 13:33:29,244.48,Product Returned,Completed
REF003176,TXN006841,CUST08996,MER00558,2024-08-02 07:38:11,652.23,Order Cancelled,Pending
REF003177,TXN001413,CUST05599,MER03543,2024-05-06 01:03:42,368.38,Duplicate Transaction,Completed
REF003178,TXN007466,CUST03464,MER06214,2024-06-13 20:22:08,26581.38,Booking Cancelled,Completed
REF003179,TXN003184,CUST03604,MER07912,2024-10-24 09:48:25,7940.82,Order Cancelled,Completed
REF003180,TXN008359,CUST07150,MER00989,2024-10-04 16:31:58,7824.52,Duplicate Transaction,Completed
REF003181,TXN003495,CUST08909,MER06628,2024-01-17 23:00:23,7175.73,Customer Request,Completed
REF003182,TXN006930,CUST01089,MER05283,,367.75,Product Returned,Rejected
REF003183,TXN000446,CUST09385,MER09357,2024-04-20 22:45:04,13.92,,Pending
REF003184,TXN003468,CUST04571,MER08437,2024-05-29 23:00:57,83008.42,Product Returned,Pending
REF003185,TXN000183,CUST04851,MER02179,2024-08-22 20:25:52,121.88,Order Cancelled,Completed
REF003186,TXN002945,CUST07571,MER00146,2024-06-28 22:34:42,72448.56,Booking Cancelled,Rejected
REF003187,TXN003190,CUST09100,MER09383,2024-11-23 19:25:57,4242.35,Product Returned,Pending
REF003188,TXN001836,CUST07421,MER02831,2024-02-06 12:10:38,9647.42,Duplicate Transaction,Pending
REF003189,TXN008975,CUST02983,MER02154,2024-01-23 06:39:49,67423.08,Customer Request,Completed
REF003190,TXN004024,CUST06300,MER07628,2024-04-17 21:48:17,1882.25,Booking Cancelled,Completed
REF003191,TXN003235,CUST09008,MER05443,2024-12-28 08:05:11,1688.78,Booking Cancelled,Completed
REF003192,TXN009753,CUST06109,MER02758,2024-03-21 15:04:59,11519.06,Order Cancelled,Completed
REF003193,TXN001664,CUST00079,MER06497,2024-08-13 21:51:13,93837.27,Product Returned,Completed
REF003194,TXN004526,CUST06463,MER07830,20/09/2024,12113.16,Product Returned,Completed
REF003195,TXN002170,CUST02045,MER05966,2025-01-03 15:14:45,3592.02,Order Cancelled,Completed
REF003196,TXN009088,CUST05613,MER02508,2024-02-07 06:17:26,11049.54,Product Returned,Pending
REF003197,TXN000073,CUST07118,MER05693,2024-11-02 09:20:21,29857.88,Order Cancelled,Completed
REF003198,TXN000768,CUST09119,MER05641,2024-05-10 16:49:35,12021.84,Customer Request,Rejected
REF003199,TXN007942,CUST01486,MER08922,08/06/2024,47024.9,Duplicate Transaction,Completed
REF003200,TXN002353,CUST05946,MER05150,,35960.81,Customer Request,Pending
REF003201,TXN001910,CUST07940,MER01036,2024-03-22 05:21:00,21607.24,Customer Request,Pending
REF003202,TXN001947,CUST05214,MER09844,2024-09-06 18:30:43,5669.63,Duplicate Transaction,Completed
REF003203,TXN000486,CUST06424,MER05751,2024-08-17 17:31:22,3520.92,Duplicate Transaction,Completed
REF003204,TXN009417,CUST04078,MER08640,10/04/2024,1052.69,Order Cancelled,Completed
REF003205,TXN006696,CUST04549,MER01987,2024-05-29 12:33:58,2996.19,Customer Request,Completed
REF003206,TXN006140,CUST07975,MER02741,2024-02-25 08:55:39,13388.74,Customer Request,Completed
REF003207,TXN008484,CUST08969,MER00131,2024-07-11 20:58:16,5914.65,Customer Request,Pending
REF003208,TXN004896,CUST04230,MER06296,2024-12-13 07:11:48,14993.12,Customer Request,Pending
REF003209,TXN009342,CUST07941,MER04595,2024-06-25 12:45:28,659.32,Customer Request,Rejected
REF003210,TXN006783,CUST05515,MER09710,2024-12-22 06:37:36,811.81,Product Returned,Rejected
REF003211,TXN005893,CUST09928,MER01817,2024-09-01 20:28:03,12101.95,Order Cancelled,Completed
REF003212,TXN008808,CUST06163,MER01497,2024-05-14 05:17:50,8174.24,Order Cancelled,Pending
REF003213,TXN008203,CUST05761,MER09128,2024-10-31 04:41:58,641.68,Customer Request,Pending
REF001103,TXN006716,CUST01692,MER02239,2024-07-27 03:12:11,206.68,Booking Cancelled,Completed
REF003215,TXN003270,CUST08778,MER06189,2024-10-21 04:42:19,7710.73,Customer Request,Completed
REF003216,TXN001508,CUST07565,MER02922,2024-12-14 11:15:58,244.22,Product Returned,Pending
REF003217,TXN007017,CUST05814,MER03739,2024-09-08 16:10:56,255.02,Booking Cancelled,Completed
REF003218,TXN002948,CUST08449,MER07613,2024-02-28 10:48:55,9414.7,Booking Cancelled,Completed
REF003219,TXN004086,CUST00936,MER02310,2024-03-31 09:39:29,15904.04,Order Cancelled,Rejected
REF003220,TXN005236,CUST09557,MER00508,2024-05-29 11:44:54,14519.46,Booking Cancelled,Completed
REF003221,TXN009437,CUST02654,MER01239,,24646.84,Order Cancelled,
REF003222,TXN007736,CUST05425,MER03828,2024-07-29 11:25:31,1006.91,Customer Request,Pending
REF003223,TXN006677,CUST09577,MER08283,2024-07-11 17:42:31,302.17,Order Cancelled,Pending
REF003224,TXN005029,CUST01625,MER09898,2024-12-15 20:17:43,32542.02,Duplicate Transaction,Pending
REF003225,TXN007062,,MER07092,06/11/2024,3817.76,Product Returned,Completed
REF003226,TXN004356,CUST05229,MER00704,2024-09-04 14:49:13,11918.66,Duplicate Transaction,Completed
REF003227,TXN009988,CUST03861,MER07586,2024-10-13 18:14:20,579.33,Booking Cancelled,Completed
REF003228,TXN004600,CUST09617,MER06827,2024-04-30 16:32:17,924.86,Order Cancelled,Pending
REF003229,TXN009648,CUST07517,MER00036,2024-10-08 02:11:11,210.55,Product Returned,Completed
REF003230,TXN007843,CUST01605,MER00040,2025-01-04 00:27:23,109859.08,Product Returned,Completed
REF003231,TXN004701,CUST00397,,2024-08-24 18:07:42,31624.64,Order Cancelled,Completed
REF003232,TXN003551,,MER08058,2024-09-25 21:13:56,320.41,,Completed
REF003233,TXN004252,CUST01632,MER05274,2024-09-22 18:39:41,16128.38,Order Cancelled,Rejected
REF003234,TXN000372,CUST04399,MER08904,2024-07-30 11:48:35,1840.66,Booking Cancelled,Completed
REF003235,TXN004671,CUST06457,MER00758,2024-03-09 08:29:46,2326.81,Booking Cancelled,Completed
REF003236,TXN003114,CUST00833,MER08828,2024-01-26 05:50:02,63679.24,Product Returned,Completed
REF003237,TXN002119,CUST05660,MER02859,2024-01-28 05:53:50,755.0,Duplicate Transaction,Pending
REF003238,TXN007520,CUST08897,MER01090,2024-08-26 19:48:37,39389.74,Duplicate Transaction,Completed
REF003239,TXN000181,CUST02409,MER05194,2024-11-20 14:11:12,5539.83,Product Returned,Rejected
REF003240,TXN001024,CUST05861,MER08621,2024-02-29 17:04:48,21880.58,Customer Request,Pending
REF003241,TXN003555,CUST03674,MER01911,2024-03-17 09:27:33,5039.65,Customer Request,Completed
REF003242,TXN006398,CUST06510,MER06559,2024-02-29 20:31:05,15253.84,Order Cancelled,Completed
REF003243,TXN005252,CUST07170,MER06618,2024-11-14 16:58:07,186.7,Booking Cancelled,Rejected
REF003244,TXN006706,CUST07709,MER07532,2024-09-27 00:48:06,595.35,Booking Cancelled,Completed
REF003245,TXN009140,CUST02053,MER07922,2024-04-09 08:04:26,1901.86,Product Returned,Completed
REF003246,TXN003417,CUST00374,MER08435,2024-02-07 22:25:38,3965.77,Order Cancelled,Pending
REF003247,TXN007419,CUST08431,MER06655,2024-04-21 11:37:05,198.24,Customer Request,Completed
REF003248,TXN008760,CUST03793,MER04310,2024-10-28 13:57:27,2302.86,Booking Cancelled,Completed
REF003249,TXN000101,CUST07782,MER09969,2024-02-10 11:36:28,47170.14,Product Returned,Pending
REF003250,TXN007340,CUST08359,MER07854,2024-01-31 19:56:51,37094.11,Duplicate Transaction,Completed
REF003251,TXN002090,CUST00334,MER01754,2024-02-04 00:07:42,57532.01,Booking Cancelled,Rejected
REF003252,TXN000897,CUST07015,MER00205,2024-06-09 18:10:25,,Duplicate Transaction,Completed
REF003253,TXN009456,CUST01663,MER08241,2024-09-17 21:53:52,19208.26,Product Returned,Pending
REF003254,TXN000371,CUST04395,MER04910,2024-06-30 22:01:37,582.77,Customer Request,Pending
REF003255,TXN004245,CUST00214,MER00986,2024-11-20 12:47:14,1613.44,Product Returned,Pending
REF003256,TXN006211,CUST08754,MER03920,2024-04-16 10:43:11,442.02,Booking Cancelled,Pending
REF003257,TXN009162,CUST04691,MER08876,2024-08-07 14:30:24,97070.36,Customer Request,Rejected
REF003258,TXN009148,,MER02189,2024-10-03 00:41:19,1215.62,Product Returned,Completed
REF003259,TXN005112,CUST05273,MER01164,2024-02-18 14:22:49,8235.63,Product Returned,Pending
REF003260,TXN004723,CUST09211,MER03875,2024-03-27 09:37:58,1411.13,Customer Request,Completed
REF003261,TXN003891,CUST00878,MER03400,2024-06-30 01:13:05,3847.07,Order Cancelled,Completed
REF003262,TXN009759,CUST09070,MER06504,2024-05-07 19:02:40,8882.79,Duplicate Transaction,Completed
,TXN000901,CUST07284,MER01893,2024-10-19 10:02:14,1466.79,Product Returned,Completed
REF003264,TXN000149,CUST05901,MER08517,2024-06-17 22:53:14,24231.89,Customer Request,Completed
REF003265,TXN000290,CUST00768,MER06771,2024-12-20 19:56:50,17670.4,Booking Cancelled,Completed
REF003266,,CUST08300,MER02926,2024-11-29 01:39:15,45242.65,Product Returned,Completed
REF003267,TXN007593,CUST08247,MER04903,2024-07-12 13:32:18,4079.54,Product Returned,Completed
REF003268,TXN004919,CUST08616,,2024-11-13 12:47:21,784.94,Duplicate Transaction,Completed
REF003269,TXN003878,CUST06411,MER05403,2024-03-15 12:16:49,1497.14,Booking Cancelled,Pending
REF003270,TXN002359,CUST06599,MER00538,2024-12-24 19:07:34,90157.56,Duplicate Transaction,Completed
REF003271,TXN001638,CUST00733,MER09369,2024-07-31 07:31:06,40861.49,Order Cancelled,Completed
REF003272,TXN007237,CUST04552,MER00946,2024-10-14 10:11:33,71708.45,Duplicate Transaction,Completed
REF003273,TXN002607,,MER08546,2024-07-02 20:56:21,135.29,Duplicate Transaction,Completed
REF003274,TXN002707,CUST09974,MER04929,2024-12-22 01:48:13,17678.11,Duplicate Transaction,Completed
REF003275,TXN008501,CUST08864,MER02639,2024-12-01 10:44:18,,Duplicate Transaction,Completed
REF003276,TXN007774,CUST03901,MER04670,2024-05-25 23:26:26,65052.5,Booking Cancelled,Completed
REF003277,TXN004634,CUST00593,MER07524,2024-10-30 13:02:47,17631.46,Duplicate Transaction,Completed
REF003278,TXN007024,CUST03236,MER03907,2024-11-16 04:33:07,11101.19,Customer Request,Completed
REF003279,TXN005060,CUST05606,MER04352,2024-09-24 22:38:24,33294.68,Customer Request,Completed
REF003280,TXN007633,CUST03258,MER00497,2024-08-02 22:09:09,11112.77,Customer Request,Rejected
REF003281,,CUST01126,MER09661,2024-08-28 16:37:34,12045.63,Product Returned,Completed
REF003282,TXN002572,CUST07016,MER04146,2024-03-15 13:29:38,22498.68,Product Returned,Pending
REF003283,TXN003155,CUST01655,MER01358,2024-05-11 06:11:08,28014.6,Customer Request,Pending
REF003284,TXN000943,CUST02462,MER09367,2024-02-04 19:18:09,25997.77,Product Returned,Completed
REF003285,TXN006978,CUST09845,MER05745,2024-07-21 08:39:14,2076.74,Order Cancelled,Pending
REF003286,TXN008378,CUST07950,MER06280,2024-02-13 06:04:41,1741.78,Duplicate Transaction,Rejected
REF003287,TXN003796,CUST05138,MER04656,2024-08-08 14:58:42,19203.27,Product Returned,Completed
REF003288,TXN003918,CUST07129,MER00481,2024-04-06 07:02:35,1819.95,Customer Request,Completed
,TXN000316,CUST09777,MER03925,2024-07-23 20:59:03,98262.66,Booking Cancelled,Completed
REF003290,TXN001137,CUST02048,MER05886,2024-04-14 12:06:12,1636.31,Booking Cancelled,Rejected
REF003291,TXN002014,CUST02491,MER04996,2024-09-22 14:02:06,36883.69,Order Cancelled,Pending
REF003292,TXN009394,CUST05988,MER05424,2024-07-08 09:16:56,24596.01,Order Cancelled,Completed
REF003293,TXN005143,CUST00941,MER02987,2025-01-05 19:52:24,364.0,Duplicate Transaction,Pending
REF003294,TXN003510,CUST07394,MER02881,2024-12-15 14:32:20,98443.66,Customer Request,Completed
REF003295,TXN007289,CUST05568,MER08404,2024-09-12 13:15:01,21686.78,Duplicate Transaction,Completed
REF003296,TXN006325,CUST06259,MER04331,2024-08-08 14:21:22,7422.76,Order Cancelled,Completed
REF003297,TXN004662,CUST09290,MER03865,2024-02-14 09:08:22,24649.41,Booking Cancelled,Completed
REF003298,TXN003697,CUST04214,MER08175,2024-02-14 23:27:13,343.58,Order Cancelled,Rejected
REF003299,TXN002424,CUST06143,MER00029,2024-07-09 11:23:57,5349.39,Booking Cancelled,Pending
REF003300,TXN006361,CUST03352,MER05216,2025-01-04 21:42:52,993.22,Booking Cancelled,Completed
REF003301,TXN004008,CUST00631,MER03151,2024-03-02 06:34:42,8729.62,Booking Cancelled,Pending
REF003302,TXN007689,CUST00119,MER08141,2024-11-19 00:11:36,unknown,Order Cancelled,Completed
REF003303,TXN007973,CUST05307,MER01793,2024-10-26 15:55:09,12161.43,Duplicate Transaction,Completed
REF003304,,CUST08479,MER06501,2025-01-11 03:43:43,7507.86,Customer Request,Completed
,TXN003056,CUST06203,MER01590,2024-08-03 03:54:37,295.56,Order Cancelled,Completed
REF003306,TXN001994,CUST06027,MER05216,2024-08-09 20:08:09,88265.4,Order Cancelled,Completed
REF003307,TXN001829,CUST08812,MER00809,2024-09-16 11:23:29,670.44,Product Returned,Completed
REF003308,TXN004958,CUST02334,MER04314,2024-12-17 18:15:28,77628.56,Customer Request,Completed
REF003309,TXN007040,CUST07280,MER05063,2024-09-19 10:02:17,19564.73,Order Cancelled,Completed
REF003310,TXN006536,CUST06555,MER05860,2024-05-19 13:25:06,8741.0,Product Returned,Completed
REF003311,TXN005939,CUST04677,MER07214,2024-12-26 10:40:10,4441.54,Order Cancelled,Completed
REF003312,TXN000249,CUST03974,MER02698,2024-06-17 21:39:37,4563.51,Order Cancelled,Completed
REF003313,TXN002736,CUST07951,MER05706,2024-02-05 04:31:50,6032.17,Product Returned,Completed
REF003314,TXN009347,CUST03112,MER03251,2024-08-06 05:43:47,64833.77,Customer Request,Completed
REF003315,TXN006839,CUST06393,MER01425,2024-05-11 22:44:19,15729.7,Duplicate Transaction,Completed
REF003316,TXN008624,CUST01260,MER00686,2024-10-20 00:33:07,1302.97,Product Returned,Pending
REF003317,TXN009408,CUST01447,MER09473,2024-02-20 01:41:14,3899.62,Customer Request,Completed
REF003318,TXN008675,CUST07675,MER03701,2024-08-23 18:43:03,972.32,Order Cancelled,Pending
REF003319,TXN004874,CUST01681,MER04757,2024-02-28 02:13:15,291.5,Duplicate Transaction,Completed
REF003320,TXN006120,CUST05472,MER04455,2024-01-29 10:29:46,57705.51,Booking Cancelled,Completed
REF003321,TXN002528,CUST04082,MER05613,2024-03-31 18:00:19,4419.72,Customer Request,Completed
REF003322,TXN007155,CUST06820,MER07942,2024-09-09 12:46:49,3205.62,Booking Cancelled,Completed
REF003323,TXN009909,CUST01970,MER09751,2024-11-16 21:54:04,3946.64,Duplicate Transaction,Completed
REF003324,TXN003733,CUST07821,MER07814,2024-06-07 00:36:15,1514.02,Booking Cancelled,Completed
REF003325,TXN000868,CUST02965,MER08600,2024-07-27 02:51:20,58228.35,Duplicate Transaction,Completed
REF003326,TXN001682,CUST09525,MER04208,2024-09-11 03:23:14,9989.08,Duplicate Transaction,Pending
REF003327,TXN004848,CUST04453,MER07611,2024-05-23 12:00:51,1904.28,Duplicate Transaction,Pending
REF003328,TXN006429,CUST02808,MER09953,2024-12-01 01:46:01,12926.76,Product Returned,Completed
REF003329,TXN002272,CUST09558,MER03631,2024-06-12 20:27:16,787.32,Order Cancelled,Completed
REF003330,TXN009639,CUST01974,MER04559,2024-01-25 09:41:10,1998.04,Customer Request,Rejected
REF003331,TXN002139,CUST08966,MER03475,2024-04-21 20:51:27,112.85,Booking Cancelled,Completed
REF003332,TXN000837,CUST08620,MER05116,2024-04-19 06:16:19,15213.73,Duplicate Transaction,Rejected
REF003333,TXN000262,CUST01368,MER08810,2024-03-12 10:49:07,15724.85,Product Returned,Pending
REF001362,TXN004277,CUST09694,MER01598,2024-03-14 12:09:30,8035.16,Booking Cancelled,Completed
REF003335,TXN000746,CUST04554,MER02736,2024-02-08 13:22:55,247.65,Duplicate Transaction,Rejected
REF003336,TXN004232,CUST04597,MER08173,2024-11-09 12:08:52,29982.6,Product Returned,Completed
REF003337,TXN005882,CUST03551,MER06994,2024-10-30 07:16:20,30580.09,Booking Cancelled,Pending
REF003338,TXN000734,CUST02277,MER09879,2024-09-16 02:48:33,794.29,Duplicate Transaction,Pending
REF003339,TXN005641,CUST02694,MER08856,2024-03-06 00:28:32,412.2,Customer Request,Completed
REF003340,TXN003663,CUST06880,MER02769,2024-08-15 22:23:00,268.86,Order Cancelled,Completed
REF003341,TXN002983,CUST07850,MER07298,2024-10-28 12:37:10,818.52,Customer Request,Completed
REF003342,TXN009250,CUST05874,MER09035,2024-12-11 01:55:49,12416.9,Order Cancelled,Completed
REF003343,TXN006866,CUST02716,MER09604,2024-03-05 00:48:58,12746.1,Product Returned,Completed
REF003344,TXN004581,CUST09729,MER08745,2024-01-25 20:02:55,,Booking Cancelled,Pending
REF003345,TXN005312,CUST03597,MER05094,2024-07-11 14:01:31,59250.88,Product Returned,Completed
REF003346,TXN008436,CUST01834,MER09656,2024-12-17 19:46:23,263.19,Customer Request,
REF003347,TXN003431,,MER02658,2024-02-15 23:38:23,18820.81,Customer Request,Completed
REF003348,TXN009176,CUST07726,MER03787,2024-11-12 18:55:01,28.91,Duplicate Transaction,Completed
REF003349,TXN001268,CUST09550,MER08305,2024-12-07 00:59:39,9626.0,Booking Cancelled,Pending
REF003350,TXN007871,CUST01676,MER00273,2024-11-06 05:56:28,18840.22,Booking Cancelled,Completed
REF003351,TXN008265,CUST06204,MER02386,2024-02-09 10:23:36,796.94,Duplicate Transaction,Completed
REF003352,TXN003187,CUST05984,MER09439,2024-10-07 06:26:19,434.41,Duplicate Transaction,Completed
REF003353,TXN006901,CUST07635,MER08751,2024-02-14 11:44:01,15927.82,Duplicate Transaction,Completed
REF003354,TXN001373,CUST06141,MER06892,2024-12-30 03:37:08,24021.18,Product Returned,Completed
REF003355,TXN007364,CUST02702,MER00527,2024-04-28 09:59:08,387.26,Product Returned,Pending
REF003356,TXN003354,CUST04478,MER08990,2024-04-01 00:59:22,212.68,Customer Request,Completed
REF003357,TXN004061,CUST04823,MER08435,2024-04-21 06:23:07,6777.16,Duplicate Transaction,Completed
REF003358,TXN007569,CUST09399,MER07819,13/10/2024,867.62,Booking Cancelled,Completed
REF003359,TXN001471,CUST08972,MER02443,2024-12-20 06:45:43,698.36,Customer Request,Pending
REF003360,TXN003194,CUST04833,MER02864,2024-08-18 07:12:48,15531.96,Duplicate Transaction,Completed
REF003361,TXN009898,CUST02649,MER03656,2024-11-07 18:31:57,9921.3,Customer Request,Completed
REF003362,TXN000797,CUST06195,MER07255,2024-03-26 12:17:35,89293.7,Product Returned,Completed
REF003363,TXN000140,CUST02232,MER09015,2024-08-08 06:16:31,11868.22,Product Returned,Completed
REF003364,TXN003166,CUST01351,MER07985,2024-11-08 08:11:52,1137.95,Customer Request,Completed
REF003365,TXN001707,CUST06452,MER03748,2024-08-14 16:26:38,9810.05,Customer Request,Completed
REF003366,TXN008253,CUST01541,MER02154,2024-08-06 19:31:33,83592.58,Order Cancelled,Completed
REF003367,TXN003397,CUST07626,MER07056,2024-02-24 23:12:03,22759.99,Booking Cancelled,Completed
REF003368,TXN003044,CUST07380,MER09496,2025-01-07 06:07:20,8379.56,Product Returned,Completed
REF003369,TXN003735,CUST05537,MER04535,2025-01-13 11:12:30,7205.28,Customer Request,Completed
REF003370,TXN007464,CUST08645,MER01444,2024-04-10 11:14:31,345.4,Duplicate Transaction,Completed
REF003371,TXN007576,CUST00976,MER03744,2024-06-13 08:24:45,861.42,Product Returned,Completed
REF003372,TXN006068,CUST08804,MER01928,2024-07-14 06:02:16,261.72,Booking Cancelled,Completed
REF003373,TXN005650,CUST02061,MER08135,2024-04-24 17:20:33,23723.78,Duplicate Transaction,Completed
REF003374,TXN006695,CUST03786,MER08346,2024-08-18 09:41:07,62778.44,Product Returned,Completed
REF003375,TXN000066,CUST04126,MER00754,2024-11-18 17:33:22,22115.75,Product Returned,Completed
REF003376,TXN000215,CUST01427,MER06190,2024-10-30 15:32:57,unknown,Order Cancelled,Completed
REF003377,TXN000302,CUST04972,MER01567,2024-11-16 12:09:07,19359.83,Duplicate Transaction,Completed
REF003378,TXN004909,CUST08160,MER04984,2024-07-04 09:08:40,2650.48,Order Cancelled,Pending
REF003379,TXN003796,CUST05138,MER04656,2024-07-27 14:58:42,19203.27,Customer Request,Completed
REF003380,TXN006383,CUST00883,MER00157,2024-10-01 15:33:12,37029.07,Booking Cancelled,Completed
REF003381,TXN007550,CUST00938,MER05866,2024-08-22 14:54:58,2059.97,Duplicate Transaction,Pending
REF003382,TXN000772,CUST06494,MER02779,2024-03-13 08:20:03,1924.01,Product Returned,Completed
REF003383,TXN004699,CUST08956,MER01081,2024-11-22 07:56:19,19736.88,Product Returned,Completed
REF003384,,CUST08590,MER04411,2024-08-27 02:43:19,82777.13,Product Returned,Completed
REF003385,TXN007090,CUST05109,MER02082,2024-02-04 20:18:18,860.83,Duplicate Transaction,Completed
REF003386,TXN004489,CUST03522,MER09979,2024-08-30 04:20:16,55245.64,Customer Request,Completed
REF003387,TXN002919,CUST01209,MER02429,,122.21,Order Cancelled,Completed
REF003388,TXN004556,CUST08611,MER02991,2024-06-25 05:42:10,13146.68,Product Returned,Completed
REF003389,TXN003334,CUST04591,MER06707,2024-12-28 21:42:56,6237.6,Product Returned,Completed
REF003390,TXN000161,CUST06309,MER07968,2024-09-30 21:50:16,23835.37,Product Returned,Completed
REF003391,TXN009847,CUST02116,MER01873,2024-09-02 15:43:28,45979.97,Booking Cancelled,Completed
REF003392,TXN003224,CUST05874,MER00783,2024-05-04 05:01:15,95348.02,Order Cancelled,Completed
REF003393,TXN002518,CUST01658,MER05473,2025-01-07 14:22:26,14695.68,Duplicate Transaction,Completed
REF003394,TXN006926,CUST05923,MER06082,2024-03-13 02:39:31,19564.41,Duplicate Transaction,Completed
REF003395,TXN005428,CUST01189,MER02316,2024-06-10 20:24:18,17266.04,Duplicate Transaction,Pending
REF003396,TXN002039,CUST04245,MER04900,2024-12-09 19:47:36,unknown,Duplicate Transaction,Completed
REF003397,TXN002518,CUST01658,MER05473,2024-12-29 14:22:26,14695.68,Booking Cancelled,Completed
REF003398,TXN001520,CUST06964,MER03536,2024-10-28 09:23:04,8622.99,Product Returned,Rejected
REF003399,TXN007540,CUST02857,MER06407,2024-05-16 05:13:15,9529.68,Product Returned,Completed
REF003400,TXN002638,CUST01634,MER01857,2025-01-17 20:17:33,12670.54,Product Returned,Completed
REF003401,TXN001886,CUST04888,MER06339,2024-02-29 22:24:36,1325.75,Order Cancelled,Completed
REF003402,TXN006397,CUST03549,MER04944,2024-06-03 12:07:52,90057.24,Duplicate Transaction,Pending
REF003403,TXN007227,CUST02759,MER03805,2024-10-30 12:16:52,80082.98,Order Cancelled,Completed
REF003404,TXN004441,CUST05243,MER04750,2024-11-21 20:41:36,1547.89,Duplicate Transaction,Rejected
REF003405,TXN003136,CUST01490,MER07608,2024-03-08 03:42:03,16340.03,Customer Request,Rejected
REF003406,TXN005441,CUST04767,MER07027,2024-03-15 19:35:53,15076.34,Customer Request,Completed
REF003407,TXN009298,CUST01283,MER05764,2024-09-11 20:44:40,427.06,Booking Cancelled,
REF003408,TXN009964,CUST00694,MER08455,2024-10-15 07:25:34,19412.62,Order Cancelled,Completed
REF003409,TXN002770,CUST03015,MER09739,2024-06-11 12:29:29,48442.39,Customer Request,Rejected
REF003410,TXN003116,CUST08782,MER01434,2024-10-04 06:06:21,11836.13,Order Cancelled,Completed
REF003411,TXN008207,CUST02698,MER01980,2025-01-18 12:53:03,782.0,Customer Request,Completed
REF003412,TXN009189,CUST04253,,2024-05-24 09:18:12,4232.92,Order Cancelled,Completed
REF003413,TXN001535,CUST00249,MER00655,09/08/2024,7433.62,Customer Request,Pending
REF003414,TXN005722,CUST06608,MER07304,2024-04-28 01:45:49,835.62,Customer Request,Pending
REF003415,TXN008031,CUST05377,MER09918,2024-06-17 02:13:22,13906.96,Booking Cancelled,Completed
REF003416,TXN007359,CUST01039,MER05435,2024-01-27 01:53:34,5282.04,Order Cancelled,Completed
REF003417,TXN005556,CUST08451,MER08853,2024-03-20 08:01:55,114.02,Booking Cancelled,Completed
REF003418,TXN007328,CUST02771,MER05476,2025-01-13 07:06:41,3122.25,Customer Request,
REF003419,TXN006732,CUST08870,MER03059,2024-08-17 00:57:36,,Booking Cancelled,Rejected
REF003420,TXN009856,CUST00607,MER03728,2024-06-23 12:05:17,15989.37,Product Returned,Pending
REF003421,TXN003022,CUST07701,MER06856,2024-06-22 06:08:35,1625.38,Product Returned,Pending
REF003422,TXN003780,CUST01714,MER00563,2024-06-11 23:32:38,9151.04,Duplicate Transaction,Completed
REF003423,TXN000992,CUST01339,MER07951,2024-07-14 16:14:31,118834.86,Product Returned,Pending
REF003424,TXN004464,CUST06280,MER09150,2024-02-26 07:39:10,108.79,Product Returned,Pending
REF003425,TXN001484,CUST06721,MER08711,2024-11-10 19:22:30,28230.38,Customer Request,Completed
REF003426,TXN008274,CUST03530,MER01580,2024-10-18 18:04:55,9977.86,Booking Cancelled,Completed
REF003427,TXN006306,CUST05181,MER01825,2024-06-13 02:19:48,1004.57,Customer Request,Completed
REF003428,TXN005015,CUST08127,MER06444,2024-05-24 05:51:50,211.7,Booking Cancelled,Completed
REF003429,TXN009650,CUST02290,MER02346,2024-11-10 06:37:30,870.35,Customer Request,Pending
REF003430,TXN009909,CUST01970,MER09751,2024-11-16 21:54:04,7893.29,Product Returned,Completed
,,CUST06751,MER04589,2024-10-07 23:37:19,38528.47,Product Returned,Completed
REF003432,TXN002405,CUST03302,,2024-04-27 17:06:28,37051.31,Product Returned,Pending
REF003433,TXN001815,CUST01170,MER06053,2024-08-15 05:46:29,1244.31,Order Cancelled,Completed
REF003434,TXN004285,CUST05707,MER03102,2024-02-02 09:54:37,30843.5,Product Returned,Completed
REF003435,TXN009525,CUST05593,MER00884,2024-08-08 15:24:30,1517.76,,Completed
REF003436,TXN005968,CUST01066,MER04542,2024-04-20 20:36:21,76506.44,Duplicate Transaction,Completed
REF003437,TXN009611,,MER02323,2024-05-12 23:03:06,20280.74,Customer Request,Completed
REF003438,TXN000434,CUST09873,MER04602,2024-10-29 10:44:27,2561.25,Duplicate Transaction,Pending
REF003439,TXN009586,CUST09007,MER04919,2024-04-12 07:39:54,35697.67,Duplicate Transaction,Completed
REF003440,TXN009932,CUST00692,MER08145,2024-08-24 22:56:53,719.85,Product Returned,Completed
REF003441,TXN000758,CUST04568,MER08011,2024-06-27 20:33:47,6594.55,Duplicate Transaction,Pending
REF000975,TXN007470,CUST09052,MER02675,2024-02-15 06:02:19,29518.04,Duplicate Transaction,Completed
REF003443,TXN003599,CUST01285,MER02788,2024-08-20 02:53:30,18731.77,Product Returned,Completed
REF003444,TXN009954,CUST00770,MER09787,2024-08-11 10:04:40,2247.79,Booking Cancelled,Completed
REF003445,TXN007180,CUST06085,MER03963,2024-03-30 11:44:50,91240.03,Customer Request,Completed
REF003446,TXN003732,CUST08080,MER08969,2024-05-06 10:51:24,1431.41,Duplicate Transaction,Completed
REF003447,TXN008000,CUST05884,MER05626,2024-09-05 14:32:52,7398.63,Order Cancelled,Completed
REF003448,TXN005904,CUST00769,MER02425,2024-09-30 05:18:32,,Customer Request,Completed
REF003449,TXN004897,CUST03899,MER09953,2024-07-30 18:26:27,15131.93,Customer Request,Rejected
REF003450,TXN005752,CUST05077,MER00596,2024-03-28 15:41:22,20824.23,Product Returned,Pending
REF003595,TXN003145,CUST08047,MER00993,2024-02-02 11:35:26,3063.06,Duplicate Transaction,Completed
REF003452,TXN004301,CUST06598,MER05511,2024-11-07 15:13:33,1484.0,Order Cancelled,Completed
REF003453,TXN008812,CUST01544,MER03623,2024-04-05 08:18:12,3878.77,Customer Request,Completed
,TXN005262,CUST05371,MER09871,2024-04-24 23:10:19,8259.77,Order Cancelled,Completed
REF003455,TXN008153,CUST06379,MER02213,2024-02-03 13:48:21,106388.65,Duplicate Transaction,Completed
REF003456,TXN003545,CUST04826,MER03676,2024-10-05 10:08:35,1583.08,Booking Cancelled,Pending
REF003457,TXN004625,CUST09305,MER02883,2024-09-06 04:10:02,3404.49,Customer Request,Completed
REF003458,TXN009581,CUST08362,MER06733,2024-11-28 23:15:32,6404.45,Product Returned,Completed
REF003459,TXN004282,CUST06744,MER05076,2024-09-02 14:44:28,487.49,Booking Cancelled,Pending
REF003460,TXN001909,CUST05323,MER05412,2024-08-18 19:11:50,61066.77,Booking Cancelled,Completed
REF003461,TXN002164,CUST01288,MER05190,2024-01-28 16:36:41,2155.05,Duplicate Transaction,Completed
REF003462,TXN007751,CUST02305,MER06141,2024-03-30 21:48:54,21149.44,Customer Request,Completed
REF003463,TXN009152,CUST05359,MER04521,2024-04-21 17:04:34,16067.13,Product Returned,Completed
REF003464,TXN004028,CUST09998,MER07753,2024-08-09 11:43:40,92404.73,Booking Cancelled,Completed
REF003465,TXN001588,CUST01811,MER09455,2024-07-22 08:10:18,16327.31,Booking Cancelled,Completed
REF003466,TXN000662,CUST01076,MER00628,2024-12-22 03:08:50,2658.4,Booking Cancelled,Rejected
REF003467,TXN006448,CUST08614,MER05998,2024-05-09 15:36:50,229.74,Duplicate Transaction,Pending
REF003468,TXN004074,CUST00362,MER07556,,50.51,Duplicate Transaction,Completed
REF003469,TXN001584,CUST03551,MER05317,2024-04-09 18:07:02,44302.66,Order Cancelled,Pending
REF003470,TXN009318,CUST07766,MER06269,2024-02-03 02:13:16,12499.9,Customer Request,Pending
REF003471,TXN004606,CUST08756,MER02811,2024-06-27 12:02:35,4686.95,Order Cancelled,Completed
REF003472,TXN003604,CUST06773,MER01912,2024-06-13 03:00:30,401.52,Order Cancelled,Rejected
REF003473,TXN004703,CUST09852,MER06278,2024-03-25 23:00:20,75041.05,Booking Cancelled,Pending
REF003474,TXN003127,CUST01923,MER05500,2024-10-23 17:19:21,43670.43,Duplicate Transaction,
REF003475,TXN003289,CUST02276,MER03708,2024-03-22 12:57:38,1816.1,Customer Request,Completed
REF003476,TXN006148,CUST03940,MER06109,2024-06-23 20:03:48,632.55,Order Cancelled,
REF003477,TXN000052,CUST08676,MER01546,2024-07-03 07:49:53,9931.0,Booking Cancelled,Completed
REF003478,TXN009369,,MER07576,2024-08-14 12:31:23,135.22,Duplicate Transaction,Completed
REF003479,TXN002356,CUST03367,MER07132,2024-10-14 04:26:53,58543.82,Duplicate Transaction,Completed
REF003480,TXN005892,CUST04824,MER04326,2024-09-06 10:43:38,3567.62,Duplicate Transaction,Pending
REF003481,,CUST09752,MER01964,2024-06-29 02:40:33,592.86,Duplicate Transaction,Completed
REF003482,TXN002210,CUST08634,MER00175,2024-09-02 00:46:38,,Product Returned,Completed
REF003483,TXN004229,CUST09473,MER02171,2024-09-13 08:57:38,74.48,Product Returned,Completed
REF003484,TXN009294,CUST09662,MER00177,2024-02-28 21:39:47,2523.95,Order Cancelled,Completed
,TXN005871,CUST01880,MER02955,2024-03-13 12:15:38,436.35,Duplicate Transaction,Completed
REF003486,TXN008904,,MER08572,2024-09-22 00:30:48,479.14,Order Cancelled,
REF003487,TXN000437,CUST00968,MER00050,2024-12-21 13:09:58,12255.88,Booking Cancelled,Completed
REF003488,TXN003400,CUST08102,MER02396,2024-07-03 15:43:22,514.71,Duplicate Transaction,Completed
REF003489,TXN001553,CUST07600,MER08591,2024-03-18 17:32:34,2303.92,Product Returned,Completed
REF003490,TXN000391,CUST09319,MER03406,2024-06-30 15:40:38,125.72,Customer Request,Completed
REF003491,TXN009382,CUST06299,MER00843,2024-05-07 09:41:43,11884.63,Order Cancelled,Pending
REF003492,TXN008534,CUST06561,MER01981,2024-04-02 10:44:43,38421.35,Order Cancelled,Rejected
REF003493,TXN005895,CUST05828,MER00744,2024-01-21 06:16:32,2310.52,Duplicate Transaction,Completed
REF003494,TXN001865,CUST01441,MER06108,2024-05-29 06:00:40,9256.08,Order Cancelled,Completed
REF003495,TXN005063,CUST03032,MER09195,2024-04-03 16:15:02,26273.94,Duplicate Transaction,Completed
REF003496,TXN006135,CUST08329,MER06689,2024-03-23 04:46:17,14910.77,Product Returned,Completed
REF003497,TXN006450,CUST07726,MER05212,2024-06-16 17:49:59,37808.64,Booking Cancelled,Pending
REF003498,TXN004242,CUST03396,MER08865,2024-12-06 13:38:13,9596.36,Customer Request,Pending
REF003499,TXN004189,,MER02338,2024-10-16 21:38:06,29395.8,Product Returned,Completed
REF003500,TXN007673,CUST08317,MER04601,2024-04-11 21:47:22,,Duplicate Transaction,Pending
REF003501,TXN003556,CUST05370,MER05779,2024-08-18 12:14:37,18687.34,Duplicate Transaction,Rejected
REF003502,TXN007047,CUST07682,MER06029,2024-04-14 13:50:33,1604.62,Order Cancelled,Completed
REF003503,TXN003179,CUST02291,MER04390,2024-02-11 01:53:05,58835.38,Booking Cancelled,Completed
REF003504,TXN000651,CUST05124,,2024-09-15 18:43:09,250.89,Duplicate Transaction,Completed
REF003505,TXN003007,CUST06411,MER02797,2024-03-09 17:07:08,10020.2,Booking Cancelled,Rejected
REF003506,TXN001741,CUST01202,MER00437,2024-04-16 21:23:23,1854.43,Order Cancelled,Pending
REF003507,TXN006244,CUST03664,MER01321,2024-07-02 17:06:01,870.98,Order Cancelled,Completed
REF003508,TXN001629,CUST06939,MER04016,2024-08-25 22:16:34,368.86,Duplicate Transaction,Completed
REF003509,TXN004673,CUST06570,MER08522,2024-12-21 07:18:29,1220.8,Order Cancelled,Rejected
REF003510,TXN006824,CUST03175,MER01147,2024-06-25 22:57:33,19726.71,Order Cancelled,Completed
REF003511,TXN009424,CUST08852,MER01439,2024-03-30 07:51:28,14239.82,Booking Cancelled,Completed
REF003512,TXN009909,CUST01970,MER09751,2024-11-25 21:54:04,1973.32,Order Cancelled,Completed
REF003513,TXN004916,CUST00576,MER03727,2024-07-15 20:58:58,9422.35,Order Cancelled,Completed
REF003514,TXN004070,CUST09868,MER05546,04/04/2024,49955.73,Customer Request,Completed
REF003515,TXN009796,CUST00576,MER00377,2024-08-27 03:06:06,1057.65,Product Returned,Completed
REF003516,TXN009476,CUST00657,MER00948,2024-07-08 16:13:45,369.97,Order Cancelled,Completed
REF003517,TXN000303,CUST09131,MER08404,2024-11-10 01:17:07,10396.74,Customer Request,Completed
REF003518,TXN009559,CUST03473,MER00759,2024-05-21 11:42:34,263.97,Order Cancelled,Rejected
REF003519,TXN008055,CUST07309,MER08363,2024-12-17 15:54:28,2113.76,Booking Cancelled,Completed
REF003520,TXN009320,CUST08688,MER02037,2024-09-01 04:11:45,713.72,Booking Cancelled,Pending
REF003521,TXN002972,CUST02585,MER07364,2024-07-31 20:41:46,1200.46,Customer Request,Pending
REF003522,TXN001225,CUST06603,MER01896,2024-12-07 07:04:18,28799.4,Booking Cancelled,Pending
REF003523,TXN005166,CUST03601,MER04965,2024-10-30 06:39:09,23576.1,Product Returned,Completed
REF003524,TXN003978,CUST04044,MER05311,2024-04-17 18:33:16,28539.46,Order Cancelled,Pending
REF003525,TXN005687,CUST00895,MER02982,2024-06-28 01:38:18,2207.84,Booking Cancelled,Completed
REF003526,TXN003393,CUST08989,MER01982,2024-12-28 13:23:40,7077.12,Product Returned,Completed
REF003527,TXN007744,CUST06865,MER09690,2024-09-25 23:43:04,1947.77,Customer Request,Completed
REF003528,TXN008617,CUST04994,MER06427,,907.06,Order Cancelled,Completed
REF003529,TXN002709,CUST07313,MER09408,2024-05-26 17:18:52,14797.63,Booking Cancelled,Completed
REF003530,TXN005509,CUST03298,MER04878,2024-12-16 13:54:27,8504.5,Order Cancelled,Completed
REF003531,TXN006181,CUST01475,MER03895,2024-07-29 01:51:52,460.8,Order Cancelled,Completed
REF003532,TXN001440,CUST01889,MER01050,2024-06-20 16:31:42,,Order Cancelled,Pending
REF003533,TXN007114,CUST04163,MER01433,2024-02-07 21:48:03,26433.96,Customer Request,Completed
REF003534,TXN002132,CUST09834,MER06263,2024-12-07 03:32:43,16914.41,Duplicate Transaction,Completed
REF003535,TXN009314,CUST07686,MER08802,2024-08-06 11:20:28,65343.99,Duplicate Transaction,Completed
REF003536,UNKNOWN,CUST06164,MER05766,05/08/2024,1941.67,Order Cancelled,Completed
REF003537,TXN000402,CUST03819,MER03525,2024-11-20 17:57:39,168.96,Product Returned,Completed
REF003538,TXN001532,CUST00531,MER01011,2024-02-22 19:55:52,23594.2,Duplicate Transaction,Pending
REF003539,TXN005843,CUST05120,MER08269,2024-08-03 20:12:19,1131.5,Booking Cancelled,Completed
REF003540,TXN004322,CUST02009,MER01151,2024-04-03 19:45:59,17036.87,Booking Cancelled,Completed
REF003541,TXN002843,CUST04048,MER03201,2024-12-31 18:52:06,2832.25,Product Returned,Completed
REF003542,TXN009573,CUST05853,MER05212,2024-12-22 01:56:15,43029.3,Duplicate Transaction,Completed
REF003543,TXN005992,CUST09455,MER01843,2024-07-12 10:56:57,11819.69,Product Returned,Completed
REF003544,TXN009352,CUST01040,MER08849,2024-10-10 03:22:46,7010.39,Product Returned,Completed
REF003545,TXN004069,CUST07821,MER03965,2024-02-13 16:19:16,3898.98,Booking Cancelled,Completed
REF003546,TXN004389,CUST05385,MER07352,2024-03-15 07:39:58,87650.42,Booking Cancelled,Completed
REF003547,TXN001692,CUST06536,MER08399,2024-07-30 21:08:10,89554.51,Order Cancelled,Completed
REF003548,TXN003906,CUST00315,MER07324,2024-10-14 06:12:09,8073.14,Product Returned,Rejected
REF003549,TXN007901,CUST00094,MER05436,2024-01-31 07:56:44,52071.02,Product Returned,Pending
REF003550,TXN006176,CUST05607,MER06687,2024-05-03 14:49:51,54751.51,Booking Cancelled,Pending
REF003551,TXN001840,CUST00842,MER04050,2024-09-08 13:50:51,3357.08,Product Returned,Completed
REF003552,TXN000787,CUST09044,MER02344,2024-05-03 21:27:30,8112.27,Product Returned,Pending
REF003553,,CUST02877,MER04219,2024-07-13 04:19:30,5927.02,Booking Cancelled,Completed
REF003554,TXN009686,CUST03186,MER00624,2024-09-10 14:09:33,12908.18,Product Returned,Rejected
REF003555,TXN006923,CUST01136,MER02048,2024-07-31 04:00:56,22773.18,Duplicate Transaction,Completed
REF003556,TXN000366,CUST09830,MER01565,2025-01-14 07:27:16,8429.21,Duplicate Transaction,Rejected
REF003557,TXN000445,CUST09254,MER03069,2024-08-28 18:32:29,1926.05,Customer Request,Completed
REF003558,TXN005506,CUST07041,MER06152,2024-10-17 00:28:38,27018.66,Order Cancelled,Completed
REF003559,TXN007764,CUST08688,MER04626,2024-05-16 18:45:38,696.98,Product Returned,Pending
REF003560,TXN001255,CUST01798,MER01494,2024-10-10 00:37:13,14184.51,Customer Request,Completed
REF003561,TXN004336,CUST05383,MER05619,2024-12-14 08:22:17,72139.43,Booking Cancelled,Completed
REF003562,TXN003628,CUST07983,MER05412,2024-01-06 16:55:33,269.55,Duplicate Transaction,Completed
REF003563,TXN001678,CUST04944,MER08199,2024-10-19 04:44:37,1932.5,Customer Request,Rejected
REF003564,TXN001621,CUST06882,MER03849,2024-06-18 18:36:13,12430.31,Customer Request,Pending
REF003565,TXN007913,CUST02283,MER02515,2024-06-18 02:31:56,18054.91,Product Returned,Completed
REF003566,TXN000852,CUST02455,MER06941,2024-03-04 20:42:42,963.2,Duplicate Transaction,Completed
REF003567,TXN003452,CUST08346,MER01837,2024-04-20 00:08:27,268.33,Duplicate Transaction,Pending
REF003568,TXN002677,CUST03971,MER03437,,19012.45,Duplicate Transaction,Pending
REF003569,TXN005723,CUST03846,MER05501,2024-10-03 18:37:25,11396.45,Customer Request,Pending
REF003570,TXN003261,CUST00622,MER00660,2024-07-22 18:10:30,32292.88,Booking Cancelled,Completed
REF003571,TXN008576,CUST04288,MER00802,2024-07-08 07:41:23,10456.66,Customer Request,Completed
REF003572,TXN001831,,MER08532,2024-11-15 11:06:22,48997.27,Customer Request,Completed
REF003573,TXN003851,CUST07343,MER00902,2024-05-09 21:25:00,8323.15,Order Cancelled,Completed
REF003574,TXN007019,CUST07706,MER04167,2024-05-29 03:18:03,8844.19,Duplicate Transaction,Completed
REF003575,TXN003818,CUST01205,MER08072,2024-03-31 06:05:51,319.79,Order Cancelled,Completed
REF003576,TXN004384,CUST03960,MER03947,2024-10-25 11:49:30,unknown,Product Returned,Completed
REF003577,TXN002001,CUST08602,MER01042,2024-08-14 05:58:44,90953.49,Booking Cancelled,Pending
REF003578,TXN008052,CUST03793,MER08408,2024-10-13 15:21:31,9540.83,Duplicate Transaction,Pending
REF003579,,CUST06614,MER09715,2024-01-26 22:50:11,17426.14,,Rejected
REF003580,TXN006890,CUST09598,MER05967,2024-03-02 16:48:29,25696.22,Order Cancelled,Completed
REF003581,TXN006660,CUST05958,,2024-07-15 20:38:45,769.52,Product Returned,Rejected
REF003582,TXN008614,CUST05307,MER07276,2024-08-26 10:39:54,331.57,Customer Request,Rejected
REF003583,TXN005539,CUST09479,MER02439,2024-12-13 03:46:55,8642.68,Booking Cancelled,Completed
REF003584,TXN007839,CUST09068,MER07077,2024-06-24 05:02:19,1076.43,Order Cancelled,Completed
REF003585,TXN001165,,MER08578,2024-03-09 13:37:10,54531.05,Order Cancelled,Completed
REF003586,TXN007731,CUST08002,MER06155,2024-10-04 14:57:33,18603.04,Booking Cancelled,Completed
REF003587,TXN006103,CUST04911,MER01464,2024-09-03 00:04:11,27413.54,Customer Request,Completed
REF003588,TXN009838,CUST08867,MER01820,2024-08-30 08:36:06,2436.53,Customer Request,Completed
REF003589,TXN000806,CUST08784,MER03403,2024-04-01 08:44:32,1741.28,Product Returned,Completed
REF003590,TXN004865,CUST02564,MER06825,2024-05-05 04:03:10,7161.85,Order Cancelled,Completed
REF003591,TXN006886,CUST08282,MER02097,2024-10-08 20:23:58,16322.51,Duplicate Transaction,Pending
REF003592,,CUST00992,MER07363,2024-02-17 09:37:39,14083.32,Duplicate Transaction,Completed
REF003593,TXN008674,CUST02543,MER02160,2024-09-06 05:53:04,22783.76,Duplicate Transaction,Completed
REF003594,TXN002866,CUST02356,MER00613,2024-04-26 02:43:58,62975.96,Product Returned,Completed
REF003595,TXN003145,CUST08047,MER00993,2024-02-02 11:35:26,3063.06,Duplicate Transaction,Completed
REF003596,TXN001757,CUST02874,MER07617,2024-11-28 15:12:08,2498.9,Product Returned,Completed
REF003597,TXN001837,CUST02780,MER06005,2024-03-26 17:34:55,9406.22,Duplicate Transaction,Completed
REF003598,TXN000836,CUST06831,MER05664,2024-04-05 08:15:11,1489.64,Product Returned,Completed
REF003599,TXN000489,CUST09892,MER08833,2024-11-13 11:42:44,453.69,Product Returned,Completed
REF003600,TXN007456,CUST02558,MER02209,2024-05-01 19:49:53,unknown,Customer Request,Completed
REF003601,TXN000935,CUST08317,MER08555,2024-04-06 20:37:40,342.64,Customer Request,Completed
REF003602,TXN000029,CUST09644,MER08397,2024-11-20 02:28:32,361.27,Product Returned,Completed
REF003603,TXN002010,CUST07766,MER00187,2024-10-21 04:00:40,1825.04,Duplicate Transaction,Pending
REF003604,TXN007760,CUST06668,MER08210,2024-03-30 08:38:31,9248.31,Product Returned,Completed
REF003605,TXN009362,CUST08709,MER08845,2024-12-01 15:21:21,98545.87,Product Returned,Pending
REF003606,TXN008558,CUST07691,MER05394,2024-04-04 23:15:05,6373.15,Duplicate Transaction,Pending
REF003607,TXN007984,CUST07247,MER05782,2024-03-26 18:20:10,24559.13,Order Cancelled,Pending
REF003608,TXN001157,CUST07324,MER01492,2024-08-01 05:36:22,34120.24,Booking Cancelled,Rejected
REF003609,TXN004583,,MER04320,2024-10-15 09:56:15,58402.32,Booking Cancelled,Completed
REF003610,TXN004019,CUST03778,MER06656,24/01/2024,2178.65,Customer Request,Completed
REF003611,TXN005142,CUST01507,MER03930,2024-04-14 17:24:11,1876.26,Product Returned,Pending
REF003612,TXN004862,CUST08982,MER06308,2024-05-11 07:40:40,47088.47,Booking Cancelled,Completed
REF003613,TXN003551,CUST05936,MER08058,2024-09-23 21:13:56,80.1,Booking Cancelled,Completed
REF003614,TXN003963,CUST07749,MER09782,2024-09-23 12:01:39,163.79,Duplicate Transaction,Completed
REF003615,TXN007654,CUST00824,MER00842,2024-02-25 12:12:09,22266.01,Customer Request,Rejected
,TXN004814,CUST06895,MER02142,16/10/2024,292.53,Customer Request,Completed
REF003617,TXN003005,CUST04386,MER09225,2024-05-28 18:35:50,1599.65,Duplicate Transaction,Completed
REF003618,TXN006538,CUST04119,MER09629,2024-09-03 13:54:08,288.66,Product Returned,Completed
REF003619,TXN008790,CUST04639,MER08532,2024-05-17 14:47:10,1914.93,Booking Cancelled,Rejected
REF003620,TXN008181,CUST03633,MER00993,2024-04-14 18:47:12,7298.25,Customer Request,Completed
REF003621,TXN007968,CUST09244,,2024-06-18 06:23:01,13967.78,Product Returned,Completed
REF003622,TXN009363,CUST07293,MER01955,2025-01-18 20:54:09,2103.89,Booking Cancelled,Completed
REF003623,TXN000589,CUST02752,MER06908,2024-12-09 18:45:48,35995.66,Booking Cancelled,Pending
REF003624,TXN001350,CUST06807,MER01840,2024-12-13 03:45:09,99881.08,Customer Request,Completed
REF003625,TXN007379,CUST00351,MER03887,2024-11-13 04:19:01,7337.03,Customer Request,Completed
REF003626,TXN005774,CUST07017,MER02352,2024-04-09 15:07:17,9413.66,Booking Cancelled,Completed
REF003627,TXN001513,CUST08075,MER02937,2024-02-01 08:18:47,101225.15,Product Returned,Rejected
REF003628,TXN001075,CUST01107,MER07017,2024-05-21 00:41:18,988.6,Order Cancelled,Completed
REF003629,TXN003065,CUST06311,MER07386,2024-12-24 12:01:16,18157.48,Product Returned,Rejected
REF003630,TXN006945,CUST07108,MER09440,2024-07-21 08:12:37,50376.02,Customer Request,Pending
REF003631,TXN006937,CUST02686,MER04059,2024-03-12 10:26:45,16925.64,Duplicate Transaction,Completed
REF003632,TXN007896,CUST01834,MER06836,2024-01-08 23:42:30,4330.36,Booking Cancelled,Pending
REF003633,TXN003102,CUST01823,MER00736,2024-09-01 03:09:48,9802.08,Customer Request,Completed
REF003634,TXN007013,CUST01625,MER04912,2024-08-11 12:03:19,unknown,Booking Cancelled,Completed
REF003635,TXN000497,CUST02812,MER09339,2024-08-27 06:01:02,1165.75,Order Cancelled,Completed
REF003636,TXN000890,CUST00046,MER05817,2024-10-12 15:26:38,15350.04,Order Cancelled,Completed
REF003637,TXN009127,CUST07202,MER02056,2024-12-26 04:25:40,10166.97,Duplicate Transaction,Rejected
REF003638,TXN001437,CUST07324,MER05247,2024-10-15 21:28:35,2748.29,Booking Cancelled,Completed
REF003639,TXN000014,CUST00832,MER09251,2024-07-09 06:50:17,172.71,Customer Request,Completed
REF003640,TXN007956,CUST09247,MER05114,2024-04-12 22:48:25,12200.45,Booking Cancelled,Completed
REF003641,TXN002752,CUST09215,MER05656,2024-07-31 06:34:33,21115.44,Order Cancelled,Pending
REF003642,TXN009695,CUST07009,UNKNOWN,2024-07-03 02:33:12,37046.22,Duplicate Transaction,Completed
REF003643,TXN001551,CUST06537,MER00515,2024-05-07 13:07:02,748.53,Customer Request,Completed
REF003644,TXN000588,CUST09100,MER04314,2024-12-13 18:00:17,404.48,Product Returned,Completed
REF003645,TXN005828,CUST09711,MER09702,2024-07-27 10:11:22,5895.64,Booking Cancelled,Pending
REF003646,TXN002203,CUST05641,MER01226,2024-12-14 06:26:06,16665.82,Order Cancelled,
REF003647,TXN002867,CUST09966,MER07050,2024-11-09 17:51:21,374.43,Customer Request,Completed
REF003648,TXN007303,CUST03171,MER01365,2024-12-31 10:16:27,13448.5,Product Returned,Completed
REF003649,TXN009287,CUST08395,MER04378,2024-06-09 08:31:16,22636.72,Customer Request,Completed
REF003650,TXN001877,CUST00155,MER04791,2024-08-05 05:06:55,9626.83,Product Returned,Completed
REF003651,TXN002530,CUST04100,MER08840,2024-04-18 11:39:23,94.59,Product Returned,Completed
REF003652,TXN005354,CUST05901,MER09820,2024-03-08 11:02:45,55409.13,Product Returned,Completed
REF003653,TXN004850,CUST04790,MER02700,2024-07-04 22:02:37,3903.69,Customer Request,Pending
REF003654,TXN000441,CUST03044,MER01708,2024-07-20 00:14:23,82896.05,Product Returned,Completed
REF003655,TXN008790,CUST04639,MER08532,2024-05-24 14:47:10,478.73,Duplicate Transaction,Pending
,TXN008317,CUST01532,MER06331,2024-03-10 10:03:12,2924.02,Order Cancelled,Completed
REF003657,TXN004269,CUST09481,MER01793,2024-06-17 00:23:48,97423.32,Duplicate Transaction,Pending
REF003658,TXN007716,CUST04926,MER05000,2024-10-27 18:30:50,19452.37,Duplicate Transaction,
,TXN009269,CUST08566,MER09646,2024-11-11 22:33:48,96652.63,,Completed
REF003660,TXN009236,CUST05825,MER01768,2024-10-08 04:14:06,7083.74,Product Returned,Pending
REF003661,TXN002248,CUST04549,MER09662,2024-11-01 16:03:31,244.38,Duplicate Transaction,Pending
REF003662,TXN001848,CUST05224,MER06638,2025-01-22 07:53:20,84307.16,Booking Cancelled,Pending
REF003663,TXN008181,,MER00993,2024-04-15 18:47:12,7298.25,Product Returned,Completed
REF003664,TXN007623,CUST05580,UNKNOWN,2024-09-18 18:59:05,3092.53,Order Cancelled,Completed
REF003665,TXN003331,CUST04526,MER00861,2024-03-02 20:53:03,1165.88,Booking Cancelled,Completed
REF003666,TXN008582,CUST08383,MER02259,2024-05-11 20:44:35,4780.06,Product Returned,Pending
REF003667,TXN002705,CUST04670,MER01458,2024-11-22 15:23:15,59460.31,Product Returned,Completed
REF003668,TXN008423,CUST09598,MER01101,2024-08-25 01:30:07,27352.2,Order Cancelled,Completed
REF003669,TXN009737,CUST02127,MER09730,2024-10-13 03:12:10,45543.31,Order Cancelled,Completed
REF003670,TXN003233,CUST05981,MER07051,2024-10-16 23:01:34,269.49,Duplicate Transaction,Completed
REF003671,TXN008019,CUST06221,MER06430,2024-11-12 13:06:22,2136.83,Customer Request,
REF003672,TXN009577,CUST05827,MER02158,2024-01-11 21:34:20,1921.99,Product Returned,Rejected
REF003673,TXN005784,CUST08905,MER07960,2024-09-28 20:50:02,13898.19,Product Returned,Completed
REF003674,TXN002832,CUST05914,MER04031,2024-05-15 15:14:59,12539.87,Duplicate Transaction,Completed
REF003675,TXN007718,CUST06347,MER01045,2024-12-04 04:01:02,802.89,Booking Cancelled,Completed
REF003676,TXN005937,CUST00252,MER02147,2024-07-19 13:25:10,299.31,Duplicate Transaction,Completed
REF003677,TXN009532,CUST06413,MER02863,2024-08-09 10:21:46,1002.21,Order Cancelled,Completed
REF003678,TXN003874,CUST09226,MER03118,2024-06-20 03:05:18,4073.98,Order Cancelled,Completed
,TXN007594,CUST02034,MER02113,2024-10-08 11:56:18,25359.88,Product Returned,Rejected
REF003680,TXN009104,CUST07212,MER01866,2024-03-30 18:39:47,18764.29,Order Cancelled,Completed
REF003681,TXN008176,CUST07399,MER08920,2024-12-25 18:24:17,815.6,Order Cancelled,Completed
REF003682,TXN007134,CUST05573,MER08830,2024-04-07 09:38:39,8186.24,Customer Request,Pending
REF003683,TXN003516,CUST05617,MER01720,2024-05-11 06:03:19,2080.22,Order Cancelled,Completed
REF003684,TXN008865,CUST03656,MER08600,2024-07-23 13:57:16,925.48,Duplicate Transaction,Completed
REF003685,TXN000426,CUST04760,MER06698,2024-03-21 13:52:51,44521.32,Booking Cancelled,Pending
REF003686,TXN007682,CUST06261,MER09172,2024-06-20 10:54:11,15572.12,Order Cancelled,Completed
REF003687,TXN003070,CUST07045,MER02108,2024-03-03 07:25:58,1213.11,Order Cancelled,Completed
REF003688,TXN003463,CUST03613,MER04757,2024-05-11 00:47:39,722.65,Duplicate Transaction,Pending
REF003689,TXN002367,,MER03355,2024-12-01 04:25:38,71.63,Booking Cancelled,Completed
REF003690,TXN007531,CUST04802,MER04428,2024-06-05 03:47:37,482.05,Booking Cancelled,Pending
REF003691,TXN007878,CUST02787,MER08056,2024-04-04 02:34:47,1672.5,Order Cancelled,Pending
REF003692,TXN003087,CUST04200,MER06997,2024-10-30 06:58:02,,Order Cancelled,Completed
REF003693,TXN009434,CUST00166,MER04913,2024-07-26 13:55:22,43193.57,Booking Cancelled,Completed
REF003694,TXN009902,UNKNOWN,MER08481,2024-05-16 17:58:57,807.19,Product Returned,Completed
REF003695,TXN004787,CUST05956,MER00632,2024-10-30 05:26:24,113914.18,Order Cancelled,Completed
REF003696,TXN006452,CUST02420,MER00261,2024-05-11 19:04:50,4623.88,Duplicate Transaction,Completed
REF003697,TXN004054,CUST01974,MER04364,2024-12-18 08:15:42,892.25,Customer Request,Completed
REF003698,TXN001972,CUST01844,MER02265,2024-10-20 20:37:12,56835.23,Customer Request,Rejected
REF003699,TXN008135,CUST04855,MER06593,2024-06-03 00:11:11,47916.34,Product Returned,Completed
REF003700,TXN004879,CUST02367,MER07823,2025-01-04 23:39:17,106.88,Duplicate Transaction,Rejected
REF003701,TXN009013,CUST02859,MER05150,2024-05-21 13:55:53,115.8,Booking Cancelled,
REF003702,TXN006635,CUST06563,MER03569,2024-11-03 05:08:56,492.71,Order Cancelled,Rejected
REF003703,TXN008624,CUST01260,MER00686,2024-11-13 00:33:07,651.48,Customer Request,Pending
REF003704,TXN005102,CUST03097,MER04312,2024-04-22 16:34:47,27222.74,Order Cancelled,Completed
REF003705,TXN002594,CUST05044,MER08914,2024-11-24 11:04:12,66584.59,Product Returned,Completed
REF003706,TXN009123,CUST07401,MER08878,2024-03-14 12:16:11,77984.73,Customer Request,Pending
REF003707,TXN006578,CUST08644,MER05877,2024-04-06 09:50:17,2987.75,Customer Request,Pending
REF003708,TXN009380,CUST01096,MER09345,2024-05-30 15:33:42,5797.13,Product Returned,Completed
REF003709,TXN008121,CUST07747,MER01406,2024-03-05 22:54:18,1503.84,Duplicate Transaction,Completed
REF003710,TXN004180,CUST08898,MER09820,09/11/2024,1384.79,Order Cancelled,Pending
REF003711,TXN009003,CUST08437,MER08690,2024-02-16 15:03:44,11434.87,Booking Cancelled,Rejected
REF003712,TXN007627,CUST09540,MER08493,2024-11-29 12:10:33,4583.56,Booking Cancelled,Completed
REF003713,TXN001811,CUST02100,MER01040,2024-01-06 19:13:09,45590.95,Duplicate Transaction,Pending
REF003714,TXN004600,CUST09617,MER06827,2024-05-23 16:32:17,1849.72,Duplicate Transaction,Completed
REF003715,TXN004650,CUST08244,MER04256,2024-03-30 14:27:08,2334.73,Booking Cancelled,Rejected
REF003716,TXN008583,,MER05833,2024-07-22 16:09:03,18260.98,Duplicate Transaction,Completed
REF003717,TXN002162,CUST00024,MER06558,2024-09-08 23:04:56,1256.39,Booking Cancelled,Completed
REF003718,TXN001959,CUST03575,MER04061,2024-05-12 02:38:12,932.86,Customer Request,Rejected
REF003719,TXN009158,CUST04523,MER00062,2024-10-28 20:34:05,2936.7,Customer Request,Completed
REF003720,TXN002495,CUST06350,MER05918,2024-09-12 01:15:25,20181.11,Duplicate Transaction,Completed
REF003721,TXN001284,CUST08982,MER02400,2024-09-27 14:09:59,443.23,Customer Request,Completed
REF003722,TXN003555,CUST03674,MER01911,2024-02-24 09:27:33,2519.82,Customer Request,Pending
REF003723,TXN003217,CUST03905,MER05002,2024-02-24 06:00:28,643.81,Duplicate Transaction,Completed
REF003724,TXN004433,CUST09498,MER05140,2024-02-03 15:08:30,35313.14,Order Cancelled,Completed
,TXN000709,CUST09571,MER08534,2024-11-29 17:34:44,17202.86,Duplicate Transaction,Pending
REF003726,TXN005816,,MER03925,2024-02-03 09:05:59,15115.88,Order Cancelled,Completed
REF003727,TXN007835,CUST08230,MER05425,2024-05-15 06:34:55,1871.45,Order Cancelled,Rejected
REF003728,TXN000647,CUST02134,MER07044,2024-11-06 03:30:45,19744.65,Product Returned,Completed
REF003729,TXN002401,CUST06997,MER06211,2024-07-20 13:00:05,97906.08,Product Returned,Completed
REF003730,TXN002144,CUST01576,MER00311,2024-09-11 15:44:51,99486.07,Booking Cancelled,Completed
REF003731,TXN009712,CUST02620,MER03366,2024-10-24 16:33:51,91485.8,,Completed
REF003732,TXN001043,CUST06724,MER08626,2024-06-11 03:22:28,31653.73,Product Returned,Completed
REF003733,TXN002450,CUST08275,MER00281,2024-02-16 17:33:40,13971.51,Customer Request,Completed
REF003734,TXN005319,CUST01438,MER06102,2024-10-18 04:17:07,13559.44,Duplicate Transaction,Completed
REF003735,TXN003406,CUST02366,MER01104,2025-01-02 02:55:01,1826.68,Order Cancelled,Completed
REF003736,TXN008054,CUST08845,MER08255,2024-08-30 05:14:31,301.4,Customer Request,Completed
REF003737,TXN007665,CUST02195,MER09889,2024-04-29 22:04:32,502.33,Order Cancelled,Completed
REF003738,TXN008551,CUST09001,MER00951,2024-11-18 09:19:30,,Product Returned,Pending
REF003739,TXN002447,CUST08447,MER08920,2024-06-11 00:41:39,1107.19,Product Returned,Completed
REF003740,TXN004649,CUST01545,MER09360,2024-12-24 22:50:56,45170.51,Booking Cancelled,Completed
REF003741,TXN008247,CUST03491,MER01216,2024-09-06 15:25:57,19203.67,Customer Request,Completed
REF003742,TXN007441,,MER04604,,37885.22,Duplicate Transaction,Pending
REF003743,TXN009434,CUST00166,MER04913,2024-08-01 13:55:22,17997.32,Booking Cancelled,Pending
REF003744,TXN008681,CUST00396,MER07293,2024-02-18 21:18:24,3951.84,Customer Request,Completed
REF003745,TXN009357,CUST02201,MER03131,2024-08-15 11:05:12,4041.24,Product Returned,Completed
REF003746,TXN002576,CUST05513,MER06068,2024-03-01 15:48:46,1487.71,Duplicate Transaction,Completed
REF003747,TXN008496,CUST01419,MER02315,2024-03-28 20:41:21,4380.75,Duplicate Transaction,Completed
REF003748,TXN007803,CUST01117,MER01722,2024-11-09 04:55:56,737.3,Booking Cancelled,Completed
REF003749,TXN006136,CUST08933,MER04841,2024-06-13 09:02:19,3917.91,Customer Request,Pending
REF003750,TXN007723,CUST06831,MER05976,2024-06-14 20:31:22,169.36,Duplicate Transaction,Rejected
REF003751,TXN006804,CUST01834,MER00109,2024-03-18 02:52:39,20212.87,Customer Request,Pending
REF003752,TXN004289,CUST08213,MER03718,2024-01-31 20:57:44,211.86,Product Returned,Pending
REF003753,TXN002490,CUST06354,MER09272,2024-03-29 20:31:18,627.5,Booking Cancelled,Completed
REF003754,TXN009614,CUST03633,MER00032,2024-09-22 08:08:23,10085.27,Booking Cancelled,
REF003755,TXN001770,CUST05376,MER04123,2024-08-03 11:59:27,401.78,Product Returned,Completed
REF003756,TXN004333,CUST02948,MER02239,2024-04-17 10:21:28,1661.0,Booking Cancelled,Completed
REF003757,TXN009243,CUST05384,MER00350,2024-03-07 21:44:26,4963.65,Booking Cancelled,Rejected
REF003758,TXN000902,CUST03642,MER04325,2024-03-07 04:08:53,178.88,Duplicate Transaction,Completed
REF003759,TXN007921,CUST04259,MER00239,2024-04-05 13:59:59,893.38,Customer Request,Rejected
REF003760,TXN001439,CUST01433,MER01066,2024-11-12 19:36:04,14286.75,Product Returned,Pending
REF003761,TXN008028,CUST07634,MER03784,2024-03-03 13:50:38,6290.5,Order Cancelled,Completed
REF003762,TXN004637,CUST06403,MER08044,2024-07-20 20:10:42,51163.1,Duplicate Transaction,Completed
REF003763,TXN003691,CUST07106,MER05893,2024-11-06 06:33:06,3597.53,Booking Cancelled,Completed
REF003764,TXN006324,CUST00001,MER06298,2024-04-30 23:33:15,5556.3,Order Cancelled,Completed
REF003765,TXN003878,CUST06411,MER05403,2024-04-01 12:16:49,1247.62,Booking Cancelled,Completed
REF003766,TXN001676,CUST07507,MER05411,2024-08-09 01:33:58,25087.66,Order Cancelled,Pending
REF003767,TXN003929,CUST05864,MER07925,2024-12-18 00:50:38,12959.98,Order Cancelled,Completed
REF003768,TXN003557,CUST03963,MER07882,2024-01-29 22:47:30,22537.73,Duplicate Transaction,Completed
REF003769,TXN001827,CUST03684,MER05014,2024-03-18 00:39:27,8819.22,Duplicate Transaction,Completed
REF003770,TXN005556,CUST08451,MER08853,2024-02-29 08:01:55,547.28,Booking Cancelled,Completed
REF003771,TXN001931,CUST08646,MER07540,2025-01-10 04:24:34,1064.82,Order Cancelled,Pending
REF003772,TXN008532,CUST04449,MER04055,2024-04-23 21:24:31,7095.44,Product Returned,Completed
REF003773,TXN005928,CUST07818,MER03348,2024-11-22 12:08:37,1434.14,Customer Request,Completed
REF003774,TXN000761,CUST08353,MER06390,2024-12-06 02:53:27,45502.69,,Completed
REF003775,TXN003561,CUST08214,MER02626,2024-04-22 21:09:59,86954.69,Booking Cancelled,Rejected
REF003776,TXN000671,CUST09731,MER09705,2024-02-24 01:01:40,3191.63,Order Cancelled,Rejected
REF003777,TXN001911,CUST04135,MER01626,2024-03-02 15:09:28,63633.39,Order Cancelled,Completed
REF003778,TXN001033,CUST06301,MER04742,2024-09-03 12:28:54,2177.76,Product Returned,Pending
REF003779,TXN004769,CUST08660,MER04290,2024-03-30 01:39:15,6779.5,Booking Cancelled,Rejected
REF003780,TXN001450,CUST06596,MER09703,2024-11-19 10:36:59,28166.58,Customer Request,Completed
REF003781,TXN005831,CUST06391,MER02462,2024-08-15 09:05:12,16687.91,Duplicate Transaction,Completed
REF003782,TXN008004,CUST09599,MER05945,2024-01-22 02:07:41,5677.59,Order Cancelled,Completed
REF003783,TXN009637,CUST03254,MER01271,2024-05-13 05:03:28,12145.73,Customer Request,Completed
REF003784,TXN000385,CUST00133,MER02716,2024-07-28 07:41:15,58433.62,Duplicate Transaction,Completed
REF003785,TXN004558,CUST01518,MER00843,2024-04-26 02:12:22,20166.11,Customer Request,Completed
REF003786,TXN003357,CUST07173,MER08167,2024-08-16 22:02:52,46024.47,Duplicate Transaction,Completed
REF003787,TXN003069,CUST07502,MER00152,2024-08-31 23:43:06,28825.07,Order Cancelled,Rejected
REF003788,TXN006884,CUST08832,MER03493,2024-06-05 02:12:31,18989.4,Product Returned,Pending
REF003789,TXN005042,CUST07793,MER06012,2024-01-29 19:02:18,339.93,Booking Cancelled,Rejected
REF003790,TXN009263,CUST02334,MER06605,2024-03-01 23:41:07,109.47,Booking Cancelled,Rejected
REF003791,TXN000728,CUST04737,MER06867,2024-07-07 09:10:16,1672.56,Duplicate Transaction,Completed
REF002567,TXN003861,CUST03692,MER06547,2024-03-05 08:23:04,16756.5,Product Returned,Completed
REF003793,TXN001861,CUST02621,MER06834,2024-05-02 17:39:11,345.38,Duplicate Transaction,Completed
REF003794,TXN004612,CUST05456,MER02619,2024-03-06 09:22:45,1043.9,Customer Request,Completed
REF003795,TXN002585,CUST05488,MER03059,2024-02-24 16:33:08,4620.28,Product Returned,Completed
REF003796,TXN006733,CUST04387,MER05492,2024-04-15 22:46:17,99693.78,Booking Cancelled,Completed
REF003797,TXN000523,CUST05987,MER08350,2024-11-06 20:41:22,669.68,Product Returned,Completed
REF003798,TXN000337,CUST08812,MER05660,2024-09-02 06:59:25,66231.86,Booking Cancelled,Completed
REF003799,TXN008667,CUST02978,MER03833,2024-02-07 09:35:58,4138.19,Duplicate Transaction,Pending
REF003800,TXN000802,CUST00601,MER09935,2024-12-09 13:46:18,18005.53,Order Cancelled,Pending
REF003801,TXN000384,CUST05155,,2024-07-26 13:33:42,5333.92,Duplicate Transaction,Rejected
REF003802,TXN009064,CUST01629,MER00906,2024-07-30 20:17:31,7063.88,Duplicate Transaction,Completed
REF003803,TXN003060,CUST09059,MER01533,2024-07-18 16:36:14,1828.55,Duplicate Transaction,Pending
REF003804,TXN003249,CUST08063,MER06653,2024-10-30 19:22:56,83085.74,Product Returned,Rejected
REF003805,TXN004927,CUST06995,MER09178,2024-01-21 15:38:03,45054.51,Duplicate Transaction,Completed
REF003806,TXN007038,CUST08673,MER05318,2024-06-10 09:10:31,9082.44,Product Returned,Completed
REF003807,TXN003277,CUST02905,MER07557,2024-03-21 09:16:54,22042.92,Product Returned,Completed
REF003808,TXN008739,CUST03022,MER04243,2024-05-06 00:52:12,98832.28,Order Cancelled,Pending
REF003809,TXN008531,CUST06408,MER04414,2024-06-26 19:25:21,1507.67,Booking Cancelled,Completed
REF003810,TXN002806,CUST09151,MER02419,2024-10-29 19:18:06,1441.41,Order Cancelled,Completed
REF003811,TXN003079,CUST09319,MER02216,2024-08-15 03:26:36,549.25,Duplicate Transaction,Completed
REF003812,TXN001297,CUST02477,MER09543,2025-01-22 01:32:36,3808.55,Booking Cancelled,Completed
REF003813,TXN000754,CUST03537,MER00897,2024-10-06 04:35:06,692.58,Customer Request,Pending
REF003814,TXN009665,CUST05318,MER03388,2024-06-13 22:13:55,48111.73,Order Cancelled,Rejected
REF003815,TXN005899,CUST03518,MER03525,2024-02-18 19:41:28,4442.85,Duplicate Transaction,Completed
REF003816,TXN007210,CUST00830,MER04806,2024-04-25 07:35:11,91955.14,Order Cancelled,Completed
REF003817,TXN000092,CUST00670,MER07917,30/05/2024,66123.49,Product Returned,Completed
REF003818,TXN004388,CUST07791,MER06483,2024-04-05 14:00:18,29320.26,Booking Cancelled,Completed
REF003819,TXN005110,CUST02474,MER06805,2024-12-28 13:57:58,9162.29,Duplicate Transaction,Completed
REF003820,TXN007343,CUST04993,MER06360,2024-09-28 22:50:03,439.91,Duplicate Transaction,Rejected
REF003821,TXN006148,CUST03940,MER06109,2024-06-26 20:03:48,759.06,Duplicate Transaction,Completed
REF003822,TXN004876,,MER07378,2024-09-30 14:32:33,2038.86,Booking Cancelled,Completed
REF003823,TXN003445,CUST04814,MER05283,2024-09-01 09:02:13,1997.81,Duplicate Transaction,Completed
REF003824,TXN005189,CUST06615,,2024-09-20 22:35:04,80535.87,Customer Request,Completed
REF003825,TXN003560,CUST08978,MER00008,2025-01-27 01:47:56,17095.42,Order Cancelled,Completed
REF003826,TXN001371,CUST07655,MER06201,2024-12-13 19:45:59,41980.88,Customer Request,Pending
REF003827,TXN000428,CUST00519,MER01784,2024-12-08 11:36:41,7451.88,Product Returned,Completed
REF003828,TXN003056,CUST06203,MER01590,2024-07-18 03:54:37,295.56,Customer Request,Completed
REF003829,TXN000412,CUST04326,MER09080,2024-04-04 13:18:13,8874.4,Order Cancelled,Completed
REF003830,TXN002094,CUST08597,MER06562,2024-04-16 11:10:51,909.1,Booking Cancelled,Completed
REF003831,TXN001164,CUST06874,MER00459,2024-04-04 09:05:00,10390.34,Booking Cancelled,Completed
REF003832,TXN000444,CUST04640,MER00627,2024-07-08 09:29:22,1409.39,Product Returned,Completed
REF003833,TXN005090,CUST02202,MER02466,2024-06-09 17:15:03,14435.54,Product Returned,Completed
REF003834,TXN006798,CUST05712,MER01056,2024-09-06 17:44:54,275.68,Booking Cancelled,Pending
REF003835,TXN000549,CUST09530,MER09150,2024-06-08 15:00:59,8519.87,Customer Request,Rejected
REF003836,TXN006549,CUST04377,MER07028,2024-05-04 19:47:39,10900.79,Duplicate Transaction,Pending
REF003837,TXN003478,CUST08115,MER06198,2024-09-05 18:15:46,197.24,Customer Request,Completed
REF003838,TXN002626,CUST02345,MER06561,2024-05-07 07:53:05,38131.7,Booking Cancelled,
REF003839,TXN001995,CUST07207,MER03014,2024-04-29 03:31:49,10779.44,Duplicate Transaction,Pending
REF003840,TXN008809,CUST05577,MER01628,2024-12-08 00:20:44,7768.06,Customer Request,Pending
REF003841,TXN007286,CUST01110,MER00916,2024-10-06 01:32:51,406.88,Booking Cancelled,Completed
REF003842,TXN009102,CUST01527,MER00318,2024-07-20 10:50:22,62206.44,Order Cancelled,Completed
REF003843,TXN001235,CUST00582,MER08936,2024-04-06 20:52:57,615.8,Booking Cancelled,Completed
REF003844,TXN002313,CUST00739,MER09186,2024-12-01 15:53:20,12345.85,Product Returned,Completed
REF003845,TXN000855,CUST04143,MER01881,2024-02-08 14:23:23,410.45,Booking Cancelled,Completed
REF003846,TXN009924,CUST07672,MER01962,2024-10-03 18:33:16,39300.59,Booking Cancelled,Completed
REF003847,TXN001259,CUST01976,MER01105,2024-01-14 08:56:55,233.04,Duplicate Transaction,Completed
REF003848,TXN005833,CUST09374,,2024-04-25 22:12:32,440.45,Booking Cancelled,Completed
REF003849,TXN002854,CUST02639,MER05721,2024-08-11 17:46:48,277.65,Duplicate Transaction,Completed
REF003850,TXN003356,CUST00605,MER06279,2024-12-21 15:21:51,9807.92,Duplicate Transaction,Completed
REF003851,TXN000369,CUST01194,MER02652,2024-03-03 18:08:56,18593.38,Customer Request,Completed
REF003852,TXN004126,CUST02394,MER06674,2025-01-04 18:34:42,2911.19,Booking Cancelled,Pending
REF003853,TXN001273,CUST07275,MER05995,2024-06-24 10:47:00,9432.79,Order Cancelled,Completed
REF003854,TXN006735,CUST05326,MER07848,2024-08-02 16:05:08,35830.59,Duplicate Transaction,Completed
REF003855,TXN005664,CUST00536,MER02765,2024-08-20 08:16:38,9930.58,Duplicate Transaction,Rejected
REF003856,TXN009674,CUST04895,MER07406,2024-06-05 21:50:34,82241.38,Order Cancelled,Completed
REF003857,TXN003661,CUST08747,MER03688,2024-06-14 11:29:32,10784.08,Duplicate Transaction,Completed
REF003858,TXN006069,CUST00347,MER06580,2024-11-27 09:34:17,9014.66,Duplicate Transaction,Pending
REF003859,TXN006717,CUST07483,MER03836,2024-01-17 02:33:35,1097.01,Order Cancelled,Completed
REF003860,TXN004047,,MER04701,2024-12-07 00:51:21,2291.6,Duplicate Transaction,Completed
REF003861,TXN009093,CUST05111,MER08630,2024-09-19 20:19:40,1358.52,Order Cancelled,Completed
REF003862,TXN005980,CUST08950,MER05986,2024-10-13 20:42:27,14484.27,Order Cancelled,Completed
REF003863,,CUST07821,MER07814,2024-06-22 00:36:15,1816.82,Customer Request,Completed
REF003864,TXN007698,CUST03802,MER06421,2024-01-29 20:16:07,1275.44,Order Cancelled,Pending
REF003865,TXN002462,CUST06336,MER03039,2024-05-29 08:53:18,unknown,Duplicate Transaction,Completed
REF003866,TXN003549,CUST09583,MER04122,2025-01-02 08:43:26,63769.09,Customer Request,Pending
REF003867,TXN009205,CUST00020,MER00645,2024-09-08 17:12:41,1444.78,Booking Cancelled,Completed
REF003868,TXN003573,CUST05114,MER00401,2024-10-02 01:34:29,38483.08,Duplicate Transaction,Completed
REF003869,TXN002970,CUST08643,MER04801,2024-05-10 17:15:05,97005.58,Customer Request,Completed
REF003870,TXN008244,CUST09840,,2024-07-01 15:34:41,47280.9,Duplicate Transaction,Completed
REF003871,TXN002087,CUST00448,MER06138,2024-04-10 11:59:47,10940.81,Order Cancelled,Completed
REF003872,TXN008242,CUST07675,MER09277,,102985.49,Customer Request,Completed
REF003873,TXN007056,CUST08165,MER00853,2024-09-09 21:31:18,1586.4,Product Returned,Pending
REF003874,TXN002063,CUST01255,MER01300,2024-11-23 13:23:17,,Order Cancelled,Completed
REF003875,TXN001059,CUST02004,MER01767,2024-01-10 15:17:29,81538.96,Duplicate Transaction,Completed
REF003876,TXN007094,CUST07072,MER02322,2024-04-14 19:46:45,357.19,Booking Cancelled,Pending
REF003877,TXN007411,CUST04190,MER05682,2024-04-30 04:40:19,2362.78,Customer Request,Completed
REF003878,TXN003329,CUST05762,MER02310,2024-10-18 02:25:37,40951.46,Order Cancelled,Completed
REF003879,TXN006237,CUST08759,MER09737,2024-01-13 06:58:45,48470.84,Order Cancelled,Completed
REF003880,TXN004585,CUST00232,MER01554,2024-05-12 21:24:14,6702.22,Duplicate Transaction,Completed
REF003881,TXN001008,CUST08062,MER01936,2024-03-28 19:18:11,5503.92,Order Cancelled,Pending
REF003882,TXN008493,CUST04796,MER00542,2024-05-26 04:23:47,416.22,Booking Cancelled,Completed
REF003883,TXN002545,CUST03640,MER00690,2024-12-11 07:01:24,73234.63,Booking Cancelled,Completed
,TXN003008,CUST01470,MER05860,2024-07-24 16:25:22,4810.52,Order Cancelled,Rejected
REF003885,TXN006687,CUST00857,MER00946,2024-02-10 00:56:14,1669.44,Product Returned,Pending
REF003886,TXN000796,CUST06004,MER09393,2024-03-15 22:43:46,10781.87,Duplicate Transaction,Completed
REF003887,TXN006698,CUST01525,,2024-03-24 17:09:45,1636.58,Customer Request,Rejected
REF003888,TXN005958,CUST08856,MER08195,2024-11-07 10:32:55,12505.09,Product Returned,Rejected
,UNKNOWN,CUST02626,MER03703,2024-06-01 09:34:13,31005.0,Order Cancelled,Rejected
REF003890,TXN000687,CUST03365,MER05643,2024-02-12 15:20:48,4529.73,Customer Request,Completed
REF003891,TXN000193,CUST08344,MER08706,2024-11-22 13:01:33,1080.95,Booking Cancelled,Completed
REF003892,TXN001283,CUST03385,MER00960,2024-12-20 12:32:04,31251.02,Booking Cancelled,Completed
REF003893,TXN002078,CUST06226,MER09331,2024-06-09 10:26:17,41444.86,Product Returned,Rejected
REF003894,TXN004593,CUST05784,MER06209,2024-04-29 22:33:00,281.6,Duplicate Transaction,Rejected
REF003895,TXN001459,CUST00324,MER03641,2024-02-20 20:39:16,97515.06,Duplicate Transaction,Completed
REF003896,TXN008774,CUST05089,MER00181,2024-05-27 12:27:14,10331.59,Duplicate Transaction,Completed
REF003897,TXN006451,CUST04155,MER00835,2024-08-11 01:57:43,42201.04,Order Cancelled,Pending
REF003898,TXN005514,CUST03303,MER09506,2024-10-18 15:57:46,53946.15,Booking Cancelled,Completed
REF003899,TXN001597,CUST08424,MER07720,2024-11-22 14:04:43,2061.1,Order Cancelled,Completed
REF003900,TXN005286,CUST07027,MER04841,2024-01-08 10:03:20,6076.75,Booking Cancelled,Completed
REF003901,TXN004897,CUST03899,MER09953,2024-07-11 18:26:27,12609.94,Order Cancelled,
,TXN009946,CUST01338,MER08029,2024-09-29 06:11:28,44149.24,Order Cancelled,Pending
REF003903,TXN006769,CUST05601,MER03778,2024-05-24 19:15:17,5899.05,Order Cancelled,Completed
REF003904,TXN006039,CUST01482,MER05820,2024-04-18 16:48:33,16057.29,Booking Cancelled,Completed
REF003905,TXN004412,CUST07570,MER03252,2024-04-02 13:02:45,23677.54,Duplicate Transaction,Completed
,TXN004922,CUST02016,MER08917,2024-05-25 20:35:52,8719.67,Customer Request,Completed
REF003907,,CUST08017,MER04599,2024-06-20 16:20:58,245.29,Duplicate Transaction,Completed
REF003908,TXN007212,CUST07781,MER03497,2024-03-09 09:30:28,,Order Cancelled,Pending
REF003909,TXN009439,CUST02831,MER03479,22/12/2024,112049.88,Order Cancelled,Rejected
REF003910,TXN003850,CUST08234,MER03770,2024-04-21 02:53:54,448.86,Booking Cancelled,Completed
REF003911,TXN006405,CUST05712,MER00077,2024-07-08 14:28:55,14031.88,Order Cancelled,Completed
REF003912,TXN004881,CUST07221,MER03957,2024-09-09 17:09:47,38415.66,Product Returned,Completed
REF003913,TXN007418,CUST05231,MER03425,,390.25,Booking Cancelled,Pending
REF003914,TXN006283,CUST00628,MER05400,2024-02-16 14:34:23,16187.28,Booking Cancelled,
REF003915,TXN003354,CUST04478,MER08990,2024-04-02 00:59:22,850.7,Customer Request,Completed
REF003916,TXN004385,CUST04926,MER03692,04/09/2024,24349.96,Product Returned,Completed
REF003917,TXN007102,CUST09009,MER01406,2024-10-23 19:09:53,87266.23,Booking Cancelled,Completed
REF003918,TXN003426,CUST06101,MER07351,2024-07-24 04:35:57,2024.5,Customer Request,Completed
REF003919,TXN008209,CUST08670,MER01562,2024-09-11 03:12:55,21782.08,Duplicate Transaction,Completed
REF003920,TXN007975,CUST03233,MER04841,2024-03-10 13:00:59,93.44,Customer Request,Completed
REF003921,TXN000193,CUST08344,MER08706,2024-12-03 13:01:33,1080.95,Duplicate Transaction,Completed
REF003922,TXN008851,CUST06931,MER01306,2024-07-16 18:22:50,,Order Cancelled,Pending
REF003923,,CUST06510,MER04398,2024-06-02 19:37:45,12131.35,Product Returned,Pending
REF003924,TXN008905,CUST09171,MER08233,2024-07-25 14:00:41,156.12,Order Cancelled,Completed
REF003925,TXN000384,CUST05155,MER09596,2024-07-04 13:33:42,12801.42,Product Returned,
REF008293,TXN008419,CUST05545,MER08361,2024-05-31 16:25:55,7769.12,Customer Request,Rejected
REF003927,TXN004748,CUST07858,MER04169,12/05/2024,71513.5,Product Returned,Completed
REF003928,TXN000244,CUST09569,MER03498,2024-01-22 04:06:58,1867.73,Order Cancelled,Completed
REF003929,TXN007430,CUST06102,MER09194,2024-10-25 06:49:11,945.66,Booking Cancelled,Pending
REF003930,TXN001679,CUST00916,MER08148,2024-04-25 06:24:06,2517.87,Customer Request,Completed
REF003931,TXN008673,,MER01760,2024-04-29 19:22:16,7666.06,Booking Cancelled,Completed
REF003932,TXN007751,CUST02305,MER06141,2024-04-22 21:48:54,42298.88,Booking Cancelled,Completed
REF003933,TXN009006,CUST08904,MER05412,2024-09-27 00:19:58,1549.59,Booking Cancelled,Pending
REF003934,TXN002221,CUST02537,MER09045,2024-08-09 07:11:26,571.9,Product Returned,Completed
REF003935,TXN003238,CUST00468,MER01235,2024-11-19 03:35:29,33172.74,Product Returned,Completed
REF003936,TXN008979,CUST08669,MER04102,2024-04-02 12:07:04,16610.66,Order Cancelled,Pending
REF003937,TXN004504,CUST09837,MER01077,2024-12-31 14:22:56,10615.91,Product Returned,Completed
REF003938,,CUST09441,MER03867,2024-03-15 06:36:40,5963.51,Product Returned,Completed
REF003939,TXN009844,CUST03101,MER03708,2024-12-23 16:10:00,342.36,Customer Request,Completed
REF003940,TXN001811,CUST02100,MER01040,2024-01-27 19:13:09,45590.95,Duplicate Transaction,Rejected
REF003941,TXN000759,CUST06434,MER06796,2024-04-22 13:33:23,16160.26,Customer Request,Completed
REF003942,,CUST06569,MER02178,2024-08-31 17:41:06,45.56,Booking Cancelled,Completed
REF003943,TXN003251,CUST07190,MER01032,2024-08-02 12:59:24,14027.51,Booking Cancelled,Completed
REF003944,TXN008554,CUST00580,MER02463,2024-08-19 05:07:38,2025.49,Duplicate Transaction,Pending
REF003945,TXN008279,CUST00654,MER00993,2024-11-07 08:22:17,306.9,Duplicate Transaction,Completed
REF003946,TXN000319,CUST05487,MER01893,2024-07-02 10:41:51,2208.34,Customer Request,Completed
REF003947,TXN008507,CUST08968,MER00523,2024-11-17 22:37:54,88400.05,Order Cancelled,Pending
REF003948,TXN008030,CUST00775,MER07027,2024-10-17 18:02:05,11331.25,Customer Request,Completed
REF003949,TXN009198,CUST08441,MER07773,2024-09-13 01:03:10,3854.23,Customer Request,Pending
REF003950,TXN003353,CUST05149,MER06233,2024-02-25 04:31:08,13098.9,Customer Request,Pending
REF003951,TXN009975,CUST01809,MER09549,2024-12-06 01:35:28,57526.06,Customer Request,Completed
REF003952,TXN007426,CUST08444,MER00724,2024-06-11 11:18:31,10077.23,Booking Cancelled,Completed
REF003953,TXN009380,CUST01096,MER09345,2024-06-23 15:33:42,2898.56,Customer Request,Completed
REF003954,TXN005003,,MER07153,2024-01-25 12:37:19,3928.66,Booking Cancelled,Pending
REF003955,UNKNOWN,CUST06177,MER04845,2024-04-14 08:15:43,45405.96,Order Cancelled,Pending
REF003956,TXN005527,CUST02699,MER05450,2024-02-07 17:01:05,4046.78,Product Returned,Completed
REF003957,TXN008380,CUST09666,MER01633,2024-01-30 20:51:15,576.0,Product Returned,Completed
REF003958,TXN002405,CUST03302,MER09224,2024-04-26 17:06:28,30876.09,Order Cancelled,Pending
REF003959,TXN006674,CUST01457,MER07122,2024-01-24 23:45:04,9184.48,Booking Cancelled,Completed
REF003960,TXN008856,CUST00247,MER04409,16/04/2024,43263.5,Booking Cancelled,Completed
REF003961,TXN006889,CUST09219,MER03338,2024-02-21 21:43:29,480.22,Booking Cancelled,Completed
REF003962,TXN008987,CUST01227,MER04745,2024-08-01 10:04:24,20258.77,Customer Request,Pending
REF003963,TXN001807,CUST00230,MER06894,2024-11-20 04:32:24,1189.84,Booking Cancelled,Completed
REF003964,TXN009812,CUST08256,MER04530,2024-10-24 18:37:11,9337.83,Duplicate Transaction,
,TXN000087,CUST01112,MER03203,2024-09-27 19:32:45,12136.97,Order Cancelled,Completed
REF003966,TXN000839,CUST09698,MER06156,2024-06-27 02:11:06,667.0,Duplicate Transaction,Completed
REF003967,TXN009435,CUST06336,MER06255,2024-07-11 08:52:25,371.56,Customer Request,Completed
REF003968,TXN005249,CUST08302,MER09168,2024-10-07 05:51:17,6010.22,Product Returned,Rejected
REF003969,,CUST01647,MER00442,2024-08-29 11:15:42,21774.38,Booking Cancelled,Rejected
REF003970,TXN009851,CUST06808,MER09622,2024-06-26 16:53:39,252.37,,Completed
REF003971,TXN002888,CUST04137,MER02706,2024-09-15 00:01:33,961.63,Customer Request,Completed
REF003972,TXN002513,CUST08800,MER01410,2024-06-01 11:51:02,17538.26,Duplicate Transaction,Completed
REF003973,TXN006370,CUST04648,MER05321,2024-08-08 14:54:18,3905.12,Product Returned,Rejected
REF003974,TXN005125,CUST01551,MER02278,2024-10-05 10:38:43,337.2,Booking Cancelled,Pending
REF003975,TXN001077,CUST06876,MER02782,2024-09-01 08:29:13,40.94,Booking Cancelled,Completed
REF003976,TXN002914,CUST00202,MER05040,2024-02-04 12:48:31,20038.84,Order Cancelled,Completed
REF003977,TXN002632,CUST09517,MER02014,27/08/2024,6353.55,Customer Request,Completed
,TXN006550,CUST04931,MER02431,2024-04-04 22:11:05,41634.32,Customer Request,Completed
REF003979,TXN008663,CUST04270,MER09509,2024-08-31 03:37:37,16297.24,Order Cancelled,Completed
REF003980,TXN006873,CUST04870,MER07703,2024-08-23 11:56:42,1368.23,Customer Request,Completed
REF003981,TXN002763,CUST04729,MER00030,2024-11-02 05:17:19,724.32,Duplicate Transaction,
REF003982,TXN001085,CUST05633,MER09038,2024-03-28 08:36:50,18004.48,Product Returned,Completed
REF003983,TXN006534,CUST06568,,2024-06-02 22:03:36,2896.94,Order Cancelled,Completed
REF003984,TXN001810,CUST06569,MER02178,2024-09-01 17:41:06,91.11,Order Cancelled,Completed
REF003985,TXN005219,CUST08320,MER09221,2024-02-24 12:10:10,1293.21,Customer Request,Completed
REF003986,TXN004362,CUST01826,MER04003,2024-03-17 12:06:19,61306.26,,Completed
REF003987,TXN005822,CUST08381,MER04959,2024-06-24 00:06:22,30998.51,Customer Request,Completed
REF003988,TXN000790,CUST02285,MER02806,2024-02-29 03:07:34,1120.57,Customer Request,Completed
REF003989,TXN003645,CUST06237,MER04459,2024-04-26 22:08:13,45841.34,Order Cancelled,Pending
REF003990,TXN001866,CUST00635,MER06268,2024-06-09 07:58:46,16926.82,Order Cancelled,Pending
REF003991,TXN000842,CUST02558,MER06568,2024-09-17 08:27:36,69.86,Product Returned,Pending
,TXN007210,CUST00830,MER04806,2024-04-19 07:35:11,91955.14,Product Returned,Completed
REF003993,TXN004469,CUST01751,MER01862,2024-10-13 16:35:00,20598.46,Duplicate Transaction,Completed
REF003994,TXN002873,CUST01247,MER02076,2024-05-21 00:06:18,2419.38,Customer Request,Completed
REF003995,TXN003747,CUST02526,MER06559,2024-11-29 20:44:46,1920.08,Booking Cancelled,Pending
REF003996,TXN002489,CUST03916,MER04268,2024-03-22 07:58:47,2351.4,Product Returned,Completed
REF003997,TXN002359,CUST06599,MER00538,2024-12-08 19:07:34,75131.3,Booking Cancelled,Completed
REF003998,TXN003473,CUST09053,MER05979,2024-08-17 22:32:25,19568.38,Booking Cancelled,Pending
REF003999,TXN001223,CUST01355,MER02288,2024-05-17 21:48:38,3886.48,Duplicate Transaction,Completed
REF004000,TXN000040,CUST02960,,2024-07-25 00:02:32,1513.64,Customer Request,Completed
REF004001,TXN000900,CUST01990,MER04189,2024-07-31 19:32:35,270.41,Product Returned,Completed
REF004002,TXN002413,CUST09768,MER07844,2024-07-13 06:41:58,21916.88,Product Returned,Completed
REF004003,TXN002328,CUST07052,MER02188,2024-09-23 09:20:58,71.32,Order Cancelled,Pending
REF004004,TXN000026,CUST04199,,2024-08-03 14:52:22,15831.41,Order Cancelled,Completed
REF004005,TXN002755,CUST01840,MER09402,2025-01-06 23:09:31,10970.69,Order Cancelled,Completed
REF004006,TXN000685,CUST02395,MER06720,2024-02-26 05:24:50,438.17,Duplicate Transaction,Completed
REF004007,TXN009182,CUST04703,MER09896,2024-07-29 16:49:57,7541.53,Order Cancelled,Completed
REF009487,TXN007917,CUST06743,MER00789,2024-02-03 13:58:00,7871.94,Customer Request,Completed
REF004009,TXN005723,CUST03846,MER05501,2024-09-19 18:37:25,4748.52,Booking Cancelled,Completed
REF004010,TXN007876,CUST08425,MER03369,2024-03-01 07:47:26,21757.19,Order Cancelled,Completed
REF004011,TXN005897,CUST02044,MER01384,21/07/2024,2986.4,Customer Request,Completed
REF004012,TXN001698,CUST02961,MER07234,2024-07-23 15:11:51,311.52,Booking Cancelled,Pending
REF004013,TXN000288,CUST09878,MER08211,2024-11-21 22:49:06,98023.55,Product Returned,Completed
REF004014,TXN004588,CUST04961,MER06053,2024-01-25 07:05:44,7071.78,Booking Cancelled,Completed
REF004015,TXN001130,CUST04622,MER00890,2024-09-21 04:35:45,6700.67,Customer Request,Completed
REF004016,TXN005230,CUST04636,MER00156,2024-01-24 21:01:03,1635.63,Duplicate Transaction,Completed
REF004017,TXN009343,CUST02784,MER09439,2024-05-17 17:44:29,16669.64,Booking Cancelled,Completed
REF004018,TXN006950,CUST00907,MER06589,2024-11-14 17:36:26,4169.09,Product Returned,Completed
REF004019,TXN002780,CUST04513,MER04788,2024-11-20 09:07:40,11665.08,Duplicate Transaction,Completed
REF004020,TXN001599,CUST07099,MER09289,2024-03-30 16:51:24,21181.3,Product Returned,Completed
REF004021,TXN008074,CUST06647,MER06925,2024-08-02 05:19:03,570.75,Order Cancelled,Pending
REF004022,TXN009785,CUST04871,MER08883,2024-04-10 13:57:02,1969.46,Product Returned,Completed
REF004023,TXN003060,CUST09059,MER01533,2024-07-20 16:36:14,8777.04,Duplicate Transaction,Completed
REF004024,TXN009253,CUST00010,MER07480,2024-05-20 14:23:44,342.98,Customer Request,Rejected
REF004025,TXN005383,CUST09808,MER00861,2024-06-18 23:49:11,288.76,Duplicate Transaction,Completed
REF004026,TXN006300,CUST08583,MER01558,2024-02-04 14:06:06,105012.55,Booking Cancelled,Completed
REF004027,TXN007407,CUST02776,MER04905,2024-11-02 20:30:27,1019.08,Booking Cancelled,Completed
REF004028,,CUST04581,MER08203,2024-09-18 13:43:16,1162.25,Product Returned,Rejected
REF004029,TXN007824,CUST09959,MER01937,2024-01-13 13:15:35,12322.69,Duplicate Transaction,Completed
REF004030,TXN003822,CUST03163,MER07170,2024-11-30 15:48:07,23994.22,Duplicate Transaction,Completed
REF004031,TXN008681,CUST00396,MER07293,2024-02-15 21:18:24,4742.21,Order Cancelled,Completed
REF004032,TXN002187,CUST09608,MER06553,2024-12-10 05:43:54,16265.95,Duplicate Transaction,Completed
REF004033,TXN005469,CUST08296,MER07260,2024-02-14 19:06:38,325.91,Customer Request,Completed
REF004034,TXN004441,CUST05243,MER04750,2024-11-15 20:41:36,322.48,Duplicate Transaction,Completed
REF004035,TXN006497,CUST00856,MER01870,2024-07-26 02:01:57,163.91,Duplicate Transaction,Completed
REF004036,,CUST09449,MER00927,2024-09-19 00:42:00,20383.72,Order Cancelled,Completed
REF004037,TXN007651,CUST00753,MER04245,2024-06-26 07:15:14,77380.3,Booking Cancelled,Pending
REF004038,TXN001724,CUST03057,MER05119,2024-03-05 01:27:13,14947.16,Duplicate Transaction,Pending
REF005029,TXN004167,CUST02310,MER09026,2024-01-18 14:22:31,314.09,Customer Request,
REF004040,TXN009003,CUST08437,MER08690,2024-02-03 15:03:44,45739.49,Product Returned,Completed
REF004041,TXN007811,CUST09739,MER06541,2024-05-01 23:30:47,48668.45,Order Cancelled,Completed
REF004042,TXN001873,CUST08179,MER03019,2024-02-15 19:02:56,2334.41,Order Cancelled,Completed
REF004043,TXN008104,CUST09807,MER08787,2024-07-16 14:17:03,8379.86,Product Returned,Rejected
REF004044,TXN004928,CUST02224,MER00330,2024-08-13 15:33:17,10883.85,Product Returned,Completed
REF004045,TXN001819,CUST07022,MER01180,2024-10-31 13:47:00,659.8,Duplicate Transaction,Completed
REF004046,TXN002771,CUST07660,MER09739,,107938.67,Order Cancelled,Pending
REF004047,TXN001561,CUST06267,MER00900,2024-01-04 09:26:06,1849.2,Customer Request,Completed
REF004048,TXN004887,CUST08129,MER03808,2024-07-03 17:10:02,91199.65,Customer Request,Pending
REF004049,TXN002633,CUST00850,MER02790,2024-05-05 16:02:17,45567.2,Product Returned,Completed
REF004050,TXN008113,CUST09110,MER09873,2024-04-20 00:42:04,11079.44,Product Returned,Completed
REF004051,TXN003061,CUST04164,MER00424,2024-07-01 23:01:37,2022.74,Order Cancelled,Completed
REF004052,TXN004789,,MER01032,2024-05-26 22:37:33,15430.82,,Pending
REF004053,TXN006528,CUST09614,MER09378,2024-10-25 07:33:49,8499.64,Order Cancelled,Completed
REF004054,TXN006367,CUST07433,MER06504,2024-04-02 18:34:00,14387.83,Customer Request,Rejected
REF004055,TXN006445,CUST09738,,2024-10-04 05:06:01,633.03,Duplicate Transaction,Completed
REF004056,TXN003721,CUST01887,MER01959,2024-07-11 10:42:09,410.26,Booking Cancelled,Completed
REF004057,TXN009467,CUST09269,MER01409,2024-10-14 21:38:54,12542.61,Order Cancelled,Completed
REF004058,TXN009971,CUST05146,MER04272,2024-06-14 20:40:39,6947.16,Product Returned,Completed
REF004059,TXN009427,CUST02640,MER06651,2024-12-01 13:55:37,28319.65,Product Returned,Completed
REF004060,TXN006875,CUST08294,MER00614,2024-07-01 13:01:16,1736.45,Order Cancelled,Completed
REF004061,TXN005879,CUST08555,MER02267,2024-01-10 21:13:13,10666.24,Duplicate Transaction,Pending
REF004062,TXN008038,CUST02978,MER02097,2024-02-07 02:50:21,16911.19,Order Cancelled,Completed
REF004063,TXN006140,CUST07975,MER02741,2024-03-06 08:55:39,13388.74,Booking Cancelled,Completed
REF004064,TXN004199,CUST07950,MER02478,2024-03-07 15:27:49,11014.77,Product Returned,Completed
REF004065,TXN005066,CUST02865,MER06455,2024-04-20 05:07:32,19751.71,Product Returned,Rejected
REF004066,TXN005659,CUST02802,MER05017,,85721.4,Product Returned,Rejected
REF004067,TXN002515,CUST01684,MER04697,2024-08-12 01:44:32,43200.41,Order Cancelled,Completed
REF004068,TXN004869,CUST04892,MER04917,2025-01-10 16:06:55,18162.24,Order Cancelled,Pending
REF004069,TXN002209,CUST08203,MER03719,2024-12-14 06:31:07,17634.11,Product Returned,Rejected
REF004070,TXN001704,CUST01932,MER04395,2024-09-09 12:12:14,1927.96,Product Returned,Pending
REF004071,TXN002347,CUST02598,MER01151,2024-06-19 17:30:03,17038.7,Duplicate Transaction,Completed
REF004072,TXN004265,CUST07497,MER09044,2024-09-11 05:50:15,73748.93,Customer Request,Completed
REF005376,TXN001096,CUST02889,MER02492,2024-04-16 18:11:43,20234.22,Duplicate Transaction,Completed
REF004074,TXN005182,CUST07155,MER05011,2024-02-08 01:25:15,43389.32,Product Returned,
REF004075,TXN000887,CUST08554,,2024-05-19 11:35:53,16921.78,Order Cancelled,Completed
REF004076,TXN003301,CUST09861,MER05625,2024-06-21 00:53:18,128.3,Customer Request,Completed
REF004077,TXN002439,CUST08618,MER00616,2024-06-12 14:13:43,193.63,Duplicate Transaction,
REF004078,TXN006286,CUST09644,MER05602,2024-05-13 16:17:27,2436.13,Product Returned,Pending
REF004079,TXN003480,CUST03579,MER07595,2025-01-10 21:05:15,1777.82,Duplicate Transaction,Rejected
REF004080,TXN009189,CUST04253,MER04643,2024-05-24 09:18:12,8465.85,Order Cancelled,Completed
REF004081,TXN001324,CUST08520,MER04753,2024-02-12 23:23:35,593.49,Product Returned,
REF004082,TXN000197,CUST02244,MER08120,2024-04-13 15:26:12,1577.65,Product Returned,Completed
REF004083,TXN008597,CUST02135,MER00311,2024-05-11 14:31:35,1635.53,Product Returned,Pending
REF004084,TXN002261,CUST09230,MER04315,2024-10-10 06:07:27,17706.55,Order Cancelled,Completed
REF004085,TXN008742,CUST05647,MER05536,2024-07-05 09:14:41,4772.77,Duplicate Transaction,Completed
REF004086,TXN004027,CUST08499,MER05894,2024-09-19 17:27:37,1139.14,Booking Cancelled,Completed
REF004087,TXN009843,CUST06805,MER06802,2024-05-25 13:10:17,17685.2,Order Cancelled,Completed
REF004088,TXN001441,CUST01482,MER08829,2024-06-14 14:21:30,21674.81,Order Cancelled,Completed
REF004089,TXN005431,CUST05349,MER04506,2024-02-28 01:47:18,297.94,Duplicate Transaction,Rejected
REF004090,TXN002285,CUST08300,MER02926,2024-11-02 01:39:15,54291.18,Order Cancelled,
REF004091,TXN005872,CUST06151,MER00512,2024-07-12 11:45:54,1611.26,Order Cancelled,Pending
REF004092,TXN005629,CUST04393,MER06533,2024-01-29 04:26:36,726.28,Product Returned,Completed
REF004093,TXN000154,CUST01928,MER02149,2024-12-20 17:20:16,45028.3,Order Cancelled,Completed
REF004094,TXN001518,CUST05249,MER04597,2024-08-25 21:08:20,77467.76,Duplicate Transaction,Pending
REF004095,TXN007280,CUST06486,MER06186,2024-04-25 03:07:06,12104.12,Order Cancelled,Completed
REF004096,TXN009791,CUST03412,MER03662,2024-08-30 11:09:30,21406.86,Order Cancelled,Completed
REF004097,TXN008182,CUST09391,MER09623,2024-06-01 15:07:25,78295.63,Product Returned,Completed
REF004098,TXN005534,CUST09770,MER00657,2025-01-11 16:34:37,3257.36,Customer Request,Completed
REF004099,TXN007661,CUST01390,MER04754,2024-05-05 20:56:19,50508.21,Order Cancelled,Pending
REF004100,TXN000352,CUST04535,MER07701,2024-12-24 12:21:27,14505.2,Duplicate Transaction,Completed
REF004101,TXN000690,CUST03947,MER03296,2024-07-31 16:58:49,17858.09,Duplicate Transaction,Completed
REF004102,TXN003659,CUST03257,MER05122,2024-07-27 14:22:06,22272.34,Duplicate Transaction,Completed
REF004103,TXN007670,CUST08928,MER06866,2024-07-22 05:49:02,153.49,Order Cancelled,Completed
REF004104,TXN003176,CUST00036,MER08198,2024-04-14 03:49:58,64.42,Booking Cancelled,Completed
REF004105,TXN004584,CUST05673,MER06904,2024-05-13 20:43:43,19634.84,Order Cancelled,Completed
REF004106,TXN007271,CUST02071,MER03181,2024-09-24 22:29:00,1730.5,Order Cancelled,Completed
REF004107,TXN006232,CUST04119,MER08714,2024-07-13 13:05:34,16030.84,Order Cancelled,Completed
REF004108,TXN006793,CUST03381,MER07353,2024-05-08 00:30:37,3627.18,Duplicate Transaction,Pending
REF004109,TXN006316,CUST08312,MER09209,2024-10-23 12:57:39,4647.4,Duplicate Transaction,Completed
REF004110,TXN003687,CUST03129,MER01725,2024-04-30 05:37:59,320.3,Product Returned,Completed
REF004111,TXN008769,CUST05644,MER07687,2024-05-29 17:30:35,6617.82,Order Cancelled,Completed
REF004112,TXN006040,CUST06237,MER07245,2024-07-02 14:14:18,,Product Returned,Completed
,TXN002766,CUST02837,MER02893,2024-07-19 14:43:37,2566.08,Order Cancelled,Completed
REF004114,TXN000330,CUST00209,MER00889,2024-07-05 14:23:40,911.02,Duplicate Transaction,
REF004115,TXN007212,CUST07781,MER03497,2024-03-07 09:30:28,417.42,Product Returned,Completed
REF004116,TXN004339,CUST06059,MER08832,2024-12-06 10:03:03,653.77,Order Cancelled,Completed
REF004117,TXN001365,CUST06039,MER02324,20/11/2024,472.8,Product Returned,Completed
REF004118,TXN002579,CUST00624,MER09251,2024-07-04 23:27:28,58166.02,Customer Request,Rejected
REF004119,TXN007579,CUST08363,MER04725,2025-01-03 07:59:01,5439.4,Customer Request,Completed
REF004120,TXN005056,CUST02155,MER06877,2024-05-11 18:44:58,7602.63,Duplicate Transaction,Completed
REF004121,TXN004009,CUST04708,MER01798,2024-05-21 13:23:47,5221.84,Product Returned,Completed
REF004122,TXN005875,CUST08398,MER05617,2024-04-28 16:47:39,13299.85,Booking Cancelled,Pending
REF004123,TXN000604,CUST01113,MER04541,2024-04-23 02:38:24,1179.52,Booking Cancelled,Completed
REF004124,TXN004619,CUST06703,MER02150,2024-10-14 08:09:27,495.84,Duplicate Transaction,Completed
REF004125,TXN007745,CUST01328,MER00245,2024-03-11 17:12:22,66792.22,,Pending
REF004126,TXN003568,CUST06436,UNKNOWN,2024-06-09 08:39:50,64336.19,Duplicate Transaction,Completed
REF004127,TXN007778,CUST04493,MER03939,2024-09-27 08:39:49,unknown,Product Returned,Completed
REF004128,TXN002918,CUST03873,MER00047,2024-12-28 15:58:07,5697.55,Order Cancelled,Completed
REF004129,TXN008406,CUST03817,UNKNOWN,2024-10-29 23:02:38,76541.73,Booking Cancelled,Completed
REF004130,TXN006588,CUST07621,MER07598,2024-11-01 23:07:26,862.74,Product Returned,Completed
REF004131,TXN002897,CUST03426,MER01588,2024-11-05 00:28:27,27273.22,Product Returned,Completed
REF004132,TXN008953,CUST08085,MER06673,2024-03-01 00:31:51,29987.96,Product Returned,Rejected
REF004133,TXN003248,CUST07057,MER07039,2024-07-28 14:12:23,1096.72,Duplicate Transaction,Completed
REF004134,TXN003238,CUST00468,MER01235,2024-11-07 03:35:29,33172.74,Customer Request,Completed
REF004135,TXN000216,CUST06408,MER06602,2025-01-18 05:04:42,328.83,Product Returned,Pending
REF004136,TXN001783,CUST01944,MER00126,2024-09-06 06:26:25,97115.13,Booking Cancelled,Completed
REF004137,TXN008784,CUST00870,MER06550,2024-09-09 11:43:25,28593.74,Duplicate Transaction,Completed
REF004138,TXN009254,CUST03129,MER03706,2024-06-19 22:03:52,unknown,Booking Cancelled,Completed
REF004139,TXN009993,CUST03401,MER09604,2024-11-17 21:43:36,37248.58,Product Returned,Pending
REF004140,TXN009807,CUST01395,MER04295,2024-01-15 11:43:15,62107.15,,Completed
REF004141,TXN005436,CUST02763,MER05014,2024-06-28 20:48:47,704.64,Customer Request,Completed
REF004142,TXN002456,CUST01899,MER00177,2024-04-06 13:35:34,4514.13,Duplicate Transaction,Pending
REF004143,TXN001728,CUST02596,MER09811,2024-10-18 11:02:55,48819.1,Order Cancelled,Pending
REF004144,TXN003561,CUST08214,MER02626,2024-05-12 21:09:59,86954.69,Booking Cancelled,Completed
REF004145,TXN001915,CUST02065,MER08447,2024-03-08 12:30:25,19554.68,Duplicate Transaction,Completed
REF004146,TXN001716,CUST01034,MER05337,,,Order Cancelled,Completed
REF004147,TXN003839,CUST04481,MER08363,2024-02-20 08:54:59,20646.94,Duplicate Transaction,Completed
REF004148,TXN004693,CUST07832,MER04158,2025-01-08 20:00:06,30210.07,Duplicate Transaction,Rejected
REF004149,TXN007149,CUST05865,MER04063,2024-05-08 19:09:21,365.06,Order Cancelled,Completed
REF004150,TXN003754,CUST07110,MER08062,2024-12-01 07:21:01,365.03,Order Cancelled,Completed
REF004151,TXN005618,CUST07449,MER00546,19/09/2024,392.74,Order Cancelled,Completed
REF004152,TXN002579,CUST00624,MER09251,2024-07-20 23:27:28,14541.5,Product Returned,Pending
REF004153,TXN004693,CUST07832,MER04158,2024-12-16 20:00:06,30210.07,Product Returned,Completed
REF002105,TXN006688,CUST07330,MER05922,2025-01-09 20:03:13,15725.48,Booking Cancelled,Pending
REF004155,TXN009720,CUST01929,MER05787,2024-12-05 09:10:26,9924.26,Customer Request,Completed
REF004156,TXN009678,CUST03309,MER01450,2024-06-29 20:08:38,178.25,Customer Request,Pending
REF004157,TXN001509,CUST04247,MER00853,2024-03-23 02:54:15,534.38,,Completed
REF004158,TXN003415,CUST00060,MER00437,2024-06-08 19:17:33,225.14,Booking Cancelled,Completed
REF004159,TXN006581,CUST09409,MER05815,2024-08-20 07:24:33,unknown,Duplicate Transaction,Pending
REF004160,TXN001803,CUST06601,MER08049,2024-07-25 18:31:31,46688.53,Customer Request,Completed
REF007296,TXN005011,CUST06710,MER06234,2024-12-01 05:29:28,83.97,Customer Request,Completed
REF004162,TXN005234,CUST07397,MER04611,2024-04-10 20:03:06,9709.38,Customer Request,Completed
REF004163,TXN008060,CUST00071,,2024-11-02 22:50:45,414.44,Duplicate Transaction,Completed
REF004164,TXN001118,CUST06345,MER05021,2024-12-10 20:06:05,474.16,Order Cancelled,Pending
REF004165,TXN001106,CUST09148,MER03125,2024-10-30 11:07:31,66730.98,Customer Request,Completed
REF004166,TXN007124,CUST08370,MER08571,2024-11-24 14:06:02,19689.2,Customer Request,Completed
,TXN002812,CUST02827,MER06350,2024-12-08 04:25:32,12645.76,Booking Cancelled,Pending
REF004168,TXN004376,CUST09109,MER04793,2024-12-09 05:00:50,1940.5,Order Cancelled,Rejected
REF004169,TXN007503,CUST08644,MER02095,2024-09-08 23:12:48,65051.73,Duplicate Transaction,Completed
REF004170,TXN003716,CUST09748,MER07099,2024-06-07 15:39:38,1156.96,Customer Request,Completed
REF004171,TXN007217,CUST01781,MER04125,2024-03-12 08:52:39,7054.1,Customer Request,Rejected
REF004172,TXN003875,CUST06278,MER08956,2024-09-19 23:15:56,86481.18,Product Returned,Pending
REF004173,TXN000746,CUST04554,MER02736,13/01/2024,247.65,Order Cancelled,Pending
REF004174,TXN005411,CUST02632,MER05008,2024-07-14 08:18:28,12208.92,Customer Request,Completed
REF004175,TXN001123,CUST05412,MER01612,2024-11-30 16:50:29,11084.93,Customer Request,
REF004176,TXN000615,CUST05546,MER01178,2024-10-08 11:18:08,196.83,Duplicate Transaction,Completed
REF004177,TXN001596,CUST01215,MER08335,2024-05-01 06:38:23,1130.3,Duplicate Transaction,Pending
REF004178,TXN004344,CUST08547,MER06726,2024-04-21 02:14:05,1309.71,Booking Cancelled,Pending
REF004179,TXN008798,CUST08730,MER07437,2024-02-19 09:34:46,15303.41,Booking Cancelled,Pending
REF004180,TXN003190,CUST09100,MER09383,2024-11-26 19:25:57,16969.4,Product Returned,Completed
REF004181,TXN006300,CUST08583,MER01558,2024-01-29 14:06:06,87510.46,Duplicate Transaction,Completed
REF004182,TXN009706,CUST09991,MER00075,2024-07-27 15:33:28,882.86,Product Returned,Completed
REF004183,TXN008382,CUST03101,MER04291,2024-12-31 04:19:51,419.24,Customer Request,Completed
REF004184,TXN003845,CUST05545,MER02146,2024-10-05 16:34:54,48124.43,Duplicate Transaction,Completed
REF004185,TXN006188,CUST07149,MER07718,2024-07-22 12:52:29,426.64,Customer Request,Rejected
REF004186,TXN001346,CUST05075,MER00314,2024-04-22 02:30:34,16009.23,Customer Request,Completed
REF004187,TXN004650,CUST08244,MER04256,2024-03-22 14:27:08,486.4,Order Cancelled,Completed
REF004188,TXN008654,CUST04609,MER00663,2024-03-02 17:27:47,227.48,Duplicate Transaction,Completed
REF004189,TXN001447,CUST00713,MER04426,2024-05-17 14:27:00,384.92,Order Cancelled,Completed
REF004190,TXN008270,CUST03985,MER09892,2024-06-11 10:49:11,,Booking Cancelled,Completed
REF004191,TXN004498,CUST01360,,2024-11-13 01:12:04,12598.78,Order Cancelled,Completed
REF004192,TXN000349,CUST08223,MER09298,2024-07-16 06:59:27,78.48,Customer Request,Completed
REF004193,TXN005430,CUST05748,MER04557,2024-01-18 14:27:09,41512.9,Order Cancelled,Completed
REF004194,TXN006646,CUST00448,MER07306,2024-11-15 09:12:43,106.21,Order Cancelled,Pending
REF004195,TXN004727,CUST04695,MER00205,2024-12-25 00:18:50,665.64,Booking Cancelled,Completed
REF004196,TXN002819,CUST05980,MER07607,2024-12-18 22:26:41,34294.86,Order Cancelled,Completed
REF004197,TXN004269,CUST09481,MER01793,2024-06-21 00:23:48,97423.32,Duplicate Transaction,Completed
REF004198,TXN007710,CUST08782,MER09204,2024-08-11 11:50:30,unknown,Duplicate Transaction,Completed
REF004199,TXN004847,CUST07503,MER06476,25/06/2024,35454.97,Booking Cancelled,Pending
REF004200,TXN003553,CUST04212,MER06216,2024-12-15 22:09:41,2453.65,Booking Cancelled,Completed
REF004201,TXN009089,CUST05940,MER02287,2024-02-20 06:48:28,112.46,Order Cancelled,Completed
REF004202,TXN001979,CUST04797,MER07104,2024-04-30 22:28:38,56487.85,Booking Cancelled,Completed
REF004203,TXN009355,CUST00479,MER04256,2024-02-18 22:12:45,2605.61,Duplicate Transaction,Pending
REF004204,TXN005749,CUST01448,MER06771,2024-08-17 01:29:33,1069.32,Booking Cancelled,Completed
REF004205,TXN008009,CUST02983,MER08751,2024-08-09 00:31:06,63106.07,Order Cancelled,Completed
REF004206,TXN004661,CUST03822,MER06446,2024-03-06 18:19:15,30749.28,Booking Cancelled,Pending
REF004207,TXN006759,CUST03169,MER08281,2024-04-15 07:28:26,44415.43,Order Cancelled,Completed
REF004208,TXN001254,CUST06893,MER02075,2024-06-28 16:12:21,49008.19,Customer Request,Completed
REF004209,TXN000991,,MER08313,2024-12-31 00:40:06,58761.88,Duplicate Transaction,Pending
REF004210,TXN006973,CUST04505,MER09066,2024-01-23 04:57:19,10834.69,Duplicate Transaction,Completed
REF004211,TXN004377,CUST07615,MER09453,2024-12-17 10:16:24,1000.86,Customer Request,Completed
REF004212,TXN009876,CUST02533,MER02499,2024-08-02 02:03:46,2277.57,Booking Cancelled,Rejected
REF004213,TXN009473,CUST08835,MER01261,2024-08-25 11:16:13,18664.64,Booking Cancelled,Completed
REF004214,TXN006053,CUST03127,MER03816,2024-04-14 10:47:16,258.29,Product Returned,Completed
REF004215,TXN008303,CUST07641,MER02892,29/09/2024,1145.42,Customer Request,Completed
REF004216,TXN004129,CUST00811,MER00070,16/10/2024,606.54,Order Cancelled,Rejected
REF004217,TXN008857,CUST07843,MER09695,2024-10-21 11:32:37,1076.93,Order Cancelled,Pending
REF004218,TXN008029,CUST04416,MER01754,2024-11-06 12:27:28,,Order Cancelled,Completed
REF004219,TXN007514,CUST04401,MER09643,2024-09-04 04:39:40,1567.56,,Pending
REF004220,TXN003868,CUST04140,MER04999,2024-04-02 09:10:18,31372.79,Order Cancelled,Completed
REF004221,TXN009934,CUST07266,MER08624,2024-07-18 06:52:52,10624.75,Order Cancelled,Pending
REF004222,TXN008834,CUST05349,MER03495,2024-02-18 02:44:37,396.84,Customer Request,Completed
REF004223,TXN009184,CUST03459,MER01962,2024-07-26 18:21:52,3401.28,Product Returned,Completed
REF004224,TXN004824,CUST04498,MER00097,2024-11-11 21:51:22,1068.99,Product Returned,Completed
REF004225,TXN002154,CUST03203,MER01884,2024-04-17 07:39:04,5573.75,Order Cancelled,Pending
REF004226,TXN001670,CUST03065,MER02146,2024-05-12 01:53:57,51273.13,Customer Request,Completed
REF004227,TXN004306,CUST04337,MER02294,2024-09-04 14:05:49,81.54,Product Returned,Pending
,TXN002512,CUST00185,MER08971,2024-03-01 16:13:30,21452.66,Booking Cancelled,Completed
REF004229,TXN009387,CUST05898,MER00800,2024-02-07 18:07:58,172.93,Customer Request,Completed
REF004230,TXN006649,CUST00320,MER03036,2024-02-12 04:40:49,4750.72,Booking Cancelled,Pending
REF004231,TXN001511,CUST00366,MER07993,2024-02-28 18:12:01,70562.4,Order Cancelled,Completed
REF004232,TXN002802,CUST06616,MER07789,2024-02-28 10:55:21,90932.41,Order Cancelled,Rejected
REF001745,TXN004209,CUST06766,MER01973,2024-09-27 00:24:04,45432.42,Order Cancelled,Pending
REF004234,TXN002543,CUST05646,MER01793,2024-03-24 17:13:40,3632.98,Customer Request,Pending
REF004235,TXN009141,CUST01944,MER08868,29/07/2024,13057.18,Duplicate Transaction,Rejected
REF004236,TXN005557,CUST04969,MER01588,2024-07-16 01:58:01,22415.33,Product Returned,Pending
REF004237,TXN007466,CUST03464,MER06214,2024-06-01 20:22:08,53162.77,Booking Cancelled,Completed
REF004238,TXN004414,CUST05187,MER00887,2025-01-07 13:16:35,59727.83,Order Cancelled,Pending
REF004239,TXN006610,CUST06851,MER08511,2024-05-27 22:23:18,,Booking Cancelled,Completed
REF004240,TXN008958,CUST05853,MER05153,2024-07-21 06:55:54,21023.36,Order Cancelled,Completed
REF004241,TXN001671,CUST06555,MER08909,2024-05-14 08:20:20,1266.94,Customer Request,Completed
REF004242,TXN007466,CUST03464,MER06214,2024-06-01 20:22:08,53162.77,Duplicate Transaction,Pending
REF004243,TXN003968,CUST04309,MER08707,2024-07-10 09:28:46,19541.53,Booking Cancelled,Completed
REF004244,TXN003435,CUST02360,MER04870,2024-07-28 04:27:21,90736.61,Booking Cancelled,Pending
REF004245,TXN007205,CUST00965,MER02421,2024-07-11 02:24:08,1146.91,Order Cancelled,Completed
REF004246,TXN000875,CUST01469,MER01824,2024-11-02 16:17:55,109157.82,Product Returned,Completed
REF004247,TXN001693,CUST06752,MER06197,2024-06-15 03:30:46,354.98,Order Cancelled,Completed
REF004248,TXN005607,CUST07272,MER09867,2024-07-08 12:16:04,68961.93,Duplicate Transaction,Completed
REF004249,TXN002487,CUST00721,MER06223,2024-05-18 01:26:08,4294.4,Duplicate Transaction,Completed
REF004250,TXN008853,CUST09556,MER05380,2024-09-29 17:49:43,1444.6,Product Returned,Completed
REF004251,TXN002638,CUST01634,MER01857,2025-01-25 20:17:33,12670.54,Order Cancelled,Completed
REF004252,TXN003910,CUST02233,MER01196,2024-08-16 22:38:22,5021.33,Booking Cancelled,Completed
REF004253,TXN002716,CUST02714,MER07156,2024-10-29 19:00:30,92488.34,Duplicate Transaction,Completed
REF004254,TXN001755,CUST09188,MER05342,2024-05-26 05:29:25,8507.17,Duplicate Transaction,Completed
REF004255,TXN008645,CUST08879,MER07637,2024-05-12 10:40:14,70443.87,Duplicate Transaction,Completed
REF004256,TXN002937,CUST04585,MER00670,2024-09-02 06:40:20,16515.15,Product Returned,Completed
REF004257,TXN004845,CUST01088,MER01736,2024-06-03 21:44:40,102896.02,Duplicate Transaction,Rejected
REF004258,,CUST08278,MER06860,2024-06-21 17:15:11,9545.31,Customer Request,Pending
REF004259,TXN003937,CUST01333,MER06646,2024-04-22 08:40:45,73542.95,Order Cancelled,Completed
REF004260,TXN008686,CUST08890,MER02670,2024-07-18 19:56:26,1554.47,Duplicate Transaction,Completed
REF004261,TXN001890,CUST02429,MER07173,2024-03-22 04:04:35,1035.67,Order Cancelled,Completed
REF004262,TXN005200,CUST07153,MER08748,2024-07-23 23:16:19,3395.01,Product Returned,Completed
REF004263,TXN006168,CUST06637,MER08121,2024-05-27 08:12:19,100.73,Duplicate Transaction,Completed
REF004264,TXN001160,CUST03301,MER07598,2024-08-26 09:57:05,76161.48,Customer Request,Pending
REF004265,TXN009060,CUST04982,MER07021,2024-03-04 22:07:44,1143.2,Booking Cancelled,Completed
REF004266,TXN000580,CUST04543,MER03145,2024-07-06 04:00:29,21185.62,Order Cancelled,Completed
REF004267,TXN004524,CUST05565,MER05284,2024-05-02 16:00:23,2191.32,Booking Cancelled,Completed
REF004268,TXN005088,CUST09375,MER03144,,53998.63,Product Returned,Completed
REF004269,TXN004388,CUST07791,MER06483,2024-04-13 14:00:18,24433.55,Customer Request,Completed
REF004270,TXN008745,CUST08254,MER07760,2024-12-05 13:21:10,880.03,Order Cancelled,Completed
REF004271,TXN004334,CUST05287,MER08106,2024-07-06 02:13:09,70544.16,Duplicate Transaction,Pending
REF004272,TXN009518,CUST06724,MER04678,2024-07-21 05:05:29,3159.03,Order Cancelled,Rejected
REF004273,TXN003299,CUST06867,MER09657,2024-06-08 01:27:09,13874.5,Duplicate Transaction,Completed
REF004274,TXN000659,CUST02031,MER07813,2024-07-18 03:32:44,unknown,,Completed
REF004275,TXN003032,CUST04555,MER01291,2024-04-15 17:49:56,128.64,Customer Request,Completed
REF004276,TXN006767,CUST00008,MER04185,2024-02-28 09:44:56,1976.5,Booking Cancelled,Rejected
REF004277,TXN000063,CUST02303,MER08959,2024-04-11 03:37:32,838.57,Order Cancelled,Pending
REF004278,TXN009627,CUST00909,MER05048,2024-11-23 09:32:34,1006.48,Booking Cancelled,Completed
REF004279,TXN002267,CUST09668,MER05393,2024-11-10 11:32:00,71973.19,,Pending
REF004280,,CUST08499,MER05894,2024-09-08 17:27:37,569.57,Duplicate Transaction,Pending
REF004281,TXN004557,CUST01681,MER05881,2024-07-02 08:01:27,296.4,Order Cancelled,Completed
REF004282,TXN003894,CUST06524,,2024-04-16 14:36:37,80641.75,Duplicate Transaction,Pending
REF004283,TXN006652,CUST03532,MER01452,2024-07-02 16:32:44,1816.71,Booking Cancelled,
REF004284,TXN002972,CUST02585,MER07364,2024-08-04 20:41:46,4801.86,Booking Cancelled,Completed
REF004285,TXN008920,CUST07594,MER09761,2024-07-22 02:14:44,153.46,Booking Cancelled,Completed
REF004286,TXN005956,CUST04023,,2024-04-18 13:04:05,1864.92,Duplicate Transaction,Completed
REF004287,TXN004356,CUST05229,MER00704,2024-09-12 14:49:13,47674.62,Customer Request,Completed
REF004288,TXN007332,CUST09858,MER07183,2024-12-25 00:03:41,12615.75,Product Returned,Pending
REF004289,TXN008291,CUST05497,MER02937,2024-04-30 12:34:49,37004.54,Customer Request,Completed
REF004290,TXN001657,CUST03518,MER07418,2025-01-03 03:24:05,56702.5,Duplicate Transaction,Completed
REF004291,TXN003637,CUST08004,MER05202,2024-11-20 16:41:43,106.28,Duplicate Transaction,Completed
REF004292,TXN001256,CUST06838,MER07863,2024-03-17 02:37:22,8718.92,Order Cancelled,Pending
REF004293,TXN002783,CUST04985,MER06989,2024-07-17 13:05:49,91628.06,Booking Cancelled,Pending
REF004294,TXN003462,CUST09756,MER00825,2024-05-31 14:36:28,583.58,Customer Request,Pending
REF004295,TXN001945,CUST09939,MER06979,2024-05-10 21:53:04,18053.59,Customer Request,Completed
REF004296,TXN008723,CUST02985,MER01290,2024-02-15 08:49:04,4826.24,Duplicate Transaction,Completed
REF004297,TXN005489,CUST07214,MER07545,2024-05-25 02:35:58,22484.56,Product Returned,Completed
REF004298,TXN001692,CUST06536,MER08399,2024-08-07 21:08:10,107465.41,Product Returned,Pending
REF004299,TXN001061,CUST00135,MER07600,16/09/2024,15056.05,Order Cancelled,Completed
REF003990,TXN001866,CUST00635,MER06268,2024-06-09 07:58:46,16926.82,Order Cancelled,Pending
REF004301,TXN005703,CUST07614,MER02731,2024-09-10 11:21:31,14629.8,Booking Cancelled,Pending
REF004302,TXN005958,CUST08856,MER08195,2024-10-10 10:32:55,12505.09,Customer Request,Completed
REF004303,TXN007635,CUST05366,MER04090,2024-11-13 16:52:33,262.87,Booking Cancelled,Rejected
REF004304,TXN009736,CUST00555,MER04333,2024-07-31 22:07:00,7174.94,Product Returned,Completed
REF004305,TXN007912,CUST00325,MER06783,2025-01-05 22:23:27,476.38,Booking Cancelled,Completed
REF004306,TXN009333,CUST07291,MER05022,2024-06-05 19:04:51,1676.71,Duplicate Transaction,Completed
REF004307,TXN001441,CUST01482,MER08829,2024-05-26 14:21:30,4515.58,Product Returned,Completed
REF004308,TXN007725,CUST04859,MER02051,2024-08-13 05:56:26,775.43,Duplicate Transaction,Pending
REF004309,TXN004898,CUST02841,MER09498,2024-09-20 14:17:20,67331.24,Duplicate Transaction,Completed
REF004310,TXN007746,CUST05981,MER05968,2024-03-02 14:23:39,17489.11,Customer Request,Completed
REF004311,TXN002349,CUST04546,MER04570,2024-09-30 14:32:13,87638.69,Order Cancelled,Completed
REF004312,TXN008981,CUST04450,MER03343,2024-10-01 06:10:57,326.73,,Completed
REF004313,TXN000534,CUST01087,MER08174,2024-06-08 12:12:11,1961.06,Customer Request,Completed
REF004314,TXN004054,CUST01974,MER04364,25/12/2024,371.77,Booking Cancelled,Completed
REF004315,TXN001877,CUST00155,MER04791,2024-08-09 05:06:55,8022.36,Order Cancelled,Rejected
REF004316,TXN000895,CUST01498,MER02849,2024-11-05 21:57:44,20426.54,Booking Cancelled,Pending
REF004317,TXN007094,CUST07072,MER02322,2024-04-28 19:46:45,178.6,Booking Cancelled,Completed
REF004318,TXN009656,CUST01146,MER03636,2024-08-20 23:14:22,4842.56,Booking Cancelled,Completed
REF004319,TXN002867,CUST09966,MER07050,2024-10-18 17:51:21,374.43,Customer Request,Completed
REF004320,TXN004625,CUST09305,MER02883,2024-09-15 04:10:02,6808.98,Customer Request,Completed
REF004321,,CUST07587,MER06648,2024-04-08 06:52:55,109540.44,Product Returned,Completed
REF004322,TXN005964,CUST09985,MER01093,2024-04-29 11:29:58,1479.47,Booking Cancelled,Completed
REF004323,TXN006537,CUST02716,MER07286,2024-04-14 23:42:37,4620.09,Customer Request,Pending
REF004324,TXN008830,CUST04781,MER07960,2024-05-03 09:33:08,66752.39,Customer Request,Completed
REF004325,TXN002229,CUST07618,MER07538,2024-11-25 23:43:08,58890.85,Duplicate Transaction,Completed
REF004326,TXN004319,CUST04817,MER02258,2024-10-11 03:30:28,18097.13,Product Returned,Completed
REF004327,TXN005529,CUST00130,MER08225,2024-06-17 18:45:15,1343.51,Customer Request,Pending
REF004328,TXN005259,CUST09009,MER08272,2024-09-18 09:02:42,18583.37,Booking Cancelled,Rejected
REF004329,TXN005358,CUST04864,MER02532,2024-08-20 20:11:00,2397.29,Order Cancelled,
REF004330,TXN001658,CUST00951,MER05502,2024-04-21 22:57:04,45899.2,Duplicate Transaction,Completed
REF004331,TXN002776,CUST09235,MER06461,2024-08-06 16:51:09,284.09,Duplicate Transaction,Completed
REF004332,TXN007763,CUST01047,MER05336,2024-03-09 20:15:36,349.88,Booking Cancelled,Rejected
REF004333,TXN002072,CUST08124,MER06888,2024-04-19 22:31:51,1920.8,Order Cancelled,Completed
REF004334,TXN003002,CUST02019,MER03801,2024-09-27 00:57:23,,Customer Request,Rejected
REF004335,TXN006509,CUST00071,MER05923,2024-07-03 20:58:41,2063.82,Order Cancelled,Completed
REF004336,TXN007535,CUST09204,MER01929,2024-08-20 19:45:17,2584.64,Duplicate Transaction,Completed
,TXN000633,CUST01641,MER09287,2024-09-20 22:28:58,486.89,Order Cancelled,Completed
REF004338,TXN001628,CUST09748,MER01604,2024-08-18 18:20:59,75517.37,Product Returned,Completed
REF004339,TXN004409,CUST00572,MER05690,2024-04-24 22:17:47,95.42,Customer Request,Completed
REF004340,TXN001240,CUST02942,MER00797,2024-08-05 17:10:39,11046.49,Duplicate Transaction,Completed
REF004341,TXN004844,CUST01828,MER02493,2024-11-12 17:00:16,63064.41,Duplicate Transaction,Completed
REF004342,TXN003911,CUST04673,MER09281,2024-11-02 16:55:53,18988.96,Product Returned,Pending
REF004343,TXN003435,CUST02360,MER04870,2024-07-18 04:27:21,45368.3,Product Returned,Completed
REF004344,TXN004722,CUST01947,MER05473,2024-08-17 02:10:03,38179.12,Duplicate Transaction,Rejected
REF004345,TXN005065,CUST03112,MER05124,2024-04-17 12:02:16,37620.86,Booking Cancelled,Completed
REF004346,TXN002024,CUST07130,MER05537,2024-05-29 14:28:00,12332.96,Order Cancelled,Completed
REF004347,TXN008638,CUST08862,MER09578,2024-07-16 09:35:00,15239.48,Duplicate Transaction,Pending
REF004348,TXN004691,CUST06079,MER00421,2024-05-29 14:57:05,301.16,Product Returned,Completed
REF004349,TXN000818,CUST03838,MER03152,2024-06-03 06:00:07,19338.84,Duplicate Transaction,Pending
REF004350,TXN003663,CUST06880,MER02769,2024-08-31 22:23:00,112.02,Customer Request,Completed
REF004351,TXN004862,CUST08982,MER06308,2024-05-02 07:40:40,23544.24,Duplicate Transaction,Completed
REF004352,TXN007091,CUST04435,MER00696,2024-03-28 04:53:05,574.86,Booking Cancelled,Completed
REF004353,TXN008159,CUST07938,MER03476,2024-10-15 15:28:00,3221.95,Booking Cancelled,Completed
REF004354,TXN001902,CUST08215,MER01118,2024-10-03 18:57:47,241.3,Duplicate Transaction,Completed
REF004355,TXN007062,CUST09811,MER07092,2024-10-30 15:44:45,4581.31,Customer Request,Completed
REF004356,TXN001535,CUST00249,MER00655,2024-08-16 02:15:32,7433.62,Order Cancelled,Completed
REF004357,TXN003447,CUST08158,MER09670,2024-05-09 19:02:08,14751.3,Product Returned,Pending
REF004358,TXN002169,CUST05314,MER05346,2024-12-01 15:51:52,4417.77,Duplicate Transaction,Completed
REF004359,TXN008035,CUST00356,MER08327,2024-08-11 04:21:42,2589.76,Order Cancelled,Completed
REF004360,TXN004900,CUST07948,,2024-12-20 07:10:48,21277.74,Product Returned,Completed
REF004361,TXN004270,CUST06300,MER06613,2024-06-24 17:08:17,1605.74,Product Returned,Pending
REF004362,TXN000127,CUST07971,,2024-07-28 14:35:59,175.02,Customer Request,Pending
REF004363,TXN003011,CUST08582,MER07046,2024-09-08 07:46:19,37402.17,,Completed
REF004364,TXN008306,CUST04110,MER05676,2024-04-08 15:18:28,18475.2,Order Cancelled,Completed
REF004365,TXN003903,CUST05660,,2024-10-26 18:59:58,10088.01,Order Cancelled,Rejected
REF004366,TXN007547,CUST08182,MER03805,2024-05-29 14:06:53,490.52,Product Returned,Pending
REF004367,TXN004990,CUST07921,MER03029,2024-02-21 05:33:19,unknown,Customer Request,Completed
REF004368,TXN003637,CUST08004,MER05202,2024-11-30 16:41:43,425.12,Booking Cancelled,Completed
REF004369,TXN003269,CUST02000,MER09001,2024-07-29 14:58:17,1953.1,Duplicate Transaction,Rejected
REF004370,TXN006896,CUST02387,MER01896,2024-10-21 12:24:12,15043.03,Order Cancelled,Completed
REF004371,TXN007921,CUST04259,MER00239,2024-04-01 13:59:59,893.38,Duplicate Transaction,Completed
REF004372,TXN002254,CUST01182,MER03991,2024-05-12 21:07:44,20511.78,Customer Request,Completed
REF004373,TXN002453,CUST00775,MER02265,15/06/2024,18202.41,Product Returned,Completed
REF004374,TXN008195,CUST01810,MER00345,2024-09-03 09:03:00,9779.06,Booking Cancelled,Rejected
REF004375,TXN005874,CUST04381,MER01465,2024-02-06 14:48:57,380.22,Booking Cancelled,Completed
REF004376,TXN008023,CUST05632,MER06601,2024-11-12 23:37:58,495.75,Booking Cancelled,Completed
REF004377,TXN008306,CUST04110,MER05676,2024-04-13 15:18:28,15396.0,Order Cancelled,Completed
REF004378,TXN003958,CUST05281,MER03410,2024-12-03 21:38:53,1616.48,Booking Cancelled,Completed
REF004379,TXN004457,CUST05180,MER02139,2024-08-26 21:03:13,14468.67,,Completed
REF004380,TXN003656,CUST09660,MER02160,2024-11-27 11:19:18,17630.94,Customer Request,Pending
REF004381,TXN003549,CUST09583,MER04122,2024-12-31 08:43:26,53140.91,Order Cancelled,Rejected
REF004382,TXN005858,CUST09421,MER02945,2024-02-06 09:10:48,3662.38,Product Returned,Completed
REF004383,TXN003872,CUST06164,MER00741,2024-12-21 23:03:18,3171.71,Customer Request,Completed
REF004384,TXN007089,CUST00776,MER07650,2024-10-03 16:25:59,4963.03,Product Returned,Pending
REF004385,TXN004164,CUST05929,MER07324,2024-10-12 01:14:41,4825.12,Order Cancelled,Completed
REF004386,TXN000797,CUST06195,MER07255,2024-04-14 12:17:35,44646.85,Booking Cancelled,Completed
REF004387,TXN007346,CUST07948,MER01825,2024-11-14 01:22:50,95869.45,Order Cancelled,Completed
REF004388,TXN006063,CUST04080,,2024-06-17 02:09:25,1457.42,Booking Cancelled,Pending
REF004389,TXN005098,CUST00655,,01/03/2024,119845.2,Product Returned,Completed
REF004390,TXN001069,CUST03628,MER07392,2024-12-13 12:55:22,15927.41,Customer Request,Pending
REF004391,TXN002494,CUST01516,MER07035,2024-07-03 19:30:58,43606.73,Product Returned,Pending
REF004392,TXN006109,CUST01249,MER04818,2024-12-01 07:42:51,182.89,Order Cancelled,Pending
REF004393,TXN007154,CUST03111,MER09853,2024-11-19 23:41:48,22336.42,Order Cancelled,Completed
REF004394,TXN007739,CUST07002,MER01817,2024-02-28 00:53:04,678.14,Customer Request,Completed
REF004395,TXN004643,CUST00777,MER09362,2024-08-17 07:06:02,722.99,Duplicate Transaction,Pending
REF004396,TXN002256,CUST07918,MER08669,2024-02-10 09:30:58,112150.98,Booking Cancelled,Completed
REF004397,TXN008158,CUST01239,MER00007,2024-03-01 13:34:57,18538.47,Order Cancelled,Pending
REF004398,TXN009830,CUST08335,MER04360,2024-04-16 18:12:55,2533.93,Customer Request,Rejected
REF004399,TXN006179,CUST08981,MER02994,2024-09-12 07:20:07,4648.91,Order Cancelled,Pending
REF004400,TXN007572,CUST03986,MER02700,2024-09-08 20:06:50,10267.9,Order Cancelled,Rejected
REF004401,TXN006726,CUST03762,MER03590,2024-05-06 20:56:38,382.4,Product Returned,Completed
REF004402,TXN009277,CUST00812,MER09026,2024-02-03 17:55:58,424.94,Order Cancelled,Pending
REF004403,TXN008413,CUST01195,MER05226,2024-04-22 12:00:33,1114.45,Order Cancelled,Completed
REF004404,TXN009115,CUST09438,MER02815,2024-08-02 15:23:51,10412.4,Order Cancelled,Pending
REF004405,TXN000011,CUST04403,MER07370,2024-11-04 14:36:21,913.6,Customer Request,Completed
REF004406,TXN000308,CUST01346,MER05231,2024-09-04 01:23:07,32189.84,Customer Request,Completed
REF004407,TXN004128,CUST06518,MER02452,2024-12-17 19:48:30,228.22,Product Returned,Completed
REF004408,TXN006483,CUST09433,MER05709,2024-09-14 16:10:52,89015.12,Product Returned,Completed
REF004409,TXN002788,CUST03348,MER02971,2024-04-26 12:07:04,,Duplicate Transaction,
REF004410,TXN005477,CUST07004,MER08884,2024-06-30 23:23:36,63755.33,Booking Cancelled,Completed
REF004411,TXN001610,CUST00343,MER08999,2024-05-02 05:03:47,988.04,Order Cancelled,Pending
REF004412,TXN004867,CUST04314,MER08122,2024-04-13 02:53:50,5671.5,Booking Cancelled,Completed
REF004413,TXN003352,CUST00082,MER06634,2024-11-14 01:49:32,18606.41,Duplicate Transaction,Completed
REF004414,TXN005260,CUST05349,MER09870,2024-02-14 20:55:35,29853.08,Booking Cancelled,Completed
REF004415,TXN001162,CUST04169,MER03037,2024-09-24 23:31:22,72422.6,Order Cancelled,Pending
REF004416,TXN008211,CUST05042,MER03123,2024-06-13 23:50:44,13512.98,Order Cancelled,Pending
REF004417,TXN003046,CUST06503,MER05748,2024-03-22 22:28:28,8786.98,Customer Request,Completed
REF004418,TXN001432,CUST08046,MER08753,2024-10-16 23:18:48,34662.88,Duplicate Transaction,Completed
REF004419,TXN008791,CUST08839,MER05743,2024-05-06 16:34:12,68277.89,Duplicate Transaction,Completed
REF004420,TXN008185,CUST01002,MER00951,2024-07-06 21:41:06,68831.4,Duplicate Transaction,Rejected
REF004421,TXN007293,CUST03524,MER03356,2024-11-15 15:13:58,11426.88,Customer Request,Completed
REF004422,TXN007433,CUST07572,MER04837,2024-08-29 08:11:55,2475.26,Booking Cancelled,Rejected
REF004423,TXN003721,CUST01887,MER01959,2024-06-15 10:42:09,984.62,Duplicate Transaction,Completed
REF004424,TXN001240,CUST02942,MER00797,2024-07-31 17:10:39,11046.49,Duplicate Transaction,Completed
REF004425,TXN001642,CUST07321,MER02660,2024-09-16 04:10:57,1889.68,Customer Request,Rejected
REF004426,,CUST06836,MER03652,2025-01-07 16:35:44,69237.67,Product Returned,Pending
REF004427,TXN002761,CUST04437,MER04464,2024-08-27 15:29:27,19724.4,Customer Request,Completed
REF004428,TXN006291,CUST02220,MER06964,2024-09-16 09:37:46,464.6,Product Returned,Completed
REF004429,TXN000939,CUST02744,MER08228,2025-01-22 02:01:15,105730.3,Product Returned,Completed
REF004430,TXN005375,CUST01050,MER05317,2024-06-20 20:29:11,16557.95,Duplicate Transaction,Completed
REF004431,TXN008467,CUST01775,MER09624,2024-02-19 12:24:56,7711.36,Booking Cancelled,Completed
REF004432,TXN006828,CUST05367,MER09339,2024-10-26 23:34:58,4896.64,Customer Request,Completed
REF004433,TXN009536,CUST05152,MER08047,2025-01-04 12:45:58,22204.34,Order Cancelled,Completed
REF004434,TXN002391,CUST00473,,2024-11-26 13:45:32,33853.51,Product Returned,Completed
REF004435,TXN002531,CUST00810,MER06241,2024-05-02 18:13:17,135.66,Product Returned,Completed
REF004436,TXN003403,CUST05572,MER02599,2024-10-25 23:38:26,161.67,Order Cancelled,Completed
REF004437,TXN003691,CUST07106,MER05893,2024-11-30 06:33:06,7195.06,Order Cancelled,Completed
REF004438,TXN003262,CUST08106,MER07523,2024-06-19 12:08:19,224.46,Booking Cancelled,Completed
REF004439,TXN002201,CUST08587,MER01097,,19544.8,Duplicate Transaction,Rejected
REF004440,TXN008951,CUST06172,MER04149,2024-04-17 08:52:57,19229.82,Duplicate Transaction,Rejected
REF004441,TXN000823,CUST01782,MER07713,2024-05-20 18:30:42,2248.57,Booking Cancelled,Completed
REF004442,TXN003363,CUST09925,MER09464,2024-04-06 23:54:04,796.62,Duplicate Transaction,Completed
REF004443,TXN009391,CUST08017,MER06148,2024-06-23 12:16:37,23737.63,Duplicate Transaction,Completed
REF004444,TXN000137,CUST04352,MER05236,2024-01-28 13:30:28,21951.02,Booking Cancelled,
REF004445,TXN005564,CUST06711,MER02681,2024-12-12 07:07:47,11786.99,Order Cancelled,Completed
REF004446,TXN008430,CUST05547,MER09244,2024-10-31 02:27:34,387.12,Product Returned,Completed
REF004447,TXN000071,CUST09894,MER09049,2024-12-03 12:08:49,46250.18,Duplicate Transaction,Completed
REF004448,TXN008706,CUST05411,MER08534,2025-01-16 10:59:29,16508.62,Product Returned,Completed
REF004449,TXN006821,CUST01136,MER05697,2024-10-26 07:37:42,2065.02,Booking Cancelled,Completed
REF004450,TXN006461,CUST01244,,2024-01-30 17:07:31,1401.95,Order Cancelled,Pending
REF004451,TXN003961,CUST00662,MER00367,2024-07-02 17:25:41,183.29,Order Cancelled,Completed
REF004452,TXN001308,CUST06654,MER06539,2025-01-04 04:07:43,992.18,Product Returned,Completed
REF004453,TXN006148,CUST03940,MER06109,2024-06-22 20:03:48,632.55,Customer Request,Pending
REF004454,TXN004284,CUST07750,MER04064,2024-08-22 11:22:30,463.26,Order Cancelled,Completed
REF004455,TXN003502,CUST03678,MER05811,2024-12-27 09:51:11,1978.54,Booking Cancelled,Completed
REF004456,TXN006806,CUST01879,MER05318,2024-04-30 13:33:41,3718.55,Customer Request,Completed
REF004457,TXN002025,CUST00785,MER00334,2024-12-03 02:20:22,unknown,Booking Cancelled,Completed
REF004458,TXN002092,CUST06661,MER07649,2024-10-10 17:39:47,4976.66,Booking Cancelled,Completed
REF004459,TXN003724,CUST05064,MER07748,2024-07-09 23:11:45,1244.12,Customer Request,Rejected
REF004460,TXN002928,CUST01247,MER02724,2024-04-26 14:45:43,286.07,Customer Request,Completed
REF004461,TXN003433,,MER02179,2024-05-16 06:46:50,29199.88,Customer Request,Completed
REF004462,TXN001825,,MER07410,2024-07-19 15:31:04,12181.53,Product Returned,Completed
REF004463,TXN007250,CUST08496,MER06529,2024-03-31 14:30:05,496.25,Booking Cancelled,
REF004464,TXN006045,CUST09956,MER01083,2024-12-15 14:54:06,36938.64,Order Cancelled,Pending
REF004465,TXN005911,CUST05473,MER01201,2024-08-27 00:04:52,12960.47,Duplicate Transaction,Completed
REF004466,TXN007990,CUST07198,MER07813,2024-04-25 13:56:14,14137.55,Product Returned,Completed
REF004467,TXN008184,CUST01428,MER07559,2024-11-14 19:51:23,22366.18,Product Returned,Completed
REF004468,TXN001501,CUST09419,MER01883,2024-07-05 09:42:07,5354.76,Product Returned,Pending
REF004469,TXN003701,CUST03416,MER04644,,1442.88,Order Cancelled,Completed
REF004470,TXN006014,CUST06184,MER02890,2024-08-03 08:36:51,356.85,Booking Cancelled,Completed
REF004471,TXN009272,CUST00885,MER09452,2024-11-01 23:24:47,1364.91,Booking Cancelled,Rejected
REF004472,TXN000599,CUST01297,MER06634,2024-11-04 14:42:07,1863.92,Duplicate Transaction,Completed
REF004473,TXN007306,CUST09831,MER08043,2024-10-06 04:33:32,9823.13,Duplicate Transaction,Completed
REF004474,TXN000473,CUST09530,MER02037,2024-09-10 16:33:39,3973.53,Booking Cancelled,Pending
REF004475,TXN000070,CUST04820,MER04632,2024-01-21 13:55:32,12838.52,Product Returned,Completed
REF004476,TXN005338,CUST09337,MER08859,2025-01-03 03:51:07,5005.35,Booking Cancelled,Completed
REF004477,TXN004380,CUST04277,MER05162,2024-02-12 03:44:26,10040.52,Order Cancelled,Rejected
REF004478,TXN005318,CUST01362,MER07647,2024-06-02 12:23:24,17145.14,Duplicate Transaction,Completed
REF004479,TXN006576,CUST02559,MER04013,2024-10-15 02:15:44,12781.7,Customer Request,Pending
REF004480,TXN002658,CUST01715,MER08313,2024-02-23 02:14:20,91921.69,Customer Request,Completed
REF004481,TXN002491,CUST05040,MER00790,2024-11-12 23:10:51,57607.77,Product Returned,Completed
REF004482,TXN003944,CUST06858,MER00554,2024-08-16 11:01:11,60210.49,Customer Request,Completed
REF004483,TXN001553,CUST07600,MER08591,2024-03-09 17:32:34,1151.96,Customer Request,Rejected
REF004484,TXN003350,CUST01083,MER02414,2024-03-31 21:41:38,13704.02,Order Cancelled,Completed
REF004485,TXN000162,CUST03405,MER05585,22/08/2024,38830.79,Customer Request,Completed
REF004486,TXN002583,CUST03942,MER02061,2024-09-13 12:42:20,12088.32,Booking Cancelled,Pending
REF004487,TXN006146,CUST01046,MER08976,2024-07-03 21:42:24,209.1,Product Returned,Completed
REF004488,TXN009655,CUST02676,MER03525,2024-07-26 00:14:11,2883.19,Customer Request,Completed
REF004489,TXN006796,CUST00614,MER06783,2024-11-09 12:58:00,581.66,Product Returned,Completed
REF004490,TXN008422,CUST03847,UNKNOWN,2024-04-23 08:33:56,23855.34,Booking Cancelled,Completed
REF004491,TXN007727,CUST03017,MER04518,2024-05-25 03:31:05,1291.56,Customer Request,Pending
REF004492,TXN002316,CUST01280,MER02153,2024-01-28 08:07:43,78220.93,Booking Cancelled,Completed
REF004493,TXN008638,CUST08862,MER09578,2024-08-07 09:35:00,3809.87,Customer Request,Completed
REF004494,,CUST07608,MER04308,2024-12-02 11:43:06,1517.28,Product Returned,Rejected
REF004495,TXN004433,CUST09498,MER05140,2024-02-13 15:08:30,70626.27,Booking Cancelled,Completed
REF004496,TXN006074,CUST05986,MER03203,2024-01-21 07:38:18,1652.15,Order Cancelled,Completed
REF004497,TXN000423,CUST09762,MER09909,2024-01-08 07:27:53,1697.48,Product Returned,Completed
REF004498,TXN009577,,MER02158,2024-01-19 21:34:20,2306.39,Product Returned,Completed
REF004499,TXN001304,CUST02127,MER06141,2024-09-15 11:59:20,1583.62,Product Returned,Pending
REF004500,TXN005268,CUST04035,MER05595,2024-02-29 22:35:35,247.99,Duplicate Transaction,Completed
REF004501,TXN004593,CUST05784,MER06209,2024-04-20 22:33:00,1351.7,Order Cancelled,Completed
REF004502,TXN007493,CUST02048,MER04768,2024-07-29 05:56:09,8854.98,Duplicate Transaction,Completed
REF004503,TXN000383,CUST08814,MER03112,2024-10-06 06:20:33,6680.04,Booking Cancelled,Pending
REF004504,TXN006891,CUST05547,UNKNOWN,2024-05-28 19:40:38,47190.94,Order Cancelled,Completed
REF004505,TXN000297,CUST01059,MER03743,2024-12-08 11:54:47,17964.17,Customer Request,Completed
REF004506,TXN009318,CUST07766,MER06269,2024-02-12 02:13:16,2604.14,Booking Cancelled,Completed
REF004507,TXN008417,CUST09252,MER05608,2024-03-10 06:59:18,1936.02,Customer Request,Completed
REF004508,TXN009907,CUST05092,MER08143,2024-04-21 16:06:05,1239.73,Customer Request,Rejected
REF004509,TXN003238,CUST00468,MER01235,2024-11-07 03:35:29,27643.95,Product Returned,Completed
REF004510,TXN006960,CUST05196,MER01493,2024-12-29 11:30:12,86.46,Customer Request,
REF004511,TXN006683,CUST02116,MER09333,2024-06-01 05:34:16,85814.06,Customer Request,Completed
REF004512,TXN005763,CUST07973,MER03984,2024-09-03 22:59:27,98472.04,Product Returned,Completed
,TXN000578,CUST01420,MER02116,2024-06-26 17:56:44,668.82,,Pending
REF004514,TXN002811,CUST01359,MER01614,2024-06-09 23:10:14,612.96,Product Returned,Completed
REF006156,TXN003056,CUST06203,MER01590,2024-07-24 03:54:37,591.11,Product Returned,Completed
REF004516,TXN008768,CUST08001,MER00100,2024-04-09 22:39:12,233.93,Booking Cancelled,Pending
REF004517,TXN000756,CUST00096,MER02203,2024-02-28 17:55:47,882.16,Customer Request,Completed
REF004518,TXN000208,CUST03309,MER07080,2024-10-18 06:07:11,41936.83,Booking Cancelled,Completed
REF004519,TXN005426,CUST09388,MER02842,2024-02-25 00:24:33,16914.94,Order Cancelled,Completed
REF004520,TXN004816,CUST05992,MER07160,2024-06-29 09:21:27,52973.01,Product Returned,Completed
REF004521,TXN006119,CUST03981,MER05209,2024-09-29 20:08:03,500.75,Booking Cancelled,Completed
REF004522,TXN004602,CUST08812,MER00339,2024-12-23 19:32:06,719.36,Product Returned,Completed
REF004523,TXN006863,CUST06898,MER01804,2024-10-24 15:25:24,1365.77,Duplicate Transaction,Completed
REF004524,TXN004545,CUST01078,MER04614,2024-02-02 18:12:44,47425.56,Duplicate Transaction,Completed
,TXN007182,CUST01352,MER05067,2024-08-25 14:21:10,1950.0,Customer Request,Completed
REF004526,TXN002031,CUST03440,MER09442,2024-03-14 06:00:44,15220.6,Duplicate Transaction,Rejected
REF004527,TXN002791,CUST01110,MER08486,2025-01-12 03:09:50,17442.21,Customer Request,Completed
REF004528,TXN009940,CUST05560,MER03602,2024-09-22 05:30:52,967.9,Product Returned,Completed
REF004529,TXN007472,CUST08894,MER00269,2024-07-24 01:21:44,117223.07,Customer Request,Completed
REF004530,TXN007435,CUST09138,MER08841,2024-08-09 18:48:22,3842.7,Order Cancelled,Pending
REF004531,TXN007715,CUST08863,MER01991,2024-08-06 14:53:18,23969.96,Duplicate Transaction,
REF004532,TXN008360,CUST05484,MER08943,2024-12-01 20:52:06,57102.91,Duplicate Transaction,Completed
REF004533,TXN007340,CUST08359,MER07854,2024-01-22 19:56:51,18547.06,Duplicate Transaction,Completed
REF004534,TXN005398,CUST03621,MER08176,2024-08-12 01:01:02,,Booking Cancelled,Completed
REF004535,TXN002287,CUST07877,MER03663,2024-03-02 04:06:51,1824.0,Customer Request,Completed
REF004536,TXN009920,CUST07809,MER04675,2024-09-18 21:31:43,1995.18,Customer Request,Completed
REF004537,TXN004560,CUST09243,MER09528,2024-09-30 01:16:15,12730.33,Booking Cancelled,Completed
REF004538,TXN005785,CUST06289,MER02084,2024-09-04 04:15:29,19160.9,Order Cancelled,Pending
REF004539,TXN001602,CUST06160,MER06950,2024-10-09 15:56:03,18715.76,Product Returned,Completed
REF004540,TXN007450,CUST01768,MER00612,2024-05-24 19:01:23,,Booking Cancelled,Completed
REF004541,,CUST03048,MER06384,2024-03-16 06:48:54,41197.18,Customer Request,Completed
REF004542,TXN002444,CUST07415,MER09635,2024-06-08 23:32:15,100.21,Product Returned,Completed
REF004543,TXN008985,CUST07689,MER05583,2024-10-08 12:44:37,667.67,Customer Request,
REF004544,TXN003184,CUST03604,MER07912,2024-10-17 09:48:25,9528.98,Order Cancelled,Completed
REF004545,TXN004714,CUST05784,MER00718,2024-02-17 07:05:24,162.42,Product Returned,Completed
REF004546,TXN005908,CUST04277,MER01124,2024-12-28 08:29:12,6098.82,Booking Cancelled,Pending
REF004547,TXN001652,CUST07986,MER01373,2024-06-22 06:23:59,unknown,Order Cancelled,Completed
REF004548,TXN005270,CUST06492,MER06567,2024-02-22 23:13:42,33256.2,Product Returned,Completed
REF004549,TXN009387,CUST05898,MER00800,2024-02-05 18:07:58,172.93,Order Cancelled,Completed
REF004550,TXN004250,CUST04727,MER07381,2024-04-15 02:41:08,17093.2,Duplicate Transaction,Completed
REF004551,TXN006169,CUST08824,MER01891,2024-12-10 20:48:35,1697.41,Booking Cancelled,Completed
REF004552,TXN007107,,MER03630,2024-05-18 16:01:51,642.42,Order Cancelled,Completed
REF004553,TXN005793,CUST01367,MER06847,2024-10-07 06:30:46,19326.66,Duplicate Transaction,Rejected
REF004554,TXN004469,CUST01751,MER01862,2024-09-29 16:35:00,98872.62,Product Returned,Completed
REF004555,TXN002328,CUST07052,MER02188,2024-09-24 09:20:58,285.28,Order Cancelled,Completed
REF004556,TXN001933,CUST08757,MER02933,2024-07-02 23:33:01,10585.07,Order Cancelled,Completed
REF004557,TXN009969,CUST07804,MER04224,2024-04-24 19:46:02,466.74,Customer Request,Completed
REF004558,TXN005612,CUST03522,MER02976,2024-06-26 10:47:31,288.89,Duplicate Transaction,Completed
,TXN007450,CUST01768,MER00612,2024-06-02 19:01:23,472.99,Product Returned,Completed
REF004560,TXN002156,CUST01677,MER07091,2024-08-15 03:43:51,121.29,Order Cancelled,Pending
REF004561,TXN003467,CUST04246,MER07860,2024-07-08 10:17:08,75617.33,Booking Cancelled,Rejected
REF004562,TXN009389,CUST02849,MER09835,2024-10-20 15:48:29,27238.3,Order Cancelled,Pending
REF004563,TXN005303,CUST01749,MER08829,2024-05-25 02:17:22,19529.69,Duplicate Transaction,Rejected
REF004564,TXN008286,CUST09958,MER04204,2024-12-16 10:28:00,71828.28,Product Returned,Pending
REF004565,TXN001004,CUST02003,MER05157,2024-12-19 14:54:41,836.24,Booking Cancelled,Completed
REF004566,TXN002333,CUST03006,MER00815,2024-03-25 15:04:38,31631.66,Duplicate Transaction,Completed
REF004567,TXN000349,CUST08223,MER09298,2024-07-07 06:59:27,313.91,Customer Request,Rejected
REF004568,TXN006612,CUST00554,MER06128,2024-11-26 08:24:09,6713.56,Booking Cancelled,Completed
REF004569,TXN004031,CUST01673,MER03064,2024-10-18 11:21:10,367.27,Duplicate Transaction,Completed
REF004570,TXN006855,CUST04985,MER08877,2024-12-25 18:24:42,514.76,Duplicate Transaction,Completed
REF004571,TXN008529,CUST05077,MER04501,2024-03-26 23:32:14,16758.28,Duplicate Transaction,Completed
REF004572,TXN000118,CUST03861,MER07398,2025-01-11 05:31:43,unknown,Duplicate Transaction,Completed
REF004573,TXN004484,CUST03532,MER02034,2024-10-08 08:00:23,69884.88,Product Returned,Completed
REF004574,TXN006628,CUST05867,MER03598,2024-10-13 21:40:12,1770.78,Customer Request,
REF004575,TXN002424,CUST06143,MER00029,2024-07-10 11:23:57,6419.27,Product Returned,Pending
REF004576,TXN003868,CUST04140,MER04999,2024-03-19 09:10:18,62745.58,Customer Request,Completed
REF004577,TXN000550,,MER07829,2024-08-19 10:49:10,16431.7,Product Returned,Completed
REF004578,TXN004186,CUST01265,MER07152,2024-10-28 21:18:26,8754.63,Product Returned,Pending
REF004579,TXN007445,CUST09050,MER07811,2024-05-23 09:30:00,5657.92,Customer Request,Completed
REF004580,TXN000312,CUST07494,MER05114,2024-11-19 16:17:08,5018.83,Order Cancelled,Pending
REF004581,TXN002619,CUST04432,MER03361,2024-10-14 10:22:48,7524.06,Product Returned,Rejected
REF004582,TXN008792,CUST04865,MER00090,2024-04-11 17:08:32,24068.68,Customer Request,Completed
REF004583,TXN006034,CUST04515,MER00600,2024-03-28 11:29:23,290.23,Duplicate Transaction,Completed
REF004584,TXN003916,CUST05916,MER01450,2024-05-25 05:10:58,328.93,Booking Cancelled,
REF004585,TXN008642,CUST01476,MER01708,2025-01-17 17:24:19,80090.67,Order Cancelled,Pending
REF004586,TXN009710,CUST02967,MER03521,2024-12-14 04:43:26,119435.62,Booking Cancelled,Completed
REF004587,TXN002972,CUST02585,MER07364,2024-07-25 20:41:46,1200.46,Booking Cancelled,Completed
REF004588,TXN005582,CUST02866,MER09560,2024-05-22 17:46:33,155.98,Product Returned,Pending
REF004589,TXN008865,CUST03656,MER08600,2024-08-07 13:57:16,2221.15,Booking Cancelled,Completed
REF004590,TXN008453,CUST07431,MER03401,2024-07-19 18:47:09,924.62,Duplicate Transaction,Pending
REF004591,TXN005440,CUST07211,MER03420,2024-03-11 05:53:31,2572.02,Product Returned,Completed
,TXN002812,CUST02827,MER06350,2024-12-08 04:25:32,12645.76,Booking Cancelled,Pending
REF004593,TXN002679,CUST09320,MER08082,2025-01-14 20:16:13,91.09,Duplicate Transaction,
REF004594,TXN008905,CUST09171,MER08233,,749.4,Product Returned,Completed
REF004595,TXN009334,CUST02231,MER05394,2024-11-06 07:06:47,77088.2,Customer Request,Completed
REF004596,TXN004237,CUST04263,MER06365,2024-07-14 09:06:29,70479.1,Product Returned,Rejected
REF004597,TXN002964,CUST08055,MER01611,2024-12-18 13:31:22,148.94,Customer Request,Completed
REF004598,TXN001412,CUST07909,MER07816,2024-05-03 01:24:52,12574.58,Customer Request,Completed
REF004599,TXN006555,CUST02668,MER03028,2024-12-06 01:23:11,40123.24,Booking Cancelled,Completed
REF004600,TXN002155,CUST05274,MER04443,2024-09-23 01:51:58,57606.13,Customer Request,Pending
REF004601,TXN000973,CUST08412,MER02595,2024-09-18 05:03:55,421.13,Duplicate Transaction,Completed
REF004602,TXN009133,CUST01293,MER08395,2024-03-31 12:23:26,38844.67,Booking Cancelled,Completed
REF004603,TXN000593,CUST03463,MER04041,2024-02-05 06:50:01,10740.45,Booking Cancelled,Completed
REF004604,TXN009126,CUST01142,MER05353,2024-01-20 15:16:05,1867.51,Duplicate Transaction,Rejected
REF004605,TXN004794,CUST06762,MER00494,2024-07-02 22:22:01,704.6,Product Returned,Completed
REF004606,UNKNOWN,CUST01062,,2024-02-15 01:03:36,7558.87,Customer Request,
REF004607,TXN007826,CUST05451,MER02213,2024-02-17 11:16:15,8780.63,Booking Cancelled,Completed
REF004608,TXN007734,,MER09300,2024-12-05 01:28:11,8080.94,Duplicate Transaction,Completed
REF004609,TXN001814,CUST09539,MER02934,2024-10-16 08:43:08,56308.73,Duplicate Transaction,Pending
REF004610,TXN009879,CUST02691,MER05513,2024-06-25 00:37:59,77674.5,Product Returned,Completed
REF004611,TXN004049,CUST00226,MER08984,2024-12-06 05:43:57,668.36,Order Cancelled,Completed
REF004612,TXN001199,CUST09155,MER09267,2024-02-06 10:56:14,94993.36,Duplicate Transaction,Completed
REF004613,TXN007299,CUST08671,MER04624,2025-01-14 05:33:13,493.85,Order Cancelled,Rejected
REF004614,TXN002286,CUST09797,MER01674,2024-02-05 01:26:22,1768.72,Booking Cancelled,Completed
REF004615,TXN007124,CUST08370,MER08571,2024-11-10 14:06:02,16407.67,Customer Request,Completed
REF004616,TXN001444,CUST00162,MER09916,2024-03-09 13:29:02,,Customer Request,Completed
REF004617,TXN006997,CUST04164,MER02057,2024-12-13 00:29:56,53342.99,Order Cancelled,Pending
REF004618,TXN001859,CUST00485,MER08586,2024-08-26 11:05:48,1316.44,Duplicate Transaction,Completed
REF004619,TXN000813,CUST00037,MER00095,2024-10-28 12:26:39,14014.79,Product Returned,Pending
REF004620,TXN006459,CUST03019,MER07357,2024-03-05 23:59:58,33645.29,Customer Request,Completed
REF004621,TXN009577,CUST05827,MER02158,2024-02-03 21:34:20,1921.99,Order Cancelled,Completed
REF004622,TXN002913,CUST00023,MER03748,2024-03-04 16:20:05,7737.28,Duplicate Transaction,Pending
REF004623,TXN003783,CUST02340,MER06025,2024-05-29 11:16:28,1185.74,Product Returned,Pending
REF004624,TXN001218,CUST03829,MER08800,2024-12-19 17:32:21,8224.7,Booking Cancelled,Completed
REF004625,TXN000027,CUST01142,MER05962,2024-07-11 20:54:47,34188.81,Order Cancelled,Completed
REF004626,TXN009107,CUST00516,MER04210,2024-07-04 03:35:47,119920.63,Product Returned,Pending
REF004627,TXN002969,CUST09428,MER08875,2024-02-03 09:49:29,214.03,Order Cancelled,Rejected
REF004628,TXN001609,CUST08055,MER06462,2024-07-13 13:28:30,1374.85,Product Returned,Completed
REF004629,TXN004315,CUST05565,MER03658,2024-11-12 00:20:52,9209.42,Booking Cancelled,Completed
REF004630,TXN005380,CUST06238,MER03455,2024-06-29 20:09:23,87827.52,Booking Cancelled,Completed
REF004631,TXN000805,CUST04987,MER06486,2025-01-05 22:24:44,1907.28,Booking Cancelled,Completed
REF004632,TXN009961,CUST06812,MER01802,2024-01-26 21:39:32,83617.61,Product Returned,Pending
REF004633,TXN005092,CUST04967,MER02123,2024-06-16 19:09:41,2851.34,Duplicate Transaction,Completed
REF004634,TXN000803,CUST01743,MER06573,2024-08-01 06:12:25,17327.99,Order Cancelled,Completed
REF004635,TXN001993,CUST01512,MER09839,2024-07-13 02:57:28,8273.0,Duplicate Transaction,Completed
REF004636,TXN009087,CUST05889,MER05265,2024-02-05 19:32:13,1855.87,Duplicate Transaction,Pending
REF004637,TXN008259,CUST09966,MER08351,2024-04-25 11:09:18,734.91,Product Returned,Completed
REF004638,,CUST04991,MER09154,2024-06-01 01:12:27,22156.04,Booking Cancelled,Completed
REF004639,TXN004603,CUST01594,MER03486,,1597.37,Duplicate Transaction,Completed
REF004640,TXN001956,CUST09567,MER04466,2024-05-17 12:32:43,10562.01,Product Returned,Completed
REF004641,TXN008646,CUST07925,MER00085,2024-05-28 15:39:36,4673.64,Order Cancelled,Pending
REF004642,TXN007746,CUST05981,MER05968,2024-03-05 14:23:39,17489.11,Booking Cancelled,Completed
REF004643,TXN004925,CUST09328,MER00748,2024-02-02 12:50:13,1437.5,Booking Cancelled,Completed
REF004644,TXN004148,CUST05084,MER07742,2024-03-29 04:51:15,31293.58,Order Cancelled,Rejected
REF004645,TXN001111,CUST08646,MER02929,2025-01-06 14:19:57,93790.45,Customer Request,Completed
REF004646,TXN008948,CUST04955,MER06427,2024-09-16 05:56:00,5734.84,Duplicate Transaction,Completed
REF004647,TXN002489,CUST03916,MER04268,2024-04-07 07:58:47,9405.61,Product Returned,Completed
REF004648,TXN007935,CUST05459,MER09521,2024-08-30 12:53:26,12408.25,Customer Request,Completed
REF004649,TXN003378,CUST03471,MER01823,2024-07-03 00:52:10,87157.15,Duplicate Transaction,Completed
REF004650,TXN002616,CUST07905,MER05081,2024-03-16 13:08:15,11942.44,Order Cancelled,Pending
REF004651,TXN001782,CUST06691,,2024-04-06 09:30:06,539.06,Order Cancelled,Pending
REF004652,TXN008068,CUST08773,,2024-06-12 00:21:01,18612.79,Order Cancelled,Completed
REF004653,TXN001316,CUST03253,MER07266,2024-12-18 08:12:21,3764.42,Duplicate Transaction,Completed
REF004654,TXN000913,CUST09091,MER06449,2024-07-14 19:43:46,1970.57,Product Returned,Completed
REF004655,TXN001867,CUST07841,MER09726,2024-04-23 10:04:07,2518.0,,Completed
REF004656,TXN006630,CUST01107,MER04862,2024-08-02 15:14:36,11602.37,Customer Request,Pending
REF004657,TXN003662,CUST01961,MER09461,2024-07-21 08:54:28,3705.55,Duplicate Transaction,Pending
REF004658,TXN002220,CUST02170,MER06976,2024-05-24 07:30:36,61435.43,Customer Request,Completed
,TXN004557,CUST01681,MER05881,,1185.59,Order Cancelled,Completed
REF004660,TXN003452,CUST08346,MER01837,2024-04-01 00:08:27,1073.32,Duplicate Transaction,Completed
REF004661,TXN006875,CUST08294,MER00614,2024-07-04 13:01:16,1736.45,Booking Cancelled,Completed
REF004662,TXN006525,CUST01180,MER04633,2024-06-26 04:32:25,50491.42,Duplicate Transaction,Pending
REF004663,TXN006785,CUST05531,MER07184,2024-05-09 20:20:43,1760.21,Duplicate Transaction,Completed
REF004664,TXN007962,CUST05696,MER00257,2024-04-02 14:43:23,17995.17,Product Returned,Completed
REF004665,TXN000138,CUST08312,MER07697,2024-07-30 01:38:39,37723.62,Product Returned,Pending
REF004666,TXN006006,CUST06177,MER04845,2024-04-13 08:15:43,45405.96,Duplicate Transaction,Pending
REF004667,TXN000528,CUST00199,MER01795,2024-09-09 10:15:34,14905.13,Booking Cancelled,Pending
REF004668,TXN006555,CUST02668,MER03028,2024-11-23 01:23:11,80246.47,Customer Request,Completed
REF004669,TXN001768,CUST09495,,2024-07-18 04:39:35,55594.62,Product Returned,Completed
REF004670,TXN002777,CUST04515,MER09680,2024-11-06 05:11:25,38765.98,Booking Cancelled,Completed
REF004671,TXN002731,CUST08254,MER06271,2024-07-19 21:01:48,136.68,Duplicate Transaction,Completed
REF004672,TXN003142,CUST07599,MER09006,2024-05-22 21:49:32,94227.54,Product Returned,Completed
REF004673,TXN006884,CUST08832,MER03493,2024-06-10 02:12:31,18989.4,Order Cancelled,Completed
REF004674,TXN000194,CUST04562,MER02580,2024-12-02 23:14:57,120.29,Order Cancelled,Completed
REF004675,TXN002465,CUST02163,MER09787,2024-03-29 19:41:55,20917.05,Product Returned,
REF004676,TXN008949,CUST02226,MER01940,2024-09-03 03:43:38,409.3,Order Cancelled,Completed
REF004677,TXN002815,CUST02939,MER03259,2024-04-29 05:28:51,2453.52,Booking Cancelled,Completed
REF004678,TXN000176,CUST07494,MER04441,2024-08-11 00:01:59,3784.76,Order Cancelled,Completed
REF004679,TXN005464,CUST01432,MER03040,2024-09-30 21:45:35,273.88,Customer Request,Completed
REF004680,TXN005350,CUST06219,MER00150,2024-07-13 18:58:45,15633.34,Order Cancelled,Completed
,TXN002462,CUST06336,MER03039,2024-05-26 08:53:18,13956.51,Duplicate Transaction,Completed
REF004682,TXN004062,CUST04008,MER02664,2024-03-02 21:50:19,3067.36,Product Returned,Completed
REF004683,TXN003186,CUST04296,MER07654,2024-02-16 17:17:07,232.57,Product Returned,Completed
REF004684,TXN005103,CUST00730,MER09959,2024-08-19 08:31:35,900.51,Order Cancelled,Completed
REF004685,TXN000387,CUST06815,MER03306,2024-03-15 10:51:10,8614.52,Duplicate Transaction,Completed
,TXN007526,CUST04880,MER08868,2024-10-17 01:14:48,16628.77,Duplicate Transaction,Completed
REF004687,TXN007753,CUST07907,MER09708,2024-10-18 20:25:27,15820.82,Booking Cancelled,Completed
REF004688,TXN000588,CUST09100,MER04314,2024-12-17 18:00:17,101.12,Customer Request,Rejected
REF004689,TXN002394,CUST04829,MER02088,2024-04-02 14:31:40,133.68,Order Cancelled,Rejected
REF004690,,CUST05084,MER07742,2024-04-09 04:51:15,75104.58,Product Returned,Pending
REF004691,TXN007233,CUST01714,MER02095,2024-08-09 09:52:11,59586.53,Customer Request,Completed
REF004692,TXN004405,CUST03962,MER01352,2025-01-02 15:33:01,380.48,Order Cancelled,Completed
REF004693,TXN006511,CUST04841,MER04613,2024-10-24 05:13:32,588.94,Booking Cancelled,Completed
REF004694,TXN002885,CUST05081,MER06756,2024-05-28 23:02:21,693.63,Duplicate Transaction,Rejected
REF004695,TXN003058,CUST02834,MER07520,2024-08-08 19:33:25,30182.36,Booking Cancelled,Completed
REF004696,TXN008662,CUST03001,MER04657,2024-03-19 16:16:05,3685.7,Booking Cancelled,Pending
REF004697,TXN005102,CUST03097,MER04312,2024-04-28 16:34:47,,Product Returned,Completed
REF004698,TXN001532,CUST00531,MER01011,2024-02-11 19:55:52,4915.46,Booking Cancelled,Pending
REF004699,TXN009626,CUST09994,MER06539,2024-02-08 15:23:46,3778.83,Duplicate Transaction,Completed
REF004700,TXN001808,CUST04649,MER08681,2024-05-25 09:06:10,5805.32,Product Returned,Pending
REF004701,TXN009464,CUST07594,MER06620,2024-04-26 00:10:32,1444.61,Booking Cancelled,Completed
REF004702,TXN000799,CUST04427,MER06516,2024-02-21 15:02:35,,Duplicate Transaction,Pending
REF004703,TXN006216,CUST03520,MER05825,2024-10-25 20:41:21,4804.98,Booking Cancelled,Completed
REF004704,TXN001976,CUST06918,MER03472,2024-10-14 06:34:11,1048.58,Customer Request,Completed
REF004705,TXN005886,CUST00398,MER02503,2024-11-30 22:59:18,1115.1,Duplicate Transaction,Completed
REF004706,,CUST07182,MER07365,09/09/2024,1862.09,Booking Cancelled,Pending
REF004707,TXN009935,,MER04364,2024-03-30 23:03:48,76214.21,Order Cancelled,Completed
REF004708,TXN001575,CUST09718,MER04415,2024-04-16 12:58:46,179.97,Customer Request,Completed
REF004709,TXN007951,CUST01773,MER09497,2024-03-03 05:42:53,590.5,Duplicate Transaction,Completed
REF004710,TXN003640,CUST02591,MER00728,2024-11-25 04:32:48,2455.11,Order Cancelled,Completed
REF004711,TXN004512,CUST08021,MER01782,2024-04-21 11:42:03,1054.78,Customer Request,Completed
REF004712,TXN006422,CUST02636,MER04019,2024-08-29 17:55:14,1116.16,Booking Cancelled,Completed
REF004713,TXN000692,CUST05174,MER02701,2024-10-07 04:55:15,87884.87,Duplicate Transaction,Completed
,TXN005285,CUST06748,MER02121,2024-09-17 14:28:19,15079.5,Customer Request,Completed
REF004715,TXN007067,CUST05115,MER03298,2024-11-29 01:13:48,43603.81,Order Cancelled,Pending
REF004716,TXN004501,CUST07581,MER06213,2024-01-13 22:10:12,8991.36,Order Cancelled,Completed
REF004717,TXN008996,CUST05787,MER05335,2024-03-11 03:47:40,221.78,Order Cancelled,Rejected
REF004718,TXN006183,CUST08631,MER02341,2024-11-28 05:18:56,1460.53,Duplicate Transaction,Completed
REF004719,TXN000771,UNKNOWN,MER00470,2024-12-28 18:08:17,4668.55,Booking Cancelled,Pending
REF004720,TXN007309,CUST07012,MER03224,2024-12-31 13:45:59,6926.91,Order Cancelled,Completed
REF004721,TXN002615,CUST00560,MER02607,2024-12-15 07:15:07,98697.48,Duplicate Transaction,Completed
REF004722,TXN007860,CUST08486,MER05956,2025-01-02 04:26:46,1028.69,,Completed
REF004723,TXN005008,CUST04904,MER01556,2024-11-22 07:29:45,6545.25,Customer Request,Completed
REF004724,TXN005951,CUST06210,MER06211,2024-03-19 07:20:12,9882.49,Duplicate Transaction,Rejected
REF004725,TXN002398,CUST01487,MER04901,2024-03-19 19:38:42,2161.72,Order Cancelled,Completed
REF004726,TXN008536,CUST00880,MER00350,2024-01-25 06:04:14,1840.22,Duplicate Transaction,Completed
REF004727,TXN003268,CUST04497,MER08622,2024-02-06 06:41:57,18326.45,Customer Request,Completed
REF004728,TXN000894,UNKNOWN,MER00911,2024-06-07 15:50:40,98627.87,Customer Request,Completed
REF004729,TXN006431,CUST06874,MER00591,2024-12-24 07:22:34,451.83,Duplicate Transaction,Completed
REF004730,TXN007473,CUST08096,MER01745,2024-12-06 21:14:03,341.78,Duplicate Transaction,Rejected
REF004731,TXN003752,CUST04596,MER08187,2024-11-19 20:55:53,1228.51,Booking Cancelled,Completed
REF004732,TXN004667,CUST00769,MER09196,,87904.41,Product Returned,Completed
REF004733,TXN004500,CUST08276,MER02287,2024-05-04 04:59:42,1687.1,Product Returned,Completed
REF004734,TXN009794,CUST09641,MER05999,2024-03-26 18:12:37,3803.56,,Completed
REF004735,TXN006218,CUST09548,MER05648,2024-09-29 19:36:30,20202.82,Duplicate Transaction,Completed
REF004736,TXN000159,CUST05548,MER05220,2024-11-03 16:37:13,1651.57,Booking Cancelled,Completed
REF004737,TXN008351,CUST05523,MER05629,2024-06-04 12:43:02,81687.6,Duplicate Transaction,Completed
REF004738,TXN002041,CUST08590,MER04411,2024-08-30 02:43:19,17245.24,Order Cancelled,Completed
REF004739,TXN005439,CUST02396,MER06371,2024-11-02 06:26:26,13890.85,Order Cancelled,Pending
REF004740,TXN003572,CUST01217,MER08791,2024-08-22 16:25:05,22786.96,Customer Request,Completed
REF004741,TXN005543,CUST05230,,2024-01-11 16:48:30,7515.58,Product Returned,Completed
REF004742,TXN008844,CUST06832,MER08057,01/09/2024,212.7,Product Returned,Completed
REF004743,TXN008230,CUST00153,MER09870,2024-03-01 08:41:59,53889.28,Booking Cancelled,Completed
REF004744,TXN008744,CUST02507,MER05072,2024-10-20 05:44:25,6898.82,Product Returned,Completed
REF004745,TXN004051,CUST00903,MER03998,2024-09-29 23:28:23,276.9,Product Returned,Completed
REF004746,TXN000901,CUST07284,MER01893,2024-10-10 10:02:14,unknown,Product Returned,Completed
REF004747,TXN008691,CUST01735,MER01508,2024-05-07 19:17:26,2204.72,Duplicate Transaction,Pending
REF004748,TXN007675,CUST05801,MER06133,2024-08-04 10:40:12,84791.27,Booking Cancelled,Pending
REF004749,TXN006739,CUST04068,MER04445,2024-08-14 11:01:16,6293.73,Booking Cancelled,Completed
REF004750,TXN008791,CUST08839,MER05743,2024-05-11 16:34:12,68277.89,Booking Cancelled,Completed
REF004751,TXN009923,CUST05934,MER04357,2025-01-15 13:44:27,76155.04,Booking Cancelled,Completed
REF004752,TXN000044,CUST08963,MER09670,2025-01-07 04:41:11,19305.9,Customer Request,Completed
REF004753,TXN007446,CUST06843,MER00637,2024-09-25 22:39:53,323.76,Customer Request,Completed
REF004754,TXN001175,CUST08648,MER06168,2024-08-26 03:18:42,7279.15,Customer Request,Completed
REF004755,TXN009760,CUST06515,MER05262,2024-11-17 11:54:50,15820.23,Booking Cancelled,Completed
REF004756,TXN005321,CUST01985,MER05003,2024-03-20 02:06:14,1569.49,Booking Cancelled,Completed
,TXN003155,CUST01655,MER01358,2024-05-23 06:11:08,23345.5,Product Returned,Rejected
REF004758,TXN001757,CUST02874,MER07617,2024-12-18 15:12:08,9995.61,Customer Request,Completed
REF004759,TXN004052,CUST08968,,2024-03-31 17:49:49,44493.28,Duplicate Transaction,Completed
REF004760,TXN001114,CUST01367,MER08232,2024-06-10 00:07:31,727.77,Customer Request,Completed
REF001237,TXN009122,CUST07110,MER00963,2024-06-07 04:06:24,21101.71,Product Returned,Completed
REF004762,TXN007307,CUST03260,MER03077,2024-02-20 20:46:46,18483.89,Customer Request,Pending
REF004763,TXN000252,CUST07583,MER05457,2024-03-08 06:56:53,6987.6,Customer Request,Completed
REF004764,TXN008184,CUST01428,MER07559,2024-11-28 19:51:23,89464.7,Booking Cancelled,Completed
REF004765,TXN008589,CUST03495,MER04815,2024-08-10 16:14:07,19168.17,Duplicate Transaction,Rejected
REF004766,TXN001520,CUST06964,MER03536,2024-10-26 09:23:04,4311.5,Duplicate Transaction,Completed
REF004767,TXN000796,CUST06004,MER09393,2024-03-07 22:43:46,2695.47,Booking Cancelled,Completed
REF004768,UNKNOWN,CUST02056,MER02300,2024-02-06 08:40:55,50791.76,Order Cancelled,Pending
REF004769,TXN007472,CUST08894,MER00269,2024-07-28 01:21:44,117223.07,Customer Request,Completed
REF004770,TXN003405,CUST06697,MER06227,2024-09-18 21:05:24,2106.79,Customer Request,Completed
REF004771,TXN002260,CUST07085,MER07812,2024-01-27 10:51:10,18574.87,Duplicate Transaction,Completed
REF004772,TXN009199,CUST09825,MER07768,2024-11-22 05:49:21,19646.25,Duplicate Transaction,Completed
REF004773,TXN002159,CUST03863,MER08646,,4863.7,Duplicate Transaction,Completed
REF004774,TXN004948,CUST06813,MER00884,2024-03-19 07:55:38,54167.9,Duplicate Transaction,Rejected
REF004775,TXN002475,CUST02185,MER03054,2024-06-09 08:37:04,448.0,Booking Cancelled,Completed
REF004776,TXN006804,CUST01834,MER00109,2024-03-18 02:52:39,16844.06,Booking Cancelled,Completed
REF004777,TXN000749,CUST03841,MER03959,2024-05-17 10:28:35,1917.4,Customer Request,Completed
REF004778,TXN005641,CUST02694,MER08856,2024-02-22 00:28:32,1648.8,Product Returned,Rejected
REF004779,TXN005516,CUST08084,MER00693,2025-01-12 09:46:57,1358.72,Customer Request,Completed
REF004780,TXN005921,CUST04991,MER00673,2024-05-15 08:00:57,3506.0,Booking Cancelled,Pending
REF004781,TXN008936,CUST08480,MER09920,2024-12-24 07:22:08,4000.31,Product Returned,Completed
REF004782,TXN002565,CUST02218,MER00520,2024-11-22 20:30:26,9447.66,Booking Cancelled,Pending
REF004783,TXN004420,CUST02876,MER07180,2024-03-12 01:44:07,302.86,Customer Request,Rejected
REF004784,TXN009853,CUST08024,MER03346,2024-03-19 11:34:26,43244.4,Customer Request,Completed
REF004785,TXN000748,CUST07512,MER05749,2024-02-23 20:40:19,1189.08,Booking Cancelled,Completed
REF004786,TXN009840,CUST08049,MER05485,2024-02-03 22:45:40,46060.23,Duplicate Transaction,Completed
REF004787,TXN009520,CUST05971,MER06633,2024-01-31 04:10:33,2030.11,,Pending
REF001147,TXN008017,CUST05429,MER08640,2024-09-27 23:41:46,1000.39,Duplicate Transaction,Completed
REF004789,TXN005681,CUST02433,MER01475,2024-08-11 21:44:10,17249.95,Order Cancelled,Completed
REF004790,TXN004135,CUST09065,MER00750,2024-12-07 06:28:33,8925.67,Booking Cancelled,Completed
REF004791,TXN004824,CUST04498,MER00097,2024-11-11 21:51:22,534.5,Duplicate Transaction,Completed
REF004792,TXN007981,CUST08109,MER07721,2024-08-22 05:14:09,17515.07,Customer Request,Completed
REF004793,TXN006575,CUST04556,MER04672,2024-05-13 05:50:32,783.7,Duplicate Transaction,Completed
,TXN008205,CUST05808,MER08559,2024-09-25 06:04:31,2608.18,,Pending
REF004795,TXN004667,CUST00769,MER09196,2024-06-28 01:43:40,21976.1,Product Returned,Completed
REF004796,TXN001754,CUST09402,MER09895,2024-02-13 11:06:31,105683.89,Duplicate Transaction,Pending
REF004797,TXN003079,CUST09319,MER02216,2024-07-30 03:26:36,274.62,Product Returned,Completed
REF004798,TXN001510,CUST09509,MER08396,2024-05-31 00:52:38,187.5,Customer Request,Completed
REF004799,TXN004133,CUST02049,MER07745,2024-08-29 16:11:56,1323.47,Order Cancelled,Completed
REF004800,TXN000927,CUST03324,MER05100,2024-11-08 16:13:12,69.43,Duplicate Transaction,Completed
REF004801,TXN004457,CUST05180,MER02139,2024-09-09 21:03:13,7234.34,Product Returned,Pending
REF004802,TXN006238,CUST00531,MER01184,2024-12-26 23:38:14,12259.7,Booking Cancelled,Completed
REF004803,TXN002457,CUST06148,MER04272,2024-07-19 20:00:10,23121.9,Booking Cancelled,Rejected
REF004804,TXN008348,CUST07414,MER09479,2024-03-07 11:19:50,577.35,Product Returned,Completed
REF004805,TXN001714,CUST03806,MER04453,2024-10-17 05:10:54,20652.32,Product Returned,Completed
REF004806,TXN002699,CUST02341,MER09838,2024-05-09 09:10:05,1358.74,Product Returned,
REF004807,TXN004142,CUST08301,MER08893,2024-05-22 12:06:43,1423.51,Duplicate Transaction,Rejected
REF004808,TXN002889,CUST01679,MER03271,2024-02-22 17:44:58,259.79,Duplicate Transaction,Rejected
REF004809,TXN003554,CUST00776,MER09498,2024-03-17 12:51:57,978.33,Booking Cancelled,Completed
REF004810,TXN006875,CUST08294,MER00614,2024-07-05 13:01:16,434.11,Order Cancelled,Rejected
REF004811,TXN002643,CUST03076,MER06758,2024-06-15 05:45:07,7397.61,Customer Request,Completed
REF004812,TXN004784,CUST01126,MER09661,2024-09-14 16:37:34,6022.82,Order Cancelled,Completed
REF004813,TXN006902,CUST07838,MER08756,2024-04-01 01:08:03,1881.25,Product Returned,Completed
,TXN001167,CUST08582,MER00866,2025-01-12 21:47:28,439.48,Customer Request,Rejected
REF004815,TXN007235,CUST05230,MER01180,2024-12-18 10:01:26,44090.04,Order Cancelled,Completed
REF004816,TXN005894,CUST07770,MER07213,2024-11-03 16:42:28,1767.55,Booking Cancelled,Rejected
REF004817,TXN007555,CUST06532,MER00610,2024-08-07 00:28:31,166.05,Product Returned,Completed
REF004818,TXN003921,CUST04868,MER01970,2024-06-23 23:57:18,1178.71,Order Cancelled,Rejected
REF004819,TXN002221,CUST02537,MER09045,2024-07-27 07:11:26,119.14,Product Returned,Completed
REF004820,TXN002444,CUST07415,MER09635,2024-06-20 23:32:15,100.21,Duplicate Transaction,Pending
REF004821,TXN002231,CUST04555,MER02661,2024-02-12 11:59:19,6415.74,Booking Cancelled,Completed
REF004822,,CUST04646,MER03990,2024-06-16 12:20:46,27930.82,Order Cancelled,Completed
REF004823,TXN005692,CUST05642,MER01228,2024-12-13 22:09:51,91150.69,Duplicate Transaction,Pending
REF004824,TXN009487,CUST02650,MER09583,,14032.01,Booking Cancelled,Completed
REF004825,TXN007380,CUST04534,MER06277,2024-01-23 02:07:57,13309.79,Order Cancelled,Pending
REF004826,TXN001302,CUST00097,MER00320,2024-05-15 08:21:33,12041.32,Product Returned,Completed
REF004827,TXN004374,CUST08303,MER08523,2024-09-13 01:07:12,4584.17,Customer Request,Completed
REF004828,TXN003519,CUST06134,MER09318,2024-05-31 17:48:11,29018.68,Order Cancelled,Completed
REF004829,TXN007175,CUST04792,MER08989,2024-01-20 21:23:39,14387.95,Product Returned,Pending
REF004830,TXN005514,CUST03303,MER09506,2024-10-30 15:57:46,53946.15,Duplicate Transaction,Completed
REF004831,TXN006492,CUST09091,MER02223,2024-02-27 23:56:07,1814.08,Product Returned,Completed
REF004832,TXN007882,CUST05097,MER02235,2024-09-01 11:56:35,97212.98,Booking Cancelled,Completed
REF004833,TXN006296,CUST06900,MER06349,2024-03-16 00:36:00,87872.85,Product Returned,Completed
REF004834,TXN004705,CUST07930,MER04856,2024-02-19 08:57:52,4107.89,Order Cancelled,Completed
REF004835,TXN002192,CUST09536,MER06021,2025-01-02 09:12:15,1900.21,Booking Cancelled,Pending
REF004836,TXN001887,CUST07167,MER08343,2024-02-06 05:29:33,48398.51,Booking Cancelled,Completed
REF004837,TXN009255,CUST02884,MER02755,2024-11-21 20:34:11,unknown,Order Cancelled,Completed
REF004838,TXN005504,CUST03436,MER00048,2024-11-16 01:41:19,16854.61,Customer Request,Completed
REF004839,TXN007339,CUST05344,MER03303,2024-08-03 15:31:53,76868.14,Duplicate Transaction,Pending
REF004840,TXN009500,CUST06192,MER01867,2024-02-27 23:38:25,87741.36,Order Cancelled,Completed
REF004841,TXN003826,CUST03902,MER05089,2024-03-09 22:45:55,30849.45,Booking Cancelled,Completed
REF004842,TXN001545,CUST00237,MER00613,2024-11-19 15:28:31,49441.42,Product Returned,Completed
REF004843,UNKNOWN,CUST08592,MER05182,2024-05-30 07:48:46,353.65,Product Returned,Completed
REF004844,TXN003431,CUST03894,MER02658,2024-01-24 23:38:23,37641.62,Product Returned,Completed
REF004845,TXN003699,CUST06039,MER08047,2024-08-18 05:08:25,19506.16,Order Cancelled,Completed
REF004846,TXN007849,CUST00487,MER09565,2024-04-09 02:40:50,17484.03,Customer Request,Pending
REF004847,TXN008099,CUST08076,MER03931,2024-01-30 18:21:08,39857.9,Order Cancelled,Pending
REF004848,TXN000517,CUST05158,MER05169,2024-05-03 06:21:43,1156.3,Duplicate Transaction,Completed
REF004849,TXN003391,CUST05137,MER01563,2024-07-17 03:53:31,4842.46,Order Cancelled,Completed
REF002890,TXN007403,CUST06132,MER00381,2024-04-23 05:55:31,766.96,Customer Request,Completed
REF004851,TXN005949,CUST05118,MER06942,2024-03-09 01:08:06,63214.12,Duplicate Transaction,Completed
REF004852,TXN000718,CUST04966,MER07169,2024-09-20 18:08:04,13947.91,Order Cancelled,Pending
REF004853,TXN007916,CUST09213,MER09574,2024-05-04 05:08:08,4543.67,Booking Cancelled,Pending
,TXN001002,CUST01811,MER09668,2024-08-31 19:15:59,90767.27,Booking Cancelled,Completed
REF004855,TXN007138,CUST00886,MER02998,2024-03-18 18:59:22,462.56,Booking Cancelled,Completed
REF004856,TXN001411,CUST05471,MER06566,2024-04-10 20:05:15,60445.8,Booking Cancelled,Completed
REF004857,TXN004090,CUST05364,MER00013,2024-06-12 02:40:53,28451.05,Order Cancelled,Pending
REF004858,TXN002663,CUST07608,MER04308,2024-11-26 11:43:06,1517.28,Product Returned,Completed
REF004859,TXN005637,CUST09909,MER08296,2024-03-25 16:11:03,1223.66,Order Cancelled,Pending
REF004860,TXN002630,CUST09172,MER02999,2024-07-03 13:00:04,83128.28,Duplicate Transaction,Completed
REF004861,TXN002926,CUST01603,MER03977,2024-03-22 01:36:15,4601.71,Product Returned,Completed
REF004862,TXN006402,CUST01967,MER09681,2024-06-03 22:21:14,3357.94,Duplicate Transaction,Completed
REF004863,TXN000786,CUST05492,MER00118,2024-09-13 15:35:01,1634.36,Product Returned,Completed
REF004864,TXN004557,CUST01681,MER05881,2024-07-17 08:01:27,1185.59,Customer Request,Completed
REF004865,TXN007935,CUST05459,MER09521,2024-08-25 12:53:26,12408.25,,Pending
REF004866,TXN007093,CUST03480,MER02615,2024-12-04 18:03:06,126.03,Booking Cancelled,Rejected
REF004867,TXN003796,CUST05138,MER04656,2024-08-05 14:58:42,23043.92,Product Returned,Completed
REF004868,TXN000128,CUST08479,MER06501,2024-12-30 03:43:43,30031.43,Duplicate Transaction,Completed
REF004869,TXN009244,CUST06021,MER08165,2024-09-13 05:44:54,4629.77,Order Cancelled,Pending
REF004870,TXN009773,CUST07117,MER01651,2024-02-12 03:02:06,1512.4,Order Cancelled,Completed
REF004871,TXN002863,CUST07122,MER05124,2024-11-18 00:35:48,27437.1,Product Returned,Pending
REF004872,TXN007834,CUST09812,MER01119,2024-04-27 14:11:19,62383.94,Product Returned,Completed
REF004873,TXN003624,CUST00303,MER01697,2024-04-24 13:25:24,618.42,Product Returned,Completed
REF004874,,CUST03861,MER07586,2024-10-14 18:14:20,289.66,Customer Request,Completed
REF004875,TXN002597,CUST06720,MER01629,2024-11-27 00:06:38,120.88,Product Returned,Completed
REF004876,TXN005890,CUST04046,MER06004,2024-07-05 15:30:34,447.23,Booking Cancelled,Pending
REF004877,TXN001643,CUST03137,MER02583,2024-07-04 04:14:32,78947.23,Product Returned,Completed
REF004878,TXN004126,CUST02394,MER06674,2025-01-13 18:34:42,1455.6,Product Returned,Completed
REF004879,TXN001134,CUST09242,MER03389,,2183.38,Customer Request,Completed
REF004880,TXN002358,CUST08546,MER03593,2024-12-27 21:49:12,8458.9,Duplicate Transaction,
REF004881,TXN002931,CUST01512,MER08355,2024-08-10 12:36:12,618.06,Customer Request,Completed
REF004882,TXN006482,CUST07641,MER04443,2024-12-04 13:53:14,2261.47,Product Returned,Completed
REF004883,TXN007012,CUST06358,MER08295,2024-03-06 18:28:25,380.2,Booking Cancelled,Pending
REF004884,TXN009186,CUST04949,MER04890,2024-09-12 03:36:21,9016.02,Booking Cancelled,Pending
REF004885,TXN001376,CUST00055,MER04037,2025-01-27 03:05:37,43023.21,Order Cancelled,Rejected
REF004886,TXN004435,CUST09148,MER00870,2024-11-29 14:47:56,82547.74,Product Returned,Completed
REF004887,TXN008239,CUST00984,MER07023,2024-04-29 22:27:04,1184.8,Booking Cancelled,Completed
REF004888,TXN009132,CUST00202,MER04288,2024-02-18 08:38:18,17191.88,Customer Request,Completed
REF004889,TXN006015,CUST03403,MER07090,2024-08-31 04:16:02,939.98,Product Returned,Pending
,TXN004200,CUST03237,MER07982,2024-07-28 13:36:31,1304.24,Order Cancelled,Pending
REF004891,TXN002517,CUST06982,MER02996,2024-03-28 20:32:12,59.2,Customer Request,Completed
REF004892,TXN007523,CUST03862,MER09123,2024-04-06 15:07:23,85935.16,Customer Request,Pending
REF004893,TXN000579,CUST06982,MER09929,2024-08-18 13:28:46,48178.18,Order Cancelled,Pending
REF004894,TXN003045,CUST04418,MER00441,2024-12-24 17:28:05,57021.68,Booking Cancelled,Pending
REF004895,TXN001012,CUST02633,MER05037,2024-05-28 21:33:29,60532.83,Product Returned,Completed
REF004896,TXN004181,CUST09939,MER08704,2024-11-12 12:43:43,32020.98,Order Cancelled,Completed
REF004897,TXN003027,CUST07222,MER07351,2024-04-06 07:46:42,6625.94,Booking Cancelled,Completed
REF004898,TXN007022,CUST04904,MER02637,2024-09-27 01:22:26,429.76,Duplicate Transaction,Rejected
REF004899,TXN002305,CUST04117,MER02516,2024-04-25 06:37:10,253.25,Order Cancelled,Completed
REF004900,TXN005237,CUST02896,,2024-02-11 16:49:56,3014.88,Product Returned,Completed
REF004901,TXN002637,,MER04872,18/02/2024,138.63,Order Cancelled,Completed
REF004902,TXN005841,CUST01316,MER00598,2024-07-27 06:10:46,5687.1,Customer Request,Completed
REF004903,TXN009048,CUST08372,MER08158,2024-01-29 15:16:37,10874.82,Duplicate Transaction,Completed
REF004904,TXN007273,CUST01167,MER01485,2024-10-19 22:17:37,96089.34,Order Cancelled,Completed
REF004905,TXN004002,CUST06572,MER04791,2024-07-11 01:02:28,17749.22,Order Cancelled,Completed
REF004906,,CUST01915,MER06102,2024-02-16 23:24:14,1333.2,Booking Cancelled,Completed
REF004907,TXN002692,CUST07001,MER06805,2024-04-12 06:12:35,29775.61,Product Returned,Completed
REF004908,TXN000781,CUST08689,MER06751,2024-05-15 15:30:36,425.56,Booking Cancelled,Completed
REF004909,TXN001382,CUST06707,MER04957,2024-02-05 06:19:37,16722.77,Customer Request,Completed
REF004910,TXN003197,CUST07506,MER03746,2024-01-24 22:48:32,3533.85,Booking Cancelled,Completed
REF004911,TXN003658,CUST01304,MER05298,2024-04-27 14:05:38,599.18,Duplicate Transaction,Pending
REF004912,TXN008299,CUST06540,MER03582,2024-05-10 05:25:30,6812.48,Booking Cancelled,Completed
REF004913,TXN007208,CUST07856,MER00710,13/08/2024,459.55,Customer Request,Completed
REF004914,TXN002907,CUST07613,MER05616,2024-07-15 19:16:14,106382.34,Product Returned,Pending
REF004915,TXN002097,CUST03995,MER08783,2024-04-15 12:48:11,40999.03,Duplicate Transaction,Completed
REF004916,TXN001634,CUST02249,MER04821,2024-09-02 09:44:01,5354.47,Booking Cancelled,Completed
REF004917,TXN003750,CUST00032,MER04191,2024-12-15 19:17:54,2612.53,Duplicate Transaction,Rejected
REF004918,TXN006881,CUST06823,MER02809,2024-10-03 14:19:34,625.3,Duplicate Transaction,Completed
REF004919,TXN004636,CUST05794,MER05325,2024-04-28 12:37:18,22680.5,Duplicate Transaction,Completed
REF004920,TXN002755,CUST01840,MER09402,2024-12-29 23:09:31,10970.69,Duplicate Transaction,Completed
REF004921,TXN002259,CUST01984,MER00647,2024-02-16 05:31:54,1795.52,Booking Cancelled,Completed
REF004922,TXN006338,CUST03801,MER09056,2024-08-19 01:08:54,1075.01,Booking Cancelled,Completed
REF004923,TXN008654,CUST04609,MER00663,2024-03-17 17:27:47,227.48,Order Cancelled,Completed
REF004924,TXN006877,CUST05984,MER00717,2024-07-08 03:37:47,1418.43,Booking Cancelled,Completed
REF004925,TXN006397,CUST03549,MER04944,2024-06-15 12:07:52,90057.24,Product Returned,Completed
REF004926,TXN005864,CUST04340,MER04205,2024-03-29 13:27:00,18436.42,Product Returned,Rejected
REF004927,TXN003108,CUST08071,MER07695,2024-12-02 17:05:14,334.11,Booking Cancelled,Completed
REF004928,TXN005444,CUST00358,MER06682,2024-09-29 09:59:02,14129.12,Product Returned,Completed
REF004929,TXN001430,CUST00590,MER04918,2024-07-20 14:14:47,8869.56,Booking Cancelled,Completed
REF004930,TXN007697,CUST01790,MER04751,2024-09-21 04:27:08,91716.44,Order Cancelled,Completed
REF004931,,CUST08055,MER06462,2024-07-14 13:28:30,687.42,Order Cancelled,Pending
REF004932,TXN005993,CUST07480,MER03221,2024-07-13 04:03:52,40982.7,Duplicate Transaction,Pending
REF004933,TXN005647,CUST08385,MER05628,2024-11-30 10:11:47,634.67,Booking Cancelled,Rejected
REF004934,TXN008431,CUST02440,MER05718,2024-07-10 18:29:08,2291.98,Booking Cancelled,Completed
REF004935,TXN002883,CUST01386,MER05497,2024-02-03 21:15:13,153.29,Customer Request,Completed
REF004936,TXN004304,CUST08900,MER07785,2024-07-17 14:41:57,17911.51,Duplicate Transaction,Completed
REF004937,TXN002692,CUST07001,MER06805,2024-04-12 06:12:35,6203.25,Product Returned,Completed
REF004938,TXN005880,CUST03611,MER03129,2024-07-09 12:13:15,12783.76,Customer Request,Pending
REF004939,,CUST08158,MER09670,2024-05-10 19:02:08,29502.6,Order Cancelled,Completed
REF004940,TXN006771,CUST09817,MER05777,2024-10-13 17:11:20,1142.08,Booking Cancelled,Completed
REF004941,TXN002533,CUST06748,MER09049,2024-12-08 19:51:51,7277.09,Booking Cancelled,Completed
REF004942,TXN007229,CUST06348,MER09408,2024-07-02 11:29:51,18650.91,Customer Request,Completed
REF004943,TXN003497,CUST03414,MER04869,04/11/2024,16901.76,Order Cancelled,Completed
REF004944,TXN002481,CUST05199,MER05387,2024-02-12 20:23:55,12666.1,Booking Cancelled,Pending
REF004945,TXN009023,CUST01402,MER08055,2025-01-14 02:08:47,1382.64,Duplicate Transaction,Completed
REF004946,TXN005045,CUST05135,MER06258,2024-06-14 14:38:07,399.72,Customer Request,Pending
REF004947,TXN004291,CUST07922,MER03842,2024-12-04 02:36:58,160.07,Booking Cancelled,Completed
REF004948,TXN000563,CUST02179,MER05846,2024-04-13 22:12:53,46719.99,Order Cancelled,Completed
REF004949,TXN000361,CUST05200,MER07813,2024-10-03 04:15:07,18775.48,Booking Cancelled,Rejected
REF004950,TXN002446,CUST03474,MER07919,2024-06-02 19:35:13,494.4,Order Cancelled,Completed
REF004951,TXN001716,CUST01034,MER05337,2024-05-07 14:13:54,4435.77,Duplicate Transaction,Completed
REF004952,TXN004276,CUST00532,MER08218,2024-10-23 14:37:11,1426.41,Product Returned,Completed
REF004953,TXN008417,CUST09252,MER05608,2024-03-12 06:59:18,1936.02,Customer Request,Completed
REF004954,TXN009299,CUST05301,MER07083,2024-04-02 02:21:57,197.64,Customer Request,Completed
REF004955,TXN003118,CUST07098,MER08473,2024-02-13 16:21:28,15022.48,Booking Cancelled,Completed
REF004956,TXN009287,CUST08395,MER04378,2024-06-30 08:31:16,90546.9,Order Cancelled,Completed
REF004957,TXN000529,CUST07704,MER01085,2024-10-26 18:33:07,4387.99,Customer Request,Completed
REF004958,TXN000854,CUST04751,MER08729,2024-06-30 05:14:02,60427.44,Duplicate Transaction,Completed
REF004959,TXN001584,CUST03551,MER05317,2024-03-20 18:07:02,22151.33,Customer Request,Completed
REF004960,TXN009634,CUST07280,MER02425,2024-11-05 11:54:52,2696.0,Booking Cancelled,Completed
REF004961,TXN001894,CUST00448,MER07505,2024-05-30 01:48:15,15829.14,Customer Request,Pending
REF004962,TXN008932,,MER02330,2025-01-14 22:42:37,34977.67,Duplicate Transaction,Completed
REF004963,TXN000994,CUST08112,MER06438,2024-06-28 01:16:11,22738.06,Booking Cancelled,Completed
REF004964,TXN005327,CUST08500,MER07815,2024-01-16 13:18:39,8524.76,Product Returned,Completed
REF004965,TXN003824,CUST04475,MER01883,2024-05-04 15:59:16,373.52,Booking Cancelled,Completed
REF004966,TXN002702,CUST00058,MER09439,2024-02-22 14:38:01,1669.5,Booking Cancelled,Pending
REF004967,TXN003258,CUST03969,MER05372,2024-10-16 16:38:21,61.4,Order Cancelled,Pending
REF004968,TXN004335,CUST03205,MER09479,2024-06-06 06:04:29,86.26,Booking Cancelled,Completed
REF004969,TXN004276,CUST00532,MER08218,2024-10-04 14:37:11,1426.41,Booking Cancelled,Completed
REF004970,TXN001445,CUST08062,MER03240,2024-08-30 13:07:03,196.39,Customer Request,
REF004971,TXN002283,CUST07677,MER09074,2024-06-22 22:51:51,2387.64,Duplicate Transaction,Completed
REF004972,TXN005614,CUST06031,MER02226,2024-10-05 20:06:04,340.4,Product Returned,Rejected
REF004973,TXN005272,CUST05253,MER05661,2024-05-11 09:27:34,8236.26,Product Returned,Completed
REF004974,TXN006261,CUST07589,MER08715,2024-04-08 05:58:14,1667.06,Order Cancelled,Completed
REF004975,TXN000065,CUST09269,MER09204,2024-12-26 18:03:04,60564.9,,Pending
REF004976,TXN004861,CUST03636,MER08527,2024-08-12 15:35:01,6284.02,Duplicate Transaction,Completed
REF004977,TXN006084,CUST01320,MER01883,2024-07-25 16:34:40,2067.44,Duplicate Transaction,Completed
REF004978,TXN006806,CUST01879,UNKNOWN,2024-04-19 13:33:41,7437.1,Order Cancelled,Pending
REF004979,TXN008515,CUST03240,MER03401,2024-11-26 08:36:52,19646.42,Booking Cancelled,Completed
REF005244,TXN003264,CUST08635,MER09088,2024-10-27 15:03:06,8505.17,Booking Cancelled,Completed
REF004981,TXN000457,CUST02895,MER06713,2024-02-21 08:37:01,165.47,Booking Cancelled,Completed
REF004982,TXN003115,CUST04450,MER04799,2024-11-30 04:18:09,8055.79,Product Returned,Pending
REF004983,TXN001585,CUST09545,MER04378,2024-03-26 08:09:45,7913.3,Booking Cancelled,Completed
REF004984,TXN006812,CUST01290,MER08613,2024-02-20 09:30:02,224.64,Product Returned,Completed
REF004985,TXN003915,CUST03082,MER00226,2024-06-22 19:48:52,1107.62,Booking Cancelled,Rejected
REF004986,TXN002024,CUST07130,MER05537,2024-05-26 14:28:00,,Product Returned,Pending
REF004987,TXN001302,CUST00097,UNKNOWN,2024-05-05 08:21:33,6020.66,Customer Request,Completed
REF004988,TXN004914,CUST00461,MER01140,2024-10-18 08:06:54,9831.41,Order Cancelled,Pending
REF004989,TXN003545,CUST04826,MER03676,2024-10-15 10:08:35,3166.17,Duplicate Transaction,Completed
REF004990,,CUST03902,MER07171,2024-12-06 07:36:26,3623.45,Duplicate Transaction,Pending
REF004991,TXN002084,CUST04410,MER08920,2024-05-08 11:27:40,262.34,Order Cancelled,Completed
REF004992,TXN007927,CUST01822,MER00168,2024-11-02 17:11:01,15593.83,Customer Request,Completed
REF004993,TXN007332,CUST09858,MER07183,2024-12-19 00:03:41,12615.75,Duplicate Transaction,
REF004994,TXN003194,CUST04833,MER02864,2024-08-11 07:12:48,3882.99,Product Returned,Completed
REF004995,TXN007509,,MER03640,2024-11-26 15:54:04,9205.25,Customer Request,Pending
REF004996,TXN007686,CUST08278,MER06860,2024-06-08 17:15:11,2386.33,Booking Cancelled,Rejected
REF004997,TXN000045,CUST05250,MER08779,2024-03-13 04:19:40,66668.77,Order Cancelled,Completed
REF004998,TXN000016,CUST03532,MER07635,2024-04-10 17:01:21,1261.47,Customer Request,Completed
REF004999,TXN003173,CUST08983,MER01231,2024-02-28 21:21:39,22572.78,Duplicate Transaction,Pending
REF005000,TXN009715,CUST04167,MER05742,2024-11-02 05:50:05,unknown,Product Returned,Completed
REF005001,TXN003602,CUST06889,MER05205,2024-12-16 12:34:29,6689.73,Customer Request,Pending
REF005002,TXN003435,CUST02360,MER04870,2024-07-18 04:27:21,108883.93,Order Cancelled,Rejected
REF005003,TXN006720,CUST06024,MER05164,2024-08-07 18:36:55,21576.7,Duplicate Transaction,Rejected
REF005004,TXN000685,CUST02395,MER06720,2024-03-08 05:24:50,876.34,Product Returned,Completed
REF005005,TXN001986,CUST04965,MER08376,2024-09-27 15:22:14,20386.96,Customer Request,Rejected
REF005006,TXN000343,CUST09327,MER03883,2024-01-23 14:05:05,19088.3,Product Returned,Rejected
REF005007,TXN002825,CUST03456,MER03750,2024-08-09 07:39:37,,Duplicate Transaction,Completed
REF005008,TXN009128,CUST02872,MER00778,2024-09-27 01:34:39,2453.09,Customer Request,Completed
REF005009,TXN002486,CUST07120,MER04308,2024-07-26 18:02:06,4504.27,Booking Cancelled,Rejected
REF005010,TXN000018,CUST07444,MER00430,2024-11-08 02:36:12,15365.74,Duplicate Transaction,Completed
REF005011,TXN004083,CUST01839,MER05348,2024-09-04 18:47:11,13957.43,Order Cancelled,Completed
REF005012,TXN008941,CUST01698,MER08328,2024-03-19 01:42:05,359.72,Customer Request,Completed
REF005013,TXN005264,CUST02162,MER04141,2024-10-28 19:05:13,108064.24,Order Cancelled,Completed
REF005014,TXN006241,CUST08454,MER06016,2024-12-28 13:32:43,27675.6,Duplicate Transaction,Completed
REF005015,TXN001140,CUST02209,MER02612,2024-03-11 08:32:22,93099.0,Order Cancelled,Completed
REF005016,TXN007079,CUST04299,MER08086,2024-08-15 20:59:14,14836.32,Order Cancelled,Completed
REF005017,TXN002529,CUST05640,MER03538,2024-08-09 06:28:55,1608.6,Duplicate Transaction,Completed
REF005018,TXN005342,CUST05043,MER05005,2024-10-08 02:48:32,22169.54,Duplicate Transaction,Completed
REF005019,TXN008394,CUST08614,MER07757,2024-02-23 09:24:55,48975.38,Order Cancelled,Completed
REF005020,TXN005660,CUST04964,MER07213,2024-08-19 11:34:48,74559.81,Product Returned,Pending
REF005021,TXN003429,CUST08766,MER05030,2024-07-23 16:38:38,19653.61,Order Cancelled,Completed
REF005022,TXN009496,CUST05938,MER04635,2024-09-15 21:13:55,43273.68,Customer Request,Rejected
REF005023,TXN004210,CUST05942,MER09358,2024-07-01 10:21:21,11275.91,Duplicate Transaction,Completed
REF005024,TXN004165,CUST01708,MER00527,2024-06-21 13:34:14,15824.77,Order Cancelled,Rejected
,TXN000522,CUST07826,MER00132,2024-08-17 02:47:44,1868.99,Duplicate Transaction,Rejected
REF005026,TXN001233,CUST02343,MER07487,2024-07-08 01:59:51,8783.89,Booking Cancelled,Completed
REF008291,TXN004558,CUST01518,MER00843,2024-05-05 02:12:22,16805.09,Duplicate Transaction,Completed
,TXN002739,CUST02988,MER05737,2024-03-22 22:02:26,697.79,Product Returned,Completed
REF005029,TXN004167,CUST02310,MER09026,2024-01-18 14:22:31,314.09,Customer Request,
REF005030,TXN009635,CUST08513,MER01965,2024-05-24 20:51:24,4170.05,Product Returned,Completed
REF005031,TXN004114,CUST08920,MER00204,2024-03-25 17:36:38,4011.95,Booking Cancelled,Pending
REF005032,TXN001577,CUST08748,MER09819,2024-05-13 05:56:35,665.67,Booking Cancelled,Completed
REF005033,TXN002565,CUST02218,MER00520,2024-11-25 20:30:26,11337.19,Customer Request,Pending
REF005034,TXN001862,CUST05757,MER02858,2024-11-30 11:56:55,612.23,Duplicate Transaction,Completed
REF005035,TXN004548,CUST08734,MER02675,2024-10-23 02:25:36,3580.68,Product Returned,Pending
REF005036,TXN006083,CUST02243,MER03432,2024-03-31 07:30:47,4000.74,Booking Cancelled,Pending
REF005037,TXN009928,CUST08218,MER08073,2024-09-19 09:34:41,1308.97,Duplicate Transaction,Completed
REF005038,TXN008211,CUST05042,,2024-06-20 23:50:44,64862.29,Duplicate Transaction,Completed
REF005039,TXN009119,CUST05091,MER06007,2024-05-01 14:53:21,49327.14,Order Cancelled,Rejected
REF005040,TXN006580,,MER06826,2024-12-25 17:47:07,1999.07,Order Cancelled,Rejected
REF005041,TXN004731,CUST07664,MER00118,2024-04-01 17:42:41,4311.24,Customer Request,Completed
REF005042,TXN003820,CUST00523,MER00863,2024-09-28 13:25:00,51121.26,Product Returned,Pending
REF005043,TXN002588,CUST04195,,2024-03-06 19:39:57,22492.73,Order Cancelled,Completed
REF005044,TXN007033,CUST01039,MER05864,2024-02-01 13:32:47,635.09,Order Cancelled,Completed
REF005045,TXN009163,CUST08515,MER07909,2024-10-31 12:16:37,813.53,Booking Cancelled,Pending
REF005046,TXN005320,CUST09375,MER08077,2025-01-26 01:12:47,6666.26,Product Returned,Completed
REF005047,TXN000543,CUST09954,MER04736,2024-04-21 05:40:58,8086.9,Product Returned,Completed
REF005048,TXN000897,CUST07015,MER00205,2024-06-10 18:10:25,16.66,Product Returned,Completed
REF005049,TXN009462,CUST02276,MER00199,2024-12-26 01:36:06,9114.52,Order Cancelled,Completed
REF005050,TXN008974,CUST06397,MER05771,2024-09-28 14:33:42,96200.55,Product Returned,Rejected
REF005051,UNKNOWN,CUST08400,MER03348,2024-02-23 12:43:19,80691.59,Product Returned,Completed
REF005052,TXN006098,CUST00547,MER02751,2024-09-08 02:07:15,5092.88,Product Returned,Completed
REF005053,TXN000468,CUST03910,MER01319,,93314.29,Customer Request,Completed
REF005054,TXN009276,CUST07654,MER01341,2024-12-30 21:48:55,32537.74,Order Cancelled,Completed
REF005055,TXN001478,CUST00366,MER03510,2024-06-17 04:09:46,18430.41,Duplicate Transaction,Rejected
REF005056,TXN003806,CUST08068,MER04110,2024-08-25 00:35:27,2395.8,Order Cancelled,Completed
REF005057,UNKNOWN,CUST00062,MER00072,04/08/2024,151.0,Duplicate Transaction,Completed
REF005058,TXN002591,CUST03150,MER02277,08/02/2024,49223.32,Booking Cancelled,Completed
REF005219,TXN000461,CUST01658,MER05455,2024-10-30 16:09:30,5952.16,Duplicate Transaction,Pending
REF005060,TXN000725,CUST08699,MER07433,2024-11-14 07:35:20,102.7,Customer Request,Completed
REF005061,TXN000294,CUST08427,MER08239,2024-07-15 17:01:31,7002.43,Booking Cancelled,Completed
REF005062,,CUST08688,MER02037,2024-09-04 04:11:45,594.77,Booking Cancelled,Completed
REF005063,TXN004655,CUST07773,MER04949,2024-06-09 18:58:06,1399.65,Order Cancelled,Completed
REF005064,TXN007022,CUST04904,MER02637,2024-09-21 01:22:26,859.52,Order Cancelled,Completed
REF005065,TXN006554,CUST05374,MER06566,2024-07-15 12:27:11,60476.56,Product Returned,Completed
REF005066,TXN008561,CUST00748,MER05127,2024-03-21 09:44:34,33082.44,Order Cancelled,Completed
REF005067,TXN004358,CUST08095,MER08758,2024-06-04 19:16:27,43894.48,Customer Request,Completed
REF005068,TXN000567,CUST02737,MER07473,2025-01-15 04:17:29,409.69,Product Returned,Completed
REF005069,TXN002499,CUST05546,,2024-06-07 20:58:41,81477.91,Duplicate Transaction,Completed
REF005070,TXN007518,CUST00798,MER04507,2024-02-17 06:07:38,2970.5,Customer Request,Pending
REF005071,TXN009574,CUST05702,MER00683,2024-05-15 19:43:11,14956.79,Duplicate Transaction,Completed
REF005072,TXN001922,CUST04405,MER08398,2024-10-07 12:36:41,10325.0,Booking Cancelled,Completed
REF005073,TXN000247,CUST03336,MER04650,2024-03-10 02:17:24,2268.0,Order Cancelled,Completed
REF005074,TXN008335,CUST09099,MER00956,2025-01-20 19:28:17,9146.27,Order Cancelled,Completed
REF005075,TXN005261,CUST09036,MER00633,2024-09-24 03:26:19,7474.02,Duplicate Transaction,Pending
REF005076,TXN006687,CUST00857,MER00946,2024-02-12 00:56:14,834.72,Order Cancelled,Completed
REF005077,TXN003008,CUST01470,MER05860,25/07/2024,11545.25,Duplicate Transaction,Completed
REF005078,TXN001837,CUST02780,MER06005,2024-03-24 17:34:55,22574.93,Booking Cancelled,Completed
REF005079,TXN007962,CUST05696,MER00257,2024-03-08 14:43:23,17995.17,Duplicate Transaction,Completed
REF005080,TXN004096,CUST09392,MER05403,2024-09-11 04:42:12,48943.73,Customer Request,Completed
REF005081,TXN006594,CUST05921,MER02425,2024-03-12 08:33:17,6813.54,Booking Cancelled,Completed
REF005082,TXN008780,CUST03456,MER07878,2024-07-26 05:04:51,96.23,Duplicate Transaction,Completed
REF005083,TXN003332,CUST05556,MER09687,2024-05-27 13:09:37,339.19,Duplicate Transaction,Completed
REF005084,TXN007997,CUST07903,MER02296,,85769.71,Order Cancelled,Completed
REF005085,TXN001536,CUST04486,MER00777,2024-04-18 11:54:29,26332.87,Booking Cancelled,Completed
REF005086,TXN000269,CUST00967,MER06776,2024-05-19 12:16:43,8205.9,Product Returned,Rejected
REF005087,TXN008389,CUST01941,MER02710,2024-11-02 03:36:55,36650.51,Booking Cancelled,Completed
REF005088,TXN004991,CUST05907,MER04176,2024-11-19 21:01:51,70487.4,Customer Request,Rejected
REF005089,TXN001192,CUST03559,MER05110,2024-11-02 14:25:48,63.25,Order Cancelled,Completed
REF005090,TXN008137,CUST02506,MER03561,2024-11-03 02:54:20,22346.67,Duplicate Transaction,Pending
REF005091,TXN008244,CUST09840,MER09825,2024-07-02 15:34:41,113474.15,Order Cancelled,Completed
REF005092,TXN007816,CUST05110,MER08581,2024-04-25 21:22:28,46524.23,Duplicate Transaction,Completed
REF005093,TXN003056,CUST06203,MER01590,2024-07-30 03:54:37,147.78,Order Cancelled,Completed
REF005094,TXN001012,CUST02633,MER05037,2024-05-29 21:33:29,30266.42,Order Cancelled,Completed
REF005095,TXN009164,CUST05143,MER03008,2024-03-15 00:15:46,1796.65,Order Cancelled,Completed
REF006066,TXN005767,CUST06744,MER06382,2024-02-05 09:16:33,336.5,Customer Request,Pending
REF005097,TXN003204,CUST05299,MER04636,2024-06-13 20:05:40,698.57,Booking Cancelled,Completed
REF005098,TXN002288,CUST02425,MER05075,2024-11-24 06:08:07,240.81,Product Returned,Pending
REF005099,TXN008210,CUST05026,MER00361,2024-03-26 11:31:39,189.66,Customer Request,Rejected
REF005100,TXN009387,CUST05898,MER00800,07/02/2024,691.72,Customer Request,Pending
REF005101,TXN001527,CUST00102,MER08251,2024-09-10 20:57:50,91059.1,Duplicate Transaction,Completed
REF005102,TXN000258,CUST07897,MER07416,10/06/2024,21868.1,Order Cancelled,Completed
REF005103,TXN007584,CUST06839,MER08335,2024-05-06 15:32:17,933.96,Product Returned,Completed
REF005104,TXN008632,CUST04456,MER08407,2024-02-09 20:01:22,10365.22,Order Cancelled,Completed
REF005105,TXN009689,CUST03961,MER07807,2024-02-28 05:44:36,4366.35,Customer Request,Completed
REF005106,TXN004650,CUST08244,MER04256,2024-03-21 14:27:08,1945.61,Booking Cancelled,Completed
REF005107,TXN002272,CUST09558,MER03631,2024-06-22 20:27:16,393.66,Booking Cancelled,Completed
REF005108,TXN001838,CUST02440,MER06112,2024-02-26 20:08:18,1474.7,Booking Cancelled,Completed
REF005109,TXN007860,CUST08486,,2024-12-30 04:26:46,1028.69,Duplicate Transaction,Pending
REF005110,TXN008733,CUST03064,MER01442,2024-12-09 12:24:09,3306.83,Product Returned,Pending
REF005111,TXN007527,CUST06477,MER05409,2024-03-08 05:10:40,29273.45,Duplicate Transaction,Completed
REF005112,TXN008973,CUST01882,MER07606,2025-01-03 16:16:43,4610.49,Customer Request,Completed
REF005113,TXN009370,CUST02698,MER03749,2024-07-01 16:28:34,15102.89,Duplicate Transaction,Completed
REF005114,TXN002159,CUST03863,MER08646,2024-11-27 19:32:13,4863.7,Product Returned,Pending
REF005115,TXN004616,,MER04850,2024-12-14 03:19:41,954.33,Booking Cancelled,Completed
,TXN001821,CUST06976,MER00695,2024-03-07 11:21:41,18996.55,Product Returned,Completed
REF005117,TXN006524,CUST09024,MER09364,2024-04-14 07:23:38,35005.86,,Rejected
REF005118,TXN001507,CUST04681,MER07298,2024-05-27 17:05:31,808.12,Duplicate Transaction,Pending
REF005119,TXN005194,CUST05858,MER03561,2024-10-03 10:02:18,807.03,Order Cancelled,Completed
REF007683,,CUST00434,MER00479,2024-05-21 08:35:01,43626.25,Order Cancelled,Completed
REF005121,TXN009367,CUST09131,MER00619,2024-12-04 07:19:33,14052.8,Order Cancelled,Rejected
REF005122,TXN008143,CUST02610,,2024-05-28 22:08:23,2037.7,Booking Cancelled,Completed
REF005123,TXN002739,CUST02988,MER05737,2024-03-03 22:02:26,1395.58,Product Returned,Pending
REF005124,TXN000740,CUST02190,MER06921,2024-12-07 08:23:58,18003.94,Order Cancelled,Completed
REF005125,TXN009242,CUST03088,MER02463,2024-12-23 18:08:02,356.57,Duplicate Transaction,Completed
REF005126,TXN004650,CUST08244,MER04256,2024-03-25 14:27:08,486.4,Order Cancelled,Completed
REF005127,TXN006658,CUST07345,MER00470,2024-11-21 06:55:22,38047.19,Duplicate Transaction,Completed
REF005128,TXN004504,CUST09837,MER01077,2024-12-28 14:22:56,10615.91,Order Cancelled,Pending
REF005129,TXN000605,CUST03714,MER01748,2024-03-03 15:10:58,39583.64,Booking Cancelled,Completed
REF005130,TXN005864,CUST04340,MER04205,2024-03-26 13:27:00,18436.42,Booking Cancelled,Completed
REF005131,TXN009589,CUST05636,MER05482,,44127.15,Product Returned,Pending
REF005132,TXN001821,CUST06976,MER00695,2024-02-18 11:21:41,22795.86,Order Cancelled,Pending
REF005133,TXN002458,CUST02699,MER02468,2024-07-23 16:56:49,1376.94,Order Cancelled,Completed
REF005134,TXN003000,CUST06776,MER03459,2024-07-16 06:05:29,16936.36,Order Cancelled,Completed
REF005135,TXN006111,CUST03910,MER01289,2024-07-01 07:46:16,2112.39,Duplicate Transaction,Completed
REF005136,TXN008360,CUST05484,MER08943,2024-11-11 20:52:06,47585.76,Product Returned,Completed
REF005137,TXN002169,CUST05314,MER05346,2024-12-05 15:51:52,8835.55,Duplicate Transaction,Rejected
REF005138,TXN006295,CUST05132,MER00241,2024-04-16 02:14:21,28257.97,Product Returned,Rejected
REF005139,TXN009698,CUST04069,MER09360,2024-12-31 15:43:32,8119.34,Booking Cancelled,Pending
REF005140,TXN006484,CUST01553,MER08520,2024-06-17 05:32:28,17556.66,Product Returned,Pending
,TXN008010,CUST06813,MER00319,2024-09-16 16:51:17,499.74,Booking Cancelled,Completed
REF005142,TXN004588,CUST04961,MER06053,2024-01-12 07:05:44,3535.89,Booking Cancelled,Pending
REF005143,TXN004339,CUST06059,MER08832,2024-12-09 10:03:03,653.77,Booking Cancelled,Completed
REF005144,TXN004095,CUST04685,MER08586,2024-08-28 23:49:01,4169.99,Customer Request,Rejected
REF005145,TXN004860,CUST06084,MER01724,2024-05-23 06:20:56,51.96,Order Cancelled,Completed
REF005146,TXN001704,CUST01932,MER04395,2024-09-02 12:12:14,1927.96,Order Cancelled,Completed
REF005147,TXN000349,CUST08223,,2024-07-18 06:59:27,,Duplicate Transaction,Pending
REF005148,TXN001800,CUST04348,MER02192,2024-03-25 14:57:14,1754.49,,Completed
REF005149,,CUST07945,MER01377,2024-02-23 08:16:21,21388.25,Customer Request,Completed
REF005150,TXN003693,CUST00682,MER09971,2024-09-27 14:50:58,8572.32,Customer Request,Pending
REF005151,TXN001246,CUST05249,MER06574,2024-10-12 01:13:29,132.65,Duplicate Transaction,Completed
REF005152,TXN000231,CUST05008,UNKNOWN,2024-03-15 05:07:39,1994.93,Order Cancelled,Pending
REF007820,TXN005867,CUST04568,MER01339,2024-02-06 18:21:42,2084.39,Order Cancelled,Pending
REF005154,TXN005862,CUST06406,MER01018,2024-08-31 05:39:08,5925.08,Duplicate Transaction,Pending
REF005155,TXN003307,CUST05914,MER05424,2024-04-11 19:16:08,16232.04,Product Returned,Completed
REF005156,TXN004235,CUST07972,MER06766,2024-10-02 10:34:07,332.83,Booking Cancelled,Completed
REF005157,TXN002993,CUST02751,MER06190,2024-06-28 05:42:33,,Order Cancelled,Completed
REF005158,TXN007958,CUST02470,MER04076,2024-06-30 04:28:27,5268.23,Customer Request,Completed
REF005159,TXN006205,CUST03306,MER05512,2024-11-04 00:51:39,32.84,Order Cancelled,Completed
REF005160,TXN001426,CUST07026,MER08641,2024-07-27 21:29:31,73947.21,Customer Request,Completed
REF005161,TXN008541,CUST05808,MER00166,2024-10-22 20:09:29,9841.81,Duplicate Transaction,Completed
REF005162,TXN006775,CUST07111,MER09521,2025-01-05 04:22:01,251.77,Product Returned,Rejected
REF005163,TXN003904,CUST03724,MER03443,2024-09-24 22:10:36,6374.38,Duplicate Transaction,Completed
REF005164,TXN009885,CUST04840,MER05500,,63929.84,Booking Cancelled,Completed
REF005165,TXN005103,CUST00730,MER09959,2024-08-12 08:31:35,2161.22,Booking Cancelled,Rejected
REF008825,TXN001916,CUST03221,MER08756,2024-05-26 10:43:15,9637.87,Order Cancelled,Completed
REF005167,TXN006149,CUST06592,MER05473,2024-02-09 06:49:29,14520.49,Order Cancelled,Pending
REF005168,TXN008214,CUST00996,MER07395,12/12/2024,152.55,Booking Cancelled,Pending
REF005169,TXN002235,CUST03793,MER02746,2024-11-28 07:27:28,10794.48,Customer Request,Completed
REF005170,TXN007978,CUST01972,MER02528,2024-04-04 06:16:37,498.38,Booking Cancelled,Pending
REF005171,TXN004626,CUST07914,MER03713,2024-06-15 06:00:32,19790.6,Duplicate Transaction,Completed
REF005172,TXN006707,CUST09772,MER01856,2024-09-20 23:11:28,39606.16,Customer Request,Pending
REF005173,TXN000689,CUST08286,MER06423,2024-04-20 16:52:36,80591.92,Duplicate Transaction,Pending
REF005174,TXN008936,CUST08480,MER09920,2024-12-29 07:22:08,8000.62,Duplicate Transaction,Completed
REF005175,TXN003618,CUST02127,MER06711,2024-04-13 04:49:07,24723.12,Customer Request,Pending
REF005176,TXN006367,CUST07433,MER06504,2024-04-14 18:34:00,17265.4,Duplicate Transaction,Completed
REF005177,,CUST01507,MER03930,2024-04-22 17:24:11,1876.26,Booking Cancelled,Completed
REF004706,,CUST07182,MER07365,09/09/2024,1862.09,Booking Cancelled,Pending
REF005179,TXN000520,CUST08124,MER02913,2024-08-08 04:35:54,10428.83,Booking Cancelled,Completed
REF005180,TXN000351,CUST03877,MER02969,2024-02-19 08:58:45,70176.0,Order Cancelled,Pending
REF005181,TXN003283,CUST02061,MER04560,2024-08-08 01:47:52,107613.17,Booking Cancelled,Completed
REF005182,TXN002547,CUST09119,MER05239,2024-08-16 12:47:22,20203.79,Customer Request,Pending
REF005183,TXN007533,CUST02030,MER06260,2024-10-27 15:21:17,11691.87,Duplicate Transaction,Rejected
REF005184,TXN002811,CUST01359,MER01614,2024-06-01 23:10:14,1225.93,Product Returned,Completed
REF005185,TXN000349,CUST08223,MER09298,2024-07-04 06:59:27,313.91,Product Returned,Pending
REF005186,TXN000194,CUST04562,MER02580,2024-11-24 23:14:57,481.15,Product Returned,Completed
REF005187,TXN006198,CUST01473,MER07032,2024-12-07 01:39:46,9815.83,Order Cancelled,Pending
REF005188,TXN008476,CUST03802,MER09121,2024-07-10 06:45:17,1819.24,Booking Cancelled,Completed
REF005189,TXN008620,CUST06597,MER02667,2024-12-06 13:01:55,59349.37,Customer Request,Completed
REF005190,TXN008963,CUST03732,MER08456,2024-05-29 23:27:15,70531.63,Duplicate Transaction,Completed
REF005191,TXN007457,CUST01427,MER05281,2024-05-29 14:58:17,2163.83,Duplicate Transaction,Rejected
REF005192,TXN009084,CUST02719,MER09029,2024-11-09 10:12:02,425.46,Order Cancelled,Completed
REF005193,TXN006052,CUST04067,MER00915,2024-04-19 01:10:52,9222.79,Booking Cancelled,Pending
REF005194,TXN007137,CUST09600,MER09405,2024-06-16 05:24:54,22506.55,Customer Request,Pending
REF005195,TXN004623,CUST07004,MER05562,2024-08-05 09:11:45,33006.71,Product Returned,Pending
REF005196,TXN004299,CUST09502,MER04716,2024-05-17 02:00:08,243.11,Booking Cancelled,Completed
REF005197,TXN008629,CUST07236,MER04069,2024-04-22 10:49:25,15185.21,Customer Request,Pending
REF005198,TXN005148,CUST03183,MER08427,2024-12-29 07:03:27,45302.16,Duplicate Transaction,Completed
REF005199,TXN003608,CUST06782,MER04943,2024-08-23 16:27:10,36083.7,Duplicate Transaction,
REF005200,TXN004102,CUST09197,MER04788,2024-01-31 20:28:17,58623.24,Product Returned,Rejected
REF005201,TXN002417,CUST06683,MER00305,2024-02-06 06:56:46,49426.4,Product Returned,Rejected
REF005202,TXN000373,CUST08907,MER08913,,2898.77,Product Returned,Completed
REF005203,TXN002747,CUST01382,MER06746,2024-04-12 22:57:19,1426.43,Order Cancelled,Completed
REF005204,TXN000624,CUST09095,MER01101,2024-06-08 02:54:02,12741.99,Booking Cancelled,Completed
REF005205,TXN003403,CUST05572,MER02599,2024-11-17 23:38:26,161.67,Order Cancelled,Completed
REF005206,TXN002261,CUST09230,MER04315,2024-10-14 06:07:27,7377.73,Booking Cancelled,Completed
REF005207,TXN002572,CUST07016,MER04146,2024-03-08 13:29:38,9374.45,Product Returned,Completed
REF005208,TXN003068,CUST06823,MER03595,2024-07-20 23:16:35,5632.93,Customer Request,Pending
REF005209,TXN000806,CUST08784,MER03403,2024-03-08 08:44:32,362.77,Booking Cancelled,Completed
REF005210,TXN009910,CUST08290,MER07225,2024-12-26 13:02:52,2059.69,Order Cancelled,Completed
REF005211,TXN002147,CUST07450,MER07592,2024-03-20 06:39:14,1329.63,Customer Request,Completed
REF005212,TXN000397,CUST01806,MER07820,2024-06-09 10:40:08,1177.24,Order Cancelled,Completed
REF005213,TXN001843,CUST05463,MER08364,06/07/2024,4263.5,Booking Cancelled,Rejected
REF005214,TXN004818,CUST03716,,2024-12-25 01:08:27,2275.69,Duplicate Transaction,Completed
REF005215,TXN003355,CUST07059,MER07476,2024-06-07 13:26:47,9982.28,Product Returned,Completed
REF005216,TXN001635,CUST02540,MER09878,2024-04-19 20:46:40,15.43,Booking Cancelled,Rejected
REF005217,TXN000931,CUST09881,MER06204,2024-02-05 09:40:02,348.93,Order Cancelled,Completed
REF005218,,CUST00515,MER06804,2024-06-07 23:10:04,10351.34,Order Cancelled,Rejected
REF005219,TXN000461,CUST01658,MER05455,2024-10-30 16:09:30,5952.16,Duplicate Transaction,Pending
REF005220,TXN007514,CUST04401,,2024-09-04 04:39:40,1567.56,Duplicate Transaction,Completed
REF005221,TXN009926,CUST03129,MER06510,2024-04-14 07:12:18,24247.89,Customer Request,Completed
REF005222,TXN001616,CUST09424,MER00801,2024-09-17 00:21:56,64265.06,Duplicate Transaction,Pending
REF005223,TXN003627,CUST03820,MER02954,2024-03-21 06:23:56,873.32,Booking Cancelled,Pending
REF005224,TXN002935,,MER02664,2024-07-25 20:29:43,1892.36,Customer Request,Pending
REF005225,TXN008947,CUST01602,MER02669,2024-03-03 18:02:25,1361.03,Product Returned,Pending
REF005226,TXN009266,CUST00609,,2024-12-04 12:12:11,1968.57,Customer Request,Rejected
REF005227,TXN000705,CUST08577,MER06658,2024-07-29 00:33:34,4755.76,Booking Cancelled,Rejected
REF005228,TXN000915,CUST02035,MER09366,2024-04-12 02:08:58,33000.48,Duplicate Transaction,Rejected
REF005229,TXN002284,CUST01764,MER00092,2024-10-23 13:06:33,6360.04,Customer Request,Pending
REF005230,TXN007097,CUST05592,MER05904,2024-09-07 03:27:04,3022.2,Duplicate Transaction,Completed
REF005231,TXN004403,CUST03971,MER00186,2024-11-29 01:34:50,8628.7,Order Cancelled,Completed
REF005232,TXN009914,CUST03593,MER08013,2024-10-17 03:40:11,2674.82,Duplicate Transaction,Completed
REF005233,TXN007047,CUST07682,MER06029,2024-04-11 13:50:33,334.3,Order Cancelled,Completed
REF005234,TXN004876,CUST01507,MER07378,2024-10-05 14:32:33,1019.43,Duplicate Transaction,Completed
REF005235,TXN003245,CUST08522,MER05641,2024-10-20 01:02:04,4205.39,Product Returned,Completed
REF005236,TXN002710,CUST02232,MER00605,2024-07-22 22:30:05,1640.35,Customer Request,Completed
REF005237,TXN009252,CUST01968,MER02777,2024-08-23 07:39:57,15865.08,Order Cancelled,Rejected
REF005238,TXN001188,CUST09056,MER05315,2024-03-13 11:16:59,15677.12,Duplicate Transaction,Completed
REF005239,TXN003366,CUST01730,MER08725,2024-03-21 04:07:17,1114.2,Product Returned,Completed
REF005240,TXN008751,CUST04039,MER06765,2024-01-22 22:59:37,16508.99,Customer Request,Completed
REF005241,TXN003631,CUST07600,,2024-12-17 21:59:01,4541.2,Product Returned,Completed
REF005242,TXN009968,CUST09445,MER08967,2024-12-10 03:11:14,414.9,Product Returned,Rejected
REF005243,TXN005822,CUST08381,MER04959,2024-06-24 00:06:22,25832.09,Customer Request,Pending
REF005244,TXN003264,CUST08635,MER09088,2024-10-27 15:03:06,8505.17,Booking Cancelled,Completed
REF005245,TXN002905,CUST04863,MER04825,2025-01-03 14:02:01,870.59,Order Cancelled,Pending
REF005246,TXN008633,CUST00158,MER00310,2024-08-17 20:31:33,3841.11,Order Cancelled,Completed
REF005247,TXN001477,CUST04623,MER09593,2024-01-25 16:16:44,12961.37,Booking Cancelled,Completed
REF005248,TXN009434,CUST00166,MER04913,2024-07-23 13:55:22,8998.66,Duplicate Transaction,Completed
REF005249,TXN005910,CUST05316,MER02917,2024-06-10 10:26:12,164.22,Product Returned,Completed
REF005250,TXN008803,CUST02262,MER04596,2024-04-02 23:20:28,1989.03,Order Cancelled,Completed
REF005251,TXN007048,CUST09653,MER07325,2024-09-25 00:12:00,834.68,Customer Request,Completed
REF005252,TXN005198,CUST08108,MER03524,2024-10-09 14:19:15,370.49,Product Returned,Completed
REF005253,TXN001013,CUST08892,MER07740,2024-04-28 16:39:55,24551.71,Duplicate Transaction,Pending
REF005254,TXN008487,CUST02955,MER07908,29/04/2024,22596.98,Duplicate Transaction,Completed
REF005255,TXN009733,CUST02282,MER02398,2024-02-07 20:42:43,35318.01,Booking Cancelled,Completed
REF005256,TXN004370,CUST02833,MER04426,2024-12-08 09:28:02,8235.34,Duplicate Transaction,Completed
REF005257,TXN002521,CUST02893,MER08956,2024-10-07 08:21:36,19487.88,Customer Request,Completed
REF005258,TXN009884,CUST06881,MER09902,2024-11-07 16:56:17,4679.29,Customer Request,Completed
,TXN009776,CUST08862,MER00324,2024-04-30 21:38:29,1455.37,Duplicate Transaction,Completed
REF005260,TXN001642,CUST07321,MER02660,,1889.68,Customer Request,Rejected
REF005261,TXN008706,CUST05411,MER08534,2025-01-06 10:59:29,66034.48,Booking Cancelled,Completed
REF005262,TXN006159,CUST03045,MER04861,2024-06-26 12:06:16,1830.82,Customer Request,Completed
REF005263,TXN005206,CUST01125,MER07624,2024-11-30 15:23:10,1330.36,Customer Request,Completed
REF005264,TXN005591,CUST07446,MER08973,2024-03-08 11:03:27,6885.57,Customer Request,Rejected
,TXN004055,CUST00975,MER01026,2024-06-15 07:36:03,2853.2,Order Cancelled,Pending
REF005266,TXN002108,CUST05647,MER09778,2024-11-24 01:44:04,10033.21,Duplicate Transaction,Completed
REF005267,TXN005840,CUST05510,MER04967,2024-05-05 00:38:50,43218.64,Duplicate Transaction,Completed
REF005268,TXN009116,CUST02195,MER06094,2024-05-24 12:35:48,115.8,Duplicate Transaction,Rejected
REF005269,TXN002678,CUST00576,MER00005,2024-08-14 19:56:47,628.94,Order Cancelled,Pending
REF005270,TXN003878,CUST06411,MER05403,2024-04-09 12:16:49,1247.62,Order Cancelled,Rejected
REF005271,TXN006780,CUST00708,MER00306,2024-08-29 04:59:59,18325.19,Booking Cancelled,Pending
REF005272,TXN007082,CUST08495,MER02186,2024-10-11 09:14:02,unknown,Customer Request,Pending
REF007039,TXN005827,CUST04109,MER09086,2024-08-02 08:36:14,53024.0,Duplicate Transaction,Completed
REF005274,TXN002781,CUST06947,MER07754,2024-09-01 13:06:05,17103.71,Product Returned,Completed
REF005275,TXN000624,,MER01101,2024-06-25 02:54:02,30580.78,Duplicate Transaction,Completed
REF005276,TXN001423,CUST08077,MER09881,2024-05-31 14:19:21,49506.88,Product Returned,Completed
REF005277,TXN006860,CUST07608,MER09613,2024-03-12 07:03:20,33887.16,Duplicate Transaction,Completed
REF005278,TXN000006,CUST07745,MER09613,2024-11-20 14:25:02,478.85,Product Returned,Completed
REF005279,TXN005861,CUST00088,MER00913,2024-12-24 14:44:50,1824.21,Booking Cancelled,Completed
REF005280,TXN001206,CUST09287,MER01317,2024-01-11 09:24:02,372.18,Booking Cancelled,Completed
REF005281,TXN008721,CUST08299,MER00827,2024-12-30 02:21:07,12470.28,Booking Cancelled,Completed
REF005282,TXN008177,CUST07374,MER00050,2024-05-05 14:14:45,427.9,Order Cancelled,Completed
REF005283,TXN004247,CUST09964,MER05729,2024-06-27 01:29:24,967.25,Duplicate Transaction,Completed
REF005284,TXN009966,CUST08539,MER01576,2025-01-03 00:18:09,183.21,Duplicate Transaction,Completed
REF005285,TXN001606,CUST00748,MER09694,2024-05-16 01:58:02,3991.42,Booking Cancelled,Pending
REF005286,TXN005219,CUST08320,MER09221,2024-03-08 12:10:10,1293.21,Duplicate Transaction,Completed
REF005287,TXN004352,CUST04484,MER03079,2024-03-26 09:32:52,65503.12,Duplicate Transaction,Completed
REF005288,TXN002299,CUST06094,MER00538,2024-02-05 20:55:56,9275.81,Customer Request,Completed
REF005289,TXN008996,CUST05787,MER05335,2024-02-24 03:47:40,221.78,Duplicate Transaction,Completed
REF005290,TXN000987,CUST07237,MER03544,2024-04-10 07:08:03,2000.8,Booking Cancelled,Completed
REF005291,TXN006891,CUST05547,MER05666,2024-05-29 19:40:38,113258.27,Product Returned,Completed
REF005292,TXN006527,CUST08217,MER08147,2024-12-03 23:00:23,318.45,Product Returned,Completed
REF005293,TXN001661,CUST04822,MER09657,2024-02-15 10:01:38,84929.82,Customer Request,Completed
REF005294,TXN002657,CUST08963,MER09698,2024-08-02 06:26:34,31731.0,Duplicate Transaction,Completed
REF005295,TXN005421,CUST09750,MER04179,2024-12-02 17:52:39,8801.58,Order Cancelled,Completed
REF005296,TXN001501,CUST09419,MER01883,2024-06-26 09:42:07,10709.51,Customer Request,Completed
REF005297,TXN008866,CUST05093,MER05279,2024-10-13 15:34:30,281.42,Duplicate Transaction,Completed
REF005298,TXN005212,CUST08136,MER01479,2024-12-05 09:25:31,104994.68,Customer Request,Completed
,,CUST06636,MER06247,2024-06-20 07:03:06,499.88,Booking Cancelled,Completed
REF005300,TXN009073,CUST03145,MER04946,2024-03-09 08:13:39,419.58,Order Cancelled,Pending
REF005301,TXN002411,CUST05725,MER01075,2024-03-21 12:22:45,42210.32,Product Returned,Completed
REF005302,TXN007679,CUST00355,MER00607,2024-09-18 18:10:37,3528.11,,Completed
REF005303,TXN006585,CUST02842,MER00962,2024-04-20 12:19:21,50306.31,Product Returned,Pending
REF005304,TXN008258,CUST08876,MER07385,2024-02-22 09:32:33,86361.08,Customer Request,Completed
REF005305,TXN001682,CUST09525,MER04208,2024-08-29 03:23:14,9989.08,Order Cancelled,Completed
REF005306,TXN006290,CUST06052,MER08454,2025-01-11 08:29:00,21210.91,Order Cancelled,Completed
REF005307,TXN004116,CUST01524,MER00086,2024-07-14 08:06:37,14075.46,Duplicate Transaction,Pending
REF005308,TXN000072,CUST06180,MER04001,2024-10-15 15:33:19,10743.3,Booking Cancelled,Rejected
REF005309,TXN008421,CUST07197,MER06604,2024-05-03 06:04:54,6390.54,Product Returned,Completed
REF005310,TXN007596,CUST02653,MER07308,2024-06-29 23:38:08,11117.54,Duplicate Transaction,Pending
REF005311,TXN003288,CUST09448,MER09851,2024-06-23 09:17:46,23009.0,Duplicate Transaction,Rejected
REF005312,TXN003912,CUST03039,MER08225,2024-09-28 07:23:58,20411.44,Order Cancelled,Pending
REF005313,TXN009889,CUST09408,MER05224,2024-12-26 06:18:35,9687.57,Product Returned,Completed
REF005314,TXN006828,CUST05367,MER09339,2024-10-10 23:34:58,23503.85,Booking Cancelled,Completed
REF005315,TXN004347,CUST05274,MER08486,2024-08-06 01:35:28,1932.76,Product Returned,Completed
REF005316,,CUST04693,MER00370,2024-09-23 18:01:40,4610.93,Booking Cancelled,Completed
REF005317,TXN005392,CUST06980,MER08068,2024-05-29 15:14:04,96266.37,,Pending
REF005318,TXN008573,CUST09532,MER08437,2024-04-28 08:56:44,15285.64,Product Returned,Completed
REF005319,TXN009291,CUST05939,MER03520,2024-06-04 17:50:44,364.28,Product Returned,Completed
REF005320,TXN000279,CUST01420,MER01154,2024-12-21 21:42:11,unknown,Booking Cancelled,
REF009766,TXN009681,CUST06238,MER02100,2024-04-15 09:49:35,38180.93,Product Returned,Pending
REF005322,TXN009504,CUST00476,MER05332,2024-08-01 10:41:54,34739.89,Booking Cancelled,Completed
REF005323,TXN000134,CUST00702,MER08939,2024-06-25 16:01:01,638.38,Order Cancelled,Completed
REF005324,TXN007229,CUST06348,MER09408,2024-07-05 11:29:51,22381.09,Product Returned,Completed
REF005325,TXN009592,CUST04095,MER04142,2024-06-28 11:29:22,1577.02,Customer Request,
REF005326,TXN005664,CUST00536,MER02765,2024-08-20 08:16:38,23833.38,Booking Cancelled,Rejected
REF005327,TXN002319,CUST06540,MER02011,2024-07-05 03:38:25,291.5,Booking Cancelled,Completed
REF005328,TXN007133,CUST05383,MER00411,2025-01-05 01:57:40,930.96,Duplicate Transaction,Completed
REF005329,TXN008788,CUST05649,MER03938,2024-08-28 08:02:40,1362.08,Product Returned,Completed
REF005330,TXN003849,CUST09796,MER03037,2024-06-24 08:33:09,428.98,Customer Request,Pending
REF005331,TXN007111,CUST04940,MER09780,2025-01-23 12:04:42,469.36,Booking Cancelled,Completed
REF005332,TXN005820,CUST08464,MER08769,2024-03-13 02:56:44,1289.72,Booking Cancelled,Pending
REF005333,TXN006686,CUST02210,MER02466,2024-09-17 06:46:08,1149.92,Duplicate Transaction,Completed
REF005334,TXN001238,CUST09301,MER08725,2024-05-26 14:32:12,10815.54,Order Cancelled,Completed
REF005335,TXN006401,,MER01263,2024-11-17 02:40:51,12668.18,Duplicate Transaction,Completed
REF005336,TXN004845,CUST01088,MER01736,2024-05-14 21:44:40,85746.68,Product Returned,Completed
REF005337,TXN004916,CUST00576,MER03727,2024-07-09 20:58:58,11306.82,Customer Request,Rejected
REF005338,TXN009298,CUST01283,MER05764,2024-09-01 20:44:40,1024.93,Customer Request,Completed
REF005339,TXN005059,CUST00403,MER05684,2024-01-20 07:53:09,6095.92,Duplicate Transaction,Completed
REF005340,TXN007094,CUST07072,MER02322,2024-04-21 19:46:45,714.38,Booking Cancelled,Pending
REF005341,TXN002466,CUST03909,MER03344,2025-01-01 01:53:55,1135.87,Booking Cancelled,Rejected
REF005342,TXN006400,CUST00172,MER07759,2024-01-28 11:04:23,475.14,Order Cancelled,Completed
REF005343,TXN006075,CUST00797,MER00852,2024-11-04 06:23:33,5078.21,Booking Cancelled,Completed
REF005344,TXN005474,CUST09456,MER00178,2024-08-26 20:57:05,3492.92,Customer Request,Completed
REF005345,TXN004877,CUST01657,MER03813,2024-03-23 11:54:32,55256.9,Order Cancelled,Completed
REF005346,TXN009375,CUST03570,MER09031,2024-08-31 12:49:45,8388.28,Customer Request,Rejected
REF005347,TXN004552,CUST05583,MER04329,2024-04-13 08:52:52,24493.7,Customer Request,Completed
REF005348,TXN007202,CUST09882,MER03319,2024-11-29 00:19:31,17976.54,Order Cancelled,Completed
REF005349,TXN009309,CUST02608,MER00227,2024-11-21 22:32:26,980.09,Customer Request,Completed
REF005350,TXN008436,CUST01834,MER09656,2024-12-18 19:46:23,1052.77,Product Returned,Completed
REF005351,TXN007264,CUST03423,MER06952,2024-11-21 01:18:01,92619.51,Booking Cancelled,Rejected
REF005352,TXN000538,CUST05891,MER06542,2024-05-07 22:08:08,7379.46,Product Returned,Completed
REF005353,TXN003563,CUST03037,MER02821,2024-05-16 08:01:48,23099.48,Duplicate Transaction,
REF005354,TXN004614,UNKNOWN,MER01560,2024-12-10 12:53:57,250.75,Order Cancelled,Completed
REF005355,TXN001940,CUST03902,MER06638,2024-10-20 08:11:12,2141.95,Order Cancelled,Completed
REF005356,TXN003604,CUST06773,MER01912,2024-07-06 03:00:30,1927.27,Duplicate Transaction,Rejected
REF005357,TXN001407,CUST07059,MER06480,2024-02-26 00:01:33,15615.26,Product Returned,Completed
REF005358,TXN001882,CUST02901,MER08033,2024-04-19 22:30:01,474.25,Duplicate Transaction,Completed
REF005359,TXN001311,CUST04444,MER05162,2024-06-30 04:01:58,8638.02,Duplicate Transaction,Completed
REF005360,TXN005461,CUST03625,MER02852,2024-11-14 07:34:24,1591.53,Order Cancelled,Completed
REF005361,,CUST01674,MER00194,2024-05-10 18:31:34,122.91,Customer Request,
REF005362,TXN008921,CUST08821,MER00754,2024-04-01 06:25:07,710.37,Customer Request,Completed
REF005363,TXN007319,CUST04202,MER00666,2024-09-09 02:09:37,8199.74,Booking Cancelled,Completed
REF005364,,CUST09445,MER04302,2024-03-18 00:32:35,7177.06,Customer Request,Completed
REF005365,TXN005605,CUST06372,MER06673,2024-02-18 21:46:21,30152.2,Product Returned,Completed
REF005366,TXN009851,CUST06808,,2024-07-09 16:53:39,63.09,Order Cancelled,Completed
REF005367,TXN006849,CUST04392,MER04423,2024-06-23 20:06:12,936.47,Order Cancelled,Completed
REF005368,TXN005376,CUST03534,MER04111,2024-11-17 12:42:54,14739.61,Booking Cancelled,Completed
REF005369,TXN005051,CUST01083,MER07474,01/12/2024,71392.37,Product Returned,Pending
REF005370,TXN003154,CUST06081,MER02812,2024-01-24 04:24:29,296.5,Booking Cancelled,Completed
REF005371,TXN007746,CUST05981,MER05968,2024-03-03 14:23:39,7287.13,Duplicate Transaction,Completed
REF005372,TXN004031,CUST01673,MER03064,2024-10-20 11:21:10,367.27,Customer Request,Completed
REF005373,TXN004587,CUST07110,MER08815,09/10/2024,1572.22,Booking Cancelled,Completed
REF005374,TXN000258,CUST07897,MER07416,2024-06-20 03:49:29,10934.05,Product Returned,Completed
REF005375,TXN006414,CUST08594,MER07038,2024-06-30 09:03:18,2200.28,Product Returned,Rejected
REF005376,TXN001096,CUST02889,MER02492,2024-04-16 18:11:43,20234.22,Duplicate Transaction,Completed
REF005377,TXN007848,CUST06801,MER03914,2024-02-14 10:24:31,53390.34,Booking Cancelled,Completed
REF005378,TXN004272,CUST02455,MER04735,2024-09-13 01:35:08,309.19,Order Cancelled,Completed
REF005379,TXN003342,CUST05498,MER08431,2025-01-22 21:06:42,9760.6,Duplicate Transaction,Completed
REF005380,TXN007841,CUST05438,MER01811,2024-09-06 21:44:26,1572.66,Duplicate Transaction,Completed
REF005381,TXN007004,CUST08053,MER03917,2024-03-29 05:52:34,15732.07,Booking Cancelled,Completed
REF005382,TXN009170,CUST02024,MER03330,2024-05-27 11:00:08,371.71,Customer Request,Completed
REF005383,TXN002127,CUST02199,MER05366,2024-03-11 08:24:23,24099.48,Duplicate Transaction,Completed
REF008276,TXN002595,,MER03236,2024-08-03 00:37:28,865.13,Customer Request,Completed
REF005385,TXN007190,CUST07322,MER07392,2025-01-13 11:06:59,989.18,Order Cancelled,Completed
REF005386,TXN008007,CUST03524,MER08544,2024-05-12 08:06:16,59381.81,Product Returned,Completed
REF005387,TXN006939,CUST01250,MER07057,2024-02-17 00:29:23,7554.66,Duplicate Transaction,Completed
REF005388,TXN008065,CUST05699,MER09381,2024-07-07 22:20:49,79327.95,Order Cancelled,Completed
REF005389,TXN008157,CUST05320,MER04034,2024-08-19 04:41:37,6295.25,Customer Request,Completed
REF005390,TXN009953,CUST04556,MER05434,2024-10-25 16:51:58,89538.9,Product Returned,Completed
REF005391,TXN007907,CUST03880,MER00892,2024-04-23 06:26:31,8523.17,Duplicate Transaction,Completed
REF005392,TXN009848,CUST00146,MER07202,2024-12-31 05:22:03,1016.27,Booking Cancelled,Rejected
REF002651,TXN001520,CUST06964,MER03536,2024-10-30 09:23:04,4311.5,Product Returned,Completed
REF005394,TXN008466,CUST04330,MER03435,2024-10-18 17:03:05,605.29,Booking Cancelled,Completed
REF005395,TXN001905,CUST08044,MER09642,2024-08-31 08:36:05,40863.05,Booking Cancelled,Pending
REF005396,TXN006612,CUST00554,MER06128,2024-11-24 08:24:09,13427.12,Duplicate Transaction,Pending
REF005397,TXN003309,CUST01893,MER01395,2024-03-15 03:59:08,18050.29,Booking Cancelled,Completed
REF005398,TXN006324,CUST00001,MER06298,2024-04-23 23:33:15,11112.59,Duplicate Transaction,Completed
REF005399,TXN006511,CUST04841,MER04613,2024-10-31 05:13:32,588.94,Order Cancelled,Completed
REF005400,TXN006174,CUST04167,MER02471,2024-10-23 13:36:41,1398.2,Booking Cancelled,Completed
REF005401,TXN007700,CUST05895,MER04671,2024-05-14 16:08:44,303.96,Product Returned,Completed
REF009200,TXN001996,CUST01488,MER09427,2024-09-27 08:18:56,53105.6,Booking Cancelled,Pending
REF005403,TXN003248,CUST07057,MER07039,2024-08-14 14:12:23,4386.89,Duplicate Transaction,Completed
REF005404,TXN006820,CUST02687,MER04666,2024-06-22 16:16:09,6503.5,Booking Cancelled,Completed
REF005405,TXN004419,CUST05761,MER08663,2024-05-23 10:22:58,5122.09,Customer Request,Pending
REF005406,TXN002001,CUST08602,MER01042,2024-08-03 05:58:44,90953.49,Order Cancelled,Rejected
REF005407,TXN001890,CUST02429,MER07173,2024-03-29 04:04:35,863.06,Order Cancelled,Completed
REF005408,TXN003327,CUST03761,MER09267,2024-01-06 04:33:51,1574.69,Duplicate Transaction,Completed
REF005409,TXN001006,CUST03261,MER05830,2024-04-25 16:33:49,99126.58,Product Returned,Completed
REF004191,TXN004498,CUST01360,,2024-11-13 01:12:04,12598.78,Order Cancelled,Completed
REF005411,TXN009822,CUST06756,MER03671,2024-02-08 03:11:09,64681.21,Order Cancelled,Completed
REF005412,,CUST02222,MER01818,2024-11-17 12:44:36,1148.58,Order Cancelled,Rejected
REF005413,TXN002238,CUST02589,MER03558,2024-02-12 00:36:19,563.95,Product Returned,Completed
REF005414,TXN005716,CUST09384,MER09946,2024-02-06 16:00:30,795.36,Booking Cancelled,Completed
REF005415,TXN001047,CUST02192,MER06918,2024-05-01 01:19:32,22308.9,Order Cancelled,Pending
REF005416,TXN008177,CUST07374,MER00050,2024-05-10 14:14:45,855.8,Customer Request,Completed
REF005417,TXN000277,CUST09323,MER09318,2024-08-11 04:08:35,125.71,Booking Cancelled,Rejected
REF005418,TXN000297,CUST01059,MER03743,2024-12-13 11:54:47,86228.02,Duplicate Transaction,Completed
REF005419,TXN009479,CUST06823,MER05029,2024-12-06 13:43:26,6670.59,Product Returned,Pending
REF005420,TXN002621,CUST03561,UNKNOWN,2024-04-28 16:27:46,293.1,Order Cancelled,Rejected
REF005421,TXN006363,CUST09349,MER05008,2024-03-26 00:05:04,1392.53,Order Cancelled,Completed
REF005422,TXN009167,CUST07309,MER07726,2024-06-02 09:25:17,18421.4,Order Cancelled,Rejected
REF005423,TXN006968,CUST05520,MER07584,2024-08-18 05:28:25,2815.68,Booking Cancelled,Pending
REF005424,TXN000310,CUST02778,MER03924,2024-06-13 12:21:49,71241.43,Duplicate Transaction,Pending
REF005425,TXN002305,CUST04117,MER02516,2024-05-07 06:37:10,126.62,Duplicate Transaction,Completed
REF005426,TXN008037,CUST09538,MER00900,2024-08-03 04:45:09,46733.39,Product Returned,Pending
REF005427,TXN004702,,MER05012,30/11/2024,936.17,Product Returned,Completed
REF005428,TXN004122,CUST01501,MER05223,2024-03-06 13:49:47,10498.94,Duplicate Transaction,Pending
REF005429,TXN005143,CUST00941,MER02987,2025-01-02 19:52:24,182.0,Order Cancelled,Completed
REF005430,TXN008980,CUST02451,MER08715,2024-08-22 04:05:17,14033.66,Duplicate Transaction,Completed
REF005431,TXN009305,CUST09288,MER08401,2024-12-06 16:38:58,2094.68,Customer Request,Pending
REF005432,TXN006917,CUST00511,MER06273,2024-10-04 22:26:00,86993.04,Customer Request,Completed
REF005433,TXN009814,CUST07354,MER02488,2024-12-10 05:01:36,13650.18,Duplicate Transaction,Completed
REF005434,TXN003038,CUST06180,MER02465,2024-01-28 01:14:31,10567.86,Product Returned,Pending
REF005435,TXN003331,CUST04526,MER00861,22/03/2024,971.57,Customer Request,Completed
REF005436,TXN005441,CUST04767,MER07027,2024-02-24 19:35:53,3769.08,Product Returned,Completed
REF005437,TXN000207,CUST01719,MER05319,2024-12-03 09:29:08,21026.7,Order Cancelled,Pending
REF005438,UNKNOWN,CUST00322,MER09588,2024-07-17 06:05:57,16319.29,Customer Request,Pending
REF005439,TXN007175,CUST04792,MER08989,2024-01-29 21:23:39,7193.98,Booking Cancelled,Completed
REF005440,TXN004821,CUST08842,MER04238,2024-08-16 23:31:55,1244.96,Duplicate Transaction,Pending
REF005441,TXN007974,CUST08643,MER00454,2024-06-26 21:55:55,27159.86,Duplicate Transaction,Rejected
REF005442,TXN005029,CUST01625,MER09898,2024-12-13 20:17:43,65084.05,Customer Request,Pending
REF005443,TXN005232,CUST05820,MER02083,2024-03-23 15:15:19,15445.28,Order Cancelled,Completed
REF005444,TXN004428,CUST09009,MER07093,2024-05-11 19:55:52,2171.69,Order Cancelled,Completed
REF005445,TXN009300,CUST08701,MER06027,2024-11-30 14:11:48,42131.3,Customer Request,Completed
REF005446,TXN003885,,MER03541,2024-05-18 20:23:42,unknown,Order Cancelled,Completed
REF005447,TXN009261,CUST09807,MER08209,2024-09-15 06:15:37,97981.98,Product Returned,Completed
REF005448,TXN003011,,MER07046,2024-09-13 07:46:19,18701.08,Order Cancelled,Rejected
REF005449,,CUST01932,MER08381,2024-03-18 19:37:58,29795.11,Customer Request,Pending
REF005450,TXN002672,CUST06574,MER00104,10/04/2024,11010.42,Order Cancelled,Rejected
REF005451,TXN005787,CUST03664,MER07127,2024-06-24 04:42:21,1233.39,Duplicate Transaction,Pending
REF005452,TXN004832,CUST07094,MER01342,2024-05-12 11:12:21,67755.17,Order Cancelled,
REF005453,TXN008878,CUST01016,MER05907,2024-02-08 10:58:41,51501.71,Duplicate Transaction,Completed
REF005454,TXN004665,CUST09605,MER07685,2024-06-19 01:48:18,1771.75,Booking Cancelled,Completed
REF005455,TXN001436,CUST03966,MER08054,2024-10-20 15:53:21,3618.85,Product Returned,Completed
REF005456,TXN004942,CUST08565,MER09715,2024-11-26 08:18:40,13926.33,Product Returned,Completed
REF005457,TXN000553,CUST08892,MER03480,2024-03-29 08:52:06,49767.78,Duplicate Transaction,Completed
REF005458,TXN000849,CUST01857,MER09262,2024-07-05 22:52:48,19766.35,Product Returned,Completed
REF005459,TXN004001,CUST04979,MER08210,2024-11-19 19:03:18,1659.86,Duplicate Transaction,Completed
REF005460,TXN007387,CUST05886,MER00042,2024-12-04 08:34:15,92.6,Duplicate Transaction,Completed
REF005461,TXN009155,CUST09146,UNKNOWN,2024-05-14 05:46:06,1686.11,Duplicate Transaction,Rejected
REF005462,TXN006120,CUST05472,MER04455,2024-02-04 10:29:46,14426.38,Order Cancelled,Pending
REF005463,TXN002739,CUST02988,MER05737,2024-03-22 22:02:26,1395.58,Product Returned,Pending
REF005464,TXN004381,CUST01176,MER00696,2024-05-24 02:29:14,14068.82,Product Returned,Completed
REF005465,TXN006291,CUST02220,MER06964,2024-09-10 09:37:46,96.79,Customer Request,
REF005466,TXN007376,CUST06798,MER02458,2024-08-24 16:07:33,1927.19,Duplicate Transaction,Rejected
REF005467,TXN003455,CUST04713,MER02128,2024-05-20 22:20:04,618.32,Booking Cancelled,Completed
REF005468,TXN008320,CUST07280,MER08803,2024-05-04 20:35:22,168.69,Booking Cancelled,Rejected
REF005469,TXN004518,CUST06959,MER01024,2024-04-15 18:17:04,4928.25,Duplicate Transaction,Pending
REF005470,TXN003801,CUST08549,MER04528,22/08/2024,50834.48,,Completed
REF005471,TXN003572,CUST01217,MER08791,2024-08-31 16:25:05,45573.91,Customer Request,Completed
REF005472,TXN004054,UNKNOWN,MER04364,2024-12-18 08:15:42,743.54,Order Cancelled,Completed
REF005473,TXN004726,,MER04261,2024-11-02 21:44:52,685.38,Customer Request,Pending
REF005474,TXN002474,CUST04755,MER01507,2024-05-30 22:59:55,1424.24,Duplicate Transaction,Rejected
REF005475,TXN009315,CUST01779,MER05916,2024-10-20 11:05:57,243.1,Order Cancelled,Completed
REF005476,TXN006931,CUST05152,MER01329,2024-10-24 20:37:00,21477.59,Order Cancelled,Completed
REF005477,TXN002196,CUST05869,MER09231,2025-01-13 15:47:25,39554.18,Duplicate Transaction,Completed
REF005478,TXN006844,CUST08887,MER01220,2024-12-20 21:57:35,2295.65,Duplicate Transaction,Rejected
REF005479,TXN005146,CUST04007,MER07643,2024-08-24 22:31:11,2436.79,Product Returned,Completed
REF005480,TXN008909,CUST03604,MER03797,2024-12-31 10:06:33,609.48,Booking Cancelled,Completed
REF005481,TXN002618,CUST08653,MER03678,2024-07-30 03:48:27,63621.49,Product Returned,Pending
REF005482,TXN008207,CUST02698,MER01980,2025-01-13 12:53:03,938.4,Product Returned,Completed
REF005483,TXN000340,CUST00706,MER06279,2024-03-01 01:15:53,,Customer Request,Completed
REF005484,TXN001696,CUST07666,MER07703,2024-02-25 01:47:53,,Product Returned,Rejected
REF005485,TXN008144,CUST06799,MER03954,2024-10-14 01:29:20,537.51,Product Returned,Completed
REF005486,TXN007720,CUST06525,MER05029,2024-04-18 13:48:19,19088.09,Order Cancelled,Completed
REF005487,TXN004387,CUST05201,MER05959,2024-07-09 00:49:26,55569.31,Duplicate Transaction,Completed
REF005488,TXN008927,CUST07336,MER02885,2024-01-26 22:33:53,2934.57,Booking Cancelled,Completed
REF005489,TXN008340,CUST09698,MER07227,2024-07-17 08:52:24,6628.16,Duplicate Transaction,Completed
REF005490,TXN008313,CUST05561,MER06833,2024-10-03 15:00:44,10266.79,Customer Request,Completed
REF005491,TXN000335,CUST09776,MER08208,2024-08-24 13:12:22,48945.56,Booking Cancelled,Completed
REF005492,TXN007169,CUST05361,MER05931,2024-01-27 03:07:02,10377.86,Booking Cancelled,Pending
REF005493,TXN000228,CUST03433,MER01481,2024-09-22 22:28:28,18812.93,Customer Request,Completed
,TXN001237,CUST06552,MER06962,2024-08-20 15:02:42,739.09,Booking Cancelled,Pending
REF005495,TXN009381,CUST01100,MER04760,2024-07-13 17:25:55,4754.88,Customer Request,Completed
REF005496,TXN003743,CUST03094,MER03652,2024-06-06 23:27:31,38640.8,Product Returned,Completed
REF005497,TXN009519,CUST04868,MER01445,2024-07-29 04:09:35,84215.7,Order Cancelled,Completed
REF005498,TXN003170,CUST06034,MER09456,2024-05-25 20:06:10,176.32,Product Returned,Completed
REF005499,TXN006419,CUST00430,MER09470,2024-07-18 06:59:57,654.51,Product Returned,Completed
REF005500,TXN005266,CUST09290,MER07466,2024-09-14 20:31:12,42862.05,Order Cancelled,Completed
REF005501,TXN003084,CUST05895,MER05795,2024-02-22 06:11:09,148.11,Order Cancelled,Completed
REF005502,TXN002642,CUST06688,MER09277,2024-04-09 10:53:50,57680.11,Booking Cancelled,Completed
REF005503,TXN000553,CUST08892,MER03480,2024-04-12 08:52:06,10368.29,Product Returned,Completed
REF005504,TXN006452,CUST02420,MER00261,2024-05-21 19:04:50,2311.94,Customer Request,Completed
REF005505,TXN003241,CUST01373,MER07093,2024-07-18 07:57:26,2235.6,Duplicate Transaction,Completed
REF005506,TXN009605,CUST00717,MER09226,2024-07-16 23:36:32,3270.92,Customer Request,Pending
,TXN009431,CUST03895,MER01160,2024-02-05 16:39:00,71472.01,Customer Request,Completed
REF005508,TXN005853,CUST02620,MER09779,2024-05-07 15:08:50,91.74,Order Cancelled,Completed
REF005509,TXN009749,CUST08228,MER05146,2024-07-10 19:06:46,,Customer Request,Completed
REF005510,TXN009373,CUST02951,,2024-04-04 06:11:44,1548.61,Duplicate Transaction,Completed
REF005511,TXN003465,CUST06113,MER05122,2024-02-20 16:49:45,733.74,Product Returned,Pending
REF005512,TXN007582,CUST07621,MER06338,2024-04-20 18:25:30,1793.26,Product Returned,Completed
REF005513,TXN001091,CUST09631,MER07108,2024-03-04 13:50:36,12466.54,Product Returned,Completed
REF005514,TXN005340,CUST08507,MER07525,2024-06-26 04:18:12,335.86,Product Returned,Pending
REF005515,TXN004339,CUST06059,MER08832,2024-12-08 10:03:03,1307.54,Duplicate Transaction,Completed
REF005516,TXN005184,CUST03479,MER04481,2024-04-06 01:43:09,11636.27,Customer Request,Pending
REF005517,TXN003718,CUST05623,MER07703,2024-09-12 11:44:11,21510.77,Booking Cancelled,Completed
REF005518,,CUST01677,MER01534,2024-07-27 08:31:50,12019.53,Booking Cancelled,Completed
REF005519,TXN001643,CUST03137,MER02583,2024-06-27 04:14:32,19736.81,Duplicate Transaction,Completed
REF005520,TXN004078,CUST08534,MER07441,2024-08-28 17:47:53,63298.62,Booking Cancelled,Completed
REF005521,TXN001599,CUST07099,MER09289,2024-03-25 16:51:24,84725.2,Booking Cancelled,Completed
REF005522,TXN008707,CUST06592,MER09962,2024-05-31 11:14:04,817.24,Booking Cancelled,Completed
REF005523,TXN003090,CUST04241,MER00807,2024-02-18 22:17:05,51228.34,Duplicate Transaction,Rejected
REF005524,TXN004674,CUST00316,MER02886,2024-11-29 01:26:54,70541.2,Order Cancelled,Completed
REF005525,TXN003390,CUST02960,MER02945,2024-10-19 14:54:02,65.87,Booking Cancelled,Completed
REF005526,TXN006439,CUST04102,MER00056,2024-04-30 08:08:34,676.2,Order Cancelled,Completed
REF005527,TXN006493,CUST08462,MER08967,2024-10-03 01:06:19,1702.61,Duplicate Transaction,Pending
REF005528,,CUST01532,MER06331,2024-03-01 10:03:12,11696.06,Customer Request,Completed
REF005529,TXN002388,CUST09682,MER02723,2024-02-18 11:07:41,6608.96,Duplicate Transaction,Rejected
,TXN008430,CUST05547,MER09244,2024-10-11 02:27:34,387.12,Customer Request,Completed
REF005531,TXN003865,CUST06545,MER01786,2024-03-15 06:02:44,6022.71,Duplicate Transaction,Completed
REF005532,TXN007013,CUST01625,MER04912,2024-08-28 12:03:19,9122.49,Duplicate Transaction,Completed
REF005533,TXN003134,CUST09755,MER00116,2024-03-18 16:20:15,2847.12,Duplicate Transaction,Completed
,TXN004035,CUST05859,MER06828,2024-07-24 13:59:46,7755.05,Order Cancelled,Completed
REF005535,,CUST03260,MER03077,2024-02-07 20:46:46,88722.67,Product Returned,Pending
REF005536,TXN005789,CUST09328,MER04987,2024-05-13 22:45:00,,Duplicate Transaction,Rejected
REF005537,TXN005519,CUST06514,MER05951,2024-04-28 12:44:50,404.38,Customer Request,Rejected
REF005538,TXN004409,CUST00572,MER05690,2024-04-27 22:17:47,95.42,Order Cancelled,Rejected
REF005539,TXN002378,CUST03902,MER07171,2024-12-02 07:36:26,17392.57,Product Returned,Completed
REF005540,TXN008150,CUST02872,MER05990,2024-06-20 07:45:46,750.76,Order Cancelled,Completed
REF005541,TXN009743,CUST05043,MER02107,2024-11-06 23:52:02,4158.81,Product Returned,Completed
REF005542,TXN009386,CUST00740,MER05855,2024-07-06 03:14:27,288.15,Booking Cancelled,Rejected
REF005543,TXN002295,CUST03047,MER08333,2024-03-09 14:21:33,651.36,Duplicate Transaction,Completed
REF005544,TXN004095,CUST04685,MER08586,2024-08-24 23:49:01,4169.99,Booking Cancelled,Completed
REF005545,TXN003401,CUST06225,MER00474,2024-10-02 01:19:18,1137.56,Booking Cancelled,Completed
REF005546,TXN001886,CUST04888,MER06339,2024-02-08 22:24:36,1325.75,Booking Cancelled,Pending
REF005547,TXN005449,CUST05962,MER09010,2024-05-31 16:29:15,19611.17,Booking Cancelled,Completed
REF005548,TXN003603,CUST02594,MER08007,2024-04-02 09:35:25,23875.38,Duplicate Transaction,Completed
REF005549,TXN001490,CUST06999,MER04067,2024-04-17 10:06:49,8458.44,Duplicate Transaction,Completed
REF005550,TXN005507,CUST09265,MER07520,2024-08-10 02:00:30,459.6,Order Cancelled,Completed
REF005551,TXN007864,CUST08279,MER07268,2024-02-24 09:33:47,574.49,Customer Request,Completed
REF005552,TXN000545,CUST06448,MER01474,2024-11-30 00:01:11,1007.83,Order Cancelled,Pending
REF005553,TXN008000,CUST05884,MER05626,2024-09-05 14:32:52,unknown,Product Returned,Completed
REF005554,TXN002460,CUST01570,MER00873,2024-11-10 22:24:48,1776.6,Duplicate Transaction,Completed
REF005555,TXN008067,CUST05751,MER08287,2024-02-02 14:26:52,1914.59,Order Cancelled,Pending
REF005556,TXN005437,CUST07556,MER08931,2024-08-01 02:09:18,67368.43,Customer Request,Completed
REF005557,TXN000106,CUST00173,MER01837,2024-10-20 16:22:24,1608.68,Booking Cancelled,Completed
REF005558,TXN003863,CUST09589,MER09571,2024-11-18 20:42:42,54856.2,Duplicate Transaction,Completed
REF005559,TXN007369,CUST06984,MER03454,2024-07-26 16:29:23,4626.72,Order Cancelled,Completed
REF005560,TXN007376,CUST06798,MER02458,2024-08-22 16:07:33,963.6,Product Returned,Completed
REF005561,TXN005179,CUST00015,MER01810,2024-08-21 12:58:12,11397.65,Customer Request,Completed
REF005562,TXN003055,CUST06870,MER07228,2024-08-27 02:48:37,6597.46,Order Cancelled,Completed
REF005563,TXN000451,CUST05481,MER07787,2024-07-28 22:58:00,13317.86,Booking Cancelled,Completed
REF005564,TXN002309,,MER05867,2024-05-08 12:27:32,61799.97,Duplicate Transaction,Completed
REF005565,TXN003451,CUST06925,MER00932,2024-09-14 09:45:34,1088.08,Booking Cancelled,Completed
REF005566,TXN006062,CUST08103,MER00142,2024-07-20 20:38:51,159.08,Product Returned,Pending
REF005567,TXN009823,CUST02846,MER08310,2024-11-28 14:37:30,573.86,Booking Cancelled,Rejected
REF008532,TXN003703,CUST01713,MER01337,2024-10-04 00:34:50,66205.06,Product Returned,Completed
REF005569,TXN004966,CUST05926,MER09673,2024-09-10 19:37:54,unknown,Duplicate Transaction,Completed
REF005570,,CUST01533,,2024-09-08 17:49:21,90887.36,Product Returned,Completed
REF005571,TXN009203,CUST05220,MER07455,2024-02-26 13:14:37,164.66,Product Returned,Completed
REF005572,,CUST02692,MER03136,2024-12-11 23:33:54,20346.62,Duplicate Transaction,Completed
REF005573,TXN001555,CUST02916,MER03278,2024-11-15 02:29:13,6716.22,Duplicate Transaction,Completed
REF005574,TXN003390,CUST02960,MER02945,2024-10-24 14:54:02,32.94,Customer Request,Rejected
REF005575,TXN008817,CUST07434,MER09699,2024-10-02 08:36:48,8132.5,Duplicate Transaction,Completed
REF005576,TXN009399,CUST08919,MER01990,2024-09-06 07:52:09,2549.25,Product Returned,Pending
REF005577,,CUST00104,MER04316,2024-12-20 00:04:35,1915.66,Duplicate Transaction,Completed
REF005578,TXN008350,UNKNOWN,MER06182,2024-07-30 16:51:44,49098.48,Order Cancelled,Rejected
REF005579,TXN002115,CUST06047,MER07228,2024-12-09 10:02:38,15786.83,Booking Cancelled,Completed
REF005580,TXN000547,CUST05446,MER04402,2024-06-26 20:41:24,84048.35,Product Returned,Completed
REF005581,TXN009302,CUST00419,MER09378,2024-06-28 09:05:08,1411.18,Duplicate Transaction,Rejected
REF005582,TXN000042,CUST02705,MER09897,17/05/2024,50702.24,Booking Cancelled,Completed
REF005583,TXN007477,CUST02385,MER08768,2024-12-15 11:01:52,1366.66,Booking Cancelled,Completed
REF005584,TXN006505,CUST04858,MER04772,2024-10-08 07:29:46,154.36,Customer Request,Completed
REF005585,TXN005764,CUST02025,MER00103,2024-06-30 23:42:05,65135.8,Order Cancelled,Completed
REF005586,TXN000398,CUST03976,MER01709,08/04/2024,1443.84,Duplicate Transaction,Completed
REF005587,TXN002027,CUST00136,MER06918,2024-01-24 17:49:24,367.26,Order Cancelled,Completed
REF005588,TXN006655,CUST00508,MER03658,2024-10-25 05:47:10,8973.69,Customer Request,Completed
REF005589,TXN000710,CUST02260,MER02950,2024-08-21 14:05:42,14885.74,Booking Cancelled,Pending
REF005590,TXN008159,CUST07938,MER03476,2024-10-21 15:28:00,805.49,Booking Cancelled,Rejected
REF005591,TXN007311,CUST07256,MER06203,2024-07-28 22:27:07,2009.1,Product Returned,Completed
REF005592,TXN001697,CUST04678,MER03065,2025-01-06 02:41:13,16232.43,Customer Request,Completed
REF005593,TXN002768,CUST02465,MER04412,2025-01-12 00:04:25,133.32,Duplicate Transaction,Completed
REF005594,TXN005917,CUST06069,MER03739,2024-06-11 14:59:17,1833.68,Customer Request,Completed
REF005595,TXN000507,CUST09655,MER09846,2024-05-27 20:25:33,537.2,Duplicate Transaction,Completed
REF005596,TXN005943,CUST02792,MER04945,2024-01-24 13:44:04,1781.0,Booking Cancelled,Completed
REF005597,TXN001318,CUST07314,MER09305,,11379.47,Duplicate Transaction,Completed
REF005598,TXN009816,CUST00163,MER04160,2025-01-16 10:12:50,118.48,Product Returned,Completed
REF005599,TXN002812,CUST02827,MER06350,2024-12-17 04:25:32,12645.76,Duplicate Transaction,Completed
,TXN008964,CUST07530,MER04374,2024-02-08 23:53:51,175.44,Booking Cancelled,Completed
REF005601,TXN007271,CUST02071,MER03181,2024-10-16 22:29:00,360.52,Duplicate Transaction,Pending
REF005602,TXN002664,CUST05916,MER09693,2024-05-07 05:26:20,241.94,Order Cancelled,Completed
REF005603,TXN005682,CUST02394,MER02535,2024-10-02 20:42:23,416.49,Customer Request,Completed
REF005604,TXN002473,CUST09439,MER02154,,52039.36,Product Returned,Completed
REF005605,TXN008541,CUST05808,MER00166,2024-10-09 20:09:29,2460.45,,Rejected
REF005606,TXN005505,CUST02811,MER06519,2024-03-08 00:11:57,unknown,Product Returned,Completed
REF005607,TXN007882,CUST05097,MER02235,2024-08-11 11:56:35,81010.82,Duplicate Transaction,Rejected
REF005608,TXN000500,CUST02701,,2024-05-11 21:54:03,76245.54,Duplicate Transaction,Completed
REF005609,TXN009083,CUST06542,MER00643,2024-12-24 02:17:39,641.53,Product Returned,Completed
REF005610,TXN009631,CUST04757,MER07385,2024-09-23 20:50:28,6017.61,Customer Request,Completed
REF005611,TXN008231,CUST02403,MER01568,2024-11-09 19:12:48,97.82,Order Cancelled,Completed
REF005612,TXN001500,CUST02692,MER08834,2024-11-24 15:58:14,24430.26,Order Cancelled,Pending
REF005613,TXN008883,CUST01619,MER06116,2024-04-02 22:18:50,17649.63,Customer Request,Completed
REF005614,TXN002152,CUST06836,UNKNOWN,2024-12-29 16:35:44,69237.67,Booking Cancelled,Pending
REF005615,TXN006282,CUST09156,MER03778,2024-05-17 21:43:04,10187.44,Duplicate Transaction,Rejected
REF005616,TXN003382,CUST05111,MER02733,2024-11-19 11:53:40,837.68,Product Returned,Completed
REF005617,TXN003760,CUST04754,MER00963,2024-08-13 04:52:28,1483.27,Booking Cancelled,Pending
REF005618,TXN000034,CUST05260,MER01192,2024-08-30 16:59:38,15385.28,Duplicate Transaction,Completed
REF005619,TXN002383,UNKNOWN,MER06935,2024-12-14 17:16:14,939.12,Order Cancelled,Completed
REF005620,TXN000247,CUST03336,,2024-02-14 02:17:24,10886.41,Order Cancelled,Completed
REF005621,TXN001806,CUST05651,MER04695,2024-09-22 21:24:29,307.8,Duplicate Transaction,Pending
REF005622,TXN002706,CUST08812,MER07771,2024-10-07 22:42:31,17513.68,Customer Request,Rejected
REF005623,TXN004816,CUST05992,MER07160,2024-07-03 09:21:27,13243.25,Booking Cancelled,Completed
REF005624,TXN009195,CUST02418,MER00032,2024-12-04 17:05:03,79545.79,Order Cancelled,Completed
REF005625,TXN003560,CUST08978,MER00008,2025-01-26 01:47:56,20514.5,Booking Cancelled,Completed
REF005626,TXN002727,CUST07833,UNKNOWN,2024-01-11 07:24:31,19190.78,Booking Cancelled,Completed
REF005627,TXN001408,CUST03525,MER06523,2024-02-19 20:45:49,1766.35,Product Returned,Completed
REF005628,TXN009855,CUST03853,MER00525,2024-08-30 03:17:55,1703.5,Product Returned,Completed
REF005629,TXN009422,CUST01312,MER06590,2024-03-10 14:01:38,328.64,Booking Cancelled,Completed
REF005630,TXN003410,CUST01505,MER01906,2024-04-12 04:11:00,15581.89,Booking Cancelled,Rejected
REF005631,TXN003400,CUST08102,MER02396,2024-06-27 15:43:22,1029.41,Duplicate Transaction,Rejected
REF005632,TXN000518,CUST01698,MER01390,2024-02-29 12:59:16,1900.9,Order Cancelled,Completed
REF005633,TXN005288,CUST06213,MER05608,2024-02-09 08:17:00,1573.75,Order Cancelled,Completed
REF005634,TXN003446,CUST07717,MER01635,2024-09-05 16:11:25,6742.85,Booking Cancelled,Completed
REF005635,TXN005156,CUST06489,MER03912,2024-06-01 22:09:48,1517.88,Booking Cancelled,Completed
REF005636,TXN007120,CUST05404,MER06680,2024-10-17 17:07:09,38150.42,Customer Request,Pending
REF005637,TXN009788,CUST03718,MER03433,2024-03-22 20:26:31,4417.14,Duplicate Transaction,Completed
REF005638,TXN004821,CUST08842,MER04238,2024-08-19 23:31:55,518.74,Product Returned,Completed
REF005639,TXN006778,CUST06724,MER00917,2024-07-12 00:03:19,1618.97,Product Returned,Rejected
REF005640,TXN007167,CUST03157,MER07424,2024-05-29 16:46:23,19741.36,Product Returned,Completed
REF005641,TXN003563,CUST03037,MER02821,2024-05-08 08:01:48,23099.48,Booking Cancelled,Completed
REF005642,TXN003964,CUST09331,MER03335,2024-03-21 00:41:53,81008.24,Customer Request,Completed
REF005643,TXN003655,CUST09107,MER03341,2024-02-21 18:17:11,352.9,Product Returned,Pending
REF005644,TXN003207,CUST02524,MER05237,2024-09-10 08:40:36,16842.1,Product Returned,Completed
REF005645,TXN005850,CUST05338,MER06199,2024-11-24 18:05:25,2107.0,Order Cancelled,Pending
REF005646,TXN009516,CUST09496,MER07889,2024-07-26 00:40:02,6756.27,Duplicate Transaction,Completed
REF005647,TXN004067,CUST01522,MER04728,2024-03-19 22:28:07,20266.02,Order Cancelled,Rejected
REF005648,TXN008992,CUST09973,MER03927,2024-01-28 07:00:58,2137.3,Product Returned,Pending
REF005649,TXN001520,CUST06964,,2024-10-19 09:23:04,4311.5,Product Returned,Completed
REF005650,TXN007390,CUST02591,MER06921,2024-03-16 20:25:49,484.77,Order Cancelled,Completed
REF005651,TXN004035,CUST05859,MER06828,2024-07-10 13:59:46,3877.52,Product Returned,Completed
REF005652,TXN002856,CUST01560,MER05640,2024-07-01 00:38:45,15167.55,Booking Cancelled,Pending
REF005653,TXN005828,CUST09711,MER09702,2024-07-15 10:11:22,2947.82,Product Returned,Completed
REF005654,TXN002406,CUST02432,MER06601,2024-09-17 20:50:19,16457.21,Duplicate Transaction,Completed
REF005655,TXN000278,CUST07258,MER04526,2024-06-09 03:59:33,967.31,Booking Cancelled,Rejected
REF005656,TXN003589,,MER06557,2024-12-31 10:02:24,24320.86,Customer Request,Completed
REF005657,TXN000500,CUST02701,MER03726,2024-05-11 21:54:03,63537.95,Booking Cancelled,Pending
REF005658,TXN000342,CUST03959,MER07870,2024-06-25 20:38:39,8192.2,Duplicate Transaction,Completed
REF005659,TXN003831,CUST09262,MER05386,2024-07-22 04:39:20,9038.48,Product Returned,Pending
REF005660,TXN000947,CUST09230,MER06101,2024-08-17 05:02:04,7748.31,Order Cancelled,Completed
REF005661,TXN005877,CUST01186,MER02538,2024-06-28 00:37:26,51635.62,Customer Request,Completed
REF005662,TXN001235,CUST00582,MER08936,2024-03-30 20:52:57,1231.6,Duplicate Transaction,Completed
REF005663,TXN000609,CUST05371,MER06024,2024-10-21 13:01:45,183.17,Product Returned,Completed
REF005664,TXN000711,CUST00143,MER06904,,3020.11,Customer Request,Rejected
REF005665,TXN001827,CUST03684,MER05014,2024-03-20 00:39:27,17638.44,Product Returned,Completed
REF005666,TXN001303,CUST03514,MER09841,2024-11-23 06:20:32,298.12,Customer Request,Completed
REF005667,TXN008311,CUST01316,MER09282,2024-12-08 20:56:55,19757.68,Booking Cancelled,Pending
REF005668,TXN007648,,MER04269,2024-05-27 12:53:18,,Order Cancelled,Completed
REF005669,TXN001799,CUST01119,MER09796,2024-03-25 04:53:04,283.72,Booking Cancelled,Rejected
REF005670,TXN007429,CUST03030,MER07422,2024-05-04 19:07:20,11610.8,Order Cancelled,Completed
REF005671,TXN008012,CUST04631,MER07848,2024-10-07 11:06:42,18902.96,Customer Request,Completed
REF005672,TXN001292,CUST00499,MER08302,2024-05-05 09:18:34,1699.5,Order Cancelled,Completed
REF005673,TXN004263,CUST05586,MER03304,2024-01-13 00:26:23,1927.07,Order Cancelled,Completed
REF005674,TXN008682,,MER08508,2024-10-18 16:36:11,10907.09,Customer Request,Completed
REF005675,TXN002219,CUST05724,MER02288,2024-05-28 13:14:23,249.11,Duplicate Transaction,Completed
REF005676,TXN002221,CUST02537,MER09045,2024-07-20 07:11:26,571.9,Product Returned,Completed
REF005677,TXN001608,CUST07352,MER08297,2024-02-11 01:37:09,16731.01,Booking Cancelled,Completed
,TXN000374,CUST01308,MER06848,2024-10-17 11:44:59,804.05,Customer Request,Completed
REF005679,TXN003526,CUST01294,MER02651,2024-06-14 05:32:14,1943.24,Order Cancelled,Completed
REF005680,TXN006951,CUST03396,MER08353,2024-06-08 03:05:52,1489.93,Customer Request,Completed
REF005681,TXN006889,CUST09219,MER03338,2024-02-24 21:43:29,240.11,Duplicate Transaction,Completed
REF005682,TXN009530,,MER07370,2024-06-05 07:22:14,1303.95,Booking Cancelled,Completed
REF005683,TXN001405,CUST04757,MER06627,2024-12-26 09:33:01,8150.63,Duplicate Transaction,Completed
REF005684,TXN009432,CUST00332,MER06434,2024-03-10 02:24:33,8969.72,Booking Cancelled,Completed
REF005685,TXN008986,CUST09363,MER00351,2024-11-03 17:45:34,3411.72,Order Cancelled,Rejected
REF005686,TXN009165,CUST03833,MER02389,2024-09-13 08:20:40,8826.15,Booking Cancelled,Pending
REF005687,TXN000991,CUST00462,MER08313,2025-01-13 00:40:06,29380.94,Duplicate Transaction,Completed
REF005688,TXN001672,CUST07040,MER08371,2024-03-19 00:06:48,6650.15,Product Returned,Pending
REF005689,UNKNOWN,CUST05479,MER01712,2024-07-29 14:25:34,97.97,Customer Request,Pending
REF005690,TXN008366,CUST01689,MER01026,2024-07-03 14:43:35,23832.64,Order Cancelled,Completed
REF005691,TXN004828,CUST08222,MER04241,2024-03-11 07:54:20,17393.14,Order Cancelled,Completed
REF005692,TXN000863,CUST01274,MER00414,2024-02-24 14:33:56,86727.22,Booking Cancelled,Completed
REF005693,TXN001370,CUST06254,MER06307,2024-07-27 14:35:38,7934.6,Customer Request,Completed
REF005694,TXN000500,CUST02701,MER03726,2024-04-24 21:54:03,63537.95,Product Returned,Rejected
REF005695,TXN008091,CUST05566,MER00116,2024-06-28 09:21:42,17562.36,Product Returned,Pending
REF005696,TXN005172,CUST04613,MER07460,2024-04-01 13:50:43,899.76,Duplicate Transaction,Completed
REF005697,TXN005488,CUST01191,MER03799,2024-09-01 05:44:49,22270.54,Order Cancelled,Completed
REF005698,TXN004356,CUST05229,MER00704,2024-09-08 14:49:13,11918.66,Duplicate Transaction,Completed
REF005699,TXN002382,CUST02771,,2024-09-30 11:33:25,306.23,Order Cancelled,Completed
REF005700,TXN000134,CUST00702,MER08939,2024-06-19 16:01:01,766.06,Product Returned,Pending
REF005701,TXN002524,CUST05392,MER09842,2024-04-12 14:02:02,11582.82,Booking Cancelled,Rejected
REF005702,TXN006948,CUST05654,MER06758,2024-02-26 22:26:30,7146.62,Duplicate Transaction,Completed
REF005703,TXN000625,CUST02742,MER08573,11/01/2025,15711.13,Order Cancelled,Completed
REF005704,TXN005774,CUST07017,MER02352,2024-04-08 15:07:17,9413.66,Customer Request,Pending
REF005705,TXN003147,CUST09283,,2024-06-16 13:28:46,49936.98,Duplicate Transaction,Completed
REF005706,TXN003586,CUST03154,MER05490,2024-07-18 01:38:06,1908.94,Booking Cancelled,Rejected
REF005707,TXN005540,CUST06065,MER04538,2024-09-14 12:35:25,1973.14,Product Returned,Rejected
REF005708,TXN008244,CUST09840,MER09825,2024-07-04 15:34:41,113474.15,Order Cancelled,Completed
REF005709,TXN007479,CUST08755,MER03346,2024-06-16 19:31:36,46984.18,Booking Cancelled,Completed
REF005710,TXN002896,CUST02222,MER01818,2024-11-19 12:44:36,574.29,Booking Cancelled,Completed
REF005711,TXN005022,CUST07613,MER08950,2024-10-12 12:26:43,1174.16,Product Returned,Completed
REF005712,TXN004405,CUST03962,MER01352,2024-12-20 15:33:01,95.12,Duplicate Transaction,Completed
REF005713,TXN009492,CUST05080,UNKNOWN,2024-03-25 02:11:11,1468.92,Product Returned,Rejected
REF005714,TXN003434,CUST06471,MER04172,2025-01-04 23:18:53,911.22,Order Cancelled,Completed
REF005715,TXN009921,,MER02960,2024-03-05 01:14:28,456.39,Product Returned,Completed
REF005716,TXN007970,CUST00397,MER09607,2024-09-30 12:16:19,13075.05,Booking Cancelled,Pending
REF005717,TXN002958,CUST05455,MER05023,2024-07-26 23:12:59,75751.6,Booking Cancelled,Pending
REF005718,TXN005113,CUST06703,MER06947,2024-06-02 22:01:24,32081.78,Product Returned,Pending
REF005719,TXN004896,CUST04230,MER06296,2024-11-30 07:11:48,59972.47,Product Returned,Completed
REF005720,TXN002879,CUST02299,MER00122,2024-02-07 23:12:38,61410.71,Duplicate Transaction,Pending
REF005721,TXN000490,CUST06357,MER00100,2024-02-28 22:24:38,105822.28,Order Cancelled,Pending
REF005722,TXN009322,CUST00190,MER05477,2024-04-26 17:13:28,40553.75,Order Cancelled,Pending
REF005723,TXN003085,CUST07141,MER09651,2024-07-16 17:22:02,89527.78,Duplicate Transaction,Completed
REF005724,TXN004796,CUST05682,MER08491,2024-11-21 11:41:37,58718.99,Booking Cancelled,Completed
REF005725,TXN002396,CUST07911,MER07031,2024-01-27 08:03:24,7989.12,Duplicate Transaction,Completed
REF005726,TXN002911,CUST05915,MER08268,2024-09-16 20:55:21,661.0,Customer Request,Completed
REF005727,TXN002951,CUST01002,MER08002,2024-10-30 00:29:50,20891.03,Product Returned,Completed
REF005728,TXN001974,CUST00828,MER01162,2024-05-04 02:52:18,23615.12,Product Returned,Completed
REF005729,TXN007085,CUST07781,MER09159,2024-10-13 20:49:14,57926.61,Duplicate Transaction,Completed
REF005730,TXN005336,CUST04518,MER03974,2024-05-07 16:23:09,,Booking Cancelled,Completed
REF005731,TXN007006,CUST06529,MER00847,2024-10-03 11:30:08,2241.56,Product Returned,Completed
REF005732,TXN006272,CUST08990,MER04072,2024-04-24 08:40:38,2031.76,Order Cancelled,Rejected
REF005733,TXN001424,CUST01316,MER01550,2024-05-12 14:31:56,139.52,Duplicate Transaction,Completed
REF005734,TXN001865,CUST01441,MER06108,2024-05-15 06:00:40,9256.08,Customer Request,Completed
REF005735,TXN005139,CUST09739,MER03768,2024-11-23 09:41:36,18333.72,Product Returned,Completed
REF005736,TXN004902,CUST09678,MER04010,2024-12-04 17:42:17,8038.64,Booking Cancelled,Completed
REF005737,TXN004502,CUST09595,MER08105,2024-03-11 20:09:27,13438.27,Duplicate Transaction,Completed
REF005738,TXN007717,CUST06563,MER01704,2024-02-13 05:58:32,99386.97,Duplicate Transaction,Completed
REF005739,TXN004560,CUST09243,MER09528,2024-09-28 01:16:15,5304.3,Duplicate Transaction,Pending
REF005740,TXN000386,CUST01613,MER02339,2024-12-11 14:49:48,36386.4,Booking Cancelled,Pending
REF005741,TXN007229,UNKNOWN,MER09408,2024-07-08 11:29:51,9325.46,Booking Cancelled,Completed
REF005742,TXN009496,CUST05938,MER04635,2024-08-23 21:13:55,9015.35,Product Returned,Completed
REF005743,TXN009474,CUST08256,MER06394,2024-05-26 13:47:09,227.4,Order Cancelled,Completed
REF005744,TXN003314,CUST09092,MER08098,2024-04-14 22:29:56,189.87,Duplicate Transaction,Completed
REF005745,TXN008157,CUST05320,MER04034,2024-08-25 04:41:37,25181.0,Product Returned,Pending
REF005746,TXN008046,CUST02173,MER08600,2024-11-21 16:21:57,3275.08,Booking Cancelled,Completed
REF005747,TXN001667,CUST05146,MER00712,2024-02-03 04:02:36,1604.42,Order Cancelled,Completed
REF005748,TXN007660,CUST06109,MER07606,2024-10-19 14:33:00,22804.98,Product Returned,Pending
REF005749,TXN004279,CUST00248,MER09576,2024-12-01 04:40:40,88.49,Duplicate Transaction,Pending
REF005750,TXN007267,CUST08092,MER07532,2024-09-02 09:22:57,56355.42,Order Cancelled,Completed
REF005751,TXN007136,CUST02718,MER04966,2024-11-22 21:20:05,8410.62,Booking Cancelled,Completed
REF009947,TXN003582,CUST09745,MER09988,2024-12-03 00:34:29,755.92,Duplicate Transaction,Completed
REF005753,TXN005520,CUST05539,MER08474,2024-08-29 03:47:55,2859.02,Duplicate Transaction,Completed
REF005754,TXN001754,CUST09402,MER09895,2024-02-19 11:06:31,105683.89,Customer Request,Completed
REF005755,TXN000292,CUST09429,MER04174,2024-11-23 20:48:11,107932.34,Order Cancelled,Completed
,TXN001292,CUST00499,MER08302,2024-05-06 09:18:34,1699.5,Booking Cancelled,Rejected
REF005757,TXN004923,CUST00531,MER03682,2024-04-23 06:09:35,7144.13,Product Returned,Rejected
REF005758,TXN002274,CUST00648,MER09049,2024-12-25 22:56:06,10347.61,Order Cancelled,Completed
REF005759,TXN001731,CUST01953,MER04919,2024-05-20 07:47:55,4955.12,Customer Request,Pending
REF005760,TXN006009,CUST08372,MER03403,2024-12-18 21:58:32,8697.09,Booking Cancelled,Completed
REF005761,TXN008750,CUST04015,MER05713,2024-05-11 04:03:42,65423.71,Product Returned,Completed
REF005762,TXN002372,CUST03132,MER07537,2024-07-30 08:43:27,27973.34,Product Returned,Completed
REF005763,TXN002880,CUST00372,MER04338,2024-04-28 14:39:39,1783.59,Customer Request,Completed
REF005764,TXN001390,CUST08550,MER07227,2024-07-28 08:18:01,8424.07,Product Returned,Completed
REF005765,TXN001276,CUST05837,MER02183,2024-10-15 00:26:31,1462.44,Order Cancelled,Completed
REF005766,TXN001418,CUST05706,MER01401,2024-04-04 08:34:28,38798.99,Booking Cancelled,Rejected
REF005767,TXN006660,CUST05958,MER02829,2024-07-21 20:38:45,1539.03,Order Cancelled,Completed
REF005768,TXN005285,CUST06748,MER02121,2024-09-04 14:28:19,60318.0,Product Returned,Rejected
REF005769,TXN006227,CUST00476,MER08936,2024-04-03 13:56:13,84028.61,Customer Request,Completed
REF005770,TXN001443,CUST00842,MER04792,2024-05-17 07:16:45,180.99,Booking Cancelled,Completed
REF005771,TXN005704,CUST07754,MER03981,2024-04-15 06:02:42,33494.87,Product Returned,Completed
REF005772,TXN007340,CUST08359,MER07854,2024-02-01 19:56:51,37094.11,Booking Cancelled,Completed
REF005773,TXN000558,CUST04507,MER00592,2024-02-13 00:50:21,50089.91,Product Returned,Completed
REF005774,TXN005561,CUST09849,MER03161,2024-09-07 13:43:23,21161.99,Order Cancelled,Completed
REF005775,TXN004387,CUST05201,MER05959,2024-07-12 00:49:26,46307.76,Duplicate Transaction,Completed
REF005776,TXN002905,CUST04863,MER04825,2025-01-03 14:02:01,870.59,Order Cancelled,Completed
REF005777,TXN001921,CUST03316,MER09605,2024-10-25 01:18:41,7138.71,Booking Cancelled,Completed
REF005778,TXN007932,CUST05112,MER00348,2024-08-04 02:37:10,11153.18,Booking Cancelled,Completed
REF005779,TXN003897,CUST08271,MER05356,2024-02-17 07:25:22,16572.19,Customer Request,Completed
REF005780,TXN002775,CUST08316,MER09323,2024-07-02 02:24:45,16634.92,Duplicate Transaction,Completed
REF005781,TXN003762,CUST09988,MER00440,2024-03-24 10:58:46,2415.64,Order Cancelled,Rejected
REF005782,TXN007090,CUST05109,MER02082,2024-02-12 20:18:18,3443.33,Booking Cancelled,Completed
REF006327,TXN000831,CUST09505,MER03585,2024-09-23 09:33:50,183.83,Order Cancelled,Pending
REF005784,TXN005479,CUST06081,MER00052,2024-06-04 03:14:36,259.16,Order Cancelled,Completed
REF005785,TXN002482,UNKNOWN,MER02381,2024-05-27 15:53:42,81055.24,Booking Cancelled,Completed
REF005786,TXN005792,CUST06402,MER04784,09/07/2024,1712.87,Duplicate Transaction,Pending
,TXN002762,CUST09857,MER01624,2024-11-07 04:03:33,934.84,Order Cancelled,Rejected
REF005788,TXN005073,CUST00413,MER08915,2024-10-12 01:58:05,4292.36,Product Returned,Completed
REF005789,TXN000505,CUST09859,MER05140,2024-08-01 08:46:02,17580.47,Duplicate Transaction,Completed
REF005790,TXN000742,CUST06709,MER02356,2024-10-04 08:31:59,3544.81,Booking Cancelled,Rejected
REF005791,TXN009485,CUST09045,MER02196,2024-03-04 15:38:20,15622.96,Customer Request,Completed
REF005792,TXN009672,CUST01844,MER02601,2024-05-03 17:18:27,45715.5,Booking Cancelled,Completed
REF005793,TXN009830,CUST08335,MER04360,2024-05-05 18:12:55,unknown,Duplicate Transaction,Pending
REF005794,TXN003048,CUST06784,MER08701,2024-10-29 03:21:30,1528.56,Duplicate Transaction,Pending
REF005795,TXN004622,CUST08639,,2025-01-06 15:26:19,776.51,Duplicate Transaction,Completed
REF005796,TXN009140,CUST02053,MER07922,2024-03-23 08:04:26,7607.44,Booking Cancelled,Rejected
REF005797,TXN008558,CUST07691,MER05394,2024-04-01 23:15:05,6373.15,Duplicate Transaction,Completed
REF005798,TXN001489,CUST06486,MER04287,2024-08-25 08:31:10,394.9,Duplicate Transaction,Completed
REF005799,TXN004169,CUST06353,MER03085,2024-06-01 18:30:06,2718.8,Booking Cancelled,Completed
REF005800,TXN004895,,MER09722,2024-03-13 23:01:41,251.0,Product Returned,Completed
REF005801,TXN005662,CUST04784,MER02495,2024-03-01 09:42:02,15439.45,Order Cancelled,Completed
REF005802,TXN008025,CUST02745,MER09634,2024-01-31 17:44:43,949.97,Booking Cancelled,Pending
REF005803,TXN004880,CUST08330,MER00985,2024-06-08 03:48:30,7352.74,Customer Request,
REF005804,TXN009596,CUST05462,MER02142,2024-02-19 17:14:39,114.22,Booking Cancelled,Completed
REF002405,TXN006434,CUST02441,MER08688,2024-02-14 19:23:28,95.81,Customer Request,Completed
REF005806,TXN002481,CUST05199,MER05387,2024-01-25 20:23:55,3166.52,Booking Cancelled,Completed
REF005807,TXN007165,CUST01798,MER05518,2024-05-16 19:34:52,2370.88,Order Cancelled,Pending
REF005808,TXN006290,CUST06052,MER08454,2025-01-06 08:29:00,21210.91,Duplicate Transaction,Completed
REF005809,TXN002824,CUST07351,MER05462,2024-11-01 04:31:40,16240.99,Customer Request,Completed
REF005810,TXN006082,CUST06047,MER07923,2024-08-20 02:52:34,12179.46,Order Cancelled,Rejected
REF005811,,CUST08425,MER03369,2024-03-06 07:47:26,5439.3,Customer Request,Rejected
REF005812,TXN008833,CUST07979,MER06200,2024-10-18 17:29:39,11686.94,Product Returned,Completed
REF005813,TXN008541,CUST05808,MER00166,2024-10-12 20:09:29,2460.45,Product Returned,Completed
REF005814,TXN003055,CUST06870,MER07228,2024-08-24 02:48:37,6597.46,Booking Cancelled,Completed
REF005815,TXN001105,CUST05949,MER02839,2024-04-25 00:19:52,386.42,Duplicate Transaction,Completed
REF005816,TXN005517,CUST08150,MER00490,2024-12-05 03:59:41,5883.77,Duplicate Transaction,Pending
REF005817,TXN006532,CUST04242,MER08788,,7946.93,Product Returned,Completed
REF005818,TXN005843,CUST05120,MER08269,2024-08-05 20:12:19,2263.0,Product Returned,Pending
REF005819,TXN007326,CUST08555,MER00945,2024-08-11 19:16:18,65324.11,Customer Request,Completed
REF005820,TXN002371,CUST04960,MER02618,2024-11-08 17:50:26,96235.21,Duplicate Transaction,Completed
REF005821,TXN005370,CUST07156,MER03782,2024-07-24 23:32:56,61.56,Order Cancelled,Completed
REF005822,TXN008414,CUST01039,MER07280,2024-10-15 07:20:14,488.93,Duplicate Transaction,Completed
REF005823,TXN000083,CUST06622,MER00043,2024-05-29 21:46:36,6491.24,Booking Cancelled,Pending
REF005824,TXN006919,CUST06031,MER03476,2024-07-24 19:15:24,3029.59,Product Returned,Completed
REF005825,TXN000477,CUST04848,MER03470,2024-03-10 03:01:57,9286.46,Duplicate Transaction,Pending
REF005826,TXN004162,CUST01961,MER01404,2024-12-06 22:37:08,28300.39,Product Returned,Completed
REF005827,TXN001195,CUST02224,MER04917,2024-03-29 10:50:19,1915.11,Booking Cancelled,Completed
REF005828,TXN005003,CUST00899,MER07153,2024-02-14 12:37:19,1964.33,,Completed
REF005829,TXN003120,CUST00346,MER05269,2024-10-17 23:58:46,1336.64,Duplicate Transaction,Rejected
REF005830,TXN007432,CUST01383,MER01256,2024-01-26 18:37:11,11917.81,Customer Request,Completed
REF005831,TXN008311,CUST01316,MER09282,2024-12-17 20:56:55,23709.22,Order Cancelled,Completed
REF005832,TXN009903,CUST05426,MER01422,2024-08-29 06:46:57,7718.25,Customer Request,Completed
REF005833,TXN009610,CUST08606,MER09178,2024-01-13 02:26:01,536.32,Customer Request,Pending
REF005834,TXN008892,CUST06004,MER06364,2024-05-11 08:09:48,17823.15,Booking Cancelled,Completed
REF005835,TXN002252,,MER07550,2024-06-09 08:28:37,662.95,Duplicate Transaction,Completed
REF005836,TXN002532,,MER06405,2024-05-09 12:32:02,86636.57,Product Returned,Completed
REF005837,TXN003488,CUST08192,MER08740,2024-06-05 17:20:38,5708.62,Duplicate Transaction,Completed
REF005838,TXN003171,CUST00163,MER03953,2024-08-28 15:39:04,887.64,Booking Cancelled,Pending
REF005839,TXN000207,CUST01719,MER05319,2024-11-30 09:29:08,17522.25,Product Returned,Completed
REF005840,TXN008587,CUST05469,MER05314,2024-10-03 07:38:13,71442.68,Product Returned,Completed
REF005841,TXN003865,CUST06545,MER01786,2024-03-22 06:02:44,3011.36,Customer Request,Completed
REF005842,TXN008975,CUST02983,MER02154,22/01/2024,67423.08,Product Returned,Completed
REF005843,TXN003870,CUST01915,MER06102,22/02/2024,333.3,Booking Cancelled,Pending
REF005844,TXN007172,CUST04630,MER00809,2024-06-22 23:29:57,40514.14,Duplicate Transaction,Rejected
REF005845,TXN006434,CUST02441,MER08688,2024-02-01 19:23:28,95.81,Duplicate Transaction,Completed
REF005846,,CUST02032,MER09353,2024-08-16 18:01:04,44002.04,Order Cancelled,Completed
REF005847,TXN009413,CUST05093,MER05315,2024-12-19 02:05:30,1630.15,Customer Request,Completed
REF005848,TXN006229,CUST04119,MER02546,2024-07-24 21:42:03,24516.12,Product Returned,Completed
REF005849,,CUST07315,MER09358,2024-04-12 21:51:27,86830.38,Product Returned,Completed
REF005850,TXN001868,CUST07819,MER05372,2024-06-04 11:46:00,6291.08,Order Cancelled,Completed
REF005851,TXN002713,CUST05755,MER00396,2024-10-08 01:39:22,1403.82,Product Returned,Completed
REF005852,TXN009647,CUST06520,MER03436,2024-04-30 07:08:13,15828.23,Order Cancelled,Completed
REF005853,TXN008883,CUST01619,MER06116,2024-04-14 22:18:50,8824.82,Product Returned,Pending
REF005854,TXN006088,CUST01674,MER03374,2024-12-18 08:47:14,1152.02,Booking Cancelled,Completed
REF005855,TXN001254,CUST06893,MER02075,2024-06-15 16:12:21,12252.05,Booking Cancelled,Completed
REF005856,TXN003787,CUST04417,MER04128,2024-11-30 02:12:54,1469.69,Duplicate Transaction,Completed
REF005857,TXN000676,CUST03888,MER02267,2024-12-23 16:17:15,904.84,Product Returned,Completed
REF005858,TXN002327,CUST08464,MER01308,2024-10-30 11:05:38,unknown,Duplicate Transaction,Completed
,TXN004810,CUST05372,MER02529,2024-03-17 18:17:30,8145.31,Booking Cancelled,Completed
REF005860,TXN006681,CUST07299,MER05672,2024-09-14 03:57:26,1501.73,Order Cancelled,Completed
REF005861,TXN005448,CUST04849,MER04532,2024-06-09 09:45:20,14990.98,Order Cancelled,Completed
REF005862,,CUST08238,MER03612,2024-10-08 13:25:20,54741.64,Duplicate Transaction,Completed
REF005863,TXN007974,CUST08643,MER00454,2024-06-20 21:55:55,65183.68,Order Cancelled,Completed
REF005864,TXN008858,CUST03186,MER04978,2024-04-23 04:04:50,8668.7,Duplicate Transaction,Completed
REF005865,TXN004761,CUST03839,MER02753,,14970.49,Order Cancelled,Pending
REF005866,TXN002363,CUST01333,MER01032,2025-01-01 18:45:04,881.34,Customer Request,Completed
REF005867,TXN004099,CUST08259,MER09785,2024-06-10 08:45:43,324.66,Customer Request,Completed
REF005868,TXN006490,CUST06173,MER00281,2024-02-20 03:40:53,2249.31,Order Cancelled,Pending
REF005869,TXN004405,CUST03962,MER01352,2024-12-26 15:33:01,190.24,Duplicate Transaction,Rejected
REF005870,TXN006101,CUST01926,MER06128,2024-03-22 19:47:12,306.12,Order Cancelled,Pending
REF005871,TXN009472,CUST04935,MER06108,2024-07-11 18:39:13,492.19,Duplicate Transaction,Completed
REF005872,TXN000792,CUST04404,MER02738,2024-08-18 05:23:32,330.1,Booking Cancelled,Rejected
REF005873,TXN008977,CUST01943,MER04467,2024-07-14 10:20:07,18340.46,Order Cancelled,Completed
REF005874,TXN005106,CUST08572,MER03331,2024-05-27 13:28:57,31762.28,Customer Request,Completed
REF005875,TXN003256,CUST07444,MER09986,2024-03-30 06:28:27,83.52,Customer Request,Completed
REF005876,TXN005893,CUST09928,MER01817,2024-08-29 20:28:03,10084.96,Duplicate Transaction,Completed
REF005877,TXN003376,CUST06529,MER07993,2024-04-06 05:14:32,844.3,Booking Cancelled,Completed
REF005878,TXN004811,CUST08174,MER09451,2024-03-19 16:47:16,56608.48,Duplicate Transaction,Completed
REF005879,TXN003708,CUST03428,MER05657,2024-05-08 05:43:01,23.72,Booking Cancelled,Rejected
REF005880,TXN001645,CUST07543,MER02641,2024-04-25 19:21:48,2170.66,Customer Request,Completed
REF005881,TXN007310,CUST04840,MER01888,2024-03-06 15:29:18,105017.27,Product Returned,Completed
REF005882,TXN002546,CUST04668,MER09322,2024-01-25 06:28:30,9175.02,Product Returned,Pending
REF005883,TXN007155,,MER07942,2024-09-05 12:46:49,6411.23,Order Cancelled,Completed
REF005884,TXN003747,CUST02526,MER06559,2024-12-23 20:44:46,960.04,Booking Cancelled,Pending
REF005885,TXN006899,CUST06437,MER07016,2024-10-18 11:17:36,1994.89,Order Cancelled,Completed
REF005886,TXN001036,CUST05231,MER09881,2024-12-22 15:45:54,15436.53,Customer Request,Completed
REF005887,TXN000462,CUST04453,MER00556,2024-04-26 04:19:36,14127.36,Customer Request,Completed
REF005888,TXN001967,CUST06761,MER01226,2024-12-20 10:42:13,15553.0,Customer Request,Completed
REF005889,TXN003698,CUST08730,MER05684,2024-11-12 07:45:27,18298.96,Order Cancelled,Completed
REF005890,TXN001498,CUST03891,,2024-03-06 00:34:45,1675.35,Booking Cancelled,Pending
REF005891,TXN006747,CUST08698,MER09551,2024-12-01 05:52:20,15071.32,Duplicate Transaction,Pending
REF005892,TXN002064,CUST04223,MER06808,2024-03-09 19:32:10,46324.48,Customer Request,Completed
REF005893,TXN008802,CUST09880,MER05123,2024-01-23 05:19:30,9912.12,Duplicate Transaction,Completed
REF005894,TXN004851,CUST09415,MER00769,2024-05-20 08:48:57,456.21,Booking Cancelled,Completed
REF005895,TXN008906,CUST01963,MER04049,2024-03-31 03:02:20,647.74,Duplicate Transaction,Completed
REF005896,TXN006771,CUST09817,MER05777,2024-10-06 17:11:20,237.93,Product Returned,Completed
REF005897,TXN000077,CUST08579,MER03682,2024-12-19 10:46:31,105422.34,Product Returned,Rejected
REF005898,TXN006761,CUST05719,MER08013,2024-03-27 23:46:20,1170.91,Order Cancelled,Completed
REF005899,TXN009710,CUST02967,MER03521,2024-12-26 04:43:26,49764.84,Product Returned,Completed
REF005900,TXN008815,CUST09744,MER09013,2024-05-31 08:51:13,57.56,Customer Request,Completed
REF005901,TXN009551,CUST04127,MER09189,2024-09-29 01:40:30,99076.09,Product Returned,Completed
REF005902,TXN007213,CUST01260,MER06656,2024-12-13 01:01:58,3142.34,Duplicate Transaction,Pending
REF005903,TXN004772,CUST07287,MER00608,2024-06-10 23:07:59,3126.94,Customer Request,Pending
REF005904,TXN003938,CUST03200,MER05593,2024-02-24 01:56:13,96.19,Duplicate Transaction,Completed
REF005905,TXN005283,CUST05628,MER05537,2024-12-31 21:50:14,2573.05,Customer Request,Completed
REF005906,TXN004434,CUST00029,MER08156,2024-10-12 00:00:07,298.7,Duplicate Transaction,Completed
REF005907,TXN003056,CUST06203,MER01590,2024-07-17 03:54:37,295.56,Product Returned,Completed
REF005908,TXN002884,CUST09279,MER09699,2024-11-20 06:46:54,1340.71,Booking Cancelled,Completed
REF005909,TXN004521,CUST01383,MER09167,2024-04-16 03:57:12,127.34,Order Cancelled,Completed
REF005910,TXN008639,CUST02170,MER05321,2024-11-06 06:36:18,3660.55,Booking Cancelled,Completed
REF005911,TXN004419,CUST05761,MER08663,2024-05-08 10:22:58,5122.09,Customer Request,Rejected
REF005912,TXN002474,CUST04755,MER01507,2024-06-02 22:59:55,1424.24,Booking Cancelled,Completed
REF005913,TXN009443,CUST08348,MER03670,2024-04-29 21:50:35,14249.91,Duplicate Transaction,Completed
REF005914,TXN004384,CUST03960,MER03947,2024-10-06 11:49:30,58908.74,Booking Cancelled,Completed
REF005915,TXN008561,CUST00748,MER05127,2024-03-03 09:44:34,39698.93,Product Returned,Completed
REF005916,,CUST08196,MER06185,2024-08-28 03:37:09,6718.86,Customer Request,Completed
REF005917,TXN007017,CUST05814,MER03739,2024-09-16 16:10:56,127.51,Duplicate Transaction,Completed
REF005918,TXN003825,CUST07171,MER04567,2024-03-08 09:43:24,3575.2,Product Returned,Pending
REF005919,TXN004119,CUST07856,MER06418,2024-06-01 15:23:15,13233.84,Product Returned,Completed
REF005920,TXN003192,CUST04240,MER04973,2024-05-12 04:46:56,432.46,Booking Cancelled,Completed
REF005921,TXN000901,CUST07284,MER01893,2024-10-20 10:02:14,1466.79,Product Returned,Completed
REF005922,TXN002625,CUST08034,MER07522,2024-05-03 13:24:39,533.81,Duplicate Transaction,Rejected
REF005923,TXN002150,CUST07340,MER07168,2024-09-30 19:10:20,459.37,Booking Cancelled,Completed
REF005924,TXN000260,CUST00647,MER02101,2024-06-05 18:00:14,1073.3,Product Returned,Completed
REF005925,TXN009419,CUST02383,MER06758,2024-12-06 09:58:40,9834.22,Duplicate Transaction,Completed
REF005926,TXN003676,CUST04817,MER00432,2024-08-26 06:21:45,1284.11,Customer Request,Pending
REF005927,TXN001688,CUST04843,MER05904,2024-07-15 11:30:42,14355.11,Duplicate Transaction,Completed
REF005928,TXN002301,CUST05023,MER08429,2024-07-20 09:42:15,9694.41,Booking Cancelled,Completed
REF005929,TXN001384,CUST00538,MER05089,2025-01-02 11:03:57,1068.17,Booking Cancelled,Completed
REF005930,TXN004185,CUST06030,MER04209,2024-04-25 17:31:30,621.64,Duplicate Transaction,Completed
REF005931,TXN006264,CUST08751,MER08689,2024-12-27 05:55:06,110458.84,Duplicate Transaction,Pending
REF005932,TXN002220,CUST02170,MER06976,2024-05-29 07:30:36,61435.43,Customer Request,Rejected
REF005933,TXN005561,CUST09849,MER03161,08/09/2024,4408.75,Duplicate Transaction,Completed
REF005934,TXN007816,CUST05110,MER08581,2024-04-14 21:22:28,9692.55,Order Cancelled,Rejected
REF005935,TXN007500,CUST09585,MER08636,13/02/2024,1719.24,Customer Request,Completed
REF005936,TXN007589,CUST00419,MER06930,2024-03-05 15:40:37,7931.34,Booking Cancelled,Completed
REF005937,TXN005238,CUST08538,MER05525,2024-01-22 20:57:40,21376.43,Booking Cancelled,Completed
REF005938,TXN005224,CUST09377,MER08958,2024-03-01 16:29:05,6517.37,Customer Request,Pending
,TXN002904,CUST07424,MER06578,2025-01-26 07:30:43,3050.68,Product Returned,Pending
REF005940,TXN003752,CUST04596,MER08187,2024-12-03 20:55:53,1228.51,Product Returned,Completed
REF005941,TXN009791,CUST03412,MER03662,2024-08-29 11:09:30,21406.86,Order Cancelled,Completed
REF005942,TXN005402,CUST06887,MER01240,2024-10-30 01:16:10,57652.33,Duplicate Transaction,Completed
REF005943,TXN004855,CUST09054,MER06428,2024-07-21 23:13:39,,Product Returned,Completed
REF005944,TXN001753,CUST09427,MER09583,2024-03-19 03:54:44,10431.61,Order Cancelled,Completed
REF005945,TXN003690,CUST09990,MER07836,2024-11-16 05:39:53,11813.82,Order Cancelled,Completed
REF005946,TXN006557,CUST04611,MER06829,2024-09-17 14:29:17,1067.7,Order Cancelled,Completed
REF005947,TXN007356,CUST02549,MER04987,2024-06-23 08:21:06,472.06,Customer Request,Rejected
REF005948,TXN001204,CUST07123,MER09846,2024-09-22 16:59:40,53826.19,Product Returned,Completed
REF005949,TXN000403,CUST01782,MER04516,2024-02-10 14:00:54,15720.81,Product Returned,Pending
REF005950,TXN004298,CUST05999,MER04967,2024-07-14 10:32:14,62711.87,,Pending
REF005951,TXN004928,CUST02224,MER00330,2024-07-18 15:33:17,10883.85,Customer Request,Completed
REF005952,TXN002605,CUST09804,MER05689,2024-09-26 23:16:31,298.56,Duplicate Transaction,Completed
REF005953,TXN009139,CUST08218,MER00388,2024-08-05 20:30:53,32817.72,Order Cancelled,Completed
REF005954,TXN006409,CUST04018,MER02873,2024-07-20 16:22:42,979.49,Booking Cancelled,Completed
REF005955,TXN003195,UNKNOWN,MER02235,2024-04-02 08:07:49,92901.9,Order Cancelled,Completed
REF005956,TXN004688,CUST01169,MER06552,2024-08-22 23:32:57,7176.88,Order Cancelled,Rejected
REF005957,TXN001581,CUST08064,MER07947,2024-04-22 02:16:55,3611.74,Duplicate Transaction,Completed
REF005958,TXN005303,CUST01749,MER08829,2024-05-22 02:17:22,93742.49,,Completed
REF005959,TXN009668,CUST02535,MER06832,2024-05-16 07:14:21,886.52,Product Returned,Rejected
REF005960,TXN008291,CUST05497,MER02937,2024-04-26 12:34:49,9251.14,Product Returned,Completed
REF005961,TXN003885,CUST02837,MER03541,2024-05-11 20:23:42,895.47,Product Returned,Completed
REF005962,TXN005236,CUST09557,MER00508,2024-06-11 11:44:54,29038.91,Order Cancelled,Pending
REF005963,TXN006956,CUST01902,MER08779,2024-03-23 02:30:01,17216.75,Order Cancelled,Completed
REF005964,TXN004758,CUST05072,MER05285,2024-01-21 00:26:17,20054.73,Product Returned,Completed
REF005965,TXN006257,CUST03419,MER00434,2024-06-15 23:15:37,45057.44,Booking Cancelled,Pending
REF005966,TXN002122,CUST09297,MER03203,2024-06-03 21:16:09,3188.77,Customer Request,Pending
REF005967,TXN009574,CUST05702,MER00683,2024-05-23 19:43:11,3739.2,Duplicate Transaction,Completed
REF005968,TXN008280,CUST07627,MER07216,2024-08-30 05:32:18,16792.46,Customer Request,Completed
REF005969,TXN001417,CUST09029,MER08105,2024-06-26 11:35:00,1625.74,Customer Request,Completed
REF005970,TXN007708,CUST02679,MER01129,2024-06-02 02:48:56,48693.73,Customer Request,Completed
REF005971,TXN005324,CUST02055,MER02872,2024-07-15 20:23:02,22142.58,Duplicate Transaction,Rejected
REF005972,TXN009798,CUST07323,MER01093,2024-05-17 22:57:08,99591.19,Order Cancelled,Completed
REF005973,TXN003570,CUST09096,MER03840,2024-06-21 08:26:25,490.12,Order Cancelled,Pending
REF005974,TXN009470,CUST04774,MER08408,2024-09-27 16:24:49,1465.89,Order Cancelled,Completed
REF005975,TXN007569,CUST09399,MER07819,2024-10-15 07:07:39,180.76,Product Returned,Pending
REF005976,TXN009531,CUST00617,MER07529,2024-04-27 15:03:30,11039.21,Booking Cancelled,Completed
REF005977,TXN005701,CUST00883,MER00487,2024-08-05 14:01:23,16071.98,Order Cancelled,
REF005978,TXN008033,CUST03195,MER04703,2024-03-19 23:37:59,114.77,Customer Request,Pending
REF005979,TXN002780,,MER04788,2024-12-06 09:07:40,55992.4,Duplicate Transaction,Completed
REF005980,TXN003532,CUST05158,MER09260,2024-02-05 22:58:54,81709.41,Order Cancelled,Completed
REF005981,TXN001747,CUST09863,MER07075,2024-09-12 01:27:58,190.09,Booking Cancelled,Completed
REF005982,TXN000723,CUST04189,MER02439,2024-08-26 23:02:16,1169.2,Customer Request,
REF005983,TXN008443,CUST09347,MER01489,2024-10-16 07:00:32,2304.37,Customer Request,Completed
,TXN001777,CUST01622,MER05167,2024-07-22 01:40:09,48058.26,Duplicate Transaction,Completed
REF005985,TXN008343,CUST07305,MER04292,2024-11-24 06:16:18,45442.25,Booking Cancelled,Completed
REF005986,TXN003264,CUST08635,MER09088,2024-10-11 15:03:06,20412.42,Customer Request,Pending
REF005987,TXN000118,CUST03861,MER07398,2024-12-23 05:31:43,43638.66,Order Cancelled,Rejected
REF005988,TXN000831,CUST09505,MER03585,2024-09-27 09:33:50,735.32,Customer Request,Completed
REF005989,TXN001478,CUST00366,MER03510,2024-06-25 04:09:46,18430.41,Order Cancelled,Pending
REF005990,TXN004448,CUST09063,MER06918,2024-02-03 20:19:02,4358.71,Customer Request,Completed
REF005991,TXN008257,CUST07437,MER08746,2024-07-01 18:00:51,33185.34,Customer Request,Completed
REF005992,TXN002875,CUST07130,MER09968,2024-09-24 16:00:29,6765.51,Duplicate Transaction,Pending
REF005993,TXN002043,CUST09649,MER00647,2024-04-03 00:45:22,694.54,Booking Cancelled,Completed
REF005994,TXN002816,CUST04606,MER06404,2024-11-06 10:42:37,237.58,Booking Cancelled,Completed
REF005995,TXN000859,CUST04352,MER07910,2024-04-16 18:34:47,974.26,Duplicate Transaction,Completed
REF005996,TXN009421,CUST05060,MER07080,2024-07-12 11:14:35,460.12,Customer Request,Completed
REF005997,TXN008656,CUST09745,MER00177,2024-11-24 03:46:21,21924.78,Booking Cancelled,Rejected
REF005998,TXN002406,CUST02432,MER06601,2024-09-20 20:50:19,19748.65,Order Cancelled,Rejected
REF005999,TXN003962,CUST06514,MER05968,2024-01-28 02:53:55,2154.52,Product Returned,Pending
REF006000,TXN000132,CUST06673,MER03259,2024-10-31 13:01:57,1715.9,Duplicate Transaction,Completed
REF006001,TXN005741,CUST01653,MER08621,2024-12-30 17:19:46,288.3,Duplicate Transaction,Completed
REF006002,TXN002573,CUST02492,MER01928,2024-06-07 09:45:47,36144.34,Customer Request,Completed
REF006003,TXN001323,CUST06725,MER06959,2024-07-06 01:12:02,2153.95,Duplicate Transaction,Pending
REF006004,TXN009239,CUST05976,MER01129,2024-04-08 15:11:41,17228.62,Duplicate Transaction,Completed
REF006005,TXN005311,CUST08292,MER07482,2024-02-10 14:09:37,14936.82,Product Returned,Pending
REF006006,TXN008443,CUST09347,MER01489,2024-09-26 07:00:32,480.08,Product Returned,Completed
REF006007,TXN007289,CUST05568,MER08404,2024-09-18 13:15:01,43373.56,,Completed
REF006008,TXN004648,CUST05031,MER00778,2024-11-18 20:27:43,1814.22,Customer Request,Pending
REF006009,TXN002621,CUST03561,MER04254,2024-04-24 16:27:46,1172.4,Product Returned,Rejected
REF006010,TXN001366,CUST07675,MER00032,2024-10-24 07:29:15,1414.13,Duplicate Transaction,Completed
REF006011,TXN006911,CUST08450,MER07586,2024-12-11 12:09:21,7102.88,Customer Request,Completed
REF006012,TXN002698,CUST04966,MER05494,2024-12-12 01:58:48,65.31,Product Returned,Completed
REF006013,,CUST06975,MER04268,2024-07-02 22:18:23,5516.52,Customer Request,Pending
REF006014,TXN009040,CUST04605,MER08802,2024-11-21 19:55:09,16553.68,Booking Cancelled,Completed
REF006015,TXN008420,CUST04037,MER05878,2024-03-29 01:55:23,6268.15,Booking Cancelled,Pending
REF006016,TXN003403,CUST05572,MER02599,2024-10-30 23:38:26,161.67,Order Cancelled,Completed
REF006017,TXN003451,CUST06925,MER00932,2024-09-19 09:45:34,1305.7,Duplicate Transaction,Completed
REF006018,TXN008389,CUST01941,MER02710,2024-11-05 03:36:55,7635.52,Order Cancelled,Completed
REF006019,TXN002519,CUST07178,MER04963,2024-04-25 00:14:11,55729.28,Order Cancelled,Completed
REF006020,TXN007419,CUST08431,MER06655,2024-05-02 11:37:05,792.94,Booking Cancelled,Pending
REF006021,TXN006577,CUST09513,MER09919,2024-07-10 04:30:41,4871.53,Product Returned,Pending
REF006022,TXN005192,CUST07323,MER03770,2024-02-13 08:31:48,16785.6,Duplicate Transaction,Completed
REF006023,TXN007267,CUST08092,MER07532,2024-09-15 09:22:57,14088.86,Customer Request,Completed
REF006024,TXN005664,CUST00536,MER02765,2024-09-03 08:16:38,19861.15,Duplicate Transaction,Completed
REF006025,TXN003841,CUST00533,MER03321,2024-02-08 02:05:43,287.26,Booking Cancelled,Completed
REF006026,TXN002901,CUST04383,MER06807,2024-07-02 21:23:09,unknown,Order Cancelled,Completed
REF006027,TXN007486,CUST01367,MER07483,2025-01-08 17:24:29,9819.57,Order Cancelled,Completed
REF006028,TXN007663,CUST08599,MER02338,2024-01-25 08:22:57,91027.24,Customer Request,Pending
REF006029,TXN001222,CUST07018,MER00154,2024-04-07 09:43:34,64.34,,Completed
REF006030,TXN000664,CUST00941,MER04252,2024-04-17 09:06:02,16135.54,Product Returned,Rejected
REF006031,TXN000981,CUST09816,MER02866,2024-08-27 08:02:23,2114.64,Customer Request,Completed
REF006032,TXN007144,CUST05737,MER01690,2024-03-10 11:10:30,1722.52,Duplicate Transaction,Completed
REF006033,TXN000685,CUST02395,MER06720,2024-03-08 05:24:50,438.17,Order Cancelled,Completed
REF006034,TXN007540,CUST02857,MER06407,2024-05-12 05:13:15,4764.84,Order Cancelled,Completed
REF006035,TXN002274,CUST00648,MER09049,2024-12-23 22:56:06,49668.54,Booking Cancelled,Completed
REF006036,TXN009942,CUST08499,MER02295,2024-08-25 21:48:00,858.42,Product Returned,Pending
REF006037,TXN009678,CUST03309,MER01450,2024-06-22 20:08:38,713.01,Order Cancelled,Rejected
REF006038,TXN002325,CUST07824,MER02535,2024-11-05 05:45:48,62.41,Booking Cancelled,Completed
REF006039,TXN009545,CUST01729,MER07803,2024-04-17 18:23:07,15023.83,Product Returned,Completed
REF006040,TXN002249,CUST06111,MER06235,2024-10-03 09:11:34,71324.16,Booking Cancelled,Completed
REF006041,TXN005929,CUST01675,MER09516,2024-09-07 00:43:36,7249.65,Order Cancelled,Completed
REF006042,TXN001583,CUST03689,MER08119,2024-06-23 02:51:19,15747.58,Product Returned,Pending
REF006043,TXN005456,CUST09945,MER03453,2024-04-06 11:55:14,19499.41,Booking Cancelled,Pending
REF006044,TXN002606,CUST09170,MER09093,2024-02-09 17:00:05,41656.86,Booking Cancelled,Completed
REF006045,TXN000384,CUST05155,MER09596,2024-07-06 13:33:42,12801.42,Duplicate Transaction,Completed
REF006046,TXN005796,CUST04780,MER00060,2024-03-01 17:34:58,16770.36,Booking Cancelled,Pending
REF006047,TXN001002,CUST01811,MER09668,2024-09-02 19:15:59,90767.27,Product Returned,Completed
REF006048,TXN004526,CUST06463,MER07830,2024-09-12 10:04:09,12113.16,Duplicate Transaction,Completed
REF006049,TXN003562,CUST05126,,2024-02-28 06:16:13,18830.4,Duplicate Transaction,Completed
REF006050,TXN001691,CUST05560,MER04654,2024-05-28 00:43:42,94850.82,Product Returned,Rejected
,TXN005455,CUST03219,MER02333,2024-06-24 18:41:13,29531.54,Order Cancelled,Completed
REF006052,TXN009470,CUST04774,MER08408,2024-10-07 16:24:49,1759.07,,Pending
REF006053,TXN004112,CUST08815,MER01124,2024-02-28 15:43:18,15359.87,Product Returned,Pending
REF006054,TXN004042,CUST05282,MER00625,2024-12-27 21:27:33,18122.85,Order Cancelled,Pending
REF006055,TXN008573,CUST09532,MER08437,2024-05-06 08:56:44,3821.41,Order Cancelled,Completed
REF006056,TXN000987,,MER03544,2024-04-22 07:08:03,8003.19,Duplicate Transaction,Pending
REF006057,TXN004771,CUST09649,MER08494,14/02/2024,,,Completed
REF006058,TXN007941,CUST01307,MER06083,2024-01-10 03:36:34,449.74,Customer Request,Pending
REF006059,TXN005351,CUST06880,MER09374,2024-04-19 22:38:35,1591.06,Duplicate Transaction,Completed
REF006060,TXN005614,CUST06031,MER02226,2024-09-20 20:06:04,340.4,Duplicate Transaction,Completed
REF006061,TXN006368,CUST06551,MER00659,2025-01-08 01:45:58,28.36,Customer Request,Pending
REF006062,TXN002506,,MER01263,2024-08-30 21:41:07,21044.4,Duplicate Transaction,Completed
REF006063,TXN005831,CUST06391,MER02462,2024-08-01 09:05:12,4171.98,Customer Request,Completed
REF006064,TXN006011,CUST08752,MER08838,2024-01-22 15:05:22,4463.04,Booking Cancelled,Completed
REF006065,TXN005583,CUST06639,MER09012,2024-11-28 23:04:39,863.33,Product Returned,
REF006066,TXN005767,CUST06744,MER06382,2024-02-05 09:16:33,336.5,Customer Request,Pending
REF006067,TXN009286,CUST08037,MER09514,2025-01-11 11:56:46,14711.91,Duplicate Transaction,Rejected
REF006068,TXN009232,CUST02769,UNKNOWN,2024-01-17 15:57:47,203.1,Customer Request,Completed
REF006069,TXN000939,CUST02744,MER08228,2025-01-15 02:01:15,105730.3,Product Returned,Completed
REF006070,TXN007420,CUST03717,MER03303,2024-11-19 10:47:24,unknown,Duplicate Transaction,Completed
REF006071,TXN007450,CUST01768,MER00612,2024-05-22 19:01:23,98.54,Customer Request,Pending
REF006072,TXN005820,CUST08464,MER08769,2024-03-30 02:56:44,537.38,Product Returned,Rejected
REF006073,TXN001830,CUST04845,MER03519,2024-10-15 20:23:59,29183.7,Order Cancelled,Completed
REF006074,TXN002658,CUST01715,MER08313,2024-03-11 02:14:20,76601.41,Duplicate Transaction,Completed
REF006075,TXN006005,CUST08235,MER08548,2024-03-06 22:12:11,4024.15,Booking Cancelled,Rejected
REF006076,TXN009828,CUST02276,MER03379,2024-02-02 00:37:50,54282.76,Duplicate Transaction,Completed
REF006077,TXN006253,CUST07682,MER00156,2024-03-25 21:48:04,2432.1,Booking Cancelled,Rejected
REF006078,TXN003441,CUST07421,MER04363,2024-03-26 17:38:48,17474.28,Booking Cancelled,Completed
REF006079,TXN006100,CUST00547,MER07019,2024-07-05 22:50:28,17956.2,Customer Request,Pending
REF006080,TXN003223,CUST03495,MER09249,2024-01-29 06:56:57,12379.79,Booking Cancelled,Pending
REF006081,TXN002299,CUST06094,MER00538,2024-02-05 20:55:56,11130.97,Product Returned,Completed
REF006082,TXN000644,CUST02904,MER06677,2024-06-11 16:46:03,421.69,Customer Request,Pending
REF006083,TXN001704,CUST01932,MER04395,13/09/2024,2313.55,Booking Cancelled,Completed
REF006084,TXN007156,CUST01486,MER01585,2024-07-31 03:42:49,45493.66,Product Returned,Completed
REF006085,TXN001631,CUST06013,MER07555,2024-06-28 05:53:31,681.32,Duplicate Transaction,Completed
REF006086,TXN008959,CUST03851,MER00695,2024-09-09 13:04:32,54325.86,,Completed
REF006087,TXN007375,CUST05199,MER07031,2024-11-12 04:50:41,106265.24,Booking Cancelled,Pending
REF006088,TXN005875,CUST08398,MER05617,2024-05-07 16:47:39,6649.92,Order Cancelled,Pending
REF006089,TXN007038,CUST08673,MER05318,2024-06-21 09:10:31,7568.7,Order Cancelled,Completed
REF006090,TXN007475,CUST05844,MER06396,2024-09-10 16:51:11,884.31,Order Cancelled,Pending
REF006091,TXN000506,CUST01031,MER06047,2024-05-11 08:33:39,87709.51,Order Cancelled,Rejected
REF006092,TXN001851,CUST04550,MER02942,2024-08-06 02:36:05,15014.48,Product Returned,Completed
REF006093,,CUST06775,MER01085,2024-12-05 13:07:27,8150.74,Booking Cancelled,Completed
REF006094,TXN001684,CUST05756,MER09533,2024-11-22 05:18:53,16963.91,Duplicate Transaction,Completed
REF006095,TXN006071,CUST02995,MER01956,2024-09-22 13:48:46,10607.52,Duplicate Transaction,Completed
REF006096,TXN001384,CUST00538,MER05089,2025-01-25 11:03:57,1068.17,Order Cancelled,Completed
REF006097,TXN007742,CUST01566,MER02144,2024-04-13 05:35:33,34091.9,Duplicate Transaction,
REF006098,TXN005764,CUST02025,MER00103,2024-06-25 23:42:05,32567.9,Booking Cancelled,Completed
REF006099,TXN000869,CUST06465,MER03919,2024-07-23 01:41:07,895.05,Booking Cancelled,Completed
REF006100,TXN007543,CUST03703,MER06080,2024-09-10 06:15:26,289.77,Order Cancelled,Completed
REF006101,TXN003385,CUST07065,MER05673,2024-08-26 02:05:19,12841.61,Order Cancelled,Completed
REF006102,TXN000794,CUST09509,MER06079,2024-05-10 10:44:37,16410.43,Product Returned,Completed
REF006103,TXN001922,CUST04405,MER08398,2024-10-04 12:36:41,10325.0,Product Returned,Completed
REF006104,TXN000190,CUST04219,MER06787,2024-07-26 00:32:26,35914.1,Booking Cancelled,Completed
REF006105,TXN000505,CUST09859,MER05140,2024-07-20 08:46:02,8790.24,Booking Cancelled,Completed
REF006106,TXN005819,CUST01376,MER06801,2024-09-18 03:36:10,16605.84,Product Returned,Completed
REF006107,TXN009444,CUST04802,MER01476,,8707.77,Order Cancelled,Completed
REF006108,TXN005127,CUST05937,MER03922,2024-04-20 07:34:40,1823.39,Duplicate Transaction,Completed
REF006109,TXN000189,CUST06779,MER04829,2024-10-24 13:56:15,4792.61,Customer Request,Completed
REF006110,TXN008005,CUST04037,MER07059,,11442.68,Product Returned,Pending
REF006111,TXN007214,CUST01833,MER00444,2024-09-13 02:28:13,253.84,Booking Cancelled,Completed
REF006112,TXN001423,CUST08077,MER09881,2024-06-02 14:19:21,41255.73,Duplicate Transaction,
REF006113,TXN007360,CUST05953,UNKNOWN,2024-12-06 14:46:18,1457.49,Booking Cancelled,
REF006114,TXN005602,CUST07664,MER08983,2024-12-25 01:31:30,23180.6,Booking Cancelled,Pending
REF006115,TXN003888,CUST01468,MER04661,2024-08-17 02:48:43,60317.1,Duplicate Transaction,Completed
REF006116,TXN007584,CUST06839,MER08335,2024-05-22 15:32:17,933.96,Order Cancelled,Completed
REF006117,TXN003697,CUST04214,MER08175,2024-02-06 23:27:13,687.17,Product Returned,Rejected
REF006118,TXN003156,CUST03658,MER03892,2024-03-31 09:44:55,22456.12,Order Cancelled,Completed
REF006119,TXN009763,CUST08259,MER09380,2024-05-16 08:23:59,14691.98,Customer Request,Rejected
REF006120,TXN007977,CUST08159,MER05918,2024-02-20 22:22:28,5552.07,Duplicate Transaction,Pending
REF006121,TXN009759,CUST09070,MER06504,2024-05-08 19:02:40,10659.35,Order Cancelled,Completed
REF006122,TXN008929,CUST03907,MER07623,2025-01-09 20:46:08,90989.69,Product Returned,Rejected
REF006123,TXN003698,,MER05684,2024-10-26 07:45:27,15249.13,Duplicate Transaction,Completed
REF006124,TXN003844,CUST09727,MER00495,2024-12-04 07:10:17,9176.3,Customer Request,Completed
REF006125,TXN006726,CUST03762,MER03590,2024-05-02 20:56:38,382.4,Duplicate Transaction,Completed
REF006126,TXN003009,CUST09992,MER07819,2024-03-01 20:31:55,9638.14,Duplicate Transaction,Completed
REF006127,TXN006932,CUST07225,MER00527,2024-11-26 17:01:19,325.32,Order Cancelled,Completed
REF006128,TXN008538,CUST02759,MER02109,2024-05-31 06:23:28,7696.21,Order Cancelled,Completed
,TXN009413,CUST05093,MER05315,2024-12-21 02:05:30,815.08,Booking Cancelled,Completed
REF006130,TXN000989,CUST06428,,2024-04-14 00:30:59,749.99,Customer Request,Completed
,TXN001473,CUST09156,MER03647,2024-07-03 01:19:41,7743.87,Duplicate Transaction,Completed
REF006132,TXN001579,CUST04423,MER08931,2024-04-25 17:49:57,5575.78,Order Cancelled,Completed
REF006133,TXN001452,CUST07645,MER08483,2024-12-04 01:10:26,4700.52,Product Returned,Completed
REF006134,TXN001582,CUST01029,MER05576,2024-05-25 07:16:31,33827.45,Duplicate Transaction,Completed
REF006135,TXN004034,UNKNOWN,MER09670,2024-07-01 05:30:19,6413.89,Booking Cancelled,Pending
REF006136,TXN005564,CUST06711,MER02681,2024-12-08 07:07:47,14144.39,Duplicate Transaction,Completed
REF006137,TXN004485,CUST00257,MER02083,2024-02-09 03:34:29,138.26,Duplicate Transaction,Completed
REF006138,TXN006266,CUST00477,MER07608,2024-11-11 03:46:19,46561.81,Product Returned,Completed
REF006139,TXN007955,CUST08854,MER05571,2024-12-17 00:21:30,241.75,Booking Cancelled,Completed
REF006140,TXN004673,CUST06570,MER08522,2025-01-02 07:18:29,1220.8,Booking Cancelled,Completed
REF006141,TXN000966,CUST04419,MER03890,2024-12-08 19:25:54,27181.49,Order Cancelled,Completed
REF006142,TXN002803,CUST06503,MER07048,2025-01-18 00:33:20,22273.92,Order Cancelled,Completed
REF006143,TXN006363,CUST09349,MER05008,2024-04-01 00:05:04,1392.53,Order Cancelled,Completed
REF006144,TXN003413,CUST08780,MER05402,2024-04-02 17:37:14,11338.37,Duplicate Transaction,Completed
REF006145,,CUST03206,MER06731,2024-08-30 04:48:44,47114.4,Order Cancelled,Completed
REF006146,TXN006600,CUST05011,MER02528,2024-03-07 17:14:17,8436.78,Customer Request,Completed
REF006147,TXN007134,CUST05573,MER08830,2024-03-16 09:38:39,8186.24,Customer Request,Completed
REF006148,TXN002427,CUST08006,MER02996,2024-03-22 14:19:28,4141.37,Order Cancelled,Rejected
REF006149,TXN007549,CUST09798,MER02160,2024-02-27 20:15:10,52194.82,Customer Request,Completed
REF006150,TXN000141,CUST09317,MER08893,2024-10-04 22:51:32,10672.33,Duplicate Transaction,Pending
REF006151,TXN005977,CUST03089,MER07076,2024-08-03 18:11:38,41349.93,Booking Cancelled,Completed
REF006152,TXN006219,CUST00990,MER07426,06/08/2024,204.07,Product Returned,Completed
,TXN004817,CUST06828,MER08422,2024-04-09 08:53:24,3063.56,Booking Cancelled,
REF006154,TXN008492,CUST06954,MER08523,2024-09-29 07:48:58,3176.97,Product Returned,Completed
REF006155,TXN005358,CUST04864,MER02532,2024-08-14 20:11:00,2397.29,Order Cancelled,Pending
REF006156,TXN003056,CUST06203,MER01590,2024-07-24 03:54:37,591.11,Product Returned,Completed
REF006157,TXN005485,CUST07225,MER00022,2024-02-09 05:12:54,590.58,Duplicate Transaction,Completed
REF006158,TXN000451,CUST05481,MER07787,2024-07-26 22:58:00,13317.86,Product Returned,Completed
REF006159,TXN009860,CUST04674,MER06324,2024-10-18 21:54:41,814.53,Order Cancelled,Pending
REF006160,TXN002138,CUST06754,MER08669,2024-12-19 19:18:07,36632.38,Order Cancelled,Completed
REF006161,TXN005829,CUST03964,MER02071,2024-10-05 23:27:37,14018.63,Duplicate Transaction,Rejected
REF006162,TXN004544,CUST07496,MER00523,2024-08-09 11:28:49,8677.73,Product Returned,Completed
REF006163,TXN004334,CUST05287,MER08106,2024-06-20 02:13:09,58786.8,Booking Cancelled,Rejected
REF006164,UNKNOWN,CUST07348,MER00046,2024-07-23 23:25:08,1417.28,Booking Cancelled,Completed
REF006165,TXN007550,CUST00938,MER05866,2024-08-19 14:54:58,2059.97,Booking Cancelled,Completed
REF006166,TXN002270,CUST04220,MER04047,2024-08-09 13:00:29,590.22,,Completed
REF006167,TXN008553,CUST04352,MER05160,2024-11-27 19:16:47,1354.35,Order Cancelled,Pending
REF006168,TXN009252,CUST01968,MER02777,2024-09-04 07:39:57,3966.27,Product Returned,Pending
REF006169,TXN007695,CUST06880,MER00018,2024-10-17 06:50:36,19729.19,Order Cancelled,Completed
REF006170,TXN008953,CUST08085,MER06673,2024-02-15 00:31:51,71971.1,Booking Cancelled,Completed
REF006171,TXN004593,CUST05784,MER06209,2024-05-07 22:33:00,1126.42,Duplicate Transaction,Rejected
REF006172,TXN006276,CUST06696,MER05535,2024-02-01 18:14:38,19315.08,Booking Cancelled,Completed
REF006173,TXN003664,CUST08112,MER01232,2024-04-07 06:38:02,9495.58,Customer Request,Pending
REF006174,TXN006006,CUST06177,MER04845,2024-03-29 08:15:43,45405.96,Order Cancelled,Rejected
REF006175,TXN003032,CUST04555,MER01291,2024-03-28 17:49:56,514.55,Product Returned,Completed
REF006176,TXN000658,CUST08599,MER05281,2024-03-26 07:50:19,495.54,Customer Request,Completed
REF006177,TXN006082,CUST06047,MER07923,2024-09-04 02:52:34,24358.93,Product Returned,Completed
REF006178,TXN009819,CUST05105,MER06647,2024-02-05 19:21:04,1318.47,Duplicate Transaction,Completed
REF006179,TXN001436,CUST03966,MER08054,2024-10-21 15:53:21,unknown,Duplicate Transaction,Pending
REF006180,TXN000478,CUST01219,MER06603,2024-06-06 17:54:44,407.61,Booking Cancelled,Completed
REF006181,TXN000233,CUST04086,MER01158,2024-08-10 17:57:20,197.1,Booking Cancelled,Completed
REF006182,TXN009001,CUST02788,MER07860,2024-09-03 11:43:25,15995.12,Product Returned,Completed
REF006183,TXN009023,CUST01402,MER08055,2025-01-22 02:08:47,1382.64,Order Cancelled,Completed
REF006184,TXN008128,CUST04862,,2024-11-22 09:35:20,47496.8,Product Returned,Completed
REF006185,TXN006176,CUST05607,MER06687,2024-05-12 14:49:51,45626.26,Booking Cancelled,Completed
REF006186,TXN001806,CUST05651,MER04695,2024-09-24 21:24:29,76.95,Order Cancelled,Completed
REF006187,TXN009123,CUST07401,MER08878,2024-03-10 12:16:11,19496.18,Product Returned,Completed
REF006188,TXN000675,CUST03536,MER07718,2024-10-28 02:19:44,4535.97,Duplicate Transaction,Completed
REF000010,TXN004917,CUST08130,MER01237,2024-08-28 13:11:01,7812.44,Booking Cancelled,Completed
REF006190,TXN000044,CUST08963,MER09670,2025-01-01 04:41:11,9652.95,Product Returned,Pending
REF006191,TXN007465,CUST06756,MER03733,2024-06-20 08:03:29,87132.75,Product Returned,Pending
REF006192,TXN006518,CUST06802,MER09561,2024-02-10 03:02:39,661.01,Booking Cancelled,Completed
REF006193,TXN004547,CUST08885,MER02676,2024-02-22 23:08:17,425.0,Booking Cancelled,Completed
REF006194,TXN006602,CUST01846,MER03388,2024-10-26 21:58:10,90978.87,Product Returned,Completed
REF006195,TXN001530,CUST06650,MER08480,2024-08-29 08:46:03,unknown,Order Cancelled,Rejected
REF006196,TXN006107,CUST00926,MER09468,2024-06-18 19:58:31,16349.76,Customer Request,Pending
REF006197,TXN005102,CUST03097,MER04312,02/04/2024,54445.49,Customer Request,Completed
REF006198,TXN004432,CUST02520,MER04721,2024-03-01 18:41:30,4385.72,Duplicate Transaction,Rejected
REF006199,TXN002655,CUST03810,MER05879,2024-09-07 03:54:13,10953.42,Booking Cancelled,Completed
REF006200,TXN002149,CUST00176,MER00116,2024-06-12 12:54:30,23957.88,Duplicate Transaction,Completed
REF006201,TXN006062,CUST08103,MER00142,2024-08-07 20:38:51,79.54,Product Returned,Completed
REF006202,TXN002661,CUST06392,MER03991,2024-11-18 00:49:13,23215.25,Duplicate Transaction,Completed
REF006203,TXN007650,CUST02283,,2024-05-30 21:38:49,1925.69,Customer Request,Completed
REF006204,TXN002597,CUST06720,MER01629,2024-11-17 00:06:38,483.54,Customer Request,Rejected
REF006205,TXN004776,CUST07525,MER03324,2024-08-27 01:09:48,87582.83,Order Cancelled,Pending
REF006206,TXN001135,CUST08935,MER01754,2024-11-03 08:27:14,15431.03,Duplicate Transaction,Completed
REF006207,TXN001408,CUST03525,MER06523,2024-03-05 20:45:49,1471.96,Product Returned,Completed
REF006208,TXN006747,CUST08698,MER09551,2024-12-06 05:52:20,7535.66,Product Returned,Completed
REF006209,TXN000154,CUST01928,MER02149,2024-12-24 17:20:16,unknown,Product Returned,Completed
REF006210,TXN005550,CUST07312,MER02521,2024-05-15 12:57:00,6169.51,Booking Cancelled,Completed
REF006211,TXN005703,CUST07614,MER02731,2024-09-01 11:21:31,58519.21,Duplicate Transaction,Pending
REF006212,TXN004519,CUST01899,MER09428,2024-12-29 22:53:18,12867.61,Booking Cancelled,Completed
REF006213,TXN001073,CUST06859,MER05961,2024-08-12 18:12:17,135.28,Booking Cancelled,Completed
REF006214,TXN000786,CUST05492,MER00118,2024-09-12 15:35:01,408.59,Booking Cancelled,Completed
REF006215,TXN007322,CUST04654,,2024-09-16 02:03:04,45052.44,Product Returned,Completed
REF006216,TXN001913,CUST01573,MER09486,2024-02-15 16:47:38,8770.63,Booking Cancelled,Completed
REF006217,TXN004467,CUST01999,MER05031,2024-08-09 08:44:20,23269.02,Customer Request,Completed
REF006218,TXN001183,CUST09641,MER03811,2024-12-11 07:15:32,1620.69,Booking Cancelled,Rejected
REF006219,TXN007771,CUST07365,MER00067,2024-09-05 16:58:14,17171.34,Booking Cancelled,Pending
REF006220,TXN007293,CUST03524,MER03356,2024-11-20 15:13:58,2380.6,Product Returned,Completed
REF006221,TXN008269,CUST02268,MER03681,2024-09-13 03:01:40,26321.57,Order Cancelled,Completed
REF006222,TXN001240,CUST02942,MER00797,2024-07-30 17:10:39,11046.49,Customer Request,Completed
REF006223,TXN004852,CUST03317,MER09665,2024-06-12 06:26:42,2926.14,Customer Request,Completed
REF006224,TXN008376,CUST03569,MER04830,2024-11-12 12:20:11,10798.24,Customer Request,Completed
REF006225,TXN004224,CUST07062,MER09942,2024-05-22 12:18:24,3013.87,Customer Request,Pending
REF006226,TXN002806,CUST09151,MER02419,2024-11-05 19:18:06,1441.41,Order Cancelled,Rejected
REF006227,UNKNOWN,CUST02831,MER01678,2024-11-15 05:46:22,64646.26,Customer Request,Completed
REF006228,TXN003216,CUST00625,MER03937,2024-10-09 14:32:27,69476.74,Product Returned,Completed
REF006229,TXN009151,CUST00015,MER03575,2024-09-15 23:45:56,71773.14,Duplicate Transaction,Completed
REF006230,TXN002839,CUST03687,MER05562,2024-09-23 09:54:05,503.72,Product Returned,Completed
REF006231,TXN005248,CUST02198,MER08463,2024-10-03 08:33:59,2265.32,Booking Cancelled,Completed
REF006232,TXN008424,CUST01792,MER09940,2024-09-25 11:36:03,71118.47,Customer Request,Pending
REF006233,TXN007298,CUST02197,MER09023,2024-11-30 02:26:35,329.78,Order Cancelled,Rejected
REF006234,TXN001609,CUST08055,MER06462,2024-06-30 13:28:30,1374.85,Duplicate Transaction,Pending
REF006235,TXN006704,CUST08143,MER03982,2024-12-05 08:32:21,201.02,Order Cancelled,Completed
REF006236,TXN005797,CUST03559,MER02072,2024-11-29 02:23:57,17272.98,Product Returned,Completed
REF006237,TXN005855,CUST07834,,2024-04-05 19:33:21,2924.38,Booking Cancelled,Completed
REF006238,TXN007146,CUST01966,MER06855,2024-12-11 03:44:33,2114.26,Order Cancelled,Completed
REF006239,TXN000943,CUST02462,MER09367,2024-02-09 19:18:09,25997.77,Order Cancelled,Completed
REF006240,TXN004355,CUST08227,MER08911,2025-01-09 04:45:35,190.4,Duplicate Transaction,Completed
REF006241,TXN007186,CUST03606,MER09109,2024-01-13 07:53:50,12471.31,Order Cancelled,Completed
REF006242,TXN005323,CUST00208,MER01002,2024-09-02 00:48:13,13489.16,Booking Cancelled,Completed
REF006243,TXN007908,CUST00340,MER09660,2024-03-21 14:33:01,2705.02,Order Cancelled,Completed
REF006244,TXN000132,CUST06673,MER03259,2024-11-18 13:01:57,,Order Cancelled,Completed
REF006245,TXN001031,CUST02241,MER03530,2024-08-17 08:04:20,74518.57,Customer Request,Completed
REF006246,TXN006710,CUST07071,MER02637,2024-08-14 13:32:30,74673.35,Customer Request,Pending
REF006247,TXN002010,CUST07766,MER00187,2024-10-31 04:00:40,1825.04,Order Cancelled,Completed
REF006248,TXN007968,CUST09244,MER05680,2024-06-26 06:23:01,55871.11,Duplicate Transaction,Pending
REF006249,TXN008527,CUST05227,MER09518,2024-04-14 04:14:32,1849.86,,Completed
REF006250,TXN006628,CUST05867,MER03598,2024-09-23 21:40:12,442.7,Order Cancelled,Pending
REF006251,TXN005229,CUST04237,MER03693,2024-03-11 04:18:52,210.43,Booking Cancelled,Completed
REF006252,TXN001986,CUST04965,MER08376,2024-09-12 15:22:14,81547.84,Booking Cancelled,Completed
REF006253,TXN004258,CUST09517,MER08248,2024-02-09 03:35:32,880.57,Booking Cancelled,Completed
REF006254,TXN008146,CUST03551,MER06395,2024-08-08 22:34:59,23771.56,Customer Request,Completed
REF006255,TXN006657,CUST07227,MER03167,2024-05-13 03:20:11,159.32,Order Cancelled,Completed
REF006256,TXN002424,CUST06143,MER00029,2024-07-06 11:23:57,2674.7,Booking Cancelled,Completed
REF006257,TXN002745,CUST01859,MER06953,2024-09-20 12:35:57,18337.41,Booking Cancelled,Completed
REF006258,TXN009241,CUST02628,MER05792,2024-12-18 20:23:22,17049.02,Customer Request,Completed
REF006259,TXN006065,CUST05269,MER00344,2024-04-15 21:05:35,11396.5,Duplicate Transaction,Completed
REF006260,TXN008753,CUST06571,MER04193,2024-06-10 20:56:48,1191.08,Product Returned,Completed
REF006261,TXN002570,CUST09881,MER02300,2024-08-06 07:45:24,39968.96,Product Returned,Completed
REF006262,TXN001754,CUST09402,MER09895,08/02/2024,22017.48,Customer Request,Rejected
REF006263,TXN002695,CUST01704,MER06772,,3810.29,Customer Request,Completed
REF006264,TXN005117,CUST03807,MER03727,2024-11-25 16:08:50,1391.18,Product Returned,Completed
REF006265,TXN005863,CUST00664,MER00619,2024-03-03 05:24:46,9357.09,Customer Request,Completed
REF006266,TXN003186,CUST04296,MER07654,2024-02-22 17:17:07,1116.34,Order Cancelled,Completed
REF006267,TXN005845,CUST07612,MER00869,2024-03-27 01:57:59,392.26,Product Returned,Completed
REF006268,TXN006356,CUST00955,MER00600,2024-11-09 09:57:46,4641.51,Customer Request,Rejected
REF006269,TXN003823,CUST01991,MER02429,2024-05-03 20:23:39,803.31,Duplicate Transaction,
REF006270,TXN001405,CUST04757,MER06627,24/12/2024,9780.76,Customer Request,Completed
REF006271,TXN008857,CUST07843,MER09695,2024-09-25 11:32:37,897.44,Order Cancelled,Completed
REF006272,TXN002250,CUST07385,MER06379,2024-03-25 01:12:21,92551.57,Product Returned,Completed
REF006273,TXN003348,CUST04078,MER04071,2025-01-08 07:04:50,62238.97,Booking Cancelled,Completed
REF006274,TXN004780,CUST03869,MER00707,2024-11-24 12:30:58,1892.85,Customer Request,Pending
REF006275,TXN001824,CUST09310,MER08962,2024-08-24 06:06:14,612.2,Booking Cancelled,Rejected
REF006276,TXN002094,CUST08597,MER06562,2024-05-05 11:10:51,4363.69,Order Cancelled,Completed
REF006277,TXN009285,CUST01400,MER08833,2024-01-21 07:45:36,5404.75,Customer Request,Completed
REF006278,TXN005595,CUST09601,MER09340,2024-10-18 16:48:51,2964.72,Order Cancelled,Completed
REF006279,TXN008219,CUST01659,MER01209,2024-04-05 00:45:27,5420.93,Order Cancelled,Completed
REF006280,TXN000327,CUST02481,MER03814,2024-04-07 04:31:34,2052.31,Customer Request,Completed
REF006281,TXN004150,CUST02471,MER05284,2024-07-18 00:24:42,46844.91,Order Cancelled,Completed
,TXN004689,CUST09941,MER03603,2024-04-14 21:31:07,19828.28,Order Cancelled,Completed
REF006283,TXN008038,CUST02978,MER02097,2024-02-06 02:50:21,16911.19,Duplicate Transaction,Completed
REF006284,TXN007833,CUST05951,MER06004,2024-12-22 12:12:25,7665.51,Order Cancelled,Completed
REF006285,TXN001766,CUST08765,MER00206,2024-08-15 12:40:09,95110.11,Duplicate Transaction,Completed
REF006286,TXN001517,CUST07459,MER01562,2024-06-15 08:07:42,17754.29,Customer Request,Completed
REF006287,TXN002899,CUST05783,MER01390,2024-04-09 06:10:00,613.38,Product Returned,Completed
REF006288,TXN003546,CUST00211,MER07879,2024-05-25 16:48:57,14669.14,Booking Cancelled,Completed
REF006289,TXN009368,CUST07002,MER00211,2024-10-24 12:15:07,3762.31,Booking Cancelled,Pending
REF006290,TXN002916,CUST06741,MER04603,2024-11-13 08:59:16,186.12,,Completed
REF006291,TXN001769,CUST08194,,2024-09-09 14:40:59,13140.84,Product Returned,Rejected
REF006292,TXN000617,CUST01062,MER06960,2024-07-11 02:15:02,104.1,Product Returned,Rejected
REF006293,TXN004466,CUST06188,MER01988,2024-09-27 10:41:35,3726.58,Duplicate Transaction,Rejected
REF006294,TXN004229,CUST09473,MER02171,2024-09-13 08:57:38,297.94,Booking Cancelled,Pending
REF006295,TXN006496,CUST05415,MER06369,2024-04-25 16:28:08,9859.08,Order Cancelled,Completed
REF006296,TXN008021,CUST09900,MER09393,2024-05-05 04:13:56,402.41,Product Returned,Completed
REF006297,TXN007129,CUST03174,MER02942,2024-05-28 02:10:29,15188.06,Order Cancelled,Completed
REF006298,TXN002229,CUST07618,,2024-11-28 23:43:08,58890.85,Product Returned,Completed
REF006299,TXN006425,CUST04087,MER05244,2024-09-25 17:52:36,2395.55,Duplicate Transaction,Rejected
REF006300,TXN008753,CUST06571,MER04193,2024-06-19 20:56:48,992.57,Duplicate Transaction,Completed
REF006301,TXN004954,CUST04689,MER07224,2024-04-14 05:28:12,2680.06,Customer Request,Completed
REF006302,TXN003296,CUST07224,MER06382,2024-10-25 10:29:49,81869.88,Order Cancelled,Completed
REF006303,TXN000484,CUST02188,MER07334,2024-11-06 14:02:14,79138.43,Duplicate Transaction,Pending
REF006304,TXN004906,CUST06935,MER05588,2024-03-10 01:18:08,43691.41,Duplicate Transaction,Completed
REF006305,TXN003403,CUST05572,MER02599,2024-11-04 23:38:26,80.83,Booking Cancelled,Completed
REF006306,TXN002680,CUST01273,MER09732,2024-06-23 20:26:17,1748.57,Duplicate Transaction,Completed
REF006307,TXN003544,CUST09958,MER01701,2024-10-03 21:30:00,,Product Returned,Completed
REF006308,TXN007913,CUST02283,MER02515,2024-06-25 02:31:56,9027.46,Order Cancelled,Completed
REF006309,TXN000272,CUST09846,MER06032,2024-02-09 10:46:29,,Customer Request,Completed
REF006310,TXN009877,CUST00046,MER04130,2024-12-23 13:49:30,1298.03,Duplicate Transaction,Completed
REF006311,TXN004756,CUST05546,MER03454,2025-01-06 10:07:11,22819.94,Product Returned,Pending
REF006312,TXN004677,CUST01024,MER05459,2024-03-21 16:22:22,298.86,Product Returned,Completed
REF006313,TXN001775,CUST03165,MER07616,2024-05-22 09:11:53,9484.63,Customer Request,Completed
REF006314,TXN000075,CUST01966,MER07785,2024-09-24 10:54:50,3390.84,Customer Request,Completed
REF006315,TXN003587,CUST05041,MER09465,2024-04-21 07:31:24,118565.93,Booking Cancelled,Completed
,TXN002335,CUST00819,MER03321,2025-01-14 23:09:51,2087.42,Duplicate Transaction,Completed
REF006317,TXN000266,CUST04598,MER01252,2024-02-07 12:02:33,48807.59,Customer Request,Rejected
REF006318,TXN009495,CUST06088,MER00605,2024-10-10 03:34:58,86608.57,Customer Request,Completed
REF006319,TXN006760,CUST01402,MER01180,2024-10-10 09:38:41,288.18,Duplicate Transaction,Rejected
REF006320,TXN009123,CUST07401,MER08878,2024-03-28 12:16:11,19496.18,Duplicate Transaction,Completed
REF006321,TXN005857,CUST07489,MER03769,2024-10-14 00:47:22,61248.07,Customer Request,Completed
REF006322,TXN004065,CUST05952,MER02334,2024-08-30 03:01:07,29065.5,Booking Cancelled,Completed
REF006323,TXN003876,CUST00998,MER04100,2024-10-29 01:02:13,12314.64,Duplicate Transaction,Pending
REF006324,,CUST04458,MER00188,2024-09-05 18:58:49,524.0,Product Returned,Completed
REF006325,TXN002560,CUST01994,MER04589,2024-09-03 15:02:22,14319.91,Customer Request,Rejected
REF006326,TXN004755,CUST03599,MER04041,2024-12-09 16:00:34,115968.64,Customer Request,Completed
REF006327,TXN000831,CUST09505,MER03585,2024-09-23 09:33:50,183.83,Order Cancelled,Pending
REF006328,TXN009177,CUST06517,MER05304,2024-11-23 23:41:40,622.11,Product Returned,Pending
REF006329,TXN003543,CUST01346,MER07598,2024-11-20 08:29:38,1399.17,Duplicate Transaction,Completed
REF006330,TXN007079,CUST04299,MER08086,2024-08-02 20:59:14,35607.16,Duplicate Transaction,Completed
REF006331,TXN006117,CUST07360,MER09661,2024-03-10 03:07:06,18441.4,Product Returned,Rejected
REF006332,TXN005167,CUST00159,MER05719,2024-07-17 03:54:35,194.56,Booking Cancelled,Completed
REF006333,TXN009538,UNKNOWN,MER07579,2024-01-16 05:48:29,4301.58,Order Cancelled,Completed
REF006334,TXN002698,CUST04966,MER05494,2024-11-19 01:58:48,32.66,Product Returned,Pending
REF006335,TXN001338,CUST06757,MER06282,2024-10-01 16:03:14,20031.65,Duplicate Transaction,Completed
REF006336,TXN008125,CUST08400,MER09169,2024-12-11 09:04:11,23720.77,Order Cancelled,Completed
REF006337,TXN003360,CUST01638,MER04903,2024-11-20 02:36:27,1936.81,Customer Request,Completed
REF006338,TXN005738,CUST00331,MER02308,,36528.25,Order Cancelled,Completed
REF006339,TXN002071,CUST03113,MER01485,2024-06-20 10:37:25,11217.58,Product Returned,Completed
REF006340,TXN009019,CUST03010,MER07892,2024-08-22 02:59:21,16501.35,Product Returned,Rejected
REF006341,TXN001833,CUST04766,MER02286,2024-10-21 14:49:05,393.1,Product Returned,Completed
REF006342,TXN004467,CUST01999,MER05031,2024-07-31 08:44:20,11634.51,Order Cancelled,Rejected
REF006343,TXN001754,CUST09402,MER09895,2024-01-29 11:06:31,22017.48,Duplicate Transaction,Completed
REF006344,TXN003555,CUST03674,MER01911,2024-03-07 09:27:33,1259.91,Order Cancelled,Pending
REF006345,TXN006663,CUST06052,MER07987,10/04/2024,6011.84,Customer Request,Rejected
REF006346,UNKNOWN,CUST05123,MER06060,2024-03-21 23:02:46,291.54,Duplicate Transaction,Completed
REF006347,TXN004061,CUST04823,MER08435,2024-04-28 06:23:07,6777.16,Order Cancelled,Completed
REF006348,TXN007396,CUST06368,MER03501,2024-01-28 23:56:29,1914.52,Duplicate Transaction,Completed
REF006349,TXN003674,CUST08809,MER08234,2024-12-18 15:37:34,1043.96,Booking Cancelled,Completed
REF006350,TXN009328,CUST07744,MER09159,2024-02-18 01:11:23,39864.52,Customer Request,Completed
REF006351,TXN005468,CUST07772,MER04080,2024-05-07 12:20:51,723.2,Booking Cancelled,Completed
REF006352,TXN006321,CUST07629,MER03581,2024-11-10 07:21:19,6097.86,Order Cancelled,Completed
REF006353,TXN008053,CUST08995,MER04061,2024-08-15 18:05:11,7569.43,Order Cancelled,Completed
REF006354,TXN006877,CUST05984,MER00717,2024-06-25 03:37:47,1702.12,Order Cancelled,Completed
,TXN004281,CUST07587,MER08105,,1080.02,Booking Cancelled,Rejected
REF006356,TXN007944,CUST08902,MER06593,2024-03-20 02:38:23,69790.6,Booking Cancelled,Completed
REF006357,TXN009404,CUST07063,MER04840,2024-04-07 13:16:17,65109.19,Booking Cancelled,Completed
REF006358,TXN005024,CUST02597,MER03141,2024-07-20 09:37:13,2072.54,Duplicate Transaction,Completed
REF006359,TXN007657,CUST03401,MER04717,2024-12-16 01:25:50,18467.45,,Pending
REF006360,TXN000884,CUST02660,MER07227,2024-10-19 01:53:54,75663.1,Product Returned,
REF006361,TXN003860,CUST06862,MER02118,2024-02-23 22:52:41,1445.62,Duplicate Transaction,Rejected
REF006362,TXN002955,CUST07545,MER03669,2024-11-27 22:37:03,692.08,Duplicate Transaction,Completed
REF006363,TXN009082,CUST03487,MER04926,2024-07-14 23:07:13,8366.68,Duplicate Transaction,Completed
REF006364,TXN001808,CUST04649,MER08681,2024-06-16 09:06:10,4837.77,Product Returned,Completed
REF006365,TXN008281,CUST05106,MER02598,2024-04-21 15:55:43,4690.12,Duplicate Transaction,Completed
REF006366,TXN003003,CUST04177,MER04609,2024-07-09 11:10:41,601.0,Duplicate Transaction,Rejected
REF006367,TXN008012,CUST04631,MER07848,2024-10-12 11:06:42,4725.74,Product Returned,Completed
REF006368,TXN003996,CUST07730,MER09987,2024-12-28 15:17:38,99.17,Customer Request,Completed
REF006369,TXN000983,CUST07271,MER04606,2024-11-06 10:28:39,8942.89,Order Cancelled,Completed
REF006370,TXN000872,CUST06199,MER00685,2024-08-20 08:41:07,35654.97,Order Cancelled,Completed
REF006371,TXN003186,CUST04296,MER07654,,930.28,Order Cancelled,Completed
REF006372,TXN004157,CUST01120,MER03967,2024-02-19 17:23:39,10144.16,Order Cancelled,Completed
REF006373,TXN004321,CUST07762,MER08366,2024-06-08 00:00:06,44535.77,Customer Request,Completed
REF006374,TXN009957,CUST00325,UNKNOWN,2024-11-13 21:29:00,22047.3,Customer Request,Completed
REF006375,TXN004200,CUST03237,MER07982,2024-08-04 13:36:31,1565.09,Booking Cancelled,Completed
REF006376,TXN001331,CUST00761,,2024-03-14 06:38:45,157.64,Order Cancelled,Completed
REF006377,TXN009003,CUST08437,MER08690,2024-02-06 15:03:44,45739.49,Product Returned,Pending
REF006378,TXN008618,CUST00973,MER05269,2024-10-11 02:17:26,25121.15,Booking Cancelled,Pending
REF006379,TXN003232,CUST04449,MER02272,2024-01-24 10:40:30,30043.92,Product Returned,Pending
REF006380,TXN007452,CUST03256,MER04306,2024-07-20 02:12:12,1385.95,Duplicate Transaction,
REF006381,TXN008757,CUST00815,MER08916,2024-12-03 23:01:48,487.33,Order Cancelled,Completed
REF006382,TXN001465,CUST08207,MER04361,2024-02-02 11:57:54,5447.04,Booking Cancelled,Completed
REF006383,TXN007952,CUST08541,MER02288,2024-05-10 23:45:15,433.48,Product Returned,Completed
REF006384,,CUST05123,MER06060,2024-04-02 23:02:46,291.54,Order Cancelled,Completed
REF006385,TXN003983,CUST07007,MER03611,2024-05-22 19:19:44,537.82,Product Returned,Completed
REF006386,TXN007382,CUST08358,MER09716,2024-10-07 22:05:08,11747.44,Order Cancelled,Rejected
REF006387,TXN006088,CUST01674,MER03374,2024-12-13 08:47:14,1152.02,Order Cancelled,Rejected
REF006388,TXN006057,CUST04355,MER04785,2024-04-19 18:34:22,3163.68,Duplicate Transaction,Completed
REF006389,TXN007640,CUST02316,MER05848,2024-09-11 17:47:15,457.2,Order Cancelled,Completed
REF006390,UNKNOWN,CUST03538,MER08943,2024-06-02 00:17:18,19370.51,Booking Cancelled,
REF006391,TXN003551,CUST05936,MER08058,2024-10-01 21:13:56,320.41,Customer Request,Completed
REF006392,TXN008527,CUST05227,MER09518,2024-04-30 04:14:32,1849.86,Booking Cancelled,Rejected
REF006393,TXN007404,CUST09158,MER00879,2024-12-21 20:42:36,247.31,Product Returned,Completed
REF006394,TXN004592,CUST00197,MER02051,2024-02-07 13:14:07,56178.28,Product Returned,Completed
REF006395,TXN007620,CUST00057,MER02107,2024-02-26 12:57:29,14757.1,Product Returned,Completed
REF006396,TXN009716,CUST07182,MER07365,2024-10-01 23:39:40,1862.09,Duplicate Transaction,Completed
REF006397,,CUST03774,MER09712,2024-08-22 11:31:54,3857.96,Product Returned,Rejected
REF006398,TXN005663,CUST01821,MER05136,2024-03-24 04:48:05,12641.4,Duplicate Transaction,Completed
REF006399,TXN008342,CUST04076,MER02001,2024-07-22 00:08:46,944.22,Order Cancelled,Pending
REF006400,TXN006483,CUST09433,MER05709,2024-09-07 16:10:52,44507.56,Booking Cancelled,Pending
REF006401,TXN001785,CUST01026,MER02026,2024-11-29 10:22:13,18602.96,Duplicate Transaction,Completed
REF006402,TXN003895,CUST06028,MER06830,2024-03-21 06:22:47,8808.68,Booking Cancelled,Completed
REF006403,TXN007682,CUST06261,MER09172,2024-06-22 10:54:11,3244.19,Booking Cancelled,Completed
REF006404,TXN007175,CUST04792,MER08989,2024-01-13 21:23:39,7193.98,Order Cancelled,Completed
REF006405,TXN005215,CUST00011,MER08616,2024-04-26 08:08:41,770.13,Order Cancelled,Completed
REF006406,TXN007000,CUST08085,MER08910,2024-12-24 16:33:26,7079.08,Order Cancelled,Pending
REF006407,TXN000683,CUST09467,MER06197,2024-02-29 15:53:40,418.4,Booking Cancelled,Completed
REF006408,TXN000696,CUST02143,MER01016,2024-04-07 10:11:19,45.97,Customer Request,Completed
REF006409,TXN001828,CUST07337,MER01368,2024-12-04 03:11:04,428.12,Order Cancelled,Completed
REF006410,TXN000064,CUST03445,MER00588,2024-07-19 20:43:41,3568.78,Booking Cancelled,Completed
REF006411,TXN003129,CUST06211,MER06196,,98635.88,Duplicate Transaction,Completed
REF006412,TXN001140,CUST02209,MER02612,2024-03-15 08:32:22,93099.0,Product Returned,
REF006413,TXN007146,CUST01966,MER06855,2024-12-30 03:44:33,,Order Cancelled,Completed
REF006414,TXN003635,CUST00663,MER08638,2024-03-28 07:40:57,25855.72,Duplicate Transaction,Completed
REF006415,TXN009887,CUST03168,MER00083,2024-12-30 22:42:54,10021.2,Duplicate Transaction,Completed
REF006416,TXN002646,CUST08034,MER09248,2024-03-22 22:35:44,273.86,Product Returned,Completed
REF006417,TXN002659,CUST04919,MER04297,2024-11-27 23:55:59,771.17,Booking Cancelled,Completed
REF006418,TXN009515,CUST04172,MER09602,2024-12-07 16:38:44,21738.04,Booking Cancelled,Completed
REF006419,TXN004881,CUST07221,MER03957,2024-08-21 17:09:47,92197.58,Duplicate Transaction,Completed
REF006420,TXN003344,CUST01894,MER05343,2024-12-19 09:54:24,unknown,Customer Request,Completed
REF006421,TXN004305,,MER04131,2024-03-15 01:51:20,1851.75,Customer Request,Completed
REF006422,TXN002059,CUST07028,MER04574,2024-10-06 21:44:42,167.06,Order Cancelled,Completed
REF006423,TXN004040,CUST00713,MER00172,2024-03-25 01:04:08,1308.22,Booking Cancelled,Completed
REF006424,TXN008642,CUST01476,MER01708,2025-01-11 17:24:19,40045.34,Booking Cancelled,Completed
REF006425,TXN002788,CUST03348,MER02971,2024-04-11 12:07:04,56425.1,Booking Cancelled,Pending
REF006426,TXN009045,CUST08253,MER06883,2024-08-26 15:02:06,1227.68,Duplicate Transaction,Completed
REF006427,TXN005870,CUST03760,MER01646,2024-03-09 14:49:17,3198.34,Duplicate Transaction,Completed
,TXN004108,CUST01776,MER02569,2024-11-04 21:52:21,2706.04,Order Cancelled,Completed
REF006429,TXN008947,CUST01602,MER02669,2024-03-14 18:02:25,1361.03,Product Returned,Completed
REF006430,TXN006396,CUST05555,MER06927,2024-05-03 13:10:56,40020.14,Customer Request,Completed
REF006431,TXN006260,CUST07726,MER00920,2024-04-26 13:47:01,14841.24,Order Cancelled,Completed
REF006432,TXN008918,CUST08133,MER06801,2024-09-08 17:07:54,1942.36,Customer Request,Completed
REF006433,TXN009779,UNKNOWN,MER08364,2024-03-25 04:10:34,863.29,Order Cancelled,Completed
REF006434,TXN008454,CUST08237,MER06657,2024-11-02 01:11:12,990.08,Order Cancelled,Rejected
REF006435,TXN005585,CUST06374,MER03589,2024-01-22 00:37:59,13249.52,Booking Cancelled,Completed
REF006436,TXN004348,CUST07964,MER02708,2024-10-07 12:03:48,3226.4,Order Cancelled,Completed
REF006437,TXN001384,CUST00538,MER05089,2025-01-13 11:03:57,1068.17,Order Cancelled,Completed
REF006438,TXN005069,CUST09417,MER02068,2024-06-18 10:05:19,16449.22,Product Returned,Pending
REF006439,TXN006904,CUST09101,MER08668,2024-05-18 02:36:18,61.4,Duplicate Transaction,Pending
REF006440,TXN002379,CUST01458,MER04140,2025-01-02 11:10:15,17894.33,Duplicate Transaction,Pending
REF006441,TXN003862,CUST00861,MER06998,2024-11-25 10:01:48,11504.29,Duplicate Transaction,Pending
REF006442,TXN007711,CUST07616,MER07545,2024-09-23 13:46:58,996.3,Booking Cancelled,Completed
REF006443,TXN002117,CUST00644,MER09801,2024-08-26 22:27:00,4276.72,Product Returned,Rejected
REF006444,TXN008513,CUST07502,MER03918,2024-10-05 20:37:56,11534.26,Duplicate Transaction,Completed
REF006445,TXN004590,CUST02749,MER04026,2024-06-28 08:18:56,5937.78,Customer Request,Completed
REF006446,TXN007235,CUST05230,MER01180,2024-12-07 10:01:26,44090.04,Product Returned,Pending
REF006447,TXN004272,CUST02455,MER04735,2024-10-03 01:35:08,1484.12,Duplicate Transaction,Completed
REF006448,TXN003453,CUST06121,MER09227,2024-07-07 21:20:29,63873.97,Product Returned,Rejected
REF006449,TXN004664,CUST05603,MER07753,2024-09-06 04:50:05,15452.88,Booking Cancelled,Completed
REF006450,TXN000758,CUST04568,MER08011,2024-06-26 20:33:47,6594.55,Duplicate Transaction,Pending
REF006451,TXN008557,CUST08434,MER06687,2025-01-02 18:32:39,28006.07,Customer Request,Completed
REF006452,TXN009671,CUST08214,,2024-02-22 07:36:16,5612.59,Customer Request,Completed
REF006453,TXN006932,CUST07225,MER00527,2024-12-17 17:01:19,780.78,Customer Request,Completed
REF006454,TXN004555,CUST02076,MER08916,2024-11-19 12:44:02,88106.72,Duplicate Transaction,Completed
REF006455,TXN005812,CUST08045,MER05531,2024-09-26 17:22:33,83088.96,Customer Request,Completed
REF006456,TXN009368,UNKNOWN,MER00211,,18059.08,Customer Request,Completed
REF006457,TXN002994,CUST05506,MER07831,2024-09-19 19:56:07,4058.61,Order Cancelled,Completed
REF006458,TXN009892,CUST00493,MER05135,2024-08-04 17:12:53,8528.78,Customer Request,Pending
REF006459,TXN003421,CUST01340,MER07874,2024-04-14 07:27:48,1072.51,Booking Cancelled,Completed
REF006460,TXN003133,CUST03972,MER09720,2024-02-09 05:48:28,8700.27,Order Cancelled,Completed
REF006461,TXN008296,CUST07924,MER00856,2024-11-05 03:04:17,9815.96,Duplicate Transaction,Completed
REF006462,TXN004304,CUST08900,MER07785,2024-08-02 14:41:57,21493.81,Booking Cancelled,Completed
REF006463,TXN004447,CUST03970,MER09919,2024-06-19 18:49:32,20212.57,Order Cancelled,Completed
REF006464,TXN008207,CUST02698,MER01980,2024-12-29 12:53:03,391.0,Duplicate Transaction,Pending
REF006465,TXN006803,CUST07082,MER07879,2024-03-01 00:28:34,215.48,Booking Cancelled,Completed
REF006466,TXN005787,CUST03664,MER07127,2024-07-01 04:42:21,1233.39,Order Cancelled,Completed
REF006467,TXN005469,CUST08296,MER07260,2024-03-12 19:06:38,651.82,Product Returned,Completed
REF006468,TXN007851,CUST01541,MER02322,2024-02-14 06:29:06,6819.39,Product Returned,Completed
REF006469,TXN005059,CUST00403,MER05684,2024-02-01 07:53:09,3047.96,Duplicate Transaction,Pending
REF006470,TXN006160,CUST08788,MER03146,2024-01-26 04:24:23,259.04,Duplicate Transaction,Completed
REF006471,TXN004657,CUST09546,MER07836,2024-03-16 05:00:09,688.04,Order Cancelled,Completed
REF006472,TXN006688,CUST07330,MER05922,2025-01-10 20:03:13,62901.91,Booking Cancelled,Rejected
REF006473,TXN003391,CUST05137,MER01563,2024-07-22 03:53:31,9684.93,Booking Cancelled,Completed
REF006474,TXN006097,CUST00283,MER07963,2025-01-06 03:10:14,3120.95,Product Returned,Completed
REF006475,TXN003192,CUST04240,MER04973,2024-05-17 04:46:56,2075.78,Order Cancelled,Completed
REF006476,TXN002375,CUST04224,MER06628,2024-05-13 05:12:38,63216.02,Product Returned,Pending
REF006477,TXN004071,CUST08137,MER03176,2024-09-06 07:29:19,56150.47,Duplicate Transaction,Completed
REF006478,TXN000708,CUST04735,MER05533,2024-07-16 08:11:38,62010.48,Order Cancelled,Completed
REF006479,TXN001704,CUST01932,MER04395,2024-09-15 12:12:14,481.99,Product Returned,Completed
REF006480,TXN000468,CUST03910,MER01319,2024-06-26 21:54:33,93314.29,Product Returned,Completed
REF006481,TXN006307,CUST07208,MER00400,2024-03-06 22:20:09,2989.04,Order Cancelled,Pending
REF006482,TXN009380,CUST01096,MER09345,2024-06-20 15:33:42,1449.28,Booking Cancelled,Completed
REF006483,UNKNOWN,CUST02666,MER04698,2024-07-17 04:35:23,2466.98,Order Cancelled,
REF006484,TXN003631,CUST07600,MER00842,2024-12-21 21:59:01,9082.39,Product Returned,Completed
REF006485,TXN003356,CUST00605,MER06279,2024-11-27 15:21:51,9807.92,Order Cancelled,Completed
REF006486,TXN002476,CUST07047,MER08270,2024-11-25 21:09:14,1005.54,Booking Cancelled,Completed
REF006487,TXN004661,CUST03822,MER06446,2024-02-27 18:19:15,61498.56,Customer Request,Completed
REF006488,TXN008642,CUST01476,MER01708,2025-01-04 17:24:19,20022.67,Order Cancelled,Completed
REF006489,TXN001457,CUST05589,MER08667,2024-04-08 01:54:34,67.88,Booking Cancelled,Completed
REF006490,TXN001901,CUST00549,MER03962,2024-07-13 23:02:43,1574.38,Customer Request,Pending
REF006491,TXN008307,CUST00301,MER09962,2024-02-24 00:42:03,1604.82,,Completed
REF006492,TXN008846,CUST08329,MER02773,2024-10-12 11:12:58,5942.48,Order Cancelled,Pending
REF006493,TXN008121,CUST07747,MER01406,2024-02-20 22:54:18,1503.84,Product Returned,Pending
REF006494,TXN005097,CUST00214,MER06685,2024-09-14 22:46:58,11141.68,Duplicate Transaction,Completed
REF006495,TXN000847,CUST02337,MER03292,2024-04-05 12:29:15,72349.71,Booking Cancelled,Completed
REF006496,TXN009185,CUST04937,MER09406,2024-07-29 16:46:27,61778.3,Booking Cancelled,Completed
REF006497,TXN000327,CUST02481,MER03814,2024-04-11 04:31:34,513.08,Order Cancelled,Completed
REF006498,TXN007698,CUST03802,MER06421,2024-01-27 20:16:07,5101.75,Order Cancelled,Completed
REF006499,TXN003426,CUST06101,MER07351,2024-07-19 04:35:57,2024.5,Product Returned,Completed
REF006500,TXN007019,CUST07706,MER04167,2024-05-29 03:18:03,8844.19,Product Returned,Completed
REF006501,TXN009011,CUST00685,MER02659,2024-05-12 04:59:38,7377.57,Booking Cancelled,Rejected
REF006502,TXN001937,CUST04111,MER06182,2024-10-29 05:12:54,869.04,Booking Cancelled,Pending
REF006503,TXN001869,CUST06063,,2024-07-18 13:05:35,10229.07,Order Cancelled,Completed
REF006504,TXN006990,CUST04274,MER03349,2024-07-20 14:11:34,4683.77,Product Returned,Pending
REF006505,TXN006921,CUST07858,MER02388,2024-10-28 10:55:16,,Booking Cancelled,Completed
REF006506,TXN009671,CUST08214,MER08993,2024-02-15 07:36:16,unknown,Product Returned,Completed
REF006507,TXN004980,CUST05361,MER00353,19/01/2024,9856.75,Product Returned,Completed
REF006508,TXN006837,CUST00192,MER02000,2024-09-18 06:19:26,2457.65,Booking Cancelled,Completed
REF006509,TXN001157,CUST07324,MER01492,05/08/2024,7108.38,Booking Cancelled,Completed
REF006510,TXN004724,CUST01339,MER08847,2024-02-12 06:12:42,22552.2,Order Cancelled,Pending
REF006511,TXN006735,CUST05326,MER07848,2024-08-04 16:05:08,8957.65,Customer Request,Pending
REF006512,TXN000646,CUST09527,MER06329,2024-05-24 14:16:07,4666.02,Order Cancelled,Completed
REF006513,TXN009695,CUST07009,MER03928,2024-07-03 02:33:12,44455.46,Booking Cancelled,Rejected
REF006514,TXN001777,CUST01622,MER05167,2024-07-20 01:40:09,12014.56,Duplicate Transaction,Completed
REF006515,TXN004763,,MER03787,2024-11-02 06:15:19,1688.27,Product Returned,Completed
REF006516,TXN004358,CUST08095,MER08758,2024-06-01 19:16:27,21947.24,Booking Cancelled,Completed
REF006517,TXN004731,CUST07664,MER00118,2024-04-07 17:42:41,2155.62,Booking Cancelled,Completed
REF006518,TXN008612,CUST05051,MER05323,2024-01-25 14:33:35,74806.93,Booking Cancelled,Completed
REF006519,TXN002448,CUST02462,MER09380,2024-07-14 05:20:49,2603.63,Booking Cancelled,Completed
REF006520,TXN001130,CUST04622,MER00890,2024-09-14 04:35:45,2791.94,Order Cancelled,Completed
REF006521,TXN005896,CUST00911,MER04891,2024-02-03 14:17:03,72293.85,Order Cancelled,Pending
REF006522,TXN009770,CUST00798,MER07905,2024-07-10 13:36:57,,Customer Request,Pending
REF006523,TXN005787,CUST03664,MER07127,2024-07-11 04:42:21,308.35,Order Cancelled,Completed
REF006524,TXN006682,CUST04961,MER05940,2024-05-31 15:28:56,9560.34,Customer Request,Completed
REF000494,TXN008551,CUST09001,MER00951,2024-11-20 09:19:30,16197.43,Customer Request,Completed
REF006526,TXN008324,CUST07609,MER06297,2024-05-07 05:46:07,1690.9,Order Cancelled,Completed
,TXN006174,CUST04167,MER02471,2024-10-28 13:36:41,3355.67,Order Cancelled,Completed
REF006528,TXN008596,CUST05471,,2025-01-07 20:26:49,7818.22,Duplicate Transaction,Completed
REF006529,TXN004941,CUST06759,MER00855,2024-03-31 00:09:45,14174.27,Order Cancelled,Completed
REF006530,TXN004237,CUST04263,MER06365,2024-07-31 09:06:29,17619.78,Customer Request,Completed
REF006531,TXN007421,CUST01889,MER00081,2024-08-01 07:24:58,76436.13,Customer Request,Completed
REF006532,TXN006884,CUST08832,MER03493,2024-06-16 02:12:31,7912.25,Customer Request,Completed
REF006533,,CUST07214,MER03389,2024-09-27 21:31:15,446.32,Product Returned,Completed
REF006534,TXN004405,CUST03962,MER01352,2025-01-07 15:33:01,95.12,Duplicate Transaction,Pending
REF006535,TXN003709,CUST05842,MER04018,2024-04-03 10:55:13,41.88,Booking Cancelled,Completed
REF006536,TXN006845,CUST01341,MER06369,2024-06-03 08:12:41,7797.68,Booking Cancelled,Pending
REF006537,TXN004740,,MER00517,2024-06-25 06:47:54,3398.85,Booking Cancelled,Rejected
REF006538,,CUST05304,MER07658,2025-01-06 22:56:42,999.92,Order Cancelled,Pending
REF007866,TXN006841,CUST08996,MER00558,2024-07-11 07:38:11,326.12,Booking Cancelled,Completed
REF006540,TXN006115,CUST05978,MER08052,2024-02-06 05:37:15,389.52,Duplicate Transaction,Completed
REF006541,TXN006214,CUST01341,MER07230,2024-05-11 12:16:28,98790.07,Customer Request,Completed
REF006542,TXN003683,CUST01636,MER07824,2025-01-06 01:37:07,19982.48,Customer Request,Completed
REF006543,TXN008600,CUST08061,MER05793,2024-03-05 16:17:34,422.76,Customer Request,Rejected
REF006544,TXN006035,CUST00357,MER01163,2024-11-12 13:55:10,9370.66,Customer Request,Completed
REF006545,TXN006231,CUST02894,MER05308,2024-07-02 14:20:40,8699.92,Order Cancelled,Completed
REF006546,TXN004089,CUST05450,MER06528,2024-12-21 03:45:03,519.14,Order Cancelled,Completed
REF006547,TXN007974,CUST08643,MER00454,2024-06-29 21:55:55,54319.73,Order Cancelled,Completed
REF006548,,CUST07002,MER01817,2024-02-15 00:53:04,141.28,Order Cancelled,Completed
REF006549,TXN005547,CUST00215,MER00233,2024-03-03 22:46:47,20179.29,Product Returned,Completed
REF006550,TXN000748,CUST07512,,2024-02-27 20:40:19,990.9,Booking Cancelled,Completed
REF006551,TXN008220,CUST09107,MER09315,2024-02-16 19:29:29,8589.78,Order Cancelled,Completed
REF006552,TXN003371,CUST07605,MER06173,2024-01-08 19:32:10,32550.38,Order Cancelled,Pending
REF006553,TXN003098,CUST03672,MER00340,2024-10-16 18:58:38,402.94,Customer Request,Completed
REF006554,TXN003201,CUST00948,MER04640,2024-12-18 15:23:15,2301.89,Product Returned,Completed
REF006555,TXN002149,CUST00176,MER00116,2024-07-05 12:54:30,23957.88,Product Returned,Completed
REF006556,TXN006613,CUST08016,MER09072,2024-06-28 12:49:20,401.7,Order Cancelled,Completed
REF006557,TXN000111,CUST06882,MER01566,2024-02-20 12:28:17,4957.54,Order Cancelled,Completed
REF006558,TXN009336,CUST05935,MER04996,2024-04-19 21:23:37,1107.6,Duplicate Transaction,Completed
REF006559,TXN009898,CUST02649,MER03656,2024-10-24 18:31:57,23811.11,Booking Cancelled,Completed
REF006560,TXN007538,CUST02954,MER04973,2024-04-01 20:13:56,13067.5,Customer Request,Completed
REF006561,TXN001197,CUST07350,MER08252,2024-07-17 12:20:03,1375.78,Customer Request,Completed
REF006562,TXN005448,CUST04849,MER04532,2024-06-03 09:45:20,7495.49,Booking Cancelled,Completed
REF006563,TXN005059,CUST00403,MER05684,2024-01-21 07:53:09,14630.2,Customer Request,Pending
REF006564,TXN008906,CUST01963,MER04049,2024-03-29 03:02:20,647.74,Order Cancelled,Rejected
REF006565,TXN004495,CUST00201,MER08273,2024-09-18 15:50:29,489.33,Product Returned,Completed
REF006566,TXN004307,CUST01887,MER04537,2024-05-31 10:53:13,44.11,Product Returned,Pending
REF006567,,CUST09589,MER09571,2024-11-26 20:42:42,22856.75,Order Cancelled,Completed
REF006568,TXN009529,CUST09309,MER09513,2024-02-13 22:03:08,4490.33,Product Returned,Completed
REF006569,TXN004644,CUST05568,MER05426,2024-05-20 07:29:51,2386.58,Order Cancelled,Pending
REF006570,TXN007412,CUST06755,MER03303,2024-06-13 00:16:22,1372.13,Product Returned,Completed
REF006571,TXN008763,CUST08894,MER10000,2024-12-13 15:51:18,unknown,Product Returned,Pending
REF006572,TXN003041,CUST06982,MER02086,2024-05-13 21:51:36,316.96,Duplicate Transaction,Completed
REF006573,TXN003804,CUST07816,MER02302,2024-05-26 03:26:01,1898.48,Product Returned,
REF006574,TXN006448,CUST08614,MER05998,2024-05-12 15:36:50,918.97,Product Returned,Completed
REF006575,TXN009995,CUST04723,MER07865,2024-08-25 12:26:34,13471.29,Product Returned,Completed
REF006576,TXN003577,CUST09367,MER03817,2024-01-15 06:36:41,1682.36,Product Returned,Completed
REF006577,TXN000477,CUST04848,MER03470,07/03/2024,18572.93,Duplicate Transaction,Completed
REF006578,TXN002368,CUST01447,MER06753,2024-11-26 07:23:34,33815.36,Booking Cancelled,Completed
REF006579,TXN004194,CUST06198,MER04737,2024-07-27 07:31:52,99382.25,Customer Request,Completed
REF006580,TXN009785,CUST04871,MER08883,2024-04-06 13:57:02,984.73,Booking Cancelled,Completed
REF006581,TXN008192,CUST07110,MER02692,2024-11-01 06:43:17,,Order Cancelled,Completed
REF006582,TXN007344,CUST01110,MER09503,2024-02-23 11:52:33,347.84,Customer Request,Completed
REF006583,TXN008724,CUST06837,MER05719,2024-09-07 21:31:03,17619.89,Booking Cancelled,Completed
REF006584,TXN008838,CUST04263,MER03388,2024-11-09 03:07:44,4717.48,Product Returned,Completed
REF006585,TXN000037,CUST08418,MER08493,2024-12-08 15:53:38,1561.59,Duplicate Transaction,Completed
REF006586,TXN007480,CUST09059,MER07757,2024-06-22 12:38:31,4714.06,Booking Cancelled,Rejected
REF006587,TXN003533,CUST01259,MER05134,2024-07-19 04:24:06,354.1,Booking Cancelled,Completed
REF006588,TXN002559,CUST06819,MER06910,2024-02-12 15:37:35,5505.84,Product Returned,Pending
REF006589,TXN000440,CUST02666,MER04533,2024-12-08 09:28:15,3826.52,Duplicate Transaction,Completed
REF006590,TXN002495,CUST06350,MER05918,2024-09-12 01:15:25,20181.11,Order Cancelled,Completed
REF006591,TXN000359,CUST01479,MER08772,2024-03-14 13:51:29,13693.62,Order Cancelled,Pending
REF006592,TXN002393,,MER02221,2024-11-04 19:39:34,67493.27,Product Returned,Rejected
REF006593,TXN000204,CUST00625,MER04642,2024-09-29 08:57:12,39174.3,Duplicate Transaction,Completed
REF006594,TXN003005,CUST04386,MER09225,2024-06-19 18:35:50,1333.04,Product Returned,Completed
REF006595,TXN006570,CUST04466,MER03822,2024-10-22 05:11:04,16360.62,Duplicate Transaction,Completed
REF006596,TXN006708,CUST06507,MER04391,2024-05-01 11:24:11,16784.36,Product Returned,Completed
REF006597,TXN008955,CUST06141,MER06126,2024-03-30 13:58:28,2363.21,Order Cancelled,Completed
REF006598,TXN002081,CUST08440,,2024-04-28 18:15:48,30528.3,Customer Request,Pending
REF006599,TXN004050,CUST08342,MER01502,2024-01-03 09:38:20,551.58,Order Cancelled,Completed
REF006600,TXN004303,CUST09920,MER00660,2024-10-25 22:13:59,18013.08,Customer Request,Completed
REF006601,TXN003708,CUST03428,MER05657,2024-05-04 05:43:01,113.83,Customer Request,Completed
REF006602,TXN001912,CUST08448,MER09955,2024-06-24 16:07:47,778.65,Order Cancelled,Completed
REF006603,TXN008830,CUST04781,MER07960,2024-05-17 09:33:08,27813.5,Booking Cancelled,Completed
REF006604,TXN009875,CUST04549,MER02230,2024-07-30 12:24:20,15765.26,Product Returned,Rejected
REF006605,TXN000613,CUST01433,MER00074,2024-04-18 04:41:12,243.8,Order Cancelled,Completed
REF006606,TXN000701,CUST01090,MER05310,2024-08-31 10:06:02,30608.75,Customer Request,Pending
REF006607,TXN009037,CUST04483,MER05770,2024-03-26 02:06:57,1557.18,Duplicate Transaction,Pending
REF006608,TXN002347,CUST02598,MER01151,2024-07-02 17:30:03,3549.73,Duplicate Transaction,Completed
REF006609,TXN003689,CUST07677,MER07305,2024-10-19 07:55:35,640.94,Order Cancelled,Completed
REF006610,,CUST00727,MER00583,2024-08-30 01:26:35,1827.07,Order Cancelled,Completed
REF006611,TXN004726,CUST08687,MER04261,2024-11-03 21:44:52,unknown,Customer Request,Pending
REF006612,,CUST03959,MER05543,2024-11-16 12:16:45,5772.84,Booking Cancelled,Pending
REF006613,TXN007944,CUST08902,MER06593,2024-03-12 02:38:23,58158.83,Order Cancelled,Pending
REF006614,TXN006190,CUST00078,MER02313,2024-11-14 04:19:50,1984.33,Product Returned,Completed
REF006615,TXN003571,,MER09623,2025-01-01 19:21:44,372.6,Customer Request,Completed
REF006616,TXN002846,CUST05211,MER09268,2024-10-14 13:38:59,20414.28,Product Returned,Completed
REF006617,TXN003722,CUST01972,MER06235,2024-10-16 18:00:16,45795.61,Booking Cancelled,Pending
REF006618,TXN008568,CUST07816,MER03864,2024-03-24 02:33:58,1461.0,Order Cancelled,Completed
REF006619,TXN006250,CUST08016,MER04727,2024-12-01 01:22:10,2582.55,Customer Request,Completed
REF006620,,CUST01007,MER03127,2024-09-19 22:11:21,54696.84,Order Cancelled,Completed
REF006621,TXN007726,CUST09245,MER00471,2024-01-21 11:12:55,4619.86,Customer Request,Completed
REF006622,TXN000347,CUST04220,MER06987,2024-04-02 02:04:51,8710.46,Customer Request,Completed
REF006623,,CUST08422,MER02164,2024-01-29 13:30:34,13780.49,Duplicate Transaction,Completed
REF006624,TXN007774,CUST03901,MER04670,2024-05-26 23:26:26,32526.25,Booking Cancelled,Completed
REF006625,TXN008682,CUST00136,MER08508,2024-11-01 16:36:11,2726.77,Booking Cancelled,Completed
REF006626,TXN008445,CUST05569,MER04086,2024-10-04 10:37:36,56439.5,Duplicate Transaction,Pending
REF006627,TXN002985,CUST01320,MER01145,2024-05-02 11:37:19,5235.01,Order Cancelled,Completed
REF006628,TXN005836,CUST06148,MER08287,2024-03-08 01:01:49,18349.25,Order Cancelled,Completed
REF006629,TXN003870,CUST01915,MER06102,,1599.84,Booking Cancelled,Completed
REF006630,TXN003597,CUST07994,MER00440,2024-07-26 09:23:36,22090.35,Duplicate Transaction,Pending
REF006631,TXN001230,CUST07457,MER09015,2024-07-09 18:08:32,18762.23,Order Cancelled,Completed
REF006632,TXN002409,CUST00946,MER01457,2024-02-29 01:17:21,17675.42,Duplicate Transaction,Completed
REF006633,TXN008194,CUST09082,MER00749,2024-04-10 05:42:45,1961.01,Customer Request,Completed
REF006634,TXN004150,CUST02471,MER05284,2024-07-14 00:24:42,23422.46,Order Cancelled,Rejected
REF006635,TXN003053,CUST04115,MER00645,2024-07-02 19:32:43,996.94,Customer Request,Completed
REF006636,TXN005937,CUST00252,MER02147,2024-07-11 13:25:10,299.31,Customer Request,Pending
REF006637,TXN002350,CUST05258,MER04610,2024-12-21 07:07:40,67290.22,Customer Request,Pending
REF006638,TXN001137,CUST02048,MER05886,2024-03-20 12:06:12,1636.31,Order Cancelled,Completed
REF006639,TXN006119,CUST03981,MER05209,2024-10-06 20:08:03,500.75,Order Cancelled,Completed
REF006640,TXN004182,CUST09527,MER03260,2024-07-08 13:42:37,8610.51,Order Cancelled,Pending
REF006641,TXN001725,CUST01723,MER00797,2024-10-13 23:58:55,33318.88,Duplicate Transaction,Completed
REF006642,TXN004458,CUST03065,MER08118,2024-04-21 07:09:31,2080.61,Duplicate Transaction,Pending
REF006643,TXN008724,CUST06837,MER05719,2024-09-01 21:31:03,70479.56,Order Cancelled,Completed
REF006644,TXN001009,CUST09779,MER04914,2024-11-28 06:30:01,1051.29,Product Returned,Completed
REF006645,TXN002357,CUST01622,MER06236,2024-04-16 23:11:53,41184.37,Booking Cancelled,Completed
REF006646,TXN003562,CUST05126,MER01096,2024-02-24 06:16:13,,Booking Cancelled,Completed
REF006647,TXN007821,CUST09302,MER04772,2024-12-27 03:07:18,24197.11,Customer Request,Completed
REF006648,TXN008311,CUST01316,MER09282,2024-11-19 20:56:55,4939.42,Duplicate Transaction,Completed
REF006649,TXN005957,CUST09609,MER08456,2024-10-26 20:20:45,13461.26,Booking Cancelled,Pending
REF006650,TXN005287,CUST05644,MER00746,2024-06-16 12:24:23,2242.48,Customer Request,Rejected
REF006651,TXN006917,CUST00511,MER06273,2024-10-03 22:26:00,86993.04,Booking Cancelled,Pending
REF006652,TXN000054,CUST03608,MER03239,2024-04-20 05:08:25,3172.48,Product Returned,Completed
REF006653,TXN005195,CUST09407,MER07904,2024-08-30 04:30:12,2189.65,Product Returned,Completed
REF006654,TXN009058,CUST07795,MER05714,2024-06-21 16:22:10,12099.12,Order Cancelled,Completed
REF006655,TXN009636,CUST08881,MER03007,2024-02-22 17:18:44,23766.78,Duplicate Transaction,Completed
REF006656,TXN005454,CUST00800,MER06765,2024-08-24 17:38:50,53329.82,Product Returned,Pending
REF006657,TXN005913,CUST03438,MER09598,2024-04-29 20:10:15,2223.55,Product Returned,Completed
REF006658,TXN009115,CUST09438,MER02815,2024-08-03 15:23:51,10412.4,Duplicate Transaction,Pending
REF006659,TXN004422,CUST06221,MER08275,2024-10-10 11:39:14,22894.53,Duplicate Transaction,Completed
REF006660,TXN007202,CUST09882,MER03319,2024-11-07 00:19:31,17976.54,Customer Request,Completed
REF006661,TXN008131,CUST00933,MER07277,2024-04-28 03:57:16,722.37,Customer Request,Completed
REF006662,TXN008992,CUST09973,MER03927,2024-02-19 07:00:58,890.54,Booking Cancelled,Completed
REF006663,TXN009409,CUST01846,MER09447,26/06/2024,1819.59,Duplicate Transaction,Completed
REF006664,TXN006532,CUST04242,MER08788,2024-03-24 18:21:01,15893.86,Duplicate Transaction,Completed
REF006665,TXN006651,UNKNOWN,MER08204,2024-06-19 15:34:04,75321.08,Customer Request,Completed
REF006666,TXN004286,CUST05360,MER08787,2024-05-24 18:21:02,1922.07,Duplicate Transaction,Completed
REF006667,TXN006868,CUST01174,MER08139,2024-10-15 21:37:39,64021.99,Order Cancelled,Pending
REF006668,TXN008782,CUST01711,MER02871,2024-08-19 13:18:56,44887.61,Booking Cancelled,Pending
REF006669,TXN002248,CUST04549,MER09662,2024-10-18 16:03:31,122.19,Customer Request,Completed
,TXN007605,CUST01384,MER08524,2024-01-31 04:24:34,42704.39,Customer Request,Rejected
REF003726,TXN005816,,MER03925,2024-02-03 09:05:59,15115.88,Order Cancelled,Completed
REF006672,TXN007427,CUST01238,MER05927,2024-08-23 14:15:58,584.86,Order Cancelled,Completed
REF006673,TXN008657,CUST04555,MER07023,2024-10-30 22:23:58,9074.39,Order Cancelled,Completed
REF006674,TXN001002,CUST01811,MER09668,2024-08-14 19:15:59,37819.7,Booking Cancelled,Completed
REF006675,TXN009700,CUST03805,MER02919,2024-10-06 02:55:40,19944.95,Order Cancelled,Completed
REF006676,TXN001918,CUST08987,MER00575,2024-03-21 08:57:35,,Duplicate Transaction,Completed
REF006677,TXN004415,CUST09095,MER05811,2024-03-01 14:33:49,81978.19,Customer Request,Completed
REF006678,TXN009699,,MER06445,2024-11-24 10:30:39,16.12,Booking Cancelled,Completed
REF006679,TXN006421,CUST06321,MER01614,2024-11-16 03:24:01,59093.15,Order Cancelled,Pending
REF006680,TXN001347,CUST08729,MER01395,2024-09-08 23:36:02,10129.74,Duplicate Transaction,Completed
REF006049,TXN003562,CUST05126,,2024-02-28 06:16:13,18830.4,Duplicate Transaction,Completed
REF006682,,CUST07045,MER02108,2024-03-01 07:25:58,1213.11,Order Cancelled,Completed
REF006683,TXN000335,CUST09776,MER08208,2024-09-03 13:12:22,58734.67,Product Returned,Completed
REF006684,TXN000864,CUST01956,MER06801,,28692.06,Booking Cancelled,Pending
REF006685,,CUST07015,MER00205,2024-05-24 18:10:25,33.33,Order Cancelled,Completed
REF000664,TXN006275,CUST06003,MER00874,2024-03-23 10:03:55,346.88,Customer Request,Completed
REF006687,TXN002041,CUST08590,MER04411,2024-09-03 02:43:19,68980.94,Duplicate Transaction,Completed
REF006688,TXN002682,CUST00259,MER07308,2024-02-06 20:04:35,12773.94,Booking Cancelled,Pending
REF006689,TXN006543,CUST01781,MER04886,2024-01-26 14:52:23,1936.68,Customer Request,Completed
REF006690,TXN003820,CUST00523,MER00863,2024-09-18 13:25:00,51121.26,Order Cancelled,Completed
REF006691,TXN009941,CUST03127,MER07792,2024-10-23 09:57:16,56435.46,Duplicate Transaction,Completed
REF006692,TXN002109,CUST06214,MER09470,2024-06-26 15:22:39,1143.02,Duplicate Transaction,Completed
REF006693,TXN009561,CUST01305,MER07729,2024-11-13 07:34:52,36172.22,Duplicate Transaction,Completed
REF006694,TXN002786,CUST09714,MER09375,2024-05-09 12:54:16,88.76,Customer Request,Completed
REF006695,TXN001204,CUST07123,MER09846,2024-10-12 16:59:40,22427.58,Product Returned,Completed
REF006696,TXN006902,CUST07838,MER08756,2024-03-30 01:08:03,470.31,Booking Cancelled,Completed
REF006697,TXN004141,CUST02592,MER08132,2024-10-22 11:54:52,10014.26,Order Cancelled,Completed
REF006698,TXN007248,CUST08005,MER06591,24/07/2024,70735.55,Duplicate Transaction,Completed
REF006699,TXN007349,CUST05257,MER02603,2024-10-15 19:33:42,1133.02,Order Cancelled,Completed
REF006700,TXN001736,CUST00628,MER07218,,66673.97,Customer Request,Completed
REF006701,TXN007280,CUST06486,MER06186,2024-04-29 03:07:06,24208.25,Customer Request,
REF006702,TXN008575,CUST09614,MER08710,2024-07-11 16:26:28,996.61,Customer Request,Pending
REF006703,TXN007738,CUST05475,MER04607,2024-04-16 05:19:36,74.82,Customer Request,Completed
REF006704,TXN002809,CUST02090,MER01578,2024-08-04 08:53:46,7944.9,Customer Request,Completed
REF006705,TXN002318,CUST02101,MER04363,2024-08-16 02:14:45,2665.99,Product Returned,Completed
REF006706,TXN000144,CUST09937,MER08876,2024-06-22 14:22:59,235.73,Booking Cancelled,Completed
REF006707,TXN001338,CUST06757,MER06282,2024-10-13 16:03:14,96151.92,Booking Cancelled,Completed
REF006708,TXN008516,CUST01551,MER01211,2024-03-12 11:07:58,1295.6,Product Returned,Completed
REF006709,TXN001442,CUST01968,MER09610,2024-01-10 20:36:18,48697.86,Customer Request,Completed
REF006710,TXN003940,CUST02604,MER01797,2024-03-07 04:52:08,3757.26,Duplicate Transaction,Completed
REF006711,TXN000848,CUST05590,MER03786,2024-02-20 18:22:29,499.42,Order Cancelled,Completed
REF006712,TXN001037,CUST03447,MER09307,2024-12-29 23:27:08,14857.7,Order Cancelled,Pending
REF006713,TXN006287,CUST01976,MER05969,2024-01-25 23:10:43,96686.03,Customer Request,Pending
REF006714,TXN007456,CUST02558,MER02209,2024-04-18 19:49:53,9090.4,Order Cancelled,Completed
REF006715,TXN009437,CUST02654,MER01239,2024-05-03 16:03:33,118304.81,Product Returned,Pending
REF006716,TXN009286,CUST08037,MER09514,2024-12-31 11:56:46,3677.98,Booking Cancelled,Completed
REF006717,TXN005464,,MER03040,2024-10-18 21:45:35,228.23,Booking Cancelled,Pending
,TXN001875,,MER05642,2024-09-25 17:29:08,703.42,Duplicate Transaction,Completed
REF006719,TXN007520,CUST08897,MER01090,18/09/2024,39389.74,Customer Request,Completed
REF006720,TXN006012,CUST09651,,2024-11-05 23:09:38,107870.7,Order Cancelled,Pending
REF006721,TXN007085,CUST07781,MER09159,2024-10-18 20:49:14,69511.93,Booking Cancelled,Completed
REF006722,TXN002784,CUST08941,MER05939,2024-04-20 04:32:05,52072.87,Product Returned,Completed
REF006723,TXN009309,CUST02608,MER00227,2024-11-29 22:32:26,490.04,Booking Cancelled,Pending
REF006724,TXN008286,CUST09958,MER04204,2024-11-23 10:28:00,35914.14,Duplicate Transaction,Completed
REF006725,TXN001089,CUST02898,MER04046,2024-05-22 05:06:21,4173.81,Product Returned,Completed
REF006726,TXN004315,CUST05565,MER03658,2024-11-11 00:20:52,9209.42,Product Returned,Pending
REF006727,TXN009433,CUST03088,MER06500,2024-02-27 22:25:35,2003.14,Customer Request,Rejected
REF006728,TXN002779,CUST09645,MER07491,2024-08-29 16:31:02,4925.96,Order Cancelled,Rejected
REF008238,TXN000319,CUST05487,MER01893,2024-07-05 10:41:51,10600.03,Customer Request,
REF006730,TXN004552,CUST05583,MER04329,2024-04-17 08:52:52,10205.71,Product Returned,Completed
REF006731,TXN000822,CUST01646,MER03942,2024-07-19 16:19:39,40688.84,Order Cancelled,Pending
REF006732,,CUST03522,MER02976,2024-06-27 10:47:31,577.78,Customer Request,Completed
REF006733,TXN002962,CUST08272,MER01731,2024-03-31 09:59:27,1787.67,Customer Request,Completed
REF006734,TXN003204,CUST05299,MER04636,2024-06-15 20:05:40,174.64,Product Returned,Completed
REF006735,TXN000872,CUST06199,MER00685,2024-08-29 08:41:07,17827.48,Booking Cancelled,Completed
REF006736,TXN009202,CUST05645,MER02084,2024-10-20 04:35:17,335.38,Product Returned,Completed
REF006737,TXN003206,CUST00153,MER01621,2024-09-28 03:11:09,13419.89,Product Returned,Completed
REF006738,TXN009990,CUST06719,MER02993,2024-04-05 15:40:17,18937.34,Customer Request,Completed
REF006739,TXN002763,CUST04729,MER00030,2024-11-12 05:17:19,3476.75,Booking Cancelled,Pending
REF006740,TXN004901,CUST09703,MER04459,2024-06-29 00:53:22,18495.21,Booking Cancelled,Completed
REF006741,TXN002136,CUST09683,MER01345,2024-06-10 04:23:34,22574.33,Customer Request,Completed
REF006742,TXN002904,CUST07424,MER06578,2025-01-01 07:30:43,6101.36,Duplicate Transaction,Completed
REF006743,TXN000074,CUST01294,MER06666,2024-02-21 17:25:47,768.09,Duplicate Transaction,Completed
REF006744,TXN001230,CUST07457,MER09015,2024-07-31 18:08:32,15635.19,Product Returned,Completed
REF006745,TXN009786,CUST02944,MER02144,2024-04-03 10:03:23,2508.78,,Rejected
REF006746,TXN006662,CUST00185,,2024-12-28 00:50:32,883.49,Customer Request,Completed
REF006747,TXN002840,CUST06011,MER04699,2024-06-20 13:26:13,13346.09,Product Returned,Completed
REF006748,TXN000498,CUST05726,MER08017,2024-03-08 18:57:16,5852.76,Customer Request,Completed
REF006749,TXN003684,CUST08579,MER03315,2025-01-25 16:06:57,826.67,Duplicate Transaction,Completed
REF006750,TXN000638,CUST05965,MER02829,2024-05-26 16:13:22,17963.78,Duplicate Transaction,Rejected
REF006751,TXN001704,CUST01932,MER04395,2024-09-09 12:12:14,2313.55,Booking Cancelled,Pending
REF006752,TXN009375,CUST03570,MER09031,2024-08-24 12:49:45,8388.28,Duplicate Transaction,
REF006753,TXN009006,CUST08904,MER05412,2024-10-06 00:19:58,1549.59,Booking Cancelled,Completed
REF006754,TXN009564,CUST07038,MER07148,2024-03-17 04:52:58,1800.98,Order Cancelled,Completed
REF006755,TXN006383,CUST00883,MER00157,2024-10-14 15:33:12,37029.07,Duplicate Transaction,Completed
REF006756,TXN008607,CUST06590,MER07538,2024-02-06 09:02:50,23210.98,Customer Request,Completed
REF006757,TXN003128,CUST07735,MER01077,2024-09-04 05:38:37,1154.1,Booking Cancelled,Pending
REF006758,TXN007786,CUST06262,MER02993,2024-09-05 02:20:23,118432.54,Order Cancelled,Completed
REF006759,TXN006447,CUST03398,MER04231,2024-05-31 16:26:18,240.46,Product Returned,Rejected
,TXN001334,CUST03279,MER02505,2024-07-08 13:16:17,36725.16,Product Returned,Rejected
REF006761,TXN006559,CUST05992,MER00718,2024-04-07 12:07:57,2323.26,Product Returned,Completed
REF006762,TXN002279,CUST06172,MER01720,2024-07-26 18:54:30,78319.8,Booking Cancelled,Completed
REF006763,TXN009690,CUST02591,MER05472,2024-04-19 01:29:58,806.43,Order Cancelled,Pending
REF006764,TXN007241,CUST03492,MER06909,2024-12-25 04:10:04,116261.17,Order Cancelled,Completed
REF006765,TXN006891,CUST05547,MER05666,2024-05-28 19:40:38,113258.27,Customer Request,Pending
REF006766,TXN003710,CUST02937,MER09741,2024-11-15 20:18:39,1982.27,Customer Request,Pending
REF006767,TXN008050,CUST09304,MER06565,2024-06-15 03:17:54,57736.15,Product Returned,Completed
REF006768,TXN004336,CUST05383,MER05619,2024-11-24 08:22:17,72139.43,Product Returned,Completed
REF006769,TXN009146,CUST05505,MER04260,2024-12-06 14:25:24,875.43,Product Returned,Pending
REF006770,TXN000376,CUST00823,MER00264,2024-02-23 00:52:12,11092.62,Product Returned,Completed
REF006771,TXN004778,CUST03156,MER05764,2024-10-05 00:17:29,979.01,Product Returned,Rejected
REF006772,TXN004571,CUST06444,MER02963,2024-12-15 15:18:16,13444.6,Order Cancelled,Completed
REF006773,TXN009933,,MER07844,2024-05-22 14:21:44,1107.74,Duplicate Transaction,Completed
REF006774,TXN004409,CUST00572,MER05690,,95.42,Customer Request,Completed
REF006775,UNKNOWN,CUST08646,MER07540,2025-01-24 04:24:34,532.41,Customer Request,Pending
REF006776,TXN001545,CUST00237,MER00613,2024-11-24 15:28:31,41201.18,Duplicate Transaction,Completed
REF006777,,CUST05349,MER09870,2024-03-01 20:55:35,29853.08,Booking Cancelled,Completed
REF006778,TXN003479,CUST05701,MER03898,2024-12-24 23:54:34,15572.65,Booking Cancelled,Completed
REF006779,TXN004378,CUST04314,MER06223,2025-01-04 22:47:48,1587.4,Duplicate Transaction,Completed
REF006780,TXN008329,CUST04020,MER00512,2024-07-13 08:14:14,2878.89,Product Returned,Completed
REF006781,TXN007176,CUST05299,MER00851,2024-08-15 23:42:40,1270.58,Order Cancelled,Completed
REF006782,TXN009455,CUST00268,MER03567,2024-01-25 21:36:56,14557.97,Customer Request,Completed
REF006783,TXN005824,CUST09311,MER09976,2024-01-27 12:15:13,4434.12,Duplicate Transaction,Pending
REF006784,TXN009607,CUST06152,MER09830,2024-08-16 08:08:07,69.28,Order Cancelled,Completed
REF006785,TXN006259,CUST01244,MER04538,2024-08-18 16:10:16,4260.46,Duplicate Transaction,Pending
REF006786,TXN007580,CUST09226,MER07441,2024-04-14 21:10:51,237.37,Booking Cancelled,Completed
REF006787,TXN009084,CUST02719,MER09029,2024-11-20 10:12:02,425.46,Product Returned,Completed
REF006788,TXN000797,CUST06195,MER07255,2024-04-10 12:17:35,44646.85,Booking Cancelled,Pending
REF006789,TXN008399,CUST06914,MER02219,2024-03-20 09:57:11,5279.34,Product Returned,Pending
REF006790,TXN003514,CUST02625,MER09127,2024-03-19 19:58:00,4635.89,Customer Request,Rejected
REF006791,TXN001204,CUST07123,,2024-10-03 16:59:40,22427.58,Duplicate Transaction,Pending
REF006792,TXN009655,CUST02676,MER03525,2024-08-11 00:14:11,600.66,Duplicate Transaction,Completed
REF006793,TXN005057,CUST08845,MER04541,2024-10-07 15:36:10,30251.2,,Completed
REF006794,UNKNOWN,CUST07483,MER06982,2024-04-13 18:02:26,952.74,Booking Cancelled,Pending
REF006795,TXN000109,CUST05611,MER03131,2024-01-27 22:54:01,308.82,Booking Cancelled,Rejected
REF006796,TXN003490,CUST09980,MER06592,2024-10-02 16:16:02,971.85,Product Returned,Pending
REF006797,TXN005576,CUST00574,MER02119,2024-05-27 16:55:47,3419.41,Order Cancelled,Pending
REF006798,TXN006946,CUST07235,MER06568,2024-09-13 04:09:49,10692.14,Product Returned,Pending
REF006799,TXN000260,CUST00647,MER02101,2024-05-31 18:00:14,268.32,Duplicate Transaction,Completed
REF006800,TXN001127,CUST04237,MER09587,2024-12-30 00:33:29,2868.37,Duplicate Transaction,Pending
REF006801,TXN002447,CUST08447,MER08920,2024-06-27 00:41:39,2214.38,Product Returned,Completed
REF006802,TXN007684,CUST06613,MER01693,2024-05-14 06:35:14,10787.1,Customer Request,Rejected
REF006803,TXN003116,CUST08782,MER01434,2024-09-30 06:06:21,11836.13,Product Returned,Rejected
REF006804,TXN003018,CUST01623,MER04957,2024-11-17 11:09:20,8878.56,Duplicate Transaction,Pending
REF006805,TXN004026,CUST04143,MER03542,2024-08-01 13:08:55,14896.31,Customer Request,Completed
REF006806,TXN005876,CUST03868,MER08222,2024-05-21 12:01:06,563.41,Booking Cancelled,Completed
REF006807,TXN008239,CUST00984,MER07023,2024-05-11 22:27:04,1184.8,Booking Cancelled,Pending
REF006808,TXN007416,CUST09653,,2024-01-13 19:49:21,588.19,Customer Request,Completed
REF006809,TXN005164,CUST08722,MER04596,2025-01-04 06:00:46,24230.88,Duplicate Transaction,Pending
REF006810,TXN007724,CUST05137,MER02670,2024-03-28 23:29:01,867.92,Booking Cancelled,Completed
REF006811,TXN005093,CUST09522,MER06342,22/07/2024,,Product Returned,Completed
REF006812,TXN004567,CUST05787,MER04939,2024-08-31 14:21:00,4313.3,Booking Cancelled,Completed
REF006813,TXN007817,CUST03621,MER03379,2024-11-19 14:58:33,5949.22,Product Returned,Completed
REF006814,TXN002626,CUST02345,MER06561,2024-05-09 07:53:05,76263.4,Order Cancelled,Completed
REF006815,TXN000924,CUST01577,MER08055,2024-07-09 14:17:30,32062.06,Product Returned,Rejected
REF006816,TXN001570,CUST01076,MER07521,2024-07-08 17:38:04,988.62,Duplicate Transaction,Completed
REF006817,TXN007424,CUST01332,MER03095,2024-06-25 07:50:31,1726.62,Booking Cancelled,Completed
REF006818,TXN008449,CUST06063,MER04364,2024-04-25 07:23:54,32045.5,Duplicate Transaction,Pending
REF006819,TXN005235,CUST06615,MER02816,2024-07-26 09:41:29,269.58,Duplicate Transaction,Completed
REF006820,TXN005452,CUST04080,MER01717,2024-12-11 14:47:14,910.99,Product Returned,Completed
REF006821,TXN001457,UNKNOWN,MER08667,2024-04-04 01:54:34,67.88,Order Cancelled,Completed
REF006822,TXN007117,CUST08643,MER01287,07/01/2024,11908.01,Booking Cancelled,Completed
REF006823,TXN003947,CUST03399,MER04165,2024-02-15 22:27:53,15648.29,Duplicate Transaction,Rejected
REF006824,TXN007424,CUST01332,MER03095,2024-06-15 07:50:31,1726.62,Duplicate Transaction,Completed
REF006825,TXN000519,CUST00564,MER00960,2024-08-18 01:08:28,24495.83,Order Cancelled,Completed
REF006826,TXN009321,CUST00135,MER09234,2024-05-24 21:05:17,541.0,Booking Cancelled,Rejected
REF006827,TXN008024,,MER04829,2024-10-29 13:13:17,92.55,Duplicate Transaction,Pending
REF006828,TXN003542,,MER08941,2024-08-02 07:04:33,16070.32,Order Cancelled,Completed
REF006829,TXN003680,CUST09631,MER01119,2024-07-19 23:34:01,21701.38,Booking Cancelled,Completed
REF006830,TXN002462,CUST06336,MER03039,2024-06-05 08:53:18,3489.13,Customer Request,Completed
REF006831,TXN006676,CUST00282,MER04178,2024-05-20 07:18:22,5612.97,Duplicate Transaction,Rejected
REF006832,TXN008217,CUST05484,MER06695,2024-07-25 08:48:37,73504.22,Order Cancelled,Completed
REF006833,TXN001465,CUST08207,MER04361,2024-01-24 11:57:54,5447.04,Duplicate Transaction,Completed
REF006834,TXN008704,CUST09056,MER03787,2024-11-28 06:14:58,51484.88,Duplicate Transaction,Pending
REF006835,TXN003990,CUST01569,MER04917,2024-12-25 18:02:23,1393.59,Customer Request,Completed
REF006836,TXN007542,CUST00355,MER05825,2024-06-30 12:23:30,58812.47,Duplicate Transaction,Completed
REF006837,TXN004731,CUST07664,MER00118,2024-04-01 17:42:41,5173.49,Duplicate Transaction,Completed
REF006838,TXN009045,CUST08253,MER06883,2024-09-03 15:02:06,1227.68,,Completed
REF006839,TXN007582,CUST07621,MER06338,2024-04-09 18:25:30,896.63,Booking Cancelled,Completed
REF006840,TXN002170,CUST02045,MER05966,2024-12-20 15:14:45,2993.35,Duplicate Transaction,Completed
REF006841,TXN000190,CUST04219,MER06787,,8978.52,Order Cancelled,Completed
REF006842,TXN002725,CUST03197,MER06924,2024-04-20 01:09:59,82029.75,Booking Cancelled,Completed
REF006843,TXN005647,CUST08385,MER05628,2024-12-06 10:11:47,1269.34,,Rejected
REF006844,TXN009405,CUST01494,MER05147,2024-06-19 23:57:09,591.7,Product Returned,Completed
REF006845,TXN000645,CUST04696,MER08347,2024-01-25 18:30:42,1273.55,Product Returned,Completed
REF006846,TXN000628,CUST09592,MER00773,2024-09-18 20:20:15,428.91,Booking Cancelled,Rejected
REF006847,TXN005048,CUST04723,MER07906,2024-06-24 08:57:13,1850.92,Duplicate Transaction,Completed
REF006848,TXN008418,CUST08583,MER00314,2024-08-30 15:54:30,327.56,Booking Cancelled,Completed
REF006849,TXN007346,,MER01825,2024-11-17 01:22:50,23967.36,Order Cancelled,Rejected
REF006850,TXN007532,CUST03497,MER09470,2024-11-19 14:39:25,19545.63,Duplicate Transaction,Completed
REF006851,TXN002713,CUST05755,MER00396,2024-10-05 01:39:22,1403.82,Duplicate Transaction,Completed
REF006852,TXN008863,CUST08319,MER09054,2024-06-15 07:23:55,33262.6,Duplicate Transaction,Completed
REF006853,TXN005070,CUST01070,MER03755,,105.27,Booking Cancelled,Completed
REF006854,TXN006175,CUST02468,MER01930,2024-03-09 02:34:48,11699.5,Customer Request,Pending
REF006855,TXN000987,CUST07237,MER03544,2024-05-03 07:08:03,4001.6,Duplicate Transaction,Pending
REF006856,TXN004265,CUST07497,MER09044,2024-09-05 05:50:15,73748.93,Customer Request,Completed
REF006857,TXN003576,CUST05347,MER09814,2024-05-25 17:10:31,2565.18,Duplicate Transaction,Completed
REF006858,TXN004041,CUST08372,MER02738,2024-01-24 04:20:36,1026.29,Product Returned,Completed
REF006859,TXN009918,CUST05892,MER06738,2024-11-22 15:39:36,2134.61,Order Cancelled,Rejected
REF006860,,CUST04102,MER03943,,207.52,Product Returned,Completed
REF006861,TXN004768,CUST01462,MER01021,2025-01-01 04:27:39,2565.47,,Completed
REF006862,TXN005918,CUST01855,MER07350,2024-08-06 10:04:56,265.58,Booking Cancelled,Completed
REF006863,TXN008664,CUST02338,MER03202,2024-12-17 06:25:47,622.43,Duplicate Transaction,Completed
REF006864,TXN008289,CUST02895,MER02706,2024-12-04 06:35:54,715.13,Product Returned,Pending
REF006865,TXN001121,CUST03230,MER05186,2024-03-15 14:13:36,7685.58,Order Cancelled,Rejected
REF006866,TXN004331,UNKNOWN,MER03291,2024-03-10 04:00:17,1073.87,Duplicate Transaction,Completed
REF006867,TXN007030,CUST01153,MER05270,2024-02-01 22:05:19,330.66,Product Returned,Completed
REF006868,TXN007425,CUST00372,MER07864,2024-03-02 11:08:31,2354.33,Customer Request,Completed
REF006869,TXN006403,,MER04385,2024-02-18 09:23:14,263.7,Customer Request,Pending
REF006870,TXN004789,CUST03272,MER01032,2024-05-10 22:37:33,3857.7,Duplicate Transaction,Pending
REF006871,TXN007777,CUST07328,MER08515,2024-05-24 12:07:02,673.09,Order Cancelled,Completed
REF006872,TXN000534,CUST01087,MER08174,2024-06-02 12:12:11,1634.22,Duplicate Transaction,Completed
REF006873,TXN004541,CUST06115,MER05917,2024-03-18 08:47:09,31782.44,Order Cancelled,Completed
REF006874,TXN008673,CUST02805,MER01760,2024-05-17 19:22:16,7666.06,Customer Request,Completed
REF006875,TXN004369,CUST09857,MER04847,2024-02-24 13:04:00,36295.94,Order Cancelled,Completed
REF006876,TXN002933,CUST00722,MER01480,2024-12-09 10:44:47,2934.66,Product Returned,Completed
REF006877,TXN002397,CUST00999,MER04653,2024-05-01 00:59:27,1953.48,Order Cancelled,Completed
REF006878,TXN007094,CUST07072,MER02322,2024-04-24 19:46:45,714.38,Order Cancelled,Completed
REF006879,TXN000958,CUST05797,MER02301,2024-05-01 02:30:51,322.44,Customer Request,Completed
REF006880,TXN002904,CUST07424,MER06578,2024-12-29 07:30:43,6101.36,Customer Request,Completed
REF006881,TXN004908,CUST07557,MER04954,2024-07-24 19:06:32,530.54,Duplicate Transaction,Completed
REF006882,TXN008167,CUST04132,MER02615,2024-07-28 01:28:41,50119.22,Order Cancelled,Pending
REF006883,TXN005716,CUST09384,MER09946,2024-02-07 16:00:30,397.68,Product Returned,Completed
REF006884,TXN004161,CUST00497,MER08418,2024-11-05 13:02:00,176.86,Product Returned,Completed
REF006885,TXN007375,CUST05199,MER07031,2024-12-06 04:50:41,106265.24,Order Cancelled,Completed
REF006886,TXN002567,CUST00953,MER09199,2024-08-21 13:38:51,144.48,Order Cancelled,Completed
REF006887,TXN003440,CUST07286,MER06465,2024-10-23 17:03:57,19385.07,Product Returned,Completed
REF006888,TXN009831,CUST00794,MER08387,2024-04-03 21:04:45,79580.15,,Completed
REF006889,TXN008046,CUST02173,MER08600,2024-12-07 16:21:57,3275.08,Customer Request,Completed
REF006890,TXN009319,CUST00347,MER00506,,58298.82,Customer Request,Completed
REF006891,TXN006525,CUST01180,MER04633,2024-07-13 04:32:25,unknown,Product Returned,Completed
REF006892,TXN002159,CUST03863,MER08646,2024-12-14 19:32:13,4863.7,Order Cancelled,Pending
REF006893,TXN009458,CUST08779,MER07203,2024-08-19 22:12:56,13524.7,Product Returned,Completed
REF006894,TXN005622,CUST05883,MER08761,2024-03-23 17:17:03,3013.73,Customer Request,Completed
REF005737,TXN004502,CUST09595,MER08105,2024-03-11 20:09:27,13438.27,Duplicate Transaction,Completed
REF006896,TXN008143,CUST02610,MER07143,2024-06-15 22:08:23,1698.08,Booking Cancelled,Pending
REF006897,TXN000707,CUST02779,MER09915,2024-12-26 04:33:55,1919.37,Booking Cancelled,Rejected
REF006898,TXN007531,CUST04802,MER04428,2024-06-16 03:47:37,964.1,Booking Cancelled,Completed
REF006899,TXN004093,CUST04811,MER07457,2024-05-31 16:09:44,2085.06,Booking Cancelled,Completed
REF006900,TXN004473,CUST04871,MER03676,2024-07-08 00:42:37,65644.71,Booking Cancelled,Completed
REF006901,TXN000258,CUST07897,MER07416,2024-06-15 03:49:29,unknown,Order Cancelled,Completed
REF006902,TXN002933,CUST00722,MER01480,2024-12-20 10:44:47,5869.32,Booking Cancelled,Completed
REF006903,TXN006514,CUST07193,MER07649,2024-10-20 08:27:03,1272.74,Booking Cancelled,Completed
REF006904,TXN007787,CUST03554,MER08973,2024-02-29 06:36:57,84542.34,Duplicate Transaction,Completed
,TXN000206,CUST04061,MER08880,2024-02-10 03:38:39,557.02,Product Returned,Completed
REF006906,TXN006185,CUST05461,MER09323,2024-11-27 13:39:22,677.84,Product Returned,Completed
REF006907,TXN009011,CUST00685,MER02659,2024-05-01 04:59:38,1844.39,Product Returned,Completed
REF006908,TXN002579,CUST00624,MER09251,2024-06-30 23:27:28,29083.01,Product Returned,Completed
REF006909,TXN001456,CUST04846,MER08277,2025-01-24 09:06:48,1375.3,Product Returned,Completed
REF006910,TXN000706,CUST04916,MER01392,2024-03-12 15:48:49,4575.41,Duplicate Transaction,Completed
REF006911,TXN006702,CUST08410,MER05576,2024-11-25 01:49:29,292.68,Duplicate Transaction,Completed
REF006912,TXN004439,CUST05161,MER06941,2024-12-11 19:13:41,64851.26,Customer Request,Completed
REF006913,TXN002000,CUST02765,MER09135,2024-11-02 05:10:24,323.04,Booking Cancelled,Completed
REF006914,TXN007530,CUST05916,MER00009,2024-10-21 08:00:52,859.45,Order Cancelled,Completed
REF006915,TXN003477,CUST00721,MER02358,2024-01-21 07:08:52,11710.35,Customer Request,Rejected
REF006916,TXN009235,CUST06903,MER07252,2024-09-11 10:15:01,3393.93,Booking Cancelled,Completed
REF006917,TXN004621,CUST04442,MER01317,2024-02-12 18:54:48,2269.32,Customer Request,Completed
REF006918,TXN009122,CUST07110,MER00963,2024-06-28 04:06:24,101288.21,Duplicate Transaction,Rejected
REF006919,TXN000007,CUST05050,MER05760,2024-06-20 05:19:16,27255.72,Product Returned,Completed
REF006920,,CUST04120,MER09677,2025-01-12 13:12:41,unknown,Booking Cancelled,Completed
REF006921,TXN005836,CUST06148,MER08287,2024-03-22 01:01:49,18349.25,Booking Cancelled,Completed
REF006922,TXN005434,CUST01149,MER04379,2024-01-21 16:59:45,2008.79,Booking Cancelled,Completed
REF006923,TXN004554,CUST08105,MER01426,2024-08-06 10:56:54,1816.52,Duplicate Transaction,Completed
REF006924,TXN005627,CUST08517,MER01241,2024-06-17 05:22:48,57848.78,Customer Request,Completed
REF006925,TXN003300,CUST03573,MER00683,2024-02-14 07:39:40,204.64,Order Cancelled,Pending
REF007722,TXN008169,CUST04293,MER08565,2024-01-26 03:11:07,6635.08,Duplicate Transaction,Completed
REF006927,TXN004022,CUST03358,MER00766,2024-03-15 20:23:00,464.77,Customer Request,Completed
REF000452,TXN000673,CUST09100,MER09529,2024-07-07 08:03:14,unknown,Customer Request,Completed
REF006929,TXN004902,CUST09678,MER04010,2024-12-03 17:42:17,19292.72,Order Cancelled,Completed
REF006930,TXN007281,CUST04667,MER09913,2024-07-22 15:00:21,665.54,Order Cancelled,
REF006931,TXN004979,CUST06848,MER00915,2024-04-16 13:03:38,23904.85,Order Cancelled,Pending
,TXN004719,CUST05396,MER03295,2024-07-08 09:45:55,931.34,Product Returned,Completed
REF006933,TXN006329,CUST09788,MER04434,2024-02-27 19:33:09,1810.65,Booking Cancelled,
REF006934,TXN001693,CUST06752,MER06197,2024-06-28 03:30:46,709.96,Duplicate Transaction,Completed
REF006935,TXN000116,CUST06064,MER05901,2024-09-07 10:42:53,4316.42,Product Returned,Pending
REF006936,TXN009554,CUST06837,MER03410,2025-01-07 08:22:35,249.04,Booking Cancelled,Rejected
REF006937,TXN006202,CUST02304,MER09371,2024-06-19 22:03:54,78.93,Duplicate Transaction,Completed
REF006938,TXN003424,CUST04504,MER04121,2024-01-22 23:17:20,2875.25,Duplicate Transaction,Completed
REF006939,TXN001671,CUST06555,MER08909,2024-05-02 08:20:20,263.94,Product Returned,Completed
REF006940,TXN006366,,UNKNOWN,2024-04-28 13:14:50,41.72,Customer Request,Completed
REF006941,TXN008799,CUST00392,MER02823,2024-10-24 09:07:33,,Order Cancelled,Completed
REF006942,TXN003778,CUST09439,MER01706,2024-09-27 13:53:27,63642.17,Product Returned,Completed
REF006943,TXN009950,CUST02098,MER00726,2024-11-24 12:07:47,816.18,Duplicate Transaction,Completed
REF006944,TXN005848,CUST06097,MER08187,2024-11-19 13:02:40,30609.27,Booking Cancelled,Completed
REF006945,TXN004166,CUST03090,MER04172,2024-07-27 11:16:17,6338.4,Booking Cancelled,Pending
REF006946,TXN003621,CUST07902,UNKNOWN,2024-02-20 14:41:45,47744.5,Customer Request,Completed
REF006947,TXN009517,CUST09061,MER01862,2024-12-30 02:15:43,3337.68,Booking Cancelled,Completed
REF005613,TXN008883,CUST01619,MER06116,2024-04-02 22:18:50,17649.63,Customer Request,Completed
REF006949,TXN008079,CUST02096,MER03458,2024-04-15 11:27:48,5971.74,Product Returned,Completed
REF006950,TXN003772,CUST03164,MER02060,2024-04-06 21:24:47,466.39,,Pending
REF006951,TXN002648,CUST08067,MER06242,2024-07-24 23:50:05,73614.96,Booking Cancelled,Pending
REF006352,TXN006321,CUST07629,MER03581,2024-11-10 07:21:19,6097.86,Order Cancelled,Completed
REF006953,TXN003164,CUST08605,MER06217,2025-01-02 12:06:49,52707.27,Product Returned,Completed
REF006954,TXN002781,CUST06947,MER07754,03/09/2024,17103.71,Customer Request,Completed
REF006955,TXN002318,CUST02101,MER04363,2024-08-25 02:14:45,2665.99,Customer Request,Completed
REF006956,TXN007189,CUST06636,MER07726,2024-04-20 07:30:41,9706.14,Booking Cancelled,Completed
REF006957,TXN009206,CUST09872,MER03161,2024-08-23 14:35:47,21546.11,Customer Request,Pending
REF006958,TXN001612,CUST04016,MER09672,2024-12-20 10:51:13,5910.3,Duplicate Transaction,Completed
REF006959,,CUST00834,MER05906,2024-02-29 04:05:42,3948.01,Booking Cancelled,Completed
REF006960,TXN006221,CUST01128,MER02566,2024-10-30 17:19:23,16260.25,Customer Request,Completed
REF006823,TXN003947,CUST03399,MER04165,2024-02-15 22:27:53,15648.29,Duplicate Transaction,Rejected
REF006962,TXN006521,CUST09438,MER00470,2024-11-07 20:29:19,3294.78,Product Returned,Completed
REF006963,TXN005615,CUST02909,MER07645,2024-04-12 20:40:13,100357.72,Customer Request,Rejected
REF006964,TXN005657,CUST05861,MER04336,2024-04-27 16:41:26,2817.36,Booking Cancelled,Completed
REF006965,TXN005287,CUST05644,MER00746,2024-06-21 12:24:23,2242.48,Order Cancelled,Completed
REF006966,TXN004756,CUST05546,MER03454,2025-01-17 10:07:11,19016.62,Booking Cancelled,Completed
REF006967,TXN005016,CUST03807,MER07516,2025-01-14 15:17:23,70109.24,Duplicate Transaction,Completed
REF006968,TXN005569,CUST07632,MER05379,2024-03-23 23:37:20,24100.62,Duplicate Transaction,Completed
REF006969,TXN004803,CUST06390,MER06125,2024-05-08 18:25:47,35805.11,Booking Cancelled,Completed
REF006970,TXN004383,CUST08308,MER06103,2024-07-09 01:44:40,184.88,Customer Request,Completed
REF006971,TXN005864,CUST04340,MER04205,2024-03-22 13:27:00,44247.4,Duplicate Transaction,Pending
REF006972,TXN004126,CUST02394,MER06674,2025-01-08 18:34:42,2911.19,Customer Request,Completed
,TXN008840,CUST09593,MER00389,2024-09-19 04:20:10,748.46,Customer Request,Pending
REF006974,TXN003388,CUST06382,MER04554,2024-01-25 14:56:50,2526.36,Booking Cancelled,Completed
REF006975,TXN005369,CUST05915,MER09250,2024-10-18 14:16:04,7621.7,Order Cancelled,Completed
REF006976,TXN000184,CUST02188,MER08534,2024-09-09 05:09:37,5856.02,Customer Request,Pending
REF006977,TXN003935,CUST02589,MER05608,2024-06-21 13:39:24,43127.61,Product Returned,Pending
REF006978,TXN006383,CUST00883,MER00157,2024-10-24 15:33:12,37029.07,Duplicate Transaction,Completed
REF006979,TXN007540,CUST02857,MER06407,2024-05-03 05:13:15,19059.37,Customer Request,Completed
REF006980,TXN004414,CUST05187,MER00887,2025-01-02 13:16:35,49773.19,Booking Cancelled,Pending
REF006981,TXN006011,CUST08752,MER08838,2024-01-24 15:05:22,929.8,Product Returned,Pending
REF006982,TXN001903,CUST08906,MER06341,2024-06-06 00:04:05,,Customer Request,Completed
REF006983,TXN001856,CUST02960,MER06807,2024-07-06 06:43:03,17127.4,Order Cancelled,Completed
REF006984,TXN008553,CUST04352,MER05160,2024-11-17 19:16:47,1625.22,Booking Cancelled,Completed
REF006985,TXN008076,CUST01827,MER00954,2024-12-30 19:45:05,1813.87,Booking Cancelled,Completed
REF006986,TXN000971,CUST00385,MER02324,2025-01-22 12:22:05,2357.6,Order Cancelled,Rejected
REF006987,TXN007683,CUST08792,MER02120,2024-07-06 06:23:34,81970.36,Booking Cancelled,Rejected
REF006988,TXN000438,CUST06814,MER05360,2024-02-15 12:46:12,5743.86,Product Returned,Completed
REF006989,TXN007798,CUST06030,MER06470,2024-12-16 07:47:09,94058.88,Order Cancelled,Completed
REF006990,TXN003301,CUST09861,MER05625,2024-06-11 00:53:18,64.15,Order Cancelled,Pending
REF006991,TXN003010,CUST02872,MER04052,2024-04-03 05:43:47,13043.95,Product Returned,Completed
REF006992,TXN003354,CUST04478,MER08990,2024-04-11 00:59:22,850.7,Order Cancelled,Completed
REF006993,TXN000357,CUST00919,MER04177,2024-07-03 16:30:31,19524.22,Customer Request,Completed
REF006994,TXN001180,CUST03158,MER07079,2025-01-11 14:19:03,660.01,Booking Cancelled,Completed
REF006995,TXN004986,CUST07260,MER03046,2024-09-18 17:13:30,3520.64,Duplicate Transaction,Completed
REF006996,TXN006373,CUST05142,MER09957,2024-07-29 09:59:40,632.17,Customer Request,Rejected
REF006997,TXN002794,CUST07048,MER07958,2024-03-08 13:33:29,3980.29,Booking Cancelled,Completed
REF006998,TXN008714,CUST04073,MER01685,2024-05-07 19:29:08,66039.78,Product Returned,Completed
REF006999,TXN005928,CUST07818,,2024-12-07 12:08:37,358.54,Booking Cancelled,Completed
REF007000,TXN009653,,MER01848,2024-03-30 11:49:16,97194.81,Product Returned,Completed
REF007001,TXN003908,CUST04535,MER03757,2024-12-29 21:27:07,545.57,Booking Cancelled,Completed
REF007002,TXN007188,CUST03654,MER02110,2024-02-02 03:02:17,1489.95,Order Cancelled,Rejected
REF007003,TXN005417,CUST03225,MER02974,2024-11-07 01:20:03,91.16,Order Cancelled,Pending
REF007004,TXN009283,CUST04084,MER03878,2024-11-06 19:20:13,1789.52,Booking Cancelled,Completed
REF007005,TXN005616,CUST01984,MER00237,2024-10-21 22:50:22,1025.15,Booking Cancelled,Completed
REF007006,TXN007938,CUST06068,MER08880,2024-12-23 20:55:01,5371.38,Product Returned,Pending
REF007007,TXN003916,CUST05916,MER01450,2024-06-21 05:10:58,328.93,Product Returned,Completed
REF007008,TXN004091,CUST04865,MER01345,2024-08-03 06:26:43,48213.22,Duplicate Transaction,Pending
REF007009,TXN004857,CUST01924,MER07883,2024-09-14 00:57:02,49762.44,Duplicate Transaction,Completed
REF007010,TXN009294,CUST09662,MER00177,2024-02-25 21:39:47,1261.97,Order Cancelled,Completed
REF007011,TXN004506,CUST02558,MER08018,2024-11-14 23:25:58,4677.46,Product Returned,Completed
REF007012,TXN006896,CUST02387,MER01896,2024-10-24 12:24:12,3760.76,Booking Cancelled,Rejected
REF007013,TXN006330,CUST07570,MER08918,2024-08-11 23:17:07,7689.65,Booking Cancelled,Rejected
REF007014,TXN007906,CUST04378,MER09233,2024-12-10 19:02:55,unknown,Product Returned,Completed
REF007015,TXN000183,CUST04851,MER02179,2024-08-10 20:25:52,60.94,Order Cancelled,Completed
REF007016,TXN006536,CUST06555,MER05860,2024-05-09 13:25:06,10489.2,Order Cancelled,Rejected
REF007017,TXN003072,CUST09617,MER00308,2024-02-05 09:08:05,12725.57,Booking Cancelled,Completed
REF007018,TXN008951,CUST06172,MER04149,2024-04-21 08:52:57,9614.91,Product Returned,Completed
REF007019,TXN006497,CUST00856,MER01870,2024-07-08 02:01:57,,Product Returned,Completed
REF007020,TXN006591,CUST08866,MER03042,2024-06-30 17:16:46,40572.38,Order Cancelled,Pending
REF007021,TXN004057,CUST07012,MER05829,2024-08-09 00:41:00,47359.21,Duplicate Transaction,Pending
REF007022,TXN007068,CUST08711,MER05030,2024-11-19 04:37:02,306.93,Order Cancelled,Completed
REF007023,TXN006802,CUST01581,MER02176,2024-05-27 09:23:47,1382.84,Customer Request,Pending
REF007024,TXN002257,CUST04861,MER00796,2024-03-01 12:51:16,7340.39,Booking Cancelled,Completed
REF007025,TXN009105,CUST09854,,2024-08-29 15:21:05,478.57,Duplicate Transaction,Pending
REF007026,TXN005924,CUST05438,MER04627,2024-12-04 05:03:52,14818.57,Order Cancelled,Completed
REF007027,TXN004781,CUST00670,MER06215,2024-03-06 07:35:54,31457.54,Duplicate Transaction,Completed
REF007028,TXN004055,,MER01026,2024-06-05 07:36:03,1426.6,Customer Request,Completed
REF007029,TXN007848,CUST06801,MER03914,2024-01-25 10:24:31,26695.17,Order Cancelled,Completed
REF007030,TXN003519,CUST06134,MER09318,2024-06-02 17:48:11,58037.37,Booking Cancelled,Completed
REF007031,,,MER06620,2024-04-01 00:10:32,1733.53,Product Returned,Completed
REF007032,TXN001493,CUST00305,MER04167,2024-02-14 00:35:29,33820.25,Customer Request,Rejected
REF007033,TXN001887,CUST07167,,26/01/2024,40332.09,Customer Request,Rejected
REF007034,TXN003953,CUST06710,MER04529,2024-02-10 14:14:13,6049.06,Product Returned,Rejected
REF007035,TXN004292,CUST09944,MER03219,2024-09-19 01:16:37,10118.52,Customer Request,Completed
REF007036,TXN008816,CUST04719,MER06074,2024-03-22 16:12:50,9770.9,Booking Cancelled,Completed
REF007037,TXN005349,CUST03399,MER08035,2024-10-03 18:51:04,,Order Cancelled,
REF007038,TXN002522,CUST07844,MER06559,2025-01-21 14:17:36,7328.38,Customer Request,Completed
REF008931,TXN007408,CUST09422,MER05733,2024-07-22 19:33:23,13292.06,Duplicate Transaction,Completed
REF007040,TXN003064,CUST03045,MER05212,2024-01-30 23:04:21,4652.1,Booking Cancelled,Completed
REF007041,TXN000649,CUST05644,MER01952,2025-01-06 17:18:50,18748.43,Booking Cancelled,Rejected
REF007042,TXN000251,CUST07087,MER06778,2024-06-15 06:35:15,256.11,Product Returned,Completed
REF007043,TXN005787,CUST03664,MER07127,2024-07-21 04:42:21,1233.39,Order Cancelled,Completed
REF007044,TXN000764,CUST03413,MER07403,2024-07-18 02:27:14,56012.08,Product Returned,Completed
REF007045,TXN001473,CUST09156,,2024-06-30 01:19:41,30975.47,Booking Cancelled,Completed
REF007046,UNKNOWN,CUST00771,MER00974,,74151.15,Booking Cancelled,Completed
REF007047,TXN009293,CUST01724,MER08450,2024-01-08 04:46:03,7554.08,Customer Request,Pending
REF007048,TXN006188,CUST07149,MER07718,2024-07-16 12:52:29,426.64,Booking Cancelled,Pending
REF007049,TXN006079,CUST00468,MER02770,2024-04-16 08:25:18,13973.7,Customer Request,Completed
REF007050,TXN003819,CUST08288,MER05068,2024-11-23 14:23:29,26852.84,Customer Request,Pending
REF007051,UNKNOWN,CUST03330,MER00132,2024-12-28 22:09:42,5237.9,Product Returned,Completed
REF007052,TXN008985,CUST07689,MER05583,2024-09-30 12:44:37,2670.69,Customer Request,Rejected
REF007053,TXN003233,CUST05981,MER07051,2024-10-18 23:01:34,134.74,Booking Cancelled,Completed
REF007054,TXN001704,CUST01932,MER04395,2024-09-06 12:12:14,481.99,Booking Cancelled,Completed
REF007055,TXN009479,CUST06823,MER05029,2025-01-02 13:43:26,6670.59,Order Cancelled,Completed
REF007056,TXN006531,CUST07357,MER01006,2024-09-05 14:55:58,1177.75,,Pending
REF007057,,CUST01468,MER04661,2024-08-04 02:48:43,60317.1,,Rejected
REF007058,,CUST00135,MER07600,2024-09-01 16:01:22,15056.05,Customer Request,Completed
REF007059,TXN006418,CUST01164,MER07261,2024-02-11 18:13:54,74528.41,Order Cancelled,Rejected
REF007060,TXN007545,CUST03921,MER03372,2024-09-07 11:40:17,587.44,Booking Cancelled,Pending
REF007061,TXN004081,CUST07223,MER05565,2024-10-27 03:00:19,7593.37,Customer Request,Completed
REF007062,TXN008979,CUST08669,MER04102,2024-04-17 12:07:04,16610.66,Product Returned,Pending
REF007063,TXN002761,CUST04437,MER04464,2024-08-23 15:29:27,78897.59,Customer Request,Completed
REF007064,TXN004379,CUST03060,MER06783,2024-06-17 21:08:43,140.53,Order Cancelled,Pending
REF007065,TXN007016,CUST02224,MER08573,2024-04-04 23:12:52,75060.23,Customer Request,Pending
REF007066,TXN007749,CUST01670,MER09789,2024-08-02 20:21:15,17.38,Product Returned,Completed
REF007067,TXN009379,CUST04322,MER01344,2024-01-28 07:47:51,19030.12,Order Cancelled,Completed
REF007068,TXN009391,CUST08017,MER06148,2024-06-24 12:16:37,19781.36,Order Cancelled,Rejected
REF007069,TXN006712,CUST06650,MER05703,2024-09-23 03:43:05,116197.69,Customer Request,Pending
REF007070,UNKNOWN,CUST01234,MER09936,2024-05-13 02:54:37,48741.3,Product Returned,Pending
REF007071,TXN003976,CUST07876,MER06965,2024-04-04 19:05:27,14495.14,Duplicate Transaction,Completed
REF007072,TXN001396,CUST09817,MER05374,2024-11-06 23:05:23,6142.16,Duplicate Transaction,Completed
REF007073,TXN000713,CUST03955,MER06611,2024-11-11 20:51:50,987.95,Duplicate Transaction,Pending
REF007074,TXN009779,CUST06646,MER08364,2024-04-09 04:10:34,215.82,Order Cancelled,Completed
REF007075,TXN003698,CUST08730,MER05684,2024-10-22 07:45:27,15249.13,Customer Request,Completed
REF007076,TXN004920,CUST05866,MER09049,2024-08-21 16:33:22,475.45,Booking Cancelled,Completed
REF007077,TXN002424,CUST06143,,2024-07-18 11:23:57,5349.39,Order Cancelled,Completed
REF007078,TXN004737,CUST06816,MER04806,2024-02-27 03:51:14,18356.52,Customer Request,Completed
REF007079,TXN006911,CUST08450,MER07586,2024-12-06 12:09:21,14205.77,Customer Request,Completed
REF007080,TXN003957,CUST09118,,2024-02-25 22:46:04,8940.5,Order Cancelled,Completed
REF007081,TXN003693,CUST00682,MER09971,2024-10-02 14:50:58,2143.08,Duplicate Transaction,Rejected
REF007082,TXN005958,CUST08856,MER08195,2024-10-30 10:32:55,5210.46,Duplicate Transaction,Rejected
REF007083,TXN009943,CUST05029,,2024-08-19 12:51:22,246.27,Product Returned,Completed
REF007084,TXN008444,CUST00318,MER04312,2024-10-21 14:40:13,420.86,Product Returned,Completed
REF007085,TXN004763,CUST09013,MER03787,2024-10-08 06:15:19,703.44,Duplicate Transaction,Rejected
REF007086,TXN005396,CUST08665,MER09624,2024-04-26 20:22:02,943.56,Order Cancelled,Completed
REF007087,TXN000912,,MER06247,2024-05-12 14:51:12,9080.33,Booking Cancelled,Pending
REF007088,TXN009550,CUST07901,MER09170,2024-09-27 00:58:31,17769.44,Customer Request,Completed
REF007089,TXN006995,CUST03853,MER01516,2024-10-19 12:37:31,21097.02,Booking Cancelled,Rejected
REF007090,TXN002158,CUST01510,MER02646,2025-01-04 16:33:56,45872.1,Product Returned,Completed
REF007091,TXN006557,,MER06829,2024-09-02 14:29:17,889.75,Customer Request,Pending
REF007092,TXN000883,CUST05369,MER00108,2024-08-08 06:00:23,6097.95,Customer Request,Completed
REF007093,TXN009052,CUST09221,MER08273,2024-12-31 06:26:26,789.17,Order Cancelled,Rejected
REF007094,TXN002567,CUST00953,MER09199,2024-08-17 13:38:51,693.52,Customer Request,Completed
REF007095,TXN005456,CUST09945,MER03453,2024-04-12 11:55:14,4874.85,Duplicate Transaction,Completed
REF007096,TXN009847,CUST02116,MER01873,2024-09-02 15:43:28,38316.64,Duplicate Transaction,Completed
REF007097,TXN009413,CUST05093,MER05315,2024-12-25 02:05:30,815.08,Order Cancelled,Pending
REF007098,TXN009960,CUST07649,MER05119,2024-06-04 15:05:27,16322.24,Duplicate Transaction,Completed
REF007099,TXN004247,CUST09964,MER05729,2024-07-03 01:29:24,241.81,Duplicate Transaction,Completed
REF007100,TXN007039,CUST03346,MER00848,2024-08-04 13:39:35,1417.92,Booking Cancelled,Completed
REF007101,TXN007009,CUST05257,MER04098,2024-08-19 11:50:55,5467.51,Duplicate Transaction,Pending
REF007102,TXN001803,CUST06601,MER08049,2024-08-12 18:31:31,93377.06,Customer Request,Pending
REF007103,TXN001806,CUST05651,MER04695,2024-10-12 21:24:29,307.8,Duplicate Transaction,Completed
REF007104,TXN007884,CUST03538,MER08943,2024-06-18 00:17:18,38741.02,Duplicate Transaction,Rejected
REF007105,TXN008184,CUST01428,MER07559,2024-12-05 19:51:23,107357.64,Order Cancelled,Completed
REF007106,TXN005406,CUST01828,MER06112,2024-10-22 09:22:13,173.95,Booking Cancelled,
REF007107,TXN007124,CUST08370,MER08571,2024-11-19 14:06:02,16407.67,Order Cancelled,Completed
REF007108,TXN009694,CUST04742,MER07168,2024-06-02 19:42:06,12301.85,Customer Request,Completed
REF007109,TXN005116,CUST02154,,2024-10-19 00:30:30,26177.46,Duplicate Transaction,Completed
REF007110,TXN005213,CUST09064,MER08873,2024-04-19 20:27:27,5558.67,Booking Cancelled,Completed
REF007111,TXN000503,CUST03419,MER04540,2024-08-06 19:19:26,17171.13,Booking Cancelled,Completed
REF007112,TXN004188,CUST08119,,2024-02-23 04:01:35,1812.3,Booking Cancelled,Completed
REF007113,TXN008157,CUST05320,MER04034,2024-08-27 04:41:37,12590.5,Product Returned,Completed
REF007114,TXN001063,CUST05635,MER00090,2024-02-01 23:56:48,1805.8,Product Returned,Completed
REF007115,TXN006467,CUST07214,,2024-10-03 15:29:44,99711.88,Product Returned,Completed
REF007116,TXN002757,CUST01394,MER00483,2024-05-17 07:29:19,66663.4,Customer Request,Completed
REF007117,TXN007478,CUST08087,MER06686,2024-11-13 00:34:33,16216.54,Order Cancelled,Completed
REF007118,TXN005399,CUST00479,MER09783,2024-10-05 00:01:05,77766.34,Product Returned,Pending
REF007119,TXN003565,CUST03340,MER00464,2024-11-10 20:27:00,23222.26,Booking Cancelled,Completed
REF007120,TXN003815,CUST02035,MER08842,2024-12-31 04:00:33,17225.36,Duplicate Transaction,Rejected
REF007121,TXN002629,CUST04530,MER09397,2024-05-25 22:09:14,1550.88,Customer Request,Completed
REF007122,TXN007333,CUST01489,MER07944,2024-11-19 22:25:12,297.82,Order Cancelled,Completed
REF007123,TXN006765,CUST07485,MER03141,2024-03-13 18:22:55,4745.48,Order Cancelled,Completed
REF007124,TXN005534,CUST09770,MER00657,2025-01-09 16:34:37,13029.46,Order Cancelled,Completed
REF007125,TXN005367,CUST06450,MER06875,2024-03-21 14:35:48,9502.1,Duplicate Transaction,Completed
REF007126,TXN008792,,MER00090,2024-03-28 17:08:32,96274.72,Booking Cancelled,Completed
REF007127,TXN005226,CUST08955,MER06438,2024-03-05 09:16:08,,Order Cancelled,Completed
REF007128,TXN005678,CUST06361,MER09458,2024-05-22 04:22:03,9279.52,Order Cancelled,Completed
REF007129,TXN009770,CUST00798,MER07905,2024-07-06 13:36:57,1456.92,Duplicate Transaction,Completed
REF007130,TXN003274,CUST05966,MER09528,2025-01-15 02:43:32,39786.0,Order Cancelled,Pending
REF007131,TXN001451,CUST04110,MER09040,2024-08-10 21:38:51,99004.22,Booking Cancelled,Rejected
REF007132,TXN000657,CUST01369,MER07294,2024-04-05 19:55:13,85621.23,Booking Cancelled,Completed
REF007133,TXN008151,CUST09047,MER04228,2024-02-07 06:19:42,17409.87,Order Cancelled,Rejected
REF007134,TXN006826,CUST09129,,2024-04-14 05:44:38,415.46,Order Cancelled,Completed
REF007135,TXN003728,CUST02772,MER09967,2024-07-27 02:14:29,24248.61,Booking Cancelled,Completed
REF007136,TXN001380,CUST06149,MER07894,2024-05-16 19:05:48,90002.78,Order Cancelled,Completed
REF007137,TXN003628,CUST07983,MER05412,2024-01-02 16:55:33,,Booking Cancelled,Pending
REF007138,TXN001426,CUST07026,MER08641,2024-08-02 21:29:31,73947.21,Duplicate Transaction,Completed
REF007139,TXN007067,CUST05115,MER03298,2024-12-10 01:13:48,104649.14,Order Cancelled,Completed
REF007140,TXN008870,CUST04360,MER03404,2024-12-16 12:08:19,78035.58,Duplicate Transaction,Completed
REF007141,TXN001148,CUST03573,MER08807,2024-03-04 12:07:42,85710.14,Booking Cancelled,Completed
REF007142,TXN000916,CUST06947,MER05124,2024-04-21 05:39:17,8587.7,Booking Cancelled,Pending
REF007143,TXN003331,CUST04526,MER00861,2024-03-12 20:53:03,242.89,Product Returned,Completed
REF007144,TXN005425,CUST02120,MER05063,2024-07-12 15:42:18,52905.66,Duplicate Transaction,Completed
REF007145,TXN006111,CUST03910,MER01289,2024-06-30 07:46:16,2112.39,Customer Request,Pending
REF007146,TXN009096,CUST01665,MER08714,2024-10-11 08:40:57,22502.32,Duplicate Transaction,Completed
REF007147,TXN009321,CUST00135,MER09234,2024-05-31 21:05:17,1298.4,Customer Request,Pending
REF007148,TXN009527,CUST07653,MER08203,2024-06-01 07:51:08,1653.25,Duplicate Transaction,Pending
REF007149,TXN008727,CUST03791,MER06725,2024-08-20 04:57:19,11226.09,Booking Cancelled,Pending
REF007150,TXN004146,CUST02309,MER00924,2024-07-06 16:41:44,78681.09,Product Returned,Pending
REF007151,TXN009395,CUST03063,MER06597,2024-02-12 05:14:30,312.86,Product Returned,Completed
REF007152,TXN002012,CUST09359,MER07770,2024-11-14 06:37:02,660.39,Booking Cancelled,Completed
REF007153,TXN007051,CUST01959,MER02264,2024-01-30 09:26:05,820.93,Product Returned,Completed
REF007154,TXN006978,CUST09845,MER05745,2024-08-04 08:39:14,2076.74,Customer Request,Pending
REF007155,TXN004697,CUST09441,MER03867,2024-03-02 06:36:40,7156.21,Product Returned,Completed
REF007156,TXN004678,CUST00488,MER07105,2024-05-22 22:13:39,55698.68,Order Cancelled,Pending
REF007157,TXN001573,CUST05616,MER02727,2024-05-21 14:47:42,15641.56,Order Cancelled,Completed
REF007158,TXN009139,CUST08218,MER00388,2024-08-02 20:30:53,32817.72,Customer Request,Completed
REF007159,TXN004212,CUST04778,MER03459,2024-04-07 04:35:45,49057.62,Product Returned,Completed
REF007160,TXN006566,CUST02178,MER05746,2024-11-18 15:30:25,32317.22,Customer Request,Completed
REF007161,TXN008913,CUST00885,MER09141,2024-09-18 08:22:08,44165.96,Order Cancelled,Completed
REF007162,TXN002681,CUST07175,MER09479,2024-01-21 22:18:47,,Duplicate Transaction,Completed
REF007163,TXN001490,CUST06999,MER04067,2024-04-13 10:06:49,16916.89,Booking Cancelled,Completed
REF007164,TXN008429,,MER06552,2024-04-10 11:24:35,1630.4,,Completed
REF007165,TXN000302,CUST04972,MER01567,2024-11-19 12:09:07,9679.92,Customer Request,Pending
REF007166,TXN005107,CUST03715,MER04043,2024-12-20 03:22:39,426.33,Duplicate Transaction,Completed
REF007167,TXN000374,CUST01308,MER06848,2024-10-25 11:44:59,201.01,Customer Request,Completed
REF007168,TXN008884,CUST06311,MER02515,2024-12-04 19:56:12,4124.71,Product Returned,Pending
REF007169,TXN003500,CUST03542,MER09927,2024-12-11 17:13:48,6621.55,Customer Request,Completed
REF007170,TXN004680,CUST01807,MER08741,2024-03-21 17:10:17,2175.41,Booking Cancelled,Completed
REF007171,TXN005362,CUST02443,MER02293,2024-05-30 08:38:43,21401.98,Customer Request,Completed
REF007172,TXN003357,CUST07173,MER08167,2024-08-12 22:02:52,,Duplicate Transaction,Completed
REF007173,TXN000588,CUST09100,MER04314,2024-12-17 18:00:17,404.48,Product Returned,Completed
REF007174,TXN003903,CUST05660,MER03030,2024-10-17 18:59:58,5044.0,Order Cancelled,Completed
REF007175,TXN008975,CUST02983,MER02154,2024-02-02 06:39:49,67423.08,Booking Cancelled,Completed
REF007176,TXN001488,CUST07935,MER06190,2024-01-30 01:17:22,110758.93,Order Cancelled,Completed
REF007177,TXN005449,CUST05962,MER09010,2024-05-17 16:29:15,16342.64,Product Returned,Pending
REF007178,TXN009355,CUST00479,MER04256,2024-02-02 22:12:45,10422.43,Booking Cancelled,Completed
REF007179,TXN005290,CUST02476,MER06644,2024-03-01 00:36:16,9340.68,Product Returned,Rejected
REF004860,TXN002630,CUST09172,MER02999,2024-07-03 13:00:04,83128.28,Duplicate Transaction,Completed
REF007181,TXN009034,CUST08908,MER04559,2024-02-07 03:55:37,4175.6,Booking Cancelled,Completed
REF007182,TXN009065,CUST04755,MER05226,2024-12-26 19:52:49,612.98,Booking Cancelled,Completed
REF007183,TXN003402,CUST04037,MER06257,2024-04-21 08:46:54,986.13,,
REF007184,TXN006708,CUST06507,MER04391,2024-04-20 11:24:11,67137.42,Order Cancelled,Completed
REF007185,,CUST02491,MER04679,2024-12-20 22:09:23,21400.02,Product Returned,Completed
REF007186,TXN007348,CUST00570,MER01522,2024-05-27 14:27:45,15341.16,Booking Cancelled,Pending
REF007187,TXN006643,CUST04538,MER02972,2024-06-09 06:18:24,93004.95,Order Cancelled,Pending
REF007188,TXN003213,CUST04084,MER07469,2024-05-28 10:31:25,373.19,,Completed
REF007189,TXN007125,CUST02134,MER01256,2024-08-03 12:49:16,,Order Cancelled,Completed
REF007190,TXN005947,CUST02765,MER06458,2024-12-17 23:09:51,910.43,Order Cancelled,Rejected
REF007191,TXN002011,CUST04081,MER07982,2024-05-22 03:28:15,,Order Cancelled,Completed
REF007192,TXN009584,CUST04469,MER09624,2024-01-20 05:51:51,42201.02,Customer Request,Rejected
REF007193,TXN007570,CUST06713,,2024-05-21 06:57:38,1456.89,Product Returned,Completed
REF007194,TXN009535,CUST09353,MER09800,2024-12-12 13:02:33,82370.2,Duplicate Transaction,Pending
REF007195,TXN007032,CUST09293,MER06193,2024-09-11 20:33:12,30852.8,Order Cancelled,Pending
REF007196,TXN000057,CUST07825,MER09381,2024-02-15 09:22:25,1628.76,Product Returned,Completed
REF007197,TXN002989,CUST00974,MER07261,2024-05-10 07:13:51,47373.55,Duplicate Transaction,Completed
REF002609,TXN007750,CUST04121,MER07140,2024-10-20 07:19:40,3172.88,Booking Cancelled,Completed
REF007199,TXN005227,CUST07448,MER09362,2024-06-23 03:58:57,18379.1,Booking Cancelled,Completed
REF007200,TXN007508,UNKNOWN,MER01610,2024-09-03 15:36:02,12069.93,Customer Request,Completed
REF007201,TXN003040,CUST09533,MER01564,2024-08-15 08:55:08,19707.14,Customer Request,Completed
REF007202,TXN004802,CUST04794,MER04969,2024-01-24 03:10:45,54.61,Booking Cancelled,Pending
REF007203,TXN004492,CUST02566,MER05279,2024-12-15 17:18:58,33904.14,Customer Request,Completed
REF007204,TXN008054,CUST08845,MER08255,2024-09-06 05:14:31,125.58,Customer Request,Pending
REF007205,TXN002298,CUST08133,MER00915,2024-07-09 10:33:18,7537.97,Booking Cancelled,Completed
REF007206,TXN007192,CUST01536,MER03543,2024-10-16 14:22:18,,Order Cancelled,Completed
REF007207,TXN005408,CUST07398,MER09406,2024-12-22 19:58:54,1615.55,Customer Request,Completed
REF007208,TXN009478,CUST02637,MER08458,2024-06-09 08:56:45,1393.61,Booking Cancelled,Completed
REF007209,TXN008587,CUST05469,MER05314,2024-09-24 07:38:13,71442.68,Product Returned,Completed
REF007210,TXN001450,CUST06596,MER09703,2024-11-30 10:36:59,5868.04,Duplicate Transaction,Completed
REF007211,TXN007719,CUST05237,MER05543,2024-09-16 22:18:11,95558.75,Booking Cancelled,Completed
REF007212,TXN003567,CUST03887,MER02011,2024-06-21 20:51:31,299.04,Customer Request,Pending
REF007213,TXN005334,CUST05662,MER02741,2024-11-18 09:33:33,84.42,Customer Request,Completed
REF007214,TXN005872,CUST06151,MER00512,2024-07-06 11:45:54,1342.72,Order Cancelled,Completed
REF007215,TXN009993,CUST03401,MER09604,2024-12-07 21:43:36,7760.12,Order Cancelled,Completed
REF007216,TXN001791,CUST05209,MER01283,2024-01-16 21:49:04,40794.01,Product Returned,Completed
REF007217,TXN009914,CUST03593,MER08013,2024-10-09 03:40:11,12839.11,Duplicate Transaction,Pending
REF007218,TXN005993,CUST07480,MER03221,2024-07-18 04:03:52,20491.35,Booking Cancelled,Pending
REF007219,TXN009122,CUST07110,MER00963,2024-06-26 04:06:24,84406.84,Booking Cancelled,Completed
REF007220,TXN004135,CUST09065,MER00750,2024-12-28 06:28:33,17851.33,,Completed
REF007221,TXN004601,CUST03682,MER06693,2024-02-25 11:29:35,208.76,Product Returned,Pending
REF007222,TXN001670,CUST03065,MER02146,2024-04-26 01:53:57,25636.56,Product Returned,Completed
REF007223,TXN006000,,MER05351,2024-06-09 16:00:40,16208.13,Duplicate Transaction,Completed
REF007224,TXN008806,CUST06164,MER05766,2024-08-01 19:04:38,1941.67,Booking Cancelled,Pending
REF007225,TXN000249,CUST03974,MER02698,2024-07-01 21:39:37,4563.51,Duplicate Transaction,Completed
REF007226,TXN007735,CUST02977,MER01780,2025-01-06 20:42:38,150.93,Duplicate Transaction,Completed
REF007227,TXN002037,CUST08088,UNKNOWN,2024-10-05 09:56:59,,Product Returned,Completed
REF007228,TXN006796,CUST00614,MER06783,2024-11-17 12:58:00,145.42,Customer Request,Completed
REF007229,TXN004292,CUST09944,MER03219,2024-08-28 01:16:37,10118.52,Product Returned,Completed
REF007230,TXN005788,CUST05385,MER09181,05/02/2024,6157.17,Duplicate Transaction,Completed
REF007231,TXN005649,CUST07645,MER02374,2024-01-23 11:39:48,1985.2,Customer Request,Completed
REF007232,TXN006296,CUST06900,MER06349,2024-03-15 00:36:00,87872.85,Booking Cancelled,Rejected
REF007233,TXN003771,CUST07120,MER02303,2024-11-06 06:45:24,65897.69,Customer Request,Completed
REF007234,TXN003891,CUST00878,MER03400,2024-07-06 01:13:05,1923.54,Booking Cancelled,Completed
REF007235,TXN002706,CUST08812,MER07771,2024-10-08 22:42:31,35027.36,Customer Request,Completed
REF007236,TXN009488,CUST09964,MER04800,2024-11-17 14:42:46,13906.38,Product Returned,Completed
REF007237,TXN001880,CUST03047,MER05085,2024-12-23 04:12:00,200.57,Product Returned,Completed
REF007238,TXN002450,CUST08275,MER00281,2024-02-21 17:33:40,13971.51,Order Cancelled,Completed
REF007239,TXN003846,CUST01323,MER00759,2024-10-25 06:15:53,59171.55,Product Returned,Completed
REF007240,TXN004559,CUST01145,MER06371,2024-11-11 02:36:53,,Duplicate Transaction,Completed
REF007241,TXN008844,CUST06832,MER08057,2024-08-23 13:58:21,850.78,Order Cancelled,Pending
REF007242,TXN009757,CUST00306,MER09652,2024-08-03 12:02:45,1870.52,Booking Cancelled,Completed
REF007243,,CUST04193,MER02506,2024-03-17 23:05:51,15038.7,Booking Cancelled,Completed
REF007244,TXN009626,CUST09994,MER06539,2024-02-06 15:23:46,15115.32,Customer Request,Pending
REF007245,TXN007604,UNKNOWN,MER08417,2024-06-18 11:46:16,24206.46,Customer Request,Completed
REF007246,TXN000230,CUST09954,MER07850,2024-02-22 02:40:56,76689.13,Booking Cancelled,Completed
REF007247,TXN003970,CUST09831,MER06798,2024-11-12 23:43:07,14151.03,Duplicate Transaction,Completed
REF006893,TXN009458,CUST08779,MER07203,2024-08-19 22:12:56,13524.7,Product Returned,Completed
REF007249,TXN002520,CUST00565,MER08271,2024-05-31 06:28:24,76477.4,Duplicate Transaction,Completed
REF007250,TXN004136,CUST06574,MER04129,2024-02-15 19:03:50,24070.09,Customer Request,Completed
REF007251,TXN007270,CUST07545,MER08398,2024-06-21 09:29:10,4093.48,Order Cancelled,Completed
REF007252,TXN004450,CUST07478,MER07343,2024-02-21 05:09:53,92006.66,Order Cancelled,Completed
REF007253,TXN002136,CUST09683,MER01345,2024-06-10 04:23:34,18811.94,Booking Cancelled,Pending
REF007254,TXN007609,CUST03660,MER01103,2024-06-06 16:53:04,486.36,Product Returned,Pending
REF007255,TXN006736,CUST03092,MER04748,2024-08-01 21:37:50,589.18,Order Cancelled,Pending
REF007256,TXN004945,CUST03748,MER01525,2024-02-11 11:47:50,2296.02,Order Cancelled,Completed
REF007257,TXN002980,CUST01668,MER07016,2024-12-29 20:53:33,12507.37,Product Returned,Pending
REF007258,TXN009280,CUST06962,MER05287,2024-09-02 19:51:02,3796.77,Duplicate Transaction,Completed
REF007259,TXN006014,CUST06184,MER02890,2024-07-17 08:36:51,428.22,Product Returned,Completed
REF007260,TXN003699,CUST06039,MER08047,2024-08-13 05:08:25,9753.08,Booking Cancelled,Completed
REF007261,TXN008769,CUST05644,MER07687,2024-05-16 17:30:35,13235.65,Duplicate Transaction,Completed
REF007262,TXN005615,CUST02909,MER07645,2024-04-05 20:40:13,83631.43,,Pending
REF007263,TXN003493,CUST04044,MER07047,2024-12-05 09:42:08,88861.37,Booking Cancelled,Rejected
REF007264,TXN009024,CUST01098,MER00352,2024-10-01 18:16:57,895.21,Order Cancelled,Completed
REF007265,TXN007293,CUST03524,MER03356,2024-11-25 15:13:58,9522.4,Duplicate Transaction,Completed
REF007266,TXN003546,CUST00211,MER07879,2024-06-07 16:48:57,58676.55,Booking Cancelled,Completed
REF007267,TXN009766,CUST06306,MER05911,2024-12-09 19:55:27,824.69,Customer Request,Rejected
REF007268,TXN001838,CUST02440,MER06112,2024-02-29 20:08:18,2949.39,Product Returned,Completed
REF007269,TXN004799,CUST04630,MER08844,2024-08-22 18:13:56,13123.22,Booking Cancelled,
REF007270,TXN003017,CUST09978,MER09635,2024-08-21 02:11:52,9951.0,Duplicate Transaction,Pending
REF007271,TXN003850,CUST08234,MER03770,2024-03-29 02:53:54,2154.5,Duplicate Transaction,Completed
REF007272,TXN003378,CUST03471,MER01823,2024-06-29 00:52:10,87157.15,Customer Request,Rejected
REF007273,TXN000313,CUST02746,MER04010,2024-09-28 03:29:37,13309.21,Order Cancelled,Completed
REF007274,TXN004211,CUST06843,MER09340,2024-06-06 13:32:27,85042.82,Product Returned,Pending
REF007275,TXN006074,CUST05986,MER03203,2024-01-23 07:38:18,1982.58,Customer Request,Completed
REF007276,TXN005227,CUST07448,MER09362,2024-06-25 03:58:57,3828.98,Duplicate Transaction,Pending
REF007277,TXN004155,CUST04222,MER02075,2024-10-13 13:45:01,969.08,Booking Cancelled,Completed
REF007278,TXN003896,CUST06658,MER00076,2024-03-03 08:20:30,532.35,Customer Request,Completed
REF007279,TXN002063,CUST01255,MER01300,2024-12-05 13:23:17,63540.1,Duplicate Transaction,Completed
REF007280,TXN005496,CUST05183,MER05472,2024-12-17 14:51:59,41590.25,Order Cancelled,Completed
REF007281,TXN001827,CUST03684,MER05014,2024-04-08 00:39:27,21166.13,Booking Cancelled,Completed
REF007282,TXN006631,CUST08672,MER07703,2024-05-23 22:28:01,9280.04,Product Returned,Completed
REF007283,TXN009982,CUST06196,MER06528,2024-02-13 02:11:33,68857.97,Product Returned,Completed
REF007284,TXN002954,CUST02308,MER07321,2024-02-21 10:47:18,77370.37,Booking Cancelled,Completed
REF007285,TXN007294,CUST05346,MER05095,2024-04-07 04:30:58,17855.87,Order Cancelled,Rejected
REF007286,TXN007254,,MER09323,2024-05-16 15:48:02,1040.9,Booking Cancelled,Pending
REF007287,TXN009875,CUST04549,MER02230,2024-07-12 12:24:20,15765.26,Product Returned,Completed
REF007288,TXN008903,,MER00983,2024-04-25 10:55:39,61763.7,Duplicate Transaction,Completed
REF007289,TXN001776,CUST07525,MER09525,2024-06-13 06:59:09,12377.92,,Pending
REF007290,TXN004831,CUST08132,MER07163,2024-12-17 23:56:42,71080.11,Order Cancelled,Completed
REF007291,TXN006783,CUST05515,MER09710,2024-12-14 06:37:36,202.95,Order Cancelled,Completed
REF007292,TXN008141,CUST09489,MER04109,2024-04-08 21:03:16,7648.13,Booking Cancelled,Completed
REF007293,TXN000140,CUST02232,MER09015,2024-07-23 06:16:31,4945.09,Product Returned,Completed
REF007294,TXN006872,CUST02996,MER05319,2024-12-17 12:42:43,11603.63,Product Returned,Completed
REF007295,TXN003934,CUST03898,MER07697,2024-10-07 13:57:18,1554.57,Customer Request,Completed
REF007296,TXN005011,CUST06710,MER06234,2024-12-01 05:29:28,83.97,Customer Request,Completed
REF007297,TXN006802,CUST01581,MER02176,2024-05-23 09:23:47,288.09,Customer Request,Completed
REF007298,TXN006237,CUST08759,MER09737,2024-01-22 06:58:45,96941.68,Order Cancelled,Pending
REF007299,TXN007147,CUST05893,MER01439,2024-07-10 16:56:13,3145.87,Order Cancelled,Pending
REF007300,TXN002429,CUST03744,MER03630,2024-06-18 12:50:49,47157.64,Order Cancelled,Completed
REF007301,TXN006831,CUST05348,MER01111,2024-11-05 17:56:43,24336.72,Customer Request,Completed
REF007302,TXN005348,CUST06722,MER06194,2024-10-19 01:00:06,15586.11,Product Returned,Pending
REF007303,TXN008324,CUST07609,MER06297,2024-05-04 05:46:07,845.45,Product Returned,Completed
REF007304,UNKNOWN,CUST03337,MER06113,2024-10-20 20:44:36,695.96,Order Cancelled,Completed
REF007305,TXN006855,CUST04985,MER08877,2024-12-12 18:24:42,257.38,Order Cancelled,
REF007306,TXN002053,CUST02482,MER06521,2024-08-11 00:15:50,2468.36,Order Cancelled,Rejected
REF007307,TXN004190,CUST03149,MER07270,2024-10-08 18:59:31,17993.12,Booking Cancelled,Pending
REF007308,TXN003504,CUST00547,MER05783,2024-05-13 04:00:19,7292.48,Booking Cancelled,Completed
REF007309,TXN000994,CUST08112,MER06438,2024-07-03 01:16:11,45476.11,Booking Cancelled,Rejected
REF007310,TXN000779,CUST01521,MER06210,2024-09-21 07:44:42,18032.92,Order Cancelled,Completed
REF007311,TXN001966,CUST00220,MER08362,2024-07-02 00:34:43,unknown,Customer Request,Pending
REF007312,TXN009655,CUST02676,MER03525,2024-07-31 00:14:11,600.66,Product Returned,Completed
REF007313,TXN006571,CUST07348,MER00046,2024-07-29 23:25:08,1700.74,Order Cancelled,Completed
REF007314,TXN006175,CUST02468,MER01930,2024-03-01 02:34:48,5849.75,Duplicate Transaction,Completed
REF007315,TXN007726,CUST09245,MER00471,2024-01-27 11:12:55,22175.32,Order Cancelled,Pending
REF007316,TXN005015,CUST08127,MER06444,2024-06-08 05:51:50,423.41,Product Returned,Completed
REF007317,TXN007806,CUST01240,MER05568,2024-04-04 02:33:23,35088.32,Product Returned,Pending
REF007318,TXN000457,CUST02895,MER06713,2024-03-03 08:37:01,330.94,,Rejected
REF007319,TXN008683,CUST09313,MER09113,2024-03-19 21:42:26,1295.91,Booking Cancelled,Completed
REF007320,TXN005545,CUST05288,MER02928,2024-09-13 00:17:13,8924.09,Duplicate Transaction,Rejected
REF007321,TXN009090,CUST04011,MER08012,2024-06-06 12:36:26,9261.02,Order Cancelled,Pending
REF007322,TXN008422,CUST03847,MER08109,2024-04-11 08:33:56,23855.34,Customer Request,Completed
REF007323,TXN008489,,MER00755,2024-02-16 11:46:12,956.96,Customer Request,Pending
REF007324,TXN004107,CUST07547,MER09462,2024-05-08 09:20:08,88063.46,Booking Cancelled,Completed
REF007325,TXN005801,CUST01602,MER06727,2024-01-22 09:01:51,39986.94,Product Returned,Completed
REF007326,TXN002651,CUST03208,MER08929,2024-02-03 23:56:38,3627.55,Duplicate Transaction,Completed
REF007327,TXN004178,CUST08349,MER00681,2024-07-29 06:29:20,4939.7,Duplicate Transaction,Completed
REF007328,TXN003876,CUST00998,MER04100,2024-10-22 01:02:13,10262.2,Product Returned,Completed
REF007329,TXN003371,CUST07605,MER06173,2024-01-31 19:32:10,32550.38,Duplicate Transaction,Completed
REF007330,TXN009156,CUST07543,MER00869,2024-10-10 08:02:55,119.59,Booking Cancelled,Completed
REF007331,TXN009129,CUST00894,MER01184,03/06/2024,232.51,Booking Cancelled,Rejected
REF007332,TXN003384,CUST03456,MER03097,2024-09-02 23:19:32,239.54,Product Returned,Completed
REF007333,TXN005997,CUST08150,MER05940,2024-03-15 01:57:16,193.31,Customer Request,Completed
REF007334,TXN002773,CUST04828,MER02835,2024-03-14 00:50:10,94415.22,Customer Request,Completed
REF009608,TXN004616,CUST07957,MER04850,2024-12-04 03:19:41,954.33,Order Cancelled,Completed
REF007336,TXN003476,CUST09831,MER01183,2024-01-30 15:45:15,35.04,Order Cancelled,Rejected
REF007337,TXN006050,CUST01932,MER04787,2024-08-09 00:17:32,51298.45,Duplicate Transaction,Completed
REF007338,TXN000979,CUST07452,MER04738,2024-12-07 19:05:35,12581.66,Customer Request,Completed
REF007339,TXN005264,CUST02162,MER04141,2024-11-16 19:05:13,90053.53,Order Cancelled,Completed
REF007340,TXN000615,CUST05546,MER01178,2024-10-10 11:18:08,393.66,Duplicate Transaction,Completed
REF007341,TXN000164,CUST00088,MER09020,2024-01-29 22:56:35,862.25,Product Returned,Completed
REF007342,UNKNOWN,CUST05592,MER05700,2024-02-21 20:34:45,4321.88,Product Returned,Completed
REF007343,TXN006936,CUST03367,MER03754,2024-07-18 04:30:06,12165.44,Product Returned,Rejected
REF007344,TXN006782,CUST07930,MER00063,2024-06-16 19:04:16,1676.26,Product Returned,Completed
REF007345,TXN007114,CUST04163,MER01433,2024-02-15 21:48:03,26433.96,Product Returned,Completed
REF007346,TXN008351,CUST05523,MER05629,2024-06-26 12:43:02,20421.9,Customer Request,Completed
REF007347,TXN008217,CUST05484,MER06695,2024-07-22 08:48:37,30626.76,Customer Request,Completed
REF007348,TXN005536,CUST06838,MER08352,2024-11-15 09:41:21,16736.19,Duplicate Transaction,Pending
,TXN001189,CUST02670,MER06154,2024-08-25 06:05:12,13120.67,Customer Request,Pending
REF007350,TXN004613,CUST02093,MER02633,2024-08-24 01:16:03,427.45,Order Cancelled,Pending
REF007351,TXN007120,CUST05404,MER06680,2024-10-13 17:07:09,38150.42,Duplicate Transaction,Completed
REF007352,TXN001606,CUST00748,MER09694,2024-05-15 01:58:02,7982.84,Order Cancelled,Completed
REF007353,TXN003758,CUST09034,MER05481,2024-06-17 18:03:26,89229.07,Customer Request,Completed
REF007354,TXN001593,CUST09324,MER05579,2024-06-04 13:19:28,3801.23,Customer Request,Completed
REF007355,TXN008059,CUST00976,MER01363,2024-11-09 09:27:52,117.56,Product Returned,Completed
REF007356,TXN002185,CUST02533,MER09200,2024-11-27 13:10:23,28573.07,Customer Request,Completed
REF007357,TXN000346,CUST00319,MER01057,2024-06-19 00:10:42,122.08,Order Cancelled,Rejected
REF007358,TXN003757,CUST03834,MER06595,27/03/2024,3733.85,Booking Cancelled,Pending
REF007359,TXN007176,CUST05299,MER00851,2024-08-24 23:42:40,6098.77,Order Cancelled,Pending
REF007360,TXN003537,CUST02402,MER08478,2024-05-25 20:41:58,15753.21,Product Returned,Completed
REF007361,TXN006327,CUST05413,MER04722,2024-12-10 14:03:47,763.7,Product Returned,Pending
REF007362,TXN007167,CUST03157,MER07424,2024-05-19 16:46:23,23689.63,Customer Request,Pending
REF007363,TXN004451,CUST00631,MER07862,2025-01-03 07:21:11,2249.62,Duplicate Transaction,Completed
REF007364,TXN006785,CUST05531,MER07184,2024-05-15 20:20:43,2112.25,Booking Cancelled,Pending
REF007365,TXN005429,CUST02390,MER03058,2024-03-21 01:00:08,18667.4,Booking Cancelled,
REF007366,TXN007197,CUST09030,MER09045,08/01/2025,24898.81,Booking Cancelled,Completed
REF007367,TXN007026,CUST05435,MER04597,13/09/2024,439.53,Booking Cancelled,Rejected
REF007368,TXN004367,CUST09627,MER09771,2025-01-02 02:14:48,2258.6,Product Returned,Completed
REF007369,TXN001342,CUST02903,MER01682,2024-09-05 17:08:42,19371.77,Order Cancelled,Completed
REF007370,TXN005248,CUST02198,MER08463,2024-10-12 08:33:59,2265.32,Customer Request,Completed
REF007371,TXN006919,CUST06031,MER03476,2024-07-25 19:15:24,2524.66,Customer Request,Completed
REF007372,TXN005159,CUST00205,MER05656,2024-08-03 07:38:33,783.08,Product Returned,Rejected
REF007373,TXN006725,CUST09928,MER03600,2024-11-10 01:39:10,13845.96,Booking Cancelled,Rejected
REF006160,TXN002138,CUST06754,MER08669,2024-12-19 19:18:07,36632.38,Order Cancelled,Completed
REF007375,TXN006143,CUST09663,MER09308,2024-09-06 02:00:15,65068.79,Order Cancelled,Pending
REF007376,TXN009651,CUST02664,UNKNOWN,2024-08-20 18:48:37,342.25,Product Returned,Completed
REF007377,TXN001105,CUST05949,MER02839,2024-04-16 00:19:52,322.02,Duplicate Transaction,Completed
REF007378,TXN008888,CUST09741,MER02603,2024-07-03 23:49:13,888.39,Order Cancelled,Completed
REF007379,TXN006705,CUST08100,MER02752,2024-11-18 20:13:21,49246.9,Customer Request,Rejected
REF007380,TXN003333,CUST00228,MER03198,2024-08-14 12:00:18,81774.18,Customer Request,Completed
REF007381,TXN002327,CUST08464,MER01308,2024-11-03 11:05:38,1996.24,Booking Cancelled,Pending
REF007382,TXN009386,CUST00740,MER05855,2024-06-18 03:14:27,576.3,Booking Cancelled,Completed
REF007383,TXN008830,UNKNOWN,MER07960,2024-05-12 09:33:08,13906.75,Customer Request,Completed
REF007384,TXN002867,CUST09966,MER07050,2024-11-06 17:51:21,374.43,Product Returned,Completed
REF007385,TXN009660,CUST09338,MER06493,2024-07-14 22:54:32,7802.57,Booking Cancelled,Completed
REF007386,TXN001256,CUST06838,MER07863,2024-03-15 02:37:22,7265.77,Duplicate Transaction,
REF007387,TXN009225,CUST07125,MER05789,2024-06-08 07:24:56,72650.97,Order Cancelled,Completed
REF007681,TXN006764,CUST00452,MER06647,2024-05-20 13:13:56,68834.04,Duplicate Transaction,Pending
REF007389,TXN002270,CUST04220,MER04047,2024-08-16 13:00:29,295.11,Product Returned,Completed
REF007390,TXN004628,CUST04894,MER06013,2024-07-10 11:31:53,50432.39,Customer Request,Pending
REF007391,TXN009336,CUST05935,MER04996,2024-04-12 21:23:37,1329.12,Customer Request,Rejected
REF007392,TXN006524,CUST09024,MER09364,2024-04-24 07:23:38,35005.86,Booking Cancelled,Completed
REF007393,TXN009143,CUST08851,MER07472,01/01/2025,31922.09,Product Returned,Completed
REF007394,TXN003948,,MER03389,2024-04-11 02:59:13,342.32,Booking Cancelled,Completed
REF007395,TXN009471,CUST02819,MER02206,2024-03-08 20:57:53,6581.32,Product Returned,Pending
REF007396,TXN006387,CUST09433,MER05237,2024-10-19 23:32:13,13677.91,Product Returned,Completed
REF007397,TXN002347,CUST02598,MER01151,2024-06-26 17:30:03,unknown,Duplicate Transaction,Completed
REF007398,UNKNOWN,CUST08432,MER09468,2024-08-09 10:58:56,30085.31,Order Cancelled,Pending
REF007399,TXN001935,CUST05118,MER03502,2024-12-01 02:49:51,1982.66,Customer Request,Pending
REF007400,,CUST00445,MER05298,2024-10-14 18:10:20,74991.2,Product Returned,Completed
REF007401,TXN000844,CUST09726,MER02569,2024-10-25 15:42:52,82636.25,Product Returned,Completed
REF007402,TXN000275,CUST02850,MER02850,2024-03-09 06:23:45,3068.52,Duplicate Transaction,Completed
REF007403,TXN002055,CUST05319,MER05846,2024-10-30 16:20:53,23357.6,Customer Request,Completed
REF007404,TXN003539,CUST06429,MER00856,2025-01-20 01:50:03,1114.62,Customer Request,Completed
REF007405,TXN000592,CUST00993,MER07275,2024-07-11 03:44:25,828.2,Duplicate Transaction,Completed
REF007406,TXN007578,CUST04340,MER09768,2024-08-30 13:57:04,1317.54,Product Returned,Pending
REF007407,TXN004592,CUST00197,MER02051,2024-02-09 13:14:07,56178.28,Customer Request,Completed
REF007408,TXN003880,CUST00874,MER04309,2024-06-02 09:08:40,18442.2,Booking Cancelled,Completed
REF007409,TXN008911,CUST02525,MER06609,2024-05-05 04:38:38,551.88,Booking Cancelled,Completed
REF007410,TXN001103,CUST04220,MER08547,2024-06-18 11:40:59,703.5,Duplicate Transaction,Rejected
REF007411,TXN001898,CUST03639,MER05003,2024-05-25 21:23:23,1450.41,Booking Cancelled,Completed
REF007412,TXN007838,CUST03427,MER08690,2024-12-03 05:17:17,16430.32,Customer Request,Rejected
REF007413,TXN009793,CUST05596,MER01676,2024-04-29 17:05:27,unknown,Product Returned,Completed
REF007414,TXN001999,CUST06831,MER02621,2024-05-30 18:24:02,14501.49,Product Returned,Completed
REF007415,TXN003027,CUST07222,MER07351,2024-03-16 07:46:42,31804.5,Order Cancelled,Completed
REF007416,TXN005874,CUST04381,MER01465,2024-02-19 14:48:57,760.44,Order Cancelled,Completed
REF007417,TXN004867,CUST04314,MER08122,2024-04-24 02:53:50,11343.01,Duplicate Transaction,Completed
REF007418,TXN004088,CUST08348,MER06888,2024-05-03 07:09:51,115996.2,Duplicate Transaction,Completed
REF007419,TXN003185,CUST08447,MER01504,2024-02-18 12:54:12,17973.61,Duplicate Transaction,Completed
REF007420,TXN005752,CUST05077,MER00596,2024-04-17 15:41:22,41648.46,Product Returned,Completed
REF007421,TXN002921,CUST01324,MER05436,2024-06-24 06:25:49,72061.67,Duplicate Transaction,Pending
REF007422,TXN005497,CUST05604,MER06869,2024-12-01 11:47:16,9477.26,Product Returned,Completed
REF007423,TXN001940,CUST03902,MER06638,2024-11-06 08:11:12,1784.96,Booking Cancelled,Rejected
REF007424,TXN000554,CUST08593,MER02054,2024-03-12 03:46:11,11669.76,Booking Cancelled,Completed
REF007425,TXN001353,CUST01381,MER03746,2024-10-20 01:17:01,804.62,Booking Cancelled,Pending
REF000897,TXN009527,CUST07653,MER08203,2024-05-30 07:51:08,1653.25,Booking Cancelled,Completed
REF007427,TXN003457,CUST07197,MER07402,2024-07-22 18:21:48,2090.01,Product Returned,Completed
REF007428,TXN009609,CUST03228,MER01031,2024-02-24 08:22:03,477.04,Booking Cancelled,Completed
REF007429,TXN008382,CUST03101,MER04291,2024-12-23 04:19:51,1676.96,Customer Request,Rejected
REF007430,TXN006272,CUST08990,MER04072,2024-05-03 08:40:38,1693.13,Product Returned,Pending
REF007431,TXN008429,CUST01385,MER06552,2024-04-07 11:24:35,815.2,,Completed
REF007432,TXN004900,CUST07948,MER01439,2024-12-17 07:10:48,21277.74,Product Returned,Pending
REF007433,TXN003463,CUST03613,MER04757,2024-05-26 00:47:39,602.21,Product Returned,Pending
REF007434,TXN008640,CUST09477,MER08918,2024-08-26 01:08:56,2341.71,Order Cancelled,Pending
REF007435,UNKNOWN,CUST07964,MER02708,2024-10-31 12:03:48,1613.2,Customer Request,Pending
REF007436,TXN008199,CUST03473,MER06215,2024-09-03 17:42:14,888.65,Product Returned,Completed
REF007437,TXN007687,CUST04958,MER05749,2024-05-18 20:22:18,10951.14,Booking Cancelled,Completed
REF003608,TXN001157,CUST07324,MER01492,2024-08-01 05:36:22,34120.24,Booking Cancelled,Rejected
REF007439,TXN001810,CUST06569,MER02178,2024-09-03 17:41:06,182.22,Duplicate Transaction,Completed
REF007440,TXN002521,CUST02893,MER08956,2024-09-28 08:21:36,9743.94,Customer Request,Completed
REF007441,TXN006269,CUST03054,MER09589,2024-08-12 14:10:35,788.56,Customer Request,
REF007442,TXN004277,CUST09694,MER01598,,9642.19,Customer Request,Completed
REF007443,TXN000306,CUST05597,MER01326,2024-02-11 00:28:22,978.04,Product Returned,Rejected
REF007444,TXN001232,CUST08400,MER03348,2024-02-17 12:43:19,80691.59,Customer Request,Completed
REF007445,TXN006494,CUST09226,MER09055,2024-09-03 22:57:25,35386.21,Customer Request,Completed
REF007446,TXN004428,CUST09009,MER07093,2024-04-24 19:55:52,2171.69,Customer Request,Completed
REF007447,TXN005615,CUST02909,MER07645,2024-04-20 20:40:13,100357.72,Booking Cancelled,Completed
REF007448,TXN002594,CUST05044,MER08914,2024-11-24 11:04:12,66584.59,Booking Cancelled,Pending
REF007449,TXN003209,CUST07238,MER09513,2024-04-05 21:18:57,11623.98,Order Cancelled,Rejected
REF007450,TXN003059,CUST05217,MER08100,2024-06-18 19:31:13,12948.44,Customer Request,Completed
REF007451,TXN001604,CUST02445,MER02923,2024-12-27 20:52:21,34112.1,Order Cancelled,Rejected
REF007452,TXN009335,CUST07839,MER04751,2024-07-16 20:44:33,62741.78,Customer Request,Rejected
REF007453,TXN005684,CUST04052,MER06554,2024-08-31 03:54:45,9604.84,Customer Request,Pending
REF007454,TXN007419,CUST08431,MER06655,2024-04-24 11:37:05,951.53,Order Cancelled,Completed
REF007455,TXN000416,CUST01806,MER04801,03/11/2024,2506.45,Duplicate Transaction,Completed
REF007456,TXN002277,CUST08829,MER05981,2024-11-23 08:33:21,14205.96,Duplicate Transaction,Completed
REF007457,TXN003012,CUST07066,MER01158,2024-05-26 23:12:01,83661.95,Duplicate Transaction,Completed
REF007458,TXN007096,CUST06264,MER01514,2024-06-21 19:15:19,46304.49,Product Returned,Completed
REF007459,TXN008038,CUST02978,MER02097,2024-02-03 02:50:21,4227.8,Order Cancelled,Completed
REF007460,TXN006452,CUST02420,MER00261,2024-05-15 19:04:50,4623.88,Duplicate Transaction,Completed
REF007461,TXN000487,CUST05189,MER04257,2024-07-20 15:04:11,13005.37,Product Returned,Completed
REF007462,TXN009741,CUST02812,MER01478,31/05/2024,19590.19,Order Cancelled,Completed
REF007463,TXN007092,CUST01497,MER02131,2024-06-18 11:54:56,856.16,Customer Request,Completed
REF007464,TXN001241,CUST06427,MER03882,2024-12-15 07:50:57,2113.42,Order Cancelled,Completed
REF007465,TXN009302,CUST00419,MER09378,2024-06-30 09:05:08,1693.42,Order Cancelled,Completed
REF007466,TXN006010,CUST09067,MER08525,2024-10-17 22:11:42,12050.57,Order Cancelled,Completed
REF007467,TXN007463,CUST02429,MER09766,2024-05-11 13:20:46,55247.75,Customer Request,Rejected
REF007468,TXN000739,CUST09627,MER04873,2024-10-27 18:44:57,4798.04,Order Cancelled,Completed
REF007469,TXN009103,CUST09088,MER01081,2024-11-02 09:58:44,16207.34,Duplicate Transaction,Pending
REF007470,TXN007710,CUST08782,MER09204,2024-08-16 11:50:30,46898.72,Duplicate Transaction,Completed
REF007471,TXN001942,CUST02420,MER08198,2024-11-07 19:24:24,350.62,Customer Request,Pending
REF007472,TXN002789,CUST08023,MER02024,2024-04-02 18:28:44,12567.01,Booking Cancelled,Completed
REF007473,TXN007072,CUST05480,MER04611,2024-05-14 12:10:35,13381.5,Booking Cancelled,Rejected
REF007474,TXN004958,CUST02334,MER04314,2024-11-30 18:15:28,38814.28,Customer Request,Rejected
REF007475,TXN007238,CUST06394,MER05044,2024-07-30 22:13:14,29190.4,Customer Request,Pending
REF007476,TXN009206,CUST09872,MER03161,2024-08-01 14:35:47,17955.09,Order Cancelled,Completed
REF007477,TXN003407,CUST00138,MER05701,2024-12-23 02:39:10,7306.68,Customer Request,Pending
REF007478,TXN009331,CUST00674,MER03342,2024-07-30 23:45:30,48468.27,Duplicate Transaction,Completed
REF007479,TXN006012,CUST09651,MER00053,2024-11-14 23:09:38,22473.06,Duplicate Transaction,Completed
REF007480,TXN004237,CUST04263,MER06365,22/07/2024,84574.92,Customer Request,Completed
REF007481,TXN005556,CUST08451,MER08853,,547.28,Order Cancelled,Completed
REF007482,TXN000629,CUST05171,MER04451,2024-03-16 17:09:29,12027.51,Duplicate Transaction,Completed
REF007483,TXN004215,CUST04843,MER02226,2024-05-20 12:19:42,848.62,Booking Cancelled,Completed
REF007484,,CUST01574,MER05402,2024-01-26 18:12:49,23578.74,Duplicate Transaction,Completed
REF007485,TXN007529,CUST02668,MER05872,2024-10-03 00:34:47,9971.16,Customer Request,Completed
REF007486,TXN006914,CUST02901,MER01029,2024-11-22 03:03:49,42579.26,Booking Cancelled,Completed
REF007487,TXN001026,CUST08490,MER03511,2024-10-29 21:17:42,1483.42,Product Returned,Completed
REF007488,TXN002263,CUST06596,MER03638,2024-10-23 13:14:34,305.94,Order Cancelled,Completed
REF007489,TXN006052,CUST04067,MER00915,2024-05-01 01:10:52,7685.66,Booking Cancelled,Completed
REF007490,TXN001655,CUST09509,UNKNOWN,2024-11-24 04:41:50,15140.16,Duplicate Transaction,Completed
REF007491,TXN008434,CUST02665,MER08159,2024-12-06 10:37:30,1211.33,Duplicate Transaction,Completed
REF007492,TXN008014,CUST04507,MER07421,2024-07-25 13:03:13,119239.32,Booking Cancelled,Pending
REF007493,TXN007536,CUST00175,MER00636,2024-04-02 15:02:44,392.22,Order Cancelled,Pending
REF007494,,CUST01968,MER09610,2024-01-20 20:36:18,48697.86,Booking Cancelled,Completed
REF007495,TXN004334,CUST05287,MER08106,2024-06-29 02:13:09,14696.7,Booking Cancelled,Completed
REF007496,TXN000666,CUST07252,MER09752,2024-02-28 12:23:06,75478.65,Order Cancelled,Completed
REF007497,TXN005485,CUST07225,MER00022,2024-02-18 05:12:54,1181.15,Booking Cancelled,Completed
REF007498,TXN004846,CUST04897,MER00953,2025-01-23 03:04:04,1641.79,Customer Request,Pending
REF007499,TXN004871,CUST08488,MER00388,2024-05-28 19:04:39,3230.14,Product Returned,Pending
,TXN009231,CUST09011,MER07381,2024-03-09 19:44:24,45032.24,Product Returned,Pending
REF007501,TXN004499,CUST08409,MER08012,2024-09-11 02:02:44,55910.27,Booking Cancelled,Pending
REF007502,TXN008543,CUST03032,MER05348,2024-03-14 02:48:55,5861.83,Duplicate Transaction,Completed
REF007503,TXN008128,CUST04862,MER00236,2024-11-13 09:35:20,11874.2,Order Cancelled,Completed
REF007504,TXN001350,CUST06807,MER01840,2024-12-22 03:45:09,99881.08,Duplicate Transaction,Completed
REF007505,TXN000536,CUST05723,MER05378,2024-11-11 06:20:49,21915.15,Booking Cancelled,Pending
REF007506,TXN004961,CUST07045,MER08699,2024-03-10 03:34:20,14516.82,Order Cancelled,Pending
REF007507,UNKNOWN,CUST05060,MER07080,2024-08-06 11:14:35,1840.47,Product Returned,Pending
REF007508,,CUST05893,MER01439,2024-08-01 16:56:13,12583.49,Product Returned,Completed
REF007509,TXN005190,CUST04458,MER00188,2024-09-02 18:58:49,262.0,Booking Cancelled,Completed
REF007510,TXN000814,CUST06950,MER06791,2024-10-06 03:13:59,998.52,,Completed
REF007511,TXN001136,CUST07632,MER00953,2024-07-08 19:25:11,3316.81,Duplicate Transaction,Completed
REF007512,TXN000054,CUST03608,MER03239,2024-04-08 05:08:25,6344.96,Booking Cancelled,Completed
REF007513,TXN004057,CUST07012,MER05829,2024-07-25 00:41:00,39466.01,Duplicate Transaction,Pending
REF007514,TXN007268,CUST05127,MER08278,2024-08-01 14:25:42,418.25,Order Cancelled,Completed
REF007515,TXN006491,CUST05071,MER04353,2024-04-09 04:56:30,19092.15,Product Returned,Completed
REF007516,TXN003531,CUST07508,MER03777,2024-02-16 18:04:17,19549.3,Customer Request,Completed
REF007517,TXN000892,CUST03978,MER08006,2024-05-08 08:19:19,1042.56,Duplicate Transaction,Pending
REF007518,TXN007635,CUST05366,MER04090,,131.44,Product Returned,Completed
REF007519,TXN004629,CUST04491,MER09704,2024-01-19 23:39:44,229.18,Duplicate Transaction,Completed
REF007520,TXN009115,CUST09438,MER02815,2024-08-26 15:23:51,10412.4,Customer Request,Completed
REF007521,TXN004641,CUST07701,MER06661,2024-04-19 11:44:58,,Order Cancelled,Rejected
REF007522,TXN007085,CUST07781,MER09159,2024-10-24 20:49:14,28963.3,Customer Request,Completed
REF007523,TXN006321,CUST07629,MER03581,2024-11-12 07:21:19,6097.86,Booking Cancelled,Completed
REF007524,TXN005204,CUST02971,MER09177,2024-10-27 05:30:48,78383.83,Duplicate Transaction,Completed
REF007525,TXN006566,CUST02178,MER05746,2024-11-30 15:30:25,64634.43,Product Returned,Completed
REF007526,TXN006644,CUST07709,MER01267,2024-05-20 17:35:52,65823.5,Duplicate Transaction,Pending
REF007527,TXN009990,CUST06719,MER02993,2024-04-01 15:40:17,15781.12,Order Cancelled,Pending
REF007528,TXN001820,CUST01281,MER02467,2024-05-20 13:31:56,60844.4,Customer Request,Pending
REF007529,TXN003144,CUST04440,MER03036,2024-05-03 10:14:14,57726.43,Duplicate Transaction,Completed
REF007530,TXN008702,CUST09726,MER08740,2024-07-15 17:33:51,1863.5,Customer Request,Completed
REF007531,TXN007891,CUST00373,MER02005,2024-03-02 08:58:55,12246.9,Customer Request,Pending
REF007532,TXN009366,CUST06321,MER00980,2024-06-26 13:25:16,1245.13,Order Cancelled,Completed
REF007533,TXN009411,CUST03495,,2024-10-05 01:39:17,34207.48,Order Cancelled,
REF007534,TXN004825,CUST00164,MER09804,2024-08-23 23:43:38,1399.45,Product Returned,Completed
REF007535,TXN002884,CUST09279,MER09699,2024-10-28 06:46:54,1117.26,Product Returned,Completed
REF007536,TXN005949,CUST05118,MER06942,2024-03-12 01:08:06,63214.12,Customer Request,Completed
REF007537,TXN009057,CUST00315,MER02349,2024-06-18 05:55:46,40860.77,Customer Request,Completed
REF007538,TXN007396,CUST06368,MER03501,2024-02-07 23:56:29,478.63,Customer Request,Completed
REF007539,TXN007327,CUST01185,MER08139,2024-06-28 18:30:35,92.7,Order Cancelled,Completed
REF007540,TXN000999,CUST01052,MER01799,2024-06-15 16:25:57,25396.08,Booking Cancelled,Pending
REF007541,TXN003298,CUST06974,MER00812,2024-10-22 09:13:06,119800.1,Customer Request,Completed
REF007542,TXN007561,CUST09104,MER09805,2024-09-18 00:01:07,20534.15,Booking Cancelled,Completed
REF007543,TXN005964,CUST09985,MER01093,2024-05-01 11:29:58,1479.47,Booking Cancelled,Pending
REF007544,TXN001887,CUST07167,MER08343,29/01/2024,48398.51,Product Returned,Rejected
REF007545,TXN000080,CUST08396,MER06285,2024-06-24 03:14:28,58536.29,Duplicate Transaction,Completed
REF007546,TXN008962,CUST01036,MER08956,2024-04-07 02:06:54,404.18,Product Returned,Completed
REF007547,TXN005058,CUST03809,MER03645,2024-07-05 01:14:44,1566.69,Customer Request,Completed
REF007548,TXN002634,CUST03022,MER03852,2024-04-06 08:10:12,97872.1,Product Returned,Completed
REF007549,TXN001852,CUST04151,MER01164,2024-07-17 15:15:32,4187.49,Booking Cancelled,Rejected
REF007550,TXN000803,CUST01743,MER06573,2024-07-29 06:12:25,17327.99,Booking Cancelled,Pending
REF007551,TXN009895,CUST07921,MER06701,2024-04-20 19:06:47,39457.04,Booking Cancelled,Completed
REF007552,TXN000773,CUST04494,MER08303,2024-09-25 08:32:33,530.58,Product Returned,Completed
REF007553,TXN000522,CUST07826,MER00132,2024-08-21 02:47:44,1557.49,Booking Cancelled,Completed
REF007554,TXN009735,CUST05583,MER02127,2024-01-28 07:25:56,3425.31,Order Cancelled,Completed
REF007555,TXN001944,CUST03106,MER00131,2024-01-23 13:25:47,12113.56,Duplicate Transaction,Pending
REF007556,TXN009762,CUST04257,MER07038,2024-11-19 07:35:07,24725.43,Booking Cancelled,Completed
REF007557,TXN004125,CUST01804,MER01705,2024-07-20 17:08:07,19133.96,Customer Request,Rejected
REF007558,TXN000421,CUST09750,MER00096,2024-12-14 15:49:38,36206.7,Booking Cancelled,Completed
REF007559,TXN005228,CUST00289,MER02303,2024-10-03 04:11:29,19222.16,Customer Request,Completed
REF007560,TXN004543,CUST03270,MER03973,2024-04-20 15:13:09,1615.63,Order Cancelled,Completed
REF007561,TXN008499,CUST08804,MER07085,2024-06-10 01:29:15,1315.61,Booking Cancelled,
REF007562,TXN000601,CUST09739,MER09318,2024-02-29 11:24:41,9860.3,Duplicate Transaction,Completed
REF007563,TXN004996,CUST00721,MER08912,2024-11-12 14:14:39,20733.34,Booking Cancelled,Completed
REF007564,TXN004035,CUST05859,MER06828,2024-07-07 13:59:46,18612.12,Duplicate Transaction,Rejected
REF007565,TXN009545,CUST01729,MER07803,2024-04-30 18:23:07,15023.83,Order Cancelled,Rejected
REF007566,TXN002973,CUST06605,MER00804,2024-03-08 23:21:56,7005.62,Duplicate Transaction,Completed
REF007567,TXN002173,UNKNOWN,MER07673,2024-03-20 03:23:27,1286.14,Duplicate Transaction,Completed
REF007568,TXN009954,CUST00770,MER09787,2024-08-06 10:04:40,936.58,Duplicate Transaction,Completed
REF007569,TXN001862,CUST05757,MER02858,2024-11-12 11:56:55,612.23,Booking Cancelled,Completed
REF007570,TXN004661,CUST03822,MER06446,2024-03-06 18:19:15,30749.28,Duplicate Transaction,Completed
REF007571,TXN005330,CUST03268,MER06704,2024-12-20 03:12:01,9946.62,Booking Cancelled,Completed
REF007572,TXN008076,CUST01827,,2025-01-08 19:45:05,1813.87,Booking Cancelled,Completed
REF007573,TXN005005,CUST06781,MER08247,2024-06-19 20:07:40,1212.68,,Completed
,TXN001443,CUST00842,MER04792,2024-05-23 07:16:45,868.74,Product Returned,Pending
REF007575,TXN004325,CUST00315,MER02057,2024-12-28 18:19:07,111.67,Customer Request,Pending
,TXN002283,CUST07677,MER09074,2024-07-15 22:51:51,9550.55,Booking Cancelled,Completed
REF007577,TXN005984,CUST06248,MER07135,2024-03-12 12:26:19,209.92,Customer Request,Completed
REF007578,TXN008267,CUST02239,MER07237,2024-02-22 05:43:56,23993.33,Product Returned,Completed
REF007579,TXN005144,CUST08809,MER06768,2024-07-08 20:59:09,13273.54,Duplicate Transaction,Completed
REF007580,TXN005088,CUST09375,MER03144,2024-07-31 04:38:37,64798.36,Product Returned,Pending
REF007581,TXN003860,CUST06862,MER02118,2024-02-19 22:52:41,1204.68,Order Cancelled,Pending
REF007582,TXN006568,CUST09386,MER08639,2024-12-26 03:47:21,,Customer Request,Completed
REF007583,TXN000778,CUST03135,MER07225,2024-07-09 14:02:36,679.57,Customer Request,Completed
,TXN006103,CUST04911,MER01464,2024-08-28 00:04:11,5711.16,Duplicate Transaction,Completed
REF007585,TXN004500,CUST08276,MER02287,2024-04-14 04:59:42,421.78,Booking Cancelled,Completed
REF007586,TXN000248,CUST09422,MER08075,2025-01-07 12:15:50,1458.25,Order Cancelled,Completed
REF007587,TXN007125,CUST02134,MER01256,2024-08-20 12:49:16,21923.1,Product Returned,Completed
REF000802,TXN002541,CUST09295,MER04330,2024-06-15 21:54:40,1534.02,Duplicate Transaction,Completed
REF007589,TXN002967,CUST04825,MER07526,2024-06-12 19:37:08,4123.36,Product Returned,Completed
REF007590,TXN000408,CUST09185,MER02329,2024-03-09 17:39:31,4390.38,Booking Cancelled,Pending
REF007591,TXN005152,CUST09394,MER01845,2024-09-22 16:08:45,11214.98,Order Cancelled,
REF007592,TXN002703,CUST09836,MER00694,2024-05-23 20:14:14,65279.41,Duplicate Transaction,Completed
REF007593,TXN008823,CUST01292,MER02048,2024-09-27 17:03:58,85952.53,Booking Cancelled,Completed
REF007594,TXN006370,CUST04648,MER05321,2024-08-22 14:54:18,7810.23,Product Returned,Completed
REF007595,TXN005240,CUST08093,MER03877,14/12/2024,11975.13,Customer Request,Completed
REF007596,TXN002806,CUST09151,MER02419,2024-11-03 19:18:06,1441.41,Duplicate Transaction,Completed
REF007597,TXN009834,CUST07718,MER04116,2024-05-02 01:05:04,28266.28,Product Returned,Rejected
REF007598,TXN009217,CUST08833,MER01819,2024-03-03 07:40:19,,Duplicate Transaction,Completed
REF007599,TXN002778,CUST07752,MER05786,2024-04-14 12:34:53,11225.99,Order Cancelled,Completed
REF008322,TXN006461,CUST01244,MER09164,10/02/2024,700.98,Order Cancelled,Pending
REF007601,TXN003002,CUST02019,MER03801,2024-10-09 00:57:23,13156.92,Duplicate Transaction,Completed
REF007602,TXN007663,CUST08599,MER02338,2024-01-30 08:22:57,22756.81,Customer Request,Completed
REF007603,TXN008827,CUST03954,MER06778,2024-11-23 08:33:57,31064.1,Customer Request,Completed
REF007604,TXN009538,CUST02950,MER07579,2024-01-16 05:48:29,8603.16,Order Cancelled,Pending
REF007605,TXN009190,CUST01119,MER09109,2024-04-04 04:26:36,37.56,Duplicate Transaction,Completed
REF007606,TXN000504,CUST07385,MER08613,2024-02-02 14:20:41,96.34,Booking Cancelled,Completed
REF007607,TXN001194,CUST08507,MER05469,2024-09-15 11:22:44,17399.31,Customer Request,Completed
,TXN008940,CUST09188,MER01521,2024-08-24 12:32:09,10615.65,Duplicate Transaction,Completed
REF007609,TXN001752,CUST09655,MER03878,2024-08-29 17:07:41,15427.37,Duplicate Transaction,Rejected
REF007610,TXN005405,CUST00560,MER08518,2024-06-11 01:26:17,63920.83,Customer Request,Completed
REF007611,TXN003189,CUST01363,MER06839,2024-04-02 13:27:34,875.03,Customer Request,Completed
REF007612,TXN004778,CUST03156,MER05764,2024-10-10 00:17:29,815.84,Product Returned,Completed
REF007613,TXN007922,CUST03347,MER09026,17/01/2024,1937.18,Customer Request,Completed
REF007614,TXN004162,CUST01961,MER01404,2024-12-19 22:37:08,67920.94,Product Returned,Completed
REF007615,TXN009985,CUST03191,MER08612,2024-12-13 04:21:34,64878.16,Customer Request,Completed
REF007616,TXN003163,CUST05838,MER03393,2024-02-17 02:54:05,118634.56,Product Returned,Completed
REF007617,TXN009203,CUST05220,MER07455,2024-03-10 13:14:37,658.64,Duplicate Transaction,Completed
REF007618,TXN008399,CUST06914,MER02219,2024-03-24 09:57:11,5279.34,Duplicate Transaction,Completed
REF007619,TXN003903,CUST05660,MER03030,2024-11-01 18:59:58,5044.0,Duplicate Transaction,Completed
REF007620,TXN006054,CUST01416,MER05524,2024-09-19 07:40:52,12747.16,Customer Request,Completed
REF007621,TXN000201,CUST02632,MER06291,2024-10-27 23:57:40,74818.72,Order Cancelled,Completed
REF007622,TXN006203,CUST08644,MER03774,2024-08-29 22:34:12,127.72,Product Returned,Rejected
REF007623,TXN007910,CUST07431,MER09287,2024-10-10 07:18:34,375.12,Order Cancelled,Pending
REF007624,TXN009709,CUST04551,MER02467,2024-09-20 08:39:18,6312.83,Booking Cancelled,Completed
REF007625,TXN001692,CUST06536,MER08399,2024-07-27 21:08:10,107465.41,Customer Request,Completed
REF007626,TXN008515,CUST03240,MER03401,2024-11-26 08:36:52,39292.84,Duplicate Transaction,Completed
REF007627,TXN001468,CUST04056,MER03366,2024-07-13 15:18:14,1933.3,Customer Request,Pending
REF007628,TXN009584,CUST04469,MER09624,2024-01-30 05:51:51,42201.02,Customer Request,Completed
REF007629,TXN005728,CUST08492,,2024-11-21 22:19:37,15508.96,Booking Cancelled,Pending
REF007630,TXN008967,CUST08951,MER01339,2024-12-23 10:28:12,199.32,Duplicate Transaction,Completed
REF007631,TXN008261,CUST02268,MER00583,2024-01-28 21:50:27,5229.2,Booking Cancelled,Completed
REF007632,TXN005246,CUST05894,MER06157,2024-10-08 17:24:16,14324.11,Customer Request,Completed
REF007633,TXN007508,CUST09738,MER01610,2024-09-02 15:36:02,14483.92,Booking Cancelled,Pending
REF007634,TXN005113,CUST06703,MER06947,2024-06-17 22:01:24,64163.57,Booking Cancelled,Completed
REF007635,TXN005373,CUST04853,MER08744,2024-10-09 22:24:27,472.12,Booking Cancelled,Completed
REF007636,TXN000384,CUST05155,MER09596,2024-07-23 13:33:42,10667.85,Duplicate Transaction,Rejected
REF007637,TXN000391,CUST09319,MER03406,2024-06-24 15:40:38,125.72,Product Returned,Completed
REF007638,TXN003219,CUST08322,MER07581,2024-04-13 20:32:55,839.04,Product Returned,Rejected
REF007639,TXN009856,CUST00607,MER03728,2024-06-26 12:05:17,3997.34,Booking Cancelled,Completed
REF007640,TXN007262,CUST01636,MER04434,2024-11-24 17:36:52,273.89,Customer Request,Completed
REF007641,TXN007623,CUST05580,,2024-08-27 18:59:05,6185.06,Order Cancelled,Completed
REF007642,TXN000096,CUST07982,MER09035,2024-07-20 23:14:25,18609.91,Duplicate Transaction,Completed
REF007643,TXN005809,CUST06711,MER05543,2024-03-29 22:03:00,165.79,Duplicate Transaction,Completed
REF007644,TXN007696,CUST04050,MER02348,2024-09-21 18:22:36,52338.49,Customer Request,Completed
REF007645,TXN008106,CUST01202,MER04953,2024-08-13 06:07:03,18312.22,Duplicate Transaction,Completed
REF007646,TXN003973,CUST05894,MER01732,2024-08-06 07:03:42,46901.59,Duplicate Transaction,Pending
REF007647,TXN001334,CUST03279,MER02505,2024-06-12 13:16:17,73450.32,Product Returned,Rejected
REF007648,TXN007347,CUST01644,MER00289,2024-08-24 13:39:21,3506.2,Duplicate Transaction,Completed
REF007649,TXN003264,CUST08635,MER09088,2024-10-22 15:03:06,17010.35,Product Returned,
REF007650,TXN009631,CUST04757,MER07385,14/10/2024,1504.4,Duplicate Transaction,Completed
REF007651,TXN007536,CUST00175,MER00636,2024-03-30 15:02:44,196.11,Customer Request,Pending
REF007652,TXN000608,CUST07053,MER02038,2024-06-14 18:10:53,5364.64,Duplicate Transaction,Completed
REF007653,TXN000292,CUST09429,MER04174,2024-12-01 20:48:11,44971.81,Duplicate Transaction,Completed
REF007654,TXN004491,CUST01954,MER08588,2024-12-25 16:03:38,44449.67,Duplicate Transaction,Completed
REF007655,TXN005921,CUST04991,MER00673,2024-05-05 08:00:57,4207.2,Product Returned,Completed
REF007656,TXN001267,CUST08785,MER05843,2024-08-01 16:11:39,1920.82,Product Returned,Pending
REF007657,TXN002430,CUST07194,MER09382,2024-05-20 05:52:54,2168.12,Booking Cancelled,Pending
REF007658,TXN008342,CUST04076,MER02001,2024-07-30 00:08:46,1888.43,Duplicate Transaction,Completed
REF007659,TXN001628,CUST09748,MER01604,2024-09-04 18:20:59,15732.78,Product Returned,Rejected
REF007660,TXN001694,,MER01471,2024-05-31 03:14:45,5713.03,Order Cancelled,Completed
REF007661,TXN006017,CUST00327,MER04024,2024-05-20 23:52:39,16283.94,Duplicate Transaction,Rejected
REF007662,TXN006946,CUST07235,MER06568,2024-09-19 04:09:49,12830.57,Booking Cancelled,Completed
REF007663,TXN005108,CUST07117,MER09666,2024-12-28 04:42:00,177.03,Customer Request,Completed
REF007664,TXN005582,CUST02866,MER09560,2024-05-08 17:46:33,155.98,Product Returned,Pending
REF007665,TXN005897,CUST02044,MER01384,2024-07-25 15:06:48,2488.67,Booking Cancelled,Completed
REF007666,TXN002395,CUST00646,MER08308,2024-12-03 04:37:54,717.45,Order Cancelled,Completed
REF007667,TXN007855,CUST02011,MER06112,2024-06-12 03:49:11,619.95,Customer Request,Pending
REF007668,TXN002837,CUST03355,MER08233,2024-08-05 07:54:31,58489.83,Product Returned,Completed
REF007669,TXN006833,CUST01577,MER06818,2024-02-25 04:28:22,307.85,Duplicate Transaction,Completed
REF007670,TXN000500,CUST02701,MER03726,2024-05-12 21:54:03,63537.95,Customer Request,Completed
REF007671,TXN006682,CUST04961,MER05940,2024-06-24 15:28:56,19120.68,Duplicate Transaction,Completed
REF007672,TXN008780,CUST03456,MER07878,2024-07-05 05:04:51,384.93,Order Cancelled,Pending
REF007673,TXN006785,CUST05531,MER07184,2024-05-15 20:20:43,unknown,Duplicate Transaction,Completed
REF007674,TXN003499,CUST00607,MER06609,2024-03-14 06:41:45,2871.23,Booking Cancelled,Completed
REF007675,TXN000113,CUST05948,MER00162,2024-04-11 02:06:12,2374.24,Product Returned,Rejected
REF007676,TXN004944,CUST07049,MER05134,2024-11-02 13:53:45,5023.97,Duplicate Transaction,Completed
REF007677,TXN000735,CUST08882,MER00563,24/03/2024,313.28,Customer Request,Rejected
REF007678,TXN001172,CUST07689,MER05962,2024-06-13 14:52:12,7232.81,Duplicate Transaction,Completed
REF007679,,CUST03423,MER08323,2024-06-20 09:18:13,67423.06,Booking Cancelled,Completed
REF007680,TXN009377,CUST01387,MER00789,2025-01-07 20:13:23,87059.05,Product Returned,Pending
REF007681,TXN006764,CUST00452,MER06647,2024-05-20 13:13:56,68834.04,Duplicate Transaction,Pending
REF007682,TXN005607,CUST07272,MER09867,2024-07-09 12:16:04,82754.32,Booking Cancelled,Completed
REF007683,,CUST00434,MER00479,2024-05-21 08:35:01,43626.25,Order Cancelled,Completed
REF007684,TXN007362,CUST09209,MER00751,2024-08-09 06:30:46,11064.64,Order Cancelled,Rejected
REF007685,TXN007295,CUST06127,MER04122,2024-02-25 08:10:18,669.88,Product Returned,Rejected
REF007686,TXN006367,CUST07433,MER06504,,14387.83,Customer Request,Completed
REF007687,TXN009996,CUST01341,MER05721,2024-12-31 20:54:35,2832.89,Customer Request,Completed
REF007688,TXN009816,CUST00163,MER04160,2025-01-20 10:12:50,29.62,Duplicate Transaction,Completed
REF007689,TXN008722,CUST06114,MER06209,2024-07-02 08:31:35,13810.85,Booking Cancelled,Completed
REF007690,TXN003222,CUST08086,MER08702,2024-03-02 19:43:51,7937.08,Booking Cancelled,Pending
REF007691,TXN004635,CUST00758,MER08158,2024-08-16 12:54:02,9135.71,Order Cancelled,Pending
REF007692,TXN004405,CUST03962,MER01352,22/12/2024,,Booking Cancelled,Completed
REF007693,TXN004470,CUST06000,MER00453,2024-06-08 08:32:30,1613.03,Booking Cancelled,Completed
,TXN006595,CUST06141,MER03237,2024-12-07 02:29:55,8873.64,Booking Cancelled,Completed
REF007695,TXN005220,CUST01616,,2024-05-31 02:12:24,182.88,Booking Cancelled,Pending
REF007696,TXN002640,CUST02563,MER06303,2024-10-23 21:04:26,70959.85,Customer Request,Completed
REF007697,TXN009470,CUST04774,MER08408,2024-09-27 16:24:49,366.47,Product Returned,Completed
REF007698,TXN003217,CUST03905,MER05002,2024-02-24 06:00:28,321.9,Booking Cancelled,Completed
REF007699,TXN006271,CUST05788,MER03514,2024-11-17 19:46:05,6512.48,Booking Cancelled,Completed
REF007700,TXN006632,CUST08726,MER09062,2024-02-29 06:50:25,3068.33,Product Returned,Completed
REF007701,TXN002887,CUST03092,MER01177,2024-02-14 10:30:38,3908.4,Duplicate Transaction,Completed
REF007702,TXN008765,CUST09336,MER06208,2024-06-25 11:00:52,7361.95,Product Returned,Completed
REF007703,TXN001103,CUST04220,MER08547,2024-06-09 11:40:59,844.2,Product Returned,Pending
REF007704,TXN004895,CUST03411,MER09722,2024-02-23 23:01:41,125.5,Duplicate Transaction,Completed
,,CUST01605,MER01669,2024-09-11 14:50:21,21490.62,Duplicate Transaction,Completed
REF007706,TXN004080,CUST06874,MER02068,2024-02-13 04:03:05,42041.7,Customer Request,Completed
REF007707,TXN005603,CUST03759,MER08893,2024-06-13 09:35:05,116510.06,Order Cancelled,Completed
REF007708,TXN003650,CUST04636,MER01597,2024-09-14 07:40:45,41242.64,Customer Request,Pending
REF007709,TXN006207,CUST06315,MER07632,2024-01-23 09:00:06,11421.39,Customer Request,Completed
REF007710,TXN007532,CUST03497,MER09470,2024-11-06 14:39:25,19545.63,Product Returned,Completed
REF007711,TXN009344,CUST02918,MER04692,2024-03-19 06:19:12,23214.94,Booking Cancelled,Completed
REF007712,TXN006433,CUST07283,MER08414,2024-09-23 14:35:32,16906.8,Order Cancelled,Pending
REF007713,TXN006188,CUST07149,MER07718,,426.64,Product Returned,
REF007714,TXN007822,CUST01808,MER03645,2024-07-22 23:07:10,129.4,Customer Request,Completed
REF007715,TXN006388,CUST02969,MER01357,2024-05-24 04:44:20,28920.22,Product Returned,Completed
REF007716,TXN000509,CUST06141,MER07880,2024-12-04 02:19:03,129.0,Customer Request,Completed
REF007717,TXN009806,CUST02503,MER09320,2024-04-28 21:00:36,46870.57,Duplicate Transaction,Pending
REF007718,TXN005529,CUST00130,MER08225,2024-06-10 18:45:15,1119.59,Booking Cancelled,Pending
REF007719,TXN006361,CUST03352,MER05216,2024-12-24 21:42:52,993.22,Product Returned,Completed
REF007720,TXN009615,CUST05743,MER08957,2024-09-02 02:13:21,2519.86,Booking Cancelled,Completed
REF007721,TXN008976,CUST03787,MER01631,2024-06-18 10:08:31,271.98,Customer Request,Pending
REF007722,TXN008169,CUST04293,MER08565,2024-01-26 03:11:07,6635.08,Duplicate Transaction,Completed
REF007723,TXN006048,CUST07806,MER00834,2024-07-24 11:44:21,934.53,Customer Request,Completed
REF007724,TXN002330,CUST06381,MER08973,2024-06-15 05:12:12,25340.33,Product Returned,Pending
REF007725,TXN002264,CUST09846,MER04943,2024-10-24 09:55:35,3127.65,Product Returned,Completed
REF007726,TXN009986,CUST02190,MER02396,,74.72,Order Cancelled,Completed
REF007727,TXN009142,CUST09923,MER08080,2024-08-17 03:18:36,8425.75,Booking Cancelled,Completed
REF007728,TXN005942,CUST00752,MER01960,2024-05-13 05:36:55,1744.66,Order Cancelled,Pending
REF007729,TXN000098,CUST00260,MER06788,2024-08-02 16:29:01,5754.11,Duplicate Transaction,Completed
REF007730,TXN004752,CUST01441,MER09138,2024-07-21 03:27:36,2666.7,Duplicate Transaction,Pending
REF007731,TXN008161,CUST09321,MER00879,2024-07-06 03:25:37,11749.68,Customer Request,Completed
REF007732,TXN005348,CUST06722,MER06194,2024-10-16 01:00:06,7793.06,Duplicate Transaction,Completed
REF007733,TXN009254,CUST03129,MER03706,2024-07-12 22:03:52,16903.46,Duplicate Transaction,Completed
REF007734,TXN006689,CUST06385,MER05230,2024-12-17 15:59:30,4850.88,Duplicate Transaction,Completed
REF007735,TXN006338,CUST03801,MER09056,2024-08-08 01:08:54,895.84,Product Returned,Rejected
REF007736,TXN001613,CUST01785,MER01508,2024-03-20 01:17:43,2273.46,Product Returned,Completed
REF007737,TXN009772,CUST05610,MER04249,2024-10-01 23:23:05,827.04,Product Returned,Completed
REF007738,TXN008326,CUST08596,MER05358,2024-07-03 14:09:33,10635.9,Customer Request,Pending
REF007739,TXN003889,CUST01841,MER07958,2024-04-14 01:57:24,12080.6,Product Returned,Completed
REF007740,TXN008354,CUST06911,MER04735,2024-09-01 00:57:47,9960.02,Product Returned,Completed
REF007741,TXN009378,CUST07536,MER00194,2024-12-01 10:22:57,410.36,Duplicate Transaction,Completed
REF007742,TXN001910,CUST07940,MER01036,2024-04-13 05:21:00,86428.97,Customer Request,Completed
REF007743,TXN006936,CUST03367,UNKNOWN,2024-07-31 04:30:06,12165.44,Customer Request,Pending
REF007744,TXN007791,CUST03467,MER08888,2024-08-22 05:54:00,108917.63,,Pending
REF007745,TXN003814,CUST06376,MER09117,2024-03-16 03:16:17,80359.81,Product Returned,Completed
REF007746,TXN008954,CUST01812,MER09157,2024-02-23 23:54:08,114641.24,Booking Cancelled,Completed
REF007747,TXN005912,CUST09805,MER08671,2024-12-15 16:25:11,36649.84,Order Cancelled,Rejected
REF007748,TXN000037,CUST08418,MER08493,2024-12-22 15:53:38,1561.59,Product Returned,Completed
REF007749,TXN005163,CUST02182,MER07500,2024-04-20 06:56:02,533.63,Order Cancelled,Completed
REF007750,TXN007446,CUST06843,MER00637,2024-09-30 22:39:53,323.76,Duplicate Transaction,Completed
REF007751,TXN007481,CUST05946,MER00730,2024-01-26 22:53:52,16272.29,Customer Request,Completed
REF007752,TXN008765,CUST09336,MER06208,2024-06-19 11:00:52,14723.9,Duplicate Transaction,Completed
REF007753,TXN006066,CUST01889,MER05092,2024-05-09 07:06:00,1538.15,Duplicate Transaction,Completed
REF007754,TXN009410,CUST02918,MER00019,2024-12-29 08:22:38,1769.51,Order Cancelled,Completed
REF007755,TXN009996,CUST01341,MER05721,2025-01-05 20:54:35,3399.47,Customer Request,Completed
REF007756,TXN001926,CUST09536,MER05146,2024-04-29 19:46:27,575.42,Order Cancelled,Rejected
REF007757,TXN000890,CUST00046,MER05817,2024-10-11 15:26:38,61400.17,Customer Request,Pending
REF007758,TXN003163,CUST05838,MER03393,2024-02-20 02:54:05,49431.06,Product Returned,Completed
REF007759,TXN004101,CUST03935,MER00098,2024-05-02 03:50:53,6955.57,Customer Request,Completed
REF007760,TXN006460,CUST06336,MER09265,2024-08-12 14:56:35,1530.19,Order Cancelled,Completed
REF007761,TXN009821,CUST01648,MER01907,2024-07-25 18:25:58,63825.17,Duplicate Transaction,Completed
REF007762,TXN001459,CUST00324,MER03641,2024-02-11 20:39:16,117018.07,Customer Request,Completed
REF007763,TXN007748,CUST03968,MER03454,2024-07-02 23:08:21,33748.48,Duplicate Transaction,Completed
REF007764,TXN004006,CUST03207,MER01872,2024-06-27 04:26:41,852.96,Duplicate Transaction,Completed
REF007765,TXN000023,CUST08371,MER04561,2024-05-27 11:06:05,24025.07,Customer Request,Completed
REF007766,TXN001606,CUST00748,MER09694,2024-06-01 01:58:02,1995.71,Duplicate Transaction,Completed
REF007767,TXN003590,CUST08743,MER07711,2024-07-15 23:31:42,26568.42,Booking Cancelled,Rejected
REF007768,TXN001886,CUST04888,MER06339,2024-02-25 22:24:36,1325.75,Customer Request,Pending
REF007769,TXN008087,CUST02748,MER06966,2024-06-23 03:07:09,1843.28,Product Returned,Completed
REF007770,TXN004119,CUST07856,MER06418,2024-05-22 15:23:15,15880.61,Duplicate Transaction,Completed
REF007771,TXN007736,CUST05425,MER03828,2024-07-21 11:25:31,503.46,Duplicate Transaction,Completed
REF007772,TXN001505,CUST05893,MER02452,2024-08-15 23:52:41,19438.72,Order Cancelled,Completed
REF007773,TXN006606,CUST07152,MER07716,2024-06-25 07:16:26,10570.19,Order Cancelled,Pending
REF007774,TXN004328,CUST09218,MER01049,2025-01-03 10:31:05,18369.32,Duplicate Transaction,Completed
REF007775,TXN006964,CUST04969,MER04915,2024-10-10 21:57:33,2436.49,Order Cancelled,Completed
REF007776,TXN001477,CUST04623,MER09593,2024-01-20 16:16:44,5400.57,Duplicate Transaction,Completed
REF007777,TXN009680,CUST04286,MER08513,2024-11-06 13:52:15,1840.33,Product Returned,Completed
REF007778,TXN006278,CUST01767,MER07349,2024-04-29 15:49:48,318.07,Booking Cancelled,Completed
REF007779,TXN007586,CUST01062,MER01820,2024-02-25 01:03:36,7558.87,Duplicate Transaction,Pending
REF007780,TXN002195,CUST06264,MER01774,2024-10-05 20:53:14,,Product Returned,Rejected
REF007781,TXN005624,CUST08492,MER03822,2024-08-14 05:42:31,233.17,Product Returned,Pending
REF007782,TXN003509,CUST02634,MER08981,2024-06-03 08:33:25,7837.34,Customer Request,Pending
REF007783,TXN009058,CUST07795,MER05714,2024-07-01 16:22:10,12099.12,Product Returned,Completed
REF007784,TXN008127,UNKNOWN,MER06562,2024-12-14 06:52:46,2214.21,Customer Request,Completed
REF007785,TXN000931,CUST09881,MER06204,2024-01-15 09:40:02,1395.72,Product Returned,Completed
REF007786,UNKNOWN,CUST01393,MER08351,2024-02-05 23:35:25,28210.28,Order Cancelled,Rejected
,TXN003459,CUST05434,MER05652,2024-08-14 02:11:47,79806.37,Customer Request,Pending
REF007788,TXN001845,CUST05524,MER07435,2024-07-27 08:16:20,unknown,Customer Request,Completed
REF007789,TXN007268,CUST05127,MER08278,,418.25,Order Cancelled,Completed
REF007790,TXN000798,CUST00283,MER04582,2024-12-24 23:59:52,5911.81,Product Returned,Pending
REF007791,TXN003140,CUST06460,MER02207,2024-09-18 00:32:43,48362.74,Customer Request,Completed
REF007792,TXN000174,CUST01394,MER07418,2024-07-09 18:19:47,282.24,Order Cancelled,Pending
,TXN001791,CUST05209,MER01283,2024-01-23 21:49:04,97905.62,Order Cancelled,Completed
REF007794,TXN007577,CUST08395,MER06853,2024-11-11 06:40:48,15255.09,Duplicate Transaction,Completed
REF007795,TXN007299,CUST08671,MER04624,2025-01-09 05:33:13,592.62,Customer Request,Completed
REF007796,TXN006875,CUST08294,MER00614,2024-07-08 13:01:16,1736.45,Booking Cancelled,Rejected
REF007797,TXN000896,CUST04444,MER04361,2024-06-23 04:28:22,852.12,Product Returned,Completed
REF007798,TXN007011,CUST08017,MER04799,2024-12-05 23:21:10,2044.38,Product Returned,Pending
REF007799,TXN007555,CUST06532,MER00610,2024-08-02 00:28:31,797.04,Customer Request,Completed
REF007800,TXN000204,CUST00625,,2024-10-02 08:57:12,32645.25,Booking Cancelled,Completed
REF007801,TXN006521,CUST09438,MER00470,2024-10-18 20:29:19,6589.55,Booking Cancelled,Completed
REF007802,TXN003828,CUST01440,MER04960,2024-10-16 02:53:36,606.48,Customer Request,Completed
REF007803,TXN003550,CUST05563,MER08747,2024-05-11 06:29:53,496.92,Duplicate Transaction,Completed
REF007804,TXN009234,CUST04485,MER07912,2024-11-14 12:29:18,2577.0,Booking Cancelled,Pending
REF007805,TXN003779,CUST01462,MER07726,2024-09-01 15:18:05,301.41,Customer Request,Completed
REF007806,TXN006301,CUST01978,MER07715,2024-06-05 00:03:44,48276.17,Order Cancelled,Completed
REF007807,TXN007628,CUST03874,MER03667,2024-05-06 10:05:59,238.31,Customer Request,Completed
REF007808,TXN001669,CUST01091,MER05263,2024-11-14 04:55:03,17379.5,Duplicate Transaction,Completed
REF007809,TXN001221,CUST02305,MER00853,2024-01-28 18:29:36,2279.41,Product Returned,Completed
REF007810,TXN009724,CUST09297,MER01848,2024-08-01 02:25:17,4052.97,Booking Cancelled,Completed
REF007811,TXN001340,CUST09741,MER02840,,218.12,Customer Request,Rejected
REF007812,TXN007312,CUST01046,MER07688,2024-07-11 11:39:01,49900.28,Duplicate Transaction,Pending
REF007813,TXN006407,CUST06964,MER09058,2024-11-10 02:37:06,780.8,Product Returned,Pending
REF007814,TXN009593,CUST07208,MER04520,2024-01-12 05:29:49,7543.5,Booking Cancelled,Completed
REF007815,TXN002064,CUST04223,MER06808,2024-02-15 19:32:10,23162.24,Booking Cancelled,Completed
REF007816,TXN008636,CUST00415,MER04824,2024-11-12 01:22:52,342.29,Duplicate Transaction,Pending
REF007817,TXN004475,CUST01317,MER04277,2024-12-01 18:38:58,83636.81,Product Returned,Pending
REF007818,,CUST04982,MER07021,2024-02-24 22:07:44,5487.35,Booking Cancelled,Completed
REF007819,TXN002841,CUST08891,MER03659,,61229.48,Booking Cancelled,Completed
REF007820,TXN005867,CUST04568,MER01339,2024-02-06 18:21:42,2084.39,Order Cancelled,Pending
REF007821,TXN005854,CUST08778,MER03262,2024-10-28 01:51:07,207.61,Customer Request,Completed
REF007822,TXN003433,CUST09380,MER02179,2024-05-22 06:46:50,14599.94,Customer Request,Completed
REF007823,TXN008891,CUST06554,MER06535,2024-04-27 06:49:50,69129.94,Product Returned,Completed
REF007824,TXN002115,CUST06047,MER07228,2024-12-15 10:02:38,3288.92,Duplicate Transaction,Completed
REF007825,TXN001401,CUST08880,MER04670,2024-06-11 22:09:05,1554.58,Product Returned,Completed
REF007826,TXN000676,CUST03888,MER02267,2024-12-27 16:17:15,754.03,Duplicate Transaction,Completed
REF007827,TXN007484,CUST09631,MER00238,2024-02-18 10:16:55,1293.94,Customer Request,Completed
REF007828,TXN004580,CUST07769,MER00908,2024-05-24 20:53:36,658.28,Order Cancelled,Completed
REF007829,TXN006285,CUST02273,MER09222,2024-06-11 06:19:52,71.17,Customer Request,Pending
REF007830,TXN005613,CUST00353,MER00576,2024-01-23 08:42:33,1123.1,Order Cancelled,Completed
REF007831,TXN009661,CUST02935,MER07096,2024-12-07 13:09:08,14425.0,Order Cancelled,Rejected
REF007832,TXN004750,CUST04066,MER07640,2024-03-31 04:44:21,1564.98,Customer Request,Completed
REF007833,TXN002692,CUST07001,MER06805,2024-04-16 06:12:35,24813.01,Order Cancelled,Completed
,TXN004402,,MER07282,2024-03-15 03:39:30,49939.91,Customer Request,Pending
REF007835,TXN004836,CUST01256,MER06081,2024-03-11 05:20:08,6995.7,Product Returned,Completed
REF007836,TXN009441,CUST05720,MER05659,2024-05-16 02:06:23,78758.2,Duplicate Transaction,Rejected
REF007837,TXN009725,CUST03675,MER07579,2024-05-14 19:19:33,14818.82,Product Returned,Completed
REF007838,TXN004708,CUST01189,MER04317,2024-02-19 16:36:38,4325.35,Product Returned,Completed
REF007839,TXN001870,CUST09450,MER05825,2024-11-01 10:43:16,20046.61,Product Returned,Pending
REF007840,TXN002032,CUST07908,MER01368,2024-12-05 05:54:56,1766.74,Order Cancelled,Pending
REF007841,TXN002718,CUST03730,MER00723,2024-09-24 03:32:27,17060.55,Product Returned,Completed
REF007842,TXN005211,CUST07372,MER03731,2024-10-06 23:16:51,49254.06,Order Cancelled,Completed
REF007843,TXN001992,CUST08765,MER03286,2024-07-30 03:22:28,64.34,Customer Request,Completed
REF007844,TXN006703,CUST00171,MER05514,2024-08-28 08:39:12,1546.14,Order Cancelled,Completed
REF007845,TXN008263,CUST05294,MER05859,2024-08-24 10:17:06,625.65,Customer Request,Completed
REF007846,TXN005572,CUST04949,MER08339,2024-09-02 18:05:22,8647.72,Booking Cancelled,Completed
REF007847,TXN007307,,MER03077,2024-02-03 20:46:46,73935.56,Customer Request,Completed
REF007848,TXN001716,CUST01034,MER05337,2024-05-20 14:13:54,,Booking Cancelled,Pending
REF007849,TXN000975,CUST01612,MER06144,2024-05-01 11:48:08,7287.72,Order Cancelled,Pending
REF007850,TXN002107,CUST08225,MER04325,2024-12-19 11:51:25,881.0,Customer Request,Completed
REF007851,TXN006843,CUST05139,MER05017,2024-04-24 05:20:24,5243.68,Booking Cancelled,Completed
REF007852,TXN002879,CUST02299,,2024-02-24 23:12:38,61410.71,Customer Request,Completed
REF007853,TXN006926,CUST05923,MER06082,2024-03-03 02:39:31,19564.41,Booking Cancelled,Completed
REF007854,TXN006301,CUST01978,MER07715,2024-06-01 00:03:44,48276.17,Duplicate Transaction,Completed
REF007855,TXN003026,CUST05491,,2024-08-01 02:56:33,4718.26,Product Returned,Completed
REF007856,TXN007462,CUST05719,MER08785,2024-04-02 11:22:36,1123.91,Order Cancelled,Completed
REF007857,TXN007117,CUST08643,MER01287,2024-02-03 14:10:01,,Product Returned,Pending
REF007858,TXN005607,CUST07272,MER09867,,17240.48,Booking Cancelled,Completed
REF007859,TXN000170,CUST04331,MER03214,2024-02-20 22:53:39,45368.88,Duplicate Transaction,Completed
REF007860,TXN009992,CUST07239,MER08660,2024-05-18 08:32:34,18905.95,Duplicate Transaction,Rejected
REF007861,TXN007369,CUST06984,,2024-08-02 16:29:23,22208.24,Booking Cancelled,Completed
REF007862,TXN002204,CUST07804,MER09276,2024-04-01 10:49:34,3539.41,Booking Cancelled,Pending
REF007863,TXN008347,CUST09193,MER06720,2024-06-17 08:58:56,90799.76,Order Cancelled,Completed
REF007864,TXN007453,CUST04772,MER03351,2024-08-12 08:03:52,108958.46,Customer Request,Completed
REF007865,TXN007309,CUST07012,MER03224,2024-12-13 13:45:59,6926.91,Product Returned,Completed
REF007866,TXN006841,CUST08996,MER00558,2024-07-11 07:38:11,326.12,Booking Cancelled,Completed
REF007867,TXN006499,CUST07376,,2024-07-31 21:24:37,6667.96,Booking Cancelled,Completed
REF007868,TXN008150,,MER05990,2024-06-22 07:45:46,1501.53,Product Returned,Pending
REF007869,TXN003497,CUST03414,MER04869,2024-11-10 04:24:15,67607.04,Product Returned,Completed
REF007870,TXN004400,CUST01546,MER06111,2024-08-09 04:39:39,369.96,Product Returned,Completed
REF007871,TXN003932,CUST03132,MER07141,2024-09-27 05:59:34,7977.28,Customer Request,Rejected
REF007872,TXN002644,CUST06447,MER05346,2024-08-13 13:43:50,51.31,Duplicate Transaction,Rejected
REF007873,TXN006592,CUST03849,MER03668,2024-05-19 05:19:22,11221.81,Duplicate Transaction,Completed
REF007874,TXN001400,CUST04925,MER01903,2024-11-28 05:08:23,86532.71,Booking Cancelled,Pending
REF007875,TXN009949,CUST03877,MER09933,2024-09-09 21:25:16,256.73,Order Cancelled,Completed
REF007876,TXN009838,CUST08867,MER01820,2024-09-18 08:36:06,2923.84,Order Cancelled,Pending
REF007877,TXN003767,CUST09653,MER05028,2024-10-16 04:15:10,22231.13,Booking Cancelled,Completed
REF007878,TXN000764,CUST03413,MER07403,2024-07-31 02:27:14,46676.73,Order Cancelled,Completed
REF007879,TXN007932,CUST05112,,2024-08-03 02:37:10,11153.18,Duplicate Transaction,Completed
REF006707,TXN001338,CUST06757,MER06282,2024-10-13 16:03:14,96151.92,Booking Cancelled,Completed
REF007881,TXN004047,CUST07448,MER04701,2024-12-14 00:51:21,unknown,Order Cancelled,Rejected
REF007882,TXN005068,,MER00627,2024-08-06 19:04:20,11528.69,Product Returned,Completed
REF007883,,UNKNOWN,MER02293,2024-06-04 08:38:43,8917.49,Customer Request,Completed
REF007884,TXN008795,CUST07348,MER03752,2024-12-22 07:44:05,68103.91,Order Cancelled,Completed
REF007885,TXN003934,CUST03898,,2024-10-17 13:57:18,1554.57,Duplicate Transaction,Pending
REF007886,TXN003132,CUST03254,MER07788,2024-07-22 16:33:17,1480.85,Duplicate Transaction,Completed
REF007887,TXN001265,CUST04130,MER04311,2024-05-09 01:44:51,852.66,Booking Cancelled,Pending
REF007888,TXN009222,CUST03975,MER03356,2024-02-17 19:18:55,2157.01,Product Returned,Pending
REF007889,TXN001157,CUST07324,MER01492,2024-08-07 05:36:22,,Booking Cancelled,Pending
REF007890,TXN003505,,MER02536,28/03/2024,97185.9,Duplicate Transaction,Pending
REF007891,TXN001423,CUST08077,MER09881,2024-06-14 14:19:21,41255.73,Customer Request,Pending
REF007892,TXN004098,CUST00858,MER03471,2024-04-18 12:28:13,17177.29,Product Returned,Completed
REF007893,TXN008409,CUST05212,MER05785,2024-06-21 06:46:45,97378.75,Duplicate Transaction,Completed
REF007894,TXN006845,CUST01341,MER06369,2024-05-31 08:12:41,unknown,Product Returned,Rejected
REF007895,TXN003875,CUST06278,MER08956,2024-09-10 23:15:56,86481.18,,Completed
REF007896,TXN003293,CUST05200,MER04025,2024-01-21 20:26:21,26994.8,Order Cancelled,Completed
REF007897,TXN001637,CUST08966,MER09823,2024-10-11 07:48:22,477.36,Customer Request,Completed
REF007898,TXN000666,CUST07252,MER09752,2024-02-12 12:23:06,75478.65,Booking Cancelled,Completed
REF007899,TXN007933,CUST07989,MER09045,2024-05-28 08:55:00,12125.74,Order Cancelled,Completed
REF007900,TXN005833,CUST09374,MER06565,2024-05-05 22:12:32,367.04,Booking Cancelled,Pending
REF007901,TXN003080,CUST08910,MER01280,2024-04-22 22:40:31,21575.32,Booking Cancelled,Completed
REF007902,TXN006903,CUST04184,MER05438,2024-03-29 07:49:50,181.1,Duplicate Transaction,Completed
REF007903,TXN004958,CUST02334,MER04314,2024-12-06 18:15:28,93154.27,Customer Request,Rejected
REF007904,TXN005287,CUST05644,MER00746,2024-06-12 12:24:23,467.18,Product Returned,Completed
REF007905,TXN005795,CUST01615,MER02975,2024-09-14 00:47:35,2142.35,Booking Cancelled,Rejected
REF007906,TXN005370,CUST07156,MER03782,2024-08-03 23:32:56,147.74,Customer Request,Completed
REF007907,TXN005220,CUST01616,MER08406,2024-06-11 02:12:24,182.88,Order Cancelled,Completed
REF007908,TXN001554,CUST06734,MER06012,2024-12-20 18:11:10,1829.66,Duplicate Transaction,Completed
REF007909,TXN006369,CUST05847,MER01898,2024-06-08 01:02:17,280.67,Duplicate Transaction,Pending
REF007910,TXN006168,CUST06637,MER08121,2024-05-23 08:12:19,100.73,Duplicate Transaction,Completed
REF007911,TXN007139,CUST08757,MER08463,01/09/2024,42.61,Customer Request,Completed
REF007912,TXN004446,CUST00303,MER05165,2024-10-26 07:56:00,,Customer Request,Pending
REF007913,TXN002056,CUST01374,MER01222,2024-11-17 14:41:19,16218.81,Order Cancelled,Completed
REF007914,TXN000931,CUST09881,MER06204,2024-01-17 09:40:02,1674.86,Customer Request,Completed
REF007915,TXN008574,CUST07687,MER06194,2024-04-30 17:25:43,14614.46,Order Cancelled,Completed
REF007916,TXN007472,CUST08894,MER00269,2024-08-09 01:21:44,97685.89,Customer Request,Completed
REF007917,TXN001545,CUST00237,MER00613,,20600.59,Order Cancelled,Completed
REF007918,TXN003094,CUST02207,MER00021,2024-02-12 16:52:28,358.06,Order Cancelled,Pending
REF007919,TXN001563,CUST02526,MER01894,2024-12-14 09:38:37,16884.92,Order Cancelled,Pending
REF007920,TXN006148,CUST03940,MER06109,2024-06-05 20:03:48,158.14,Product Returned,Completed
REF007921,TXN007447,CUST08493,MER03619,2025-01-11 11:54:29,51099.02,Product Returned,Completed
REF007922,TXN000245,CUST02337,MER02822,2024-06-28 03:10:22,15562.6,Order Cancelled,Completed
REF007923,TXN008968,CUST02629,MER03447,2024-09-19 07:49:14,156.79,Product Returned,Completed
REF007924,TXN003030,CUST02364,MER09494,2024-04-21 05:11:06,1419.74,Product Returned,Completed
REF007925,TXN003386,CUST06887,MER07117,2024-12-19 21:15:54,17649.31,Customer Request,Pending
REF007926,TXN001245,CUST01923,MER02127,2024-10-05 08:59:45,35771.16,Order Cancelled,Completed
REF007927,TXN002887,CUST03092,MER01177,2024-03-06 10:30:38,3908.4,Booking Cancelled,Pending
REF007928,TXN007159,CUST01876,MER06800,2024-01-16 23:56:42,77362.8,Product Returned,Pending
REF007929,TXN005456,CUST09945,MER03453,2024-03-26 11:55:14,23399.29,Booking Cancelled,Completed
REF007930,TXN001358,CUST09693,MER07982,2024-01-21 03:27:11,9216.65,Booking Cancelled,Rejected
REF007931,TXN004201,CUST00373,MER06380,,31.26,Customer Request,Completed
REF007932,TXN002727,CUST07833,MER00067,2024-01-10 07:24:31,19190.78,Customer Request,Completed
REF007933,TXN007440,CUST04691,MER00412,2024-11-28 02:42:17,82513.71,Duplicate Transaction,Completed
REF007934,TXN001659,CUST04524,MER06020,2024-11-20 18:55:19,28976.98,Product Returned,Completed
REF007935,TXN008714,CUST04073,MER01685,2024-05-18 19:29:08,16509.94,Order Cancelled,Rejected
REF007936,TXN006548,CUST02003,MER06462,2024-03-15 11:41:13,155.6,Duplicate Transaction,Completed
REF007937,TXN006185,CUST05461,MER09323,2024-12-07 13:39:22,564.87,Duplicate Transaction,Pending
REF007938,TXN007082,CUST08495,MER02186,2024-11-04 09:14:02,536.71,Duplicate Transaction,Completed
REF007939,TXN003916,CUST05916,MER01450,2024-06-13 05:10:58,657.86,Order Cancelled,Pending
REF007940,TXN002662,CUST03777,MER01835,2024-10-24 06:33:20,28064.46,,Rejected
REF007941,TXN008204,CUST02279,MER09066,2024-04-02 02:59:38,1466.31,Duplicate Transaction,Completed
REF007942,TXN003809,CUST05727,MER03283,2024-02-12 01:03:08,17993.79,Order Cancelled,Completed
REF007943,TXN002239,CUST04596,MER07777,2024-04-03 04:51:38,14570.94,Order Cancelled,Completed
REF007944,TXN008168,CUST06044,MER08322,2024-10-15 12:16:43,3076.2,Order Cancelled,Completed
REF007945,TXN009359,CUST03120,MER06642,2024-03-12 21:02:16,1021.61,Product Returned,Completed
REF007946,,CUST01346,MER07598,2024-11-08 08:29:38,6716.0,Product Returned,Pending
REF007947,TXN007398,CUST08685,MER09810,2024-04-22 09:22:43,4623.34,Order Cancelled,Completed
REF007948,TXN004302,CUST00197,MER04111,2024-07-16 17:29:12,15695.07,Order Cancelled,Completed
REF007949,TXN004033,CUST07814,MER05503,2024-09-07 03:28:26,54654.45,Customer Request,Completed
REF007950,TXN000717,CUST08241,MER09235,2024-04-30 12:27:52,603.1,Product Returned,Rejected
REF007951,TXN002600,CUST06920,MER00304,2024-10-10 16:47:33,1046.99,Product Returned,Completed
REF007952,TXN003059,CUST05217,MER08100,2024-07-05 19:31:13,3237.11,Customer Request,Completed
REF007953,TXN004662,CUST09290,MER03865,2024-02-23 09:08:22,98597.63,Product Returned,Completed
REF007954,TXN007619,CUST01760,MER03850,2024-04-03 05:25:41,,Product Returned,Pending
REF007955,TXN007014,CUST05592,MER05700,2024-02-27 20:34:45,5186.26,Customer Request,Completed
REF007956,TXN006843,CUST05139,MER05017,2024-04-27 05:20:24,10487.37,Order Cancelled,Completed
REF007957,TXN001681,CUST07076,MER04527,2024-07-08 04:33:36,158.9,Customer Request,Pending
REF007958,TXN006308,UNKNOWN,,2025-01-02 15:53:15,16802.78,Customer Request,Completed
REF007959,TXN009741,CUST02812,MER01478,2024-06-14 12:05:51,9795.09,Customer Request,Completed
REF007960,TXN003854,CUST03829,MER08897,2024-09-29 22:55:46,189.97,Customer Request,Completed
REF007961,TXN006627,CUST07208,MER08012,2024-04-23 08:47:33,327.17,Duplicate Transaction,Completed
REF007962,TXN000910,CUST01381,MER02627,2024-04-06 22:35:03,16320.99,Booking Cancelled,Rejected
REF007963,TXN005335,CUST01980,MER06468,2024-08-20 22:54:34,8509.02,Customer Request,Completed
REF007964,TXN005311,CUST08292,MER07482,2024-02-15 14:09:37,59747.29,Booking Cancelled,Completed
REF007965,TXN003035,CUST00756,MER01938,2025-01-10 21:58:18,14981.23,Booking Cancelled,Completed
REF007966,TXN003924,CUST02256,MER06230,2024-03-01 12:26:55,3744.04,Customer Request,Completed
REF007967,TXN009852,CUST09156,MER02223,2024-11-10 14:29:17,54349.69,Order Cancelled,Rejected
REF007968,TXN000633,CUST01641,MER09287,2024-09-30 22:28:58,1947.56,Booking Cancelled,Pending
REF007969,TXN005975,CUST02596,MER03256,2024-05-26 08:46:55,28750.17,Booking Cancelled,Pending
REF007970,TXN003196,CUST00770,MER02868,2024-07-25 03:33:53,84509.24,Customer Request,Completed
REF007971,TXN001120,CUST03744,MER00233,2024-09-03 17:01:32,74391.74,Duplicate Transaction,Completed
REF007972,TXN000611,CUST00233,MER07019,2024-12-08 22:50:51,79659.24,Order Cancelled,Completed
REF007973,TXN002470,CUST08072,MER03999,2024-06-28 17:35:49,154.35,Product Returned,
REF007974,TXN000691,CUST02464,MER03883,2024-07-26 18:43:48,53099.61,Order Cancelled,Completed
REF007975,TXN003879,CUST03690,MER02747,2024-06-01 07:08:01,948.31,Booking Cancelled,Completed
REF007976,TXN005532,CUST00011,MER08686,2024-02-17 04:44:52,6236.67,Customer Request,Completed
REF007977,TXN008085,CUST01913,MER07609,2024-03-31 00:44:29,21993.67,Product Returned,Completed
REF007978,TXN004243,CUST07408,MER06579,2024-08-05 02:15:33,13554.83,Customer Request,Completed
REF007979,TXN008362,CUST09318,,2024-04-14 06:25:10,9757.43,Order Cancelled,Pending
REF007980,TXN001967,CUST06761,MER01226,2024-12-28 10:42:13,15553.0,Product Returned,Completed
REF007981,TXN003157,,MER09374,2024-08-26 02:11:28,39.24,Customer Request,Pending
REF007982,TXN008017,CUST05429,MER08640,2024-09-27 23:41:46,208.42,Customer Request,Completed
REF007983,TXN009902,CUST01794,MER08481,2024-05-17 17:58:57,968.63,Booking Cancelled,Completed
REF007984,TXN001774,CUST09311,MER09974,2024-11-01 21:07:15,unknown,Product Returned,Completed
REF007985,TXN004884,CUST02326,MER00054,2024-10-16 00:54:18,726.7,Booking Cancelled,Completed
REF007986,TXN007918,CUST00816,MER03255,2024-11-19 09:21:39,77783.3,Booking Cancelled,Completed
REF007987,TXN007338,CUST02380,MER02812,2024-09-29 02:24:07,10595.14,Duplicate Transaction,
REF007988,TXN008211,,MER03123,2024-06-08 23:50:44,54051.91,Duplicate Transaction,Completed
REF007989,TXN006559,CUST05992,MER00718,2024-04-17 12:07:57,9293.02,Duplicate Transaction,Completed
REF007990,TXN002724,CUST09651,MER06645,2024-10-13 13:43:08,1510.68,Customer Request,Completed
REF007991,TXN008365,CUST00584,MER08472,2024-11-05 18:11:10,43849.88,Duplicate Transaction,
REF007992,TXN004730,CUST07544,MER07435,2024-03-23 03:17:02,838.48,Duplicate Transaction,Completed
REF007993,TXN004842,CUST08725,MER08252,2024-06-14 11:14:42,58422.65,Booking Cancelled,Pending
REF007994,TXN003591,CUST00898,MER02766,2024-07-24 18:49:56,383.61,Duplicate Transaction,Completed
REF007995,,CUST03495,MER00456,2024-10-15 01:39:17,14253.12,Order Cancelled,Completed
REF007996,TXN004603,CUST01594,MER03486,2025-01-22 23:30:27,1916.84,Booking Cancelled,Completed
REF007997,TXN003905,CUST01305,MER08923,2024-03-26 09:54:53,3494.86,Order Cancelled,
REF007998,TXN004223,CUST08122,MER07581,2024-07-27 01:18:23,21306.8,Booking Cancelled,Completed
REF007999,TXN007148,CUST02877,MER04219,2024-06-28 04:19:30,23708.1,Customer Request,Completed
REF008000,TXN009622,CUST08824,MER08793,2024-11-06 00:45:50,25988.5,Booking Cancelled,Pending
REF008001,TXN008078,CUST07400,MER09439,2024-01-26 22:23:05,696.08,Customer Request,Rejected
REF008002,TXN001053,CUST01901,MER09279,2025-01-12 21:32:38,1078.79,Order Cancelled,Completed
,,CUST09537,MER08807,2024-11-10 11:52:03,17890.46,Product Returned,Completed
REF008004,TXN004575,CUST01261,MER06807,2024-03-08 06:10:57,14096.18,Duplicate Transaction,Completed
REF008005,TXN006270,CUST01645,MER05642,2024-07-29 23:24:45,800.8,Customer Request,Completed
REF008006,TXN005014,CUST08163,MER09789,2024-05-18 23:36:59,16875.79,Duplicate Transaction,Completed
REF008007,TXN001192,UNKNOWN,MER05110,2024-11-16 14:25:48,151.8,Customer Request,Pending
REF008008,TXN001420,CUST06990,MER09643,2024-02-12 04:46:33,11281.06,Duplicate Transaction,Pending
REF008009,TXN006246,CUST01416,MER07075,2024-09-15 21:05:45,81992.72,Duplicate Transaction,Completed
REF008010,TXN000303,CUST09131,MER08404,2024-11-14 01:17:07,4331.98,Product Returned,Completed
REF008011,TXN006650,CUST02452,MER01267,2024-02-22 16:44:39,809.19,Booking Cancelled,Completed
REF008012,TXN003376,CUST06529,MER07993,2024-03-30 05:14:32,175.9,Product Returned,Rejected
REF008013,TXN003553,CUST04212,MER06216,2024-12-17 22:09:41,,Customer Request,Pending
REF008014,TXN009691,CUST04395,MER04176,2024-08-17 03:21:50,99757.1,Duplicate Transaction,Completed
REF008015,TXN006833,CUST01577,MER06818,2024-02-22 04:28:22,615.7,Duplicate Transaction,Completed
REF004507,TXN008417,CUST09252,MER05608,2024-03-10 06:59:18,1936.02,Customer Request,Completed
REF008017,TXN000663,CUST00054,MER03162,2024-06-09 12:27:36,2048.54,Duplicate Transaction,Completed
REF008018,TXN003920,CUST06888,MER01451,2024-08-17 06:41:59,2198.89,Duplicate Transaction,Pending
REF008019,TXN007902,CUST00884,MER06291,2024-01-21 17:33:49,1730.73,Order Cancelled,Completed
REF008020,TXN001108,CUST02107,MER06910,2024-07-30 22:20:21,1338.58,Booking Cancelled,Pending
REF008021,TXN008439,CUST02952,MER01699,2025-01-01 13:19:36,40909.36,Booking Cancelled,Rejected
REF008022,TXN009378,CUST07536,MER00194,2024-12-11 10:22:57,492.43,,Completed
REF008023,,CUST02316,MER05848,2024-09-15 17:47:15,228.6,Booking Cancelled,Completed
REF008024,TXN008609,CUST04694,MER02793,,76.51,Customer Request,Completed
REF008025,TXN008471,CUST01218,MER06206,2024-12-03 16:07:58,52048.29,Product Returned,Completed
REF008026,TXN002733,CUST07339,MER01184,2024-03-11 19:32:30,94458.37,Customer Request,Completed
REF008027,TXN006810,CUST08067,MER03245,2024-09-26 16:14:12,15907.09,Order Cancelled,Completed
REF008028,TXN006845,CUST01341,MER06369,2024-06-01 08:12:41,18714.44,Order Cancelled,Pending
REF008029,TXN009972,CUST09631,MER01905,2024-03-02 16:44:28,35568.38,Product Returned,Completed
REF008030,TXN001603,CUST06362,MER00761,2024-04-17 16:43:33,3079.76,Order Cancelled,Pending
REF008031,TXN002034,CUST09030,MER07369,2024-12-10 00:39:32,4764.68,Booking Cancelled,Completed
REF008032,TXN008753,CUST06571,MER04193,2024-06-30 20:56:48,1191.08,Duplicate Transaction,Completed
REF008033,TXN003677,CUST02068,MER02808,2024-08-09 02:02:03,1512.42,Product Returned,Completed
REF008034,TXN007638,CUST09672,MER03358,2024-10-30 15:58:26,36417.68,Booking Cancelled,Pending
REF008035,TXN009095,CUST05513,MER06576,2024-04-21 21:00:08,67613.52,Product Returned,Completed
REF008036,TXN001824,CUST09310,MER08962,2024-08-28 06:06:14,612.2,Customer Request,Completed
REF008037,TXN009149,CUST08186,MER02862,2024-06-24 13:21:01,321.52,Booking Cancelled,Completed
REF008038,TXN003107,CUST08154,MER07121,2024-03-23 03:29:00,48509.61,,Completed
REF008039,TXN000288,CUST09878,MER08211,2024-11-10 22:49:06,98023.55,Customer Request,Completed
REF008040,TXN002771,CUST07660,MER09739,2024-04-13 06:09:05,89948.89,Product Returned,Completed
REF008041,TXN007786,CUST06262,MER02993,2024-08-29 02:20:23,98693.78,Customer Request,Completed
REF008042,TXN007676,CUST00376,MER04716,,11300.51,Booking Cancelled,Completed
REF008043,TXN002909,CUST08309,MER02234,2024-10-11 07:22:52,1227.93,Booking Cancelled,Completed
REF008044,TXN003796,CUST05138,MER04656,2024-08-03 14:58:42,9601.64,Booking Cancelled,Completed
REF008045,TXN005412,CUST09797,MER00828,2025-01-19 09:55:45,672.73,Order Cancelled,Completed
REF008046,TXN000539,CUST09566,MER01169,2024-02-24 12:43:47,47930.22,Duplicate Transaction,Completed
REF008047,TXN001966,CUST00220,MER08362,2024-06-29 00:34:43,,Booking Cancelled,Completed
REF008048,TXN000944,CUST08503,MER09286,2025-01-13 12:07:33,4316.78,Product Returned,Pending
REF008049,TXN003220,CUST02744,MER00406,2024-05-11 01:15:35,8882.75,Order Cancelled,Completed
REF008050,TXN005178,CUST00054,MER01395,2025-01-23 06:45:52,64315.99,,Pending
REF008051,TXN007369,CUST06984,MER03454,2024-08-06 16:29:23,22208.24,,Rejected
REF008052,TXN008259,CUST09966,MER08351,2024-04-22 11:09:18,1763.78,Order Cancelled,Completed
REF008053,TXN006421,CUST06321,MER01614,2024-11-13 03:24:01,29546.58,Product Returned,Completed
REF008054,TXN007810,CUST01728,MER02835,2024-04-25 01:21:34,24830.42,Duplicate Transaction,Completed
REF008055,TXN002011,CUST04081,MER07982,2024-06-05 03:28:15,2241.73,Order Cancelled,Completed
REF008056,TXN009842,CUST00853,MER00651,2024-07-30 16:00:56,678.59,Product Returned,Completed
REF008057,TXN008187,CUST00030,MER05435,2025-01-09 17:24:57,5727.37,Customer Request,Pending
REF008058,TXN000832,CUST02472,MER05489,2024-03-14 05:49:47,676.95,Booking Cancelled,Pending
REF008059,TXN003286,CUST01851,MER05657,2024-02-04 05:04:06,4889.02,Customer Request,Completed
REF008060,TXN000815,CUST06336,MER02154,2024-11-15 09:19:08,8437.06,Order Cancelled,Rejected
REF008061,TXN002753,CUST04373,MER02489,2024-05-13 07:02:37,2661.32,,Completed
REF008062,TXN008821,CUST05562,MER08453,2024-10-29 06:49:59,468.62,,Completed
REF008063,TXN008166,CUST00458,MER04349,2024-04-06 22:44:14,19784.47,Duplicate Transaction,Completed
REF008064,TXN003515,CUST05343,MER06333,2024-09-07 07:06:07,105506.42,Booking Cancelled,Completed
REF008065,TXN005473,CUST06835,MER00302,2024-07-28 23:03:41,279.57,Booking Cancelled,Completed
REF008066,TXN004027,CUST08499,MER05894,2024-10-04 17:27:37,1366.97,Booking Cancelled,Completed
REF008067,TXN002547,CUST09119,MER05239,2024-07-25 12:47:22,10101.9,Duplicate Transaction,Completed
REF008068,TXN006796,CUST00614,MER06783,2024-11-08 12:58:00,697.99,Order Cancelled,Completed
REF008069,TXN001081,CUST05143,MER08129,2024-06-17 22:35:54,37114.94,Duplicate Transaction,Completed
REF008070,TXN005527,CUST02699,MER05450,2024-02-29 17:01:05,4046.78,Booking Cancelled,Completed
REF008071,TXN000605,CUST03714,MER01748,2024-02-14 15:10:58,47500.37,Product Returned,Completed
REF008072,TXN000113,CUST05948,MER00162,2024-04-02 02:06:12,1978.53,Order Cancelled,Completed
REF008073,TXN002681,,MER09479,2024-01-22 22:18:47,79034.72,Booking Cancelled,Rejected
REF008074,TXN008976,CUST03787,MER01631,2024-06-17 10:08:31,543.96,Duplicate Transaction,Completed
REF008075,TXN002844,CUST01387,MER09796,2024-06-24 01:51:41,6053.22,Product Returned,Rejected
REF008076,TXN005865,CUST01004,MER07045,2024-06-20 04:56:33,302.76,Order Cancelled,Completed
REF008077,TXN005688,CUST07785,MER07735,2024-11-27 20:34:09,43725.0,Booking Cancelled,Pending
REF008078,TXN008118,CUST08518,MER01052,2024-07-09 06:37:42,unknown,Booking Cancelled,Completed
REF008079,TXN000683,CUST09467,MER06197,2024-03-09 15:53:40,1673.58,Order Cancelled,Completed
REF008080,TXN002849,CUST05047,MER03807,2024-06-30 02:14:58,18509.27,Product Returned,Completed
REF008081,TXN005772,CUST05768,MER08495,2024-06-11 01:52:58,1778.53,Customer Request,Pending
REF008082,TXN006503,CUST08887,MER02597,2024-06-16 01:41:17,17572.58,Product Returned,Completed
REF008083,TXN004452,CUST05451,MER09822,2024-07-09 04:22:46,58490.11,Order Cancelled,Completed
REF008084,TXN001570,CUST01076,MER07521,2024-07-13 17:38:04,1977.24,Duplicate Transaction,Completed
REF008085,TXN004264,CUST09771,MER07947,2024-07-30 07:12:05,2306.52,Order Cancelled,Pending
REF008086,TXN005493,CUST06730,MER08475,2024-03-19 21:44:16,989.81,Duplicate Transaction,Completed
REF008087,TXN009285,CUST01400,MER08833,2024-01-22 07:45:36,2702.38,Duplicate Transaction,Rejected
REF008088,TXN009307,CUST03479,MER06471,2024-09-28 08:56:49,90543.06,Booking Cancelled,Pending
REF008089,TXN003713,CUST05618,MER05237,2024-08-31 12:26:47,45688.42,Order Cancelled,Pending
REF008090,TXN009859,CUST06834,MER06720,2024-08-02 21:03:03,87337.34,Customer Request,Pending
REF001028,TXN003298,CUST06974,MER00812,2024-11-14 09:13:06,24958.36,Order Cancelled,Rejected
REF008092,TXN005450,CUST01824,MER06599,2025-01-13 02:42:09,8735.1,,Completed
REF008093,TXN002198,CUST03496,MER01350,2024-11-28 17:45:16,63872.89,Customer Request,Completed
REF008094,TXN008199,CUST03473,MER06215,2024-09-20 17:42:14,888.65,Booking Cancelled,Completed
REF008095,TXN005767,CUST06744,,2024-02-03 09:16:33,168.25,Booking Cancelled,Completed
REF008096,TXN008419,CUST05545,MER08361,2024-06-10 16:25:55,15538.24,Product Returned,Rejected
REF008097,TXN008770,CUST00269,MER02544,,8783.52,Product Returned,Completed
REF008098,TXN005071,CUST06629,MER03270,2024-09-17 12:21:48,5760.54,Customer Request,Completed
REF008099,TXN004939,CUST00159,MER06218,2024-12-05 03:49:07,57699.26,Order Cancelled,Completed
REF008100,TXN003127,CUST01923,MER05500,2024-10-21 17:19:21,21835.22,Order Cancelled,Pending
REF008101,TXN006585,CUST02842,MER00962,2024-04-15 12:19:21,25153.16,Order Cancelled,Completed
REF008102,TXN008950,CUST04961,MER01434,2024-11-16 11:17:52,18500.8,Product Returned,Pending
REF008103,TXN003959,CUST04494,MER08743,2024-12-24 15:12:38,1451.67,Customer Request,Pending
REF008104,TXN004425,CUST00507,MER01314,2024-05-16 18:44:52,27298.04,Product Returned,Completed
REF008105,TXN009160,CUST04441,MER02796,2025-01-22 05:34:37,45367.86,Booking Cancelled,Completed
REF008106,TXN008982,CUST04895,MER09161,2024-12-22 13:21:53,73406.31,Product Returned,Pending
REF008107,TXN008528,CUST02980,MER07914,2024-06-01 17:31:16,817.46,Order Cancelled,Completed
REF008108,TXN000085,CUST01958,MER00468,2024-02-04 09:36:39,59381.16,Customer Request,Completed
REF008109,TXN000582,CUST04400,MER00744,2024-07-26 21:42:47,3289.74,Product Returned,Completed
REF008110,TXN002848,CUST04917,MER02228,2024-09-24 00:14:33,6929.48,Customer Request,Completed
REF008111,TXN008902,CUST04380,UNKNOWN,2024-05-21 23:51:31,855.15,Duplicate Transaction,Completed
REF008112,TXN008193,CUST01687,MER07826,2024-05-10 06:46:08,17060.42,Customer Request,Completed
REF008113,TXN001813,CUST07615,MER02652,2024-05-15 10:48:34,1195.9,Order Cancelled,Rejected
REF008114,TXN000703,CUST04620,MER01826,2024-07-20 20:48:10,2262.13,Product Returned,Completed
REF008115,TXN000608,CUST07053,MER02038,2024-07-10 18:10:53,10729.29,Product Returned,Completed
REF008116,TXN006717,CUST07483,MER03836,2024-01-23 02:33:35,1097.01,Product Returned,Completed
REF008117,TXN008864,UNKNOWN,MER01030,2024-01-15 00:28:55,31040.66,Duplicate Transaction,Completed
REF008118,TXN000185,CUST05248,MER03778,2024-07-05 05:34:25,77346.92,Duplicate Transaction,Pending
REF008119,TXN009684,UNKNOWN,MER09904,2024-11-01 19:41:38,248.97,Customer Request,Completed
REF008120,TXN008085,CUST01913,MER07609,,18328.06,Order Cancelled,Completed
REF008121,TXN005426,CUST09388,MER02842,2024-02-17 00:24:33,67659.78,Customer Request,Completed
REF008122,TXN007059,CUST05434,MER01886,2025-01-13 06:45:45,696.99,Customer Request,Completed
REF008123,TXN001496,CUST02585,MER06266,2024-06-25 02:38:09,100.36,Duplicate Transaction,Pending
REF008124,TXN006180,CUST03692,MER05232,2024-11-22 05:00:06,393.75,Customer Request,Completed
REF008125,TXN004625,CUST09305,MER02883,2024-08-29 04:10:02,6808.98,Duplicate Transaction,Completed
REF008126,TXN007680,CUST02829,MER00056,2024-07-15 12:03:13,4206.2,Order Cancelled,Completed
REF008127,TXN004229,CUST09473,MER02171,2024-08-30 08:57:38,74.48,Booking Cancelled,Completed
REF008128,TXN001253,CUST02841,MER09538,2024-06-14 10:40:58,104.14,Booking Cancelled,Completed
REF008129,TXN009150,CUST04897,MER01827,2024-09-24 08:25:18,17560.03,Product Returned,Rejected
REF008130,TXN003203,CUST03422,MER06780,2024-09-28 08:19:13,1661.29,Duplicate Transaction,Completed
REF008131,TXN002133,CUST02262,MER04435,2024-11-20 12:28:29,18504.45,Order Cancelled,Completed
REF008132,TXN004018,CUST04618,MER01519,2024-10-05 13:33:39,1390.67,Duplicate Transaction,Completed
REF008133,TXN006662,CUST00185,MER06345,2024-12-24 00:50:32,1766.98,Customer Request,Completed
REF008134,TXN007188,CUST03654,MER02110,2024-01-20 03:02:17,372.49,Product Returned,Completed
REF008135,TXN008005,CUST04037,MER07059,2024-11-15 13:16:45,5721.34,Booking Cancelled,Completed
REF008136,TXN007158,CUST02758,MER04457,2024-05-11 19:56:26,1942.46,Duplicate Transaction,Completed
REF008137,TXN009136,CUST03805,MER06364,2024-03-29 03:19:04,62296.18,Booking Cancelled,Completed
REF008138,TXN000837,CUST08620,MER05116,2024-04-19 06:16:19,30427.46,Product Returned,Rejected
REF008139,TXN006457,CUST09159,MER00672,2024-12-24 00:15:33,344.16,Order Cancelled,Rejected
REF008140,TXN007365,CUST05107,MER03644,2024-09-27 13:23:04,85489.04,Product Returned,Completed
REF008141,TXN006472,CUST05113,MER05603,2024-03-13 18:25:11,8533.74,Booking Cancelled,Completed
REF008142,TXN003864,CUST08791,MER03005,2024-02-04 12:05:48,81594.15,Booking Cancelled,Completed
REF008143,TXN004152,CUST02904,MER02548,2024-12-28 14:02:46,15772.39,Customer Request,Completed
REF008144,TXN000626,CUST04037,MER07441,2024-05-14 16:44:20,2511.36,Order Cancelled,Completed
REF008145,TXN001940,CUST03902,MER06638,2024-11-02 08:11:12,446.24,Booking Cancelled,Completed
REF008146,TXN003070,CUST07045,MER02108,2024-02-28 07:25:58,606.55,Booking Cancelled,Completed
,TXN006359,,MER02877,2024-02-20 22:32:29,7752.81,Order Cancelled,Completed
REF008148,TXN000523,CUST05987,MER08350,2024-11-14 20:41:22,669.68,Customer Request,Completed
REF008149,TXN006037,CUST04703,MER04444,2024-06-03 17:33:13,60.71,Booking Cancelled,Pending
REF008150,TXN007977,CUST08159,MER05918,2024-02-09 22:22:28,1388.02,Product Returned,
REF008151,,CUST07336,MER04600,2024-12-15 10:57:56,49957.76,Duplicate Transaction,Completed
REF008152,TXN003658,CUST01304,MER05298,2024-04-27 14:05:38,299.59,Product Returned,Completed
REF008153,TXN003029,CUST02708,MER02227,2024-03-02 19:38:01,2798.93,Order Cancelled,Completed
REF008154,TXN004503,CUST09831,MER01492,2024-02-13 15:16:42,93580.16,Order Cancelled,Completed
REF008155,TXN006978,CUST09845,MER05745,2024-07-24 08:39:14,432.66,Duplicate Transaction,Pending
REF008156,TXN002606,CUST09170,MER09093,2024-01-22 17:00:05,41656.86,Customer Request,Completed
REF008157,TXN006944,CUST03923,MER08827,2024-08-29 17:08:19,unknown,Order Cancelled,Completed
REF008158,TXN004045,CUST09546,MER01378,2024-06-02 03:12:40,1294.65,Duplicate Transaction,Completed
REF008159,TXN003480,CUST03579,MER07595,2025-01-15 21:05:15,1777.82,Customer Request,Completed
REF008160,TXN003006,CUST09412,MER09947,2024-03-25 18:14:06,930.39,Order Cancelled,Completed
REF008161,TXN007364,CUST02702,MER00527,,387.26,Duplicate Transaction,Completed
REF008162,TXN002601,UNKNOWN,MER04470,2024-03-12 01:33:52,42756.12,Order Cancelled,Completed
REF008163,TXN006268,CUST07893,MER07537,2024-01-21 01:47:35,8885.68,Product Returned,Pending
REF008164,TXN008287,CUST00113,MER09230,2024-08-25 18:38:32,1073.92,Customer Request,Pending
REF008165,TXN005370,CUST07156,,2024-07-27 23:32:56,123.12,Order Cancelled,Pending
REF008166,TXN000848,CUST05590,MER03786,2024-03-03 18:22:29,499.42,Booking Cancelled,Completed
REF008167,TXN006625,CUST06415,MER08170,2024-04-04 01:49:57,10587.98,Duplicate Transaction,Completed
REF008168,TXN003390,CUST02960,MER02945,2024-10-31 14:54:02,79.04,Duplicate Transaction,Completed
REF008169,TXN000900,CUST01990,MER04189,2024-08-14 19:32:35,1081.64,Order Cancelled,Completed
REF008170,TXN009905,CUST05092,MER05194,2024-11-11 13:59:39,1801.9,Booking Cancelled,Rejected
REF008171,TXN004149,CUST06783,MER02120,2024-01-20 12:01:40,268.88,Duplicate Transaction,Completed
REF008172,,CUST09807,MER01669,2024-04-08 02:01:53,15486.74,Booking Cancelled,Completed
REF008173,TXN000514,CUST07682,MER04775,2024-11-13 00:18:16,1030.05,Product Returned,Pending
REF008174,TXN000318,CUST03993,MER04656,2024-08-25 05:45:49,6690.88,Product Returned,Completed
REF008175,TXN006181,,MER03895,2024-07-30 01:51:52,921.6,Order Cancelled,Completed
REF008176,TXN003161,CUST08111,MER05526,2024-03-27 07:45:30,10555.92,Duplicate Transaction,Completed
REF008177,TXN002153,CUST04585,MER03852,2024-01-24 22:41:40,41793.41,Booking Cancelled,Completed
,TXN008251,CUST06318,MER08577,2024-02-20 01:06:23,73142.09,Booking Cancelled,Completed
REF008179,TXN000450,CUST04632,MER08827,2024-07-08 12:40:20,102457.24,Order Cancelled,Completed
REF008180,,CUST02378,MER08039,2024-09-02 12:19:36,696.24,,Completed
,TXN002636,CUST01610,MER02592,2024-04-01 05:48:48,1855.42,Order Cancelled,Completed
REF008182,TXN005819,CUST01376,MER06801,2024-10-03 03:36:10,13838.2,Booking Cancelled,Completed
REF008183,TXN001175,CUST08648,MER06168,2024-09-21 03:18:42,6065.96,Customer Request,Pending
REF008184,TXN006297,CUST01411,MER09123,2024-05-25 11:28:54,18515.83,Order Cancelled,Completed
REF008185,TXN001929,CUST07067,MER08394,2024-02-29 05:51:49,429.47,Booking Cancelled,Pending
REF008186,TXN007054,CUST02759,MER01379,2024-03-08 08:45:38,639.84,Product Returned,Completed
REF008187,TXN006485,CUST01797,MER06030,2024-03-13 03:48:50,12137.95,Product Returned,Completed
REF008188,TXN003848,CUST05041,MER09892,2024-10-26 18:15:04,11805.57,Booking Cancelled,Completed
REF008189,TXN003925,CUST08273,MER04686,2024-06-11 20:46:29,20321.24,Product Returned,Completed
REF008190,TXN001358,CUST09693,MER07982,2024-02-08 03:27:11,9216.65,Order Cancelled,Completed
REF008191,TXN004949,CUST01744,MER09942,2024-06-01 11:25:18,2901.09,Product Returned,Completed
REF008192,TXN000705,CUST08577,MER06658,2024-08-06 00:33:34,1188.94,Customer Request,Completed
REF008193,TXN003496,CUST06868,MER07360,2024-04-28 14:05:32,53385.62,Order Cancelled,Completed
REF008194,TXN003504,CUST00547,MER05783,2024-05-14 04:00:19,8750.98,Duplicate Transaction,Completed
REF008195,TXN001823,CUST01587,MER04403,2024-04-08 22:27:53,5447.68,Customer Request,Completed
REF008196,TXN007855,CUST02011,MER06112,2024-06-18 03:49:11,309.98,Booking Cancelled,Completed
REF008197,TXN001145,CUST02690,MER01147,2024-09-16 06:18:00,28675.34,Booking Cancelled,Completed
REF008198,TXN003042,CUST03627,MER04258,2024-04-06 02:54:20,712.51,Order Cancelled,Completed
REF008199,TXN002546,CUST04668,MER09322,2024-01-10 06:28:30,9175.02,Product Returned,Pending
REF008200,TXN005569,CUST07632,MER05379,2024-03-28 23:37:20,96402.46,Product Returned,Completed
REF008201,TXN008463,CUST04432,MER07753,2024-11-30 13:02:50,1048.31,Duplicate Transaction,Pending
REF008202,TXN002608,CUST01619,MER04178,2024-10-25 06:30:59,24234.32,Customer Request,Completed
REF008203,TXN000979,CUST07452,MER04738,2024-12-24 19:05:35,25163.33,,Pending
REF008204,TXN005030,CUST01670,MER04835,2024-05-19 22:42:03,844.08,Product Returned,Completed
REF008205,TXN000761,CUST08353,MER06390,2024-11-30 02:53:27,91005.38,Product Returned,Rejected
REF008206,TXN009769,CUST02555,MER03733,2024-12-09 07:17:52,64093.73,Booking Cancelled,Completed
REF008207,TXN005534,CUST09770,MER00657,2024-12-28 16:34:37,13029.46,Order Cancelled,Completed
REF008208,TXN004958,CUST02334,MER04314,2024-11-28 18:15:28,38814.28,Order Cancelled,Completed
REF008209,TXN002193,CUST09994,MER03651,2024-11-10 02:36:17,145.02,Order Cancelled,Pending
REF008210,,CUST00593,MER07524,2024-10-29 13:02:47,17631.46,Booking Cancelled,Rejected
REF008211,TXN008079,CUST02096,MER03458,2024-04-18 11:27:48,11943.48,Duplicate Transaction,Pending
REF008212,TXN003719,CUST06016,MER04757,2024-02-21 21:27:34,199.84,Customer Request,Rejected
REF008213,TXN002812,CUST02827,,2024-12-29 04:25:32,6322.88,Duplicate Transaction,Completed
REF008214,TXN003997,CUST06483,MER02897,2025-01-19 13:38:15,62360.46,Booking Cancelled,Completed
REF008215,TXN007865,CUST01429,MER00199,2024-04-26 15:12:57,1860.88,Customer Request,Completed
REF008216,,CUST03346,MER08277,2024-05-19 23:53:17,18669.7,Order Cancelled,Completed
REF008217,TXN007949,CUST08776,MER04906,2024-12-20 10:23:09,21602.41,Customer Request,Completed
REF008218,TXN003683,CUST01636,MER07824,2025-01-09 01:37:07,19982.48,Customer Request,Rejected
REF008219,TXN009206,CUST09872,MER03161,2024-08-23 14:35:47,8977.54,Customer Request,Completed
REF008220,TXN009361,CUST08743,MER03626,2024-07-30 12:38:15,20400.43,Customer Request,Completed
REF008221,TXN003727,CUST06927,MER03844,2024-11-27 07:51:34,28795.75,Duplicate Transaction,Rejected
REF008222,TXN003776,CUST09340,MER05586,05/07/2024,411.82,Duplicate Transaction,Pending
REF008223,TXN008469,CUST00929,MER08262,2024-05-23 04:29:13,9175.23,Product Returned,Rejected
REF008224,TXN001406,CUST01623,MER00839,2024-05-24 01:50:33,369.53,Product Returned,Completed
REF008225,TXN008468,CUST00975,MER02362,2024-04-16 02:14:54,76744.72,Product Returned,Completed
REF008226,TXN007669,CUST02787,MER00846,2024-11-27 05:17:04,16635.35,Product Returned,Completed
REF008227,TXN003348,CUST04078,MER04071,,31119.48,Product Returned,Completed
REF008228,TXN003238,CUST00468,MER01235,2024-11-05 03:35:29,33172.74,Order Cancelled,Completed
REF008229,TXN005895,CUST05828,MER00744,2024-02-04 06:16:32,2310.52,Duplicate Transaction,Completed
REF008230,TXN004850,CUST04790,MER02700,2024-07-11 22:02:37,15614.75,Product Returned,Completed
REF008231,TXN001872,CUST02675,MER03918,2024-04-26 22:40:36,5064.39,Duplicate Transaction,Completed
REF008232,TXN002350,CUST05258,MER04610,2024-12-13 07:07:40,28037.59,Product Returned,Completed
REF008233,TXN002559,CUST06819,MER06910,2024-02-29 15:37:35,11011.69,Booking Cancelled,Pending
REF008234,TXN009603,CUST08483,MER04310,2024-05-19 02:47:56,152.3,Duplicate Transaction,Completed
REF008235,TXN005002,CUST08285,MER08979,2024-01-23 21:39:00,1221.06,Product Returned,Completed
REF008236,TXN002568,CUST07190,MER05738,2024-02-26 07:53:15,1879.63,Duplicate Transaction,Completed
REF008237,TXN007018,CUST09648,MER01004,2024-10-27 13:24:20,286.46,Customer Request,Completed
REF008238,TXN000319,CUST05487,MER01893,2024-07-05 10:41:51,10600.03,Customer Request,
REF008239,TXN008617,CUST04994,MER06427,2024-04-06 03:37:16,188.97,Order Cancelled,Completed
REF008240,TXN002682,CUST00259,MER07308,2024-02-06 20:04:35,3193.48,Duplicate Transaction,Completed
REF008241,TXN003833,CUST08824,MER07574,2024-02-10 17:29:59,26012.16,Booking Cancelled,Completed
REF008242,TXN006863,CUST06898,MER01804,2024-10-22 15:25:24,1365.77,Duplicate Transaction,Rejected
REF008243,TXN008941,CUST01698,MER08328,2024-03-13 01:42:05,1726.64,Product Returned,Completed
REF008244,TXN005389,CUST07872,MER00145,2024-12-16 16:17:27,79013.63,Product Returned,Completed
REF008245,TXN000476,CUST03880,MER00349,2024-05-07 21:09:13,4760.44,Customer Request,Completed
REF008246,TXN001713,CUST03414,MER07466,2024-12-16 23:42:46,19157.66,Duplicate Transaction,Completed
REF008247,TXN001149,CUST02525,MER03679,2024-07-01 06:59:03,8141.93,Duplicate Transaction,Pending
REF008248,TXN006065,CUST05269,MER00344,2024-04-09 21:05:35,22792.99,Duplicate Transaction,Completed
REF008249,TXN000490,CUST06357,MER00100,2024-03-23 22:24:38,88185.23,Booking Cancelled,Completed
REF008250,TXN002653,CUST05315,MER01287,2024-04-24 19:54:09,88426.82,Duplicate Transaction,Completed
REF008251,TXN005272,CUST05253,MER05661,2024-05-13 09:27:34,8236.26,Booking Cancelled,Completed
REF008252,TXN009043,CUST00641,MER01412,2024-11-07 20:15:45,1117.14,Order Cancelled,Completed
REF008253,TXN008726,CUST01812,MER01510,2024-06-09 01:43:26,850.8,Order Cancelled,Completed
REF008254,TXN009690,,MER05472,2024-04-06 01:29:58,967.72,Duplicate Transaction,Completed
REF008255,TXN004389,CUST05385,MER07352,2024-03-29 07:39:58,87650.42,Customer Request,Rejected
REF008256,TXN006238,CUST00531,MER01184,2024-12-30 23:38:14,24519.4,Customer Request,Pending
REF008257,TXN005926,CUST05989,MER01281,2024-04-15 18:32:10,17919.71,Order Cancelled,Completed
REF008258,TXN000045,CUST05250,,2024-03-30 04:19:40,33334.38,Duplicate Transaction,Completed
REF008259,TXN001380,CUST06149,MER07894,2024-05-04 19:05:48,90002.78,Booking Cancelled,Completed
REF008260,TXN007288,CUST08882,MER07163,2024-02-14 22:09:27,2009.5,Order Cancelled,Completed
REF008261,TXN009252,CUST01968,MER02777,2024-08-31 07:39:57,15865.08,Duplicate Transaction,Rejected
REF008262,TXN001248,CUST08973,MER00307,2024-12-08 00:52:57,460.3,Duplicate Transaction,Completed
REF008263,TXN002849,CUST05047,MER03807,2024-07-15 02:14:58,18509.27,Booking Cancelled,Completed
REF008264,TXN007237,CUST04552,MER00946,2024-10-13 10:11:33,71708.45,Booking Cancelled,Completed
REF008265,TXN003597,CUST07994,,2024-07-15 09:23:36,88361.39,Duplicate Transaction,Completed
REF008266,TXN002972,CUST02585,MER07364,2024-08-04 20:41:46,4801.86,Order Cancelled,Pending
REF008267,TXN007431,CUST07034,MER00135,2024-07-01 04:07:47,2164.98,Product Returned,Completed
REF008268,TXN000845,CUST08049,MER09218,2024-07-18 23:17:14,1378.8,Order Cancelled,
REF003724,TXN004433,CUST09498,MER05140,2024-02-03 15:08:30,35313.14,Order Cancelled,Completed
REF008270,TXN001253,CUST02841,MER09538,2024-06-06 10:40:58,104.14,Order Cancelled,Completed
REF008271,TXN007216,CUST01051,MER08432,2024-03-15 13:43:58,2140.86,Order Cancelled,Completed
REF008272,TXN000706,CUST04916,MER01392,2024-03-01 15:48:49,9150.82,Product Returned,Completed
REF008273,TXN008088,CUST01758,MER07894,2024-02-09 12:43:04,3135.52,Booking Cancelled,Completed
REF008274,TXN009542,CUST06800,MER09654,2024-07-27 19:33:12,39689.42,Customer Request,Completed
REF008275,TXN008533,CUST02629,MER06645,2024-10-05 14:40:07,88173.41,Order Cancelled,Completed
REF008276,TXN002595,,MER03236,2024-08-03 00:37:28,865.13,Customer Request,Completed
REF008277,TXN001527,CUST00102,MER08251,2024-09-19 20:57:50,91059.1,Order Cancelled,Pending
REF008278,TXN009450,CUST00609,MER06468,2024-11-17 22:03:58,41647.02,Duplicate Transaction,Pending
REF008279,TXN008290,CUST00791,MER03450,2024-09-22 05:00:48,78003.32,Product Returned,Completed
REF008280,TXN009883,CUST01601,MER03121,2024-08-05 14:30:13,1427.09,Customer Request,Completed
REF008281,TXN000431,CUST04952,MER05723,2024-07-23 16:58:45,1942.04,Booking Cancelled,Pending
REF008282,TXN005476,CUST03834,MER06317,2024-07-27 23:27:22,890.92,Booking Cancelled,Pending
REF008283,TXN000810,CUST01393,MER08351,2024-02-02 23:35:25,7052.57,Customer Request,Completed
REF008284,TXN003196,CUST00770,MER02868,2024-07-12 03:33:53,70424.37,Order Cancelled,Completed
REF008285,TXN009477,CUST09894,MER06301,2024-12-31 08:37:44,88217.21,Duplicate Transaction,Pending
REF008286,TXN004544,CUST07496,MER00523,2024-08-02 11:28:49,8677.73,Duplicate Transaction,Pending
REF008287,TXN003127,CUST01923,MER05500,,21835.22,Duplicate Transaction,Pending
REF008288,TXN004563,CUST09029,MER03725,2024-02-02 10:02:19,2312.08,Booking Cancelled,Completed
REF008289,TXN002041,CUST08590,MER04411,2024-08-28 02:43:19,68980.94,Booking Cancelled,Completed
REF008290,TXN002052,CUST07473,MER02002,2024-05-01 05:40:16,14404.45,Order Cancelled,Pending
REF008291,TXN004558,CUST01518,MER00843,2024-05-05 02:12:22,16805.09,Duplicate Transaction,Completed
REF008292,TXN000402,CUST03819,MER03525,2024-11-07 17:57:39,675.86,Duplicate Transaction,Rejected
REF008293,TXN008419,CUST05545,MER08361,2024-05-31 16:25:55,7769.12,Customer Request,Rejected
REF008294,TXN006719,CUST08401,MER00962,2024-04-28 21:44:49,658.92,Booking Cancelled,Pending
REF008295,TXN004089,CUST05450,MER06528,2024-12-31 03:45:03,1245.94,Booking Cancelled,Completed
REF008296,TXN009367,CUST09131,MER00619,2024-12-09 07:19:33,2927.67,Booking Cancelled,Completed
REF008474,TXN003555,CUST03674,MER01911,2024-03-16 09:27:33,1259.91,Product Returned,Pending
REF008298,TXN003402,CUST04037,MER06257,2024-04-22 08:46:54,986.13,Customer Request,Completed
REF009346,TXN009041,CUST09271,MER03567,2024-11-18 02:21:10,1892.94,Customer Request,Completed
REF008300,TXN004600,CUST09617,MER06827,2024-05-16 16:32:17,924.86,Product Returned,Completed
REF008301,TXN002513,CUST08800,MER01410,2024-05-13 11:51:02,70153.05,Duplicate Transaction,Completed
REF008302,TXN009977,CUST03498,MER09322,2024-11-25 09:39:06,58444.06,Product Returned,Completed
REF009438,TXN004011,CUST09160,MER00219,2024-12-31 20:01:12,20919.98,Customer Request,Completed
REF008304,TXN006498,CUST08312,MER03069,2024-04-16 01:38:10,63155.59,Order Cancelled,Completed
REF008305,TXN009158,CUST04523,MER00062,2024-10-13 20:34:05,11746.79,Booking Cancelled,Pending
REF008306,TXN008626,CUST04411,MER04343,2024-01-30 12:48:26,105421.81,Customer Request,Completed
REF008307,TXN005035,CUST02448,MER07948,2024-04-02 11:46:12,4680.3,Customer Request,Completed
REF008308,TXN004756,CUST05546,MER03454,2025-01-25 10:07:11,19016.62,Customer Request,Rejected
REF008309,TXN005057,CUST08845,MER04541,,15125.6,Order Cancelled,Completed
REF008310,TXN006217,CUST03297,MER06169,2024-01-21 15:02:33,8223.34,Order Cancelled,Completed
REF008311,TXN007559,CUST04226,MER08707,2024-06-29 07:12:32,60461.6,Booking Cancelled,Pending
REF008312,TXN001772,CUST06717,MER03655,2024-10-21 10:25:12,311.98,Product Returned,Completed
REF008313,TXN008365,CUST00584,MER08472,2024-11-21 18:11:10,43849.88,Product Returned,Rejected
REF008314,TXN004911,CUST09534,MER08426,2024-05-19 01:56:54,779.03,Duplicate Transaction,Pending
REF008315,TXN009486,CUST07598,MER06555,2024-02-25 13:46:05,574.9,Duplicate Transaction,Completed
REF008316,TXN004744,CUST06719,MER08485,2024-09-08 05:07:32,9750.74,Order Cancelled,Completed
REF008317,TXN006945,CUST07108,MER09440,2024-07-30 08:12:37,12594.0,Customer Request,Completed
REF008318,TXN009387,CUST05898,MER00800,2024-02-18 18:07:58,691.72,Product Returned,Pending
REF008319,TXN007754,CUST08118,MER06131,2024-11-27 22:53:05,2163.91,Customer Request,Completed
REF008320,TXN003170,CUST06034,MER09456,2024-05-30 20:06:10,176.32,Booking Cancelled,Completed
REF008321,TXN006727,CUST01578,MER02393,2024-03-21 23:33:10,286.98,Duplicate Transaction,Rejected
REF008322,TXN006461,CUST01244,MER09164,10/02/2024,700.98,Order Cancelled,Pending
REF008323,TXN004133,CUST02049,MER07745,2024-08-26 16:11:56,330.87,Product Returned,Rejected
REF008324,TXN000622,CUST00773,MER06408,2024-10-16 09:24:49,409.18,Booking Cancelled,Pending
REF008325,TXN002563,CUST02782,MER09227,2024-10-16 21:25:01,993.13,Customer Request,Completed
REF008326,TXN005827,CUST04109,MER09086,2024-08-12 08:36:14,63628.8,Customer Request,Completed
REF008327,TXN006198,CUST01473,MER07032,2024-12-05 01:39:46,2044.96,Order Cancelled,Rejected
REF008328,TXN008753,CUST06571,MER04193,,248.14,Product Returned,Rejected
REF008329,TXN009958,CUST00146,MER04486,2024-03-13 17:10:38,1694.12,Customer Request,Rejected
REF008330,TXN006690,CUST04433,MER07331,2024-04-19 23:14:22,3489.39,Customer Request,Pending
REF008331,TXN001886,CUST04888,MER06339,2024-02-06 22:24:36,6363.6,Product Returned,Completed
REF008332,TXN005566,CUST02847,MER05568,2024-02-14 02:06:14,50.74,Customer Request,Pending
REF008333,TXN009302,CUST00419,MER09378,2024-07-12 09:05:08,352.8,Order Cancelled,Completed
REF008334,TXN005959,CUST07088,MER08479,2024-06-30 20:35:20,21251.27,Customer Request,Completed
REF008335,TXN008285,CUST06386,UNKNOWN,2024-12-27 19:03:09,11598.37,Duplicate Transaction,Pending
REF008336,TXN009834,CUST07718,MER04116,2024-05-30 01:05:04,14133.14,Product Returned,Pending
REF008337,TXN004806,CUST01244,MER00997,2024-06-09 20:56:56,37039.89,Customer Request,Rejected
REF008338,TXN003288,CUST09448,MER09851,2024-07-07 09:17:46,23009.0,Duplicate Transaction,Completed
REF008339,TXN002564,CUST02223,MER05528,2024-05-28 12:51:09,3239.37,Customer Request,Completed
REF008340,TXN008852,CUST08359,MER07112,2024-05-20 10:38:00,53203.54,Customer Request,Completed
REF008341,TXN003787,CUST04417,MER04128,2024-12-02 02:12:54,1469.69,Product Returned,Completed
REF008342,TXN007133,CUST05383,MER00411,2025-01-06 01:57:40,930.96,Customer Request,Completed
REF008343,TXN005198,CUST08108,MER03524,2024-10-10 14:19:15,370.49,Duplicate Transaction,Pending
REF008344,TXN003963,CUST07749,MER09782,2024-09-23 12:01:39,327.59,Product Returned,Completed
REF008345,TXN000963,CUST08611,MER01149,2024-04-09 15:30:59,33191.12,Duplicate Transaction,Pending
REF008346,TXN003960,CUST08329,MER08254,2024-10-30 06:39:29,41582.08,Booking Cancelled,Pending
REF008347,TXN002481,CUST05199,MER05387,2024-01-25 20:23:55,6333.05,Duplicate Transaction,Pending
REF008348,TXN004374,CUST08303,MER08523,2024-09-12 01:07:12,3820.14,Customer Request,Completed
REF008349,TXN009371,CUST09406,MER09553,2024-08-25 05:50:21,78437.83,Duplicate Transaction,Completed
REF008350,TXN002731,CUST08254,MER06271,2024-08-13 21:01:48,273.36,Duplicate Transaction,Completed
REF008351,TXN003033,CUST02239,MER06258,2024-10-27 06:17:18,8483.08,Customer Request,Rejected
REF008352,TXN001192,CUST03559,MER05110,2024-10-28 14:25:48,151.8,Order Cancelled,Rejected
REF008353,TXN005459,CUST06522,MER01374,2024-02-25 12:03:23,970.58,Order Cancelled,Rejected
REF008354,TXN006658,CUST07345,MER00470,2024-11-08 06:55:22,,Duplicate Transaction,Completed
REF008355,TXN002646,CUST08034,MER09248,2024-03-07 22:35:44,547.71,Booking Cancelled,Completed
REF008356,TXN008252,CUST03977,MER03493,2024-11-28 20:42:10,3859.94,Order Cancelled,Rejected
REF008357,TXN009345,CUST01106,MER07996,2024-08-13 11:20:50,2813.77,Product Returned,Completed
REF008358,TXN009711,CUST09218,,2024-08-15 14:12:03,247.29,Order Cancelled,Pending
REF008359,TXN003005,UNKNOWN,MER09225,2024-06-14 18:35:50,333.26,Order Cancelled,Completed
REF008360,TXN009924,CUST07672,MER01962,2024-09-13 18:33:16,9825.15,Customer Request,Pending
REF008361,TXN002525,CUST05380,MER03890,2024-11-07 08:03:18,52796.63,Booking Cancelled,Rejected
REF008362,TXN008443,CUST09347,MER01489,2024-10-19 07:00:32,480.08,Booking Cancelled,Completed
REF002558,TXN005587,CUST06334,MER02080,2024-08-31 11:43:17,826.79,Customer Request,Completed
REF008364,TXN004155,CUST04222,MER02075,2024-10-19 13:45:01,969.08,Order Cancelled,Completed
REF008365,TXN001879,CUST06460,MER08795,2024-11-12 02:31:26,22757.84,Booking Cancelled,Pending
REF008366,TXN002004,CUST00968,MER03556,2024-07-14 22:55:04,50982.64,Product Returned,Completed
REF008367,TXN004615,CUST01028,MER09471,2024-06-29 14:52:25,86.52,Duplicate Transaction,Completed
REF008368,TXN002251,CUST07909,MER06020,2024-05-21 15:00:27,18442.05,Booking Cancelled,Completed
REF008369,TXN001466,CUST04714,MER07536,2024-03-28 20:11:42,2896.07,Booking Cancelled,Pending
REF008370,TXN004241,CUST08426,MER09180,2024-08-18 08:35:01,351.48,Booking Cancelled,Pending
REF008371,TXN008897,CUST07945,MER01377,2024-03-11 08:16:21,21388.25,Customer Request,Pending
REF008372,TXN004001,CUST04979,MER08210,2024-11-19 19:03:18,,,Completed
REF008373,TXN000506,CUST01031,MER06047,2024-06-04 08:33:39,21927.38,Order Cancelled,Pending
REF008374,TXN008214,CUST00996,MER07395,2024-12-29 11:08:12,305.1,Duplicate Transaction,Completed
REF008375,TXN007743,CUST02750,MER00431,2024-01-29 03:43:12,23473.8,Customer Request,Pending
REF008376,TXN006471,CUST06341,MER02442,2024-02-25 20:39:48,92189.67,Customer Request,Completed
REF008377,TXN006876,CUST05407,MER00598,2024-05-03 11:19:19,1879.16,Customer Request,Pending
REF008378,TXN006995,CUST03853,MER01516,2024-10-08 12:37:31,21097.02,Duplicate Transaction,Completed
REF008379,TXN005585,CUST06374,MER03589,2024-02-01 00:37:59,6624.76,Order Cancelled,Completed
REF008380,TXN002666,CUST07691,MER06866,2024-11-27 16:16:46,592.22,Booking Cancelled,Pending
REF008381,TXN007450,CUST01768,UNKNOWN,2024-06-02 19:01:23,394.16,Duplicate Transaction,Completed
REF008382,TXN004543,CUST03270,MER03973,2024-03-31 15:13:09,6462.51,Order Cancelled,Completed
REF008383,TXN005852,CUST00917,MER06104,2024-05-26 13:27:08,3528.29,Product Returned,Completed
REF008384,TXN003592,CUST02311,MER03676,2024-05-16 19:52:18,115.32,Duplicate Transaction,Completed
REF008385,TXN002014,CUST02491,MER04996,,18441.84,Duplicate Transaction,Completed
REF008386,TXN008874,CUST08518,MER09000,14/06/2024,52038.23,Product Returned,Pending
REF008387,TXN007115,CUST00277,MER06558,2024-10-14 04:18:09,74.15,Product Returned,Completed
REF008388,TXN008772,CUST06092,MER03991,2024-08-09 08:18:21,49494.6,Customer Request,Completed
REF008389,TXN000226,CUST04845,MER05408,2024-10-17 01:35:47,250.48,Order Cancelled,Pending
REF008390,TXN002510,CUST02775,MER01355,2024-02-24 19:04:32,2645.88,Customer Request,Rejected
REF008391,TXN002736,CUST07951,MER05706,2024-02-03 04:31:50,12064.34,Customer Request,Completed
REF008392,TXN000491,CUST05014,MER01351,2024-01-27 11:10:07,41171.62,Customer Request,Completed
REF008393,TXN002345,CUST00199,MER00536,2024-12-25 21:20:21,1455.62,Customer Request,Pending
REF008394,TXN002428,CUST09949,MER01821,2024-04-27 12:06:52,4929.74,Booking Cancelled,Completed
REF008395,TXN003282,CUST01264,MER07603,2024-09-19 18:13:59,4700.1,Booking Cancelled,Completed
REF008396,TXN008810,CUST03753,MER07497,2024-07-21 14:14:14,805.38,Duplicate Transaction,Completed
REF008397,TXN006544,CUST01380,MER06939,2024-11-22 07:39:10,13883.32,Booking Cancelled,Completed
REF008398,TXN008217,CUST05484,MER06695,2024-08-04 08:48:37,15313.38,Duplicate Transaction,Completed
REF008399,TXN007524,CUST09449,MER05967,2024-10-26 02:17:20,2513.88,Product Returned,Completed
REF008400,TXN009412,CUST09349,MER05467,2024-07-19 04:01:36,2862.52,Customer Request,Pending
,TXN005066,CUST02865,MER06455,2024-04-05 05:07:32,16459.76,Duplicate Transaction,Completed
REF008402,TXN001701,CUST05593,MER06689,14/01/2025,35984.52,Customer Request,Completed
REF008403,TXN002170,CUST02045,MER05966,2024-12-24 15:14:45,748.34,Booking Cancelled,Rejected
REF008404,TXN008963,CUST03732,MER08456,2024-05-27 23:27:15,70531.63,Duplicate Transaction,Completed
REF008405,TXN002308,CUST04128,MER07439,,4209.84,Booking Cancelled,Completed
REF008406,TXN004659,CUST03082,MER07025,2024-02-22 09:45:36,93206.63,Product Returned,Pending
REF008407,TXN005076,CUST08462,MER03984,2024-03-28 14:52:26,688.13,Order Cancelled,Rejected
REF008408,TXN007820,CUST09874,MER05913,2024-10-05 03:04:16,7785.65,Customer Request,Completed
REF008409,TXN006631,CUST08672,MER07703,2024-05-18 22:28:01,4640.02,Booking Cancelled,Completed
REF008410,TXN009691,CUST04395,MER04176,2024-07-31 03:21:50,119708.52,Booking Cancelled,Completed
REF008411,TXN008157,CUST05320,MER04034,2024-08-16 04:41:37,25181.0,Duplicate Transaction,Completed
REF008412,TXN000167,CUST02647,MER01300,2024-11-16 01:34:05,86483.69,Order Cancelled,Completed
REF008413,TXN002977,CUST05994,MER03025,2025-01-14 01:02:58,101.84,Duplicate Transaction,Completed
REF008414,TXN006597,CUST08448,MER06125,2024-02-23 23:36:03,5467.37,Duplicate Transaction,Completed
REF008415,TXN001008,CUST08062,MER01936,2024-04-14 19:18:11,2751.96,Duplicate Transaction,Pending
REF008416,TXN006038,UNKNOWN,MER07520,2024-06-20 18:51:54,7045.52,Order Cancelled,Completed
REF008417,TXN006889,CUST09219,MER03338,2024-02-24 21:43:29,120.06,Customer Request,Rejected
REF008418,TXN004264,CUST09771,MER07947,2024-08-14 07:12:05,2306.52,Booking Cancelled,Completed
REF008419,TXN002835,CUST07360,MER02415,2024-12-20 03:23:32,19808.97,Product Returned,Pending
REF008420,TXN006645,CUST04292,MER01729,2024-02-13 03:38:06,807.62,Booking Cancelled,Completed
REF008421,TXN002943,CUST06926,MER01908,2024-02-26 15:11:14,470.49,Order Cancelled,Completed
REF008422,TXN008206,CUST04982,MER05327,2024-09-07 06:53:28,16144.66,Booking Cancelled,Completed
REF008423,TXN007329,CUST03041,MER03138,2024-08-21 09:40:11,489.05,Duplicate Transaction,Rejected
REF008424,TXN005089,CUST01198,MER06122,2024-06-04 03:25:34,227.68,Product Returned,Completed
REF008425,TXN000006,CUST07745,MER09613,2024-11-22 14:25:02,957.7,Booking Cancelled,Completed
REF008426,TXN000472,CUST01430,MER09797,2024-07-05 05:27:51,8718.14,Booking Cancelled,Completed
REF008427,TXN007177,CUST06468,MER03745,2024-10-28 08:02:21,1681.13,Order Cancelled,Rejected
REF008428,TXN004237,CUST04263,MER06365,2024-07-03 09:06:29,35239.55,Order Cancelled,Completed
REF008429,TXN000246,CUST02817,MER09270,2024-06-07 14:09:43,87762.89,Booking Cancelled,Completed
REF008430,TXN004297,CUST04603,MER07635,2024-12-16 11:32:09,330.42,Product Returned,Completed
REF008431,TXN009188,CUST00252,MER00076,2024-09-10 02:28:41,188.53,Duplicate Transaction,Pending
REF008432,TXN001782,CUST06691,MER01956,2024-03-27 09:30:06,539.06,Customer Request,Completed
REF008433,TXN001879,CUST06460,MER08795,2024-12-06 02:31:26,22757.84,Customer Request,Completed
REF008434,TXN000086,CUST06647,MER04372,2024-10-08 18:24:40,17.26,Booking Cancelled,Completed
REF008435,TXN002951,CUST01002,MER08002,2024-11-09 00:29:50,20891.03,Duplicate Transaction,Pending
REF008436,TXN004891,CUST01516,MER02722,2024-07-21 23:41:02,441.06,Order Cancelled,Pending
REF008437,TXN006554,CUST05374,MER06566,2024-07-14 12:27:11,60476.56,Product Returned,Completed
REF008438,TXN001549,CUST08760,MER07485,2024-08-21 08:21:48,unknown,Order Cancelled,Pending
REF008439,TXN001088,CUST04203,MER01661,2025-01-07 19:07:10,6194.48,Duplicate Transaction,Completed
REF008440,TXN006471,CUST06341,MER02442,2024-03-14 20:39:48,92189.67,Order Cancelled,Completed
REF008441,TXN009347,CUST03112,MER03251,2024-07-16 05:43:47,64833.77,Booking Cancelled,Completed
REF008442,TXN009280,CUST06962,MER05287,2024-09-05 19:51:02,7593.54,Customer Request,Completed
REF008443,TXN007056,CUST08165,MER00853,,1586.4,Booking Cancelled,
REF008444,TXN004949,CUST01744,MER09942,2024-06-07 11:25:18,5802.18,Booking Cancelled,Pending
REF008445,TXN004598,CUST00850,MER08466,2024-10-17 02:49:24,11507.31,Booking Cancelled,Completed
REF008446,TXN004087,CUST06802,MER06678,2024-05-23 06:21:51,89356.1,Booking Cancelled,Pending
REF008447,TXN008743,CUST04178,MER04125,2024-06-20 06:04:31,42539.86,Customer Request,Completed
REF008448,TXN004355,CUST08227,MER08911,2025-01-08 04:45:35,456.95,Duplicate Transaction,Completed
REF008449,TXN006743,CUST01163,MER08969,2024-03-23 06:15:31,12705.53,Duplicate Transaction,Pending
REF008450,TXN003158,CUST01478,MER01581,2024-04-21 08:18:30,10006.14,Product Returned,Completed
REF008451,TXN000744,CUST04941,MER08010,2024-10-05 13:07:26,21489.3,Order Cancelled,Completed
REF008452,TXN004920,CUST05866,MER09049,2024-08-15 16:33:22,237.72,Duplicate Transaction,Completed
REF008453,TXN008442,CUST01300,MER03326,2024-11-22 06:03:18,2540.08,Order Cancelled,Completed
REF008454,TXN004022,CUST03358,MER00766,2024-03-24 20:23:00,464.77,Order Cancelled,Pending
REF008455,TXN001192,CUST03559,MER05110,2024-11-22 14:25:48,126.5,Product Returned,Completed
REF008456,TXN002371,CUST04960,MER02618,2024-11-15 17:50:26,96235.21,Order Cancelled,Rejected
REF008457,TXN003880,CUST00874,MER04309,2024-05-16 09:08:40,18442.2,Product Returned,Completed
REF008458,TXN008301,CUST00532,MER03760,2024-03-10 09:40:27,1893.39,Order Cancelled,Completed
REF008459,TXN008237,CUST04185,MER01256,2024-06-29 02:57:52,5704.8,Customer Request,Completed
REF008460,TXN009517,CUST09061,MER01862,2024-12-10 02:15:43,3337.68,Booking Cancelled,Pending
REF008461,TXN003611,,MER05123,2024-05-25 13:53:58,73122.1,Booking Cancelled,Completed
REF008462,TXN008397,CUST09091,MER02919,2024-07-01 16:20:19,999.25,Duplicate Transaction,Completed
REF008463,TXN001324,CUST08520,MER04753,2024-01-29 23:23:35,148.37,Booking Cancelled,Completed
REF008464,TXN005436,CUST02763,MER05014,2024-06-03 20:48:47,352.32,Customer Request,Completed
REF008465,TXN003168,CUST07230,MER09089,2024-05-08 04:03:17,21587.0,Booking Cancelled,Completed
REF008466,UNKNOWN,CUST09687,MER07945,2024-07-09 11:14:41,6437.95,Product Returned,Rejected
REF008467,TXN005779,CUST09526,MER03042,2024-05-30 03:00:39,1818.89,Booking Cancelled,Completed
REF008468,TXN005312,CUST03597,MER05094,2024-07-04 14:01:31,49375.73,Customer Request,Completed
REF008469,TXN004896,CUST04230,MER06296,2024-11-21 07:11:48,59972.47,Product Returned,Completed
REF008470,TXN004282,CUST06744,MER05076,2024-08-30 14:44:28,487.49,Customer Request,Pending
REF008471,TXN001540,CUST01156,MER09320,2024-05-25 21:53:27,2718.48,Duplicate Transaction,Completed
REF008472,TXN007982,CUST00736,MER09913,2024-03-08 21:18:41,2378.62,Customer Request,Completed
REF008473,TXN008730,CUST02766,MER03024,2024-04-26 04:07:32,3024.42,Booking Cancelled,Pending
REF008474,TXN003555,CUST03674,MER01911,2024-03-16 09:27:33,1259.91,Product Returned,Pending
REF008475,TXN002632,CUST09517,MER02014,2024-09-08 00:29:09,30497.05,Product Returned,Completed
REF008476,TXN001022,CUST09659,MER01336,2024-05-05 15:33:24,22641.71,Duplicate Transaction,Completed
REF008477,TXN009481,CUST00754,MER03823,2024-08-02 03:37:45,3474.56,Customer Request,Completed
REF008478,TXN005465,CUST00366,MER02329,2024-09-21 17:44:55,1443.7,Customer Request,Completed
REF008479,TXN001004,CUST02003,MER05157,2025-01-07 14:54:41,1672.49,Duplicate Transaction,Pending
REF008480,TXN004878,CUST05980,MER01320,2024-09-26 23:37:17,40623.94,Duplicate Transaction,Pending
REF008481,TXN001182,CUST01336,MER09571,2024-06-27 20:52:10,7106.55,Booking Cancelled,Completed
REF008482,TXN006847,CUST08925,MER08187,2024-06-15 21:48:47,1871.46,Booking Cancelled,Completed
REF008483,TXN007085,CUST07781,MER09159,2024-11-10 20:49:14,57926.61,Duplicate Transaction,Completed
REF008484,TXN000031,CUST06874,MER00539,2024-05-02 12:43:06,21908.18,Order Cancelled,Completed
REF008485,TXN000817,CUST01059,MER05982,13/09/2024,42002.51,Customer Request,Completed
REF008486,,CUST09319,MER09185,2024-02-14 06:07:56,20099.66,Order Cancelled,Completed
REF008487,TXN008352,CUST01980,MER03432,2024-06-05 22:44:07,37657.47,Duplicate Transaction,Pending
REF008488,TXN008880,CUST05632,MER05972,2024-06-27 16:13:21,45329.34,Duplicate Transaction,Completed
REF008489,TXN003054,CUST05905,MER03035,2024-04-01 01:21:56,981.67,Order Cancelled,Pending
REF008490,TXN008927,CUST07336,MER02885,2024-01-30 22:33:53,2934.57,Order Cancelled,Completed
REF008491,TXN005714,CUST03165,MER09122,2024-10-17 12:52:46,10050.33,,Completed
REF008492,TXN007651,CUST00753,MER04245,2024-06-13 07:15:14,77380.3,Order Cancelled,Completed
REF008493,TXN002501,CUST04860,MER05014,2024-11-24 13:38:20,3870.57,Customer Request,Rejected
REF008494,TXN008259,CUST09966,MER08351,2024-05-02 11:09:18,734.91,Product Returned,Rejected
REF008495,TXN004562,CUST09507,MER10000,2024-05-21 23:09:44,1710.17,Booking Cancelled,Completed
REF008496,TXN005873,,MER01551,2024-10-27 10:15:44,1176.51,Customer Request,Pending
REF008497,TXN000465,CUST01109,MER07260,2024-03-08 02:14:23,739.45,Duplicate Transaction,Completed
REF008498,TXN000928,CUST00075,MER01268,2024-02-13 00:36:35,1237.88,Duplicate Transaction,Rejected
REF008499,TXN006618,CUST05538,MER07194,2024-11-25 01:41:55,2674.28,Order Cancelled,Completed
REF008500,TXN006111,CUST03910,MER01289,2024-07-18 07:46:16,2112.39,Booking Cancelled,Completed
REF008501,TXN003365,CUST05701,MER04955,2024-06-30 14:23:55,4340.13,Customer Request,Completed
REF008502,TXN006753,CUST03496,MER05496,2024-02-20 23:01:11,13958.53,Order Cancelled,Pending
REF008503,TXN000006,CUST07745,MER09613,2024-11-19 14:25:02,2298.48,Order Cancelled,Completed
REF008504,TXN000886,CUST03206,MER04669,2024-05-06 23:47:15,6243.1,Booking Cancelled,Completed
REF008505,TXN008228,CUST02009,MER00428,2024-03-31 20:16:55,37147.19,Order Cancelled,Completed
REF008506,TXN002434,CUST07907,MER01290,2024-01-21 06:48:14,585.63,Duplicate Transaction,Completed
REF008507,TXN008887,CUST07369,MER09724,2024-04-24 12:20:21,827.54,Order Cancelled,Completed
REF008508,TXN004336,CUST05383,MER05619,2024-11-24 08:22:17,36069.71,Customer Request,Pending
REF008509,TXN005062,CUST03523,MER00855,2024-04-13 20:23:18,,Order Cancelled,Completed
REF008510,,CUST02061,MER06573,2024-01-29 01:39:15,535.97,Duplicate Transaction,Pending
REF008511,TXN001925,CUST07016,MER03895,2024-06-06 18:46:04,497.12,Product Returned,Completed
REF008512,TXN009132,CUST00202,MER04288,2024-02-21 08:38:18,17191.88,Duplicate Transaction,Completed
REF008513,TXN003412,CUST05084,MER00820,2024-06-29 03:52:09,96461.64,Booking Cancelled,Pending
REF008514,TXN002806,CUST09151,MER02419,2024-11-09 19:18:06,1729.69,Order Cancelled,Rejected
REF008515,TXN000567,CUST02737,MER07473,2025-01-17 04:17:29,819.38,Duplicate Transaction,Pending
REF009312,TXN002018,CUST09488,MER01543,2024-12-14 09:14:05,176.77,Order Cancelled,Completed
REF008517,TXN002457,CUST06148,MER04272,2024-07-15 20:00:10,19268.25,Customer Request,Completed
REF008518,TXN002245,CUST00733,MER02588,2024-12-27 16:17:46,4384.34,Customer Request,Completed
REF008519,TXN002367,CUST09338,MER03355,2024-11-22 04:25:38,59.69,Order Cancelled,Completed
REF008520,TXN003875,CUST06278,MER08956,2024-09-08 23:15:56,72067.65,Product Returned,Completed
REF008521,TXN008022,CUST08440,MER04214,2024-04-20 08:47:59,137.37,Duplicate Transaction,Completed
REF008522,TXN006567,CUST06915,MER03686,2024-05-07 19:29:50,12067.58,Booking Cancelled,Completed
REF008523,TXN001097,CUST06487,MER09032,2024-10-13 23:30:28,858.19,Customer Request,Completed
REF008524,TXN000983,CUST07271,MER04606,2024-11-16 10:28:39,8942.89,Order Cancelled,Completed
REF008525,TXN008457,CUST01302,MER00266,2024-03-15 02:55:25,765.01,Order Cancelled,Completed
REF008526,TXN004065,CUST05952,MER02334,2024-08-20 03:01:07,12110.62,Order Cancelled,Completed
REF008527,TXN001454,CUST01776,MER04415,2024-02-01 03:56:45,1035.24,Product Returned,Completed
REF008528,TXN002342,CUST05328,MER05794,2024-11-14 22:47:37,9452.31,Duplicate Transaction,Completed
REF008529,TXN008118,CUST08518,MER01052,2024-07-09 06:37:42,89512.51,Booking Cancelled,Rejected
REF008530,TXN007992,CUST00244,MER08273,2024-02-09 19:40:13,4779.6,Order Cancelled,Pending
REF008531,TXN004870,CUST00983,MER02814,2024-08-07 05:17:07,1859.53,Booking Cancelled,Completed
REF008532,TXN003703,CUST01713,MER01337,2024-10-04 00:34:50,66205.06,Product Returned,Completed
REF008533,TXN008317,CUST01532,MER06331,2024-03-01 10:03:12,11696.06,Customer Request,Completed
REF008534,TXN001191,CUST01007,MER09120,2024-06-06 01:27:51,9729.22,Order Cancelled,Completed
REF008535,TXN003228,CUST00085,MER02511,2024-09-02 19:49:45,16124.02,Customer Request,Completed
REF008536,TXN007293,CUST03524,MER03356,2024-11-19 15:13:58,9522.4,Order Cancelled,Completed
REF008537,TXN000121,CUST06328,MER04808,2024-03-09 12:41:45,75724.72,Product Returned,Completed
REF008538,TXN006403,CUST04629,MER04385,2024-02-06 09:23:14,316.44,Booking Cancelled,Completed
REF006696,TXN006902,CUST07838,MER08756,2024-03-30 01:08:03,470.31,Booking Cancelled,Completed
REF008540,TXN003438,CUST04287,MER07861,2024-04-18 04:56:54,1152.05,Order Cancelled,Completed
REF008541,TXN006696,CUST04549,MER01987,2024-05-03 12:33:58,2996.19,Product Returned,Pending
REF008542,TXN006820,CUST02687,MER04666,2024-06-14 16:16:09,13007.01,Duplicate Transaction,Completed
REF008543,TXN001665,CUST08457,MER07308,2024-04-21 21:51:14,385.97,Booking Cancelled,Rejected
REF008544,TXN003123,CUST05844,MER07280,2024-02-27 05:35:31,1508.94,Booking Cancelled,Rejected
REF008545,TXN007453,CUST04772,MER03351,2024-07-21 08:03:52,45399.36,Order Cancelled,Completed
REF008546,TXN001822,CUST08800,MER03272,2024-06-04 04:34:34,4238.63,Product Returned,Rejected
REF008547,TXN006423,CUST02546,MER05089,2024-07-26 04:40:51,7142.51,Order Cancelled,Completed
REF008548,TXN003983,CUST07007,MER03611,2024-05-11 19:19:44,448.18,Order Cancelled,Completed
REF008549,TXN002196,CUST05869,MER09231,2024-12-22 15:47:25,32961.82,Booking Cancelled,Pending
REF008550,TXN005662,CUST04784,MER02495,2024-02-21 09:42:02,7719.72,Booking Cancelled,Completed
REF008551,TXN000201,CUST02632,MER06291,2024-10-19 23:57:40,unknown,Product Returned,Pending
REF008552,TXN009648,CUST07517,MER00036,2024-09-17 02:11:11,252.66,Booking Cancelled,Pending
REF008553,TXN007485,CUST08672,MER01001,2024-07-26 15:34:58,1455.06,Product Returned,Completed
REF008554,TXN009617,,MER05012,2024-12-16 05:20:30,909.68,Customer Request,Completed
REF008555,TXN002624,CUST03280,MER07068,2024-08-19 06:09:46,20306.4,Product Returned,Rejected
REF008556,TXN005850,CUST05338,MER06199,2024-12-11 18:05:25,4214.0,Customer Request,Completed
REF008557,TXN001866,CUST00635,MER06268,2024-06-07 07:58:46,7052.84,Duplicate Transaction,Completed
REF008558,TXN001340,CUST09741,MER02840,2024-09-21 08:22:39,109.06,Customer Request,Completed
REF008559,,CUST06642,MER02651,2024-11-20 17:28:45,80911.65,Order Cancelled,Pending
REF008560,TXN004615,CUST01028,MER09471,2024-07-07 14:52:25,346.06,Product Returned,Rejected
REF008561,TXN001823,CUST01587,MER04403,2024-04-01 22:27:53,2723.84,Product Returned,Pending
REF008562,TXN001595,CUST04125,MER06253,2024-12-01 15:37:33,,Booking Cancelled,Pending
REF008563,TXN001428,CUST01800,MER01400,2024-11-30 15:25:28,1276.62,Order Cancelled,Completed
REF008564,TXN008795,CUST07348,MER03752,2024-12-18 07:44:05,68103.91,Product Returned,Completed
REF008565,,CUST00769,MER00769,2024-03-15 13:25:55,88.25,Duplicate Transaction,Rejected
REF008566,TXN001585,CUST09545,MER04378,2024-03-29 08:09:45,3297.21,Order Cancelled,Completed
REF008567,TXN008728,CUST02655,MER06760,2024-06-08 06:43:02,4022.94,Product Returned,Completed
REF008568,TXN003147,CUST09283,MER06975,2024-06-11 13:28:46,99873.95,Order Cancelled,Completed
REF008569,TXN007520,CUST08897,MER01090,2024-08-30 19:48:37,39389.74,,Rejected
REF008570,TXN009697,CUST08848,MER08052,2024-01-11 01:22:54,85.17,Product Returned,Completed
REF008571,TXN000050,CUST06244,MER09317,2024-11-27 18:48:05,1109.4,Order Cancelled,Completed
REF008572,TXN007762,CUST05159,MER01435,2024-07-27 03:30:54,386.91,Duplicate Transaction,Pending
REF008573,TXN005848,CUST06097,MER08187,2024-12-02 13:02:40,7652.32,Booking Cancelled,Pending
REF008574,TXN008665,CUST04706,MER01440,2024-10-04 17:39:13,923.04,Customer Request,Completed
REF008575,TXN006641,CUST01383,,2024-02-22 17:47:18,3966.34,Customer Request,Completed
REF008576,TXN001762,CUST02450,MER05036,2024-07-23 06:05:35,3199.9,Duplicate Transaction,Pending
REF008577,TXN005511,CUST06080,MER03777,2025-01-23 20:29:02,14264.29,Product Returned,Completed
REF008578,TXN005484,CUST09467,MER00842,,179.41,Customer Request,Completed
REF008579,TXN000601,UNKNOWN,MER09318,2024-03-02 11:24:41,47329.45,Order Cancelled,Pending
REF000489,TXN008603,CUST04550,MER08257,2024-10-15 00:30:25,100590.34,Product Returned,Rejected
REF008581,TXN005945,CUST09771,MER02144,2024-09-07 23:29:32,32742.97,Customer Request,Rejected
REF008582,TXN003603,CUST02594,MER08007,2024-03-26 09:35:25,47750.77,Order Cancelled,Completed
REF008583,TXN001087,CUST00274,MER07787,2024-06-24 08:37:00,9417.22,Order Cancelled,Completed
REF008584,TXN002404,CUST07450,MER05294,2024-05-15 08:41:59,88454.61,Booking Cancelled,Completed
REF008585,TXN008707,CUST06592,MER09962,2024-06-10 11:14:04,3268.96,Customer Request,Pending
REF008586,TXN008645,CUST08879,MER07637,2024-05-13 10:40:14,35221.94,Booking Cancelled,Pending
REF008587,TXN006244,CUST03664,MER01321,2024-07-04 17:06:01,1045.18,Product Returned,Rejected
REF008588,TXN001560,CUST02540,MER03597,2024-03-07 12:14:22,3513.72,,Completed
REF008589,TXN008429,CUST01385,MER06552,2024-04-01 11:24:35,1630.4,Booking Cancelled,Completed
REF008590,TXN007991,CUST09921,MER06424,2024-03-15 13:43:47,4436.02,Product Returned,Completed
REF008591,TXN008485,CUST04061,MER06381,2024-08-06 08:20:24,16052.88,Duplicate Transaction,Pending
REF008592,TXN003563,CUST03037,MER02821,2024-05-03 08:01:48,92397.9,Customer Request,Pending
REF008593,TXN005082,CUST03247,MER02808,2024-07-17 10:36:15,13.27,Duplicate Transaction,Pending
REF008594,TXN007373,CUST04713,MER08659,2024-10-11 06:54:53,90701.52,Customer Request,Pending
REF008595,TXN004809,CUST05202,MER05361,2024-12-23 15:48:23,45.78,Booking Cancelled,Completed
REF008596,TXN005988,CUST05401,MER01998,2024-11-11 04:17:18,1257.65,Booking Cancelled,Completed
REF008597,TXN001670,CUST03065,MER02146,2024-04-23 01:53:57,51273.13,Order Cancelled,Completed
REF008598,TXN002906,CUST09506,MER04613,2024-05-30 03:24:41,24765.08,Customer Request,Pending
REF008599,,CUST08335,MER04360,2024-04-23 18:12:55,2533.93,Product Returned,Completed
REF008600,TXN002703,CUST09836,MER00694,2024-05-25 20:14:14,65279.41,Booking Cancelled,Completed
REF008601,TXN009132,CUST00202,MER04288,2024-02-06 08:38:18,17191.88,Duplicate Transaction,Completed
REF008602,TXN000928,CUST00075,UNKNOWN,2024-03-09 00:36:35,1237.88,Duplicate Transaction,Completed
REF008603,TXN000249,CUST03974,MER02698,2024-06-24 21:39:37,1140.88,Order Cancelled,Completed
REF008604,TXN003153,CUST08504,MER01849,2024-11-14 21:38:20,1869.78,Order Cancelled,Completed
REF008605,TXN006168,CUST06637,MER08121,2024-06-02 08:12:19,83.94,Order Cancelled,Rejected
REF008606,TXN006577,CUST09513,MER09919,2024-07-07 04:30:41,4871.53,Order Cancelled,Completed
REF008607,TXN007932,CUST05112,MER00348,2024-08-08 02:37:10,13383.82,Order Cancelled,Completed
REF008608,TXN008672,CUST05836,MER01127,2025-01-07 12:35:49,unknown,Order Cancelled,Pending
REF008609,TXN008163,CUST09014,UNKNOWN,2025-01-01 02:30:37,1632.13,Duplicate Transaction,Completed
REF008610,TXN009047,CUST01836,MER09804,2024-12-23 22:03:00,48.64,Duplicate Transaction,Completed
REF008611,,CUST06802,MER04508,2024-06-23 20:17:05,3946.05,Customer Request,Completed
REF008612,TXN000184,CUST02188,MER08534,2024-09-15 05:09:37,5856.02,Booking Cancelled,Pending
REF008613,TXN007751,CUST02305,MER06141,2024-04-24 21:48:54,84597.75,Booking Cancelled,Pending
REF008614,TXN006432,CUST02355,MER07335,2024-01-18 06:52:01,47068.86,Duplicate Transaction,Rejected
REF008615,TXN004072,CUST00966,MER01259,2024-06-22 06:59:17,917.85,Customer Request,Completed
REF008616,TXN004848,CUST04453,MER07611,2024-05-31 12:00:51,2285.14,Order Cancelled,Completed
REF008617,TXN006645,CUST04292,MER01729,2024-02-29 03:38:06,1615.25,Duplicate Transaction,Completed
REF008618,TXN006455,CUST09457,MER05644,2024-09-17 08:30:42,16870.14,Order Cancelled,Completed
REF008619,TXN009980,CUST08695,MER05562,2024-12-23 19:17:12,17500.88,Booking Cancelled,Completed
REF008620,TXN004110,CUST01729,MER08174,2024-02-09 03:02:22,1310.57,Booking Cancelled,Pending
REF008621,TXN002478,CUST06652,MER03014,2024-08-21 07:31:04,494.04,Booking Cancelled,Pending
REF008622,TXN009255,,MER02755,2024-11-20 20:34:11,1680.28,Product Returned,Completed
REF008623,TXN003549,CUST09583,MER04122,2025-01-09 08:43:26,53140.91,Order Cancelled,Completed
REF008624,TXN005816,CUST04092,MER03925,2024-02-01 09:05:59,30231.76,Order Cancelled,Completed
REF008625,TXN006354,,MER00978,2024-02-03 18:32:54,73961.83,Booking Cancelled,Completed
REF008626,TXN003006,CUST09412,MER09947,2024-03-12 18:14:06,232.6,Duplicate Transaction,Completed
REF008627,TXN003261,CUST00622,MER00660,2024-07-19 18:10:30,32292.88,Customer Request,Completed
REF008628,TXN009490,CUST04031,MER08860,2024-08-22 06:10:21,696.32,Duplicate Transaction,Completed
REF008629,TXN001867,CUST07841,MER09726,2024-05-08 10:04:07,6043.21,Product Returned,Completed
REF008630,TXN007522,CUST00419,MER01764,2024-05-29 00:16:26,85229.99,Customer Request,Rejected
REF008631,TXN000543,CUST09954,MER04736,2024-04-23 05:40:58,19408.56,,Rejected
REF008632,TXN008721,CUST08299,MER00827,,49881.14,Product Returned,Completed
REF008633,TXN004470,CUST06000,MER00453,2024-06-03 08:32:30,1613.03,Product Returned,Pending
REF008634,TXN007397,CUST04032,MER02074,2024-05-21 04:07:52,24576.79,Duplicate Transaction,Completed
REF008635,TXN007835,CUST08230,MER05425,2024-06-02 06:34:55,467.86,Customer Request,Pending
REF008636,TXN009353,,MER04824,2024-07-22 04:39:26,27098.7,Customer Request,Completed
REF008637,TXN004997,CUST00239,MER02184,2024-04-25 00:37:53,93203.66,Customer Request,Completed
REF008638,TXN005111,CUST07691,MER06827,,1665.38,Order Cancelled,Completed
,,CUST07900,MER06012,2024-07-29 11:16:53,51653.87,Booking Cancelled,Completed
REF008640,TXN004659,CUST03082,MER07025,2024-02-25 09:45:36,unknown,Order Cancelled,Pending
REF008641,TXN009594,CUST00792,MER05011,2024-08-24 21:51:58,1708.92,Customer Request,Completed
REF008642,TXN001843,CUST05463,MER08364,2024-06-26 07:18:05,20464.79,Customer Request,Pending
REF008643,TXN009533,,MER09038,2024-03-07 16:36:36,,Order Cancelled,Pending
REF008644,TXN009833,CUST01139,MER03794,04/09/2024,6607.52,Customer Request,Completed
REF008645,TXN007199,CUST03979,MER09284,2024-07-03 16:50:59,449.2,Booking Cancelled,Pending
REF008646,TXN000313,CUST02746,MER04010,2024-09-26 03:29:37,5545.5,Booking Cancelled,Completed
REF008647,TXN007451,CUST05315,MER06165,,12806.51,Product Returned,Completed
REF008648,TXN005635,CUST06076,MER00810,2024-05-28 01:30:06,6508.84,Duplicate Transaction,Completed
REF008649,TXN000813,CUST00037,MER00095,2024-11-06 12:26:39,11678.99,Order Cancelled,Completed
REF008650,TXN009633,CUST02281,MER01763,2024-02-11 01:12:40,14250.34,Order Cancelled,Completed
REF008651,TXN000135,CUST06801,MER02880,2024-05-16 22:49:27,9226.83,Duplicate Transaction,Rejected
REF008652,TXN008483,CUST00321,MER03760,2024-03-22 03:30:52,1333.02,Duplicate Transaction,Completed
REF008653,TXN001981,CUST04793,MER01345,2024-04-30 19:53:43,683.14,Product Returned,Rejected
REF008654,TXN007831,CUST08498,MER09488,2024-08-26 03:20:27,2417.71,Order Cancelled,Completed
REF008655,TXN007185,CUST03091,MER02657,2024-08-14 09:39:16,1271.92,Duplicate Transaction,Completed
REF008656,TXN002739,CUST02988,MER05737,2024-03-23 22:02:26,348.9,Customer Request,Completed
REF008657,TXN000199,CUST01500,MER01281,2024-06-03 12:45:06,1987.37,Order Cancelled,Completed
REF008658,TXN003209,CUST07238,MER09513,2024-04-20 21:18:57,11623.98,Customer Request,Pending
REF008659,TXN000049,CUST08712,MER00022,2024-06-01 01:28:14,1078.14,Product Returned,Completed
REF008660,TXN009252,CUST01968,MER02777,2024-09-17 07:39:57,15865.08,Duplicate Transaction,Completed
REF008661,TXN009737,CUST02127,MER09730,2024-11-06 03:12:10,11385.83,Order Cancelled,Pending
REF008662,TXN008170,CUST00393,MER07883,2024-12-27 13:51:34,42697.56,Booking Cancelled,Completed
REF008663,TXN003458,CUST01648,MER00117,2024-02-28 03:23:39,35442.06,Product Returned,Pending
REF008664,TXN004865,CUST02564,MER06825,2024-04-20 04:03:10,7161.85,Order Cancelled,Completed
REF008665,TXN004502,CUST09595,MER08105,2024-03-12 20:09:27,6719.14,Customer Request,Completed
,TXN005482,CUST05161,MER04744,2024-08-24 06:39:06,488.19,Customer Request,Pending
REF008667,TXN004362,CUST01826,MER04003,2024-03-25 12:06:19,15326.56,Order Cancelled,Pending
REF008668,TXN006968,CUST05520,MER07584,2024-08-15 05:28:25,6757.64,Duplicate Transaction,Completed
REF008669,TXN007892,CUST05867,MER05426,2024-10-15 11:17:41,1367.08,Duplicate Transaction,Pending
REF008670,TXN009478,CUST02637,MER08458,2024-06-21 08:56:45,1672.33,Booking Cancelled,Rejected
REF008671,TXN003372,CUST04832,MER03918,2024-10-13 13:27:38,79.87,Customer Request,Completed
REF008672,TXN001472,CUST09052,MER01994,2024-07-02 02:51:21,74562.5,Customer Request,Rejected
REF008673,TXN002086,CUST02801,MER04572,2024-07-22 09:59:41,10712.46,Duplicate Transaction,Completed
REF008674,TXN001605,CUST05117,MER06077,2025-01-10 06:39:10,187.27,Booking Cancelled,Completed
REF008675,TXN009145,CUST07054,MER03239,2024-09-13 21:53:03,18534.53,Booking Cancelled,Pending
REF008676,TXN002082,CUST07789,MER08848,2024-09-09 04:35:06,6693.87,Customer Request,Completed
REF008677,TXN007385,CUST05196,MER02102,2024-11-24 02:26:09,1437.5,Product Returned,Completed
REF008678,TXN001529,CUST02844,MER07788,2024-08-19 00:55:27,55702.99,Duplicate Transaction,Pending
REF008679,TXN005334,CUST05662,MER02741,2024-11-14 09:33:33,337.68,Customer Request,Completed
REF008680,TXN000321,CUST01042,MER09558,2024-10-23 14:59:15,973.35,Customer Request,Completed
REF008681,TXN003541,CUST05012,MER06918,2024-12-09 05:13:50,621.28,Customer Request,Rejected
REF008682,TXN001885,CUST01149,MER09394,19/06/2024,152.16,Product Returned,Rejected
REF008683,TXN005473,CUST06835,MER00302,2024-07-31 23:03:41,279.57,Product Returned,Pending
REF008684,TXN003976,CUST07876,MER06965,2024-03-11 19:05:27,3623.78,Product Returned,Completed
REF008685,TXN002022,CUST03152,MER00417,2024-12-16 07:13:54,1115.83,Customer Request,Completed
REF008686,TXN006687,CUST00857,MER00946,2024-02-11 00:56:14,2003.33,Order Cancelled,Completed
REF008687,TXN000548,CUST02663,MER07362,2024-09-23 09:12:27,5359.53,Order Cancelled,Completed
REF008688,TXN006462,,MER07290,2024-01-23 15:32:22,15052.35,Booking Cancelled,Pending
REF008689,TXN003236,CUST05178,MER05469,2024-04-25 22:50:57,26667.33,Order Cancelled,Completed
REF008690,TXN007071,CUST09551,MER01943,2024-03-04 15:42:53,19303.65,Order Cancelled,Completed
REF008691,,CUST00769,MER02425,2024-10-02 05:18:32,145.98,Customer Request,Completed
REF008692,TXN009476,CUST00657,MER00948,2024-07-13 16:13:45,1479.87,Customer Request,Rejected
REF008693,TXN002323,CUST09843,MER08166,2024-12-27 14:20:35,83.67,Duplicate Transaction,Completed
REF008694,TXN001066,CUST01174,MER08038,2024-03-27 06:58:01,316.54,Duplicate Transaction,Completed
REF008695,TXN003032,CUST04555,MER01291,2024-03-24 17:49:56,257.27,Product Returned,Pending
REF008696,TXN006885,CUST04660,MER03334,2024-12-08 06:31:10,7848.13,Booking Cancelled,Completed
REF008697,TXN009065,CUST04755,MER05226,2024-12-25 19:52:49,2942.3,Customer Request,Pending
REF008698,,CUST03844,MER01850,2024-12-08 02:47:17,5359.32,Booking Cancelled,Pending
REF008699,TXN001874,CUST02661,MER07385,2024-07-14 15:44:21,20394.55,Order Cancelled,Completed
REF008700,TXN003623,CUST06172,MER06695,27/05/2024,6617.09,Booking Cancelled,Pending
REF008701,TXN006063,CUST04080,MER00284,2024-06-18 02:09:25,728.71,Booking Cancelled,Completed
REF008702,TXN002994,CUST05506,MER07831,2024-10-14 19:56:07,4058.61,Booking Cancelled,Completed
REF008703,TXN002029,CUST07081,MER08477,2024-10-17 14:53:48,22631.58,Product Returned,Completed
REF008704,TXN004323,CUST08298,MER00487,2024-10-25 00:36:20,6198.49,Customer Request,Rejected
REF008705,TXN002994,CUST05506,MER07831,2024-10-15 19:56:07,2029.3,Duplicate Transaction,Rejected
REF008706,TXN000245,,MER02822,2024-06-29 03:10:22,37350.25,Duplicate Transaction,Completed
REF008707,TXN001776,CUST07525,MER09525,2024-06-13 06:59:09,12377.92,Product Returned,Pending
REF008708,TXN004598,CUST00850,MER08466,2024-10-16 02:49:24,5753.66,Duplicate Transaction,Completed
REF008709,TXN008720,CUST03255,MER05925,2024-09-23 23:37:22,1553.22,Booking Cancelled,Pending
REF008710,TXN007225,CUST02062,MER02421,2024-05-28 23:09:10,14198.26,Order Cancelled,Completed
REF008711,TXN006863,CUST06898,MER01804,2024-11-04 15:25:24,682.88,Order Cancelled,Pending
REF008712,TXN009640,CUST03455,MER02097,2024-02-18 07:39:21,128.17,Duplicate Transaction,Completed
REF008713,TXN004748,CUST07858,MER04169,2024-05-14 22:45:03,59594.58,Product Returned,Pending
REF008714,TXN006553,CUST09715,MER06768,2024-08-25 04:08:29,1682.2,Product Returned,Completed
REF008715,TXN005688,CUST07785,MER07735,2024-12-17 20:34:09,21862.5,Order Cancelled,Completed
REF008716,TXN009701,CUST02097,MER02640,2024-10-23 04:14:27,1655.94,Product Returned,Completed
REF008717,TXN006954,CUST00622,MER03019,2024-10-07 14:17:19,336.4,Product Returned,Completed
REF008718,TXN004968,CUST03272,MER09532,2024-12-23 09:32:21,39438.04,Booking Cancelled,Pending
REF008719,TXN008297,CUST05605,MER09759,2024-02-19 17:41:52,30690.19,Duplicate Transaction,Pending
REF008720,TXN000629,CUST05171,MER04451,2024-03-26 17:09:29,12027.51,Order Cancelled,Rejected
REF008721,TXN000237,CUST09633,MER01520,2024-03-03 04:44:50,15040.31,Booking Cancelled,Rejected
REF008722,TXN003591,CUST00898,MER02766,2024-07-08 18:49:56,383.61,Product Returned,Completed
REF008723,TXN007357,CUST01992,MER06634,2024-06-27 08:04:18,9732.66,Customer Request,Completed
REF008724,TXN008694,CUST07843,MER06910,2024-04-11 18:07:55,96544.92,Booking Cancelled,Completed
REF008725,TXN005285,CUST06748,MER02121,2024-09-15 14:28:19,30159.0,Booking Cancelled,Pending
REF008726,TXN003388,CUST06382,MER04554,2024-02-17 14:56:50,2526.36,Customer Request,Completed
REF008727,TXN002905,CUST04863,MER04825,2024-12-22 14:02:01,870.59,Customer Request,Completed
REF008728,TXN002249,CUST06111,MER06235,2024-10-16 09:11:34,35662.08,Customer Request,Completed
REF008729,TXN004203,CUST02033,MER01400,2025-01-18 12:22:44,23482.07,Booking Cancelled,Completed
REF008730,TXN003833,CUST08824,MER07574,2024-01-30 17:29:59,26012.16,Customer Request,
REF008731,TXN006126,CUST03652,MER06198,2024-06-13 10:53:08,8798.23,Product Returned,Completed
REF008732,TXN007220,CUST03959,MER04205,2024-05-27 19:02:04,9821.92,Customer Request,Completed
REF008733,TXN009840,CUST08049,MER05485,2024-01-29 22:45:40,unknown,Booking Cancelled,Rejected
,TXN008269,CUST02268,MER03681,2024-09-13 03:01:40,26321.57,Duplicate Transaction,Completed
REF008735,TXN009144,CUST03876,MER07001,2025-01-11 13:12:40,75280.37,Duplicate Transaction,Pending
REF008736,TXN001752,CUST09655,MER03878,2024-08-25 17:07:41,30854.74,Duplicate Transaction,Pending
REF008737,UNKNOWN,CUST04939,MER01762,2024-01-06 13:08:47,11300.55,Product Returned,Completed
REF008738,TXN006088,CUST01674,MER03374,2024-12-26 08:47:14,288.0,Duplicate Transaction,Completed
REF008739,TXN006453,CUST01174,MER00295,2024-07-08 12:19:22,,Booking Cancelled,Completed
REF008740,TXN005472,CUST03726,MER03289,,31462.72,Order Cancelled,Completed
REF008741,TXN004420,CUST02876,MER07180,2024-02-28 01:44:07,1211.45,Order Cancelled,Completed
REF008742,TXN001339,CUST04095,MER08044,2024-06-02 13:07:34,328.13,Duplicate Transaction,Completed
REF008743,TXN002338,CUST02154,MER06769,2024-08-02 15:41:37,49615.3,Customer Request,Completed
REF008744,TXN003786,CUST02426,MER00553,,5116.19,Booking Cancelled,Completed
REF008745,TXN005903,CUST01557,MER08594,2024-12-26 15:58:24,47078.57,Customer Request,Pending
REF008746,TXN005692,CUST05642,MER01228,2024-12-03 22:09:51,22787.67,Order Cancelled,Completed
REF008747,TXN005679,CUST03821,MER01771,2024-05-28 23:29:21,1529.64,Order Cancelled,Rejected
REF008748,TXN000050,CUST06244,MER09317,2024-12-01 18:48:05,554.7,Order Cancelled,Completed
REF008749,TXN000928,CUST00075,MER01268,2024-03-05 00:36:35,257.89,Order Cancelled,Completed
REF008750,TXN005417,CUST03225,MER02974,2024-11-22 01:20:03,91.16,Customer Request,Completed
REF008751,TXN008676,CUST02811,MER07218,2024-05-31 06:41:26,458.9,Customer Request,Completed
REF008752,TXN002814,CUST04909,MER07916,2024-07-13 19:20:30,96136.4,Product Returned,Pending
,TXN005615,CUST02909,MER07645,2024-04-18 20:40:13,83631.43,Customer Request,Completed
REF008754,TXN000918,CUST01865,MER00831,,9702.58,Order Cancelled,Pending
REF008755,TXN006789,CUST07226,MER01532,2024-08-11 18:49:02,13035.22,Order Cancelled,Pending
REF008756,TXN009170,CUST02024,MER03330,2024-06-05 11:00:08,1784.21,Duplicate Transaction,Completed
REF008757,TXN006644,CUST07709,MER01267,2024-06-05 17:35:52,78988.2,Customer Request,Completed
REF008758,TXN006009,CUST08372,MER03403,2024-12-05 21:58:32,17394.19,Order Cancelled,Completed
REF008759,TXN004323,CUST08298,MER00487,2024-10-13 00:36:20,24793.95,Order Cancelled,Completed
REF008760,TXN003604,CUST06773,MER01912,2024-06-16 03:00:30,1606.06,Duplicate Transaction,Completed
REF008761,TXN006989,CUST06294,MER04049,2024-03-13 01:41:45,226.49,Order Cancelled,Completed
REF008762,TXN000713,CUST03955,MER06611,2024-10-21 20:51:50,987.95,Customer Request,Completed
REF008763,TXN009301,CUST07404,MER05021,2024-10-27 20:01:20,6940.39,Order Cancelled,Pending
REF008764,TXN003892,CUST02179,MER06775,2024-10-25 10:10:39,,Booking Cancelled,Completed
REF008765,TXN002038,CUST09562,MER04700,2024-07-29 22:57:58,89106.52,Customer Request,Completed
REF008766,TXN003463,CUST03613,MER04757,2024-05-04 00:47:39,150.55,Customer Request,Completed
REF008767,TXN009224,CUST00671,MER02545,2024-04-12 02:54:05,90631.31,Order Cancelled,Completed
REF008768,TXN009897,CUST09195,MER05890,2024-08-28 10:26:35,8726.04,Order Cancelled,Completed
REF008769,TXN009235,,MER07252,2024-09-14 10:15:01,3393.93,Customer Request,Completed
REF008770,TXN000552,CUST09280,MER04022,2024-07-19 17:54:45,17578.14,Booking Cancelled,Completed
REF008771,TXN003592,CUST02311,MER03676,2024-05-21 19:52:18,230.64,Duplicate Transaction,Completed
REF008772,,CUST02467,MER02212,2024-09-12 20:09:22,987.55,Duplicate Transaction,Pending
REF008773,TXN008322,CUST07127,MER06342,2024-03-30 23:14:44,48034.76,Product Returned,Pending
REF008774,TXN005983,CUST07320,MER09332,2024-02-10 04:33:15,124.27,Booking Cancelled,Completed
REF008775,TXN000437,CUST00968,MER00050,2024-12-21 13:09:58,14707.06,Duplicate Transaction,Completed
REF008776,TXN003669,CUST00539,MER08228,2024-07-22 05:32:20,709.47,,Pending
REF008777,TXN006643,CUST04538,MER02972,2024-06-18 06:18:24,111605.94,Duplicate Transaction,Rejected
REF008778,TXN007342,CUST03641,MER02092,2024-02-07 02:05:54,41020.68,Duplicate Transaction,Completed
REF008779,TXN002166,CUST06436,MER08948,2024-08-11 23:26:54,910.75,Customer Request,Completed
REF008780,TXN004296,CUST02056,MER02300,2024-02-05 08:40:55,unknown,Duplicate Transaction,Rejected
REF008781,TXN006129,CUST02941,MER09723,2024-08-13 13:39:28,393.82,Product Returned,Pending
REF008782,TXN006338,CUST03801,MER09056,2024-08-18 01:08:54,895.84,Order Cancelled,Pending
REF008783,TXN000883,CUST05369,MER00108,2024-07-30 06:00:23,6097.95,Product Returned,Completed
REF008784,,CUST04144,MER08003,2024-09-04 05:38:06,73168.21,Booking Cancelled,Completed
REF008785,TXN004933,CUST07554,MER00561,2024-08-15 13:51:58,9932.38,Customer Request,Completed
REF008786,TXN007557,CUST09553,MER06787,2025-01-14 21:17:40,48441.22,Order Cancelled,Completed
REF008787,TXN000261,CUST05433,MER08263,2024-10-21 04:57:23,17885.4,Duplicate Transaction,Pending
REF008788,TXN001223,CUST01355,MER02288,2024-04-29 21:48:38,18655.13,Order Cancelled,Pending
REF008789,TXN008069,CUST01946,MER01580,2025-01-06 12:27:31,84456.53,Duplicate Transaction,Completed
REF008790,TXN004742,CUST09551,MER03590,2024-05-06 23:54:05,57482.53,Product Returned,Rejected
REF008791,TXN000991,CUST00462,MER08313,2025-01-09 00:40:06,58761.88,Customer Request,Pending
REF008792,TXN005208,CUST09278,MER03387,2024-09-18 23:16:40,15033.24,Product Returned,Completed
REF008793,TXN001022,CUST09659,MER01336,2024-05-03 15:33:24,90566.83,Duplicate Transaction,Rejected
REF008794,,CUST01775,MER02952,2024-07-12 02:46:29,12001.5,Booking Cancelled,Completed
REF008795,TXN004993,CUST09383,MER06074,2024-07-25 23:39:51,99118.49,Customer Request,Pending
REF008796,TXN003761,CUST06157,MER06024,2024-02-17 08:43:35,85873.15,Duplicate Transaction,Completed
REF008797,TXN001338,CUST06757,MER06282,2024-09-25 16:03:14,80126.6,Duplicate Transaction,Completed
REF008798,TXN006717,CUST07483,MER03836,2024-01-18 02:33:35,1316.41,Product Returned,Pending
REF008799,TXN003618,CUST02127,MER06711,2024-03-27 04:49:07,49446.24,Duplicate Transaction,Completed
REF008800,TXN004322,CUST02009,MER01151,2024-03-14 19:45:59,17036.87,Booking Cancelled,Completed
REF008801,TXN007834,CUST09812,MER01119,11/05/2024,31191.97,Order Cancelled,Completed
REF008802,TXN000355,CUST00561,MER06571,2024-08-14 08:36:08,640.17,Booking Cancelled,Completed
REF008803,TXN000408,CUST09185,MER02329,2024-03-14 17:39:31,4390.38,Customer Request,Completed
REF008804,TXN006280,CUST00433,MER05110,2024-04-13 01:41:02,30731.69,Product Returned,Completed
REF008805,TXN002483,CUST09292,MER08720,2024-02-28 16:39:24,14549.32,Customer Request,Completed
REF008806,TXN003422,CUST07681,MER00453,2024-07-13 12:40:39,186.81,Product Returned,Completed
REF008807,TXN004688,CUST01169,MER06552,2024-08-09 23:32:57,34449.01,Order Cancelled,Rejected
REF008808,TXN003721,CUST01887,MER01959,,820.52,Booking Cancelled,Pending
REF008809,TXN004208,CUST08576,UNKNOWN,2024-07-14 10:41:24,20043.68,Order Cancelled,Completed
REF005250,TXN008803,CUST02262,MER04596,2024-04-02 23:20:28,1989.03,Order Cancelled,Completed
REF008811,TXN000692,CUST05174,MER02701,2024-10-11 04:55:15,43942.44,Customer Request,Rejected
REF008812,TXN007676,CUST00376,MER04716,2024-11-30 08:54:33,27121.22,Duplicate Transaction,Completed
REF008813,TXN005201,,MER08365,2024-05-02 21:15:01,1276.54,Customer Request,Rejected
REF008814,TXN001385,CUST06250,MER00083,2024-10-03 04:32:01,1489.5,Product Returned,Completed
REF008815,TXN008175,CUST01305,MER01621,2024-07-14 12:15:18,820.68,Customer Request,Completed
REF008816,TXN003716,CUST09748,MER07099,2024-05-18 15:39:38,4627.84,Customer Request,Completed
REF008817,TXN000182,CUST01445,MER07980,2024-05-26 01:12:06,20261.5,Customer Request,Completed
REF008818,TXN004412,CUST07570,MER03252,2024-03-28 13:02:45,4932.82,Customer Request,Completed
REF008819,TXN004305,CUST07385,MER04131,2024-03-22 01:51:20,925.88,Duplicate Transaction,Completed
REF008820,TXN004549,CUST03486,MER02111,2024-09-08 12:03:51,30945.83,Customer Request,
,TXN007570,CUST06713,MER03072,2024-06-06 06:57:38,1456.89,Booking Cancelled,Rejected
REF008822,TXN002526,CUST06937,MER03703,2024-10-14 12:27:51,16622.74,Booking Cancelled,Rejected
REF008823,TXN001511,CUST00366,MER07993,2024-03-02 18:12:01,14700.5,Duplicate Transaction,Completed
REF008824,TXN000698,CUST08422,MER02164,2024-02-06 13:30:34,13780.49,Booking Cancelled,Completed
REF008825,TXN001916,CUST03221,MER08756,2024-05-26 10:43:15,9637.87,Order Cancelled,Completed
REF008826,,CUST08098,MER07776,2024-04-12 17:32:55,596.57,Product Returned,Pending
REF008827,TXN001929,CUST07067,MER08394,2024-02-13 05:51:49,429.47,Order Cancelled,Completed
REF008828,TXN004714,CUST05784,MER00718,2024-02-27 07:05:24,162.42,Order Cancelled,Completed
REF008829,TXN005725,CUST03490,MER05896,2024-01-25 14:33:59,20503.72,Product Returned,Rejected
REF008830,TXN002676,CUST03423,MER08323,2024-06-21 09:18:13,80907.67,Order Cancelled,Completed
REF008831,TXN000637,CUST05148,MER07247,2024-09-29 11:25:37,25760.97,Booking Cancelled,Completed
REF008832,TXN001965,CUST09724,MER02087,2024-05-19 07:36:05,31064.05,Order Cancelled,Completed
REF008833,TXN006095,CUST09071,MER02361,2024-06-22 08:39:56,116557.54,Product Returned,Completed
REF008834,TXN002209,CUST08203,MER03719,2025-01-06 06:31:07,21160.93,Product Returned,Pending
REF008835,TXN000759,CUST06434,MER06796,2024-04-26 13:33:23,6733.44,Duplicate Transaction,Pending
REF008836,TXN003656,CUST09660,MER02160,2024-11-23 11:19:18,17630.94,Product Returned,Completed
REF008837,TXN000334,CUST08581,MER04790,2024-07-20 12:06:58,797.57,Order Cancelled,Completed
REF008838,TXN009539,CUST03598,MER00843,28/06/2024,26562.29,Customer Request,Completed
REF008839,TXN001391,CUST05626,MER02298,2024-07-20 07:22:20,17529.2,Customer Request,Completed
REF008840,TXN005047,CUST06842,MER07616,2024-10-01 00:05:46,19332.88,Product Returned,Completed
REF008841,TXN000379,CUST07662,MER03982,2024-03-12 19:07:09,13294.76,Customer Request,Completed
REF008842,TXN001601,CUST02311,MER02961,2024-09-18 00:51:31,203.43,Product Returned,Pending
REF008843,TXN009617,CUST02879,MER05012,2024-12-18 05:20:30,909.68,Booking Cancelled,Pending
REF008844,TXN002551,CUST01066,MER01981,2024-09-22 06:46:40,8076.74,Duplicate Transaction,Completed
REF008845,TXN006863,CUST06898,MER01804,2024-11-03 15:25:24,1365.77,Product Returned,Completed
REF008846,TXN001761,CUST09778,MER02372,2024-02-21 06:04:19,12507.4,Product Returned,Completed
REF008847,TXN006960,CUST05196,MER01493,2025-01-03 11:30:12,103.75,Booking Cancelled,Pending
REF008848,TXN009066,CUST08032,MER07352,2024-04-18 21:19:19,27292.1,Booking Cancelled,Completed
REF008849,TXN006947,CUST08762,MER01973,2024-11-05 22:25:55,5036.69,Customer Request,Rejected
REF008850,TXN006373,CUST05142,MER09957,2024-07-06 09:59:40,632.17,Product Returned,Completed
REF008851,TXN009929,CUST06097,MER02634,2024-07-21 02:44:12,1415.68,Product Returned,Completed
REF008852,TXN009444,CUST04802,MER01476,2024-07-24 06:12:36,4353.88,Duplicate Transaction,Rejected
REF008853,TXN004649,CUST01545,MER09360,2024-12-06 22:50:56,45170.51,Product Returned,Completed
REF008854,TXN009866,CUST03740,MER06939,2024-11-09 09:44:22,284.14,Product Returned,Pending
REF008855,TXN000378,CUST08241,MER03451,2024-02-12 22:45:18,5433.39,Booking Cancelled,Completed
REF008856,TXN004135,CUST09065,MER00750,2024-12-28 06:28:33,21421.6,Product Returned,Completed
REF008857,TXN009784,CUST05964,MER02167,2024-05-18 07:47:17,35736.61,Order Cancelled,Completed
REF008858,TXN003923,CUST04090,,2025-01-05 00:17:12,226.88,Product Returned,Completed
REF008859,TXN009139,CUST08218,MER00388,2024-08-14 20:30:53,8204.43,Duplicate Transaction,Completed
REF008860,TXN002973,CUST06605,MER00804,2024-03-05 23:21:56,7005.62,Order Cancelled,Completed
REF008861,TXN006051,CUST03149,MER00494,,23546.88,Duplicate Transaction,Completed
REF008862,TXN002859,CUST04283,MER09167,2024-11-10 05:42:51,1196.86,Customer Request,Completed
REF008863,TXN009386,CUST00740,MER05855,2024-06-18 03:14:27,691.56,Product Returned,Completed
REF008864,TXN007457,CUST01427,MER05281,2024-06-04 14:58:17,901.6,Duplicate Transaction,Pending
REF008865,,CUST07583,MER00126,29/06/2024,4003.88,Booking Cancelled,Completed
REF008866,TXN005152,CUST09394,MER01845,2024-09-20 16:08:45,5607.49,Product Returned,Completed
REF008867,TXN002334,CUST04624,MER02019,2024-02-13 04:27:52,22695.72,Customer Request,Rejected
REF008868,TXN008530,CUST05329,MER06254,2024-03-10 07:56:13,15621.42,Customer Request,Completed
REF008869,TXN006070,CUST08348,MER05649,2024-03-20 00:40:26,16120.08,Customer Request,Pending
REF008870,TXN005295,CUST00360,MER03347,2024-05-14 08:12:59,22088.21,Product Returned,Pending
REF008871,TXN002496,CUST01534,MER02574,2024-11-09 01:08:58,7918.43,Duplicate Transaction,Completed
REF008872,TXN005941,CUST05346,MER06830,2024-07-02 17:55:50,3702.11,Duplicate Transaction,Completed
REF008873,TXN008637,CUST04202,MER01845,2024-08-02 16:37:21,72.94,Customer Request,Pending
REF008874,TXN006036,CUST00874,MER03528,,468.26,Order Cancelled,Completed
REF008875,TXN005678,CUST06361,MER09458,2024-05-30 04:22:03,9279.52,Duplicate Transaction,Completed
REF008876,TXN000229,CUST00832,MER04418,2024-04-22 07:28:58,29185.94,Duplicate Transaction,Pending
REF008877,TXN003020,CUST02795,MER06749,04/06/2024,68040.06,Duplicate Transaction,Completed
REF008878,TXN002283,CUST07677,MER09074,2024-06-27 22:51:51,4775.27,Order Cancelled,Completed
REF008879,TXN009835,UNKNOWN,MER03115,2024-06-20 21:46:44,2122.21,Product Returned,Completed
REF008880,TXN006094,CUST06206,MER05928,2024-07-26 09:27:36,2388.88,Product Returned,Completed
REF008881,TXN004683,CUST06785,MER02433,2024-09-30 10:25:25,6847.18,Duplicate Transaction,Pending
REF008882,TXN004652,CUST07887,MER04209,2024-01-15 15:44:24,2480.74,Product Returned,Completed
REF008883,TXN003430,CUST02944,MER07802,2024-10-02 07:54:06,112.4,Customer Request,Completed
REF008884,TXN003695,CUST02714,MER08713,2024-09-28 04:42:51,15561.86,Order Cancelled,Completed
REF008885,TXN004195,CUST07181,MER03815,2024-03-08 15:45:23,4368.82,Booking Cancelled,Completed
REF008886,TXN009136,CUST03805,MER06364,2024-03-11 03:19:04,,Order Cancelled,Completed
REF008887,TXN003614,CUST04880,MER06852,2024-04-23 07:42:36,1269.7,Product Returned,Completed
REF008888,TXN000867,CUST00726,MER03961,2024-10-02 11:37:36,1026.25,Booking Cancelled,Completed
REF008889,TXN007337,CUST02379,MER08452,2024-01-12 10:59:36,55783.96,Customer Request,Completed
REF008890,TXN009548,CUST09530,MER07825,2024-08-04 08:36:01,13.7,Booking Cancelled,Completed
REF008891,TXN008454,CUST08237,MER06657,2024-10-10 01:11:12,1980.16,Duplicate Transaction,Rejected
REF008892,TXN007836,CUST01101,MER03326,2024-08-24 14:09:45,1452.93,Product Returned,Completed
REF008893,TXN004494,CUST07527,,,5414.72,Booking Cancelled,Completed
REF008894,TXN008189,CUST04195,MER06908,2024-07-17 09:00:14,509.95,Booking Cancelled,Completed
REF008895,TXN001579,CUST04423,MER08931,2024-04-27 17:49:57,2787.89,Booking Cancelled,Rejected
REF008896,TXN008966,CUST06552,MER09348,2024-09-10 22:19:23,17614.42,Product Returned,Completed
REF008897,TXN001787,CUST02063,MER08287,2024-02-09 20:03:00,461.78,Booking Cancelled,Completed
REF008898,TXN006458,CUST01385,MER02298,2024-03-04 23:49:20,49087.78,Booking Cancelled,Pending
REF008899,TXN003096,CUST03627,MER02969,2024-08-03 23:35:14,309.35,Product Returned,Completed
REF008900,TXN004890,CUST09463,MER03252,2024-12-03 15:58:22,384.68,Product Returned,Completed
REF008901,TXN006474,CUST06093,,2024-12-20 03:41:27,14080.07,Order Cancelled,Completed
REF008902,TXN006219,CUST00990,MER07426,2024-08-04 18:53:54,816.27,Duplicate Transaction,Completed
REF008903,TXN001889,CUST07328,MER07825,2024-10-07 02:15:40,165.94,Duplicate Transaction,Rejected
REF008904,TXN009449,CUST08883,MER02108,2024-10-03 07:35:17,315.67,Duplicate Transaction,Completed
REF008905,TXN002881,CUST06563,MER05637,2024-09-29 12:01:21,17737.92,Product Returned,Completed
REF008906,TXN006262,CUST04190,MER03074,2024-02-04 10:11:05,37.01,Order Cancelled,Completed
REF008907,TXN008370,CUST08470,MER00701,2024-08-24 08:40:50,63.1,Product Returned,Completed
REF008908,,CUST08342,MER01502,2024-01-27 09:38:20,661.9,Booking Cancelled,Completed
REF008909,TXN001874,CUST02661,MER07385,2024-06-29 15:44:21,97893.84,Duplicate Transaction,Completed
REF008910,TXN008443,CUST09347,MER01489,2024-09-29 07:00:32,1920.31,Order Cancelled,Completed
REF008911,TXN000884,CUST02660,MER07227,2024-10-07 01:53:54,15763.14,Order Cancelled,
REF008912,TXN002652,CUST01257,,2024-10-08 23:01:30,5853.72,Duplicate Transaction,Completed
REF008913,TXN002191,CUST05481,MER05792,2024-10-13 18:04:12,2243.63,Product Returned,Completed
REF008914,TXN002996,CUST04240,MER00900,2024-06-07 10:28:42,335.0,Booking Cancelled,Completed
REF008915,TXN006514,CUST07193,MER07649,2024-09-25 08:27:03,318.18,Customer Request,Pending
REF008916,TXN005210,CUST06939,MER05102,2024-04-26 17:06:26,34468.95,Duplicate Transaction,Completed
REF008917,UNKNOWN,CUST00565,MER08271,,19119.35,Order Cancelled,Completed
REF008918,TXN004722,CUST01947,MER05473,,31815.93,Product Returned,Rejected
REF008919,TXN000002,CUST00249,MER04184,2024-03-16 13:04:30,37124.66,Booking Cancelled,Pending
REF008920,TXN004816,CUST05992,MER07160,17/06/2024,52973.01,Order Cancelled,Pending
REF008921,TXN008508,CUST02571,MER01823,2024-03-04 22:45:49,13618.18,Duplicate Transaction,Completed
REF008922,TXN000581,CUST03584,MER03014,2024-10-23 15:17:18,7542.98,Duplicate Transaction,Pending
REF008923,TXN007077,CUST08856,MER09309,2024-06-07 03:16:46,unknown,Product Returned,Completed
REF008924,TXN004700,CUST09177,MER08555,2024-04-13 17:18:31,36446.99,Order Cancelled,Completed
REF008925,TXN008170,CUST00393,MER07883,2024-12-13 13:51:34,8895.33,Order Cancelled,Rejected
REF008926,TXN006315,CUST00454,MER05754,2024-04-09 23:33:16,2435.14,Customer Request,Pending
REF008927,TXN004208,CUST08576,MER00312,2024-07-20 10:41:24,16703.07,Customer Request,Completed
REF008928,TXN007606,CUST06932,MER06938,2024-03-22 11:55:52,1524.5,Customer Request,Completed
REF008929,TXN004479,CUST03336,MER05678,2024-02-18 07:47:25,18753.24,Duplicate Transaction,Pending
REF008930,TXN009731,CUST04994,MER04934,2025-01-24 11:02:37,5559.82,Product Returned,Pending
REF008931,TXN007408,CUST09422,MER05733,2024-07-22 19:33:23,13292.06,Duplicate Transaction,Completed
REF008932,TXN008547,CUST08744,MER09115,2024-04-03 08:13:22,14204.47,Booking Cancelled,Completed
REF008933,TXN002590,CUST09100,MER09711,2024-08-12 23:25:53,2241.3,Customer Request,Completed
REF008934,TXN000789,CUST09763,MER03620,2024-04-08 03:27:40,197.27,Customer Request,Completed
REF008935,TXN002476,CUST07047,MER08270,2024-12-01 21:09:14,837.95,Booking Cancelled,Completed
REF008936,TXN009552,CUST09858,MER03757,2024-02-20 13:41:47,11918.27,Product Returned,Completed
REF008937,TXN001605,CUST05117,MER06077,2025-01-13 06:39:10,46.82,Customer Request,Completed
REF008938,TXN002642,CUST06688,MER09277,2024-03-22 10:53:50,12016.69,Customer Request,Completed
REF008939,TXN006214,CUST01341,MER07230,2024-05-07 12:16:28,98790.07,Booking Cancelled,Completed
REF008940,TXN004841,CUST05373,MER05383,2024-01-22 22:39:45,102374.69,Duplicate Transaction,Completed
REF008941,TXN008472,CUST06182,MER00627,2024-06-19 22:30:54,86573.68,Duplicate Transaction,Completed
REF008942,TXN000083,CUST06622,MER00043,2024-06-04 21:46:36,15578.96,Booking Cancelled,Completed
REF008943,TXN001977,CUST09572,MER01570,2024-10-28 06:05:22,762.43,Order Cancelled,Pending
REF008944,TXN007270,CUST07545,MER08398,2024-06-12 09:29:10,4093.48,Order Cancelled,Completed
REF008945,TXN000300,CUST07406,MER03924,2024-07-28 14:30:29,968.32,Product Returned,Pending
REF008946,TXN006583,CUST05392,MER06764,2024-12-15 05:48:16,4693.16,Product Returned,Completed
REF008947,TXN005906,CUST01072,MER06019,2024-10-07 06:30:40,715.5,Customer Request,Rejected
REF008948,TXN007118,CUST01532,MER08169,2024-03-05 19:10:11,28015.75,Duplicate Transaction,Rejected
REF008949,TXN001303,CUST03514,MER09841,2024-12-01 06:20:32,715.49,Product Returned,Rejected
REF008950,TXN001559,CUST03794,MER06230,2024-02-01 10:39:01,2396.17,Duplicate Transaction,Completed
REF008951,TXN005312,CUST03597,MER05094,2024-07-19 14:01:31,49375.73,Duplicate Transaction,Pending
REF008952,TXN003228,CUST00085,MER02511,2024-09-01 19:49:45,77395.3,Order Cancelled,Completed
REF008953,TXN002824,CUST07351,MER05462,2024-11-14 04:31:40,13534.16,Customer Request,Pending
REF008954,TXN000979,CUST07452,MER04738,2024-12-16 19:05:35,50326.66,Product Returned,Completed
REF008955,TXN004683,CUST06785,MER02433,2024-10-08 10:25:25,27388.71,Booking Cancelled,Completed
REF008956,TXN009720,CUST01929,MER05787,2024-12-13 09:10:26,9924.26,Order Cancelled,Completed
REF008957,TXN007106,CUST06020,MER07787,2024-03-22 13:55:51,1697.89,Order Cancelled,
REF008958,TXN001687,CUST02372,MER02373,2024-03-21 02:40:38,18090.1,Booking Cancelled,Completed
REF008959,,CUST00531,MER01011,,19661.83,Booking Cancelled,Completed
REF008960,TXN008967,CUST08951,MER01339,2024-12-29 10:28:12,797.27,Customer Request,Completed
REF008961,TXN006121,CUST09449,MER00927,2024-10-09 00:42:00,20383.72,Order Cancelled,Completed
REF008962,TXN005669,CUST03220,MER00222,2024-05-18 23:48:29,19339.29,Duplicate Transaction,Rejected
REF008963,TXN006414,CUST08594,MER07038,2024-07-12 09:03:18,1100.14,Order Cancelled,Completed
REF008964,TXN009828,CUST02276,MER03379,2024-01-20 00:37:50,22617.82,Customer Request,Completed
REF008965,TXN006662,CUST00185,MER06345,2024-12-23 00:50:32,unknown,Duplicate Transaction,Rejected
REF008966,TXN003960,UNKNOWN,MER08254,2024-11-16 06:39:29,,,Pending
REF008967,TXN004806,CUST01244,MER00997,2024-06-09 20:56:56,18519.94,Booking Cancelled,Pending
REF008968,TXN007231,CUST09738,MER05294,2024-05-01 13:46:29,895.49,Duplicate Transaction,Completed
REF008969,TXN000210,CUST07783,MER08145,2025-01-06 09:22:01,5985.15,,Completed
REF008970,TXN008561,CUST00748,MER05127,2024-03-28 09:44:34,16541.22,Customer Request,Completed
REF008971,TXN000546,CUST07756,MER08144,2024-11-15 06:19:05,105.8,Order Cancelled,Completed
REF008972,TXN003475,CUST03059,MER09506,2025-01-05 08:51:16,73442.03,Booking Cancelled,Completed
REF008973,TXN000348,CUST01037,MER09826,2024-02-24 17:14:22,102758.35,Customer Request,Completed
REF008974,TXN001200,CUST05992,MER01012,2024-06-13 02:11:32,13361.96,Booking Cancelled,Completed
REF008975,TXN003301,CUST09861,MER05625,2024-06-28 00:53:18,64.15,Customer Request,Pending
REF008976,UNKNOWN,CUST08870,MER03059,2024-08-26 00:57:36,19239.14,Product Returned,Completed
REF008977,TXN003303,CUST02848,MER07469,2024-05-23 13:33:08,3477.71,Booking Cancelled,Pending
REF008978,TXN000727,CUST06082,MER02929,2024-12-18 21:40:59,14353.99,Booking Cancelled,Completed
REF008979,TXN007940,CUST04970,MER06216,2024-11-09 04:45:08,14173.63,Booking Cancelled,Rejected
REF008980,TXN006456,CUST05496,MER07003,2024-03-24 00:11:11,9652.67,Product Returned,Completed
REF008981,TXN001352,CUST05605,MER09277,2024-04-05 21:03:41,137.8,Booking Cancelled,Pending
REF008982,TXN008079,CUST02096,MER03458,2024-04-10 11:27:48,11943.48,Customer Request,Completed
REF008983,TXN006154,CUST03418,MER09309,2024-12-13 13:05:01,417.65,Customer Request,Completed
REF008984,TXN009349,CUST01919,MER09734,2024-05-07 10:53:29,7529.1,Duplicate Transaction,Completed
REF008985,TXN000031,CUST06874,MER00539,2024-05-02 12:43:06,10954.09,Product Returned,Rejected
REF008986,TXN005470,CUST08257,MER05673,2025-01-20 05:18:31,29744.52,Duplicate Transaction,Completed
REF008987,TXN008442,CUST01300,MER03326,2024-11-06 06:03:18,10160.34,Product Returned,Rejected
REF008988,,CUST09748,MER01604,2024-09-04 18:20:59,75517.37,Duplicate Transaction,Pending
REF008989,TXN000993,CUST00728,MER01504,2024-12-24 20:42:34,289.38,Duplicate Transaction,Pending
REF008990,TXN008546,CUST05951,MER00698,2024-05-28 23:58:24,5210.0,Order Cancelled,Completed
REF008991,TXN005667,CUST07836,MER02056,2024-02-29 06:46:25,19454.99,Product Returned,Completed
REF008992,TXN000272,CUST09846,MER06032,2024-01-31 10:46:29,1014.19,Booking Cancelled,Completed
REF008993,TXN004637,CUST06403,MER08044,2024-07-23 20:10:42,10658.98,Customer Request,Rejected
REF008994,,CUST06444,MER09772,2024-04-29 14:13:35,31289.66,Booking Cancelled,Pending
REF008995,TXN000961,CUST08608,MER09735,2024-09-10 11:12:19,7158.83,Duplicate Transaction,Completed
REF008996,TXN007914,CUST06483,MER00163,2024-10-20 15:48:47,15449.81,Product Returned,Completed
REF008997,TXN000333,CUST09714,MER05170,,301.4,Booking Cancelled,Completed
REF008998,TXN008996,CUST05787,MER05335,2024-03-05 03:47:40,221.78,,Rejected
REF008999,TXN001122,CUST01967,MER03559,2024-06-25 09:23:03,3878.7,Booking Cancelled,Completed
,TXN007217,CUST01781,MER04125,2024-03-11 08:52:39,16929.85,Booking Cancelled,Completed
REF009001,TXN008501,CUST08864,MER02639,,1748.47,Booking Cancelled,Pending
REF008587,TXN006244,CUST03664,MER01321,2024-07-04 17:06:01,1045.18,Product Returned,Rejected
REF009003,TXN004444,CUST08208,MER00550,2024-04-16 05:25:23,29366.85,Customer Request,Completed
REF009004,TXN000854,,MER08729,2024-06-11 05:14:02,15106.86,Customer Request,Completed
REF009005,,CUST02819,MER02206,2024-03-30 20:57:53,13162.65,Product Returned,Completed
REF009006,TXN006086,CUST08120,MER02908,2024-09-27 21:02:33,4995.24,Order Cancelled,Completed
REF009007,TXN002926,CUST01603,MER03977,2024-03-31 01:36:15,2300.86,Customer Request,Completed
REF009008,TXN005811,CUST09829,MER05102,2024-12-18 05:28:29,161.08,Customer Request,Completed
REF009009,TXN004757,CUST08645,MER03816,2024-05-18 08:52:45,43530.12,Order Cancelled,Completed
REF009010,TXN007617,CUST01404,MER00960,2024-11-25 04:42:29,61123.32,Duplicate Transaction,Completed
REF009011,TXN002154,CUST03203,MER01884,2024-04-03 07:39:04,22295.0,Order Cancelled,Completed
REF009012,TXN000814,CUST06950,MER06791,2024-10-15 03:13:59,2396.46,Customer Request,Completed
REF009013,UNKNOWN,CUST05225,MER00280,2024-05-27 15:05:02,2878.68,Duplicate Transaction,Rejected
REF009014,TXN003807,CUST02089,,2024-06-09 10:50:42,6883.98,Booking Cancelled,Completed
REF009015,TXN003462,CUST09756,MER00825,2024-05-29 14:36:28,1167.16,Product Returned,Pending
,TXN000416,CUST01806,MER04801,2024-11-18 03:53:04,2506.45,Booking Cancelled,Pending
REF009017,TXN002706,CUST08812,MER07771,2024-10-28 22:42:31,35027.36,Duplicate Transaction,Completed
REF009018,TXN009697,CUST08848,MER08052,2024-01-27 01:22:54,340.68,Duplicate Transaction,Completed
REF009019,TXN000494,CUST01675,MER06348,2024-07-30 22:39:28,499.38,Duplicate Transaction,Completed
REF009020,TXN004718,CUST07685,UNKNOWN,2024-04-11 18:43:17,1787.99,Product Returned,Completed
REF009021,TXN005033,CUST05815,MER04325,2024-11-18 19:25:52,4738.36,Customer Request,Completed
REF009022,TXN003168,CUST07230,MER09089,,43174.0,Order Cancelled,Completed
REF009023,TXN001931,CUST08646,MER07540,05/01/2025,1277.78,Product Returned,Completed
REF009024,TXN007150,CUST00989,MER03216,2024-03-14 09:42:51,16510.09,Product Returned,Completed
REF009025,TXN000413,CUST08260,MER05898,2024-02-19 04:55:08,23504.18,Product Returned,Rejected
REF009026,TXN002757,CUST01394,MER00483,2024-06-01 07:29:19,79996.08,Product Returned,Completed
REF009027,TXN001048,CUST06088,MER02147,2024-10-03 19:02:54,26868.7,Customer Request,Completed
REF009028,TXN004814,CUST06895,MER02142,2024-10-12 18:48:58,1170.12,Booking Cancelled,Completed
REF009029,TXN005484,CUST09467,MER00842,2024-06-02 10:38:59,717.65,Booking Cancelled,Completed
REF009030,TXN004570,CUST09093,MER03677,2024-02-19 20:04:17,,Order Cancelled,Rejected
REF009031,TXN001920,CUST03532,MER05594,2024-11-23 17:54:33,1721.0,Order Cancelled,Completed
REF009032,TXN001997,CUST05916,MER01733,2024-02-22 10:36:47,1279.84,Booking Cancelled,Completed
REF009033,TXN005842,CUST03589,MER03632,2024-11-19 04:41:15,812.56,Booking Cancelled,Pending
REF009034,TXN008990,CUST02596,MER03816,2024-08-28 16:07:49,9527.11,Duplicate Transaction,Completed
REF009035,TXN008688,,MER03714,2024-11-12 11:02:56,2003.63,Duplicate Transaction,Completed
REF009036,TXN000395,CUST03956,MER05222,2024-12-22 22:06:32,177.82,Order Cancelled,Completed
REF009037,TXN000652,CUST06916,MER06332,2024-07-26 19:36:59,4108.69,Order Cancelled,Completed
REF009038,TXN006702,CUST08410,MER05576,2024-11-16 01:49:29,292.68,Duplicate Transaction,Completed
REF009039,TXN003096,,MER02969,2024-08-17 23:35:14,309.35,Customer Request,Completed
REF009040,TXN008232,CUST01821,MER05274,2024-02-13 02:16:07,11545.52,Duplicate Transaction,Completed
REF009041,TXN008116,CUST07825,MER02454,2024-06-22 10:48:31,118076.92,Booking Cancelled,Completed
REF009042,TXN008229,CUST01329,MER05825,2024-08-08 02:07:00,415.12,Product Returned,Completed
REF009043,TXN007400,CUST09224,MER05443,2024-11-14 09:14:44,621.84,Duplicate Transaction,Completed
REF009044,TXN007442,CUST00472,MER08855,2024-10-18 01:24:11,39.12,Product Returned,Completed
REF009045,TXN006216,CUST03520,MER05825,2024-11-18 20:41:21,23063.89,Customer Request,Completed
REF009046,TXN004451,CUST00631,MER07862,2024-12-20 07:21:11,2249.62,Booking Cancelled,Pending
REF009047,TXN001333,CUST05892,MER06641,2024-08-29 15:40:37,44378.2,Duplicate Transaction,Pending
REF009048,TXN003157,CUST07224,MER09374,2024-09-10 02:11:28,78.47,Duplicate Transaction,Completed
REF009049,TXN002413,CUST09768,,2024-07-24 06:41:58,26300.26,Customer Request,Rejected
REF009050,TXN004997,CUST00239,MER02184,2024-04-30 00:37:53,93203.66,Order Cancelled,Completed
REF009051,TXN000840,CUST05410,MER01592,2024-10-11 06:30:10,350.76,Order Cancelled,Pending
REF009052,TXN001607,CUST02832,MER09772,2024-10-23 08:16:52,1461.21,Order Cancelled,Completed
REF009053,TXN007220,CUST03959,MER04205,2024-05-14 19:02:04,19643.83,Duplicate Transaction,Rejected
REF009054,TXN003376,CUST06529,MER07993,2024-03-12 05:14:32,351.79,Product Returned,Completed
REF009055,TXN007278,CUST09796,MER08665,2024-11-11 12:32:49,962.75,Booking Cancelled,Pending
REF009056,TXN006806,CUST01879,MER05318,2024-04-17 13:33:41,17849.05,Booking Cancelled,Pending
REF009057,TXN007120,CUST05404,MER06680,2024-10-03 17:07:09,91561.0,Duplicate Transaction,Completed
REF009058,TXN003815,CUST02035,MER08842,2024-12-19 04:00:33,17225.36,Order Cancelled,Completed
REF009059,,CUST00229,MER00210,2024-09-02 06:13:43,639.27,Duplicate Transaction,Completed
REF009060,TXN001579,CUST04423,MER08931,2024-05-07 17:49:57,13381.86,Order Cancelled,Pending
REF009061,TXN007435,CUST09138,MER08841,2024-08-26 18:48:22,3842.7,Product Returned,Completed
REF009961,TXN007370,CUST03919,MER03499,2024-12-30 08:27:18,263.2,,Rejected
REF009063,TXN006269,CUST03054,MER09589,2024-08-10 14:10:35,1577.11,Product Returned,Completed
REF009064,TXN002904,CUST07424,MER06578,2024-12-31 07:30:43,7321.63,,Completed
REF009065,TXN008815,CUST09744,MER09013,2024-05-26 08:51:13,276.28,Duplicate Transaction,Pending
REF009066,TXN006634,CUST07613,MER03074,2024-10-26 09:34:03,11060.02,Booking Cancelled,Completed
REF009067,TXN001410,CUST02994,MER07727,2024-05-05 02:37:22,3813.7,Duplicate Transaction,Completed
REF009068,TXN001279,CUST08636,MER05479,2024-01-31 09:09:55,6779.41,Order Cancelled,Rejected
REF009069,TXN003426,CUST06101,MER07351,,1687.08,Product Returned,Completed
REF009070,TXN004010,CUST01945,MER02764,2024-12-22 19:11:24,3823.9,Order Cancelled,Completed
REF009071,TXN009471,CUST02819,MER02206,2024-03-25 20:57:53,,Booking Cancelled,Completed
REF009072,TXN003383,CUST02031,MER09966,2024-11-30 12:11:01,78825.96,Booking Cancelled,Completed
REF009073,TXN001222,,MER00154,2024-04-17 09:43:34,308.84,,Completed
REF009074,TXN003161,CUST08111,MER05526,2024-03-13 07:45:30,2199.15,Booking Cancelled,Pending
REF009075,TXN001394,CUST06227,MER00525,2024-10-16 11:54:37,351.7,Duplicate Transaction,Completed
REF009076,TXN003050,CUST07884,MER00030,2024-09-12 10:11:34,2254.08,Booking Cancelled,Completed
REF009077,TXN002393,CUST08399,MER02221,2024-11-27 19:39:34,56244.39,Booking Cancelled,Completed
,TXN002265,CUST09911,MER06485,2024-05-11 18:48:41,2030.17,Booking Cancelled,Pending
REF009079,TXN008952,CUST06356,MER03047,2024-09-23 08:02:44,750.41,Product Returned,Completed
REF009080,TXN002938,CUST01274,MER09386,2024-09-22 07:56:08,1932.24,Booking Cancelled,Rejected
REF009081,TXN003150,CUST05164,MER00172,2024-09-10 06:31:53,1756.62,Duplicate Transaction,Completed
REF009082,TXN007289,CUST05568,MER08404,2024-09-08 13:15:01,43373.56,Duplicate Transaction,Completed
REF009083,TXN004849,CUST04419,MER08057,2024-08-22 20:08:20,51044.92,Booking Cancelled,Pending
REF009084,TXN007796,CUST04168,MER06903,2024-03-13 07:46:07,1378.17,Duplicate Transaction,Completed
REF009085,TXN001740,CUST04501,MER05101,2024-02-18 05:34:26,1359.66,Booking Cancelled,Completed
REF009086,TXN007921,CUST04259,MER00239,2024-03-26 13:59:59,,Booking Cancelled,Completed
REF009087,TXN004263,CUST05586,MER03304,2024-01-27 00:26:23,963.54,Product Returned,Completed
REF009088,TXN000664,CUST00941,MER04252,2024-04-21 09:06:02,,Duplicate Transaction,Pending
REF009089,TXN006976,CUST00357,MER04035,2024-04-25 08:04:32,75566.94,Duplicate Transaction,Rejected
REF009090,TXN006098,CUST00547,MER02751,2024-08-29 02:07:15,10185.75,Customer Request,Completed
REF009091,TXN008393,CUST07504,MER05350,2025-01-10 05:16:40,16700.5,Booking Cancelled,Completed
REF009092,TXN009274,CUST06625,MER07069,2024-03-16 21:32:26,86505.84,Order Cancelled,Pending
REF009093,TXN004468,CUST03443,MER02166,2024-10-30 23:12:33,20838.82,Booking Cancelled,Completed
REF009094,TXN001198,CUST07952,MER01677,2024-10-30 13:16:36,8464.6,Booking Cancelled,Completed
REF009095,,CUST07309,MER08363,2025-01-02 15:54:28,1761.47,Product Returned,Completed
REF009096,TXN005870,CUST03760,MER01646,2024-03-16 14:49:17,6396.69,Product Returned,Pending
REF009097,TXN005653,CUST02038,MER04951,2024-08-27 01:00:54,98955.28,Order Cancelled,Rejected
REF009098,TXN004419,CUST05761,MER08663,2024-05-20 10:22:58,,Order Cancelled,Completed
REF009099,TXN008540,CUST08755,MER06381,2024-10-09 22:25:56,15260.25,Customer Request,Pending
REF009100,TXN007809,CUST08043,MER09002,2024-02-12 20:38:03,74687.27,Duplicate Transaction,Completed
REF009101,TXN007844,CUST08417,MER05152,2024-09-29 00:25:11,1517.94,Duplicate Transaction,Completed
REF009102,TXN005227,CUST07448,,2024-07-12 03:58:57,3828.98,Booking Cancelled,Completed
REF009103,TXN003909,CUST09563,MER04707,2024-12-14 19:19:46,367.15,Order Cancelled,Completed
REF009104,TXN002865,CUST03424,MER09589,2024-11-25 03:49:55,5069.57,Product Returned,Completed
REF009105,TXN009011,CUST00685,MER02659,2024-05-02 04:59:38,8853.08,Duplicate Transaction,Completed
REF009106,TXN008705,CUST05789,MER05142,2025-01-05 15:49:00,90301.96,Product Returned,Pending
REF009107,TXN000515,CUST04215,MER08429,2024-10-13 23:52:13,320.44,Product Returned,Completed
REF009108,TXN006365,CUST05215,MER04807,2025-01-05 07:57:35,77546.13,Customer Request,Completed
REF009109,TXN007883,CUST07618,MER04190,2024-03-26 13:54:54,24290.82,Booking Cancelled,Completed
REF009110,TXN004791,CUST01803,MER00827,2024-04-15 08:10:04,44912.83,Duplicate Transaction,Completed
REF009111,TXN000788,CUST02546,MER03085,2024-10-30 08:52:53,18768.07,Duplicate Transaction,Completed
REF009112,TXN006898,CUST05633,MER03906,14/10/2024,271.24,Order Cancelled,Pending
REF009113,TXN000490,CUST06357,MER00100,2024-03-15 22:24:38,22046.31,Product Returned,Pending
REF009114,TXN002639,CUST09499,MER00626,17/04/2024,21163.28,Duplicate Transaction,Completed
REF009115,TXN008888,CUST09741,MER02603,2024-07-18 23:49:13,888.39,Product Returned,Completed
REF009116,TXN006698,CUST01525,MER04954,2024-03-10 17:09:45,1963.9,Order Cancelled,Completed
REF009117,TXN001737,CUST07898,MER09807,2024-05-17 04:14:31,24545.6,Booking Cancelled,Completed
,TXN008956,CUST05320,MER01334,2024-01-18 16:58:05,4074.74,Booking Cancelled,Completed
REF009119,TXN001883,CUST07309,MER07007,2024-06-11 13:39:55,49320.06,Duplicate Transaction,Completed
REF009120,TXN008031,CUST05377,MER09918,2024-05-20 02:13:22,16688.35,Duplicate Transaction,Completed
REF009121,TXN001861,CUST02621,MER06834,2024-04-19 17:39:11,287.82,Duplicate Transaction,Completed
REF009122,TXN009418,CUST01130,MER09794,2024-10-29 15:23:53,2458.46,Customer Request,Rejected
REF009123,TXN007423,CUST01330,MER00944,2024-07-22 17:42:20,16926.82,Customer Request,Rejected
REF009124,TXN009087,CUST05889,MER05265,2024-01-26 19:32:13,1855.87,Duplicate Transaction,Pending
REF009125,TXN003788,CUST09785,MER06542,2024-03-01 13:15:26,30615.2,Customer Request,Pending
REF009126,TXN009755,CUST05488,MER05924,2024-08-23 05:11:17,24974.8,Customer Request,Completed
REF000331,,CUST09590,MER04129,2024-08-20 17:34:54,32860.04,Booking Cancelled,Completed
REF009128,UNKNOWN,CUST00708,MER00306,2024-09-05 04:59:59,15270.99,Order Cancelled,Completed
REF009129,TXN000246,CUST02817,MER09270,2024-06-16 14:09:43,105315.47,Customer Request,Completed
REF009130,TXN002068,CUST01417,MER02351,24/04/2024,42702.83,Duplicate Transaction,Completed
REF009131,TXN007606,CUST06932,MER06938,2024-03-12 11:55:52,3048.99,Duplicate Transaction,Completed
REF009132,TXN002126,CUST08652,MER06947,2024-03-03 04:03:20,17855.75,Order Cancelled,Rejected
REF009133,TXN002807,CUST06539,MER01550,2024-10-11 19:08:32,59.32,Product Returned,Pending
REF009134,TXN008272,CUST08940,MER04518,2024-03-31 22:32:42,97257.71,Booking Cancelled,Pending
REF009135,TXN004521,CUST01383,MER09167,2024-04-14 03:57:12,127.34,Order Cancelled,Completed
REF009136,TXN000184,CUST02188,MER08534,2024-09-03 05:09:37,23424.1,,Completed
REF009137,TXN003090,CUST04241,MER00807,2024-02-27 22:17:05,42690.28,Customer Request,Pending
REF009138,TXN003411,CUST01631,MER01582,2024-05-25 20:57:45,8248.96,Product Returned,Completed
REF009139,TXN003501,CUST05331,,2024-02-07 06:30:12,54.04,Order Cancelled,
REF009140,TXN007718,CUST06347,MER01045,2024-12-03 04:01:02,802.89,Booking Cancelled,Completed
REF009141,TXN006259,CUST01244,MER04538,2024-08-04 16:10:16,2130.23,Product Returned,Completed
REF009142,TXN004920,CUST05866,MER09049,2024-09-02 16:33:22,570.54,Booking Cancelled,Pending
REF009143,TXN001253,CUST02841,MER09538,2024-06-22 10:40:58,104.14,Booking Cancelled,Pending
REF009144,TXN004283,CUST03513,MER01402,2024-01-18 15:14:43,65308.11,Product Returned,Pending
REF009145,TXN001915,CUST02065,MER08447,2024-02-22 12:30:25,46931.23,Duplicate Transaction,Completed
REF009146,TXN007914,CUST06483,MER00163,2024-10-14 15:48:47,7724.9,Booking Cancelled,Completed
REF009147,TXN009698,CUST04069,MER09360,2025-01-26 15:43:32,16238.67,Booking Cancelled,Rejected
REF009148,TXN002410,CUST06209,MER02997,2024-08-25 19:29:57,221.8,Order Cancelled,Completed
REF009149,TXN001418,CUST05706,MER01401,2024-04-23 08:34:28,38798.99,Booking Cancelled,Completed
REF009150,TXN006157,CUST04962,MER00765,16/04/2024,8639.82,Order Cancelled,Completed
REF009151,TXN001119,CUST00231,MER05440,2024-08-17 06:41:19,1432.1,Customer Request,Rejected
REF009152,TXN005557,CUST04969,MER01588,2024-07-25 01:58:01,18679.44,Duplicate Transaction,Pending
REF009153,TXN002086,CUST02801,MER04572,2024-07-12 09:59:41,2678.12,Booking Cancelled,Pending
REF009154,TXN001635,CUST02540,MER09878,2024-05-05 20:46:40,30.86,Duplicate Transaction,Completed
REF009155,TXN004141,CUST02592,MER08132,2024-10-24 11:54:52,2503.56,Customer Request,Completed
REF009156,TXN005608,CUST04966,MER05647,29/06/2024,3896.23,Order Cancelled,Completed
REF009157,TXN004562,CUST09507,MER10000,2024-05-31 23:09:44,2052.2,Customer Request,Completed
REF002870,TXN003447,CUST08158,MER09670,2024-05-28 19:02:08,14751.3,Customer Request,Completed
REF009159,TXN002728,CUST03444,MER07683,2024-10-29 05:41:40,759.24,Duplicate Transaction,Completed
REF009160,TXN006445,CUST09738,MER07204,2024-09-27 05:06:01,316.52,Order Cancelled,Pending
REF009161,TXN007005,CUST00445,MER05298,2024-10-17 18:10:20,18747.8,Duplicate Transaction,Completed
REF009162,TXN009387,CUST05898,MER00800,2024-02-25 18:07:58,830.06,Product Returned,Rejected
REF009163,TXN009107,CUST00516,MER04210,2024-07-01 03:35:47,119920.63,Duplicate Transaction,Rejected
REF009164,TXN005188,CUST08592,MER06715,2024-11-12 20:18:41,2263.9,Product Returned,Completed
REF009165,TXN009292,CUST07760,MER03179,2024-01-28 11:29:50,4728.43,Customer Request,Pending
REF009166,TXN003725,CUST05464,MER06425,2024-05-20 17:22:22,1848.82,,Completed
REF009167,TXN005399,CUST00479,MER09783,2024-09-29 00:01:05,93319.61,Booking Cancelled,Completed
REF009168,TXN006120,CUST05472,MER04455,2024-02-17 10:29:46,57705.51,Order Cancelled,Pending
REF009169,TXN006273,CUST00484,MER06978,2025-01-02 06:10:52,49.12,Booking Cancelled,Completed
REF009170,TXN002572,CUST07016,MER04146,2024-03-15 13:29:38,4687.23,Booking Cancelled,Completed
REF009171,TXN001901,CUST00549,MER03962,2024-07-02 23:02:43,393.6,Order Cancelled,Completed
REF009172,TXN000055,CUST06938,MER09335,2024-09-18 18:56:53,10857.05,Order Cancelled,Pending
REF009173,TXN003725,CUST05464,MER06425,2024-04-29 17:22:22,385.17,Order Cancelled,Completed
REF009174,,CUST01300,MER03326,2024-10-30 06:03:18,12192.41,,Completed
REF009175,TXN003703,CUST01713,MER01337,2024-10-15 00:34:50,13792.72,Order Cancelled,Completed
REF009176,TXN005463,CUST02658,MER00654,2024-02-09 16:57:14,23666.08,Order Cancelled,Completed
REF009177,TXN000196,CUST03992,MER07859,2024-11-03 17:29:13,15766.44,Order Cancelled,Completed
REF009178,TXN002969,CUST09428,MER08875,2024-01-21 09:49:29,107.02,Booking Cancelled,Completed
REF009179,TXN008764,CUST05883,MER08851,2024-04-26 01:54:18,523.48,,Completed
REF009180,TXN008563,CUST07698,MER05281,2024-11-16 04:06:34,72001.9,Product Returned,Completed
REF009181,TXN000740,CUST02190,MER06921,2024-11-26 08:23:58,18003.94,Duplicate Transaction,Completed
REF009182,TXN002106,CUST09239,MER04382,2024-06-07 07:48:10,39.37,Product Returned,Completed
REF009183,TXN002490,CUST06354,MER09272,2024-03-17 20:31:18,627.5,Booking Cancelled,Completed
REF009184,TXN005729,CUST05083,MER06364,2024-08-23 21:45:55,16977.99,Duplicate Transaction,Rejected
REF009185,TXN009096,CUST01665,MER08714,2024-10-16 08:40:57,45004.64,Product Returned,Completed
REF009186,TXN001474,CUST04493,MER08473,2024-11-02 07:37:23,48565.76,Customer Request,Completed
REF009187,TXN007316,CUST01014,MER01062,2024-12-10 22:46:30,14938.18,Booking Cancelled,Pending
REF009188,TXN000163,CUST04193,MER02506,2024-03-12 23:05:51,7519.35,Product Returned,Completed
REF009189,TXN001069,CUST03628,MER07392,2025-01-10 12:55:22,63709.64,Order Cancelled,Pending
REF009190,TXN004985,CUST02162,MER08044,2025-01-01 23:56:26,5101.15,Customer Request,Completed
REF009191,TXN000708,CUST04735,MER05533,2024-07-03 08:11:38,74412.58,Product Returned,Completed
REF009192,TXN007895,CUST05152,MER09003,2024-12-12 05:31:33,61258.9,Customer Request,Completed
REF009193,TXN006810,CUST08067,MER03245,2024-10-12 16:14:12,19088.51,Duplicate Transaction,Completed
REF009194,TXN004687,CUST08011,MER01499,2024-03-10 00:29:05,unknown,Customer Request,Completed
REF009195,TXN007393,CUST06306,MER04172,2024-10-06 23:42:23,9189.15,Duplicate Transaction,Pending
REF009196,TXN003407,CUST00138,MER05701,2024-12-09 02:39:10,29226.73,Booking Cancelled,Completed
REF009197,TXN004510,CUST07660,MER08531,2024-05-06 06:38:47,3569.42,Product Returned,Pending
REF009198,TXN009506,CUST07103,MER00095,2024-12-12 14:00:25,57.68,Product Returned,Completed
REF009199,UNKNOWN,CUST06415,MER08170,2024-03-31 01:49:57,10587.98,Duplicate Transaction,Completed
REF009200,TXN001996,CUST01488,MER09427,2024-09-27 08:18:56,53105.6,Booking Cancelled,Pending
REF009201,TXN001543,CUST00689,MER00963,2024-08-20 16:17:59,18646.44,Duplicate Transaction,Pending
REF009202,TXN007457,CUST01427,MER05281,2024-05-14 14:58:17,2163.83,Order Cancelled,Completed
REF009203,TXN003072,CUST09617,MER00308,2024-01-16 09:08:05,12725.57,Booking Cancelled,Completed
REF009204,TXN004905,CUST02863,MER04310,2024-05-30 16:58:30,16568.55,Booking Cancelled,Pending
REF009205,TXN005801,CUST01602,MER06727,2024-02-12 09:01:51,47984.33,Customer Request,Completed
REF009206,TXN005864,CUST04340,MER04205,2024-03-19 13:27:00,44247.4,Product Returned,Completed
REF009207,TXN004926,CUST07620,MER04186,2024-01-06 14:31:53,31772.12,Duplicate Transaction,Completed
REF009208,TXN005525,CUST02290,MER05050,,61.19,Order Cancelled,Completed
REF009209,,CUST06069,MER09133,2024-07-31 21:40:48,16141.42,Product Returned,Completed
REF009210,TXN008989,CUST00670,MER02103,2024-11-05 06:50:36,13205.59,Customer Request,Rejected
REF009211,TXN000937,CUST08621,MER08693,2024-11-23 15:02:46,69729.66,Product Returned,Rejected
REF009212,TXN007445,CUST09050,MER07811,2024-05-19 09:30:00,2828.96,Product Returned,Rejected
REF009213,TXN005959,CUST07088,MER08479,2024-07-11 20:35:20,,Duplicate Transaction,Completed
REF009214,TXN003513,CUST04019,MER06922,2024-01-28 09:30:05,3147.11,Product Returned,Completed
REF009215,TXN001928,CUST06989,MER09234,2024-08-29 00:28:04,1876.91,Order Cancelled,Pending
REF009216,TXN007868,CUST01994,MER07499,22/04/2024,80.73,Customer Request,Completed
REF009217,TXN006865,CUST05568,MER02157,2024-08-13 03:50:25,17655.08,Duplicate Transaction,Completed
REF009218,TXN004206,CUST05088,MER05812,30/11/2024,128.74,Customer Request,Completed
REF009219,TXN008000,CUST05884,MER05626,2024-09-20 14:32:52,7398.63,Duplicate Transaction,Pending
REF009220,TXN003617,CUST00573,MER01276,2024-03-01 03:22:11,9737.58,Duplicate Transaction,Rejected
REF009221,TXN006899,CUST06437,MER07016,2024-10-18 11:17:36,831.2,Order Cancelled,Pending
REF009222,TXN005809,CUST06711,MER05543,2024-03-28 22:03:00,795.78,Customer Request,Completed
REF009223,TXN001390,CUST08550,MER07227,2024-08-13 08:18:01,4212.04,Duplicate Transaction,Completed
REF009224,TXN002848,CUST04917,MER02228,2024-09-30 00:14:33,16630.74,Duplicate Transaction,Completed
REF009225,TXN003901,CUST05980,MER04177,2024-04-13 10:41:34,1370.65,Customer Request,Pending
REF009226,TXN009601,CUST00278,MER01978,2024-08-16 01:44:59,7505.82,Product Returned,Completed
REF009227,TXN004468,CUST03443,MER02166,2024-11-06 23:12:33,41677.64,Product Returned,Completed
REF009228,TXN008293,CUST03103,MER09266,2024-04-18 11:27:28,208.71,Booking Cancelled,Completed
REF009229,TXN005935,CUST06526,MER05715,2024-07-09 13:28:17,52851.9,Duplicate Transaction,Completed
REF009230,TXN002467,CUST05575,MER00692,2024-08-26 10:48:48,19010.2,Duplicate Transaction,Rejected
REF009231,TXN006458,CUST01385,MER02298,01/03/2024,117810.67,Booking Cancelled,Completed
REF009232,TXN002835,CUST07360,MER02415,2024-12-02 03:23:32,19808.97,Customer Request,Completed
REF009233,TXN003370,CUST04119,MER04424,2024-04-18 09:03:36,17834.94,Order Cancelled,Rejected
REF009234,TXN000810,CUST01393,MER08351,2024-01-29 23:35:25,33852.34,Duplicate Transaction,Completed
REF009235,TXN000151,CUST08166,MER06244,2024-12-10 21:00:35,14388.56,Product Returned,Completed
REF009236,TXN006877,CUST05984,MER00717,2024-06-12 03:37:47,1418.43,Booking Cancelled,Completed
REF009237,TXN008100,CUST00267,MER03671,2024-11-20 03:58:20,692.55,Customer Request,Completed
REF009238,TXN009510,CUST01601,,2024-11-26 16:27:40,408.71,Duplicate Transaction,Completed
REF009239,TXN002388,CUST09682,MER02723,2024-02-19 11:07:41,2753.74,Order Cancelled,
REF009240,TXN003182,CUST06331,MER00625,2024-01-14 00:04:41,72995.89,Customer Request,Completed
REF009241,TXN000888,CUST06334,MER09689,2024-03-30 12:36:05,3434.21,Customer Request,Pending
REF009242,TXN003712,CUST04765,MER08854,2024-07-06 03:12:49,6490.5,Order Cancelled,Completed
REF009243,TXN009293,CUST01724,MER08450,2024-01-11 04:46:03,3777.04,Booking Cancelled,Completed
REF009244,TXN007803,CUST01117,MER01722,2024-11-13 04:55:56,368.65,Duplicate Transaction,Rejected
REF009245,TXN008970,CUST00050,MER09000,2024-08-21 03:46:58,29838.28,Customer Request,Completed
REF009246,TXN006154,CUST03418,MER09309,2024-11-29 13:05:01,835.3,Duplicate Transaction,Rejected
REF009247,TXN006068,CUST08804,MER01928,2024-07-09 06:02:16,1256.24,Duplicate Transaction,Rejected
REF009248,TXN008565,CUST00999,MER00842,2024-03-25 03:48:18,2383.54,Duplicate Transaction,Completed
REF009249,TXN009672,CUST01844,MER02601,2024-04-15 17:18:27,45715.5,Order Cancelled,Completed
REF009250,TXN004582,CUST08144,MER03825,2024-08-03 13:52:41,84297.88,Booking Cancelled,Completed
REF009251,,CUST06160,MER04110,2024-07-29 00:57:30,1223.41,Order Cancelled,Completed
REF009252,TXN004980,CUST05361,MER00353,2024-01-24 01:12:50,9856.75,Duplicate Transaction,Pending
REF009253,TXN005429,CUST02390,MER03058,24/03/2024,18667.4,Booking Cancelled,Pending
REF009254,TXN004811,,MER09451,2024-03-03 16:47:16,56608.48,Booking Cancelled,Completed
REF009255,TXN006299,CUST08525,MER04562,2024-09-13 22:52:54,4538.35,Product Returned,Completed
REF009256,TXN007517,CUST00985,MER01023,2024-01-29 16:23:44,170.88,Product Returned,Completed
REF009257,TXN000768,CUST09119,MER05641,2024-05-29 16:49:35,12021.84,Booking Cancelled,Pending
REF009258,TXN000121,CUST06328,MER04808,2024-02-19 12:41:45,37862.36,Booking Cancelled,Pending
,TXN009865,CUST01731,MER06979,2024-09-17 07:58:49,179.94,Order Cancelled,Completed
REF009260,TXN003733,CUST07821,MER07814,2024-06-15 00:36:15,1816.82,Order Cancelled,Completed
REF009261,TXN006970,CUST06943,MER02765,2024-02-26 09:31:09,99828.25,Customer Request,Completed
REF009262,TXN003239,CUST04637,MER02208,2024-06-29 17:25:49,19681.66,Customer Request,Completed
REF009263,TXN005705,CUST05944,MER07118,2024-12-29 12:13:38,131.97,Product Returned,Completed
REF009264,TXN003443,CUST08230,MER00081,2024-07-07 09:11:40,92958.92,Customer Request,Completed
REF009265,TXN001738,CUST08323,MER04907,2024-02-15 04:21:43,1409.09,Booking Cancelled,Rejected
REF009266,TXN007616,CUST08591,MER05649,2024-08-30 15:11:02,13242.46,Duplicate Transaction,Completed
REF009267,TXN002713,CUST05755,MER00396,2024-10-05 01:39:22,1403.82,Order Cancelled,Pending
REF009268,TXN008122,CUST06932,MER09767,2024-04-02 07:18:54,163.71,Order Cancelled,Completed
REF009269,TXN007607,CUST00399,MER08921,03/10/2024,1761.75,Customer Request,Completed
REF009270,TXN006065,CUST05269,MER00344,2024-04-26 21:05:35,45585.98,Duplicate Transaction,Completed
REF009271,TXN002798,CUST02717,MER05562,2024-08-21 23:48:44,55023.46,Customer Request,Completed
REF009272,TXN001902,CUST08215,MER01118,2024-10-13 18:57:47,241.3,Product Returned,Completed
REF009273,TXN000309,CUST01195,MER08083,2024-05-23 04:14:58,15416.18,Customer Request,Pending
REF009274,TXN002826,CUST06005,MER07614,2024-12-13 15:30:11,68518.44,Duplicate Transaction,Completed
REF009275,TXN004535,CUST08302,MER02980,2024-09-23 17:10:33,81681.2,Booking Cancelled,Completed
REF009276,TXN003854,UNKNOWN,MER08897,2024-09-07 22:55:46,189.97,Duplicate Transaction,Pending
REF009277,TXN001427,CUST07379,MER01177,2024-04-09 19:47:50,830.08,Product Returned,Completed
REF009278,TXN000276,CUST06902,MER07804,2024-10-07 06:31:34,3608.64,Duplicate Transaction,Completed
REF009279,TXN004991,CUST05907,MER04176,2024-12-13 21:01:51,17621.85,Customer Request,Rejected
REF009280,TXN002826,CUST06005,MER07614,2024-12-27 15:30:11,34259.22,Customer Request,Completed
REF009281,TXN006839,CUST06393,MER01425,2024-04-28 22:44:19,7864.85,Product Returned,Completed
REF009282,TXN009559,CUST03473,MER00759,2024-05-19 11:42:34,527.94,Booking Cancelled,Completed
REF009283,TXN004548,CUST08734,MER02675,2024-10-18 02:25:36,4296.82,Customer Request,Completed
REF009284,TXN003428,CUST04090,MER04008,2024-05-21 08:01:42,15892.32,Product Returned,Pending
REF009285,TXN003192,CUST04240,MER04973,2024-05-23 04:46:56,1729.82,Product Returned,Completed
REF009286,TXN003463,CUST03613,MER04757,2024-05-17 00:47:39,722.65,Booking Cancelled,Completed
REF009287,TXN004641,CUST07701,MER06661,2024-05-05 11:44:58,14814.43,Customer Request,Pending
REF009288,TXN009667,CUST01161,MER00989,2024-04-16 11:30:27,745.14,Order Cancelled,Pending
REF009289,TXN001635,CUST02540,MER09878,2024-04-10 20:46:40,15.43,Order Cancelled,Completed
REF009290,TXN000926,CUST07312,MER06113,2024-03-09 23:53:22,40406.62,Order Cancelled,Pending
REF009291,TXN009498,CUST07160,MER03903,2024-06-06 18:12:38,137.67,Booking Cancelled,Completed
REF009292,TXN007285,CUST03787,MER00096,2024-02-23 07:51:27,1570.99,Booking Cancelled,Completed
REF009293,TXN006476,,MER00400,2024-12-21 15:38:01,3838.51,Order Cancelled,Completed
REF009294,TXN002447,CUST08447,,2024-06-08 00:41:39,2214.38,Customer Request,Pending
REF009295,TXN000442,CUST03252,MER01032,2024-11-07 02:15:05,67627.26,Duplicate Transaction,Completed
REF009296,TXN002647,CUST05813,MER01336,2024-09-29 08:02:13,242.7,Booking Cancelled,Completed
REF009297,TXN004321,CUST07762,MER08366,2024-06-13 00:00:06,44535.77,Customer Request,Completed
REF009298,TXN009150,CUST04897,MER01827,2024-09-29 08:25:18,17560.03,Duplicate Transaction,Completed
REF009299,TXN006934,CUST02003,MER09697,2024-08-16 20:36:54,98466.33,Duplicate Transaction,Completed
REF009300,TXN000240,CUST02748,MER04998,2024-03-01 08:58:38,385.68,Product Returned,Completed
REF009301,TXN003694,CUST05106,MER05513,2024-12-20 07:45:50,6551.16,Order Cancelled,Completed
REF009302,TXN000704,CUST00396,MER07053,2024-05-07 08:51:04,11890.96,Order Cancelled,Pending
REF009303,TXN007376,CUST06798,MER02458,2024-08-18 16:07:33,2312.63,,Completed
REF009304,TXN009667,CUST01161,MER00989,2024-04-25 11:30:27,745.14,Order Cancelled,Completed
REF009305,TXN000728,CUST04737,MER06867,2024-07-17 09:10:16,1393.8,Product Returned,Completed
REF009306,TXN005230,CUST04636,MER00156,2024-02-13 21:01:03,6542.52,Order Cancelled,Completed
REF009307,TXN003684,CUST08579,MER03315,2024-12-29 16:06:57,3306.67,Order Cancelled,Pending
REF009308,TXN002426,CUST01884,MER09184,2024-03-23 12:53:34,840.5,Order Cancelled,Pending
REF009309,TXN006473,CUST00017,MER05640,2024-08-27 17:17:24,7872.37,Customer Request,Completed
REF009310,TXN006088,CUST01674,MER03374,2024-12-05 08:47:14,1152.02,Order Cancelled,Pending
REF009311,TXN004586,CUST06057,MER09822,2024-12-19 00:55:35,9313.55,Order Cancelled,Completed
REF009312,TXN002018,CUST09488,MER01543,2024-12-14 09:14:05,176.77,Order Cancelled,Completed
REF009313,TXN004964,CUST01256,,2024-05-30 00:26:49,7233.14,Booking Cancelled,Completed
REF009314,TXN000677,CUST01359,MER02774,2024-10-23 18:16:19,1383.93,Customer Request,Pending
REF009315,TXN004916,CUST00576,MER03727,2024-06-26 20:58:58,4711.18,Order Cancelled,Pending
REF009316,TXN000141,CUST09317,MER08893,2024-09-10 22:51:32,12806.8,Booking Cancelled,Completed
REF009317,TXN008287,CUST00113,MER09230,2024-08-03 18:38:32,223.73,Duplicate Transaction,Pending
REF009318,TXN006934,CUST02003,MER09697,2024-08-17 20:36:54,49233.16,,Completed
REF009319,TXN004478,CUST09967,MER05065,2024-12-24 00:00:19,1830.37,Product Returned,Rejected
REF009320,TXN002608,CUST01619,MER04178,2024-11-08 06:30:59,5048.82,Order Cancelled,Completed
REF009321,TXN002880,CUST00372,MER04338,2024-04-06 14:39:39,1783.59,Order Cancelled,Completed
REF009322,TXN000625,CUST02742,MER08573,2025-01-13 02:52:10,7855.56,Order Cancelled,Completed
REF009323,TXN004373,CUST02400,MER06457,2024-11-19 06:04:00,3468.98,Booking Cancelled,Completed
REF009324,TXN009329,CUST08659,MER09343,2024-06-13 02:37:49,10629.6,Customer Request,Pending
REF009325,TXN003228,CUST00085,UNKNOWN,2024-09-16 19:49:45,64496.08,Booking Cancelled,Completed
REF009326,TXN005654,CUST08047,MER09034,2024-12-27 15:31:19,12665.47,Booking Cancelled,Completed
REF009327,TXN008688,CUST09751,MER03714,2024-11-17 11:02:56,9617.42,Customer Request,Completed
REF009328,TXN008231,CUST02403,MER01568,2024-10-29 19:12:48,,Order Cancelled,Pending
REF009329,TXN007557,CUST09553,MER06787,2025-01-08 21:17:40,24220.61,Product Returned,Rejected
REF009330,TXN006093,CUST06987,MER08518,2024-11-01 04:49:18,798.71,Booking Cancelled,Completed
REF009331,TXN006128,CUST00408,MER09782,2024-12-12 15:52:28,9430.77,Order Cancelled,Rejected
REF009332,TXN008663,CUST04270,MER09509,2024-09-23 03:37:37,16297.24,Customer Request,Completed
REF009333,TXN006686,CUST02210,MER02466,2024-10-05 06:46:08,1379.9,Product Returned,Completed
REF009334,TXN009320,CUST08688,MER02037,2024-09-13 04:11:45,297.38,Booking Cancelled,Pending
REF009335,TXN000789,CUST09763,MER03620,2024-04-28 03:27:40,789.09,Duplicate Transaction,Completed
REF009336,TXN009524,CUST00906,MER09900,2024-04-12 04:54:50,2173.75,Customer Request,Completed
REF009337,TXN008475,CUST05096,MER06683,2024-12-14 09:16:14,19925.08,Duplicate Transaction,Completed
REF009338,TXN006070,CUST08348,MER05649,2024-04-05 00:40:26,32240.17,Product Returned,Completed
REF009339,TXN002531,CUST00810,MER06241,2024-05-06 18:13:17,542.65,Booking Cancelled,Completed
REF009340,TXN002887,CUST03092,MER01177,2024-02-11 10:30:38,4690.08,Customer Request,Pending
REF009341,TXN002043,CUST09649,MER00647,2024-03-31 00:45:22,694.54,Order Cancelled,Pending
REF009342,TXN008094,CUST09387,MER05855,2024-10-25 23:09:59,1973.95,Product Returned,Completed
REF009343,TXN002018,CUST09488,MER01543,2025-01-01 09:14:05,88.38,Product Returned,Pending
REF009344,TXN005762,CUST04397,MER02598,2024-07-14 09:38:46,95582.1,Order Cancelled,Completed
REF009345,TXN001929,CUST07067,MER08394,2024-03-11 05:51:49,429.47,Product Returned,Completed
REF009346,TXN009041,CUST09271,MER03567,2024-11-18 02:21:10,1892.94,Customer Request,Completed
REF009347,TXN000191,CUST04924,MER05425,2024-08-01 10:43:22,1077.44,Customer Request,Rejected
REF009348,TXN005427,CUST05086,MER00019,2024-10-16 19:19:49,167.63,Customer Request,Completed
REF009349,TXN005175,CUST02908,MER01591,2024-10-04 02:29:41,88563.21,Customer Request,Completed
REF009350,TXN001095,CUST09537,MER08807,2024-11-23 11:52:03,17890.46,Booking Cancelled,Completed
REF009351,TXN004835,CUST04488,MER06370,2024-12-10 22:13:11,11204.71,Booking Cancelled,Pending
REF009352,TXN000210,CUST07783,MER08145,2025-01-07 09:22:01,11970.3,Booking Cancelled,Completed
REF009353,TXN005354,CUST05901,MER09820,2024-03-23 11:02:45,55409.13,Booking Cancelled,Completed
REF009354,TXN004370,CUST02833,MER04426,2024-12-16 09:28:02,1715.7,Order Cancelled,Completed
REF009355,TXN009875,CUST04549,MER02230,2024-07-29 12:24:20,15765.26,Customer Request,Pending
REF009356,TXN000587,CUST03565,MER02896,2024-10-26 07:57:59,72718.14,Booking Cancelled,Completed
REF009357,UNKNOWN,CUST01501,MER00975,2024-09-19 13:55:07,120.59,Booking Cancelled,Pending
REF009358,TXN000649,CUST05644,MER01952,2024-12-27 17:18:50,15623.69,Booking Cancelled,Completed
REF009359,TXN000324,,MER01783,,70.22,Product Returned,Completed
REF009360,TXN006074,CUST05986,MER03203,2024-01-22 07:38:18,1652.15,Duplicate Transaction,Completed
REF009361,TXN001846,CUST02592,MER00416,2024-11-30 06:32:59,32706.7,Order Cancelled,Completed
REF009362,TXN008060,CUST00071,MER01555,2024-11-04 22:50:45,414.44,Booking Cancelled,Pending
REF009363,TXN003462,CUST09756,MER00825,2024-05-31 14:36:28,1167.16,Customer Request,Pending
REF009364,TXN008335,CUST09099,MER00956,2025-01-10 19:28:17,4573.14,Duplicate Transaction,Rejected
REF009365,TXN005384,CUST00535,MER03357,2024-12-13 08:30:00,9951.35,Duplicate Transaction,Pending
REF009366,TXN004512,CUST08021,MER01782,2024-04-13 11:42:03,263.7,Order Cancelled,Completed
REF009367,TXN007540,CUST02857,MER06407,2024-05-23 05:13:15,9529.68,Product Returned,Completed
REF009368,TXN004978,CUST07341,MER09865,2025-01-15 20:31:15,86929.26,Product Returned,Rejected
REF009369,TXN007420,CUST03717,MER03303,2024-11-19 10:47:24,31.98,Product Returned,Rejected
REF009370,TXN004083,CUST01839,MER05348,2024-09-12 18:47:11,6978.72,Duplicate Transaction,Completed
REF009371,TXN000463,CUST00248,MER06165,2024-12-29 00:01:40,2164.16,Duplicate Transaction,Rejected
REF009372,TXN009274,CUST06625,MER07069,2024-03-31 21:32:26,21626.46,Product Returned,Completed
REF009373,TXN000269,CUST00967,MER06776,2024-05-30 12:16:43,6838.25,Product Returned,Rejected
REF009374,TXN004691,CUST06079,MER00421,2024-06-15 14:57:05,125.48,Booking Cancelled,Completed
REF009375,TXN005057,CUST08845,UNKNOWN,2024-10-22 15:36:10,60502.39,Customer Request,Completed
REF009376,TXN006705,CUST08100,MER02752,2024-11-26 20:13:21,98493.8,Customer Request,Pending
REF009377,TXN002515,CUST01684,,2024-07-21 01:44:32,86400.82,Duplicate Transaction,Completed
REF009378,TXN004907,CUST07376,MER05777,,979.32,Duplicate Transaction,Pending
REF009379,TXN009396,CUST02812,MER02659,2024-06-22 01:26:37,99270.85,Product Returned,Pending
REF009380,TXN005089,CUST01198,MER06122,2024-05-30 03:25:34,227.68,Duplicate Transaction,Pending
REF009381,TXN004472,CUST07972,MER07353,2024-06-17 03:05:44,1744.47,Duplicate Transaction,Pending
REF009382,TXN006842,CUST00903,MER07434,2024-07-31 13:10:12,4938.94,Booking Cancelled,Completed
REF009383,TXN001121,CUST03230,MER05186,2024-03-10 14:13:36,9222.7,Booking Cancelled,Completed
REF009384,TXN007904,CUST03452,MER00903,2024-05-06 18:52:42,54717.08,Booking Cancelled,Completed
REF009385,TXN007279,CUST03500,MER06118,2024-03-11 09:43:03,7097.24,Product Returned,Completed
REF009386,TXN008764,CUST05883,MER08851,2024-05-22 01:54:18,2093.94,Product Returned,Completed
REF009387,TXN002842,CUST02108,MER07854,01/02/2024,17996.84,Customer Request,Completed
REF009388,TXN005377,CUST04309,MER03731,2024-06-11 06:22:52,1960.62,Duplicate Transaction,Completed
REF009389,TXN000069,CUST05651,MER03195,2024-03-03 17:57:47,320.6,Booking Cancelled,Rejected
REF009390,,CUST06356,MER03047,2024-09-22 08:02:44,187.6,Order Cancelled,Completed
REF009391,TXN007453,CUST04772,,2024-08-05 08:03:52,45399.36,Booking Cancelled,Completed
REF009392,TXN000873,CUST04867,MER08238,2024-08-20 08:52:47,unknown,Booking Cancelled,Completed
REF009393,TXN004607,CUST02619,MER04862,2024-07-09 16:28:18,140.2,Order Cancelled,Rejected
REF009394,TXN008479,CUST03741,MER02681,2024-01-31 05:24:38,349.32,Product Returned,Completed
REF009395,TXN004202,CUST03923,MER07654,2024-09-16 23:37:06,10472.52,Booking Cancelled,Completed
REF009396,TXN003872,CUST06164,MER00741,2024-12-24 23:03:18,1585.86,Duplicate Transaction,Completed
REF009397,TXN007424,CUST01332,MER03095,2024-06-07 07:50:31,1726.62,Booking Cancelled,Completed
REF009398,TXN008841,CUST06314,MER01824,2024-11-30 08:42:08,485.43,Order Cancelled,Rejected
REF009399,TXN009074,CUST05557,MER01704,2024-04-10 09:52:03,7217.44,Product Returned,Pending
REF009400,TXN000784,CUST09901,MER02815,2024-09-09 01:46:25,1009.18,Order Cancelled,Completed
REF009401,TXN007821,CUST09302,MER04772,2024-12-09 03:07:18,6049.28,Booking Cancelled,Completed
REF009402,TXN003888,CUST01468,MER04661,2024-08-14 02:48:43,60317.1,Product Returned,Completed
REF009403,TXN003678,CUST04027,MER00682,2024-05-06 13:25:07,59533.92,Booking Cancelled,Completed
REF009404,TXN006555,CUST02668,MER03028,2024-11-17 01:23:11,96295.76,Customer Request,Completed
REF009405,TXN009266,CUST00609,MER07000,2024-11-21 12:12:11,1968.57,Duplicate Transaction,Completed
,TXN009884,CUST06881,MER09902,2024-10-24 16:56:17,1169.82,Order Cancelled,Pending
REF009407,TXN001782,CUST06691,MER01956,2024-04-10 09:30:06,112.3,Customer Request,Pending
REF009408,TXN001692,CUST06536,MER08399,2024-07-30 21:08:10,44777.26,Order Cancelled,
REF009409,TXN003375,CUST08354,MER00669,2024-10-26 23:05:53,34965.64,Order Cancelled,
REF009410,TXN004134,CUST01921,MER06143,2024-03-19 05:58:00,145.12,Customer Request,Completed
REF009411,TXN007094,CUST07072,MER02322,2024-04-18 19:46:45,357.19,Order Cancelled,Completed
REF009412,TXN008762,CUST07021,,2024-10-15 09:54:39,1035.55,Product Returned,Completed
REF009413,TXN001151,CUST02563,MER08461,2025-01-02 04:12:05,4469.8,Duplicate Transaction,Completed
REF009414,TXN000049,CUST08712,MER00022,2024-05-14 01:28:14,1078.14,Product Returned,Pending
REF009415,TXN006899,CUST06437,MER07016,2024-10-17 11:17:36,1662.41,Order Cancelled,Pending
REF009416,TXN005535,CUST00769,MER00769,2024-03-19 13:25:55,423.59,Duplicate Transaction,Completed
REF009417,TXN001975,CUST02693,MER08082,2024-10-03 07:46:30,35753.39,Duplicate Transaction,Completed
REF009418,TXN009171,CUST09303,MER02629,2024-06-05 14:43:50,1813.37,Order Cancelled,Completed
REF009419,TXN004284,CUST07750,MER04064,2024-07-27 11:22:30,926.52,Duplicate Transaction,Completed
REF009420,TXN008703,CUST07864,MER08950,2024-04-05 22:33:12,18322.22,Booking Cancelled,Completed
REF009421,TXN008087,CUST02748,MER06966,,1843.28,Booking Cancelled,Pending
REF009422,TXN004240,CUST03800,MER05334,2024-12-10 05:45:36,1696.55,Duplicate Transaction,Completed
REF009423,,CUST07819,MER05372,2024-06-19 11:46:00,25164.3,Customer Request,Completed
REF009424,TXN008142,CUST06999,MER07365,2024-03-05 23:01:45,5870.66,Customer Request,Completed
REF009425,TXN004378,CUST04314,MER06223,2025-01-14 22:47:48,1322.83,Order Cancelled,Completed
REF009426,TXN001514,CUST02235,MER07198,2024-02-06 12:13:22,58373.14,Duplicate Transaction,Rejected
REF009427,,CUST01619,MER06116,2024-04-08 22:18:50,unknown,Booking Cancelled,Completed
REF009428,TXN000536,CUST05723,MER05378,2024-11-05 06:20:49,10957.58,Duplicate Transaction,Completed
REF009429,TXN002554,CUST04328,MER00403,2024-05-22 23:49:26,70443.68,Order Cancelled,Completed
REF009430,TXN006318,CUST06910,UNKNOWN,2024-06-16 06:19:11,9911.48,Product Returned,Completed
REF009431,TXN004380,CUST04277,MER05162,2024-02-13 03:44:26,48194.5,Order Cancelled,Pending
REF009432,TXN002111,CUST05798,MER04515,2024-11-09 09:06:41,14827.93,,Completed
REF009433,TXN000690,CUST03947,MER03296,2024-07-21 16:58:49,42859.42,Product Returned,Rejected
REF009434,TXN008634,CUST07148,MER08427,2024-03-14 01:46:12,5238.45,Product Returned,Pending
REF009435,TXN009538,CUST02950,MER07579,2024-02-11 05:48:29,17206.32,Duplicate Transaction,Completed
REF009436,TXN001335,CUST03969,MER01867,2024-03-27 17:03:19,20342.33,Customer Request,Completed
REF009437,TXN007801,CUST07735,MER05147,2024-04-15 22:37:19,14090.25,Order Cancelled,Completed
REF009438,TXN004011,CUST09160,MER00219,2024-12-31 20:01:12,20919.98,Customer Request,Completed
REF009439,TXN009162,CUST04691,MER08876,2024-07-21 14:30:24,97070.36,Order Cancelled,Completed
REF009440,TXN005877,CUST01186,MER02538,2024-06-23 00:37:26,12908.9,Booking Cancelled,Completed
REF009441,TXN005830,CUST07366,MER02314,2024-05-11 15:27:24,2740.29,Booking Cancelled,Completed
REF009442,TXN002001,CUST08602,MER01042,2024-08-20 05:58:44,22738.37,Duplicate Transaction,Rejected
REF009443,TXN004338,CUST07735,MER03236,2024-12-06 01:48:54,145.95,Booking Cancelled,Rejected
REF009444,TXN000912,CUST06955,MER06247,2024-05-05 14:51:12,10896.4,Customer Request,Completed
,TXN003195,CUST01163,,2024-03-27 08:07:49,92901.9,Duplicate Transaction,Rejected
REF009446,TXN004561,CUST00355,,2024-03-11 21:58:02,21494.96,Order Cancelled,Completed
REF009065,TXN008815,CUST09744,MER09013,2024-05-26 08:51:13,276.28,Duplicate Transaction,Pending
REF009448,TXN002846,CUST05211,MER09268,2024-10-06 13:38:59,10207.14,Booking Cancelled,Completed
REF009449,TXN007648,CUST07925,MER04269,2024-05-26 12:53:18,1255.34,Customer Request,Completed
REF009450,TXN000200,CUST05863,MER06895,2024-12-12 14:22:11,14687.52,Customer Request,Completed
REF009451,TXN007382,CUST08358,MER09716,2024-10-22 22:05:08,46989.74,Duplicate Transaction,Completed
REF009452,TXN003419,CUST08611,MER05572,2024-05-06 14:05:05,798.27,Booking Cancelled,Pending
REF009453,TXN009395,CUST03063,MER06597,2024-01-30 05:14:30,625.72,Duplicate Transaction,Rejected
REF009454,TXN002853,CUST04312,MER04756,2024-05-20 04:15:36,804.54,Order Cancelled,Rejected
REF009455,TXN004500,CUST08276,MER02287,2024-04-13 04:59:42,1687.1,Order Cancelled,Rejected
REF009456,TXN008098,CUST03101,MER02452,2024-01-22 19:38:44,24068.22,Duplicate Transaction,Completed
REF009457,TXN003750,CUST00032,MER04191,,2612.53,Duplicate Transaction,Completed
REF006556,TXN006613,CUST08016,MER09072,2024-06-28 12:49:20,401.7,Order Cancelled,Completed
REF009459,TXN008851,CUST06931,MER01306,2024-07-18 18:22:50,996.85,Order Cancelled,Completed
REF009460,TXN003297,CUST03990,MER06507,2024-10-19 00:40:55,23744.83,Customer Request,Completed
REF009461,TXN000498,CUST05726,MER08017,2024-03-09 18:57:16,1219.32,Customer Request,Pending
REF009462,TXN001404,CUST08464,MER04287,2024-01-30 19:19:31,10280.68,Booking Cancelled,Completed
REF009463,TXN009541,CUST03569,MER09875,24/09/2024,6253.45,Customer Request,Completed
REF009464,,CUST06806,MER00398,2024-07-24 22:21:41,unknown,Order Cancelled,Completed
REF009465,TXN003466,CUST04894,MER05799,2024-06-09 02:01:03,38998.78,Customer Request,Completed
REF009466,TXN003576,CUST05347,MER09814,2024-05-11 17:10:31,10260.74,Product Returned,Completed
REF009467,TXN009994,CUST05998,MER09921,2024-02-12 20:29:31,606.9,Product Returned,Completed
REF009468,TXN007459,CUST08708,MER02781,2024-12-30 16:26:26,1894.49,Product Returned,Completed
REF009469,TXN008229,CUST01329,MER05825,02/08/2024,1992.58,Customer Request,Completed
REF009470,TXN007976,CUST08868,MER04550,2024-05-05 03:35:17,,Duplicate Transaction,Completed
REF009471,TXN002432,CUST07001,MER00082,2024-03-10 20:46:26,248.51,Product Returned,Completed
REF009472,TXN006677,CUST09577,MER08283,2024-07-14 17:42:31,302.17,Order Cancelled,
REF009473,TXN008652,CUST07653,MER07077,2024-04-19 03:46:30,13619.01,Booking Cancelled,Completed
REF009474,TXN001474,CUST04493,MER08473,2024-11-11 07:37:23,24282.88,Customer Request,Completed
REF009475,TXN008570,CUST03385,MER00391,2024-09-13 02:14:31,108599.59,Booking Cancelled,Completed
REF009476,TXN008547,CUST08744,MER09115,2024-04-16 08:13:22,14204.47,Duplicate Transaction,Pending
REF009477,TXN009688,CUST03114,MER03318,2024-01-13 02:12:58,1563.2,Booking Cancelled,Pending
REF009478,TXN004880,CUST08330,MER00985,2024-06-15 03:48:30,17646.59,Product Returned,Rejected
REF009479,TXN008393,CUST07504,MER05350,2025-01-02 05:16:40,33401.0,Customer Request,Completed
REF009480,TXN002684,CUST05887,,2024-12-01 16:35:03,988.28,Booking Cancelled,Rejected
REF009481,TXN008827,CUST03954,MER06778,2024-12-09 08:33:57,25886.75,Customer Request,Completed
REF009482,TXN003472,CUST00615,MER00114,2024-08-05 15:52:44,39924.08,Product Returned,Pending
REF009483,TXN009153,CUST01891,MER03802,2024-03-13 15:49:35,1590.32,Customer Request,Completed
REF009484,TXN001450,CUST06596,MER09703,2024-11-22 10:36:59,28166.58,Product Returned,Completed
REF009485,TXN000321,CUST01042,MER09558,2024-10-02 14:59:15,243.34,Order Cancelled,Completed
REF009486,TXN002910,CUST06162,MER03897,2024-09-02 22:57:31,1026.56,Booking Cancelled,Rejected
REF009487,TXN007917,CUST06743,MER00789,2024-02-03 13:58:00,7871.94,Customer Request,Completed
REF009488,TXN004629,,MER09704,2024-01-31 23:39:44,916.74,Booking Cancelled,Completed
REF009489,TXN001582,CUST01029,MER05576,,28189.54,Order Cancelled,Completed
REF009490,TXN001691,CUST05560,MER04654,2024-06-07 00:43:42,79042.35,Order Cancelled,Completed
REF009491,TXN009239,CUST05976,MER01129,2024-04-09 15:11:41,4307.16,Product Returned,Pending
REF009492,TXN000804,CUST02367,MER02070,2024-05-03 13:43:28,110.0,Order Cancelled,Completed
REF009493,TXN004643,CUST00777,MER09362,2024-08-18 07:06:02,1445.98,Customer Request,Completed
REF009494,TXN006195,CUST03362,MER04015,2024-04-21 03:10:23,144.34,Customer Request,Completed
REF009495,TXN009998,CUST01643,MER02812,2024-04-26 20:51:05,186.33,Booking Cancelled,Completed
REF009496,TXN003213,CUST04084,MER07469,2024-05-20 10:31:25,746.38,Booking Cancelled,Completed
REF009497,TXN001926,CUST09536,MER05146,2024-04-14 19:46:27,575.42,Customer Request,Completed
REF009498,TXN001873,CUST08179,MER03019,2024-02-08 19:02:56,486.34,Product Returned,Pending
REF009499,TXN005861,CUST00088,MER00913,2024-12-14 14:44:50,2189.05,Product Returned,Completed
REF009500,TXN005567,CUST00515,MER02665,2024-09-15 11:26:22,17030.98,Product Returned,Rejected
REF009501,TXN003622,CUST05065,MER01800,2024-08-17 11:30:50,36498.89,Customer Request,Pending
REF009502,TXN004506,CUST02558,MER08018,2024-10-31 23:25:58,4677.46,Booking Cancelled,Completed
REF009503,TXN005960,CUST03713,MER09792,2024-02-27 15:44:29,1005.24,Product Returned,Completed
REF009504,TXN003543,CUST01346,MER07598,2024-11-17 08:29:38,6716.0,Order Cancelled,Rejected
REF009505,TXN002023,CUST05758,MER04160,2024-04-11 08:59:31,4377.06,Booking Cancelled,Completed
REF009506,TXN005385,CUST04270,MER06854,2024-03-12 11:10:02,4397.47,Booking Cancelled,Pending
REF009507,TXN001989,CUST04803,MER00216,2024-10-02 09:29:00,91693.74,Duplicate Transaction,Rejected
REF009508,TXN008780,CUST03456,MER07878,2024-07-04 05:04:51,384.93,Booking Cancelled,Completed
REF009509,TXN005592,CUST07323,MER00631,2024-03-28 04:41:46,156.98,Order Cancelled,Completed
REF009510,TXN007907,CUST03880,MER00892,26/04/2024,8523.17,Booking Cancelled,Completed
REF009511,TXN000815,CUST06336,MER02154,2024-10-20 09:19:08,2109.26,Customer Request,Completed
REF009512,TXN005732,CUST08674,,2024-01-21 05:57:41,28124.49,Customer Request,Completed
REF009513,TXN007740,CUST09197,MER05362,2024-07-04 01:39:15,1224.35,Customer Request,Completed
REF009514,TXN001315,CUST07755,MER08591,2024-11-23 04:14:34,119648.53,Order Cancelled,Completed
REF009515,TXN009462,CUST02276,MER00199,2024-12-22 01:36:06,1898.86,Product Returned,Completed
REF002578,TXN009287,CUST08395,MER04378,2024-06-27 08:31:16,22636.72,Booking Cancelled,Completed
REF009517,TXN007298,CUST02197,MER09023,2024-12-03 02:26:35,329.78,Duplicate Transaction,Pending
REF009518,TXN004116,CUST01524,MER00086,2024-07-15 08:06:37,7037.73,Order Cancelled,Pending
REF009519,TXN002616,CUST07905,MER05081,2024-03-03 13:08:15,47769.76,Customer Request,Completed
REF009520,TXN002535,CUST00992,MER07363,2024-03-03 09:37:39,67599.94,Customer Request,Completed
REF009521,,CUST04589,MER08843,2024-09-17 02:00:45,16489.9,Booking Cancelled,Completed
REF009522,TXN003769,CUST00465,MER09429,2024-04-15 01:59:36,22067.09,Product Returned,Rejected
REF009523,TXN007197,CUST09030,MER09045,2025-01-10 06:01:54,12449.4,Customer Request,Rejected
REF005913,TXN009443,CUST08348,MER03670,2024-04-29 21:50:35,14249.91,Duplicate Transaction,Completed
REF009525,TXN006449,CUST07301,MER08940,2024-03-04 12:40:59,3566.76,Booking Cancelled,Rejected
REF009526,TXN000297,CUST01059,MER03743,2024-11-28 11:54:47,17964.17,Duplicate Transaction,Rejected
REF009527,TXN000110,CUST09918,MER09749,01/05/2024,18717.77,Order Cancelled,Pending
REF009528,TXN000008,CUST07573,MER02018,2024-08-13 06:07:09,44115.58,Product Returned,Pending
REF009529,TXN009892,CUST00493,MER05135,2024-07-21 17:12:53,8528.78,Duplicate Transaction,Completed
REF009530,TXN001999,CUST06831,MER02621,2024-05-30 18:24:02,14501.49,Booking Cancelled,Completed
REF009531,TXN004223,CUST08122,MER07581,2024-07-27 01:18:23,17755.67,Customer Request,Completed
REF009532,TXN003244,CUST01743,,2025-01-07 03:13:48,58.15,Order Cancelled,Completed
REF009533,TXN009265,CUST06784,MER02024,2024-01-29 11:59:18,3112.55,Order Cancelled,Completed
REF009534,TXN003815,CUST02035,MER08842,2024-12-23 04:00:33,14354.47,,Completed
REF009535,TXN002162,CUST00024,MER06558,2024-09-09 23:04:56,314.1,Order Cancelled,Completed
REF009536,TXN008371,CUST08977,MER08563,2024-11-22 11:34:43,24020.19,Order Cancelled,Pending
REF009537,TXN004887,CUST08129,MER03808,2024-06-07 17:10:02,22799.91,Duplicate Transaction,Rejected
REF009538,TXN006384,CUST02282,MER09340,2024-05-09 21:46:46,35643.88,Customer Request,Completed
REF009539,TXN007569,CUST09399,MER07819,2024-10-01 07:07:39,361.51,Product Returned,Pending
REF009540,TXN006418,CUST01164,MER07261,2024-02-13 18:13:54,15526.75,Booking Cancelled,Completed
REF009541,TXN004512,CUST08021,MER01782,2024-05-02 11:42:03,1054.78,Product Returned,Completed
REF009542,TXN006802,CUST01581,MER02176,2024-06-11 09:23:47,576.18,Booking Cancelled,Completed
REF009543,TXN001807,CUST00230,MER06894,2024-12-01 04:32:24,991.53,Order Cancelled,Completed
REF009544,TXN009692,CUST00553,MER01925,2024-04-12 16:57:22,27057.45,Order Cancelled,Completed
REF009545,TXN006738,CUST08120,MER08268,2024-02-03 07:42:36,2374.39,Product Returned,Pending
REF009546,TXN000322,CUST02934,MER01823,2025-01-04 11:37:09,1343.12,Order Cancelled,Completed
REF009547,TXN007394,CUST09555,MER07375,2024-10-04 08:37:09,49625.0,Order Cancelled,Completed
REF009548,TXN004468,CUST03443,MER02166,2024-11-14 23:12:33,20838.82,Product Returned,Pending
REF009549,TXN001991,CUST01544,MER00352,2024-07-29 18:28:54,58838.56,Product Returned,Completed
REF009550,TXN005213,CUST09064,MER08873,2024-04-20 20:27:27,5558.67,Order Cancelled,Completed
REF009551,TXN008601,CUST03905,MER03900,2024-07-29 02:33:51,2664.32,Booking Cancelled,Completed
REF009552,TXN002339,CUST09573,MER01135,2024-08-08 00:39:01,114069.23,Customer Request,Rejected
REF009553,TXN003782,,MER03274,2024-02-15 21:20:17,34207.28,,Completed
REF009554,TXN009823,CUST02846,MER08310,2024-11-10 14:37:30,1377.28,Booking Cancelled,Completed
REF009555,TXN001591,CUST08765,MER07874,2024-09-08 01:49:56,15241.17,Duplicate Transaction,Completed
REF009556,TXN003334,CUST04591,MER06707,2025-01-07 21:42:56,6237.6,Booking Cancelled,Completed
REF009557,TXN008114,CUST08417,MER01093,2024-09-01 05:21:13,7083.85,Booking Cancelled,Pending
REF009558,TXN008977,CUST01943,MER04467,2024-07-03 10:20:07,36680.91,Order Cancelled,Completed
REF009559,TXN002720,CUST08589,MER06540,2024-02-08 00:03:22,1875.13,Order Cancelled,Completed
REF009560,TXN008924,CUST09224,MER08102,2024-09-24 16:21:38,85618.19,Product Returned,Completed
REF009561,TXN007002,CUST09905,MER03069,2024-10-15 04:50:52,4983.79,Duplicate Transaction,Completed
REF009562,TXN005667,CUST07836,MER02056,2024-03-08 06:46:25,8106.24,Customer Request,Completed
REF009563,TXN006058,CUST08672,MER08821,2024-03-04 14:34:52,12935.42,Duplicate Transaction,Completed
REF009564,TXN002426,CUST01884,MER09184,2024-03-15 12:53:34,840.5,Duplicate Transaction,Pending
REF009565,TXN006781,CUST01991,MER09053,2024-11-02 09:04:05,5410.83,Order Cancelled,Completed
REF009566,TXN009561,CUST01305,MER07729,2024-11-26 07:34:52,36172.22,Customer Request,Pending
REF009567,TXN004576,CUST07434,MER02212,2024-10-18 07:26:40,9461.51,Product Returned,Completed
REF009568,TXN002573,CUST02492,MER01928,2024-05-14 09:45:47,15060.14,Duplicate Transaction,Completed
,TXN004371,CUST06978,MER06868,2024-10-31 09:27:06,869.68,Customer Request,Rejected
REF009570,TXN006836,CUST02294,MER05233,2024-05-03 17:25:53,64071.02,Product Returned,Pending
REF009571,TXN003627,CUST03820,MER02954,2024-03-09 06:23:56,436.66,Duplicate Transaction,Completed
REF009572,TXN003551,CUST05936,MER08058,2024-09-27 21:13:56,384.49,Order Cancelled,Rejected
REF009573,TXN000076,CUST09080,MER03509,2024-03-06 08:13:33,21026.14,Booking Cancelled,Pending
REF009574,TXN009577,CUST05827,MER02158,2024-01-13 21:34:20,1921.99,Customer Request,Pending
REF009575,,CUST07809,,2024-09-25 21:31:43,1662.65,Customer Request,Rejected
REF009576,TXN004181,CUST09939,MER08704,2024-11-25 12:43:43,32020.98,Customer Request,Completed
REF009577,TXN002482,CUST08313,MER02381,2024-05-19 15:53:42,33773.02,Booking Cancelled,Completed
REF009578,TXN003759,,MER06301,2024-03-29 08:47:36,11533.63,Order Cancelled,Completed
REF009579,TXN004454,,MER04041,2024-11-27 00:24:37,18144.12,Booking Cancelled,Completed
REF009580,TXN000935,CUST08317,MER08555,2024-04-24 20:37:40,1644.67,,Completed
REF009581,TXN007713,CUST04334,MER00535,2024-05-06 15:35:18,147.91,Booking Cancelled,Completed
REF009582,TXN001087,CUST00274,MER07787,2024-06-30 08:37:00,18834.43,Product Returned,Rejected
REF009583,TXN002977,CUST05994,MER03025,2025-01-12 01:02:58,122.21,Product Returned,Completed
REF009584,TXN003028,CUST04394,MER09979,2024-12-21 07:47:11,9166.36,Customer Request,Completed
REF009585,TXN001432,CUST08046,MER08753,2024-09-28 23:18:48,69325.75,Customer Request,Pending
REF009586,TXN008229,CUST01329,MER05825,2024-08-15 02:07:00,unknown,Customer Request,Completed
REF009587,TXN005680,CUST04585,MER01081,2024-03-27 09:27:49,88.21,Customer Request,Rejected
REF009588,TXN006743,CUST01163,MER08969,2024-03-28 06:15:31,12705.53,Product Returned,Completed
REF009589,TXN002978,CUST07129,MER04054,2024-02-22 13:09:32,1723.64,Product Returned,Pending
REF009590,TXN008650,CUST04218,MER06493,2024-06-22 09:56:43,20857.23,Duplicate Transaction,Pending
REF009591,TXN006308,CUST01203,MER03401,2024-12-27 15:53:15,14002.32,Customer Request,Completed
REF009592,UNKNOWN,CUST04121,MER07140,2024-11-11 07:19:40,12691.53,Product Returned,Pending
REF009593,TXN005035,CUST02448,,2024-03-26 11:46:12,4680.3,Customer Request,Completed
REF009594,TXN005421,CUST09750,MER04179,2024-12-09 17:52:39,21123.8,Customer Request,Completed
REF009595,TXN008711,CUST05307,MER07918,2024-08-25 18:10:27,106383.26,Product Returned,Completed
REF009596,TXN004701,CUST00397,MER07817,2024-08-29 18:07:42,37949.57,Booking Cancelled,Pending
REF009597,TXN006041,CUST01956,MER02194,2024-11-24 16:30:34,10139.24,Order Cancelled,Rejected
REF009598,TXN004272,CUST02455,MER04735,2024-09-14 01:35:08,618.38,Duplicate Transaction,Rejected
REF009599,TXN002063,CUST01255,MER01300,2024-12-12 13:23:17,76248.12,Customer Request,Completed
REF009600,TXN005386,CUST07622,MER07319,2024-12-30 09:32:46,39747.63,Product Returned,Completed
REF009601,TXN003204,CUST05299,MER04636,2024-06-02 20:05:40,698.57,Customer Request,Pending
REF009602,TXN004383,CUST08308,MER06103,2024-07-22 01:44:40,184.88,Product Returned,Completed
,TXN002480,CUST04411,MER09602,2024-02-28 14:05:07,22067.72,Product Returned,Pending
REF009604,TXN009391,CUST08017,MER06148,2024-06-24 12:16:37,23737.63,Order Cancelled,Pending
REF009605,TXN001690,CUST06930,MER05056,2024-08-18 17:28:53,15712.83,Duplicate Transaction,Completed
REF009606,TXN008165,CUST06897,MER06506,2024-04-08 16:20:37,374.38,Customer Request,Completed
REF009607,TXN006976,CUST00357,MER04035,2024-04-21 08:04:32,15743.11,Product Returned,Rejected
REF009608,TXN004616,CUST07957,MER04850,2024-12-04 03:19:41,954.33,Order Cancelled,Completed
REF009609,TXN005312,CUST03597,MER05094,2024-07-06 14:01:31,49375.73,Customer Request,Completed
REF009610,TXN005688,CUST07785,MER07735,2024-12-11 20:34:09,87450.0,Customer Request,Completed
REF009611,TXN003481,CUST01050,MER08041,2024-08-18 03:25:32,55094.94,Order Cancelled,Completed
REF009612,TXN000295,CUST02181,MER04289,2024-08-23 01:11:04,84670.41,Customer Request,Completed
REF009613,TXN008486,CUST04455,MER07045,2024-12-10 01:37:19,1171.77,Customer Request,Rejected
REF009614,TXN001593,CUST09324,MER05579,2024-05-20 13:19:28,15204.92,Booking Cancelled,Completed
REF009615,TXN000802,,MER09935,2024-11-29 13:46:18,36011.06,Order Cancelled,Completed
REF009616,TXN005919,CUST09874,MER07381,2024-12-31 23:22:27,2438.18,Product Returned,Completed
REF009617,TXN008975,CUST02983,MER02154,2024-01-21 06:39:49,33711.54,Product Returned,Rejected
REF009618,TXN001482,CUST02961,MER01934,2024-09-09 15:10:43,4588.67,Product Returned,Completed
REF009619,TXN002886,CUST05987,MER00859,2024-07-26 10:13:14,1232.77,Customer Request,Completed
REF009620,TXN008977,,MER04467,2024-07-20 10:20:07,44017.09,Duplicate Transaction,Completed
REF009621,TXN008247,CUST03491,MER01216,2024-09-15 15:25:57,23044.4,Product Returned,Completed
REF009622,TXN009481,CUST00754,MER03823,2024-08-18 03:37:45,16677.89,Duplicate Transaction,Completed
REF009623,TXN008343,CUST07305,MER04292,2024-11-30 06:16:18,54530.7,Product Returned,Pending
REF009624,TXN008268,CUST07827,MER09621,2024-06-18 06:05:00,23381.6,Product Returned,Pending
REF009625,TXN003961,CUST00662,MER00367,2024-06-09 17:25:41,152.74,Order Cancelled,Completed
REF009626,TXN002118,CUST02714,MER01632,2024-06-09 13:34:33,24834.64,Duplicate Transaction,Completed
REF009627,TXN008703,CUST07864,MER08950,2024-03-20 22:33:12,18322.22,Booking Cancelled,Pending
REF009628,TXN002489,CUST03916,MER04268,2024-04-01 07:58:47,11286.73,Booking Cancelled,Completed
REF009629,TXN000863,CUST01274,MER00414,2024-02-11 14:33:56,43363.61,Duplicate Transaction,Pending
REF009630,TXN004166,CUST03090,MER04172,2024-07-25 11:16:17,7606.08,Duplicate Transaction,Completed
REF009631,TXN009526,CUST05228,MER09009,2024-08-09 09:48:02,,Customer Request,Completed
REF009632,TXN001550,CUST02015,MER00752,2024-06-23 18:54:07,1248.88,Duplicate Transaction,Rejected
REF009633,TXN007231,CUST09738,MER05294,2024-04-23 13:46:29,2149.18,Customer Request,Completed
REF009634,TXN004957,CUST04014,MER07954,,1356.66,Product Returned,Completed
REF009635,TXN005176,CUST00041,MER09644,2025-01-06 20:59:50,9277.1,Customer Request,Completed
REF009636,TXN003701,CUST03416,MER04644,2024-11-19 00:03:42,1442.88,Order Cancelled,Completed
REF009637,TXN006031,CUST08495,MER03329,2024-05-19 13:47:41,81368.37,Order Cancelled,Completed
REF009638,TXN006638,CUST02684,MER08559,2024-08-13 04:10:13,617.44,Order Cancelled,Completed
REF009639,TXN004387,CUST05201,MER05959,2024-07-26 00:49:26,23153.88,Customer Request,Completed
REF009640,TXN009483,CUST01340,MER00686,2024-12-10 02:33:06,24053.21,Duplicate Transaction,Completed
REF009641,TXN006762,CUST04565,MER07101,2024-12-29 11:58:37,174.23,Customer Request,Completed
REF009642,TXN002249,CUST06111,MER06235,2024-10-13 09:11:34,71324.16,Product Returned,Completed
REF009643,TXN004941,CUST06759,MER00855,2024-03-29 00:09:45,14174.27,Duplicate Transaction,Completed
REF009644,TXN009665,CUST05318,MER03388,2024-06-10 22:13:55,48111.73,Product Returned,Completed
REF009645,TXN009231,CUST09011,MER07381,2024-03-22 19:44:24,37526.87,Product Returned,Completed
REF009646,TXN005093,CUST09522,MER06342,2024-08-04 08:32:42,246.07,Duplicate Transaction,Pending
REF009647,TXN005338,CUST09337,MER08859,2025-01-16 03:51:07,2502.68,Customer Request,Completed
REF009648,TXN002779,CUST09645,MER07491,2024-09-06 16:31:02,23644.62,Customer Request,Pending
REF009649,TXN007327,CUST01185,MER08139,2024-06-17 18:30:35,444.95,Customer Request,Pending
REF009650,TXN002788,CUST03348,MER02971,2024-04-04 12:07:04,56425.1,Booking Cancelled,Completed
REF009651,TXN005324,CUST02055,MER02872,2024-07-08 20:23:02,5535.64,Booking Cancelled,Pending
REF009652,TXN001369,CUST00781,MER02154,2025-01-03 06:10:04,85967.52,Order Cancelled,
REF009653,TXN000791,CUST08723,MER08679,2024-07-13 09:15:38,38987.25,Order Cancelled,Completed
REF009654,TXN005766,CUST02345,MER03192,2024-10-10 19:54:38,23068.98,Customer Request,Completed
REF009655,TXN001938,CUST00364,MER01414,2024-09-30 01:36:58,37184.66,Customer Request,Pending
REF009656,TXN008671,CUST07460,MER00990,2024-08-15 17:02:08,3958.96,Customer Request,Pending
REF009657,TXN005557,CUST04969,MER01588,2024-07-22 01:58:01,18679.44,Product Returned,Completed
REF009658,TXN000897,CUST07015,MER00205,2024-06-15 18:10:25,66.66,Order Cancelled,Completed
REF009659,TXN005205,CUST06303,MER02386,11/05/2024,18673.1,Customer Request,Completed
REF009660,TXN000136,CUST09443,MER00042,2024-10-01 17:38:46,11511.23,Product Returned,Completed
REF009661,TXN008368,CUST05217,,2024-02-04 13:05:01,8296.24,Booking Cancelled,Rejected
REF009372,TXN009274,CUST06625,MER07069,2024-03-31 21:32:26,21626.46,Product Returned,Completed
REF003005,TXN000863,CUST01274,MER00414,2024-02-03 14:33:56,104072.66,Order Cancelled,Completed
REF009664,TXN005066,UNKNOWN,MER06455,2024-03-28 05:07:32,,Customer Request,Completed
REF009665,TXN002902,CUST01105,MER05540,2024-09-11 07:15:26,,Order Cancelled,Completed
REF009666,TXN006901,CUST07635,MER08751,,63711.28,Order Cancelled,Completed
REF009667,TXN006094,CUST06206,MER05928,2024-07-19 09:27:36,1990.73,Product Returned,Completed
REF009668,TXN000314,CUST03262,MER02122,2024-12-07 10:30:10,,Duplicate Transaction,Completed
REF009669,TXN009921,CUST08832,MER02960,2024-03-16 01:14:28,1825.56,Booking Cancelled,Pending
REF009670,TXN005954,CUST06365,MER09565,2024-10-22 20:43:20,75578.48,Duplicate Transaction,Pending
,TXN009035,CUST00862,MER08484,2024-09-18 03:03:08,7786.82,Order Cancelled,Completed
REF009672,TXN008887,CUST07369,MER09724,2024-04-23 12:20:21,3310.14,Customer Request,Completed
REF009673,TXN000990,CUST06144,MER03865,2024-07-09 12:14:48,96394.4,Customer Request,Completed
REF009674,TXN006848,CUST09346,MER02512,2024-10-31 21:26:35,2377.87,Customer Request,Pending
REF009675,TXN002210,CUST08634,MER00175,2024-08-30 00:46:38,824.68,Duplicate Transaction,Completed
REF009676,TXN002904,CUST07424,MER06578,2025-01-19 07:30:43,7321.63,Booking Cancelled,Rejected
REF009677,TXN001518,CUST05249,MER04597,06/08/2024,38733.88,Product Returned,Completed
REF009678,TXN006101,CUST01926,MER06128,2024-04-03 19:47:12,306.12,Customer Request,Completed
REF009679,TXN008277,CUST06432,MER05509,2024-05-10 13:52:12,74394.08,Customer Request,Completed
REF009680,TXN009955,CUST03805,MER01832,2024-04-10 23:31:29,14356.57,Customer Request,Pending
REF009681,TXN001884,CUST07792,MER04560,2024-12-26 09:32:10,44649.71,Product Returned,Completed
REF009682,TXN009328,CUST07744,MER09159,2024-02-24 01:11:23,39864.52,Duplicate Transaction,Rejected
REF009683,TXN002289,CUST08399,MER01176,2024-04-12 15:21:27,24002.5,Order Cancelled,Completed
REF009684,TXN007766,CUST01026,MER02479,2024-08-22 21:00:09,5799.54,Product Returned,Completed
REF009685,TXN009408,CUST01447,MER09473,2024-02-29 01:41:14,7799.24,Duplicate Transaction,Pending
REF009686,TXN009566,CUST08716,MER05919,2024-08-14 23:43:53,94012.54,Customer Request,Completed
REF009687,TXN001621,CUST06882,MER03849,2024-06-29 18:36:13,14916.37,Duplicate Transaction,Completed
REF009688,TXN006346,CUST03404,MER00528,2024-12-21 07:59:35,1101.78,Booking Cancelled,Pending
REF009689,TXN002143,CUST04340,MER05365,2024-03-28 00:52:05,12672.2,Duplicate Transaction,Completed
REF009690,TXN009886,CUST06896,MER08540,2024-12-18 06:20:51,9740.86,Order Cancelled,
,TXN008591,CUST03279,MER00693,2024-07-24 13:52:59,74802.11,Product Returned,Pending
REF009692,TXN001772,CUST06717,MER03655,2024-10-23 10:25:12,unknown,Duplicate Transaction,Completed
REF009693,TXN009027,CUST09418,MER07130,2024-02-07 02:40:31,1899.3,Duplicate Transaction,Pending
REF009694,TXN000639,CUST01587,MER05249,2024-05-20 02:55:31,98859.0,Product Returned,Completed
REF009695,TXN003004,CUST08755,MER06515,2024-02-29 15:32:41,5617.43,Product Returned,Completed
REF009696,TXN006936,CUST03367,MER03754,2024-07-26 04:30:06,3041.36,Order Cancelled,Pending
REF009697,TXN008133,CUST08985,MER06253,2024-03-27 10:35:14,9253.37,Duplicate Transaction,Pending
REF009698,TXN005795,CUST01615,MER02975,2024-09-20 00:47:35,8569.41,Product Returned,Pending
REF009699,TXN002784,CUST08941,MER05939,2024-05-06 04:32:05,43394.06,Booking Cancelled,Completed
REF009700,TXN007039,CUST03346,MER00848,2024-08-09 13:39:35,2835.84,Customer Request,Completed
REF009701,TXN004745,CUST05722,MER06289,2025-01-01 12:29:17,207.88,Order Cancelled,Pending
REF009702,TXN009307,CUST03479,MER06471,2024-09-13 08:56:49,22635.76,Booking Cancelled,Completed
REF009703,TXN004821,CUST08842,MER04238,2024-08-15 23:31:55,518.74,Order Cancelled,Completed
REF009704,TXN003763,CUST05038,MER08513,2024-09-01 00:24:18,1224.61,Customer Request,Pending
REF009705,TXN005001,CUST00363,MER07809,2024-06-02 23:04:07,6566.1,Customer Request,Completed
REF009706,TXN008956,CUST05320,MER01334,2024-01-29 16:58:05,4074.74,Product Returned,Rejected
REF009707,TXN006177,CUST02870,MER06074,2024-04-15 04:35:09,688.8,Booking Cancelled,Completed
REF009708,TXN005149,CUST08062,MER02749,2024-01-29 01:57:32,573.24,Order Cancelled,Completed
REF009709,TXN006662,CUST00185,MER06345,2024-12-10 00:50:32,1766.98,Order Cancelled,Completed
REF009710,TXN004304,CUST08900,,2024-08-10 14:41:57,17911.51,Booking Cancelled,Completed
REF009711,TXN004539,CUST00214,MER00303,2024-10-28 03:30:26,,Order Cancelled,Completed
REF009712,TXN003518,CUST01320,MER06490,2024-01-23 20:28:13,2391.52,Customer Request,Completed
REF009713,TXN006417,CUST07849,MER01636,2024-11-11 04:18:52,14653.33,Duplicate Transaction,Completed
REF009714,TXN005155,CUST04472,,2024-11-06 14:23:10,344.52,Duplicate Transaction,Completed
REF009715,,CUST02605,MER07677,2024-02-25 22:33:25,1567.88,,Completed
REF009716,TXN007542,CUST00355,MER05825,2024-06-27 12:23:30,12252.6,Customer Request,Completed
REF009717,TXN005299,CUST00322,MER09588,2024-06-26 06:05:57,19583.15,Product Returned,Completed
REF009718,TXN008687,CUST08978,MER06484,2024-09-15 00:06:31,49951.9,Product Returned,Completed
REF009719,TXN009943,CUST05029,MER06563,2024-08-16 12:51:22,123.14,Customer Request,Completed
REF009720,TXN006214,CUST01341,MER07230,2024-05-24 12:16:28,118548.08,Product Returned,Completed
REF009721,TXN000620,CUST04210,MER06880,2024-05-10 16:51:39,15100.81,Order Cancelled,Completed
REF009722,UNKNOWN,CUST09060,MER09343,2024-05-23 14:08:40,2141.05,Duplicate Transaction,Completed
REF009723,TXN008513,CUST07502,MER03918,2024-10-24 20:37:56,9611.88,Product Returned,Completed
REF009724,TXN002801,CUST06025,MER05163,2024-07-23 13:46:22,18462.28,Customer Request,Completed
REF009725,TXN009613,CUST06907,MER02965,2024-04-04 10:22:22,13833.91,Order Cancelled,Rejected
REF009726,TXN000747,CUST07378,MER06863,2024-11-13 22:21:35,11534.65,Product Returned,Completed
REF009727,TXN003306,CUST09375,MER04964,2024-06-28 22:16:19,5875.1,Order Cancelled,Completed
REF009728,TXN004056,CUST08449,MER04709,2024-06-02 00:45:12,unknown,,Pending
REF009729,TXN002299,CUST06094,MER00538,2024-01-25 20:55:56,11130.97,Customer Request,
REF009730,TXN008645,CUST08879,MER07637,2024-04-21 10:40:14,17610.97,Product Returned,Completed
REF009731,TXN001746,CUST04079,MER07782,2024-04-19 20:23:50,16881.73,Order Cancelled,Pending
REF009732,TXN001091,CUST09631,MER07108,2024-03-11 13:50:36,unknown,Booking Cancelled,Completed
REF009733,TXN001325,CUST04399,MER02755,2024-03-03 23:56:46,45166.96,Order Cancelled,Completed
REF009734,TXN008438,CUST09585,MER01829,2024-05-18 17:01:22,63076.73,Booking Cancelled,Rejected
REF009735,TXN009362,CUST08709,MER08845,2024-12-17 15:21:21,unknown,Customer Request,Completed
REF009736,TXN008713,CUST06692,MER00164,2024-01-24 16:11:15,340.15,Order Cancelled,Completed
REF009737,TXN003063,CUST06356,MER01228,2024-02-04 19:57:42,13459.94,Customer Request,Completed
REF009738,TXN000011,CUST04403,MER07370,2024-11-05 14:36:21,228.4,Booking Cancelled,Rejected
REF009739,TXN002366,CUST09016,MER05656,2024-09-17 14:33:37,83212.49,Duplicate Transaction,Rejected
REF009740,TXN008606,CUST00585,MER03765,2024-04-16 01:41:17,11523.54,Booking Cancelled,Completed
REF009741,TXN009848,CUST00146,MER07202,2024-12-29 05:22:03,508.14,Order Cancelled,Pending
REF009742,,CUST05966,MER07014,2024-05-21 16:56:00,1097.85,Order Cancelled,Completed
REF009743,TXN003137,CUST08266,MER01311,2024-04-20 21:08:31,48789.84,Order Cancelled,Completed
REF009744,TXN005470,CUST08257,MER05673,2025-01-24 05:18:31,29744.52,Product Returned,
REF009745,TXN008929,CUST03907,MER07623,2025-01-22 20:46:08,45494.84,Product Returned,Completed
REF009746,TXN001658,CUST00951,MER05502,2024-05-15 22:57:04,9562.33,Booking Cancelled,Completed
REF009747,TXN009662,CUST04735,MER05644,2024-12-10 04:57:17,107.56,Customer Request,Completed
REF009748,TXN005964,CUST09985,MER01093,2024-05-06 11:29:58,1479.47,Product Returned,Pending
REF009749,,CUST07110,MER08062,2024-11-23 07:21:01,365.03,Order Cancelled,Completed
REF009750,TXN009763,CUST08259,MER09380,2024-05-09 08:23:59,,Customer Request,Completed
REF009751,TXN006615,CUST05815,,2024-05-01 07:50:24,172.41,Customer Request,Completed
REF009752,TXN008983,CUST06616,MER00129,2024-03-15 06:34:20,11305.57,Order Cancelled,Completed
REF009753,TXN000757,CUST01653,MER09502,2024-11-16 00:44:34,9440.35,Order Cancelled,Rejected
REF009754,TXN008050,CUST09304,MER06565,2024-05-31 03:17:54,,Duplicate Transaction,Rejected
REF009755,,UNKNOWN,MER05721,2025-01-09 20:54:35,1416.44,Duplicate Transaction,Completed
REF009756,TXN007579,UNKNOWN,MER04725,2025-01-13 07:59:01,5439.4,Booking Cancelled,Completed
REF009757,TXN002774,CUST06387,MER06071,2024-05-21 12:23:18,298.68,Customer Request,Completed
REF009758,TXN000248,CUST09422,MER08075,2024-12-30 12:15:50,1458.25,Booking Cancelled,
REF009759,TXN003325,CUST04223,MER07662,2025-01-10 12:21:30,19388.8,Booking Cancelled,Completed
REF009760,TXN006128,CUST00408,MER09782,2024-12-21 15:52:28,9430.77,Duplicate Transaction,Pending
REF009761,TXN001481,CUST02866,MER03460,2024-05-09 20:29:25,1550.28,Product Returned,Completed
,TXN008794,,MER09075,19/01/2025,15842.66,Customer Request,Pending
REF009763,TXN003480,CUST03579,MER07595,2025-01-16 21:05:15,1481.52,Duplicate Transaction,Completed
REF009764,TXN003314,CUST09092,MER08098,2024-04-03 22:29:56,47.47,Product Returned,Rejected
REF009765,TXN006087,CUST08865,,2024-10-03 22:14:43,9423.88,Product Returned,Completed
REF009766,TXN009681,CUST06238,MER02100,2024-04-15 09:49:35,38180.93,Product Returned,Pending
REF009767,TXN007499,CUST06105,MER09580,2024-02-09 23:29:37,12746.19,Product Returned,Pending
REF009768,TXN001096,CUST02889,MER02492,2024-04-11 18:11:43,20234.22,Duplicate Transaction,Completed
REF009769,TXN003097,CUST08086,MER07906,2024-06-03 19:41:23,2540.46,Product Returned,Completed
REF009770,TXN004187,CUST07929,MER07241,2024-09-24 19:31:48,654.4,Order Cancelled,Pending
REF009771,TXN000472,CUST01430,MER09797,2024-07-04 05:27:51,4359.07,Duplicate Transaction,Pending
REF009772,TXN002037,CUST08088,MER02949,2024-10-07 09:56:59,747.6,Order Cancelled,Pending
REF009773,TXN000087,CUST01112,MER03203,2024-09-13 19:32:45,6068.48,Order Cancelled,Pending
REF009774,TXN001047,CUST02192,MER06918,2024-05-23 01:19:32,9295.38,Product Returned,Pending
REF000526,TXN000832,,MER05489,2024-03-20 05:49:47,676.95,Booking Cancelled,Pending
REF009776,TXN009447,CUST06711,MER07058,03/10/2024,566.72,Duplicate Transaction,Rejected
REF009777,TXN009429,CUST07425,MER02952,,73846.73,Booking Cancelled,Rejected
REF009778,TXN009081,,MER07781,2024-02-27 17:29:58,194.0,Product Returned,Completed
REF009779,TXN008194,CUST09082,MER00749,2024-03-23 05:42:45,980.5,Order Cancelled,Completed
REF009780,TXN009525,CUST05593,MER00884,2024-07-16 15:24:30,1821.31,Duplicate Transaction,Pending
REF009781,TXN005860,CUST05960,MER08905,2024-06-20 22:43:28,4876.49,Order Cancelled,Pending
REF009782,TXN009574,CUST05702,MER00683,2024-06-01 19:43:11,17948.15,Duplicate Transaction,Completed
REF009783,TXN006703,CUST00171,MER05514,2024-09-19 08:39:12,1546.14,Product Returned,Pending
REF009784,TXN002655,CUST03810,MER05879,2024-08-30 03:54:13,43813.7,Order Cancelled,Completed
REF009785,TXN001559,CUST03794,MER06230,2024-01-18 10:39:01,4792.34,Customer Request,Completed
REF009786,TXN004881,CUST07221,MER03957,2024-08-16 17:09:47,76831.32,,Completed
REF009787,TXN002625,CUST08034,MER07522,2024-05-03 13:24:39,533.81,Duplicate Transaction,Completed
REF009788,TXN009430,CUST09397,MER08733,2024-04-09 16:42:04,1878.83,Customer Request,Pending
REF009789,TXN000561,CUST04081,MER00400,2024-10-26 06:13:49,61258.04,Booking Cancelled,
REF009790,TXN007741,CUST07915,MER08993,2024-03-30 14:29:08,,Duplicate Transaction,Completed
REF009791,TXN007189,CUST06636,MER07726,2024-04-25 07:30:41,4853.07,Order Cancelled,Completed
REF009792,,CUST01468,MER04661,2024-08-08 02:48:43,30158.55,Product Returned,Completed
REF009793,TXN000429,CUST09924,MER07087,2024-01-31 00:23:47,,Product Returned,Completed
REF009794,TXN001524,CUST06422,MER09127,2024-01-27 02:58:05,1944.24,Order Cancelled,Completed
REF009795,TXN003503,CUST06752,MER01657,2024-09-12 07:29:32,1413.6,Booking Cancelled,Completed
REF009796,TXN000397,CUST01806,MER07820,2024-06-03 10:40:08,2825.38,Duplicate Transaction,Rejected
REF009797,TXN009432,CUST00332,MER06434,2024-03-23 02:24:33,8969.72,Duplicate Transaction,Pending
REF009798,TXN005484,CUST09467,MER00842,2024-05-20 10:38:59,358.82,Duplicate Transaction,Completed
REF009799,TXN009740,CUST09458,MER07483,2024-04-10 05:24:04,2973.68,Order Cancelled,Completed
REF009800,TXN004853,CUST06786,MER04871,2024-01-10 11:14:18,19054.74,Duplicate Transaction,Completed
REF009801,TXN006193,CUST02279,MER05713,2024-12-18 14:18:02,3210.97,Customer Request,Completed
REF009802,TXN007072,CUST05480,MER04611,2024-05-02 12:10:35,13381.5,Booking Cancelled,Pending
REF009803,TXN002005,,MER03177,2024-09-04 02:18:51,22344.78,Product Returned,Completed
REF009804,TXN004940,CUST04140,MER02017,2024-12-09 12:45:32,11669.33,Customer Request,Completed
REF009805,TXN006141,CUST03719,MER06002,2024-10-28 22:53:48,2410.94,Booking Cancelled,Pending
REF009806,TXN000230,CUST09954,MER07850,2024-03-01 02:40:56,63907.61,Duplicate Transaction,Pending
REF009807,TXN005828,CUST09711,MER09702,2024-07-18 10:11:22,11791.28,Customer Request,Completed
REF009808,TXN008471,CUST01218,MER06206,2024-12-13 16:07:58,13012.07,Booking Cancelled,Completed
REF009809,TXN009478,CUST02637,MER08458,2024-06-26 08:56:45,1672.33,Product Returned,Pending
REF009810,TXN005558,,MER04095,2024-05-10 18:31:14,unknown,Booking Cancelled,Completed
REF009811,TXN004444,CUST08208,MER00550,2024-03-31 05:25:23,7341.71,Product Returned,Rejected
REF009812,TXN003954,CUST07187,MER01786,2024-05-01 14:22:43,14636.5,Booking Cancelled,Rejected
REF009813,TXN003549,CUST09583,,2025-01-05 08:43:26,26570.46,Product Returned,Completed
REF009814,TXN008733,CUST03064,MER01442,2024-12-17 12:24:09,3306.83,Order Cancelled,Pending
REF009815,TXN006620,CUST01316,MER09504,2024-02-11 03:52:58,23634.4,Customer Request,Pending
REF009816,TXN008218,CUST05375,MER01311,2024-10-14 20:12:16,1825.62,Order Cancelled,Completed
REF009817,TXN009131,CUST07377,MER05251,2024-07-21 16:18:29,5658.9,Duplicate Transaction,Pending
REF009818,TXN004554,CUST08105,MER01426,2024-08-26 10:56:54,378.44,Customer Request,Completed
REF009819,TXN009974,CUST06694,MER08194,2024-11-02 09:33:08,unknown,Product Returned,Completed
REF009820,TXN006086,CUST08120,MER02908,2024-09-02 21:02:33,19980.98,Booking Cancelled,Pending
REF009821,TXN002093,CUST01878,MER05235,2024-05-12 13:11:12,13102.11,Booking Cancelled,Completed
REF009822,TXN003830,CUST02674,MER07411,2024-10-11 21:19:46,1476.78,Product Returned,Pending
REF009823,TXN002165,CUST05482,MER05323,2024-10-18 03:05:12,18792.69,Booking Cancelled,Completed
REF009824,TXN005335,CUST01980,MER06468,2024-08-15 22:54:34,10210.82,Duplicate Transaction,Completed
REF009825,TXN002323,CUST09843,MER08166,2025-01-06 14:20:35,83.67,Duplicate Transaction,Completed
,TXN003922,CUST01525,MER09256,2024-07-11 18:54:10,38061.2,Duplicate Transaction,Completed
REF009827,TXN005303,CUST01749,MER08829,2024-05-30 02:17:22,39059.37,Order Cancelled,Completed
REF009828,TXN005462,CUST04182,MER07022,2024-12-16 21:45:07,unknown,Booking Cancelled,Rejected
REF009829,TXN007014,CUST05592,MER05700,2024-02-12 20:34:45,2160.94,Product Returned,Completed
REF009830,TXN007379,CUST00351,MER03887,2024-12-04 04:19:01,,Customer Request,Pending
REF009831,TXN000978,CUST07999,MER06067,2024-04-14 11:14:43,552.72,Duplicate Transaction,Completed
REF009832,TXN006367,CUST07433,MER06504,2024-04-11 18:34:00,17265.4,Product Returned,Completed
REF009833,TXN001203,CUST07947,,2024-11-12 05:55:37,87470.15,Duplicate Transaction,Pending
REF009834,TXN001447,CUST00713,MER04426,2024-05-26 14:27:00,384.92,Customer Request,Completed
REF009835,TXN005387,CUST02291,MER03289,2024-06-11 14:14:56,14344.62,Product Returned,Pending
REF009836,TXN004613,CUST02093,UNKNOWN,2024-09-07 01:16:03,1709.8,Duplicate Transaction,Completed
REF009837,TXN003180,CUST09609,MER05651,2024-07-27 12:06:21,3495.36,Customer Request,Completed
REF009838,TXN002646,CUST08034,MER09248,2024-03-24 22:35:44,136.93,Duplicate Transaction,Completed
REF009839,TXN001741,CUST01202,MER00437,2024-03-27 21:23:23,2225.32,Customer Request,Completed
REF009840,TXN002655,CUST03810,MER05879,2024-09-14 03:54:13,43813.7,Product Returned,Completed
REF009841,TXN006129,CUST02941,MER09723,2024-08-07 13:39:28,472.58,Booking Cancelled,Rejected
REF009842,TXN009753,CUST06109,MER02758,2024-04-02 15:04:59,46076.22,Booking Cancelled,Completed
REF009843,TXN000668,CUST08445,MER05172,2024-10-09 23:00:42,105523.32,Booking Cancelled,Completed
REF009844,TXN001353,CUST01381,MER03746,2024-09-26 01:17:01,402.31,Product Returned,Completed
REF009845,TXN002586,CUST09099,MER09883,2024-03-06 09:51:50,86932.23,Duplicate Transaction,Completed
REF009846,TXN002094,CUST08597,MER06562,2024-05-02 11:10:51,1818.2,Duplicate Transaction,Completed
REF009847,TXN009658,CUST08078,MER04198,2024-04-07 21:52:40,1253.48,Duplicate Transaction,Pending
REF009848,TXN002769,CUST04787,MER09988,2024-02-08 07:19:04,234.2,Duplicate Transaction,Pending
REF009849,TXN008709,CUST03318,MER00338,2024-04-29 08:21:18,80.69,Booking Cancelled,Pending
REF009850,TXN001136,CUST07632,MER00953,2024-07-15 19:25:11,6633.62,Duplicate Transaction,Completed
REF009851,TXN002365,CUST01246,MER01677,2024-10-13 08:49:07,50100.86,Duplicate Transaction,Completed
REF009852,TXN002563,CUST02782,MER09227,2024-10-13 21:25:01,248.28,Booking Cancelled,Pending
REF009853,TXN000641,CUST08426,MER02536,2024-10-26 04:27:52,35335.25,Product Returned,Completed
REF009854,TXN004002,CUST06572,MER04791,2024-07-01 01:02:28,35498.44,Duplicate Transaction,Completed
REF009855,TXN007491,CUST00166,MER03532,2024-02-10 07:26:13,,Duplicate Transaction,Completed
REF009856,TXN008120,CUST01662,MER06413,2024-03-04 21:08:29,216.46,Customer Request,Rejected
REF009857,TXN003769,CUST00465,MER09429,2024-04-23 01:59:36,18389.24,Booking Cancelled,Pending
REF009858,TXN009642,CUST01986,MER07823,2024-11-22 07:40:35,7098.12,Duplicate Transaction,Completed
REF009859,TXN008210,CUST05026,MER00361,2024-03-12 11:31:39,455.17,Duplicate Transaction,Pending
REF009860,TXN003455,CUST04713,MER02128,2024-05-09 22:20:04,1483.97,Customer Request,Rejected
REF009861,TXN007360,CUST05953,MER02738,2024-12-25 14:46:18,728.74,Duplicate Transaction,Completed
REF009862,TXN002047,CUST01450,MER07196,2024-12-01 15:06:51,unknown,Customer Request,Completed
REF009863,,CUST08115,MER06198,29/09/2024,394.49,Booking Cancelled,Completed
REF009864,TXN006741,CUST03470,MER00831,2024-11-28 12:56:55,1568.83,Duplicate Transaction,Completed
REF009865,TXN005120,CUST04652,MER00910,2024-07-22 20:43:55,18935.38,Booking Cancelled,Pending
REF009866,TXN005705,CUST05944,MER07118,2024-12-27 12:13:38,527.87,Customer Request,Completed
REF009867,TXN006927,CUST09899,MER02435,2024-04-27 01:26:15,4623.44,Duplicate Transaction,Rejected
REF009868,TXN002197,CUST02584,MER00038,2024-12-08 04:08:13,,Duplicate Transaction,Completed
REF009869,TXN003651,CUST09762,MER07882,2024-02-23 10:13:51,1981.62,Booking Cancelled,Completed
REF009870,TXN009041,CUST09271,MER03567,2024-11-22 02:21:10,1892.94,Duplicate Transaction,Completed
REF009871,TXN003840,CUST03284,MER01505,2024-07-14 18:57:17,1160.2,Product Returned,Completed
REF009872,TXN002329,CUST08498,MER01772,2024-07-11 13:19:07,1318.16,Customer Request,Rejected
REF009873,TXN003805,CUST00541,MER09778,,5987.81,Order Cancelled,Completed
REF001936,TXN004353,CUST03447,MER02333,2024-07-24 16:25:49,93599.06,Customer Request,Pending
REF009875,TXN003002,CUST02019,MER03801,2024-09-25 00:57:23,15788.3,Order Cancelled,Pending
REF009876,TXN002562,CUST09917,MER00974,2024-09-19 04:48:57,1573.07,Product Returned,Completed
REF009877,TXN001622,CUST03972,MER07234,2024-03-14 06:44:04,4906.02,Customer Request,Completed
REF009878,TXN009687,CUST03841,MER03164,2024-03-22 08:30:58,19762.1,Product Returned,Completed
REF009879,TXN001856,CUST02960,MER06807,2024-07-04 06:43:03,82211.53,Duplicate Transaction,Completed
REF009880,TXN001018,CUST02538,MER03761,2024-10-24 20:17:02,1590.32,Product Returned,Completed
REF009881,TXN005589,CUST08995,MER00806,2024-11-01 19:38:25,497.51,Customer Request,Completed
,TXN009511,CUST05863,MER05226,2024-05-15 13:19:17,36832.26,Order Cancelled,Completed
REF009883,TXN009610,CUST08606,MER09178,2024-01-12 02:26:01,446.93,Customer Request,Completed
REF009884,TXN003732,CUST08080,MER08969,2024-05-25 10:51:24,1192.84,Product Returned,Completed
REF009885,TXN008874,CUST08518,MER09000,2024-06-28 02:27:58,unknown,Duplicate Transaction,Rejected
REF009886,TXN004364,CUST01342,MER06857,2024-03-10 01:46:44,277.16,Duplicate Transaction,Completed
REF009887,TXN005421,CUST09750,MER04179,2024-12-01 17:52:39,8801.58,Duplicate Transaction,Completed
REF009888,TXN004261,CUST00166,MER00077,2024-09-25 00:28:26,7393.06,Order Cancelled,Completed
REF009889,TXN009193,CUST08510,MER03827,2024-05-10 12:26:28,17615.52,Product Returned,Completed
REF009890,TXN008325,CUST05922,MER03340,2024-04-19 01:27:34,259.87,Customer Request,Rejected
REF009891,TXN005579,,MER09153,2024-09-19 09:48:40,65692.75,Duplicate Transaction,Pending
REF009892,TXN007267,CUST08092,MER07532,2024-09-14 09:22:57,56355.42,Duplicate Transaction,Completed
REF009893,TXN003707,CUST02363,MER06278,2024-01-18 22:07:15,14513.23,Customer Request,Pending
REF009894,TXN004690,CUST00687,,2024-02-21 21:13:40,49655.12,Order Cancelled,Completed
REF009895,TXN009746,CUST06268,MER00728,2024-04-10 06:59:59,2019.46,Customer Request,Pending
REF009896,TXN007619,CUST01760,MER03850,2024-04-09 05:25:41,3051.84,Customer Request,Completed
REF009897,TXN006074,CUST05986,MER03203,2024-01-29 07:38:18,1982.58,Booking Cancelled,Completed
REF009898,TXN001078,CUST07482,MER02248,2024-07-17 15:05:16,324.43,Duplicate Transaction,Pending
REF009899,TXN000466,CUST08732,MER09771,2024-08-14 05:04:30,1638.01,Booking Cancelled,Completed
REF009900,TXN005928,CUST07818,MER03348,2024-11-26 12:08:37,358.54,,Pending
REF004540,TXN007450,CUST01768,MER00612,2024-05-24 19:01:23,,Booking Cancelled,Completed
REF001312,TXN006475,CUST03839,MER03516,2024-09-10 21:39:00,5336.5,Customer Request,Completed
REF009903,TXN004218,CUST09645,MER04435,2024-08-19 21:04:37,33933.72,Order Cancelled,Completed
REF009904,TXN000917,,MER08066,2024-09-25 06:11:45,110.72,Product Returned,Completed
REF009905,TXN001728,CUST02596,MER09811,2024-10-24 11:02:55,48819.1,Product Returned,Completed
REF009906,TXN006332,CUST07357,MER04941,2024-09-19 01:58:04,8892.37,Duplicate Transaction,Completed
REF009907,TXN009684,CUST08762,MER09904,2024-11-04 19:41:38,248.97,Order Cancelled,Completed
REF009908,TXN004309,CUST01684,MER06252,2024-02-18 17:25:05,4436.83,Order Cancelled,Pending
REF009909,TXN008844,CUST06832,MER08057,2024-08-28 13:58:21,212.7,Order Cancelled,Pending
REF009910,TXN007297,CUST06017,MER00010,2024-07-29 20:51:04,309.08,Order Cancelled,Completed
REF009911,TXN004684,CUST02103,MER06045,2024-04-29 21:44:50,110.11,Booking Cancelled,Rejected
REF009912,TXN009894,CUST03323,MER01525,2024-06-05 04:07:37,29854.08,Product Returned,Rejected
REF009913,TXN006483,CUST09433,MER05709,2024-09-15 16:10:52,89015.12,Duplicate Transaction,Completed
REF009914,TXN000393,CUST05827,MER01960,2024-04-07 07:30:22,1246.74,Order Cancelled,Completed
REF009915,TXN003155,CUST01655,MER01358,2024-05-27 06:11:08,5836.38,Duplicate Transaction,Completed
REF009916,TXN004205,CUST04740,MER07646,2024-02-08 21:39:01,6395.74,Booking Cancelled,Completed
REF009917,TXN005720,CUST04169,MER04222,2024-12-30 05:41:08,6604.18,Product Returned,Completed
REF009918,TXN008697,CUST02253,MER05776,2024-03-15 04:46:15,12378.24,Customer Request,Rejected
REF009919,TXN001986,CUST04965,MER08376,2024-10-04 15:22:14,81547.84,Booking Cancelled,Pending
REF009920,TXN003492,CUST01035,,2024-04-22 15:00:57,67767.81,Duplicate Transaction,Completed
REF009921,TXN003251,CUST07190,MER01032,2024-08-02 12:59:24,7013.76,Booking Cancelled,Completed
REF009922,TXN008688,CUST09751,MER03714,2024-11-20 11:02:56,2003.63,Order Cancelled,
REF009923,TXN008962,CUST01036,MER08956,2024-04-03 02:06:54,1616.7,Booking Cancelled,Completed
REF009924,TXN008629,CUST07236,MER04069,2024-04-01 10:49:25,60740.84,Order Cancelled,Pending
REF009925,TXN004488,CUST08494,MER06558,2024-12-09 09:09:00,609.21,Order Cancelled,Completed
REF009926,TXN006223,CUST01501,MER00836,2024-06-22 03:25:44,3087.57,Customer Request,Pending
REF009927,TXN004632,CUST02628,MER08910,2024-07-10 12:44:37,310.12,Duplicate Transaction,Pending
REF009928,TXN007990,CUST07198,MER07813,2024-04-20 13:56:14,5890.64,Order Cancelled,Completed
REF009929,TXN001591,CUST08765,MER07874,2024-08-31 01:49:56,73157.63,Duplicate Transaction,Pending
REF009930,TXN005054,CUST01432,MER09341,2024-11-26 16:52:59,11894.12,Product Returned,Completed
REF009931,TXN006750,CUST00905,MER01705,2024-12-26 12:14:00,16224.55,Booking Cancelled,Pending
REF009932,TXN008331,CUST04596,MER06609,2024-07-09 06:49:03,17129.9,Booking Cancelled,Completed
REF009933,TXN008527,CUST05227,MER09518,2024-04-23 04:14:32,1849.86,Booking Cancelled,Completed
REF009934,TXN003908,CUST04535,MER03757,2024-12-08 21:27:07,136.39,Customer Request,Pending
REF009935,TXN006401,CUST04874,MER01263,2024-11-15 02:40:51,12668.18,Booking Cancelled,Pending
REF009936,TXN006767,CUST00008,MER04185,2024-02-22 09:44:56,1976.5,Duplicate Transaction,Completed
REF009937,TXN008230,CUST00153,MER09870,29/03/2024,26944.64,Order Cancelled,Completed
REF009938,TXN000175,CUST08193,MER01790,2024-11-24 14:36:31,74625.07,Duplicate Transaction,Completed
REF009939,TXN002716,CUST02714,MER07156,2024-10-31 19:00:30,77073.62,Product Returned,Completed
REF009940,TXN002979,CUST09637,MER04687,2024-04-22 23:38:43,701.89,Order Cancelled,Completed
REF009941,TXN009373,CUST02951,MER09794,2024-03-23 06:11:44,1548.61,Booking Cancelled,Completed
REF009942,TXN002202,CUST02535,MER04591,2024-06-09 13:26:17,1753.91,Order Cancelled,Completed
REF009943,TXN001160,CUST03301,,2024-08-25 09:57:05,63467.9,Duplicate Transaction,Pending
REF009944,TXN005016,CUST03807,MER07516,2024-12-25 15:17:23,17527.31,Order Cancelled,Completed
REF009945,TXN000400,CUST04395,MER06960,2024-01-31 21:29:56,16599.92,Customer Request,Completed
REF009946,TXN001012,CUST02633,MER05037,2024-06-01 21:33:29,72639.4,Order Cancelled,Completed
REF009947,TXN003582,CUST09745,MER09988,2024-12-03 00:34:29,755.92,Duplicate Transaction,Completed
REF009948,,CUST08759,MER09737,2024-01-14 06:58:45,116330.02,Order Cancelled,Completed
REF009949,TXN002745,CUST01859,MER06953,2024-09-25 12:35:57,22004.89,Order Cancelled,Completed
REF009950,TXN003676,CUST04817,MER00432,2024-08-21 06:21:45,1070.09,Product Returned,Completed
REF009951,TXN003167,CUST03154,MER09229,2024-05-27 23:21:07,230.39,Booking Cancelled,Completed
REF009952,TXN005572,CUST04949,MER08339,2024-08-26 18:05:22,4323.86,Booking Cancelled,Completed
REF009953,TXN005752,CUST05077,MER00596,2024-03-28 15:41:22,41648.46,Duplicate Transaction,Pending
REF009954,TXN005656,CUST03140,MER04061,2024-04-02 13:46:56,31667.82,Booking Cancelled,Rejected
REF005775,TXN004387,CUST05201,MER05959,2024-07-12 00:49:26,46307.76,Duplicate Transaction,Completed
REF009956,TXN003907,CUST03033,MER08245,23/09/2024,814.52,Duplicate Transaction,Pending
REF009957,TXN009177,CUST06517,MER05304,2024-11-18 23:41:40,622.11,Duplicate Transaction,Completed
REF009958,TXN008262,CUST05112,MER03744,2024-09-16 16:35:21,44749.16,Customer Request,
REF009959,TXN000712,CUST08725,MER00771,2024-06-20 10:30:51,30409.23,Booking Cancelled,Rejected
REF009960,TXN005641,CUST02694,MER08856,2024-03-07 00:28:32,1648.8,Customer Request,Completed
REF009961,TXN007370,CUST03919,MER03499,2024-12-30 08:27:18,263.2,,Rejected
REF009962,TXN007195,CUST07371,MER07501,2024-09-22 20:10:36,475.86,Product Returned,Completed
REF009963,TXN006725,CUST09928,MER03600,2024-10-29 01:39:10,3461.49,Product Returned,Completed
REF009964,TXN002203,CUST05641,MER01226,2025-01-02 06:26:06,13888.18,Customer Request,Completed
REF009965,TXN009729,CUST03475,MER09288,2024-10-30 08:12:36,1349.74,Booking Cancelled,Completed
REF009966,TXN000261,CUST05433,MER08263,2024-10-27 04:57:23,21462.48,Order Cancelled,Completed
REF009967,TXN003142,CUST07599,MER09006,2024-05-03 21:49:32,78522.95,Order Cancelled,Completed
REF009968,TXN008966,CUST06552,MER09348,2024-09-12 22:19:23,4403.6,Customer Request,Completed
REF009969,TXN002274,CUST00648,MER09049,2024-11-28 22:56:06,10347.61,Order Cancelled,Completed
REF009970,TXN005651,CUST02548,MER00285,2024-04-06 15:18:18,4315.28,Customer Request,Completed
REF009971,TXN001998,CUST00807,MER03443,2024-02-19 15:44:34,3387.9,Booking Cancelled,Completed
REF009972,TXN009937,CUST01123,MER08903,2024-07-23 14:00:51,45669.5,Booking Cancelled,Completed
REF009973,,CUST02305,UNKNOWN,2024-04-13 21:48:54,21149.44,Booking Cancelled,Pending
REF009974,TXN007960,CUST06535,MER09664,2024-05-23 09:04:03,241.4,Product Returned,Pending
REF009975,TXN006130,CUST07763,MER08536,2024-10-31 05:33:21,12237.63,Product Returned,Completed
REF009976,TXN006152,CUST00170,MER04940,2024-12-23 12:40:07,64222.56,Order Cancelled,Completed
REF009977,TXN006223,,MER00836,2024-06-06 03:25:44,12350.28,,Rejected
REF009978,TXN009532,CUST06413,MER02863,2024-08-06 10:21:46,501.1,Duplicate Transaction,Completed
REF009979,TXN004906,CUST06935,MER05588,2024-03-16 01:18:08,9102.38,Duplicate Transaction,Completed
REF009980,TXN003316,CUST09664,MER05694,2024-01-28 16:27:52,1438.66,Duplicate Transaction,Completed
REF009981,TXN000541,CUST08716,MER08254,2024-10-03 05:53:52,12851.92,Booking Cancelled,Completed
REF009982,TXN003570,CUST09096,MER03840,2024-06-10 08:26:25,490.12,Product Returned,Completed
REF009983,TXN006830,CUST07629,MER03554,2024-10-30 21:03:45,439.27,Order Cancelled,Completed
REF009984,TXN007974,CUST08643,MER00454,2024-06-18 21:55:55,27159.86,Order Cancelled,Pending
REF009985,TXN001481,CUST02866,MER03460,2024-04-20 20:29:25,645.95,Booking Cancelled,Rejected
REF009986,TXN001708,CUST03965,MER02136,2024-09-13 03:41:28,602.79,Duplicate Transaction,Completed
REF009987,TXN003921,CUST04868,MER01970,2024-07-03 23:57:18,294.68,Duplicate Transaction,Completed
REF009988,TXN006827,CUST04425,MER01663,2024-08-31 00:05:48,3081.51,Duplicate Transaction,Completed
REF009989,TXN004593,CUST05784,MER06209,2024-04-28 22:33:00,1351.7,Duplicate Transaction,Completed
REF009990,TXN006809,CUST09245,MER05280,2024-10-20 10:23:19,590.72,Customer Request,Completed
REF009991,TXN002775,CUST08316,MER09323,2024-06-20 02:24:45,66539.69,,Completed
REF009992,TXN007824,CUST09959,MER01937,,12322.69,Product Returned,Completed
REF009993,TXN002996,CUST04240,MER00900,2024-06-18 10:28:42,670.0,Customer Request,Completed
REF009994,TXN009373,CUST02951,MER09794,2024-04-02 06:11:44,,Order Cancelled,Pending
REF009995,TXN001919,,,2024-11-13 19:02:07,2252.68,Order Cancelled,Completed
REF009996,TXN006620,CUST01316,MER09504,2024-02-17 03:52:58,94537.58,Customer Request,Completed
REF009997,TXN008746,CUST05842,MER08669,2024-06-03 21:34:09,5379.04,Product Returned,Completed
REF009998,,CUST07414,MER09479,07/03/2024,577.35,Customer Request,Completed
REF009999,TXN003266,CUST03821,MER09964,2024-01-20 15:31:26,19827.6,Duplicate Transaction,Pending
REF010000,TXN007939,CUST07295,MER04839,2024-01-13 08:19:41,12475.26,Product Returned,Rejected
